key,source,target,proximity,observedTradeValues,coMembershipScore,bridgeNessEdgeScore,ambiguityScore,sourceCommunityId,maxObservedTradeValue,sourceCited,sourceReporting,sourceLabel,sourceGphStatus,sourceCommunity,sourceMeanAmbiguityScore,targetCited,targetReporting,targetLabel,targetGphStatus,targetCommunity,targetMeanAmbiguityScore
66<-220,220,66,2.2605849750550338,0.0006537810526171556,1,0,0,0,0.0006537810526171556,1,1,France,Sovereign,0,0.09146341463414634,1,1,Martinique,Colony of,0,0
65<-220,220,65,2.2605849750550338,0.000525711644443068,1,0,0,0,0.000525711644443068,1,1,France,Sovereign,0,0.09146341463414634,1,1,Guadeloupe,Colony of,0,0
120<-220,220,120,2.2605849750550338,0.00027041598843641695,1,0,0,0,0.00027041598843641695,1,1,France,Sovereign,0,0.09146341463414634,1,1,French Guiana,Colony of,0,0
585<-220,220,585,2.2605849750550338,0.0004132450440382923,1,0,0,0,0.0004132450440382923,1,1,France,Sovereign,0,0.09146341463414634,1,1,Reunion (Bourbon I.),Colony of,0,0
1029<-220,220,1029,2.2605849750550338,0.00014713738305067417,1,0,0,0,0.00014713738305067417,1,1,France,Sovereign,0,0.09146341463414634,1,1,St. Pierre and Miquelon,Colony of,0,0.1875
751<-220,220,751,2.2605849750550338,0.00006426464020153895,0,1,0,bridge,0.00006426464020153895,1,1,France,Sovereign,0,0.09146341463414634,1,1,French India,Colony of,1,0
160<-220,220,160,1.122623218936418,0.003444401647983498,0,1,0,bridge,0.003444401647983498,1,1,France,Sovereign,0,0.09146341463414634,1,1,Argentina (La Plata),Sovereign,2,0
160<-200,200,160,0.188222729464841,0.003015677607929853,0,1,0,bridge,0.003015677607929853,1,1,United Kingdom,Sovereign,3,0.016788321167883213,1,1,Argentina (La Plata),Sovereign,2,0
160<-140,140,160,1.2654559665278828,0.000877110948639541,1,0,0,2,0.000877110948639541,1,1,Brazil,Sovereign,2,0,1,1,Argentina (La Plata),Sovereign,2,0
160<-2,2,160,0,0.0006199316541452948,0,1,0,bridge,0.0006199316541452948,1,1,United States of America,Sovereign,4,0.11555555555555556,1,1,Argentina (La Plata),Sovereign,2,0
160<-325,325,160,0.7581215948751483,0.0005993959012623137,0,1,0,bridge,0.0005993959012623137,1,1,Italy,Sovereign,5,0,1,1,Argentina (La Plata),Sovereign,2,0
160<-150,150,160,4.497051719180053,0.0004201330203911902,1,0,0,2,0.0004201330203911902,1,,Paraguay,Sovereign,2,0,1,1,Argentina (La Plata),Sovereign,2,0
160<-230,230,160,1.1741190365536125,0.0005575433937088556,0,1,0,bridge,0.0005575433937088556,1,1,Spain,Sovereign,0,0.02830188679245283,1,1,Argentina (La Plata),Sovereign,2,0
160<-255,255,160,0.003326218961914374,0.000436350292802135,0,1,0,bridge,0.000436350292802135,1,,Germany (Zollverein),Sovereign (limited),6,0.005454545454545455,1,1,Argentina (La Plata),Sovereign,2,0
160<-210,210,160,0,0.00027284527152578224,0,1,0,bridge,0.00027284527152578224,1,1,Netherlands,Sovereign,6,0.006428571428571429,1,1,Argentina (La Plata),Sovereign,2,0
160<-211,211,160,0,0.0002811147022169156,1,0,0,2,0.0002811147022169156,1,1,Belgium,Sovereign,2,0,1,1,Argentina (La Plata),Sovereign,2,0
160<-155,155,160,1.1645927194973802,0.0002234124525054519,1,0,0,2,0.0002234124525054519,1,1,Chile,Sovereign,2,0,1,1,Argentina (La Plata),Sovereign,2,0
20<-200,200,20,0.7132590305558875,0.006141652120445676,0,1,0,bridge,0.006141652120445676,1,1,United Kingdom,Sovereign,3,0.016788321167883213,1,1,Canada (Province of Canada),Colony of,4,0.16
20<-2,2,20,1.8245747529045686,0.006073358356815099,1,0,0,4,0.006073358356815099,1,1,United States of America,Sovereign,4,0.11555555555555556,1,1,Canada (Province of Canada),Colony of,4,0.16
20<-220,220,20,0,0.00031836176226175103,0,1,0,bridge,0.00031836176226175103,1,1,France,Sovereign,0,0.09146341463414634,1,1,Canada (Province of Canada),Colony of,4,0.16
20<-255,255,20,0,0.00011854264126638548,0,1,0,bridge,0.00011854264126638548,1,,Germany (Zollverein),Sovereign (limited),6,0.005454545454545455,1,1,Canada (Province of Canada),Colony of,4,0.16
2<-160,160,2,0.10149004130882074,0.001231594581005732,0,1,0,bridge,0.001231594581005732,1,1,Argentina (La Plata),Sovereign,2,0,1,1,United States of America,Sovereign,4,0.11555555555555556
2<-300,300,2,0,0.00023273259475721327,0,1,0,bridge,0.00023273259475721327,1,,Austria-Hungary (Austrian Empire),Sovereign,5,0,1,1,United States of America,Sovereign,4,0.11555555555555556
2<-211,211,2,0,0.0007132320201097,0,1,0,bridge,0.0007132320201097,1,1,Belgium,Sovereign,2,0,1,1,United States of America,Sovereign,4,0.11555555555555556
2<-140,140,2,0.9801203278217334,0.005942715566900159,0,1,0,bridge,0.005942715566900159,1,1,Brazil,Sovereign,2,0,1,1,United States of America,Sovereign,4,0.11555555555555556
2<-155,155,2,0,0.00028314743869150904,0,1,0,bridge,0.00028314743869150904,1,1,Chile,Sovereign,2,0,1,1,United States of America,Sovereign,4,0.11555555555555556
2<-40,40,2,1.785609729149276,0.013883588779296222,1,0,0,4,0.013883588779296222,1,,Cuba,Colony of,4,0.096,1,1,United States of America,Sovereign,4,0.11555555555555556
2<-20,20,2,1.6937113963173072,0.0072405285320904286,1,0,0,4,0.0072405285320904286,1,1,Canada (Province of Canada),Colony of,4,0.16,1,1,United States of America,Sovereign,4,0.11555555555555556
2<-850,850,2,0,0.00046449312269903427,0,1,0,bridge,0.00046449312269903427,1,,Indonesia (Dutch East Indies),Colony of,6,0,1,1,United States of America,Sovereign,4,0.11555555555555556
2<-200,200,2,0.49945956360748844,0.037102524151949354,0,1,0,bridge,0.037102524151949354,1,1,United Kingdom,Sovereign,3,0.016788321167883213,1,1,United States of America,Sovereign,4,0.11555555555555556
2<-220,220,2,0,0.008501308494870298,0,1,0,bridge,0.008501308494870298,1,1,France,Sovereign,0,0.09146341463414634,1,1,United States of America,Sovereign,4,0.11555555555555556
2<-231,231,2,0,0.000008483101862326003,0,1,0,bridge,0.000008483101862326003,1,,Gibraltar,Colony of,0,0.10714285714285714,1,1,United States of America,Sovereign,4,0.11555555555555556
2<-350,350,2,0,0.00003302188498688631,0,1,0,bridge,0.00003302188498688631,1,1,Greece,Sovereign,5,0,1,1,United States of America,Sovereign,4,0.11555555555555556
2<-210,210,2,0,0.0006419989638777574,0,1,0,bridge,0.0006419989638777574,1,1,Netherlands,Sovereign,6,0.006428571428571429,1,1,United States of America,Sovereign,4,0.11555555555555556
2<-325,325,2,0,0.0014813255829281072,0,1,0,bridge,0.0014813255829281072,1,1,Italy,Sovereign,5,0,1,1,United States of America,Sovereign,4,0.11555555555555556
2<-740,740,2,0.9074560288075241,0.0007741509107063226,0,1,0,bridge,0.0007741509107063226,1,,Japan,Sovereign,1,0,1,1,United States of America,Sovereign,4,0.11555555555555556
2<-450,450,2,2.330475863632227,0.00002223945747215155,0.6,0.4,0.96,4,0.00002223945747215155,1,,Liberia,Sovereign (unrecognized),4,0.48,1,1,United States of America,Sovereign,4,0.11555555555555556
2<-70,70,2,1.9157013317063016,0.0017251516665809808,0.8,0.19999999999999996,0.6399999999999999,4,0.0017251516665809808,1,,Mexico,Sovereign,4,0.16,1,1,United States of America,Sovereign,4,0.11555555555555556
2<-135,135,2,0,0.0003306959378764176,0,1,0,bridge,0.0003306959378764176,1,,Peru,Sovereign,2,0,1,1,United States of America,Sovereign,4,0.11555555555555556
2<-6,6,2,1.8836919588858057,0.0017671101255813733,1,0,0,4,0.0017671101255813733,1,,Puerto Rico,Colony of,4,0.192,1,1,United States of America,Sovereign,4,0.11555555555555556
2<-235,235,2,0,0.00005248683715110485,0,1,0,bridge,0.00005248683715110485,1,1,Portugal,Sovereign,8,0,1,1,United States of America,Sovereign,4,0.11555555555555556
2<-4,4,2,2.3344197014834,0.0003096503931431711,1,0,0,4,0.0003096503931431711,1,,Hawaii (Sandwich Is.),Sovereign (limited),4,0,1,1,United States of America,Sovereign,4,0.11555555555555556
2<-230,230,2,0,0.000848832120512865,0,1,0,bridge,0.000848832120512865,1,1,Spain,Sovereign,0,0.02830188679245283,1,1,United States of America,Sovereign,4,0.11555555555555556
2<-640,640,2,0,0.0002125019163408698,0,1,0,bridge,0.0002125019163408698,1,,Turkey (Ottoman Empire),Sovereign,5,0,1,1,United States of America,Sovereign,4,0.11555555555555556
2<-100,100,2,1.4490563427846108,0.0012623047360520133,1,0,0,4,0.0012623047360520133,1,,Colombia (New Granada) (Gran Colombia),Sovereign,4,0,1,1,United States of America,Sovereign,4,0.11555555555555556
2<-165,165,2,0,0.00035128180831438537,0,1,0,bridge,0.00035128180831438537,1,1,Uruguay,Sovereign,2,0,1,1,United States of America,Sovereign,4,0.11555555555555556
2<-101,101,2,0.961888943033421,0.0005800817666253271,0,1,0,bridge,0.0005800817666253271,1,,Venezuela,Sovereign,6,0,1,1,United States of America,Sovereign,4,0.11555555555555556
41<-2,2,41,2.122803522334523,0.00015996368352415652,0.4,0.6,0.96,bridge,0.00015996368352415652,1,1,United States of America,Sovereign,4,0.11555555555555556,1,1,Haiti,Sovereign,7,0.22153846153846152
41<-255,255,41,0.7453510089625924,0.000021579722566455048,0,1,0,bridge,0.000021579722566455048,1,,Germany (Zollverein),Sovereign (limited),6,0.005454545454545455,1,1,Haiti,Sovereign,7,0.22153846153846152
41<-220,220,41,0,0.000009110339909858346,0,1,0,bridge,0.000009110339909858346,1,1,France,Sovereign,0,0.09146341463414634,1,1,Haiti,Sovereign,7,0.22153846153846152
41<-230,230,41,0,2.8667359729262186e-7,0,1,0,bridge,2.8667359729262186e-7,1,1,Spain,Sovereign,0,0.02830188679245283,1,1,Haiti,Sovereign,7,0.22153846153846152
235<-300,300,235,0,0.00002383918974524762,0,1,0,bridge,0.00002383918974524762,1,,Austria-Hungary (Austrian Empire),Sovereign,5,0,1,1,Portugal,Sovereign,8,0
235<-211,211,235,0,1.4896940813916152e-7,0,1,0,bridge,1.4896940813916152e-7,1,1,Belgium,Sovereign,2,0,1,1,Portugal,Sovereign,8,0
235<-140,140,235,2.686003369487839,0.0007255742331462578,0,1,0,bridge,0.0007255742331462578,1,1,Brazil,Sovereign,2,0,1,1,Portugal,Sovereign,8,0
235<-390,390,235,0,3.833863657744611e-8,0,1,0,bridge,3.833863657744611e-8,1,,Denmark,Sovereign,6,0,1,1,Portugal,Sovereign,8,0
235<-2,2,235,0.7037762430008242,0.0003284609816535324,0,1,0,bridge,0.0003284609816535324,1,1,United States of America,Sovereign,4,0.11555555555555556,1,1,Portugal,Sovereign,8,0
235<-230,230,235,2.6288871232783517,0.00047727407841036053,0,1,0,bridge,0.00047727407841036053,1,1,Spain,Sovereign,0,0.02830188679245283,1,1,Portugal,Sovereign,8,0
235<-210,210,235,0.31116980071495454,0.00008075830825786554,0,1,0,bridge,0.00008075830825786554,1,1,Netherlands,Sovereign,6,0.006428571428571429,1,1,Portugal,Sovereign,8,0
235<-325,325,235,0,0.000051833611131315506,0,1,0,bridge,0.000051833611131315506,1,1,Italy,Sovereign,5,0,1,1,Portugal,Sovereign,8,0
235<-600,600,235,0.6743546377542188,0.000005216961294691484,0,1,0,bridge,0.000005216961294691484,1,,Morocco,Sovereign,0,0.15,1,1,Portugal,Sovereign,8,0
235<-160,160,235,0,0.000002243687267414722,0,1,0,bridge,0.000002243687267414722,1,1,Argentina (La Plata),Sovereign,2,0,1,1,Portugal,Sovereign,8,0
235<-155,155,235,0,1.2929893120236725e-8,0,1,0,bridge,1.2929893120236725e-8,1,1,Chile,Sovereign,2,0,1,1,Portugal,Sovereign,8,0
235<-135,135,235,0,1.9938596813512333e-7,0,1,0,bridge,1.9938596813512333e-7,1,,Peru,Sovereign,2,0,1,1,Portugal,Sovereign,8,0
235<-165,165,235,0,0.000003853534134681405,0,1,0,bridge,0.000003853534134681405,1,1,Uruguay,Sovereign,2,0,1,1,Portugal,Sovereign,8,0
235<-365,365,235,1.2581646193278626,0.00024751719458001567,0,1,0,bridge,0.00024751719458001567,1,1,Russia (USSR),Sovereign,5,0.009999999999999998,1,1,Portugal,Sovereign,8,0
235<-640,640,235,0,0.000014354837504297545,0,1,0,bridge,0.000014354837504297545,1,,Turkey (Ottoman Empire),Sovereign,5,0,1,1,Portugal,Sovereign,8,0
750<-681,681,750,2.8539623592099743,0.00021505533966246208,0.1,0.9,0.36000000000000004,bridge,0.00021505533966246208,1,1,Aden,Dependency of,8,0.13846153846153847,1,1,India,Colony of,1,0.03891891891891892
750<-780,780,750,2.0276849913231128,0.0033539828598912113,1,0,0,1,0.0033539828598912113,1,1,Sri Lanka (Ceylon),Colony of,1,0.048,1,1,India,Colony of,1,0.03891891891891892
750<-710,710,750,1.7311936564172843,0.006857773302462677,0.9,0.09999999999999998,0.35999999999999993,1,0.006857773302462677,1,1,People's Republic of China (China),Sovereign,1,0.030857142857142854,1,1,India,Colony of,1,0.03891891891891892
750<-220,220,750,0,0.00178834196662161,0,1,0,bridge,0.00178834196662161,1,1,France,Sovereign,0,0.09146341463414634,1,1,India,Colony of,1,0.03891891891891892
750<-255,255,750,0,0.00001326093072470072,0,1,0,bridge,0.00001326093072470072,1,,Germany (Zollverein),Sovereign (limited),6,0.005454545454545455,1,1,India,Colony of,1,0.03891891891891892
750<-781,781,750,2.4717407437757535,0.00007375380916313755,1,0,0,1,0.00007375380916313755,1,,Maldive Islands,Protectorate of,1,0,1,1,India,Colony of,1,0.03891891891891892
750<-590,590,750,1.999791425165019,0.0006066956750494661,1,0,0,1,0.0006066956750494661,1,1,Mauritius,Colony of,1,0.051428571428571435,1,1,India,Colony of,1,0.03891891891891892
750<-630,630,750,2.4375089955458544,0.0013743009728810218,1,0,0,1,0.0013743009728810218,1,,Iran (Persia),Sovereign,1,0,1,1,India,Colony of,1,0.03891891891891892
750<-585,585,750,0,0.000009094630288609275,0,1,0,bridge,0.000009094630288609275,1,1,Reunion (Bourbon I.),Colony of,0,0,1,1,India,Colony of,1,0.03891891891891892
750<-827,827,750,1.4721898704951644,0.0014860406186596477,1,0,0,1,0.0014860406186596477,1,1,Straits Settlements,Colony of,1,0.08,1,1,India,Colony of,1,0.03891891891891892
750<-200,200,750,1.120449863860755,0.04088464855096679,0,1,0,bridge,0.04088464855096679,1,1,United Kingdom,Sovereign,3,0.016788321167883213,1,1,India,Colony of,1,0.03891891891891892
230<-300,300,230,0,0.000036133911428498376,0,1,0,bridge,0.000036133911428498376,1,,Austria-Hungary (Austrian Empire),Sovereign,5,0,1,1,Spain,Sovereign,0,0.02830188679245283
230<-211,211,230,0,0.00013632391032204565,0,1,0,bridge,0.00013632391032204565,1,1,Belgium,Sovereign,2,0,1,1,Spain,Sovereign,0,0.02830188679245283
230<-390,390,230,0,0.00002995478263330745,0,1,0,bridge,0.00002995478263330745,1,,Denmark,Sovereign,6,0,1,1,Spain,Sovereign,0,0.02830188679245283
230<-220,220,230,1.5006268677691281,0.009705619101875562,0.75,0.25,0.75,0,0.009705619101875562,1,1,France,Sovereign,0,0.09146341463414634,1,1,Spain,Sovereign,0,0.02830188679245283
230<-350,350,230,0,0.000012521586757699544,0,1,0,bridge,0.000012521586757699544,1,1,Greece,Sovereign,5,0,1,1,Spain,Sovereign,0,0.02830188679245283
230<-210,210,230,0,0.000026985700165014186,0,1,0,bridge,0.000026985700165014186,1,1,Netherlands,Sovereign,6,0.006428571428571429,1,1,Spain,Sovereign,0,0.02830188679245283
230<-200,200,230,0,0.0037978810379611133,0,1,0,bridge,0.0037978810379611133,1,1,United Kingdom,Sovereign,3,0.016788321167883213,1,1,Spain,Sovereign,0,0.02830188679245283
230<-231,231,230,3.227959644353342,0.0002897617068123307,1,0,0,0,0.0002897617068123307,1,,Gibraltar,Colony of,0,0.10714285714285714,1,1,Spain,Sovereign,0,0.02830188679245283
230<-325,325,230,0,0.0002583588890287183,0,1,0,bridge,0.0002583588890287183,1,1,Italy,Sovereign,5,0,1,1,Spain,Sovereign,0,0.02830188679245283
230<-338,338,230,2.0074027918003616,0.00005163062549304939,0,1,0,bridge,0.00005163062549304939,1,1,Malta,Colony of,5,0,1,1,Spain,Sovereign,0,0.02830188679245283
230<-235,235,230,0.4465212881786633,0.00013293465231083425,0,1,0,bridge,0.00013293465231083425,1,1,Portugal,Sovereign,8,0,1,1,Spain,Sovereign,0,0.02830188679245283
230<-239,239,230,0,2.6040216298763675e-7,0,1,0,bridge,2.6040216298763675e-7,1,,Prussia,Sovereign,5,0.16363636363636366,1,1,Spain,Sovereign,0,0.02830188679245283
230<-365,365,230,0,0.00020686480577133653,0,1,0,bridge,0.00020686480577133653,1,1,Russia (USSR),Sovereign,5,0.009999999999999998,1,1,Spain,Sovereign,0,0.02830188679245283
230<-640,640,230,0.08341112454534949,0.0005963482142783232,0,1,0,bridge,0.0005963482142783232,1,,Turkey (Ottoman Empire),Sovereign,5,0,1,1,Spain,Sovereign,0,0.02830188679245283
230<-615,615,230,1.208274758040194,0.00023352882570405736,1,0,0,0,0.00023352882570405736,1,1,Algeria (Regency of Algiers),Colony of,0,0.07758620689655173,1,1,Spain,Sovereign,0,0.02830188679245283
230<-600,600,230,0,0.000004495107888623634,1,0,0,0,0.000004495107888623634,1,,Morocco,Sovereign,0,0.15,1,1,Spain,Sovereign,0,0.02830188679245283
230<-616,616,230,0,7.431595639201103e-8,0,1,0,bridge,7.431595639201103e-8,1,,Tunisia (Regency of Tunis),Sovereign,5,0,1,1,Spain,Sovereign,0,0.02830188679245283
230<-40,40,230,1.3718851770194667,0.0019666084567472545,0,1,0,bridge,0.0019666084567472545,1,,Cuba,Colony of,4,0.096,1,1,Spain,Sovereign,0,0.02830188679245283
230<-6,6,230,0.2057320730883356,0.00007070161703919128,0,1,0,bridge,0.00007070161703919128,1,,Puerto Rico,Colony of,4,0.192,1,1,Spain,Sovereign,0,0.02830188679245283
230<-140,140,230,0,0.0002835259224714374,0,1,0,bridge,0.0002835259224714374,1,1,Brazil,Sovereign,2,0,1,1,Spain,Sovereign,0,0.02830188679245283
230<-155,155,230,0,0.000017393726635610237,0,1,0,bridge,0.000017393726635610237,1,1,Chile,Sovereign,2,0,1,1,Spain,Sovereign,0,0.02830188679245283
230<-130,130,230,2.93768541700047,0.00022478941146385236,1,0,0,0,0.00022478941146385236,1,,Ecuador,Sovereign,0,0.09375,1,1,Spain,Sovereign,0,0.02830188679245283
230<-2,2,230,0,0.0012241569686221772,0,1,0,bridge,0.0012241569686221772,1,1,United States of America,Sovereign,4,0.11555555555555556,1,1,Spain,Sovereign,0,0.02830188679245283
230<-90,90,230,0.8559272896359459,1.834786291783622e-7,0,1,0,bridge,1.834786291783622e-7,1,,Guatemala,Sovereign,9,0,1,1,Spain,Sovereign,0,0.02830188679245283
230<-70,70,230,0,0.00003336964231370654,0,1,0,bridge,0.00003336964231370654,1,,Mexico,Sovereign,4,0.16,1,1,Spain,Sovereign,0,0.02830188679245283
230<-100,100,230,0,6.360118373198265e-7,0,1,0,bridge,6.360118373198265e-7,1,,Colombia (New Granada) (Gran Colombia),Sovereign,4,0,1,1,Spain,Sovereign,0,0.02830188679245283
230<-135,135,230,0.0494086936287401,0.00017435092295547735,0,1,0,bridge,0.00017435092295547735,1,,Peru,Sovereign,2,0,1,1,Spain,Sovereign,0,0.02830188679245283
230<-160,160,230,0,0.00009689461366935735,0,1,0,bridge,0.00009689461366935735,1,1,Argentina (La Plata),Sovereign,2,0,1,1,Spain,Sovereign,0,0.02830188679245283
230<-42,42,230,0.8363460501321831,0.0000011659426842555225,0,1,0,bridge,0.0000011659426842555225,1,,Dominican Republic (Santo Domingo),Sovereign,6,0,1,1,Spain,Sovereign,0,0.02830188679245283
230<-165,165,230,0,0.00000852867457439162,0,1,0,bridge,0.00000852867457439162,1,1,Uruguay,Sovereign,2,0,1,1,Spain,Sovereign,0,0.02830188679245283
230<-101,101,230,1.0657205003247572,0.00013787233720291526,0,1,0,bridge,0.00013787233720291526,1,,Venezuela,Sovereign,6,0,1,1,Spain,Sovereign,0,0.02830188679245283
230<-840,840,230,3.697792680497242,0.0004463809848041697,1,0,0,0,0.0004463809848041697,1,,Philippines,Colony of,0,0.125,1,1,Spain,Sovereign,0,0.02830188679245283
80<-200,200,80,1.008847118475881,0.00011070471963643816,0,1,0,bridge,0.00011070471963643816,1,1,United Kingdom,Sovereign,3,0.016788321167883213,1,1,Belize (British Honduras),Colony of,9,0.07111111111111112
80<-31,31,80,2.647113891388196,5.897344497381729e-8,1,0,0,9,5.897344497381729e-8,1,1,Bahamas,Colony of,9,0,1,1,Belize (British Honduras),Colony of,9,0.07111111111111112
80<-2,2,80,1.3820974041095062,0.000052332572532942144,0,1,0,bridge,0.000052332572532942144,1,1,United States of America,Sovereign,4,0.11555555555555556,1,1,Belize (British Honduras),Colony of,9,0.07111111111111112
80<-70,70,80,1.752074335555665,0.0000026260528144223347,0.2,0.8,0.6400000000000001,bridge,0.0000026260528144223347,1,,Mexico,Sovereign,4,0.16,1,1,Belize (British Honduras),Colony of,9,0.07111111111111112
80<-90,90,80,8.608305986467336,0.000003573096960178342,1,0,0,9,0.000003573096960178342,1,,Guatemala,Sovereign,9,0,1,1,Belize (British Honduras),Colony of,9,0.07111111111111112
80<-93,93,80,8.658381065792359,3.700294586592458e-8,1,0,0,9,3.700294586592458e-8,1,,Nicaragua,Sovereign,9,0,1,1,Belize (British Honduras),Colony of,9,0.07111111111111112
80<-91,91,80,8.658381065792359,0.00000428077829986415,1,0,0,9,0.00000428077829986415,1,,Honduras,Sovereign,9,0,1,1,Belize (British Honduras),Colony of,9,0.07111111111111112
210<-615,615,210,0,8.770920082045581e-7,0,1,0,bridge,8.770920082045581e-7,1,1,Algeria (Regency of Algiers),Colony of,0,0.07758620689655173,1,1,Netherlands,Sovereign,6,0.006428571428571429
210<-211,211,210,1.2608364212096623,0.005290179290372325,0,1,0,bridge,0.005290179290372325,1,1,Belgium,Sovereign,2,0,1,1,Netherlands,Sovereign,6,0.006428571428571429
210<-140,140,210,0,0.00023565049678877178,0,1,0,bridge,0.00023565049678877178,1,1,Brazil,Sovereign,2,0,1,1,Netherlands,Sovereign,6,0.006428571428571429
210<-155,155,210,0,0.00014253314047445485,0,1,0,bridge,0.00014253314047445485,1,1,Chile,Sovereign,2,0,1,1,Netherlands,Sovereign,6,0.006428571428571429
210<-710,710,210,0,0.000162223933199545,0,1,0,bridge,0.000162223933199545,1,1,People's Republic of China (China),Sovereign,1,0.030857142857142854,1,1,Netherlands,Sovereign,6,0.006428571428571429
210<-40,40,210,0,0.00010281194222162543,0,1,0,bridge,0.00010281194222162543,1,,Cuba,Colony of,4,0.096,1,1,Netherlands,Sovereign,6,0.006428571428571429
210<-390,390,210,0,0.000043523858810827984,1,0,0,6,0.000043523858810827984,1,,Denmark,Sovereign,6,0,1,1,Netherlands,Sovereign,6,0.006428571428571429
210<-360,360,210,0.5357428276582616,0.00016691217126450823,0,1,0,bridge,0.00016691217126450823,1,,Romania,Vassal of,5,0,1,1,Netherlands,Sovereign,6,0.006428571428571429
210<-220,220,210,0,0.001220649989220404,0,1,0,bridge,0.001220649989220404,1,1,France,Sovereign,0,0.09146341463414634,1,1,Netherlands,Sovereign,6,0.006428571428571429
210<-350,350,210,0,0.000007813601540109031,0,1,0,bridge,0.000007813601540109031,1,1,Greece,Sovereign,5,0,1,1,Netherlands,Sovereign,6,0.006428571428571429
210<-10,10,210,2.804476539749225,0.0000034713404018650053,1,0,0,6,0.0000034713404018650053,1,,Greenland,Colony of,6,0,1,1,Netherlands,Sovereign,6,0.006428571428571429
210<-200,200,210,0.22965017652969205,0.01263573595420076,0,1,0,bridge,0.01263573595420076,1,1,United Kingdom,Sovereign,3,0.016788321167883213,1,1,Netherlands,Sovereign,6,0.006428571428571429
210<-41,41,210,0,0.000021272856113240123,0,1,0,bridge,0.000021272856113240123,1,1,Haiti,Sovereign,7,0.22153846153846152,1,1,Netherlands,Sovereign,6,0.006428571428571429
210<-325,325,210,0,0.00024872665037810814,0,1,0,bridge,0.00024872665037810814,1,1,Italy,Sovereign,5,0,1,1,Netherlands,Sovereign,6,0.006428571428571429
210<-740,740,210,0,0.00007968288325461027,0,1,0,bridge,0.00007968288325461027,1,,Japan,Sovereign,1,0,1,1,Netherlands,Sovereign,6,0.006428571428571429
210<-561,561,210,0,0.000015906935260935016,0,1,0,bridge,0.000015906935260935016,1,1,Cape Colony (Cape of Good Hope),Colony of,10,0,1,1,Netherlands,Sovereign,6,0.006428571428571429
210<-338,338,210,0,1.5331753441570442e-7,0,1,0,bridge,1.5331753441570442e-7,1,1,Malta,Colony of,5,0,1,1,Netherlands,Sovereign,6,0.006428571428571429
210<-590,590,210,0,9.937676161561319e-7,0,1,0,bridge,9.937676161561319e-7,1,1,Mauritius,Colony of,1,0.051428571428571435,1,1,Netherlands,Sovereign,6,0.006428571428571429
210<-70,70,210,0,0.000006063274568590877,0,1,0,bridge,0.000006063274568590877,1,,Mexico,Sovereign,4,0.16,1,1,Netherlands,Sovereign,6,0.006428571428571429
210<-2,2,210,0,0.0007362626208845631,0,1,0,bridge,0.0007362626208845631,1,1,United States of America,Sovereign,4,0.11555555555555556,1,1,Netherlands,Sovereign,6,0.006428571428571429
210<-385,385,210,0.6355593483659404,0.0005323348719321123,1,0,0,6,0.0005323348719321123,1,1,Norway,Sovereign (limited),6,0.011612903225806452,1,1,Netherlands,Sovereign,6,0.006428571428571429
210<-300,300,210,0,0.00008582638435693314,0,1,0,bridge,0.00008582638435693314,1,,Austria-Hungary (Austrian Empire),Sovereign,5,0,1,1,Netherlands,Sovereign,6,0.006428571428571429
210<-135,135,210,0.44705765851884144,0.0005402569528597796,0,1,0,bridge,0.0005402569528597796,1,,Peru,Sovereign,2,0,1,1,Netherlands,Sovereign,6,0.006428571428571429
210<-840,840,210,0,0.0000014537202194032452,0,1,0,bridge,0.0000014537202194032452,1,,Philippines,Colony of,0,0.125,1,1,Netherlands,Sovereign,6,0.006428571428571429
210<-6,6,210,0,0.000016494266771706124,0,1,0,bridge,0.000016494266771706124,1,,Puerto Rico,Colony of,4,0.192,1,1,Netherlands,Sovereign,6,0.006428571428571429
210<-235,235,210,0,0.0001183982606259993,0,1,0,bridge,0.0001183982606259993,1,1,Portugal,Sovereign,8,0,1,1,Netherlands,Sovereign,6,0.006428571428571429
210<-239,239,210,1.792383211846156,0.010502587923920855,0.1,0.9,0.36000000000000004,bridge,0.010502587923920855,1,,Prussia,Sovereign,5,0.16363636363636366,1,1,Netherlands,Sovereign,6,0.006428571428571429
210<-160,160,210,0,0.00008312857430795038,0,1,0,bridge,0.00008312857430795038,1,1,Argentina (La Plata),Sovereign,2,0,1,1,Netherlands,Sovereign,6,0.006428571428571429
210<-365,365,210,0,0.0013985804841987984,0,1,0,bridge,0.0013985804841987984,1,1,Russia (USSR),Sovereign,5,0.009999999999999998,1,1,Netherlands,Sovereign,6,0.006428571428571429
210<-230,230,210,0,0.00004961991826099203,0,1,0,bridge,0.00004961991826099203,1,1,Spain,Sovereign,0,0.02830188679245283,1,1,Netherlands,Sovereign,6,0.006428571428571429
210<-115,115,210,2.5907334241083637,0.00013850571062543553,1,0,0,6,0.00013850571062543553,1,,Surinam (Dutch Guiana),Colony of,6,0,1,1,Netherlands,Sovereign,6,0.006428571428571429
210<-640,640,210,0,0.00007111821864810883,0,1,0,bridge,0.00007111821864810883,1,,Turkey (Ottoman Empire),Sovereign,5,0,1,1,Netherlands,Sovereign,6,0.006428571428571429
210<-101,101,210,0,0.0000176423161835007,1,0,0,6,0.0000176423161835007,1,,Venezuela,Sovereign,6,0,1,1,Netherlands,Sovereign,6,0.006428571428571429
210<-380,380,210,0,0.0004055716451988411,1,0,0,6,0.0004055716451988411,1,1,Sweden,Sovereign,6,0.012000000000000002,1,1,Netherlands,Sovereign,6,0.006428571428571429
615<-380,380,615,0,0.00002578472807289634,0,1,0,bridge,0.00002578472807289634,1,1,Sweden,Sovereign,6,0.012000000000000002,1,1,Algeria (Regency of Algiers),Colony of,0,0.07758620689655173
615<-385,385,615,0,7.442487622019989e-8,0,1,0,bridge,7.442487622019989e-8,1,1,Norway,Sovereign (limited),6,0.011612903225806452,1,1,Algeria (Regency of Algiers),Colony of,0,0.07758620689655173
615<-255,255,615,0,0.000005302450841717922,0,1,0,bridge,0.000005302450841717922,1,,Germany (Zollverein),Sovereign (limited),6,0.005454545454545455,1,1,Algeria (Regency of Algiers),Colony of,0,0.07758620689655173
615<-210,210,615,0,0.00000164492758831127,0,1,0,bridge,0.00000164492758831127,1,1,Netherlands,Sovereign,6,0.006428571428571429,1,1,Algeria (Regency of Algiers),Colony of,0,0.07758620689655173
615<-211,211,615,0,0.000011055953186355548,0,1,0,bridge,0.000011055953186355548,1,1,Belgium,Sovereign,2,0,1,1,Algeria (Regency of Algiers),Colony of,0,0.07758620689655173
615<-200,200,615,0,0.00005203810315957185,0,1,0,bridge,0.00005203810315957185,1,1,United Kingdom,Sovereign,3,0.016788321167883213,1,1,Algeria (Regency of Algiers),Colony of,0,0.07758620689655173
615<-235,235,615,0,0.0000037897882031831673,0,1,0,bridge,0.0000037897882031831673,1,1,Portugal,Sovereign,8,0,1,1,Algeria (Regency of Algiers),Colony of,0,0.07758620689655173
615<-300,300,615,0,0.000023288141005961574,0,1,0,bridge,0.000023288141005961574,1,,Austria-Hungary (Austrian Empire),Sovereign,5,0,1,1,Algeria (Regency of Algiers),Colony of,0,0.07758620689655173
615<-230,230,615,1.144971047156785,0.0003524928904640939,1,0,0,0,0.0003524928904640939,1,1,Spain,Sovereign,0,0.02830188679245283,1,1,Algeria (Regency of Algiers),Colony of,0,0.07758620689655173
615<-325,325,615,0,0.0000872183746186074,0,1,0,bridge,0.0000872183746186074,1,1,Italy,Sovereign,5,0,1,1,Algeria (Regency of Algiers),Colony of,0,0.07758620689655173
615<-225,225,615,0,0.0000029828755328550243,0,1,0,bridge,0.0000029828755328550243,1,,Switzerland,Sovereign,5,0,1,1,Algeria (Regency of Algiers),Colony of,0,0.07758620689655173
615<-350,350,615,0,0.0000021386126005719295,0,1,0,bridge,0.0000021386126005719295,1,1,Greece,Sovereign,5,0,1,1,Algeria (Regency of Algiers),Colony of,0,0.07758620689655173
615<-640,640,615,0,0.00008486925906566453,0,1,0,bridge,0.00008486925906566453,1,,Turkey (Ottoman Empire),Sovereign,5,0,1,1,Algeria (Regency of Algiers),Colony of,0,0.07758620689655173
615<-651,651,615,0,3.463053808320166e-7,0,1,0,bridge,3.463053808320166e-7,1,,Egypt Arab Republic (Egypt),Sovereign,5,0,1,1,Algeria (Regency of Algiers),Colony of,0,0.07758620689655173
615<-2,2,615,0,0.0000028666440903629835,0,1,0,bridge,0.0000028666440903629835,1,1,United States of America,Sovereign,4,0.11555555555555556,1,1,Algeria (Regency of Algiers),Colony of,0,0.07758620689655173
615<-1029,1029,615,0,8.254729481015752e-7,0.75,0.25,0.75,0,8.254729481015752e-7,1,1,St. Pierre and Miquelon,Colony of,0,0.1875,1,1,Algeria (Regency of Algiers),Colony of,0,0.07758620689655173
140<-255,255,140,1.0972073782175522,0.00034108572519207374,0,1,0,bridge,0.00034108572519207374,1,,Germany (Zollverein),Sovereign (limited),6,0.005454545454545455,1,1,Brazil,Sovereign,2,0
140<-300,300,140,1.3125173729217368,0.00015444962241436717,0,1,0,bridge,0.00015444962241436717,1,,Austria-Hungary (Austrian Empire),Sovereign,5,0,1,1,Brazil,Sovereign,2,0
140<-211,211,140,0.9143442629988658,0.00024362876331625712,1,0,0,2,0.00024362876331625712,1,1,Belgium,Sovereign,2,0,1,1,Brazil,Sovereign,2,0
140<-155,155,140,1.6477495392181378,0.00009482032461687006,1,0,0,2,0.00009482032461687006,1,1,Chile,Sovereign,2,0,1,1,Brazil,Sovereign,2,0
140<-160,160,140,2.436054276981063,0.000369375214173408,1,0,0,2,0.000369375214173408,1,1,Argentina (La Plata),Sovereign,2,0,1,1,Brazil,Sovereign,2,0
140<-390,390,140,0,0.000005349865617064955,0,1,0,bridge,0.000005349865617064955,1,,Denmark,Sovereign,6,0,1,1,Brazil,Sovereign,2,0
140<-2,2,140,1.192427039927239,0.0007014107719346992,0,1,0,bridge,0.0007014107719346992,1,1,United States of America,Sovereign,4,0.11555555555555556,1,1,Brazil,Sovereign,2,0
140<-210,210,140,0,0.000006301770615293038,0,1,0,bridge,0.000006301770615293038,1,1,Netherlands,Sovereign,6,0.006428571428571429,1,1,Brazil,Sovereign,2,0
140<-325,325,140,0.1556490984892948,0.0000859062989978698,0,1,0,bridge,0.0000859062989978698,1,1,Italy,Sovereign,5,0,1,1,Brazil,Sovereign,2,0
140<-165,165,140,3.8867135022002506,0.0007813838439968411,1,0,0,2,0.0007813838439968411,1,1,Uruguay,Sovereign,2,0,1,1,Brazil,Sovereign,2,0
140<-150,150,140,0,1.540886018841879e-8,1,0,0,2,1.540886018841879e-8,1,,Paraguay,Sovereign,2,0,1,1,Brazil,Sovereign,2,0
140<-135,135,140,0,4.5909339326083045e-7,1,0,0,2,4.5909339326083045e-7,1,,Peru,Sovereign,2,0,1,1,Brazil,Sovereign,2,0
140<-365,365,140,0,8.592705563894716e-7,0,1,0,bridge,8.592705563894716e-7,1,1,Russia (USSR),Sovereign,5,0.009999999999999998,1,1,Brazil,Sovereign,2,0
380<-385,385,380,2.2163420707589125,0.0004963618255529509,1,0,0,6,0.0004963618255529509,1,1,Norway,Sovereign (limited),6,0.011612903225806452,1,1,Sweden,Sovereign,6,0.012000000000000002
380<-365,365,380,0.5290483609877223,0.00046086629492778823,0,1,0,bridge,0.00046086629492778823,1,1,Russia (USSR),Sovereign,5,0.009999999999999998,1,1,Sweden,Sovereign,6,0.012000000000000002
380<-390,390,380,3.7328005774939528,0.0021219931722743666,1,0,0,6,0.0021219931722743666,1,,Denmark,Sovereign,6,0,1,1,Sweden,Sovereign,6,0.012000000000000002
380<-210,210,380,0.4020097882250276,0.00034139665311192527,1,0,0,6,0.00034139665311192527,1,1,Netherlands,Sovereign,6,0.006428571428571429,1,1,Sweden,Sovereign,6,0.012000000000000002
380<-211,211,380,0,0.00001995424424333471,0,1,0,bridge,0.00001995424424333471,1,1,Belgium,Sovereign,2,0,1,1,Sweden,Sovereign,6,0.012000000000000002
380<-200,200,380,0,0.0016994364680573395,0,1,0,bridge,0.0016994364680573395,1,1,United Kingdom,Sovereign,3,0.016788321167883213,1,1,Sweden,Sovereign,6,0.012000000000000002
380<-220,220,380,0,0.00024111378460696113,0,1,0,bridge,0.00024111378460696113,1,1,France,Sovereign,0,0.09146341463414634,1,1,Sweden,Sovereign,6,0.012000000000000002
380<-235,235,380,0,0.00002571027623660434,0,1,0,bridge,0.00002571027623660434,1,1,Portugal,Sovereign,8,0,1,1,Sweden,Sovereign,6,0.012000000000000002
380<-230,230,380,0,0.00004342606359366753,0,1,0,bridge,0.00004342606359366753,1,1,Spain,Sovereign,0,0.02830188679245283,1,1,Sweden,Sovereign,6,0.012000000000000002
380<-325,325,380,0,0.000051676376117353995,0,1,0,bridge,0.000051676376117353995,1,1,Italy,Sovereign,5,0,1,1,Sweden,Sovereign,6,0.012000000000000002
380<-300,300,380,0,0.000003901310573216081,0,1,0,bridge,0.000003901310573216081,1,,Austria-Hungary (Austrian Empire),Sovereign,5,0,1,1,Sweden,Sovereign,6,0.012000000000000002
380<-640,640,380,0,0.000013878432694883436,0,1,0,bridge,0.000013878432694883436,1,,Turkey (Ottoman Empire),Sovereign,5,0,1,1,Sweden,Sovereign,6,0.012000000000000002
380<-2,2,380,0,0.0000356873983582717,0,1,0,bridge,0.0000356873983582717,1,1,United States of America,Sovereign,4,0.11555555555555556,1,1,Sweden,Sovereign,6,0.012000000000000002
380<-140,140,380,0,0.0001779893004141042,0,1,0,bridge,0.0001779893004141042,1,1,Brazil,Sovereign,2,0,1,1,Sweden,Sovereign,6,0.012000000000000002
681<-710,710,681,0,0.0000022065269931052412,0,1,0,bridge,0.0000022065269931052412,1,1,People's Republic of China (China),Sovereign,1,0.030857142857142854,1,1,Aden,Dependency of,8,0.13846153846153847
681<-590,590,681,1.085405834676171,0.0000030950034602273672,0.1,0.9,0.36000000000000004,bridge,0.0000030950034602273672,1,1,Mauritius,Colony of,1,0.051428571428571435,1,1,Aden,Dependency of,8,0.13846153846153847
681<-7506,7506,681,7.2221930455826415,0.000006709751277079315,1,0,0,8,0.000006709751277079315,1,,Hyderabad,Vassal of,8,0,1,1,Aden,Dependency of,8,0.13846153846153847
681<-200,200,681,0.5334584265099945,0.00028935832573352455,0,1,0,bridge,0.00028935832573352455,1,1,United Kingdom,Sovereign,3,0.016788321167883213,1,1,Aden,Dependency of,8,0.13846153846153847
681<-220,220,681,0,0.000001850561340581878,0,1,0,bridge,0.000001850561340581878,1,1,France,Sovereign,0,0.09146341463414634,1,1,Aden,Dependency of,8,0.13846153846153847
325<-615,615,325,0,0.00010693820132561334,0,1,0,bridge,0.00010693820132561334,1,1,Algeria (Regency of Algiers),Colony of,0,0.07758620689655173,1,1,Italy,Sovereign,5,0
325<-300,300,325,2.4466322409911325,0.006862796271598707,1,0,0,5,0.006862796271598707,1,,Austria-Hungary (Austrian Empire),Sovereign,5,0,1,1,Italy,Sovereign,5,0
325<-211,211,325,0,0.00044498005728912016,0,1,0,bridge,0.00044498005728912016,1,1,Belgium,Sovereign,2,0,1,1,Italy,Sovereign,5,0
325<-140,140,325,0,0.0000474158014705236,0,1,0,bridge,0.0000474158014705236,1,1,Brazil,Sovereign,2,0,1,1,Italy,Sovereign,5,0
325<-651,651,325,0,0.00016329074836009076,1,0,0,5,0.00016329074836009076,1,,Egypt Arab Republic (Egypt),Sovereign,5,0,1,1,Italy,Sovereign,5,0
325<-220,220,325,1.0132217671555896,0.01155413637485194,0,1,0,bridge,0.01155413637485194,1,1,France,Sovereign,0,0.09146341463414634,1,1,Italy,Sovereign,5,0
325<-350,350,325,0.9599198446732514,0.0003400987609741358,1,0,0,5,0.0003400987609741358,1,1,Greece,Sovereign,5,0,1,1,Italy,Sovereign,5,0
325<-200,200,325,0.09130134320135501,0.010243034506964052,0,1,0,bridge,0.010243034506964052,1,1,United Kingdom,Sovereign,3,0.016788321167883213,1,1,Italy,Sovereign,5,0
325<-210,210,325,0.33949072457108476,0.0015557204494879061,0,1,0,bridge,0.0015557204494879061,1,1,Netherlands,Sovereign,6,0.006428571428571429,1,1,Italy,Sovereign,5,0
325<-235,235,325,0,0.00002521130858049467,0,1,0,bridge,0.00002521130858049467,1,1,Portugal,Sovereign,8,0,1,1,Italy,Sovereign,5,0
325<-365,365,325,0.019281615853324805,0.0013427960302092715,1,0,0,5,0.0013427960302092715,1,1,Russia (USSR),Sovereign,5,0.009999999999999998,1,1,Italy,Sovereign,5,0
325<-230,230,325,0,0.00014653029324185815,0,1,0,bridge,0.00014653029324185815,1,1,Spain,Sovereign,0,0.02830188679245283,1,1,Italy,Sovereign,5,0
325<-2,2,325,0,0.0016754629087595999,0,1,0,bridge,0.0016754629087595999,1,1,United States of America,Sovereign,4,0.11555555555555556,1,1,Italy,Sovereign,5,0
325<-225,225,325,1.854041200887342,0.0021803918996129734,1,0,0,5,0.0021803918996129734,1,,Switzerland,Sovereign,5,0,1,1,Italy,Sovereign,5,0
325<-640,640,325,0.680228778962547,0.002099356183752027,1,0,0,5,0.002099356183752027,1,,Turkey (Ottoman Empire),Sovereign,5,0,1,1,Italy,Sovereign,5,0
325<-255,255,325,0,0.0004299393197600665,0,1,0,bridge,0.0004299393197600665,1,,Germany (Zollverein),Sovereign (limited),6,0.005454545454545455,1,1,Italy,Sovereign,5,0
211<-200,200,211,0,0.0066040324814252175,0,1,0,bridge,0.0066040324814252175,1,1,United Kingdom,Sovereign,3,0.016788321167883213,1,1,Belgium,Sovereign,2,0
211<-300,300,211,0,0.00006552296639211444,0,1,0,bridge,0.00006552296639211444,1,,Austria-Hungary (Austrian Empire),Sovereign,5,0,1,1,Belgium,Sovereign,2,0
211<-140,140,211,0,0.0005205890683973482,1,0,0,2,0.0005205890683973482,1,1,Brazil,Sovereign,2,0,1,1,Belgium,Sovereign,2,0
211<-100,100,211,0,0.0000252991453569553,0,1,0,bridge,0.0000252991453569553,1,,Colombia (New Granada) (Gran Colombia),Sovereign,4,0,1,1,Belgium,Sovereign,2,0
211<-390,390,211,0,0.00016298837890038468,0,1,0,bridge,0.00016298837890038468,1,,Denmark,Sovereign,6,0,1,1,Belgium,Sovereign,2,0
211<-651,651,211,0,0.00007394084749110137,0,1,0,bridge,0.00007394084749110137,1,,Egypt Arab Republic (Egypt),Sovereign,5,0,1,1,Belgium,Sovereign,2,0
211<-230,230,211,0,0.0005257763032367239,0,1,0,bridge,0.0005257763032367239,1,1,Spain,Sovereign,0,0.02830188679245283,1,1,Belgium,Sovereign,2,0
211<-2,2,211,0,0.0017894140113446477,0,1,0,bridge,0.0017894140113446477,1,1,United States of America,Sovereign,4,0.11555555555555556,1,1,Belgium,Sovereign,2,0
211<-220,220,211,0.9092789898684468,0.010614174530802606,0,1,0,bridge,0.010614174530802606,1,1,France,Sovereign,0,0.09146341463414634,1,1,Belgium,Sovereign,2,0
211<-212,212,211,3.194258966072749,0.0007875951564452145,1,0,0,2,0.0007875951564452145,1,,Luxemburg,Sovereign (limited),2,0,1,1,Belgium,Sovereign,2,0
211<-325,325,211,0,0.00014337699104274488,0,1,0,bridge,0.00014337699104274488,1,1,Italy,Sovereign,5,0,1,1,Belgium,Sovereign,2,0
211<-70,70,211,0,0.000013059091218428364,0,1,0,bridge,0.000013059091218428364,1,,Mexico,Sovereign,4,0.16,1,1,Belgium,Sovereign,2,0
211<-210,210,211,1.6879821870694767,0.006107514002764974,0,1,0,bridge,0.006107514002764974,1,1,Netherlands,Sovereign,6,0.006428571428571429,1,1,Belgium,Sovereign,2,0
211<-235,235,211,0,0.00004991575981399274,0,1,0,bridge,0.00004991575981399274,1,1,Portugal,Sovereign,8,0,1,1,Belgium,Sovereign,2,0
211<-239,239,211,0.8475769218432994,0.0038741363920537556,0,1,0,bridge,0.0038741363920537556,1,,Prussia,Sovereign,5,0.16363636363636366,1,1,Belgium,Sovereign,2,0
211<-160,160,211,1.8778421550461082,0.0030796704245493675,1,0,0,2,0.0030796704245493675,1,1,Argentina (La Plata),Sovereign,2,0,1,1,Belgium,Sovereign,2,0
211<-365,365,211,0.4444729264773102,0.0020939137968280018,0,1,0,bridge,0.0020939137968280018,1,1,Russia (USSR),Sovereign,5,0.009999999999999998,1,1,Belgium,Sovereign,2,0
211<-225,225,211,0,0.00019529484149649666,0,1,0,bridge,0.00019529484149649666,1,,Switzerland,Sovereign,5,0,1,1,Belgium,Sovereign,2,0
211<-165,165,211,1.4734885347312774,0.0010192461438773357,1,0,0,2,0.0010192461438773357,1,1,Uruguay,Sovereign,2,0,1,1,Belgium,Sovereign,2,0
338<-200,200,338,0,0.00007304034611316018,0,1,0,bridge,0.00007304034611316018,1,1,United Kingdom,Sovereign,3,0.016788321167883213,1,1,Malta,Colony of,5,0
338<-231,231,338,0,3.5962238013445445e-7,0,1,0,bridge,3.5962238013445445e-7,1,,Gibraltar,Colony of,0,0.10714285714285714,1,1,Malta,Colony of,5,0
338<-300,300,338,1.4007445289715148,0.00032196263197940974,1,0,0,5,0.00032196263197940974,1,,Austria-Hungary (Austrian Empire),Sovereign,5,0,1,1,Malta,Colony of,5,0
338<-220,220,338,0,0.000024218428069247635,0,1,0,bridge,0.000024218428069247635,1,1,France,Sovereign,0,0.09146341463414634,1,1,Malta,Colony of,5,0
338<-615,615,338,0,0.000003818241476540092,0,1,0,bridge,0.000003818241476540092,1,1,Algeria (Regency of Algiers),Colony of,0,0.07758620689655173,1,1,Malta,Colony of,5,0
338<-255,255,338,0,9.262299887064246e-7,0,1,0,bridge,9.262299887064246e-7,1,,Germany (Zollverein),Sovereign (limited),6,0.005454545454545455,1,1,Malta,Colony of,5,0
338<-350,350,338,2.4467530630497922,0.00020084273942377212,1,0,0,5,0.00020084273942377212,1,1,Greece,Sovereign,5,0,1,1,Malta,Colony of,5,0
338<-325,325,338,0.6230245073878102,0.00026164089216560284,1,0,0,5,0.00026164089216560284,1,1,Italy,Sovereign,5,0,1,1,Malta,Colony of,5,0
338<-365,365,338,2.361387427940835,0.0018650964834260623,1,0,0,5,0.0018650964834260623,1,1,Russia (USSR),Sovereign,5,0.009999999999999998,1,1,Malta,Colony of,5,0
338<-230,230,338,0,0.0000028434451213846417,0,1,0,bridge,0.0000028434451213846417,1,1,Spain,Sovereign,0,0.02830188679245283,1,1,Malta,Colony of,5,0
338<-640,640,338,2.721003931057833,0.002157302965218977,1,0,0,5,0.002157302965218977,1,,Turkey (Ottoman Empire),Sovereign,5,0,1,1,Malta,Colony of,5,0
338<-616,616,338,2.386020622039013,0.000025659230273902075,1,0,0,5,0.000025659230273902075,1,,Tunisia (Regency of Tunis),Sovereign,5,0,1,1,Malta,Colony of,5,0
338<-651,651,338,1.1907779197724944,0.0004219434353670796,1,0,0,5,0.0004219434353670796,1,,Egypt Arab Republic (Egypt),Sovereign,5,0,1,1,Malta,Colony of,5,0
338<-2,2,338,0,7.516223379015929e-7,0,1,0,bridge,7.516223379015929e-7,1,1,United States of America,Sovereign,4,0.11555555555555556,1,1,Malta,Colony of,5,0
200<-365,365,200,0.5732967289731805,0.019281444152765413,0,1,0,bridge,0.019281444152765413,1,1,Russia (USSR),Sovereign,5,0.009999999999999998,1,1,United Kingdom,Sovereign,3,0.016788321167883213
200<-380,380,200,0.501230309753541,0.005201670613629414,0,1,0,bridge,0.005201670613629414,1,1,Sweden,Sovereign,6,0.012000000000000002,1,1,United Kingdom,Sovereign,3,0.016788321167883213
200<-385,385,200,0,0.002145200689236703,0,1,0,bridge,0.002145200689236703,1,1,Norway,Sovereign (limited),6,0.011612903225806452,1,1,United Kingdom,Sovereign,3,0.016788321167883213
200<-390,390,200,0.22017948223708886,0.0025326770368717323,0,1,0,bridge,0.0025326770368717323,1,,Denmark,Sovereign,6,0,1,1,United Kingdom,Sovereign,3,0.016788321167883213
200<-239,239,200,0,0.00707375140308767,0,1,0,bridge,0.00707375140308767,1,,Prussia,Sovereign,5,0.16363636363636366,1,1,United Kingdom,Sovereign,3,0.016788321167883213
200<-210,210,200,0.47712395496963544,0.014730880843618982,0,1,0,bridge,0.014730880843618982,1,1,Netherlands,Sovereign,6,0.006428571428571429,1,1,United Kingdom,Sovereign,3,0.016788321167883213
200<-68,68,200,0,0.000024708717101971135,0,1,0,bridge,0.000024708717101971135,1,,Netherlands Antilles,Colony of,7,0.13714285714285715,1,1,United Kingdom,Sovereign,3,0.016788321167883213
200<-115,115,200,0.06941038273913297,0.00008548836837086888,0,1,0,bridge,0.00008548836837086888,1,,Surinam (Dutch Guiana),Colony of,6,0,1,1,United Kingdom,Sovereign,3,0.016788321167883213
200<-211,211,200,0,0.010859674275440052,0,1,0,bridge,0.010859674275440052,1,1,Belgium,Sovereign,2,0,1,1,United Kingdom,Sovereign,3,0.016788321167883213
200<-220,220,200,0.11342826204560891,0.03876911959894632,0,1,0,bridge,0.03876911959894632,1,1,France,Sovereign,0,0.09146341463414634,1,1,United Kingdom,Sovereign,3,0.016788321167883213
200<-615,615,200,0,0.0000898119313268905,0,1,0,bridge,0.0000898119313268905,1,1,Algeria (Regency of Algiers),Colony of,0,0.07758620689655173,1,1,United Kingdom,Sovereign,3,0.016788321167883213
200<-751,751,200,0,0.00006240431186082348,0,1,0,bridge,0.00006240431186082348,1,1,French India,Colony of,1,0,1,1,United Kingdom,Sovereign,3,0.016788321167883213
200<-235,235,200,0.817488097660283,0.0030807924232472065,0,1,0,bridge,0.0030807924232472065,1,1,Portugal,Sovereign,8,0,1,1,United Kingdom,Sovereign,3,0.016788321167883213
200<-402,402,200,1.102974522854487,3.469026174930429e-7,1,0,0,3,3.469026174930429e-7,1,,Cape Verde,Colony of,3,0,1,1,United Kingdom,Sovereign,3,0.016788321167883213
200<-541,541,200,0.7267085694385851,3.214630922102198e-7,0,1,0,bridge,3.214630922102198e-7,1,,Mozambique (Portuguese East Africa),Colony of,10,0,1,1,United Kingdom,Sovereign,3,0.016788321167883213
200<-721,721,200,1.102974522854487,0.00022320870751560691,1,0,0,3,0.00022320870751560691,1,,Macao,Colony of,3,0,1,1,United Kingdom,Sovereign,3,0.016788321167883213
200<-230,230,200,0.32146825874972235,0.007339003551501375,0,1,0,bridge,0.007339003551501375,1,1,Spain,Sovereign,0,0.02830188679245283,1,1,United Kingdom,Sovereign,3,0.016788321167883213
200<-325,325,200,0,0.004575312498220443,0,1,0,bridge,0.004575312498220443,1,1,Italy,Sovereign,5,0,1,1,United Kingdom,Sovereign,3,0.016788321167883213
200<-350,350,200,0.2553023154106745,0.001387130588017973,0,1,0,bridge,0.001387130588017973,1,1,Greece,Sovereign,5,0,1,1,United Kingdom,Sovereign,3,0.016788321167883213
200<-640,640,200,0,0.008770681060973689,0,1,0,bridge,0.008770681060973689,1,,Turkey (Ottoman Empire),Sovereign,5,0,1,1,United Kingdom,Sovereign,3,0.016788321167883213
200<-651,651,200,0.8961570888308075,0.01942219063907675,0,1,0,bridge,0.01942219063907675,1,,Egypt Arab Republic (Egypt),Sovereign,5,0,1,1,United Kingdom,Sovereign,3,0.016788321167883213
200<-616,616,200,0,0.00002629290572185603,0,1,0,bridge,0.00002629290572185603,1,,Tunisia (Regency of Tunis),Sovereign,5,0,1,1,United Kingdom,Sovereign,3,0.016788321167883213
200<-530,530,200,1.102974522854487,9.828907495636215e-8,1,0,0,3,9.828907495636215e-8,1,,Ethiopia (Abyssinia),Sovereign (unrecognized),3,0,1,1,United Kingdom,Sovereign,3,0.016788321167883213
200<-800,800,200,0.7430157733139098,0.00048222932857707894,0,1,0,bridge,0.00048222932857707894,1,,Thailand (Siam),Sovereign (unrecognized),1,0,1,1,United Kingdom,Sovereign,3,0.016788321167883213
200<-710,710,200,0.45969207139424784,0.011125580913458761,0,1,0,bridge,0.011125580913458761,1,1,People's Republic of China (China),Sovereign,1,0.030857142857142854,1,1,United Kingdom,Sovereign,3,0.016788321167883213
200<-740,740,200,0,0.0001934652770917534,0,1,0,bridge,0.0001934652770917534,1,,Japan,Sovereign,1,0,1,1,United Kingdom,Sovereign,3,0.016788321167883213
200<-2,2,200,0.6733101393454485,0.04922900479651446,0,1,0,bridge,0.04922900479651446,1,1,United States of America,Sovereign,4,0.11555555555555556,1,1,United Kingdom,Sovereign,3,0.016788321167883213
200<-70,70,200,0,0.0004053788353817868,0,1,0,bridge,0.0004053788353817868,1,,Mexico,Sovereign,4,0.16,1,1,United Kingdom,Sovereign,3,0.016788321167883213
200<-100,100,200,0.23979017627309887,0.0012906141854370002,0,1,0,bridge,0.0012906141854370002,1,,Colombia (New Granada) (Gran Colombia),Sovereign,4,0,1,1,United Kingdom,Sovereign,3,0.016788321167883213
200<-101,101,200,0,0.00008247609730897095,0,1,0,bridge,0.00008247609730897095,1,,Venezuela,Sovereign,6,0,1,1,United Kingdom,Sovereign,3,0.016788321167883213
200<-130,130,200,0.19430269994919336,0.00023134241755376044,0,1,0,bridge,0.00023134241755376044,1,,Ecuador,Sovereign,0,0.09375,1,1,United Kingdom,Sovereign,3,0.016788321167883213
200<-135,135,200,0.5536484762132627,0.0046166632902256135,0,1,0,bridge,0.0046166632902256135,1,,Peru,Sovereign,2,0,1,1,United Kingdom,Sovereign,3,0.016788321167883213
200<-145,145,200,0.7748142815229775,0.0001469167275344786,0,1,0,bridge,0.0001469167275344786,1,,Bolivia,Sovereign,2,0,1,1,United Kingdom,Sovereign,3,0.016788321167883213
200<-155,155,200,0.6690524532660407,0.004202976137154868,0,1,0,bridge,0.004202976137154868,1,1,Chile,Sovereign,2,0,1,1,United Kingdom,Sovereign,3,0.016788321167883213
200<-140,140,200,0.10135401359379441,0.008455736268946162,0,1,0,bridge,0.008455736268946162,1,1,Brazil,Sovereign,2,0,1,1,United Kingdom,Sovereign,3,0.016788321167883213
200<-165,165,200,0,0.00092147048479442,0,1,0,bridge,0.00092147048479442,1,1,Uruguay,Sovereign,2,0,1,1,United Kingdom,Sovereign,3,0.016788321167883213
200<-160,160,200,0,0.001465759535298946,0,1,0,bridge,0.001465759535298946,1,1,Argentina (La Plata),Sovereign,2,0,1,1,United Kingdom,Sovereign,3,0.016788321167883213
200<-2003,2003,200,1.102974522854487,0.0005212986577012037,1,0,0,3,0.0005212986577012037,1,,Channel Is.,Possession of,3,0,1,1,United Kingdom,Sovereign,3,0.016788321167883213
200<-231,231,200,0,0.00013008732521783278,0,1,0,bridge,0.00013008732521783278,1,,Gibraltar,Colony of,0,0.10714285714285714,1,1,United Kingdom,Sovereign,3,0.016788321167883213
200<-451,451,200,1.0374769443299403,0.00009407536449588,0.15,0.85,0.51,bridge,0.00009407536449588,1,1,Sierra Leone,Colony of,4,0.348,1,1,United Kingdom,Sovereign,3,0.016788321167883213
200<-4070,4070,200,1.0828777346501706,0.000002620271104130784,0,1,0,bridge,0.000002620271104130784,1,,Ascension I.,Possession of,10,0,1,1,United Kingdom,Sovereign,3,0.016788321167883213
200<-4050,4050,200,0.8685303248877112,0.0000023809082980605846,0,1,0,bridge,0.0000023809082980605846,1,1,St. Helena,Colony of,10,0,1,1,United Kingdom,Sovereign,3,0.016788321167883213
200<-561,561,200,1.0916358916955402,0.002720114302813515,0,1,0,bridge,0.002720114302813515,1,1,Cape Colony (Cape of Good Hope),Colony of,10,0,1,1,United Kingdom,Sovereign,3,0.016788321167883213
200<-562,562,200,0.8847609082848,0.0004318937587788384,0,1,0,bridge,0.0004318937587788384,1,1,Natal,Colony of,10,0,1,1,United Kingdom,Sovereign,3,0.016788321167883213
200<-590,590,200,0.4852217744116129,0.0007718756690528951,0,1,0,bridge,0.0007718756690528951,1,1,Mauritius,Colony of,1,0.051428571428571435,1,1,United Kingdom,Sovereign,3,0.016788321167883213
200<-681,681,200,0,8.73038254024158e-7,0,1,0,bridge,8.73038254024158e-7,1,1,Aden,Dependency of,8,0.13846153846153847,1,1,United Kingdom,Sovereign,3,0.016788321167883213
200<-827,827,200,0.30462816899700296,0.0026749198298065212,0,1,0,bridge,0.0026749198298065212,1,1,Straits Settlements,Colony of,1,0.08,1,1,United Kingdom,Sovereign,3,0.016788321167883213
200<-780,780,200,0.5291142024607577,0.0043359624119128845,0,1,0,bridge,0.0043359624119128845,1,1,Sri Lanka (Ceylon),Colony of,1,0.048,1,1,United Kingdom,Sovereign,3,0.016788321167883213
200<-720,720,200,0,0.00032600982918349524,0,1,0,bridge,0.00032600982918349524,1,,Hong Kong,Colony of,1,0.07199999999999998,1,1,United Kingdom,Sovereign,3,0.016788321167883213
200<-902,902,200,1.0332024845826502,0.00010186679728477374,1,0,0,3,0.00010186679728477374,1,1,Western Australia,Colony of,3,0,1,1,United Kingdom,Sovereign,3,0.016788321167883213
200<-903,903,200,0.9926597689077324,0.001478544053095623,1,0,0,3,0.001478544053095623,1,1,South Australia,Colony of,3,0,1,1,United Kingdom,Sovereign,3,0.016788321167883213
200<-904,904,200,1.0870453557465,0.006212110056390217,1,0,0,3,0.006212110056390217,1,1,Victoria,Colony of,3,0,1,1,United Kingdom,Sovereign,3,0.016788321167883213
200<-901,901,200,1.091505393212246,0.003460660040138555,1,0,0,3,0.003460660040138555,1,1,New South Wales,Colony of,3,0,1,1,United Kingdom,Sovereign,3,0.016788321167883213
200<-905,905,200,1.0297637495887577,0.0006331944096577013,1,0,0,3,0.0006331944096577013,1,1,Queensland,Colony of,3,0,1,1,United Kingdom,Sovereign,3,0.016788321167883213
200<-906,906,200,1.0691085477003228,0.0003629561142885626,1,0,0,3,0.0003629561142885626,1,1,Tasmania,Colony of,3,0,1,1,United Kingdom,Sovereign,3,0.016788321167883213
200<-920,920,200,1.0144303955644385,0.0017971035703974259,1,0,0,3,0.0017971035703974259,1,1,New Zealand,Colony of,3,0,1,1,United Kingdom,Sovereign,3,0.016788321167883213
200<-1019,1019,200,1.1029745228544872,0.0001368380501542474,1,0,0,3,0.0001368380501542474,1,,Rupert's Land,Possession of,3,0,1,1,United Kingdom,Sovereign,3,0.016788321167883213
200<-21,21,200,0.5079642161477245,0.0006111684061310097,0,1,0,bridge,0.0006111684061310097,1,1,Newfoundland and Labrador (Newfoundland),Colony of,4,0.13714285714285715,1,1,United Kingdom,Sovereign,3,0.016788321167883213
200<-20,20,200,0.32502433480433074,0.006311998352413222,0,1,0,bridge,0.006311998352413222,1,1,Canada (Province of Canada),Colony of,4,0.16,1,1,United Kingdom,Sovereign,3,0.016788321167883213
200<-1024,1024,200,0.44064697451804186,0.00018191226358717677,0,1,0,bridge,0.00018191226358717677,1,1,Prince Edward Is.,Colony of,4,0.13714285714285715,1,1,United Kingdom,Sovereign,3,0.016788321167883213
200<-30,30,200,0.8363131184272368,0.000023643726066267494,0,1,0,bridge,0.000023643726066267494,1,1,Bermuda,Colony of,7,0.4894117647058824,1,1,United Kingdom,Sovereign,3,0.016788321167883213
200<-51,51,200,1.0637301807550577,0.0014510115486872585,0,1,0,bridge,0.0014510115486872585,1,1,Jamaica,Colony of,4,0.096,1,1,United Kingdom,Sovereign,3,0.016788321167883213
200<-54,54,200,1.1022576734259923,0.00011771330885185594,1,0,0,3,0.00011771330885185594,1,1,Dominica,Colony of,3,0,1,1,United Kingdom,Sovereign,3,0.016788321167883213
200<-1048,1048,200,1.102870870683802,0.0016956218350180695,1,0,0,3,0.0016956218350180695,1,1,Trinidad,Colony of,3,0,1,1,United Kingdom,Sovereign,3,0.016788321167883213
200<-80,80,200,1.102974522854487,0.00021879148085286217,0,1,0,bridge,0.00021879148085286217,1,1,Belize (British Honduras),Colony of,9,0.07111111111111112,1,1,United Kingdom,Sovereign,3,0.016788321167883213
200<-1163,1163,200,1.0604462549241034,0.00001844481217210509,1,0,0,3,0.00001844481217210509,1,1,Falkland Is.,Colony of,3,0,1,1,United Kingdom,Sovereign,3,0.016788321167883213
165<-220,220,165,1.37074847575351,0.0014862464016047452,0,1,0,bridge,0.0014862464016047452,1,1,France,Sovereign,0,0.09146341463414634,1,1,Uruguay,Sovereign,2,0
165<-200,200,165,0.4082681989952825,0.0012652228957433984,0,1,0,bridge,0.0012652228957433984,1,1,United Kingdom,Sovereign,3,0.016788321167883213,1,1,Uruguay,Sovereign,2,0
165<-140,140,165,1.5558725639507633,0.00039481937421999877,1,0,0,2,0.00039481937421999877,1,1,Brazil,Sovereign,2,0,1,1,Uruguay,Sovereign,2,0
165<-211,211,165,0.240086278185157,0.00015964595362049055,1,0,0,2,0.00015964595362049055,1,1,Belgium,Sovereign,2,0,1,1,Uruguay,Sovereign,2,0
165<-2,2,165,0.13293106170094957,0.00031267636268807436,0,1,0,bridge,0.00031267636268807436,1,1,United States of America,Sovereign,4,0.11555555555555556,1,1,Uruguay,Sovereign,2,0
451<-200,200,451,1.2150728376616153,0.000254352468172074,0.15,0.85,0.51,bridge,0.000254352468172074,1,1,United Kingdom,Sovereign,3,0.016788321167883213,1,1,Sierra Leone,Colony of,4,0.348
451<-220,220,451,0,0.000018332646992449006,0.25,0.75,0.75,bridge,0.000018332646992449006,1,1,France,Sovereign,0,0.09146341463414634,1,1,Sierra Leone,Colony of,4,0.348
451<-255,255,451,0,0.000007789120104777123,0,1,0,bridge,0.000007789120104777123,1,,Germany (Zollverein),Sovereign (limited),6,0.005454545454545455,1,1,Sierra Leone,Colony of,4,0.348
451<-450,450,451,2.495180056475305,8.788199643157087e-8,1,0,0,4,8.788199643157087e-8,1,,Liberia,Sovereign (unrecognized),4,0.48,1,1,Sierra Leone,Colony of,4,0.348
451<-2,2,451,0.5285464524395082,0.000041666473387089386,0.6,0.4,0.96,4,0.000041666473387089386,1,1,United States of America,Sovereign,4,0.11555555555555556,1,1,Sierra Leone,Colony of,4,0.348
615<-220,220,615,2.098524607313837,0.005949395969454252,0.75,0.25,0.75,0,0.005949395969454252,1,1,France,Sovereign,0,0.09146341463414634,1,1,Algeria (Regency of Algiers),Colony of,0,0.07758620689655173
385<-380,380,385,1.7689083517662927,0.0003373652636064353,1,0,0,6,0.0003373652636064353,1,1,Sweden,Sovereign,6,0.012000000000000002,1,1,Norway,Sovereign (limited),6,0.011612903225806452
385<-390,390,385,3.4197634241548975,0.0011338442468419776,1,0,0,6,0.0011338442468419776,1,,Denmark,Sovereign,6,0,1,1,Norway,Sovereign (limited),6,0.011612903225806452
385<-210,210,385,0.06399426605851471,0.00017791833677833216,1,0,0,6,0.00017791833677833216,1,1,Netherlands,Sovereign,6,0.006428571428571429,1,1,Norway,Sovereign (limited),6,0.011612903225806452
385<-211,211,385,0,0.00005862001384842137,0,1,0,bridge,0.00005862001384842137,1,1,Belgium,Sovereign,2,0,1,1,Norway,Sovereign (limited),6,0.011612903225806452
385<-200,200,385,0,0.0013519369193935535,0,1,0,bridge,0.0013519369193935535,1,1,United Kingdom,Sovereign,3,0.016788321167883213,1,1,Norway,Sovereign (limited),6,0.011612903225806452
385<-220,220,385,0,0.00024689301001004166,0,1,0,bridge,0.00024689301001004166,1,1,France,Sovereign,0,0.09146341463414634,1,1,Norway,Sovereign (limited),6,0.011612903225806452
385<-230,230,385,0,0.000055676898793042955,0,1,0,bridge,0.000055676898793042955,1,1,Spain,Sovereign,0,0.02830188679245283,1,1,Norway,Sovereign (limited),6,0.011612903225806452
385<-235,235,385,0.8334631406179477,0.00005714947540489261,0,1,0,bridge,0.00005714947540489261,1,1,Portugal,Sovereign,8,0,1,1,Norway,Sovereign (limited),6,0.011612903225806452
385<-640,640,385,0.3790011596666458,0.00023399165930979,0,1,0,bridge,0.00023399165930979,1,,Turkey (Ottoman Empire),Sovereign,5,0,1,1,Norway,Sovereign (limited),6,0.011612903225806452
385<-160,160,385,0,0.00006095397134689104,0,1,0,bridge,0.00006095397134689104,1,1,Argentina (La Plata),Sovereign,2,0,1,1,Norway,Sovereign (limited),6,0.011612903225806452
385<-140,140,385,0,0.00010907971128204264,0,1,0,bridge,0.00010907971128204264,1,1,Brazil,Sovereign,2,0,1,1,Norway,Sovereign (limited),6,0.011612903225806452
385<-2,2,385,0,0.000002226698890582352,0,1,0,bridge,0.000002226698890582352,1,1,United States of America,Sovereign,4,0.11555555555555556,1,1,Norway,Sovereign (limited),6,0.011612903225806452
220<-615,615,220,1.8075158247049583,0.002926459639028848,0.75,0.25,0.75,0,0.002926459639028848,1,1,Algeria (Regency of Algiers),Colony of,0,0.07758620689655173,1,1,France,Sovereign,0,0.09146341463414634
220<-255,255,220,0.7092966252390065,0.011747185709571058,0,1,0,bridge,0.011747185709571058,1,,Germany (Zollverein),Sovereign (limited),6,0.005454545454545455,1,1,France,Sovereign,0,0.09146341463414634
220<-200,200,220,0,0.025226357736118376,0,1,0,bridge,0.025226357736118376,1,1,United Kingdom,Sovereign,3,0.016788321167883213,1,1,France,Sovereign,0,0.09146341463414634
220<-300,300,220,0,0.0019846633658719974,0,1,0,bridge,0.0019846633658719974,1,,Austria-Hungary (Austrian Empire),Sovereign,5,0,1,1,France,Sovereign,0,0.09146341463414634
220<-211,211,220,1.0740259638830971,0.014508256734777241,0,1,0,bridge,0.014508256734777241,1,1,Belgium,Sovereign,2,0,1,1,France,Sovereign,0,0.09146341463414634
220<-140,140,220,0,0.0027105356154270336,0,1,0,bridge,0.0027105356154270336,1,1,Brazil,Sovereign,2,0,1,1,France,Sovereign,0,0.09146341463414634
220<-155,155,220,0,0.0006248014299967398,0,1,0,bridge,0.0006248014299967398,1,1,Chile,Sovereign,2,0,1,1,France,Sovereign,0,0.09146341463414634
220<-710,710,220,0,0.00175036282962322,0,1,0,bridge,0.00175036282962322,1,1,People's Republic of China (China),Sovereign,1,0.030857142857142854,1,1,France,Sovereign,0,0.09146341463414634
220<-390,390,220,0,0.000013782384485222204,0,1,0,bridge,0.000013782384485222204,1,,Denmark,Sovereign,6,0,1,1,France,Sovereign,0,0.09146341463414634
220<-651,651,220,0,0.0022051815176355525,0,1,0,bridge,0.0022051815176355525,1,,Egypt Arab Republic (Egypt),Sovereign,5,0,1,1,France,Sovereign,0,0.09146341463414634
220<-130,130,220,0,0.000036753025293925874,0.75,0.25,0.75,0,0.000036753025293925874,1,,Ecuador,Sovereign,0,0.09375,1,1,France,Sovereign,0,0.09146341463414634
220<-230,230,220,0.7315268984396451,0.004759516775563401,0.75,0.25,0.75,0,0.004759516775563401,1,1,Spain,Sovereign,0,0.02830188679245283,1,1,France,Sovereign,0,0.09146341463414634
220<-2,2,220,0,0.008016753642237582,0,1,0,bridge,0.008016753642237582,1,1,United States of America,Sovereign,4,0.11555555555555556,1,1,France,Sovereign,0,0.09146341463414634
220<-350,350,220,0,0.0002480829207339997,0,1,0,bridge,0.0002480829207339997,1,1,Greece,Sovereign,5,0,1,1,France,Sovereign,0,0.09146341463414634
220<-65,65,220,1.9139521895877307,0.0011025907588177763,1,0,0,0,0.0011025907588177763,1,1,Guadeloupe,Colony of,0,0,1,1,France,Sovereign,0,0.09146341463414634
220<-120,120,220,1.8638615804572245,0.00006431779426437029,1,0,0,0,0.00006431779426437029,1,1,French Guiana,Colony of,0,0,1,1,France,Sovereign,0,0.09146341463414634
220<-41,41,220,1.332132154479085,0.0009555786576420729,0,1,0,bridge,0.0009555786576420729,1,1,Haiti,Sovereign,7,0.22153846153846152,1,1,France,Sovereign,0,0.09146341463414634
220<-585,585,220,1.9365344900466663,0.0009739551702890357,1,0,0,0,0.0009739551702890357,1,1,Reunion (Bourbon I.),Colony of,0,0,1,1,France,Sovereign,0,0.09146341463414634
220<-750,750,220,0,0.006321520350555251,0,1,0,bridge,0.006321520350555251,1,1,India,Colony of,1,0.03891891891891892,1,1,France,Sovereign,0,0.09146341463414634
220<-751,751,220,1.2886214071967002,0.0003307772276453329,0,1,0,bridge,0.0003307772276453329,1,1,French India,Colony of,1,0,1,1,France,Sovereign,0,0.09146341463414634
220<-850,850,220,0,0.00006891192242611102,0,1,0,bridge,0.00006891192242611102,1,,Indonesia (Dutch East Indies),Colony of,6,0,1,1,France,Sovereign,0,0.09146341463414634
220<-325,325,220,1.3740512698284344,0.01474715139918776,0,1,0,bridge,0.01474715139918776,1,1,Italy,Sovereign,5,0,1,1,France,Sovereign,0,0.09146341463414634
220<-740,740,220,1.1287108913376198,0.0014241797301396278,0,1,0,bridge,0.0014241797301396278,1,,Japan,Sovereign,1,0,1,1,France,Sovereign,0,0.09146341463414634
220<-66,66,220,1.8745132959529434,0.0012220380910230354,1,0,0,0,0.0012220380910230354,1,1,Martinique,Colony of,0,0,1,1,France,Sovereign,0,0.09146341463414634
220<-70,70,220,0,0.0003307772276453329,0,1,0,bridge,0.0003307772276453329,1,,Mexico,Sovereign,4,0.16,1,1,France,Sovereign,0,0.09146341463414634
220<-385,385,220,0.7718887760621488,0.0020168222630041824,0,1,0,bridge,0.0020168222630041824,1,1,Norway,Sovereign (limited),6,0.011612903225806452,1,1,France,Sovereign,0,0.09146341463414634
220<-210,210,220,0,0.0016584802663884052,0,1,0,bridge,0.0016584802663884052,1,1,Netherlands,Sovereign,6,0.006428571428571429,1,1,France,Sovereign,0,0.09146341463414634
220<-135,135,220,0.39761856360064085,0.001699827419844072,0,1,0,bridge,0.001699827419844072,1,,Peru,Sovereign,2,0,1,1,France,Sovereign,0,0.09146341463414634
220<-840,840,220,0,0.000009188256323481469,0.75,0.25,0.75,0,0.000009188256323481469,1,,Philippines,Colony of,0,0.125,1,1,France,Sovereign,0,0.09146341463414634
220<-235,235,220,0,0.00038590676558622174,0,1,0,bridge,0.00038590676558622174,1,1,Portugal,Sovereign,8,0,1,1,France,Sovereign,0,0.09146341463414634
220<-68,68,220,0,0.000004594128161740734,0,1,0,bridge,0.000004594128161740734,1,,Netherlands Antilles,Colony of,7,0.13714285714285715,1,1,France,Sovereign,0,0.09146341463414634
220<-160,160,220,1.021597527224126,0.0045573751364468085,0,1,0,bridge,0.0045573751364468085,1,1,Argentina (La Plata),Sovereign,2,0,1,1,France,Sovereign,0,0.09146341463414634
220<-365,365,220,0.004787598713514323,0.004699793109460771,0,1,0,bridge,0.004699793109460771,1,1,Russia (USSR),Sovereign,5,0.009999999999999998,1,1,France,Sovereign,0,0.09146341463414634
220<-1029,1029,220,1.9048534445806002,0.000969361042127295,1,0,0,0,0.000969361042127295,1,1,St. Pierre and Miquelon,Colony of,0,0.1875,1,1,France,Sovereign,0,0.09146341463414634
220<-433,433,220,1.8286047315056049,0.0005650777638941104,1,0,0,0,0.0005650777638941104,1,,Senegal,Colony of,0,0.1875,1,1,France,Sovereign,0,0.09146341463414634
220<-380,380,220,0.5108684747584133,0.0022603110555764415,0,1,0,bridge,0.0022603110555764415,1,1,Sweden,Sovereign,6,0.012000000000000002,1,1,France,Sovereign,0,0.09146341463414634
220<-225,225,220,1.6172360376692463,0.006110190455115177,0,1,0,bridge,0.006110190455115177,1,,Switzerland,Sovereign,5,0,1,1,France,Sovereign,0,0.09146341463414634
220<-640,640,220,0.5502903997816172,0.006546632630480547,0,1,0,bridge,0.006546632630480547,1,,Turkey (Ottoman Empire),Sovereign,5,0,1,1,France,Sovereign,0,0.09146341463414634
220<-165,165,220,1.1055468533482085,0.002457858566531293,0,1,0,bridge,0.002457858566531293,1,1,Uruguay,Sovereign,2,0,1,1,France,Sovereign,0,0.09146341463414634
220<-101,101,220,0.44469946850961584,0.0005099482259532216,0,1,0,bridge,0.0005099482259532216,1,,Venezuela,Sovereign,6,0,1,1,France,Sovereign,0,0.09146341463414634
827<-200,200,827,1.4591101373665263,0.0022530249608058908,0,1,0,bridge,0.0022530249608058908,1,1,United Kingdom,Sovereign,3,0.016788321167883213,1,1,Straits Settlements,Colony of,1,0.08
590<-200,200,590,1.4591101373665265,0.0004261236119078708,0,1,0,bridge,0.0004261236119078708,1,1,United Kingdom,Sovereign,3,0.016788321167883213,1,1,Mauritius,Colony of,1,0.051428571428571435
901<-200,200,901,1.4591101373665265,0.004098405812137765,1,0,0,3,0.004098405812137765,1,1,United Kingdom,Sovereign,3,0.016788321167883213,1,1,New South Wales,Colony of,3,0
904<-200,200,904,1.4591101373665265,0.00827239823560109,1,0,0,3,0.00827239823560109,1,1,United Kingdom,Sovereign,3,0.016788321167883213,1,1,Victoria,Colony of,3,0
903<-200,200,903,1.4591101373665265,0.0018857175313519072,1,0,0,3,0.0018857175313519072,1,1,United Kingdom,Sovereign,3,0.016788321167883213,1,1,South Australia,Colony of,3,0
902<-200,200,902,1.4591101373665263,0.00014798634393841547,1,0,0,3,0.00014798634393841547,1,1,United Kingdom,Sovereign,3,0.016788321167883213,1,1,Western Australia,Colony of,3,0
906<-200,200,906,1.4591101373665265,0.00047200495209750065,1,0,0,3,0.00047200495209750065,1,1,United Kingdom,Sovereign,3,0.016788321167883213,1,1,Tasmania,Colony of,3,0
920<-200,200,920,1.4591101373665263,0.002842958301378093,1,0,0,3,0.002842958301378093,1,1,United Kingdom,Sovereign,3,0.016788321167883213,1,1,New Zealand,Colony of,3,0
905<-200,200,905,1.4591101373665267,0.00052705608480953,1,0,0,3,0.00052705608480953,1,1,United Kingdom,Sovereign,3,0.016788321167883213,1,1,Queensland,Colony of,3,0
1163<-200,200,1163,1.4591101373665263,0.000017494299000174153,1,0,0,3,0.000017494299000174153,1,1,United Kingdom,Sovereign,3,0.016788321167883213,1,1,Falkland Is.,Colony of,3,0
562<-200,200,562,1.4591101373665265,0.00035077058167809033,0,1,0,bridge,0.00035077058167809033,1,1,United Kingdom,Sovereign,3,0.016788321167883213,1,1,Natal,Colony of,10,0
4050<-200,200,4050,1.4591101373665263,0.000054232442534745704,0,1,0,bridge,0.000054232442534745704,1,1,United Kingdom,Sovereign,3,0.016788321167883213,1,1,St. Helena,Colony of,10,0
1024<-200,200,1024,1.4591101373665263,0.00019090629211671305,0,1,0,bridge,0.00019090629211671305,1,1,United Kingdom,Sovereign,3,0.016788321167883213,1,1,Prince Edward Is.,Colony of,4,0.13714285714285715
21<-200,200,21,1.4591101373665265,0.000427791057155954,0,1,0,bridge,0.000427791057155954,1,1,United Kingdom,Sovereign,3,0.016788321167883213,1,1,Newfoundland and Labrador (Newfoundland),Colony of,4,0.13714285714285715
31<-200,200,31,1.4591101373665263,0.00004684572946626051,0,1,0,bridge,0.00004684572946626051,1,1,United Kingdom,Sovereign,3,0.016788321167883213,1,1,Bahamas,Colony of,9,0
1032<-200,200,1032,1.4591101373665263,0.0000014997756496282554,0.2,0.8,0.6400000000000001,bridge,0.0000014997756496282554,1,1,United Kingdom,Sovereign,3,0.016788321167883213,1,1,Turks and Caicos Is.,Colony of,7,0.64
54<-200,200,54,1.4591101373665265,0.00003211971335368084,1,0,0,3,0.00003211971335368084,1,1,United Kingdom,Sovereign,3,0.016788321167883213,1,1,Dominica,Colony of,3,0
1048<-200,200,1048,1.4591101373665263,0.00042638494521304887,1,0,0,3,0.00042638494521304887,1,1,United Kingdom,Sovereign,3,0.016788321167883213,1,1,Trinidad,Colony of,3,0
110<-200,200,110,1.4591101373665265,0.0008783227372306353,0,1,0,bridge,0.0008783227372306353,1,1,United Kingdom,Sovereign,3,0.016788321167883213,1,1,Guyana (British Guiana),Colony of,7,0.12
30<-200,200,30,0.33668368986526415,0.00008009634535296868,0,1,0,bridge,0.00008009634535296868,1,1,United Kingdom,Sovereign,3,0.016788321167883213,1,1,Bermuda,Colony of,7,0.4894117647058824
30<-51,51,30,0.32392423753332755,5.134158738897035e-7,0.4,0.6,0.96,bridge,5.134158738897035e-7,1,1,Jamaica,Colony of,4,0.096,1,1,Bermuda,Colony of,7,0.4894117647058824
30<-1032,1032,30,2.5688398522233924,1.156342058310143e-7,0.8,0.19999999999999996,0.6399999999999999,7,1.156342058310143e-7,1,1,Turks and Caicos Is.,Colony of,7,0.64,1,1,Bermuda,Colony of,7,0.4894117647058824
30<-2,2,30,1.8652479340974664,0.00012021678940809739,0.4,0.6,0.96,bridge,0.00012021678940809739,1,1,United States of America,Sovereign,4,0.11555555555555556,1,1,Bermuda,Colony of,7,0.4894117647058824
30<-6,6,30,1.2876254018074476,0.000002473415662725396,0.4,0.6,0.96,bridge,0.000002473415662725396,1,,Puerto Rico,Colony of,4,0.192,1,1,Bermuda,Colony of,7,0.4894117647058824
30<-40,40,30,0,0.000003815928792423472,0.4,0.6,0.96,bridge,0.000003815928792423472,1,,Cuba,Colony of,4,0.096,1,1,Bermuda,Colony of,7,0.4894117647058824
30<-5,5,30,3.640045289939577,0.0000026480233135302274,1,0,0,7,0.0000026480233135302274,1,,Virgin Islands (Danish West Indies),Colony of,7,0.12,1,1,Bermuda,Colony of,7,0.4894117647058824
350<-200,200,350,0.27351539182335916,0.0010007479747783825,0,1,0,bridge,0.0010007479747783825,1,1,United Kingdom,Sovereign,3,0.016788321167883213,1,1,Greece,Sovereign,5,0
350<-651,651,350,0,0.00001732546519338837,1,0,0,5,0.00001732546519338837,1,,Egypt Arab Republic (Egypt),Sovereign,5,0,1,1,Greece,Sovereign,5,0
350<-300,300,350,2.208794669079543,0.00044052553759322345,1,0,0,5,0.00044052553759322345,1,,Austria-Hungary (Austrian Empire),Sovereign,5,0,1,1,Greece,Sovereign,5,0
350<-211,211,350,0,0.00006863637411958722,0,1,0,bridge,0.00006863637411958722,1,1,Belgium,Sovereign,2,0,1,1,Greece,Sovereign,5,0
350<-220,220,350,0.59245792631254,0.0006176800907785268,0,1,0,bridge,0.0006176800907785268,1,1,France,Sovereign,0,0.09146341463414634,1,1,Greece,Sovereign,5,0
350<-325,325,350,1.039444489745856,0.00024198498867854923,1,0,0,5,0.00024198498867854923,1,1,Italy,Sovereign,5,0,1,1,Greece,Sovereign,5,0
350<-210,210,350,0,0.000007849360019624329,0,1,0,bridge,0.000007849360019624329,1,1,Netherlands,Sovereign,6,0.006428571428571429,1,1,Greece,Sovereign,5,0
350<-360,360,350,2.5686081049442024,0.00009661041240368608,1,0,0,5,0.00009661041240368608,1,,Romania,Vassal of,5,0,1,1,Greece,Sovereign,5,0
350<-365,365,350,1.097361372171343,0.0003213480479748267,1,0,0,5,0.0003213480479748267,1,1,Russia (USSR),Sovereign,5,0.009999999999999998,1,1,Greece,Sovereign,5,0
350<-640,640,350,1.675277290239895,0.0004623722215718794,1,0,0,5,0.0004623722215718794,1,,Turkey (Ottoman Empire),Sovereign,5,0,1,1,Greece,Sovereign,5,0
780<-200,200,780,0.16980507133913736,0.0013595772694525588,0,1,0,bridge,0.0013595772694525588,1,1,United Kingdom,Sovereign,3,0.016788321167883213,1,1,Sri Lanka (Ceylon),Colony of,1,0.048
780<-561,561,780,0,1.2719762641411573e-8,0,1,0,bridge,1.2719762641411573e-8,1,1,Cape Colony (Cape of Good Hope),Colony of,10,0,1,1,Sri Lanka (Ceylon),Colony of,1,0.048
780<-590,590,780,0.17893142095058595,0.000008450547762130525,1,0,0,1,0.000008450547762130525,1,1,Mauritius,Colony of,1,0.051428571428571435,1,1,Sri Lanka (Ceylon),Colony of,1,0.048
780<-681,681,780,0,7.053686555691873e-8,0.1,0.9,0.36000000000000004,bridge,7.053686555691873e-8,1,1,Aden,Dependency of,8,0.13846153846153847,1,1,Sri Lanka (Ceylon),Colony of,1,0.048
780<-750,750,780,2.449636376135912,0.003101053848792917,1,0,0,1,0.003101053848792917,1,1,India,Colony of,1,0.03891891891891892,1,1,Sri Lanka (Ceylon),Colony of,1,0.048
780<-720,720,780,0,0.00001561177412924524,0.9,0.09999999999999998,0.35999999999999993,1,0.00001561177412924524,1,,Hong Kong,Colony of,1,0.07199999999999998,1,1,Sri Lanka (Ceylon),Colony of,1,0.048
780<-220,220,780,0,2.6942769958626333e-7,0,1,0,bridge,2.6942769958626333e-7,1,1,France,Sovereign,0,0.09146341463414634,1,1,Sri Lanka (Ceylon),Colony of,1,0.048
780<-781,781,780,4.173830598327367,0.000034809364981310235,1,0,0,1,0.000034809364981310235,1,,Maldive Islands,Protectorate of,1,0,1,1,Sri Lanka (Ceylon),Colony of,1,0.048
780<-751,751,780,4.103254482186611,0.00019073630983414147,1,0,0,1,0.00019073630983414147,1,1,French India,Colony of,1,0,1,1,Sri Lanka (Ceylon),Colony of,1,0.048
780<-2,2,780,0,0.000015581709235729176,0,1,0,bridge,0.000015581709235729176,1,1,United States of America,Sovereign,4,0.11555555555555556,1,1,Sri Lanka (Ceylon),Colony of,1,0.048
780<-698,698,780,5.311276392809727,0.0000022779938548709815,1,0,0,1,0.0000022779938548709815,1,,Oman (Sultanate of Muscat and Oman),Sovereign (unrecognized),1,0,1,1,Sri Lanka (Ceylon),Colony of,1,0.048
365<-239,239,365,2.2118041378139774,0.01813793692770971,0.9,0.09999999999999998,0.35999999999999993,5,0.01813793692770971,1,,Prussia,Sovereign,5,0.16363636363636366,1,1,Russia (USSR),Sovereign,5,0.009999999999999998
365<-390,390,365,0,0.00003806382643343605,0,1,0,bridge,0.00003806382643343605,1,,Denmark,Sovereign,6,0,1,1,Russia (USSR),Sovereign,5,0.009999999999999998
365<-210,210,365,0,0.0007047263255380769,0,1,0,bridge,0.0007047263255380769,1,1,Netherlands,Sovereign,6,0.006428571428571429,1,1,Russia (USSR),Sovereign,5,0.009999999999999998
365<-211,211,365,0,0.0010815795787628478,0,1,0,bridge,0.0010815795787628478,1,1,Belgium,Sovereign,2,0,1,1,Russia (USSR),Sovereign,5,0.009999999999999998
365<-200,200,365,0.23563169816972743,0.01443236990677894,0,1,0,bridge,0.01443236990677894,1,1,United Kingdom,Sovereign,3,0.016788321167883213,1,1,Russia (USSR),Sovereign,5,0.009999999999999998
365<-220,220,365,0,0.0031737902763038553,0,1,0,bridge,0.0031737902763038553,1,1,France,Sovereign,0,0.09146341463414634,1,1,Russia (USSR),Sovereign,5,0.009999999999999998
365<-235,235,365,0,0.00009126207321740052,0,1,0,bridge,0.00009126207321740052,1,1,Portugal,Sovereign,8,0,1,1,Russia (USSR),Sovereign,5,0.009999999999999998
365<-230,230,365,0,0.0006460947659033989,0,1,0,bridge,0.0006460947659033989,1,1,Spain,Sovereign,0,0.02830188679245283,1,1,Russia (USSR),Sovereign,5,0.009999999999999998
365<-325,325,365,0,0.0012352758349995622,1,0,0,5,0.0012352758349995622,1,1,Italy,Sovereign,5,0,1,1,Russia (USSR),Sovereign,5,0.009999999999999998
365<-300,300,365,0.800695017911114,0.0016140121216312035,1,0,0,5,0.0016140121216312035,1,,Austria-Hungary (Austrian Empire),Sovereign,5,0,1,1,Russia (USSR),Sovereign,5,0.009999999999999998
365<-350,350,365,1.1113613126156219,0.00048261674090720224,1,0,0,5,0.00048261674090720224,1,1,Greece,Sovereign,5,0,1,1,Russia (USSR),Sovereign,5,0.009999999999999998
365<-640,640,365,0.5354121432697683,0.0022152370268129994,1,0,0,5,0.0022152370268129994,1,,Turkey (Ottoman Empire),Sovereign,5,0,1,1,Russia (USSR),Sovereign,5,0.009999999999999998
365<-360,360,365,1.4523657732282174,0.0004739272292052305,1,0,0,5,0.0004739272292052305,1,,Romania,Vassal of,5,0,1,1,Russia (USSR),Sovereign,5,0.009999999999999998
365<-2,2,365,0,0.0005460804280040288,0,1,0,bridge,0.0005460804280040288,1,1,United States of America,Sovereign,4,0.11555555555555556,1,1,Russia (USSR),Sovereign,5,0.009999999999999998
365<-630,630,365,1.9462327336961234,0.0007190718935692922,0,1,0,bridge,0.0007190718935692922,1,,Iran (Persia),Sovereign,1,0,1,1,Russia (USSR),Sovereign,5,0.009999999999999998
365<-7030,7030,365,3.014803245780586,0.0000019428263406421667,1,0,0,5,0.0000019428263406421667,1,,Khiva,Sovereign (unrecognized),5,0,1,1,Russia (USSR),Sovereign,5,0.009999999999999998
365<-710,710,365,0,0.000842054118152512,0,1,0,bridge,0.000842054118152512,1,1,People's Republic of China (China),Sovereign,1,0.030857142857142854,1,1,Russia (USSR),Sovereign,5,0.009999999999999998
561<-200,200,561,1.2075017852442287,0.0017526271858086429,0,1,0,bridge,0.0017526271858086429,1,1,United Kingdom,Sovereign,3,0.016788321167883213,1,1,Cape Colony (Cape of Good Hope),Colony of,10,0
561<-780,780,561,0,0.000006849014011370977,0,1,0,bridge,0.000006849014011370977,1,1,Sri Lanka (Ceylon),Colony of,1,0.048,1,1,Cape Colony (Cape of Good Hope),Colony of,10,0
561<-720,720,561,0.29375222882431096,0.000028681908414324786,0,1,0,bridge,0.000028681908414324786,1,,Hong Kong,Colony of,1,0.07199999999999998,1,1,Cape Colony (Cape of Good Hope),Colony of,10,0
561<-7121,7121,561,6.095031015638693,3.469026174930429e-9,1,0,0,10,3.469026174930429e-9,1,,Shangai,Leased to,10,0,1,1,Cape Colony (Cape of Good Hope),Colony of,10,0
561<-901,901,561,0,2.3358109577864889e-7,0,1,0,bridge,2.3358109577864889e-7,1,1,New South Wales,Colony of,3,0,1,1,Cape Colony (Cape of Good Hope),Colony of,10,0
561<-903,903,561,1.0125986431427019,0.000010244034294569557,0,1,0,bridge,0.000010244034294569557,1,1,South Australia,Colony of,3,0,1,1,Cape Colony (Cape of Good Hope),Colony of,10,0
561<-904,904,561,0,8.383479922748537e-7,0,1,0,bridge,8.383479922748537e-7,1,1,Victoria,Colony of,3,0,1,1,Cape Colony (Cape of Good Hope),Colony of,10,0
561<-4070,4070,561,2.1778041823355188,5.3191734682266575e-8,1,0,0,10,5.3191734682266575e-8,1,,Ascension I.,Possession of,10,0,1,1,Cape Colony (Cape of Good Hope),Colony of,10,0
561<-590,590,561,2.53049201874439,0.00004052978914377051,0,1,0,bridge,0.00004052978914377051,1,1,Mauritius,Colony of,1,0.051428571428571435,1,1,Cape Colony (Cape of Good Hope),Colony of,10,0
561<-562,562,561,4.465626658272593,0.00010531847832882952,1,0,0,10,0.00010531847832882952,1,1,Natal,Colony of,10,0,1,1,Cape Colony (Cape of Good Hope),Colony of,10,0
561<-4050,4050,561,4.52956035750007,6.290500797207178e-7,1,0,0,10,6.290500797207178e-7,1,1,St. Helena,Colony of,10,0,1,1,Cape Colony (Cape of Good Hope),Colony of,10,0
561<-300,300,561,0,6.938052349860858e-9,0,1,0,bridge,6.938052349860858e-9,1,,Austria-Hungary (Austrian Empire),Sovereign,5,0,1,1,Cape Colony (Cape of Good Hope),Colony of,10,0
561<-210,210,561,0,0.00000282841267462661,0,1,0,bridge,0.00000282841267462661,1,1,Netherlands,Sovereign,6,0.006428571428571429,1,1,Cape Colony (Cape of Good Hope),Colony of,10,0
561<-385,385,561,0,0.000003370737099974067,0,1,0,bridge,0.000003370737099974067,1,1,Norway,Sovereign (limited),6,0.011612903225806452,1,1,Cape Colony (Cape of Good Hope),Colony of,10,0
561<-235,235,561,0,6.938052349860858e-9,0,1,0,bridge,6.938052349860858e-9,1,1,Portugal,Sovereign,8,0,1,1,Cape Colony (Cape of Good Hope),Colony of,10,0
561<-380,380,561,0,0.000008775479880515675,0,1,0,bridge,0.000008775479880515675,1,1,Sweden,Sovereign,6,0.012000000000000002,1,1,Cape Colony (Cape of Good Hope),Colony of,10,0
561<-710,710,561,0,0.000007982229228514917,0,1,0,bridge,0.000007982229228514917,1,1,People's Republic of China (China),Sovereign,1,0.030857142857142854,1,1,Cape Colony (Cape of Good Hope),Colony of,10,0
561<-740,740,561,0,6.012978703212743e-8,0,1,0,bridge,6.012978703212743e-8,1,,Japan,Sovereign,1,0,1,1,Cape Colony (Cape of Good Hope),Colony of,10,0
561<-800,800,561,0,8.950087531320507e-7,0,1,0,bridge,8.950087531320507e-7,1,,Thailand (Siam),Sovereign (unrecognized),1,0,1,1,Cape Colony (Cape of Good Hope),Colony of,10,0
561<-9974,9974,561,6.095031015638693,0.0000031510321088951398,1,0,0,10,0.0000031510321088951398,1,,Crozet Is.,Possession of,10,0,1,1,Cape Colony (Cape of Good Hope),Colony of,10,0
561<-9610,9610,561,6.095031015638693,1.2719762641411573e-8,1,0,0,10,1.2719762641411573e-8,1,,Clipperton I.,Occupied by,10,0,1,1,Cape Colony (Cape of Good Hope),Colony of,10,0
561<-541,541,561,4.935331034990744,1.4685544140538815e-7,1,0,0,10,1.4685544140538815e-7,1,,Mozambique (Portuguese East Africa),Colony of,10,0,1,1,Cape Colony (Cape of Good Hope),Colony of,10,0
561<-585,585,561,0,2.5670793694485176e-7,0,1,0,bridge,2.5670793694485176e-7,1,1,Reunion (Bourbon I.),Colony of,0,0,1,1,Cape Colony (Cape of Good Hope),Colony of,10,0
561<-511,511,561,6.095031015638693,2.5439525282823145e-8,1,0,0,10,2.5439525282823145e-8,1,,Zanzibar,Sovereign (unrecognized),10,0,1,1,Cape Colony (Cape of Good Hope),Colony of,10,0
561<-140,140,561,0.8085154625718354,0.0001164783355335807,0,1,0,bridge,0.0001164783355335807,1,1,Brazil,Sovereign,2,0,1,1,Cape Colony (Cape of Good Hope),Colony of,10,0
561<-155,155,561,0.24610376508726892,0.000018700363766991634,0,1,0,bridge,0.000018700363766991634,1,1,Chile,Sovereign,2,0,1,1,Cape Colony (Cape of Good Hope),Colony of,10,0
561<-160,160,561,0,4.625368233240572e-8,0,1,0,bridge,4.625368233240572e-8,1,1,Argentina (La Plata),Sovereign,2,0,1,1,Cape Colony (Cape of Good Hope),Colony of,10,0
561<-2,2,561,0,0.00005872945679951385,0,1,0,bridge,0.00005872945679951385,1,1,United States of America,Sovereign,4,0.11555555555555556,1,1,Cape Colony (Cape of Good Hope),Colony of,10,0
561<-165,165,561,0,0.0000040240703629192976,0,1,0,bridge,0.0000040240703629192976,1,1,Uruguay,Sovereign,2,0,1,1,Cape Colony (Cape of Good Hope),Colony of,10,0
155<-220,220,155,0.9855275260257388,0.0015958875718314403,0,1,0,bridge,0.0015958875718314403,1,1,France,Sovereign,0,0.09146341463414634,1,1,Chile,Sovereign,2,0
155<-200,200,155,0.5921497964506572,0.002400140220715015,0,1,0,bridge,0.002400140220715015,1,1,United Kingdom,Sovereign,3,0.016788321167883213,1,1,Chile,Sovereign,2,0
155<-255,255,155,0.7806276093404991,0.0005044770148323887,0,1,0,bridge,0.0005044770148323887,1,,Germany (Zollverein),Sovereign (limited),6,0.005454545454545455,1,1,Chile,Sovereign,2,0
155<-211,211,155,0,0.00011860436124263386,1,0,0,2,0.00011860436124263386,1,1,Belgium,Sovereign,2,0,1,1,Chile,Sovereign,2,0
155<-210,210,155,0,0.000008659589030187928,0,1,0,bridge,0.000008659589030187928,1,1,Netherlands,Sovereign,6,0.006428571428571429,1,1,Chile,Sovereign,2,0
155<-239,239,155,0,0.000003287134656070978,0,1,0,bridge,0.000003287134656070978,1,,Prussia,Sovereign,5,0.16363636363636366,1,1,Chile,Sovereign,2,0
155<-225,225,155,0,4.862270845608734e-7,0,1,0,bridge,4.862270845608734e-7,1,,Switzerland,Sovereign,5,0,1,1,Chile,Sovereign,2,0
155<-40,40,155,0,0.00003150050560150075,0,1,0,bridge,0.00003150050560150075,1,,Cuba,Colony of,4,0.096,1,1,Chile,Sovereign,2,0
155<-230,230,155,0,0.0000012244404684197179,0,1,0,bridge,0.0000012244404684197179,1,1,Spain,Sovereign,0,0.02830188679245283,1,1,Chile,Sovereign,2,0
155<-235,235,155,0,2.1937891725853278e-7,0,1,0,bridge,2.1937891725853278e-7,1,1,Portugal,Sovereign,8,0,1,1,Chile,Sovereign,2,0
155<-325,325,155,0,0.00004079982041265289,0,1,0,bridge,0.00004079982041265289,1,1,Italy,Sovereign,5,0,1,1,Chile,Sovereign,2,0
155<-710,710,155,0,0.000012568038496411739,0,1,0,bridge,0.000012568038496411739,1,1,People's Republic of China (China),Sovereign,1,0.030857142857142854,1,1,Chile,Sovereign,2,0
155<-140,140,155,0.14092876209907718,0.00015139341298200603,1,0,0,2,0.00015139341298200603,1,1,Brazil,Sovereign,2,0,1,1,Chile,Sovereign,2,0
155<-165,165,155,0,0.00000860546521238097,1,0,0,2,0.00000860546521238097,1,1,Uruguay,Sovereign,2,0,1,1,Chile,Sovereign,2,0
155<-150,150,155,1.7277218440595004,0.00001399943602226544,1,0,0,2,0.00001399943602226544,1,,Paraguay,Sovereign,2,0,1,1,Chile,Sovereign,2,0
155<-160,160,155,1.610543411117586,0.000328412457325278,1,0,0,2,0.000328412457325278,1,1,Argentina (La Plata),Sovereign,2,0,1,1,Chile,Sovereign,2,0
155<-100,100,155,0,7.488606922798855e-7,0,1,0,bridge,7.488606922798855e-7,1,,Colombia (New Granada) (Gran Colombia),Sovereign,4,0,1,1,Chile,Sovereign,2,0
155<-130,130,155,2.2168221951326545,0.000030087962684309305,0,1,0,bridge,0.000030087962684309305,1,,Ecuador,Sovereign,0,0.09375,1,1,Chile,Sovereign,2,0
155<-135,135,155,2.0990432317374492,0.00037260876912424294,1,0,0,2,0.00037260876912424294,1,,Peru,Sovereign,2,0,1,1,Chile,Sovereign,2,0
155<-145,145,155,3.280451195720388,0.00003097590384283904,1,0,0,2,0.00003097590384283904,1,,Bolivia,Sovereign,2,0,1,1,Chile,Sovereign,2,0
710<-200,200,710,0.4668778711325881,0.009540814016561695,0,1,0,bridge,0.009540814016561695,1,1,United Kingdom,Sovereign,3,0.016788321167883213,1,1,People's Republic of China (China),Sovereign,1,0.030857142857142854
710<-720,720,710,3.408212127531057,0.007374720375196911,1,0,0,1,0.007374720375196911,1,,Hong Kong,Colony of,1,0.07199999999999998,1,1,People's Republic of China (China),Sovereign,1,0.030857142857142854
710<-750,750,710,1.5828285298194178,0.006795538862079,0.9,0.09999999999999998,0.35999999999999993,1,0.006795538862079,1,1,India,Colony of,1,0.03891891891891892,1,1,People's Republic of China (China),Sovereign,1,0.030857142857142854
710<-2,2,710,0,0.0005313763256920156,0,1,0,bridge,0.0005313763256920156,1,1,United States of America,Sovereign,4,0.11555555555555556,1,1,People's Republic of China (China),Sovereign,1,0.030857142857142854
710<-740,740,710,2.2060719785917344,0.0007535974026604925,1,0,0,1,0.0007535974026604925,1,,Japan,Sovereign,1,0,1,1,People's Republic of China (China),Sovereign,1,0.030857142857142854
710<-840,840,710,1.6166807306108983,0.00006907610199759135,0,1,0,bridge,0.00006907610199759135,1,,Philippines,Colony of,0,0.125,1,1,People's Republic of China (China),Sovereign,1,0.030857142857142854
710<-8151,8151,710,2.953563449668204,0.00013630207476972823,1,0,0,1,0.00013630207476972823,1,,Cochin China,Colony of,1,0,1,1,People's Republic of China (China),Sovereign,1,0.030857142857142854
710<-800,800,710,2.227993191307934,0.00016507955726426354,1,0,0,1,0.00016507955726426354,1,,Thailand (Siam),Sovereign (unrecognized),1,0,1,1,People's Republic of China (China),Sovereign,1,0.030857142857142854
51<-200,200,51,1.0132024705797418,0.0008962656969494339,0,1,0,bridge,0.0008962656969494339,1,1,United Kingdom,Sovereign,3,0.016788321167883213,1,1,Jamaica,Colony of,4,0.096
51<-220,220,51,0,0.000009735243788913094,0,1,0,bridge,0.000009735243788913094,1,1,France,Sovereign,0,0.09146341463414634,1,1,Jamaica,Colony of,4,0.096
51<-2,2,51,1.0699099553510232,0.0003087236717538169,1,0,0,4,0.0003087236717538169,1,1,United States of America,Sovereign,4,0.11555555555555556,1,1,Jamaica,Colony of,4,0.096
51<-41,41,51,1.0957126392838785,0.000007393651120835055,0.4,0.6,0.96,bridge,0.000007393651120835055,1,1,Haiti,Sovereign,7,0.22153846153846152,1,1,Jamaica,Colony of,4,0.096
2<-255,255,2,0.42993111660773486,0.006025006645634632,0,1,0,bridge,0.006025006645634632,1,,Germany (Zollverein),Sovereign (limited),6,0.005454545454545455,1,1,United States of America,Sovereign,4,0.11555555555555556
2<-365,365,2,0,0.00028175720423749534,0,1,0,bridge,0.00028175720423749534,1,1,Russia (USSR),Sovereign,5,0.009999999999999998,1,1,United States of America,Sovereign,4,0.11555555555555556
41<-5,5,41,6.679289333821899,0.00005689184550373257,1,0,0,7,0.00005689184550373257,1,,Virgin Islands (Danish West Indies),Colony of,7,0.12,1,1,Haiti,Sovereign,7,0.22153846153846152
41<-68,68,41,4.277531861514906,0.000005259266036997558,1,0,0,7,0.000005259266036997558,1,,Netherlands Antilles,Colony of,7,0.13714285714285715,1,1,Haiti,Sovereign,7,0.22153846153846152
235<-restOfTheWorld,restOfTheWorld,235,5.217504658948473,0.00008756672389743949,1,0,0,8,0.00008756672389743949,,,Rest Of The World,,8,0,1,1,Portugal,Sovereign,8,0
230<-255,255,230,0,0.00004001339399415534,0,1,0,bridge,0.00004001339399415534,1,,Germany (Zollverein),Sovereign (limited),6,0.005454545454545455,1,1,Spain,Sovereign,0,0.02830188679245283
230<-6067,6067,230,2.6871563012838826,0.000005441184386105344,1,0,0,0,0.000005441184386105344,,,Captaincy-general of north Africa,Colony of,0,0.25,1,1,Spain,Sovereign,0,0.02830188679245283
80<-5,5,80,0.05892786546904878,5.203539262395643e-8,0,1,0,bridge,5.203539262395643e-8,1,,Virgin Islands (Danish West Indies),Colony of,7,0.12,1,1,Belize (British Honduras),Colony of,9,0.07111111111111112
210<-255,255,210,0,0.0008014496687515963,1,0,0,6,0.0008014496687515963,1,,Germany (Zollverein),Sovereign (limited),6,0.005454545454545455,1,1,Netherlands,Sovereign,6,0.006428571428571429
210<-68,68,210,0.08268002751781937,0.000013533020556670724,0,1,0,bridge,0.000013533020556670724,1,,Netherlands Antilles,Colony of,7,0.13714285714285715,1,1,Netherlands,Sovereign,6,0.006428571428571429
210<-850,850,210,3.029657506660973,0.007308466548747977,1,0,0,6,0.007308466548747977,1,,Indonesia (Dutch East Indies),Colony of,6,0,1,1,Netherlands,Sovereign,6,0.006428571428571429
615<-365,365,615,0,0.00010309099553485843,0,1,0,bridge,0.00010309099553485843,1,1,Russia (USSR),Sovereign,5,0.009999999999999998,1,1,Algeria (Regency of Algiers),Colony of,0,0.07758620689655173
380<-239,239,380,0.5256394555300722,0.000567864534091567,0.1,0.9,0.36000000000000004,bridge,0.000567864534091567,1,,Prussia,Sovereign,5,0.16363636363636366,1,1,Sweden,Sovereign,6,0.012000000000000002
380<-255,255,380,1.7803988651579439,0.001990307951450565,1,0,0,6,0.001990307951450565,1,,Germany (Zollverein),Sovereign (limited),6,0.005454545454545455,1,1,Sweden,Sovereign,6,0.012000000000000002
681<-300,300,681,0,0.0000018344595016955222,0,1,0,bridge,0.0000018344595016955222,1,,Austria-Hungary (Austrian Empire),Sovereign,5,0,1,1,Aden,Dependency of,8,0.13846153846153847
681<-827,827,681,0.8070308316128403,0.000009726545805572953,0.1,0.9,0.36000000000000004,bridge,0.000009726545805572953,1,1,Straits Settlements,Colony of,1,0.08,1,1,Aden,Dependency of,8,0.13846153846153847
681<-651,651,681,0,0.000008731567175531076,0,1,0,bridge,0.000008731567175531076,1,,Egypt Arab Republic (Egypt),Sovereign,5,0,1,1,Aden,Dependency of,8,0.13846153846153847
681<-750,750,681,1.9676547414161512,0.000283326231847291,0.1,0.9,0.36000000000000004,bridge,0.000283326231847291,1,1,India,Colony of,1,0.03891891891891892,1,1,Aden,Dependency of,8,0.13846153846153847
211<-350,350,211,0,0.00005137182573381751,0,1,0,bridge,0.00005137182573381751,1,1,Greece,Sovereign,5,0,1,1,Belgium,Sovereign,2,0
211<-255,255,211,0,0.0006292024856042767,0,1,0,bridge,0.0006292024856042767,1,,Germany (Zollverein),Sovereign (limited),6,0.005454545454545455,1,1,Belgium,Sovereign,2,0
211<-640,640,211,0,0.00031946996322155245,0,1,0,bridge,0.00031946996322155245,1,,Turkey (Ottoman Empire),Sovereign,5,0,1,1,Belgium,Sovereign,2,0
200<-5,5,200,0,0.00007498993882347108,0,1,0,bridge,0.00007498993882347108,1,,Virgin Islands (Danish West Indies),Colony of,7,0.12,1,1,United Kingdom,Sovereign,3,0.016788321167883213
200<-255,255,200,0.0010066304700589541,0.013442741230186765,0,1,0,bridge,0.013442741230186765,1,,Germany (Zollverein),Sovereign (limited),6,0.005454545454545455,1,1,United Kingdom,Sovereign,3,0.016788321167883213
200<-850,850,200,0,0.0002598265914761142,0,1,0,bridge,0.0002598265914761142,1,,Indonesia (Dutch East Indies),Colony of,6,0,1,1,United Kingdom,Sovereign,3,0.016788321167883213
200<-411,411,200,1.1029745228544872,0.00003618541203069931,1,0,0,3,0.00003618541203069931,,,Equatorial Guinea (Spanish Guinea),Colony of,3,0,1,1,United Kingdom,Sovereign,3,0.016788321167883213
200<-300,300,200,0,0.0026327665364128837,0,1,0,bridge,0.0026327665364128837,1,,Austria-Hungary (Austrian Empire),Sovereign,5,0,1,1,United Kingdom,Sovereign,3,0.016788321167883213
200<-360,360,200,0.7047568798659678,0.0015181892405647863,0,1,0,bridge,0.0015181892405647863,1,,Romania,Vassal of,5,0,1,1,United Kingdom,Sovereign,3,0.016788321167883213
200<-600,600,200,0.02746287739371547,0.0004221284500964093,0,1,0,bridge,0.0004221284500964093,1,,Morocco,Sovereign,0,0.15,1,1,United Kingdom,Sovereign,3,0.016788321167883213
200<-338,338,200,0.5251632537041562,0.00018754018038497224,0,1,0,bridge,0.00018754018038497224,1,1,Malta,Colony of,5,0,1,1,United Kingdom,Sovereign,3,0.016788321167883213
200<-750,750,200,0.7351853408054478,0.03754697589580804,0,1,0,bridge,0.03754697589580804,1,1,India,Colony of,1,0.03891891891891892,1,1,United Kingdom,Sovereign,3,0.016788321167883213
200<-1027,1027,200,0.49816730852510194,0.000059540052582389265,0,1,0,bridge,0.000059540052582389265,1,,British Columbia,Colony of,4,0.16,1,1,United Kingdom,Sovereign,3,0.016788321167883213
200<-1063,1063,200,1.102974522854487,0.0007343720270757223,0,1,0,bridge,0.0007343720270757223,,,Leeward Is.,Colony of,7,0.176,1,1,United Kingdom,Sovereign,3,0.016788321167883213
200<-1055,1055,200,1.075821827982226,0.0014647165147623502,0,1,0,bridge,0.0014647165147623502,,,Windward Is.,Colony of,7,0,1,1,United Kingdom,Sovereign,3,0.016788321167883213
200<-110,110,200,1.075200590100533,0.0013980036723922633,0,1,0,bridge,0.0013980036723922633,1,1,Guyana (British Guiana),Colony of,7,0.12,1,1,United Kingdom,Sovereign,3,0.016788321167883213
451<-235,235,451,0,9.94454170146723e-8,0,1,0,bridge,9.94454170146723e-8,1,1,Portugal,Sovereign,8,0,1,1,Sierra Leone,Colony of,4,0.348
451<-230,230,451,0,2.7058404164457346e-7,0,1,0,bridge,2.7058404164457346e-7,1,1,Spain,Sovereign,0,0.02830188679245283,1,1,Sierra Leone,Colony of,4,0.348
451<-433,433,451,2.2984917369834026,0.000002054819837617124,0.25,0.75,0.75,bridge,0.000002054819837617124,1,,Senegal,Colony of,0,0.1875,1,1,Sierra Leone,Colony of,4,0.348
385<-365,365,385,0.5842810034376916,0.0003558950161248501,0,1,0,bridge,0.0003558950161248501,1,1,Russia (USSR),Sovereign,5,0.009999999999999998,1,1,Norway,Sovereign (limited),6,0.011612903225806452
385<-255,255,385,1.986122127602108,0.0017865882880641884,1,0,0,6,0.0017865882880641884,1,,Germany (Zollverein),Sovereign (limited),6,0.005454545454545455,1,1,Norway,Sovereign (limited),6,0.011612903225806452
385<-239,239,385,0,0.000049456918619738886,0.1,0.9,0.36000000000000004,bridge,0.000049456918619738886,1,,Prussia,Sovereign,5,0.16363636363636366,1,1,Norway,Sovereign (limited),6,0.011612903225806452
220<-100,100,220,0,0.0004272539190418883,0,1,0,bridge,0.0004272539190418883,1,,Colombia (New Granada) (Gran Colombia),Sovereign,4,0,1,1,France,Sovereign,0,0.09146341463414634
220<-5,5,220,0,0.000013782384485222204,0,1,0,bridge,0.000013782384485222204,1,,Virgin Islands (Danish West Indies),Colony of,7,0.12,1,1,France,Sovereign,0,0.09146341463414634
30<-1055,1055,30,2.9988980765345086,0.000007430654066700979,1,0,0,7,0.000007430654066700979,,,Windward Is.,Colony of,7,0,1,1,Bermuda,Colony of,7,0.4894117647058824
30<-110,110,30,3.0509440379475663,0.0000074757514069750744,1,0,0,7,0.0000074757514069750744,1,1,Guyana (British Guiana),Colony of,7,0.12,1,1,Bermuda,Colony of,7,0.4894117647058824
780<-651,651,780,0.5638338876541829,0.00020717139950890352,0,1,0,bridge,0.00020717139950890352,1,,Egypt Arab Republic (Egypt),Sovereign,5,0,1,1,Sri Lanka (Ceylon),Colony of,1,0.048
365<-255,255,365,0.05529464063147174,0.0020978196891352527,0,1,0,bridge,0.0020978196891352527,1,,Germany (Zollverein),Sovereign (limited),6,0.005454545454545455,1,1,Russia (USSR),Sovereign,5,0.009999999999999998
561<-775,775,561,1.148156567025751,0.000006413073055388053,1,0,0,10,0.000006413073055388053,,,Myanmar (Burma),Sovereign (unrecognized),10,0,1,1,Cape Colony (Cape of Good Hope),Colony of,10,0
561<-750,750,561,0,0.00002605816828401907,0,1,0,bridge,0.00002605816828401907,1,1,India,Colony of,1,0.03891891891891892,1,1,Cape Colony (Cape of Good Hope),Colony of,10,0
561<-827,827,561,0,0.000004261120484872877,0,1,0,bridge,0.000004261120484872877,1,1,Straits Settlements,Colony of,1,0.08,1,1,Cape Colony (Cape of Good Hope),Colony of,10,0
561<-restOfTheWorld,restOfTheWorld,561,3.0066071984220697,0.000010071739327881345,0,1,0,bridge,0.000010071739327881345,,,Rest Of The World,,8,0,1,1,Cape Colony (Cape of Good Hope),Colony of,10,0
561<-255,255,561,0,0.000008517615601512513,0,1,0,bridge,0.000008517615601512513,1,,Germany (Zollverein),Sovereign (limited),6,0.005454545454545455,1,1,Cape Colony (Cape of Good Hope),Colony of,10,0
561<-640,640,561,0,0.000011696399919807097,0,1,0,bridge,0.000011696399919807097,1,,Turkey (Ottoman Empire),Sovereign,5,0,1,1,Cape Colony (Cape of Good Hope),Colony of,10,0
561<-850,850,561,0,0.000013497980846654299,0,1,0,bridge,0.000013497980846654299,1,,Indonesia (Dutch East Indies),Colony of,6,0,1,1,Cape Colony (Cape of Good Hope),Colony of,10,0
561<-840,840,561,0,3.469026174930429e-9,0,1,0,bridge,3.469026174930429e-9,1,,Philippines,Colony of,0,0.125,1,1,Cape Colony (Cape of Good Hope),Colony of,10,0
561<-4060,4060,561,6.095031015638693,0.000001795799216555652,1,0,0,10,0.000001795799216555652,,,Tristan da Cunha,Possession of,10,0,1,1,Cape Colony (Cape of Good Hope),Colony of,10,0
561<-906,906,561,0,2.1970499107892718e-7,0,1,0,bridge,2.1970499107892718e-7,1,1,Tasmania,Colony of,3,0,1,1,Cape Colony (Cape of Good Hope),Colony of,10,0
155<-2,2,155,0,0.000056846645116714346,0,1,0,bridge,0.000056846645116714346,1,1,United States of America,Sovereign,4,0.11555555555555556,1,1,Chile,Sovereign,2,0
710<-827,827,710,0.731636583041941,0.00031789254643020757,0.9,0.09999999999999998,0.35999999999999993,1,0.00031789254643020757,1,1,Straits Settlements,Colony of,1,0.08,1,1,People's Republic of China (China),Sovereign,1,0.030857142857142854
710<-365,365,710,0,0.000019288221569961345,0,1,0,bridge,0.000019288221569961345,1,1,Russia (USSR),Sovereign,5,0.009999999999999998,1,1,People's Republic of China (China),Sovereign,1,0.030857142857142854
710<-850,850,710,0,0.000004661634011051656,0,1,0,bridge,0.000004661634011051656,1,,Indonesia (Dutch East Indies),Colony of,6,0,1,1,People's Republic of China (China),Sovereign,1,0.030857142857142854
51<-255,255,51,0,0.000014457744755051718,0,1,0,bridge,0.000014457744755051718,1,,Germany (Zollverein),Sovereign (limited),6,0.005454545454545455,1,1,Jamaica,Colony of,4,0.096
2<-5,5,2,1.5524247512765155,0.0001292343064082905,0.4,0.6,0.96,bridge,0.0001292343064082905,1,,Virgin Islands (Danish West Indies),Colony of,7,0.12,1,1,United States of America,Sovereign,4,0.11555555555555556
2<-390,390,2,0,0.00002308796720366244,0,1,0,bridge,0.00002308796720366244,1,,Denmark,Sovereign,6,0,1,1,United States of America,Sovereign,4,0.11555555555555556
2<-68,68,2,2.143853120545021,0.00023832907562983094,0.4,0.6,0.96,bridge,0.00023832907562983094,1,,Netherlands Antilles,Colony of,7,0.13714285714285715,1,1,United States of America,Sovereign,4,0.11555555555555556
2<-120,120,2,0,0.00000472944096477501,0,1,0,bridge,0.00000472944096477501,1,1,French Guiana,Colony of,0,0,1,1,United States of America,Sovereign,4,0.11555555555555556
2<-1029,1029,2,0,0.00003998335621258505,0,1,0,bridge,0.00003998335621258505,1,1,St. Pierre and Miquelon,Colony of,0,0.1875,1,1,United States of America,Sovereign,4,0.11555555555555556
2<-41,41,2,0,0.0001703558729555713,0.4,0.6,0.96,bridge,0.0001703558729555713,1,1,Haiti,Sovereign,7,0.22153846153846152,1,1,United States of America,Sovereign,4,0.11555555555555556
2<-42,42,2,0.4487088622725298,0.0000036934656084196888,0,1,0,bridge,0.0000036934656084196888,1,,Dominican Republic (Santo Domingo),Sovereign,6,0,1,1,United States of America,Sovereign,4,0.11555555555555556
2<-239,239,2,0,0.0000031425020423288216,0,1,0,bridge,0.0000031425020423288216,1,,Prussia,Sovereign,5,0.16363636363636366,1,1,United States of America,Sovereign,4,0.11555555555555556
681<-restOfTheWorld,restOfTheWorld,681,6.639145382993632,0.00012336032818122738,1,0,0,8,0.00012336032818122738,,,Rest Of The World,,8,0,1,1,Aden,Dependency of,8,0.13846153846153847
325<-616,616,325,2.285605104971359,0.00017382254124897578,1,0,0,5,0.00017382254124897578,1,,Tunisia (Regency of Tunis),Sovereign,5,0,1,1,Italy,Sovereign,5,0
211<-135,135,211,0,0.00015423453562882252,1,0,0,2,0.00015423453562882252,1,,Peru,Sovereign,2,0,1,1,Belgium,Sovereign,2,0
211<-155,155,211,1.0884490821580166,0.0007897056989575761,1,0,0,2,0.0007897056989575761,1,1,Chile,Sovereign,2,0,1,1,Belgium,Sovereign,2,0
338<-210,210,338,0,0.000007443868454406143,0,1,0,bridge,0.000007443868454406143,1,1,Netherlands,Sovereign,6,0.006428571428571429,1,1,Malta,Colony of,5,0
338<-211,211,338,0,0.0000023202838859647052,0,1,0,bridge,0.0000023202838859647052,1,1,Belgium,Sovereign,2,0,1,1,Malta,Colony of,5,0
200<-65,65,200,0,3.4082546039197287e-7,0,1,0,bridge,3.4082546039197287e-7,1,1,Guadeloupe,Colony of,0,0,1,1,United Kingdom,Sovereign,3,0.016788321167883213
200<-66,66,200,0,0.0000027917051755702045,0,1,0,bridge,0.0000027917051755702045,1,1,Martinique,Colony of,0,0,1,1,United Kingdom,Sovereign,3,0.016788321167883213
200<-6,6,200,0,0.0004066705039332035,0,1,0,bridge,0.0004066705039332035,1,,Puerto Rico,Colony of,4,0.192,1,1,United Kingdom,Sovereign,3,0.016788321167883213
200<-40,40,200,0,0.0051707499925179165,0,1,0,bridge,0.0051707499925179165,1,,Cuba,Colony of,4,0.096,1,1,United Kingdom,Sovereign,3,0.016788321167883213
385<-300,300,385,0,0.0000017027992679547324,0,1,0,bridge,0.0000017027992679547324,1,,Austria-Hungary (Austrian Empire),Sovereign,5,0,1,1,Norway,Sovereign (limited),6,0.011612903225806452
385<-325,325,385,0,0.00003963431153236194,0,1,0,bridge,0.00003963431153236194,1,1,Italy,Sovereign,5,0,1,1,Norway,Sovereign (limited),6,0.011612903225806452
365<-380,380,365,0,0.00015715610800425578,0,1,0,bridge,0.00015715610800425578,1,1,Sweden,Sovereign,6,0.012000000000000002,1,1,Russia (USSR),Sovereign,5,0.009999999999999998
365<-385,385,365,0.12976422791992023,0.0003644687140825772,0,1,0,bridge,0.0003644687140825772,1,1,Norway,Sovereign (limited),6,0.011612903225806452,1,1,Russia (USSR),Sovereign,5,0.009999999999999998
433<-220,220,433,2.2605849750550338,0.0003486132870553487,1,0,0,0,0.0003486132870553487,1,1,France,Sovereign,0,0.09146341463414634,1,,Senegal,Colony of,0,0.1875
640<-300,300,640,4.0590819277403245,0.00026751608285816296,1,0,0,5,0.00026751608285816296,1,,Austria-Hungary (Austrian Empire),Sovereign,5,0,1,,Turkey (Ottoman Empire),Sovereign,5,0
640<-325,325,640,1.6608690768690426,0.00004300103959389328,1,0,0,5,0.00004300103959389328,1,1,Italy,Sovereign,5,0,1,,Turkey (Ottoman Empire),Sovereign,5,0
640<-350,350,640,0.736074264622255,0.000002113298954400738,1,0,0,5,0.000002113298954400738,1,1,Greece,Sovereign,5,0,1,,Turkey (Ottoman Empire),Sovereign,5,0
255<-2,2,255,0.09134885590411058,0.0029326357095323836,0,1,0,bridge,0.0029326357095323836,1,1,United States of America,Sovereign,4,0.11555555555555556,1,,Germany (Zollverein),Sovereign (limited),6,0.005454545454545455
255<-5,5,255,0,0.0000014904808095303562,0,1,0,bridge,0.0000014904808095303562,1,,Virgin Islands (Danish West Indies),Colony of,7,0.12,1,,Germany (Zollverein),Sovereign (limited),6,0.005454545454545455
255<-6,6,255,0.5505209502280664,0.00017016266752220273,0,1,0,bridge,0.00017016266752220273,1,,Puerto Rico,Colony of,4,0.192,1,,Germany (Zollverein),Sovereign (limited),6,0.005454545454545455
255<-10,10,255,2.090872639812188,0.000001392511003510664,1,0,0,6,0.000001392511003510664,1,,Greenland,Colony of,6,0,1,,Germany (Zollverein),Sovereign (limited),6,0.005454545454545455
255<-30,30,255,1.8894494558818478,0.000007225482531144631,0,1,0,bridge,0.000007225482531144631,1,1,Bermuda,Colony of,7,0.4894117647058824,1,,Germany (Zollverein),Sovereign (limited),6,0.005454545454545455
255<-40,40,255,0,0.00040442940743452117,0,1,0,bridge,0.00040442940743452117,1,,Cuba,Colony of,4,0.096,1,,Germany (Zollverein),Sovereign (limited),6,0.005454545454545455
255<-51,51,255,0.07520893985308584,0.00005756270380357012,0,1,0,bridge,0.00005756270380357012,1,1,Jamaica,Colony of,4,0.096,1,,Germany (Zollverein),Sovereign (limited),6,0.005454545454545455
255<-68,68,255,0,7.243066855302012e-7,0,1,0,bridge,7.243066855302012e-7,1,,Netherlands Antilles,Colony of,7,0.13714285714285715,1,,Germany (Zollverein),Sovereign (limited),6,0.005454545454545455
255<-70,70,255,0.13160048239263233,0.00010582581217419408,0,1,0,bridge,0.00010582581217419408,1,,Mexico,Sovereign,4,0.16,1,,Germany (Zollverein),Sovereign (limited),6,0.005454545454545455
255<-100,100,255,0,0.00003189963871902722,0,1,0,bridge,0.00003189963871902722,1,,Colombia (New Granada) (Gran Colombia),Sovereign,4,0,1,,Germany (Zollverein),Sovereign (limited),6,0.005454545454545455
255<-101,101,255,2.1311731480695166,0.0006821696207565009,1,0,0,6,0.0006821696207565009,1,,Venezuela,Sovereign,6,0,1,,Germany (Zollverein),Sovereign (limited),6,0.005454545454545455
255<-140,140,255,0.6502780207993757,0.0015607226484001672,0,1,0,bridge,0.0015607226484001672,1,1,Brazil,Sovereign,2,0,1,,Germany (Zollverein),Sovereign (limited),6,0.005454545454545455
255<-160,160,255,0,0.00003729383949149607,0,1,0,bridge,0.00003729383949149607,1,1,Argentina (La Plata),Sovereign,2,0,1,,Germany (Zollverein),Sovereign (limited),6,0.005454545454545455
255<-165,165,255,0,0.00001793433594298942,0,1,0,bridge,0.00001793433594298942,1,1,Uruguay,Sovereign,2,0,1,,Germany (Zollverein),Sovereign (limited),6,0.005454545454545455
255<-200,200,255,1.0255754159481167,0.022934123674003302,0,1,0,bridge,0.022934123674003302,1,1,United Kingdom,Sovereign,3,0.016788321167883213,1,,Germany (Zollverein),Sovereign (limited),6,0.005454545454545455
255<-210,210,255,0.21529042216007538,0.0012086359125407823,1,0,0,6,0.0012086359125407823,1,1,Netherlands,Sovereign,6,0.006428571428571429,1,,Germany (Zollverein),Sovereign (limited),6,0.005454545454545455
255<-211,211,255,0,0.0007035144782372528,0,1,0,bridge,0.0007035144782372528,1,1,Belgium,Sovereign,2,0,1,,Germany (Zollverein),Sovereign (limited),6,0.005454545454545455
255<-220,220,255,0,0.0020044895287327797,0,1,0,bridge,0.0020044895287327797,1,1,France,Sovereign,0,0.09146341463414634,1,,Germany (Zollverein),Sovereign (limited),6,0.005454545454545455
255<-230,230,255,0,0.00022755371482804603,0,1,0,bridge,0.00022755371482804603,1,1,Spain,Sovereign,0,0.02830188679245283,1,,Germany (Zollverein),Sovereign (limited),6,0.005454545454545455
255<-235,235,255,0,0.00007434149844478882,0,1,0,bridge,0.00007434149844478882,1,1,Portugal,Sovereign,8,0,1,,Germany (Zollverein),Sovereign (limited),6,0.005454545454545455
255<-239,239,255,0,0.0002755346366633825,0.1,0.9,0.36000000000000004,bridge,0.0002755346366633825,1,,Prussia,Sovereign,5,0.16363636363636366,1,,Germany (Zollverein),Sovereign (limited),6,0.005454545454545455
255<-300,300,255,0,0.00001996406936001278,0,1,0,bridge,0.00001996406936001278,1,,Austria-Hungary (Austrian Empire),Sovereign,5,0,1,,Germany (Zollverein),Sovereign (limited),6,0.005454545454545455
255<-325,325,255,0,0.000261152334200184,0,1,0,bridge,0.000261152334200184,1,1,Italy,Sovereign,5,0,1,,Germany (Zollverein),Sovereign (limited),6,0.005454545454545455
255<-350,350,255,0,0.00002199631482334434,0,1,0,bridge,0.00002199631482334434,1,1,Greece,Sovereign,5,0,1,,Germany (Zollverein),Sovereign (limited),6,0.005454545454545455
255<-360,360,255,0,0.0000051999358579682645,0,1,0,bridge,0.0000051999358579682645,1,,Romania,Vassal of,5,0,1,,Germany (Zollverein),Sovereign (limited),6,0.005454545454545455
255<-365,365,255,0,0.00006820423437435522,0,1,0,bridge,0.00006820423437435522,1,1,Russia (USSR),Sovereign,5,0.009999999999999998,1,,Germany (Zollverein),Sovereign (limited),6,0.005454545454545455
255<-380,380,255,0,0.00013175565657666752,1,0,0,6,0.00013175565657666752,1,1,Sweden,Sovereign,6,0.012000000000000002,1,,Germany (Zollverein),Sovereign (limited),6,0.005454545454545455
255<-385,385,255,0.5657713494808075,0.0004065294781481741,1,0,0,6,0.0004065294781481741,1,1,Norway,Sovereign (limited),6,0.011612903225806452,1,,Germany (Zollverein),Sovereign (limited),6,0.005454545454545455
255<-390,390,255,0,0.00000579445348424161,1,0,0,6,0.00000579445348424161,1,,Denmark,Sovereign,6,0,1,,Germany (Zollverein),Sovereign (limited),6,0.005454545454545455
255<-561,561,255,0,0.000015098235661034749,0,1,0,bridge,0.000015098235661034749,1,1,Cape Colony (Cape of Good Hope),Colony of,10,0,1,,Germany (Zollverein),Sovereign (limited),6,0.005454545454545455
255<-640,640,255,0,0.00006661695604708234,0,1,0,bridge,0.00006661695604708234,1,,Turkey (Ottoman Empire),Sovereign,5,0,1,,Germany (Zollverein),Sovereign (limited),6,0.005454545454545455
255<-710,710,255,0,0.0003437266457457045,0,1,0,bridge,0.0003437266457457045,1,1,People's Republic of China (China),Sovereign,1,0.030857142857142854,1,,Germany (Zollverein),Sovereign (limited),6,0.005454545454545455
255<-751,751,255,0.8799534158229388,0.00005444944107894435,0,1,0,bridge,0.00005444944107894435,1,1,French India,Colony of,1,0,1,,Germany (Zollverein),Sovereign (limited),6,0.005454545454545455
255<-800,800,255,0,0.000022101820768288625,0,1,0,bridge,0.000022101820768288625,1,,Thailand (Siam),Sovereign (unrecognized),1,0,1,,Germany (Zollverein),Sovereign (limited),6,0.005454545454545455
255<-827,827,255,0,0.00002449915029507818,0,1,0,bridge,0.00002449915029507818,1,1,Straits Settlements,Colony of,1,0.08,1,,Germany (Zollverein),Sovereign (limited),6,0.005454545454545455
255<-840,840,255,0,0.000006871284001688822,0,1,0,bridge,0.000006871284001688822,1,,Philippines,Colony of,0,0.125,1,,Germany (Zollverein),Sovereign (limited),6,0.005454545454545455
255<-850,850,255,0,0.000055645677530907876,1,0,0,6,0.000055645677530907876,1,,Indonesia (Dutch East Indies),Colony of,6,0,1,,Germany (Zollverein),Sovereign (limited),6,0.005454545454545455
255<-9900,9900,255,3.3415946393571447,0.0000644775299412677,1,0,0,6,0.0000644775299412677,1,,Samoa,Sovereign (unrecognized),6,0,1,,Germany (Zollverein),Sovereign (limited),6,0.005454545454545455
1063<-2,2,1063,1.137621987915289,0.00007968468758021026,0.4,0.6,0.96,bridge,0.00007968468758021026,1,1,United States of America,Sovereign,4,0.11555555555555556,,,Leeward Is.,Colony of,7,0.176
1063<-5,5,1063,3.57213488660751,0.0000033950202831985798,1,0,0,7,0.0000033950202831985798,1,,Virgin Islands (Danish West Indies),Colony of,7,0.12,,,Leeward Is.,Colony of,7,0.176
1063<-6,6,1063,0,6.984306032193264e-7,0.4,0.6,0.96,bridge,6.984306032193264e-7,1,,Puerto Rico,Colony of,4,0.192,,,Leeward Is.,Colony of,7,0.176
1063<-20,20,1063,1.020285030599625,0.000012871243451050202,0.4,0.6,0.96,bridge,0.000012871243451050202,1,1,Canada (Province of Canada),Colony of,4,0.16,,,Leeward Is.,Colony of,7,0.176
1063<-42,42,1063,2.1330220491051715,6.938052349860859e-8,0,1,0,bridge,6.938052349860859e-8,1,,Dominican Republic (Santo Domingo),Sovereign,6,0,,,Leeward Is.,Colony of,7,0.176
1063<-54,54,1063,0.7524440421464842,8.441297025664043e-8,0,1,0,bridge,8.441297025664043e-8,1,1,Dominica,Colony of,3,0,,,Leeward Is.,Colony of,7,0.176
1063<-65,65,1063,0.8358845040790763,8.869143587238797e-7,0,1,0,bridge,8.869143587238797e-7,1,1,Guadeloupe,Colony of,0,0,,,Leeward Is.,Colony of,7,0.176
1063<-66,66,1063,0.12874366698635917,5.041651374232224e-7,0,1,0,bridge,5.041651374232224e-7,1,1,Martinique,Colony of,0,0,,,Leeward Is.,Colony of,7,0.176
1063<-68,68,1063,2.523280005494794,0.0000012141591612256501,1,0,0,7,0.0000012141591612256501,1,,Netherlands Antilles,Colony of,7,0.13714285714285715,,,Leeward Is.,Colony of,7,0.176
1063<-110,110,1063,1.3038052793707873,0.0000017877048221474811,1,0,0,7,0.0000017877048221474811,1,1,Guyana (British Guiana),Colony of,7,0.12,,,Leeward Is.,Colony of,7,0.176
1063<-200,200,1063,0.9277775624945832,0.00019848842699305268,0,1,0,bridge,0.00019848842699305268,1,1,United Kingdom,Sovereign,3,0.016788321167883213,,,Leeward Is.,Colony of,7,0.176
1063<-210,210,1063,0,0.0000017379821136401449,0,1,0,bridge,0.0000017379821136401449,1,1,Netherlands,Sovereign,6,0.006428571428571429,,,Leeward Is.,Colony of,7,0.176
1063<-235,235,1063,0,4.891326906651905e-7,0,1,0,bridge,4.891326906651905e-7,1,1,Portugal,Sovereign,8,0,,,Leeward Is.,Colony of,7,0.176
1063<-239,239,1063,0,8.094394408171e-9,0,1,0,bridge,8.094394408171e-9,1,,Prussia,Sovereign,5,0.16363636363636366,,,Leeward Is.,Colony of,7,0.176
1063<-255,255,1063,0,0.0000012326606341586124,0,1,0,bridge,0.0000012326606341586124,1,,Germany (Zollverein),Sovereign (limited),6,0.005454545454545455,,,Leeward Is.,Colony of,7,0.176
1063<-1048,1048,1063,0,1.7576399286314175e-7,0,1,0,bridge,1.7576399286314175e-7,1,1,Trinidad,Colony of,3,0,,,Leeward Is.,Colony of,7,0.176
1063<-1055,1055,1063,4.169900561895482,0.00003288521179628216,1,0,0,7,0.00003288521179628216,,,Windward Is.,Colony of,7,0,,,Leeward Is.,Colony of,7,0.176
1063<-1064,1064,1063,7.9934471869667325,0.0000014095809690800642,1,0,0,7,0.0000014095809690800642,1,,St. Barthelemy,Colony of,7,0,,,Leeward Is.,Colony of,7,0.176
1063<-1032,1032,1063,1.3108246158467591,4.509734027409558e-8,0.8,0.19999999999999996,0.6399999999999999,7,4.509734027409558e-8,1,1,Turks and Caicos Is.,Colony of,7,0.64,,,Leeward Is.,Colony of,7,0.176
1055<-200,200,1055,1.4591101373665265,0.0006537645785329805,0,1,0,bridge,0.0006537645785329805,1,1,United Kingdom,Sovereign,3,0.016788321167883213,,,Windward Is.,Colony of,7,0
300<-140,140,300,0.9658659747145264,0.0006174805948884429,0,1,0,bridge,0.0006174805948884429,1,1,Brazil,Sovereign,2,0,1,,Austria-Hungary (Austrian Empire),Sovereign,5,0
300<-200,200,300,0.22492925164685784,0.0029717030725784866,0,1,0,bridge,0.0029717030725784866,1,1,United Kingdom,Sovereign,3,0.016788321167883213,1,,Austria-Hungary (Austrian Empire),Sovereign,5,0
300<-220,220,300,0,0.0005711643864717558,0,1,0,bridge,0.0005711643864717558,1,1,France,Sovereign,0,0.09146341463414634,1,,Austria-Hungary (Austrian Empire),Sovereign,5,0
300<-325,325,300,1.837969583708321,0.0016763505979945075,1,0,0,5,0.0016763505979945075,1,1,Italy,Sovereign,5,0,1,,Austria-Hungary (Austrian Empire),Sovereign,5,0
300<-350,350,300,2.606793094056186,0.0004481010159903906,1,0,0,5,0.0004481010159903906,1,1,Greece,Sovereign,5,0,1,,Austria-Hungary (Austrian Empire),Sovereign,5,0
300<-640,640,300,2.2497744565087516,0.002560201040764759,1,0,0,5,0.002560201040764759,1,,Turkey (Ottoman Empire),Sovereign,5,0,1,,Austria-Hungary (Austrian Empire),Sovereign,5,0
300<-651,651,300,1.7219738724181624,0.00136447315419376,1,0,0,5,0.00136447315419376,1,,Egypt Arab Republic (Egypt),Sovereign,5,0,1,,Austria-Hungary (Austrian Empire),Sovereign,5,0
1027<-200,200,1027,1.4591101373665265,0.00012262891894173237,0,1,0,bridge,0.00012262891894173237,1,1,United Kingdom,Sovereign,3,0.016788321167883213,1,,British Columbia,Colony of,4,0.16
140<-385,385,140,0,0.000010537745177380333,0,1,0,bridge,0.000010537745177380333,1,1,Norway,Sovereign (limited),6,0.011612903225806452,1,1,Brazil,Sovereign,2,0
140<-380,380,140,0,0.00001816960276222728,0,1,0,bridge,0.00001816960276222728,1,1,Sweden,Sovereign,6,0.012000000000000002,1,1,Brazil,Sovereign,2,0
200<-775,775,200,1.0958435748495639,0.0008961269359024366,0,1,0,bridge,0.0008961269359024366,,,Myanmar (Burma),Sovereign (unrecognized),10,0,1,1,United Kingdom,Sovereign,3,0.016788321167883213
200<-31,31,200,1.1005205338929203,0.000024002192104343638,0,1,0,bridge,0.000024002192104343638,1,1,Bahamas,Colony of,9,0,1,1,United Kingdom,Sovereign,3,0.016788321167883213
200<-1032,1032,200,1.0985005304873319,0.000035845447465556124,0.2,0.8,0.6400000000000001,bridge,0.000035845447465556124,1,1,Turks and Caicos Is.,Colony of,7,0.64,1,1,United Kingdom,Sovereign,3,0.016788321167883213
200<-42,42,200,0,0.000007161226367114716,0,1,0,bridge,0.000007161226367114716,1,,Dominican Republic (Santo Domingo),Sovereign,6,0,1,1,United Kingdom,Sovereign,3,0.016788321167883213
200<-41,41,200,0,0.00020324214919476566,0,1,0,bridge,0.00020324214919476566,1,1,Haiti,Sovereign,7,0.22153846153846152,1,1,United Kingdom,Sovereign,3,0.016788321167883213
20<-1024,1024,20,2.8087127576587023,0.00007577393873900536,1,0,0,4,0.00007577393873900536,1,1,Prince Edward Is.,Colony of,4,0.13714285714285715,1,1,Canada (Province of Canada),Colony of,4,0.16
20<-21,21,20,2.7316772603559016,0.00022035716799981408,1,0,0,4,0.00022035716799981408,1,1,Newfoundland and Labrador (Newfoundland),Colony of,4,0.13714285714285715,1,1,Canada (Province of Canada),Colony of,4,0.16
211<-6,6,211,0,0.00003421500516333882,0,1,0,bridge,0.00003421500516333882,1,,Puerto Rico,Colony of,4,0.192,1,1,Belgium,Sovereign,2,0
211<-40,40,211,0,0.00024939869879427333,0,1,0,bridge,0.00024939869879427333,1,,Cuba,Colony of,4,0.096,1,1,Belgium,Sovereign,2,0
211<-451,451,211,0.4359468115052976,0.000006367975715113957,0,1,0,bridge,0.000006367975715113957,1,1,Sierra Leone,Colony of,4,0.348,1,1,Belgium,Sovereign,2,0
211<-433,433,211,0.9650470189422202,0.0000683906946966951,0,1,0,bridge,0.0000683906946966951,1,,Senegal,Colony of,0,0.1875,1,1,Belgium,Sovereign,2,0
211<-338,338,211,0,0.000003871433211222359,0,1,0,bridge,0.000003871433211222359,1,1,Malta,Colony of,5,0,1,1,Belgium,Sovereign,2,0
211<-231,231,211,0,0.00000509137408273956,0,1,0,bridge,0.00000509137408273956,1,,Gibraltar,Colony of,0,0.10714285714285714,1,1,Belgium,Sovereign,2,0
211<-41,41,211,0,0.00006005925016657052,0,1,0,bridge,0.00006005925016657052,1,1,Haiti,Sovereign,7,0.22153846153846152,1,1,Belgium,Sovereign,2,0
211<-101,101,211,0.7197105658872006,0.000192703247675327,0,1,0,bridge,0.000192703247675327,1,,Venezuela,Sovereign,6,0,1,1,Belgium,Sovereign,2,0
211<-827,827,211,0,0.000015732033703309496,0,1,0,bridge,0.000015732033703309496,1,1,Straits Settlements,Colony of,1,0.08,1,1,Belgium,Sovereign,2,0
211<-710,710,211,0,0.0000643446538346679,0,1,0,bridge,0.0000643446538346679,1,1,People's Republic of China (China),Sovereign,1,0.030857142857142854,1,1,Belgium,Sovereign,2,0
211<-750,750,211,0,0.00016354030096474523,0,1,0,bridge,0.00016354030096474523,1,1,India,Colony of,1,0.03891891891891892,1,1,Belgium,Sovereign,2,0
211<-385,385,211,0,0.00016288581135974166,0,1,0,bridge,0.00016288581135974166,1,1,Norway,Sovereign (limited),6,0.011612903225806452,1,1,Belgium,Sovereign,2,0
211<-380,380,211,0,0.0002808488900961926,0,1,0,bridge,0.0002808488900961926,1,1,Sweden,Sovereign,6,0.012000000000000002,1,1,Belgium,Sovereign,2,0
220<-6067,6067,220,1.3940086351294325,0.00001027641187220224,0.75,0.25,0.75,0,0.00001027641187220224,,,Captaincy-general of north Africa,Colony of,0,0.25,1,1,France,Sovereign,0,0.09146341463414634
220<-616,616,220,1.0364621530053686,0.00017700012252347527,0,1,0,bridge,0.00017700012252347527,1,,Tunisia (Regency of Tunis),Sovereign,5,0,1,1,France,Sovereign,0,0.09146341463414634
220<-600,600,220,1.3284021508670951,0.0006672290254599438,0.75,0.25,0.75,0,0.0006672290254599438,1,,Morocco,Sovereign,0,0.15,1,1,France,Sovereign,0,0.09146341463414634
220<-338,338,220,0,0.000043663476121791,0,1,0,bridge,0.000043663476121791,1,1,Malta,Colony of,5,0,1,1,France,Sovereign,0,0.09146341463414634
220<-231,231,220,0,0.00005740660148480705,0.75,0.25,0.75,0,0.00005740660148480705,1,,Gibraltar,Colony of,0,0.10714285714285714,1,1,France,Sovereign,0,0.09146341463414634
220<-800,800,220,0,0.00002085925438985667,0,1,0,bridge,0.00002085925438985667,1,,Thailand (Siam),Sovereign (unrecognized),1,0,1,1,France,Sovereign,0,0.09146341463414634
220<-8151,8151,220,1.2660036454892516,0.00013993357784434365,0,1,0,bridge,0.00013993357784434365,1,,Cochin China,Colony of,1,0,1,1,France,Sovereign,0,0.09146341463414634
220<-6,6,220,0,0.0003042752238554978,0,1,0,bridge,0.0003042752238554978,1,,Puerto Rico,Colony of,4,0.192,1,1,France,Sovereign,0,0.09146341463414634
220<-40,40,220,0,0.002217899914442662,0,1,0,bridge,0.002217899914442662,1,,Cuba,Colony of,4,0.096,1,1,France,Sovereign,0,0.09146341463414634
230<-385,385,230,0.30550778191832345,0.0001838086645628054,0,1,0,bridge,0.0001838086645628054,1,1,Norway,Sovereign (limited),6,0.011612903225806452,1,1,Spain,Sovereign,0,0.02830188679245283
230<-380,380,230,0.47527989199462073,0.00031692560597341074,0,1,0,bridge,0.00031692560597341074,1,1,Sweden,Sovereign,6,0.012000000000000002,1,1,Spain,Sovereign,0,0.02830188679245283
235<-385,385,235,0.952869203836053,0.00003634614357680442,0,1,0,bridge,0.00003634614357680442,1,1,Norway,Sovereign (limited),6,0.011612903225806452,1,1,Portugal,Sovereign,8,0
235<-380,380,235,1.1226502218432066,0.00006266911419217651,0,1,0,bridge,0.00006266911419217651,1,1,Sweden,Sovereign,6,0.012000000000000002,1,1,Portugal,Sovereign,8,0
255<-1027,1027,255,0,2.8908551457753575e-8,0,1,0,bridge,2.8908551457753575e-8,1,,British Columbia,Colony of,4,0.16,1,,Germany (Zollverein),Sovereign (limited),6,0.005454545454545455
255<-1024,1024,255,0,5.5504418798886866e-8,0,1,0,bridge,5.5504418798886866e-8,1,1,Prince Edward Is.,Colony of,4,0.13714285714285715,1,,Germany (Zollverein),Sovereign (limited),6,0.005454545454545455
255<-21,21,255,0,1.6188788816342002e-7,0,1,0,bridge,1.6188788816342002e-7,1,1,Newfoundland and Labrador (Newfoundland),Colony of,4,0.13714285714285715,1,,Germany (Zollverein),Sovereign (limited),6,0.005454545454545455
255<-20,20,255,0,0.0000064986423677030034,0,1,0,bridge,0.0000064986423677030034,1,1,Canada (Province of Canada),Colony of,4,0.16,1,,Germany (Zollverein),Sovereign (limited),6,0.005454545454545455
255<-42,42,255,2.655151160448319,0.000012253756791912586,1,0,0,6,0.000012253756791912586,1,,Dominican Republic (Santo Domingo),Sovereign,6,0,1,,Germany (Zollverein),Sovereign (limited),6,0.005454545454545455
255<-41,41,255,1.7168007453060155,0.0003477490598797259,0,1,0,bridge,0.0003477490598797259,1,1,Haiti,Sovereign,7,0.22153846153846152,1,,Germany (Zollverein),Sovereign (limited),6,0.005454545454545455
2<-1027,1027,2,1.5283438701528689,0.000048685469681031954,1,0,0,4,0.000048685469681031954,1,,British Columbia,Colony of,4,0.16,1,1,United States of America,Sovereign,4,0.11555555555555556
2<-1024,1024,2,1.0074262149664488,0.00009358391912109819,1,0,0,4,0.00009358391912109819,1,1,Prince Edward Is.,Colony of,4,0.13714285714285715,1,1,United States of America,Sovereign,4,0.11555555555555556
2<-21,21,2,0.9303977359404474,0.000272152041475642,1,0,0,4,0.000272152041475642,1,1,Newfoundland and Labrador (Newfoundland),Colony of,4,0.13714285714285715,1,1,United States of America,Sovereign,4,0.11555555555555556
2<-65,65,2,0,0.00003460584877904765,0,1,0,bridge,0.00003460584877904765,1,1,Guadeloupe,Colony of,0,0,1,1,United States of America,Sovereign,4,0.11555555555555556
2<-66,66,2,0,0.00008693379594375654,0,1,0,bridge,0.00008693379594375654,1,1,Martinique,Colony of,0,0,1,1,United States of America,Sovereign,4,0.11555555555555556
2<-827,827,2,0.8959106203165412,0.001410235458685068,0,1,0,bridge,0.001410235458685068,1,1,Straits Settlements,Colony of,1,0.08,1,1,United States of America,Sovereign,4,0.11555555555555556
2<-720,720,2,0.6389286497470679,0.0017407203316342234,0,1,0,bridge,0.0017407203316342234,1,,Hong Kong,Colony of,1,0.07199999999999998,1,1,United States of America,Sovereign,4,0.11555555555555556
2<-385,385,2,0,0.00009663666215503697,0,1,0,bridge,0.00009663666215503697,1,1,Norway,Sovereign (limited),6,0.011612903225806452,1,1,United States of America,Sovereign,4,0.11555555555555556
2<-380,380,2,0,0.00016662195255014175,0,1,0,bridge,0.00016662195255014175,1,1,Sweden,Sovereign,6,0.012000000000000002,1,1,United States of America,Sovereign,4,0.11555555555555556
30<-1027,1027,30,1.1997091979690326,8.903833848988102e-8,0.4,0.6,0.96,bridge,8.903833848988102e-8,1,,British Columbia,Colony of,4,0.16,1,1,Bermuda,Colony of,7,0.4894117647058824
30<-1024,1024,30,0.6854544841426744,1.722949666882113e-7,0.4,0.6,0.96,bridge,1.722949666882113e-7,1,1,Prince Edward Is.,Colony of,4,0.13714285714285715,1,1,Bermuda,Colony of,7,0.4894117647058824
30<-21,21,30,0.6123234085811413,5.030087953649122e-7,0.4,0.6,0.96,bridge,5.030087953649122e-7,1,1,Newfoundland and Labrador (Newfoundland),Colony of,4,0.13714285714285715,1,1,Bermuda,Colony of,7,0.4894117647058824
30<-20,20,30,1.7829105496324298,0.000020109944736071698,0.4,0.6,0.96,bridge,0.000020109944736071698,1,1,Canada (Province of Canada),Colony of,4,0.16,1,1,Bermuda,Colony of,7,0.4894117647058824
30<-65,65,30,0,1.1910323200594473e-7,0,1,0,bridge,1.1910323200594473e-7,1,1,Guadeloupe,Colony of,0,0,1,1,Bermuda,Colony of,7,0.4894117647058824
30<-66,66,30,0,3.006489351606372e-7,0,1,0,bridge,3.006489351606372e-7,1,1,Martinique,Colony of,0,0,1,1,Bermuda,Colony of,7,0.4894117647058824
325<-390,390,325,0,0.000012022488380250557,0,1,0,bridge,0.000012022488380250557,1,,Denmark,Sovereign,6,0,1,1,Italy,Sovereign,5,0
325<-385,385,325,0,0.00007016683609825948,0,1,0,bridge,0.00007016683609825948,1,1,Norway,Sovereign (limited),6,0.011612903225806452,1,1,Italy,Sovereign,5,0
325<-380,380,325,0,0.00012098228785069871,0,1,0,bridge,0.00012098228785069871,1,1,Sweden,Sovereign,6,0.012000000000000002,1,1,Italy,Sovereign,5,0
325<-1163,1163,325,0,3.492153016096632e-7,0,1,0,bridge,3.492153016096632e-7,1,1,Falkland Is.,Colony of,3,0,1,1,Italy,Sovereign,5,0
325<-120,120,325,0,6.637403414700221e-7,0,1,0,bridge,6.637403414700221e-7,1,1,French Guiana,Colony of,0,0,1,1,Italy,Sovereign,5,0
325<-150,150,325,0,0.0000011702181630098647,0,1,0,bridge,0.0000011702181630098647,1,,Paraguay,Sovereign,2,0,1,1,Italy,Sovereign,5,0
325<-110,110,325,0,0.000013109449915062091,0,1,0,bridge,0.000013109449915062091,1,1,Guyana (British Guiana),Colony of,7,0.12,1,1,Italy,Sovereign,5,0
325<-115,115,325,0.35614099064092797,0.000013800942465931557,0,1,0,bridge,0.000013800942465931557,1,,Surinam (Dutch Guiana),Colony of,6,0,1,1,Italy,Sovereign,5,0
325<-100,100,325,0,0.000020394404882415994,0,1,0,bridge,0.000020394404882415994,1,,Colombia (New Granada) (Gran Colombia),Sovereign,4,0,1,1,Italy,Sovereign,5,0
325<-145,145,325,0.9891722607098792,0.000022061850130499218,0,1,0,bridge,0.000022061850130499218,1,,Bolivia,Sovereign,2,0,1,1,Italy,Sovereign,5,0
325<-130,130,325,0.6248182587046939,0.000043122308038501856,0,1,0,bridge,0.000043122308038501856,1,,Ecuador,Sovereign,0,0.09375,1,1,Italy,Sovereign,5,0
325<-101,101,325,0,0.00007248298924105469,0,1,0,bridge,0.00007248298924105469,1,,Venezuela,Sovereign,6,0,1,1,Italy,Sovereign,5,0
325<-155,155,325,0,0.00007521195649866663,0,1,0,bridge,0.00007521195649866663,1,1,Chile,Sovereign,2,0,1,1,Italy,Sovereign,5,0
325<-135,135,325,0,0.00009061443271535774,0,1,0,bridge,0.00009061443271535774,1,,Peru,Sovereign,2,0,1,1,Italy,Sovereign,5,0
325<-165,165,325,0,0.00010334113340911917,0,1,0,bridge,0.00010334113340911917,1,1,Uruguay,Sovereign,2,0,1,1,Italy,Sovereign,5,0
325<-160,160,325,0,0.00017028640053292658,0,1,0,bridge,0.00017028640053292658,1,1,Argentina (La Plata),Sovereign,2,0,1,1,Italy,Sovereign,5,0
51<-1027,1027,51,1.476989746689782,6.683657097032627e-7,1,0,0,4,6.683657097032627e-7,1,,British Columbia,Colony of,4,0.16,1,1,Jamaica,Colony of,4,0.096
51<-1024,1024,51,0.9560360697389008,0.0000012846960267825688,1,0,0,4,0.0000012846960267825688,1,1,Prince Edward Is.,Colony of,4,0.13714285714285715,1,1,Jamaica,Colony of,4,0.096
51<-21,21,51,0.879036445219011,0.000003736141190400072,1,0,0,4,0.000003736141190400072,1,1,Newfoundland and Labrador (Newfoundland),Colony of,4,0.13714285714285715,1,1,Jamaica,Colony of,4,0.096
51<-20,20,51,2.0488092177682447,0.00014924675678197353,1,0,0,4,0.00014924675678197353,1,1,Canada (Province of Canada),Colony of,4,0.16,1,1,Jamaica,Colony of,4,0.096
51<-65,65,51,0,5.781710291550715e-8,0,1,0,bridge,5.781710291550715e-8,1,1,Guadeloupe,Colony of,0,0,1,1,Jamaica,Colony of,4,0.096
51<-66,66,51,0,1.4569909934707803e-7,0,1,0,bridge,1.4569909934707803e-7,1,1,Martinique,Colony of,0,0,1,1,Jamaica,Colony of,4,0.096
51<-120,120,51,0,1.156342058310143e-9,0,1,0,bridge,1.156342058310143e-9,1,1,French Guiana,Colony of,0,0,1,1,Jamaica,Colony of,4,0.096
51<-150,150,51,0,2.312684116620286e-9,0,1,0,bridge,2.312684116620286e-9,1,,Paraguay,Sovereign,2,0,1,1,Jamaica,Colony of,4,0.096
51<-1163,1163,51,0,6.938052349860858e-9,0,1,0,bridge,6.938052349860858e-9,1,1,Falkland Is.,Colony of,3,0,1,1,Jamaica,Colony of,4,0.096
51<-115,115,51,0,3.5846603807614435e-8,0,1,0,bridge,3.5846603807614435e-8,1,,Surinam (Dutch Guiana),Colony of,6,0,1,1,Jamaica,Colony of,4,0.096
51<-100,100,51,0,5.203539262395643e-8,1,0,0,4,5.203539262395643e-8,1,,Colombia (New Granada) (Gran Colombia),Sovereign,4,0,1,1,Jamaica,Colony of,4,0.096
51<-145,145,51,0,5.666076085719701e-8,0,1,0,bridge,5.666076085719701e-8,1,,Bolivia,Sovereign,2,0,1,1,Jamaica,Colony of,4,0.096
51<-130,130,51,0,1.1100883759777373e-7,0,1,0,bridge,1.1100883759777373e-7,1,,Ecuador,Sovereign,0,0.09375,1,1,Jamaica,Colony of,4,0.096
51<-101,101,51,0,1.8732741344624317e-7,0,1,0,bridge,1.8732741344624317e-7,1,,Venezuela,Sovereign,6,0,1,1,Jamaica,Colony of,4,0.096
51<-155,155,51,0,1.9542180785441418e-7,0,1,0,bridge,1.9542180785441418e-7,1,1,Chile,Sovereign,2,0,1,1,Jamaica,Colony of,4,0.096
51<-135,135,51,0,2.3473743783695904e-7,0,1,0,bridge,2.3473743783695904e-7,1,,Peru,Sovereign,2,0,1,1,Jamaica,Colony of,4,0.096
51<-165,165,51,0,2.6827135752795315e-7,0,1,0,bridge,2.6827135752795315e-7,1,1,Uruguay,Sovereign,2,0,1,1,Jamaica,Colony of,4,0.096
51<-110,110,51,0,2.7058404164457346e-7,0.4,0.6,0.96,bridge,2.7058404164457346e-7,1,1,Guyana (British Guiana),Colony of,7,0.12,1,1,Jamaica,Colony of,4,0.096
51<-160,160,51,0,4.417226662744746e-7,0,1,0,bridge,4.417226662744746e-7,1,1,Argentina (La Plata),Sovereign,2,0,1,1,Jamaica,Colony of,4,0.096
51<-140,140,51,0,0.0000013587019185144181,0,1,0,bridge,0.0000013587019185144181,1,1,Brazil,Sovereign,2,0,1,1,Jamaica,Colony of,4,0.096
51<-6,6,51,0,5.966725020880338e-7,1,0,0,4,5.966725020880338e-7,1,,Puerto Rico,Colony of,4,0.192,1,1,Jamaica,Colony of,4,0.096
51<-40,40,51,0,0.0000043490024813044476,1,0,0,4,0.0000043490024813044476,1,,Cuba,Colony of,4,0.096,1,1,Jamaica,Colony of,4,0.096
615<-6067,6067,615,2.8371288989585897,0.0000021311384134655934,1,0,0,0,0.0000021311384134655934,,,Captaincy-general of north Africa,Colony of,0,0.25,1,1,Algeria (Regency of Algiers),Colony of,0,0.07758620689655173
615<-616,616,615,2.479749701559376,0.00003671270400928873,0,1,0,bridge,0.00003671270400928873,1,,Tunisia (Regency of Tunis),Sovereign,5,0,1,1,Algeria (Regency of Algiers),Colony of,0,0.07758620689655173
615<-600,600,615,2.7717088333808753,0.00013839679924884947,1,0,0,0,0.00013839679924884947,1,,Morocco,Sovereign,0,0.15,1,1,Algeria (Regency of Algiers),Colony of,0,0.07758620689655173
615<-338,338,615,3.0084340186299574,0.000047362614366325146,0,1,0,bridge,0.000047362614366325146,1,1,Malta,Colony of,5,0,1,1,Algeria (Regency of Algiers),Colony of,0,0.07758620689655173
615<-231,231,615,2.7777149771097833,0.00006227133252411782,1,0,0,0,0.00006227133252411782,1,,Gibraltar,Colony of,0,0.10714285714285714,1,1,Algeria (Regency of Algiers),Colony of,0,0.07758620689655173
710<-1163,1163,710,0,6.938052349860858e-9,0,1,0,bridge,6.938052349860858e-9,1,1,Falkland Is.,Colony of,3,0,1,1,People's Republic of China (China),Sovereign,1,0.030857142857142854
710<-120,120,710,0,1.3876104699721717e-8,0,1,0,bridge,1.3876104699721717e-8,1,1,French Guiana,Colony of,0,0,1,1,People's Republic of China (China),Sovereign,1,0.030857142857142854
710<-150,150,710,0,2.5439525282823145e-8,0,1,0,bridge,2.5439525282823145e-8,1,,Paraguay,Sovereign,2,0,1,1,People's Republic of China (China),Sovereign,1,0.030857142857142854
710<-110,110,710,0,2.9139819869415605e-7,0,1,0,bridge,2.9139819869415605e-7,1,1,Guyana (British Guiana),Colony of,7,0.12,1,1,People's Republic of China (China),Sovereign,1,0.030857142857142854
710<-115,115,710,0,3.064306454521879e-7,0,1,0,bridge,3.064306454521879e-7,1,,Surinam (Dutch Guiana),Colony of,6,0,1,1,People's Republic of China (China),Sovereign,1,0.030857142857142854
710<-100,100,710,0,4.5328608685757607e-7,0,1,0,bridge,4.5328608685757607e-7,1,,Colombia (New Granada) (Gran Colombia),Sovereign,4,0,1,1,People's Republic of China (China),Sovereign,1,0.030857142857142854
710<-145,145,710,0,4.902890327235006e-7,0,1,0,bridge,4.902890327235006e-7,1,,Bolivia,Sovereign,2,0,1,1,People's Republic of China (China),Sovereign,1,0.030857142857142854
710<-130,130,710,0,9.597639083974186e-7,0,1,0,bridge,9.597639083974186e-7,1,,Ecuador,Sovereign,0,0.09375,1,1,People's Republic of China (China),Sovereign,1,0.030857142857142854
710<-101,101,710,0,0.0000016142535134009595,0,1,0,bridge,0.0000016142535134009595,1,,Venezuela,Sovereign,6,0,1,1,People's Republic of China (China),Sovereign,1,0.030857142857142854
710<-155,155,710,0,0.000001674383300433087,0,1,0,bridge,0.000001674383300433087,1,1,Chile,Sovereign,2,0,1,1,People's Republic of China (China),Sovereign,1,0.030857142857142854
710<-135,135,710,0,0.0000020178168917511996,0,1,0,bridge,0.0000020178168917511996,1,,Peru,Sovereign,2,0,1,1,People's Republic of China (China),Sovereign,1,0.030857142857142854
710<-165,165,710,0,0.0000023011206960371847,0,1,0,bridge,0.0000023011206960371847,1,1,Uruguay,Sovereign,2,0,1,1,People's Republic of China (China),Sovereign,1,0.030857142857142854
710<-160,160,710,0,0.0000037928019512572692,0,1,0,bridge,0.0000037928019512572692,1,1,Argentina (La Plata),Sovereign,2,0,1,1,People's Republic of China (China),Sovereign,1,0.030857142857142854
710<-140,140,710,0,0.00001165361526364962,0,1,0,bridge,0.00001165361526364962,1,1,Brazil,Sovereign,2,0,1,1,People's Republic of China (China),Sovereign,1,0.030857142857142854
750<-902,902,750,0.1611352183297801,0.00000736127354320237,0,1,0,bridge,0.00000736127354320237,1,1,Western Australia,Colony of,3,0,1,1,India,Colony of,1,0.03891891891891892
750<-906,906,750,0,0.00001228266534337034,0,1,0,bridge,0.00001228266534337034,1,1,Tasmania,Colony of,3,0,1,1,India,Colony of,1,0.03891891891891892
750<-901,901,750,0,0.00003968565944120411,0,1,0,bridge,0.00003968565944120411,1,1,New South Wales,Colony of,3,0,1,1,India,Colony of,1,0.03891891891891892
750<-905,905,750,0.20754558996988273,0.00004809573523129378,0,1,0,bridge,0.00004809573523129378,1,1,Queensland,Colony of,3,0,1,1,India,Colony of,1,0.03891891891891892
750<-904,904,750,0,0.00009890771795755808,0,1,0,bridge,0.00009890771795755808,1,1,Victoria,Colony of,3,0,1,1,India,Colony of,1,0.03891891891891892
750<-903,903,750,0.5380289684255979,0.00016219778783504714,0,1,0,bridge,0.00016219778783504714,1,1,South Australia,Colony of,3,0,1,1,India,Colony of,1,0.03891891891891892
750<-920,920,750,0.39014070043506,0.00016638027705995494,0,1,0,bridge,0.00016638027705995494,1,1,New Zealand,Colony of,3,0,1,1,India,Colony of,1,0.03891891891891892
750<-120,120,750,0,1.0407078524791287e-7,0,1,0,bridge,1.0407078524791287e-7,1,1,French Guiana,Colony of,0,0,1,1,India,Colony of,1,0.03891891891891892
750<-150,150,750,0,1.8385838727131273e-7,0,1,0,bridge,1.8385838727131273e-7,1,,Paraguay,Sovereign,2,0,1,1,India,Colony of,1,0.03891891891891892
750<-1163,1163,750,0,4.382536400995442e-7,0,1,0,bridge,4.382536400995442e-7,1,1,Falkland Is.,Colony of,3,0,1,1,India,Colony of,1,0.03891891891891892
750<-115,115,750,0,0.0000021762357537396893,0,1,0,bridge,0.0000021762357537396893,1,,Surinam (Dutch Guiana),Colony of,6,0,1,1,India,Colony of,1,0.03891891891891892
750<-145,145,750,0,0.0000034794332534552204,0,1,0,bridge,0.0000034794332534552204,1,,Bolivia,Sovereign,2,0,1,1,India,Colony of,1,0.03891891891891892
750<-130,130,750,0,0.000006800447644921951,0,1,0,bridge,0.000006800447644921951,1,,Ecuador,Sovereign,0,0.09375,1,1,India,Colony of,1,0.03891891891891892
750<-101,101,750,0,0.000011431597588454074,0,1,0,bridge,0.000011431597588454074,1,,Venezuela,Sovereign,6,0,1,1,India,Colony of,1,0.03891891891891892
750<-155,155,750,0,0.000011861756834145446,0,1,0,bridge,0.000011861756834145446,1,1,Chile,Sovereign,2,0,1,1,India,Colony of,1,0.03891891891891892
750<-135,135,750,0,0.000014291231498655058,0,1,0,bridge,0.000014291231498655058,1,,Peru,Sovereign,2,0,1,1,India,Colony of,1,0.03891891891891892
750<-165,165,750,0,0.000016298641311881467,0,1,0,bridge,0.000016298641311881467,1,1,Uruguay,Sovereign,2,0,1,1,India,Colony of,1,0.03891891891891892
750<-110,110,750,0,0.000016437402358878683,0,1,0,bridge,0.000016437402358878683,1,1,Guyana (British Guiana),Colony of,7,0.12,1,1,India,Colony of,1,0.03891891891891892
750<-140,140,750,0,0.00008252235099130336,0,1,0,bridge,0.00008252235099130336,1,1,Brazil,Sovereign,2,0,1,1,India,Colony of,1,0.03891891891891892
