"target","source","key","proximity","observedTradeValues","coMembershipScore","bridgeNessEdgeScore","ambiguityScore","sourceCommunityId","maxObservedTradeValue","sourceCited","sourceReporting","sourceLabel","sourceGphStatus","sourceCommunity","sourceMeanAmbiguityScore","targetCited","targetReporting","targetLabel","targetGphStatus","targetCommunity","targetMeanAmbiguityScore","export","import"
"10","200","200->10",0.328438216899974,8.54017804227469e-06,0,1,0,"bridge",8.54017804227469e-06,1,1,"United Kingdom","Sovereign",0,0,1,NA,"Greenland","Colony of",1,0,11694,NA
"10","210","210->10",0,9.06684649324482e-10,0,1,0,"bridge",9.06684649324482e-10,1,1,"Netherlands","Sovereign",3,0.0322784810126582,1,NA,"Greenland","Colony of",1,0,1.24151630524748,NA
"10","390","390->10",4.3436709835585,2.93993501370703e-05,1,0,0,"1",2.93993501370703e-05,1,1,"Denmark","Sovereign",1,0.02,1,NA,"Greenland","Colony of",1,0,40256.30365094,NA
"100","110","110->100",0,2.2639432128486e-07,0,1,0,"bridge",2.2639432128486e-07,1,1,"Guyana (British Guiana)","Colony of",2,0,1,NA,"Colombia (New Granada) (Gran Colombia)","Sovereign",10,0,310,NA
"100","135","135->100",3.54232838937879,0.000177612617653708,1,0,0,"10",0.000177612617653708,1,1,"Peru","Sovereign",10,0.024,1,NA,"Colombia (New Granada) (Gran Colombia)","Sovereign",10,0,243203.589030709,NA
"100","155","155->100",1.06430626194086,2.37276483396737e-05,1,0,0,"10",2.37276483396737e-05,1,1,"Chile","Sovereign",10,0.0221052631578947,1,NA,"Colombia (New Granada) (Gran Colombia)","Sovereign",10,0,32490.0860743929,NA
"100","2","2->100",0.349720914919218,0.000459055709780485,0,1,0,"bridge",0.000459055709780485,1,1,"United States of America","Sovereign",2,0.00694214876033058,1,NA,"Colombia (New Granada) (Gran Colombia)","Sovereign",10,0,628581.446850394,NA
"100","20","20->100",0,2.79425993301722e-06,0,1,0,"bridge",2.79425993301722e-06,1,1,"Canada (Province of Canada)","Colony of",2,0,1,NA,"Colombia (New Granada) (Gran Colombia)","Sovereign",10,0,3826.15859938208,NA
"100","200","200->100",0.754005350051493,0.000807341867916891,0,1,0,"bridge",0.000807341867916891,1,1,"United Kingdom","Sovereign",0,0,1,NA,"Colombia (New Granada) (Gran Colombia)","Sovereign",10,0,1105487,NA
"100","210","210->100",0,2.22268102203378e-05,0,1,0,"bridge",2.22268102203378e-05,1,1,"Netherlands","Sovereign",3,0.0322784810126582,1,NA,"Colombia (New Granada) (Gran Colombia)","Sovereign",10,0,30435,NA
"100","211","211->100",0,2.62042663235844e-06,0,1,0,"bridge",2.62042663235844e-06,1,1,"Belgium","Sovereign",4,0.0291428571428571,1,NA,"Colombia (New Granada) (Gran Colombia)","Sovereign",10,0,3588.12999999677,NA
"100","220","220->100",0.985904449819928,0.000623943637492484,0,1,0,"bridge",0.000623943637492484,1,1,"France","Sovereign",5,0.0336885245901639,1,NA,"Colombia (New Granada) (Gran Colombia)","Sovereign",10,0,854361.215974568,NA
"100","230","230->100",0.29371426882492,5.95136821413918e-05,0,1,0,"bridge",5.95136821413918e-05,1,1,"Spain","Sovereign",7,0.0396103896103896,1,NA,"Colombia (New Granada) (Gran Colombia)","Sovereign",10,0,81491.6264645072,NA
"100","255","255->100",0,0.000116629397188256,0,1,0,"bridge",0.000116629397188256,1,1,"Germany (Zollverein)","Sovereign",1,0.0922314049586777,1,NA,"Colombia (New Granada) (Gran Colombia)","Sovereign",10,0,159699.735060347,NA
"100","300","300->100",0,2.87673175857871e-06,0,1,0,"bridge",2.87673175857871e-06,1,1,"Austria-Hungary (Austrian Empire)","Sovereign",8,0.0101408450704225,1,NA,"Colombia (New Granada) (Gran Colombia)","Sovereign",10,0,3939.08663476286,NA
"100","385","385->100",0,4.03858257001702e-07,0,1,0,"bridge",4.03858257001702e-07,1,1,"Norway","Sovereign (limited)",1,0.0128571428571429,1,NA,"Colombia (New Granada) (Gran Colombia)","Sovereign",10,0,553,NA
"100","70","70->100",0,1.01410049850373e-05,0,1,0,"bridge",1.01410049850373e-05,1,1,"Mexico","Sovereign",2,0.0381818181818182,1,NA,"Colombia (New Granada) (Gran Colombia)","Sovereign",10,0,13886,NA
"100","710","710->100",0,2.19091278662768e-09,0,1,0,"bridge",2.19091278662768e-09,1,1,"People's Republic of China (China)","Sovereign",3,0.0661111111111111,1,NA,"Colombia (New Granada) (Gran Colombia)","Sovereign",10,0,3,NA
"100","750","750->100",0,3.44185095736586e-05,0,1,0,"bridge",3.44185095736586e-05,1,1,"India","Colony of",9,0.00228915662650603,1,NA,"Colombia (New Granada) (Gran Colombia)","Sovereign",10,0,47129,NA
"101","1055","1055->101",0,3.59309697006939e-07,1,0,0,"2",3.59309697006939e-07,1,NA,"Windward Is.","Colony of",2,0,1,NA,"Venezuela","Sovereign",2,0,492,NA
"101","135","135->101",0,3.5070847926135e-08,0,1,0,"bridge",3.5070847926135e-08,1,1,"Peru","Sovereign",10,0.024,1,NA,"Venezuela","Sovereign",2,0,48.0222418804499,NA
"101","2","2->101",1.15904513938061,0.000597791056993748,1,0,0,"2",0.000597791056993748,1,1,"United States of America","Sovereign",2,0.00694214876033058,1,NA,"Venezuela","Sovereign",2,0,818550.688976378,NA
"101","20","20->101",0,7.50611383815456e-08,1,0,0,"2",7.50611383815456e-08,1,1,"Canada (Province of Canada)","Colony of",2,0,1,NA,"Venezuela","Sovereign",2,0,102.780638516993,NA
"101","200","200->101",0.201784883762896,0.000269420196892917,0,1,0,"bridge",0.000269420196892917,1,1,"United Kingdom","Sovereign",0,0,1,NA,"Venezuela","Sovereign",2,0,368915,NA
"101","210","210->101",0,3.37765721271767e-06,0,1,0,"bridge",3.37765721271767e-06,1,1,"Netherlands","Sovereign",3,0.0322784810126582,1,NA,"Venezuela","Sovereign",2,0,4625,NA
"101","211","211->101",0,1.41701600900209e-06,0,1,0,"bridge",1.41701600900209e-06,1,1,"Belgium","Sovereign",4,0.0291428571428571,1,NA,"Venezuela","Sovereign",2,0,1940.30910447587,NA
"101","220","220->101",0,0.000121886664068299,0,1,0,"bridge",0.000121886664068299,1,1,"France","Sovereign",5,0.0336885245901639,1,NA,"Venezuela","Sovereign",2,0,166898.470097357,NA
"101","225","225->101",0,2.55168309215904e-06,0,1,0,"bridge",2.55168309215904e-06,1,1,"Switzerland","Sovereign",8,0.015,1,NA,"Venezuela","Sovereign",2,0,3494,NA
"101","230","230->101",0.0644804518649224,2.74322111339218e-05,0,1,0,"bridge",2.74322111339218e-05,1,1,"Spain","Sovereign",7,0.0396103896103896,1,NA,"Venezuela","Sovereign",2,0,37562.7153687112,NA
"101","255","255->101",0.417411198728226,0.000179190050795228,0,1,0,"bridge",0.000179190050795228,1,1,"Germany (Zollverein)","Sovereign",1,0.0922314049586777,1,NA,"Venezuela","Sovereign",2,0,245363.556078893,NA
"101","325","325->101",0,3.08772642062061e-06,0,1,0,"bridge",3.08772642062061e-06,1,1,"Italy","Sovereign",8,0.00947368421052632,1,NA,"Venezuela","Sovereign",2,0,4228,NA
"101","385","385->101",0,6.1345558025575e-08,0,1,0,"bridge",6.1345558025575e-08,1,1,"Norway","Sovereign (limited)",1,0.0128571428571429,1,NA,"Venezuela","Sovereign",2,0,84,NA
"101","52","52->101",4.19964930259471,0.000145074941687863,1,0,0,"2",0.000145074941687863,NA,NA,"Trinidad and Tobago","Colony of",2,0,1,NA,"Venezuela","Sovereign",2,0,198650,NA
"101","53","53->101",0,2.19091278662768e-09,1,0,0,"2",2.19091278662768e-09,1,1,"Barbados","Colony of",2,0,1,NA,"Venezuela","Sovereign",2,0,3,NA
"101","70","70->101",0,1.54094199326147e-06,1,0,0,"2",1.54094199326147e-06,1,1,"Mexico","Sovereign",2,0.0381818181818182,1,NA,"Venezuela","Sovereign",2,0,2110,NA
"101","750","750->101",0,5.23043912594248e-06,0,1,0,"bridge",5.23043912594248e-06,1,1,"India","Colony of",9,0.00228915662650603,1,NA,"Venezuela","Sovereign",2,0,7162,NA
"1029","2","2->1029",0.535750484380302,5.35734662298255e-05,0,1,0,"bridge",5.35734662298255e-05,1,1,"United States of America","Sovereign",2,0.00694214876033058,1,1,"St. Pierre and Miquelon","Colony of",5,0.06,73357.7345800525,NA
"1029","20","20->1029",2.36264866492061,3.39186091610781e-05,0,1,0,"bridge",3.39186091610781e-05,1,1,"Canada (Province of Canada)","Colony of",2,0,1,1,"St. Pierre and Miquelon","Colony of",5,0.06,46444.4902162719,NA
"1029","200","200->1029",0,1.46060852441845e-09,0,1,0,"bridge",1.46060852441845e-09,1,1,"United Kingdom","Sovereign",0,0,1,1,"St. Pierre and Miquelon","Colony of",5,0.06,2,NA
"1029","220","220->1029",1.82061466434575,0.000139299044649485,1,0,0,"5",0.000139299044649485,1,1,"France","Sovereign",5,0.0336885245901639,1,1,"St. Pierre and Miquelon","Colony of",5,0.06,190741.108682694,259028.412477648
"1029","230","230->1029",0,2.79706532426134e-07,0.1,0.9,0.36,"bridge",2.79706532426134e-07,1,1,"Spain","Sovereign",7,0.0396103896103896,1,1,"St. Pierre and Miquelon","Colony of",5,0.06,383,NA
"1032","30","30->1032",9.40040993886331,1.46060852441845e-09,1,0,0,"2",1.46060852441845e-09,1,1,"Bermuda","Colony of",2,0,1,1,"Turks and Caicos Is.","Dependency of",2,0,2,NA
"1055","1063","1063->1055",7.84771704595017,1.87688195387771e-07,1,0,0,"2",1.87688195387771e-07,1,1,"Leeward Is.","Colony of",2,0,1,NA,"Windward Is.","Colony of",2,0,257,36.600327302482
"1055","31","31->1055",5.37173879527076,4.38182557325536e-09,1,0,0,"2",4.38182557325536e-09,1,1,"Bahamas","Colony of",2,0,1,NA,"Windward Is.","Colony of",2,0,6,0
"1063","1055","1055->1063",7.81758585206164,2.67293750272554e-08,1,0,0,"2",2.67293750272554e-08,1,NA,"Windward Is.","Colony of",2,0,1,1,"Leeward Is.","Colony of",2,0,36.600327302482,257
"1063","31","31->1063",6.57190826344811,2.19091278662768e-09,1,0,0,"2",2.19091278662768e-09,1,1,"Bahamas","Colony of",2,0,1,1,"Leeward Is.","Colony of",2,0,3,NA
"11","385","385->11",1.53695036917718,6.64309477269082e-07,1,0,0,"1",6.64309477269082e-07,1,1,"Norway","Sovereign (limited)",1,0.0128571428571429,1,NA,"Faeroe Is.","Colony of",1,0,909.633849403391,NA
"11","390","390->11",4.57507471936818,2.77688997161326e-05,1,0,0,"1",2.77688997161326e-05,1,1,"Denmark","Sovereign",1,0.02,1,NA,"Faeroe Is.","Colony of",1,0,38023.7404504933,NA
"110","1055","1055->110",0,2.55606491773229e-08,1,0,0,"2",2.55606491773229e-08,1,NA,"Windward Is.","Colony of",2,0,1,1,"Guyana (British Guiana)","Colony of",2,0,35,NA
"110","2","2->110",0.802461262051629,0.000282361253111571,1,0,0,"2",0.000282361253111571,1,1,"United States of America","Sovereign",2,0.00694214876033058,1,1,"Guyana (British Guiana)","Colony of",2,0,386635.088582677,976713
"110","20","20->110",1.03737605152322,3.63834424547053e-05,1,0,0,"2",3.63834424547053e-05,1,1,"Canada (Province of Canada)","Colony of",2,0,1,1,"Guyana (British Guiana)","Colony of",2,0,49819.5674562307,63502
"110","200","200->110",1.30779068918718,0.000549389638853446,0,1,0,"bridge",0.000549389638853446,1,1,"United Kingdom","Sovereign",0,0,1,1,"Guyana (British Guiana)","Colony of",2,0,752275,1248667
"110","210","210->110",0,6.84190280944583e-06,0,1,0,"bridge",6.84190280944583e-06,1,1,"Netherlands","Sovereign",3,0.0322784810126582,1,1,"Guyana (British Guiana)","Colony of",2,0,9368.56480715113,8789
"110","225","225->110",0,1.42701452835683e-06,0,1,0,"bridge",1.42701452835683e-06,1,1,"Switzerland","Sovereign",8,0.015,1,1,"Guyana (British Guiana)","Colony of",2,0,1954,NA
"110","30","30->110",0.879130530736728,1.82576065552307e-07,1,0,0,"2",1.82576065552307e-07,1,1,"Bermuda","Colony of",2,0,1,1,"Guyana (British Guiana)","Colony of",2,0,250,1177
"110","325","325->110",0,1.72643927586261e-06,0,1,0,"bridge",1.72643927586261e-06,1,1,"Italy","Sovereign",8,0.00947368421052632,1,1,"Guyana (British Guiana)","Colony of",2,0,2364,NA
"110","385","385->110",0,3.43243003238336e-08,0,1,0,"bridge",3.43243003238336e-08,1,1,"Norway","Sovereign (limited)",1,0.0128571428571429,1,1,"Guyana (British Guiana)","Colony of",2,0,47,NA
"110","51","51->110",0,7.31764870733645e-07,1,0,0,"2",7.31764870733645e-07,1,1,"Jamaica","Colony of",2,0,1,1,"Guyana (British Guiana)","Colony of",2,0,1002,NA
"110","52","52->110",1.51171574497262,6.65818395856152e-06,1,0,0,"2",6.65818395856152e-06,NA,NA,"Trinidad and Tobago","Colony of",2,0,1,1,"Guyana (British Guiana)","Colony of",2,0,9117,NA
"110","53","53->110",1.96997658354543,3.57264845072754e-06,1,0,0,"2",3.57264845072754e-06,1,1,"Barbados","Colony of",2,0,1,1,"Guyana (British Guiana)","Colony of",2,0,4892,NA
"110","750","750->110",0,2.72834369318745e-05,0,1,0,"bridge",2.72834369318745e-05,1,1,"India","Colony of",9,0.00228915662650603,1,1,"Guyana (British Guiana)","Colony of",2,0,37359,NA
"115","110","110->115",0.418513322125086,9.36250064152228e-07,0,1,0,"bridge",9.36250064152228e-07,1,1,"Guyana (British Guiana)","Colony of",2,0,1,NA,"Surinam (Dutch Guiana)","Colony of",3,0.0364285714285714,1282,NA
"115","2","2->115",0,4.91192811135297e-05,0,1,0,"bridge",4.91192811135297e-05,1,1,"United States of America","Sovereign",2,0.00694214876033058,1,NA,"Surinam (Dutch Guiana)","Colony of",3,0.0364285714285714,67258.6532152231,NA
"115","20","20->115",0,1.15825804717014e-08,0,1,0,"bridge",1.15825804717014e-08,1,1,"Canada (Province of Canada)","Colony of",2,0,1,NA,"Surinam (Dutch Guiana)","Colony of",3,0.0364285714285714,15.859938208033,NA
"115","200","200->115",0,2.93976677709702e-05,0,1,0,"bridge",2.93976677709702e-05,1,1,"United Kingdom","Sovereign",0,0,1,NA,"Surinam (Dutch Guiana)","Colony of",3,0.0364285714285714,40254,NA
"115","210","210->115",1.95643911049141,0.000174163422256371,1,0,0,"3",0.000174163422256371,1,1,"Netherlands","Sovereign",3,0.0322784810126582,1,NA,"Surinam (Dutch Guiana)","Colony of",3,0.0364285714285714,238480.632345638,NA
"115","211","211->115",0,8.63876911766517e-08,0.15,0.85,0.51,"bridge",8.63876911766517e-08,1,1,"Belgium","Sovereign",4,0.0291428571428571,1,NA,"Surinam (Dutch Guiana)","Colony of",3,0.0364285714285714,118.289999999894,NA
"115","225","225->115",0,7.89458907448174e-07,0,1,0,"bridge",7.89458907448174e-07,1,1,"Switzerland","Sovereign",8,0.015,1,NA,"Surinam (Dutch Guiana)","Colony of",3,0.0364285714285714,1081,NA
"115","230","230->115",0,8.03334688430149e-09,0,1,0,"bridge",8.03334688430149e-09,1,1,"Spain","Sovereign",7,0.0396103896103896,1,NA,"Surinam (Dutch Guiana)","Colony of",3,0.0364285714285714,11,NA
"115","325","325->115",0,9.55968279231877e-07,0,1,0,"bridge",9.55968279231877e-07,1,1,"Italy","Sovereign",8,0.00947368421052632,1,NA,"Surinam (Dutch Guiana)","Colony of",3,0.0364285714285714,1309,NA
"115","385","385->115",0,1.89879108174399e-08,0,1,0,"bridge",1.89879108174399e-08,1,1,"Norway","Sovereign (limited)",1,0.0128571428571429,1,NA,"Surinam (Dutch Guiana)","Colony of",3,0.0364285714285714,26,NA
"115","53","53->115",0,8.47152944162703e-08,0,1,0,"bridge",8.47152944162703e-08,1,1,"Barbados","Colony of",2,0,1,NA,"Surinam (Dutch Guiana)","Colony of",3,0.0364285714285714,116,NA
"115","750","750->115",0,1.61908454931785e-06,0,1,0,"bridge",1.61908454931785e-06,1,1,"India","Colony of",9,0.00228915662650603,1,NA,"Surinam (Dutch Guiana)","Colony of",3,0.0364285714285714,2217,NA
"115","827","827->115",3.23860930074343,0.000104340760854619,1,0,0,"3",0.000104340760854619,1,1,"Straits Settlements","Colony of",3,0.109285714285714,1,NA,"Surinam (Dutch Guiana)","Colony of",3,0.0364285714285714,142873,NA
"115","904","904->115",0,2.57797404559857e-07,0,1,0,"bridge",2.57797404559857e-07,1,1,"Victoria","Colony of",13,0,1,NA,"Surinam (Dutch Guiana)","Colony of",3,0.0364285714285714,353,NA
"1163","155","155->1163",0.986609378565613,3.13572849136408e-07,0,1,0,"bridge",3.13572849136408e-07,1,1,"Chile","Sovereign",10,0.0221052631578947,1,1,"Falkland Is.","Colony of",0,0,429.372886566247,NA
"1163","165","165->1163",0.00859795587311111,1.36825154512267e-07,0,1,0,"bridge",1.36825154512267e-07,1,1,"Uruguay","Sovereign",10,0,1,1,"Falkland Is.","Colony of",0,0,187.353629976581,NA
"1163","200","200->1163",1.67052728945803,2.88353334890691e-05,1,0,0,"0",2.88353334890691e-05,1,1,"United Kingdom","Sovereign",0,0,1,1,"Falkland Is.","Colony of",0,0,39484,121305
"1163","211","211->1163",0,1.979124550587e-07,0,1,0,"bridge",1.979124550587e-07,1,1,"Belgium","Sovereign",4,0.0291428571428571,1,1,"Falkland Is.","Colony of",0,0,271,NA
"1163","225","225->1163",0,1.86227586863353e-07,0,1,0,"bridge",1.86227586863353e-07,1,1,"Switzerland","Sovereign",8,0.015,1,1,"Falkland Is.","Colony of",0,0,255,NA
"1163","325","325->1163",0,2.25664017022651e-07,0,1,0,"bridge",2.25664017022651e-07,1,1,"Italy","Sovereign",8,0.00947368421052632,1,1,"Falkland Is.","Colony of",0,0,309,NA
"1163","385","385->1163",0,4.38182557325536e-09,0,1,0,"bridge",4.38182557325536e-09,1,1,"Norway","Sovereign (limited)",1,0.0128571428571429,1,1,"Falkland Is.","Colony of",0,0,6,NA
"1163","750","750->1163",0.82392156138571,3.57337875498974e-06,0,1,0,"bridge",3.57337875498974e-06,1,1,"India","Colony of",9,0.00228915662650603,1,1,"Falkland Is.","Colony of",0,0,4893,NA
"120","110","110->120",2.27406138262349,3.44630581336534e-06,0,1,0,"bridge",3.44630581336534e-06,1,1,"Guyana (British Guiana)","Colony of",2,0,1,1,"French Guiana","Colony of",5,0.036,4719,NA
"120","200","200->120",0,4.47749543160477e-06,0,1,0,"bridge",4.47749543160477e-06,1,1,"United Kingdom","Sovereign",0,0,1,1,"French Guiana","Colony of",5,0.036,6131,NA
"120","211","211->120",0,2.87958970588839e-08,0,1,0,"bridge",2.87958970588839e-08,1,1,"Belgium","Sovereign",4,0.0291428571428571,1,1,"French Guiana","Colony of",5,0.036,39.4299999999646,NA
"120","220","220->120",2.25550000827219,0.000197340313253437,1,0,0,"5",0.000197340313253437,1,1,"France","Sovereign",5,0.0336885245901639,1,1,"French Guiana","Colony of",5,0.036,270216.570633817,182665.408305186
"120","225","225->120",0,4.76158378960416e-07,0,1,0,"bridge",4.76158378960416e-07,1,1,"Switzerland","Sovereign",8,0.015,1,1,"French Guiana","Colony of",5,0.036,652,NA
"120","230","230->120",0,9.0630758940165e-07,0.1,0.9,0.36,"bridge",9.0630758940165e-07,1,1,"Spain","Sovereign",7,0.0396103896103896,1,1,"French Guiana","Colony of",5,0.036,1241,NA
"120","325","325->120",0,5.7621006288308e-07,0,1,0,"bridge",5.7621006288308e-07,1,1,"Italy","Sovereign",8,0.00947368421052632,1,1,"French Guiana","Colony of",5,0.036,789,NA
"120","385","385->120",0,1.09545639331384e-08,0,1,0,"bridge",1.09545639331384e-08,1,1,"Norway","Sovereign (limited)",1,0.0128571428571429,1,1,"French Guiana","Colony of",5,0.036,15,NA
"120","750","750->120",0,9.77147102835945e-07,0,1,0,"bridge",9.77147102835945e-07,1,1,"India","Colony of",9,0.00228915662650603,1,1,"French Guiana","Colony of",5,0.036,1338,NA
"130","135","135->130",4.00324554421946,5.79444241103805e-05,1,0,0,"10",5.79444241103805e-05,1,1,"Peru","Sovereign",10,0.024,1,NA,"Ecuador","Sovereign",10,0,79342.8535321623,NA
"130","155","155->130",1.8264157441371,1.04616141686915e-05,1,0,0,"10",1.04616141686915e-05,1,1,"Chile","Sovereign",10,0.0221052631578947,1,NA,"Ecuador","Sovereign",10,0,14325.0076852136,NA
"130","2","2->130",0.599178491995743,0.000121218108167949,0,1,0,"bridge",0.000121218108167949,1,1,"United States of America","Sovereign",2,0.00694214876033058,1,NA,"Ecuador","Sovereign",10,0,165983.021653543,NA
"130","200","200->130",0.878534001367085,0.000188149747681487,0,1,0,"bridge",0.000188149747681487,1,1,"United Kingdom","Sovereign",0,0,1,NA,"Ecuador","Sovereign",10,0,257632,NA
"130","210","210->130",0,5.88040991930869e-06,0,1,0,"bridge",5.88040991930869e-06,1,1,"Netherlands","Sovereign",3,0.0322784810126582,1,NA,"Ecuador","Sovereign",10,0,8052,NA
"130","211","211->130",0,3.74346661765491e-07,0,1,0,"bridge",3.74346661765491e-07,1,1,"Belgium","Sovereign",4,0.0291428571428571,1,NA,"Ecuador","Sovereign",10,0,512.589999999539,NA
"130","220","220->130",0,3.48247611623712e-05,0,1,0,"bridge",3.48247611623712e-05,1,1,"France","Sovereign",5,0.0336885245901639,1,NA,"Ecuador","Sovereign",10,0,47685.2771706736,NA
"130","225","225->130",0,4.44244082701872e-06,0,1,0,"bridge",4.44244082701872e-06,1,1,"Switzerland","Sovereign",8,0.015,1,NA,"Ecuador","Sovereign",10,0,6083,NA
"130","230","230->130",0,4.3342626836766e-07,0,1,0,"bridge",4.3342626836766e-07,1,1,"Spain","Sovereign",7,0.0396103896103896,1,NA,"Ecuador","Sovereign",10,0,593.487250172295,NA
"130","255","255->130",0.0464973229766051,4.38927838880533e-05,0,1,0,"bridge",4.38927838880533e-05,1,1,"Germany (Zollverein)","Sovereign",1,0.0922314049586777,1,NA,"Ecuador","Sovereign",10,0,60102.050829163,NA
"130","325","325->130",0,5.37503936985991e-06,0,1,0,"bridge",5.37503936985991e-06,1,1,"Italy","Sovereign",8,0.00947368421052632,1,NA,"Ecuador","Sovereign",10,0,7360,NA
"130","385","385->130",0,1.06624422282547e-07,0,1,0,"bridge",1.06624422282547e-07,1,1,"Norway","Sovereign (limited)",1,0.0128571428571429,1,NA,"Ecuador","Sovereign",10,0,146,NA
"130","750","750->130",0,9.10543354122463e-06,0,1,0,"bridge",9.10543354122463e-06,1,1,"India","Colony of",9,0.00228915662650603,1,NA,"Ecuador","Sovereign",10,0,12468,NA
"135","155","155->135",3.44705687894791,0.000133719653317949,1,0,0,"10",0.000133719653317949,1,1,"Chile","Sovereign",10,0.0221052631578947,1,1,"Peru","Sovereign",10,0.024,183101.291115893,422095.286237836
"135","20","20->135",0,3.92709647239882e-06,0,1,0,"bridge",3.92709647239882e-06,1,1,"Canada (Province of Canada)","Colony of",2,0,1,1,"Peru","Sovereign",10,0.024,5377.3429454171,NA
"135","200","200->135",1.03753382473547,0.000557593146630842,0,1,0,"bridge",0.000557593146630842,1,1,"United Kingdom","Sovereign",0,0,1,1,"Peru","Sovereign",10,0.024,763508,1674675.84986731
"135","211","211->135",0,2.76440611765285e-05,0,1,0,"bridge",2.76440611765285e-05,1,1,"Belgium","Sovereign",4,0.0291428571428571,1,1,"Peru","Sovereign",10,0.024,37852.799999966,42.9672690509288
"135","220","220->135",0.363257096776456,0.000174123805811856,0,1,0,"bridge",0.000174123805811856,1,1,"France","Sovereign",5,0.0336885245901639,1,1,"Peru","Sovereign",10,0.024,238426.385853368,91692.1521546822
"135","225","225->135",0.120135574185712,2.5459867189138e-05,0,1,0,"bridge",2.5459867189138e-05,1,1,"Switzerland","Sovereign",8,0.015,1,1,"Peru","Sovereign",10,0.024,34862,NA
"135","230","230->135",0,3.2876274574436e-07,0,1,0,"bridge",3.2876274574436e-07,1,1,"Spain","Sovereign",7,0.0396103896103896,1,1,"Peru","Sovereign",10,0.024,450.172294968987,1673.19600657146
"135","255","255->135",0.697368865089057,0.0002127277207701,0,1,0,"bridge",0.0002127277207701,1,1,"Germany (Zollverein)","Sovereign",1,0.0922314049586777,1,1,"Peru","Sovereign",10,0.024,291286.429202237,194736.509541261
"135","300","300->135",0,1.38940023233483e-05,0,1,0,"bridge",1.38940023233483e-05,1,1,"Austria-Hungary (Austrian Empire)","Sovereign",8,0.0101408450704225,1,1,"Peru","Sovereign",10,0.024,19024.9503423653,NA
"135","325","325->135",0.109098977867694,3.57325142290338e-05,0,1,0,"bridge",3.57325142290338e-05,1,1,"Italy","Sovereign",8,0.00947368421052632,1,1,"Peru","Sovereign",10,0.024,48928.256451551,8786.80652091495
"135","385","385->135",0,3.91443084544145e-07,0,1,0,"bridge",3.91443084544145e-07,1,1,"Norway","Sovereign (limited)",1,0.0128571428571429,1,1,"Peru","Sovereign",10,0.024,536,NA
"135","710","710->135",0,2.19091278662768e-09,0,1,0,"bridge",2.19091278662768e-09,1,1,"People's Republic of China (China)","Sovereign",3,0.0661111111111111,1,1,"Peru","Sovereign",10,0.024,3,4600.02527486415
"135","740","740->135",0,1.06606833736684e-07,0,1,0,"bridge",1.06606833736684e-07,1,1,"Japan","Sovereign",3,0.085,1,1,"Peru","Sovereign",10,0.024,145.975916139652,NA
"135","750","750->135",0,3.33288956144425e-05,0,1,0,"bridge",3.33288956144425e-05,1,1,"India","Colony of",9,0.00228915662650603,1,1,"Peru","Sovereign",10,0.024,45637,NA
"140","155","155->140",0,6.33156733200776e-06,1,0,0,"10",6.33156733200776e-06,1,1,"Chile","Sovereign",10,0.0221052631578947,1,NA,"Brazil","Sovereign",10,0,8669.76636950507,NA
"140","160","160->140",1.81319913377522,0.00152481263119657,1,0,0,"10",0.00152481263119657,1,1,"Argentina (La Plata)","Sovereign",10,0,1,NA,"Brazil","Sovereign",10,0,2087914.18878467,NA
"140","165","165->140",2.38158728725283,0.000708300988594432,1,0,0,"10",0.000708300988594432,1,1,"Uruguay","Sovereign",10,0,1,NA,"Brazil","Sovereign",10,0,969871.086951851,NA
"140","2","2->140",0,0.00213245145722559,0,1,0,"bridge",0.00213245145722559,1,1,"United States of America","Sovereign",2,0.00694214876033058,1,NA,"Brazil","Sovereign",10,0,2919949.35203412,NA
"140","20","20->140",0,5.6754343465091e-05,0,1,0,"bridge",5.6754343465091e-05,1,1,"Canada (Province of Canada)","Colony of",2,0,1,NA,"Brazil","Sovereign",10,0,77713.2852729145,NA
"140","200","200->140",0.79162482667761,0.00577694479326446,0,1,0,"bridge",0.00577694479326446,1,1,"United Kingdom","Sovereign",0,0,1,NA,"Brazil","Sovereign",10,0,7910326,NA
"140","210","210->140",0,3.32451038085644e-08,0,1,0,"bridge",3.32451038085644e-08,1,1,"Netherlands","Sovereign",3,0.0322784810126582,1,NA,"Brazil","Sovereign",10,0,45.5222645257408,NA
"140","211","211->140",0,0.00054827388000115,0,1,0,"bridge",0.00054827388000115,1,1,"Belgium","Sovereign",4,0.0291428571428571,1,NA,"Brazil","Sovereign",10,0,750747.199999325,NA
"140","220","220->140",0.228914711160595,0.00201693408398733,0,1,0,"bridge",0.00201693408398733,1,1,"France","Sovereign",5,0.0336885245901639,1,NA,"Brazil","Sovereign",10,0,2761772.30280151,NA
"140","225","225->140",0,0.000144302850930539,0,1,0,"bridge",0.000144302850930539,1,1,"Switzerland","Sovereign",8,0.015,1,NA,"Brazil","Sovereign",10,0,197592.782074162,NA
"140","230","230->140",0,9.14659532149479e-06,0,1,0,"bridge",9.14659532149479e-06,1,1,"Spain","Sovereign",7,0.0396103896103896,1,NA,"Brazil","Sovereign",10,0,12524.3625086147,NA
"140","235","235->140",2.84095067966448,0.000834616833319353,0,1,0,"bridge",0.000834616833319353,1,1,"Portugal","Sovereign",6,0,1,NA,"Brazil","Sovereign",10,0,1142834.40000004,NA
"140","255","255->140",0.280725887241158,0.00185804424595828,0,1,0,"bridge",0.00185804424595828,1,1,"Germany (Zollverein)","Sovereign",1,0.0922314049586777,1,NA,"Brazil","Sovereign",10,0,2544205.67167108,NA
"140","300","300->140",0,8.00588327706587e-05,0,1,0,"bridge",8.00588327706587e-05,1,1,"Austria-Hungary (Austrian Empire)","Sovereign",8,0.0101408450704225,1,NA,"Brazil","Sovereign",10,0,109623.942941911,NA
"140","325","325->140",0,0.000243574771758727,0,1,0,"bridge",0.000243574771758727,1,1,"Italy","Sovereign",8,0.00947368421052632,1,NA,"Brazil","Sovereign",10,0,333525.058476169,NA
"140","352","352->140",0,1.02242596709292e-08,0,1,0,"bridge",1.02242596709292e-08,1,1,"Cyprus","Protectorate of",8,0.0189473684210526,1,NA,"Brazil","Sovereign",10,0,14,NA
"140","380","380->140",0,2.27710900653035e-05,0,1,0,"bridge",2.27710900653035e-05,1,1,"Sweden","Sovereign",1,0.0156521739130435,1,NA,"Brazil","Sovereign",10,0,31180.2781985952,NA
"140","385","385->140",0,2.14198240105966e-06,0,1,0,"bridge",2.14198240105966e-06,1,1,"Norway","Sovereign (limited)",1,0.0128571428571429,1,NA,"Brazil","Sovereign",10,0,2933,NA
"140","4781","4781->140",0,2.14052179253524e-06,0,1,0,"bridge",2.14052179253524e-06,1,1,"Lagos","Colony of",11,0.0225,1,NA,"Brazil","Sovereign",10,0,2931,NA
"140","710","710->140",0,1.24151724575568e-08,0,1,0,"bridge",1.24151724575568e-08,1,1,"People's Republic of China (China)","Sovereign",3,0.0661111111111111,1,NA,"Brazil","Sovereign",10,0,17,NA
"140","750","750->140",0,0.00018240517435495,0,1,0,"bridge",0.00018240517435495,1,1,"India","Colony of",9,0.00228915662650603,1,NA,"Brazil","Sovereign",10,0,249766,NA
"145","135","135->145",4.04745218613359,1.85220222902527e-05,1,0,0,"10",1.85220222902527e-05,1,1,"Peru","Sovereign",10,0.024,1,NA,"Bolivia","Sovereign",10,0,25362.0624289144,NA
"145","160","160->145",3.48098764267305,7.38018292262855e-05,1,0,0,"10",7.38018292262855e-05,1,1,"Argentina (La Plata)","Sovereign",10,0,1,NA,"Bolivia","Sovereign",10,0,101056.276192377,NA
"145","2","2->145",0,2.55115309444644e-06,0,1,0,"bridge",2.55115309444644e-06,1,1,"United States of America","Sovereign",2,0.00694214876033058,1,NA,"Bolivia","Sovereign",10,0,3493.27427821522,NA
"145","225","225->145",0,1.97328211648933e-06,0,1,0,"bridge",1.97328211648933e-06,1,1,"Switzerland","Sovereign",8,0.015,1,NA,"Bolivia","Sovereign",10,0,2702,NA
"145","255","255->145",1.23692591399172,4.4143599795985e-05,0,1,0,"bridge",4.4143599795985e-05,1,1,"Germany (Zollverein)","Sovereign",1,0.0922314049586777,1,NA,"Bolivia","Sovereign",10,0,60445.4911196153,NA
"145","325","325->145",0,2.38809493742417e-06,0,1,0,"bridge",2.38809493742417e-06,1,1,"Italy","Sovereign",8,0.00947368421052632,1,NA,"Bolivia","Sovereign",10,0,3270,NA
"145","385","385->145",0,4.74697770435997e-08,0,1,0,"bridge",4.74697770435997e-08,1,1,"Norway","Sovereign (limited)",1,0.0128571428571429,1,NA,"Bolivia","Sovereign",10,0,65,NA
"145","750","750->145",0,4.04588561263911e-06,0,1,0,"bridge",4.04588561263911e-06,1,1,"India","Colony of",9,0.00228915662650603,1,NA,"Bolivia","Sovereign",10,0,5540,NA
"150","160","160->150",4.07683061919359,4.87795444362308e-05,1,0,0,"10",4.87795444362308e-05,1,1,"Argentina (La Plata)","Sovereign",10,0,1,NA,"Paraguay","Sovereign",10,0,66793.4544003193,NA
"150","165","165->150",0,8.86539131874209e-08,1,0,0,"10",8.86539131874209e-08,1,1,"Uruguay","Sovereign",10,0,1,NA,"Paraguay","Sovereign",10,0,121.39312034033,NA
"150","200","200->150",0,1.05967148446559e-06,0,1,0,"bridge",1.05967148446559e-06,1,1,"United Kingdom","Sovereign",0,0,1,NA,"Paraguay","Sovereign",10,0,1451,NA
"150","225","225->150",0,1.51903286539519e-07,0,1,0,"bridge",1.51903286539519e-07,1,1,"Switzerland","Sovereign",8,0.015,1,NA,"Paraguay","Sovereign",10,0,208,NA
"150","255","255->150",0,3.15311427114179e-06,0,1,0,"bridge",3.15311427114179e-06,1,1,"Germany (Zollverein)","Sovereign",1,0.0922314049586777,1,NA,"Paraguay","Sovereign",10,0,4317.53507997252,NA
"150","325","325->150",0,1.68021226782291e-07,0,1,0,"bridge",1.68021226782291e-07,1,1,"Italy","Sovereign",8,0.00947368421052632,1,NA,"Paraguay","Sovereign",10,0,230.070171402278,NA
"150","385","385->150",0,3.65152131104613e-09,0,1,0,"bridge",3.65152131104613e-09,1,1,"Norway","Sovereign (limited)",1,0.0128571428571429,1,NA,"Paraguay","Sovereign",10,0,5,NA
"150","750","750->150",0,3.12570224225549e-07,0,1,0,"bridge",3.12570224225549e-07,1,1,"India","Colony of",9,0.00228915662650603,1,NA,"Paraguay","Sovereign",10,0,428,NA
"155","135","135->155",3.0108393675213,0.000308257986597915,1,0,0,"10",0.000308257986597915,1,1,"Peru","Sovereign",10,0.024,1,1,"Chile","Sovereign",10,0.0221052631578947,422095.286237836,183101.291115893
"155","160","160->155",1.00276591888139,0.000290542901037649,1,0,0,"10",0.000290542901037649,1,1,"Argentina (La Plata)","Sovereign",10,0,1,1,"Chile","Sovereign",10,0.0221052631578947,397838.156056675,19058.9455886874
"155","165","165->155",0.869867847494879,6.69340182756645e-05,1,0,0,"10",6.69340182756645e-05,1,1,"Uruguay","Sovereign",10,0,1,1,"Chile","Sovereign",10,0.0221052631578947,91652.23556711,13769.7509990778
"155","2","2->155",0,0.000529120472941862,0,1,0,"bridge",0.000529120472941862,1,1,"United States of America","Sovereign",2,0.00694214876033058,1,1,"Chile","Sovereign",10,0.0221052631578947,724520.587270341,239726.713802644
"155","20","20->155",0,2.17027473415083e-05,0,1,0,"bridge",2.17027473415083e-05,1,1,"Canada (Province of Canada)","Colony of",2,0,1,1,"Chile","Sovereign",10,0.0221052631578947,29717.4047373841,NA
"155","200","200->155",0.888564879319517,0.00272746513716001,0,1,0,"bridge",0.00272746513716001,1,1,"United Kingdom","Sovereign",0,0,1,1,"Chile","Sovereign",10,0.0221052631578947,3734697,3605782.50845373
"155","210","210->155",0,9.44221393806516e-07,0,1,0,"bridge",9.44221393806516e-07,1,1,"Netherlands","Sovereign",3,0.0322784810126582,1,1,"Chile","Sovereign",10,0.0221052631578947,1292.91508028472,113.126344912389
"155","211","211->155",0.246632383017285,0.000343966990368368,0,1,0,"bridge",0.000343966990368368,1,1,"Belgium","Sovereign",4,0.0291428571428571,1,1,"Chile","Sovereign",10,0.0221052631578947,470991.349999577,11.1435597909622
"155","220","220->155",0.0618743095370216,0.000731319984409796,0,1,0,"bridge",0.000731319984409796,1,1,"France","Sovereign",5,0.0336885245901639,1,1,"Chile","Sovereign",10,0.0221052631578947,1001390.82058414,117411.158930218
"155","225","225->155",0,7.16048723010902e-05,0,1,0,"bridge",7.16048723010902e-05,1,1,"Switzerland","Sovereign",8,0.015,1,1,"Chile","Sovereign",10,0.0221052631578947,98048,NA
"155","230","230->155",0,7.31034063160435e-06,0,1,0,"bridge",7.31034063160435e-06,1,1,"Spain","Sovereign",7,0.0396103896103896,1,1,"Chile","Sovereign",10,0.0221052631578947,10009.9931082012,1815.63172456194
"155","255","255->155",0.990927418663158,0.00161976913342313,0,1,0,"bridge",0.00161976913342313,1,1,"Germany (Zollverein)","Sovereign",1,0.0922314049586777,1,1,"Chile","Sovereign",10,0.0221052631578947,2217937.39574134,542003.842606824
"155","300","300->155",0,6.91639763232755e-06,0,1,0,"bridge",6.91639763232755e-06,1,1,"Austria-Hungary (Austrian Empire)","Sovereign",8,0.0101408450704225,1,1,"Chile","Sovereign",10,0.0221052631578947,9470.56999421709,NA
"155","325","325->155",0,8.23304011233224e-06,0,1,0,"bridge",8.23304011233224e-06,1,1,"Italy","Sovereign",8,0.00947368421052632,1,1,"Chile","Sovereign",10,0.0221052631578947,11273.4383987116,398.170919151552
"155","385","385->155",0,1.1005685231493e-06,0,1,0,"bridge",1.1005685231493e-06,1,1,"Norway","Sovereign (limited)",1,0.0128571428571429,1,1,"Chile","Sovereign",10,0.0221052631578947,1507,57.6391023670458
"155","710","710->155",0,6.57273835988304e-09,0,1,0,"bridge",6.57273835988304e-09,1,1,"People's Republic of China (China)","Sovereign",3,0.0661111111111111,1,1,"Chile","Sovereign",10,0.0221052631578947,9,NA
"155","750","750->155",0,9.37345520545542e-05,0,1,0,"bridge",9.37345520545542e-05,1,1,"India","Colony of",9,0.00228915662650603,1,1,"Chile","Sovereign",10,0.0221052631578947,128350,NA
"155","901","901->155",0,9.15253816613713e-05,0,1,0,"bridge",9.15253816613713e-05,1,1,"New South Wales","Colony of",13,0,1,1,"Chile","Sovereign",10,0.0221052631578947,125325,NA
"160","155","155->160",0,1.39188291966321e-05,1,0,0,"10",1.39188291966321e-05,1,1,"Chile","Sovereign",10,0.0221052631578947,1,1,"Argentina (La Plata)","Sovereign",10,0,19058.9455886874,397838.156056675
"160","165","165->160",2.46341122772709,0.000468422799387717,1,0,0,"10",0.000468422799387717,1,1,"Uruguay","Sovereign",10,0,1,1,"Argentina (La Plata)","Sovereign",10,0,641407.730485787,625138.096188386
"160","2","2->160",0,0.000395839795337968,0,1,0,"bridge",0.000395839795337968,1,1,"United States of America","Sovereign",2,0.00694214876033058,1,1,"Argentina (La Plata)","Sovereign",10,0,542020.382217848,964169.626820994
"160","20","20->160",0,2.55812571451752e-05,0,1,0,"bridge",2.55812571451752e-05,1,1,"Canada (Province of Canada)","Colony of",2,0,1,1,"Argentina (La Plata)","Sovereign",10,0,35028.2183316169,NA
"160","200","200->160",0.950717171092516,0.00412739121982298,0,1,0,"bridge",0.00412739121982298,1,1,"United Kingdom","Sovereign",0,0,1,1,"Argentina (La Plata)","Sovereign",10,0,5651605,3935444.62183197
"160","210","210->160",0,1.17971762005773e-06,0,1,0,"bridge",1.17971762005773e-06,1,1,"Netherlands","Sovereign",3,0.0322784810126582,1,1,"Argentina (La Plata)","Sovereign",10,0,1615.37824863433,1337.058471363
"160","211","211->160",0.0540417445832837,0.000403459313692022,0,1,0,"bridge",0.000403459313692022,1,1,"Belgium","Sovereign",4,0.0291428571428571,1,1,"Argentina (La Plata)","Sovereign",10,0,552453.729999503,2928043.70385153
"160","220","220->160",0.618076278716676,0.0018137896438735,0,1,0,"bridge",0.0018137896438735,1,1,"France","Sovereign",5,0.0336885245901639,1,1,"Argentina (La Plata)","Sovereign",10,0,2483608.18597258,5276012.17321892
"160","225","225->160",0,0.00013614846730177,0,1,0,"bridge",0.00013614846730177,1,1,"Switzerland","Sovereign",8,0.015,1,1,"Argentina (La Plata)","Sovereign",10,0,186427.047392425,NA
"160","230","230->160",0.284275462404208,0.000247573925020979,0,1,0,"bridge",0.000247573925020979,1,1,"Spain","Sovereign",7,0.0396103896103896,1,1,"Argentina (La Plata)","Sovereign",10,0,339001.068228808,481437.83675913
"160","235","235->160",0,2.41190285637228e-06,0,1,0,"bridge",2.41190285637228e-06,1,1,"Portugal","Sovereign",6,0,1,1,"Argentina (La Plata)","Sovereign",10,0,3302.60000000012,22824.3863500299
"160","255","255->160",0.389474996579585,0.00126232063377642,0,1,0,"bridge",0.00126232063377642,1,1,"Germany (Zollverein)","Sovereign",1,0.0922314049586777,1,1,"Argentina (La Plata)","Sovereign",10,0,1728485.91894809,3319717.22211136
"160","300","300->160",0,1.44448658515867e-05,0,1,0,"bridge",1.44448658515867e-05,1,1,"Austria-Hungary (Austrian Empire)","Sovereign",8,0.0101408450704225,1,1,"Argentina (La Plata)","Sovereign",10,0,19779.2435277454,604.470165635602
"160","325","325->160",1.03009678555275,0.000724619544036426,0,1,0,"bridge",0.000724619544036426,1,1,"Italy","Sovereign",8,0.00947368421052632,1,1,"Argentina (La Plata)","Sovereign",10,0,992215.95920089,866706.445819198
"160","380","380->160",0,1.68168120976977e-05,0,1,0,"bridge",1.68168120976977e-05,1,1,"Sweden","Sovereign",1,0.0156521739130435,1,1,"Argentina (La Plata)","Sovereign",10,0,23027.1312491392,8915
"160","385","385->160",0,2.17630670138349e-06,0,1,0,"bridge",2.17630670138349e-06,1,1,"Norway","Sovereign (limited)",1,0.0128571428571429,1,1,"Argentina (La Plata)","Sovereign",10,0,2980,6022
"160","710","710->160",0,1.24151724575568e-08,0,1,0,"bridge",1.24151724575568e-08,1,1,"People's Republic of China (China)","Sovereign",3,0.0661111111111111,1,1,"Argentina (La Plata)","Sovereign",10,0,17,NA
"160","750","750->160",0,0.000185333694446409,0,1,0,"bridge",0.000185333694446409,1,1,"India","Colony of",9,0.00228915662650603,1,1,"Argentina (La Plata)","Sovereign",10,0,253776,NA
"165","135","135->165",0,3.30404304146219e-06,1,0,0,"10",3.30404304146219e-06,1,1,"Peru","Sovereign",10,0.024,1,1,"Uruguay","Sovereign",10,0,4524.20068242133,NA
"165","155","155->165",0.122635997520849,1.00561078441863e-05,1,0,0,"10",1.00561078441863e-05,1,1,"Chile","Sovereign",10,0.0221052631578947,1,1,"Uruguay","Sovereign",10,0,13769.7509990778,91652.23556711
"165","160","160->165",2.4543049230642,0.000456541016115739,1,0,0,"10",0.000456541016115739,1,1,"Argentina (La Plata)","Sovereign",10,0,1,1,"Uruguay","Sovereign",10,0,625138.096188386,641407.730485787
"165","2","2->165",0,0.000135833927208279,0,1,0,"bridge",0.000135833927208279,1,1,"United States of America","Sovereign",2,0.00694214876033058,1,1,"Uruguay","Sovereign",10,0,185996.350065617,482220.312399287
"165","20","20->165",0,1.47068687366006e-06,0,1,0,"bridge",1.47068687366006e-06,1,1,"Canada (Province of Canada)","Colony of",2,0,1,1,"Uruguay","Sovereign",10,0,2013.80020597322,NA
"165","200","200->165",0.81801741752697,0.000935394877861181,0,1,0,"bridge",0.000935394877861181,1,1,"United Kingdom","Sovereign",0,0,1,1,"Uruguay","Sovereign",10,0,1280829,962387.6845068
"165","211","211->165",0,2.81941263468494e-05,0,1,0,"bridge",2.81941263468494e-05,1,1,"Belgium","Sovereign",4,0.0291428571428571,1,1,"Uruguay","Sovereign",10,0,38606,680001.933695722
"165","220","220->165",0.508790668906916,0.000420799197378652,0,1,0,"bridge",0.000420799197378652,1,1,"France","Sovereign",5,0.0336885245901639,1,1,"Uruguay","Sovereign",10,0,576197.099145639,947592.333970737
"165","225","225->165",0,2.66283540086728e-05,0,1,0,"bridge",2.66283540086728e-05,1,1,"Switzerland","Sovereign",8,0.015,1,1,"Uruguay","Sovereign",10,0,36462,NA
"165","230","230->165",0.866937494601668,0.000114736587669579,0,1,0,"bridge",0.000114736587669579,1,1,"Spain","Sovereign",7,0.0396103896103896,1,1,"Uruguay","Sovereign",10,0,157107.925568573,91256.902219453
"165","235","235->165",0,2.69493227319147e-06,0,1,0,"bridge",2.69493227319147e-06,1,1,"Portugal","Sovereign",6,0,1,1,"Uruguay","Sovereign",10,0,3690.15000000013,30950.733730099
"165","255","255->165",0,0.000213408506805915,0,1,0,"bridge",0.000213408506805915,1,1,"Germany (Zollverein)","Sovereign",1,0.0922314049586777,1,1,"Uruguay","Sovereign",10,0,292218.624276322,431140.235910878
"165","325","325->165",0.756183865572243,0.000142594014462571,0,1,0,"bridge",0.000142594014462571,1,1,"Italy","Sovereign",8,0.00947368421052632,1,1,"Uruguay","Sovereign",10,0,195252.8854634,79057.0010527899
"165","385","385->165",0,6.40476837957492e-07,0,1,0,"bridge",6.40476837957492e-07,1,1,"Norway","Sovereign (limited)",1,0.0128571428571429,1,1,"Uruguay","Sovereign",10,0,877,17
"165","710","710->165",0,3.65152131104613e-09,0,1,0,"bridge",3.65152131104613e-09,1,1,"People's Republic of China (China)","Sovereign",3,0.0661111111111111,1,1,"Uruguay","Sovereign",10,0,5,103
"165","750","750->165",0,5.45814799489932e-05,0,1,0,"bridge",5.45814799489932e-05,1,1,"India","Colony of",9,0.00228915662650603,1,1,"Uruguay","Sovereign",10,0,74738,131
"2","1055","1055->2",0.982388508216424,7.27675166865273e-05,1,0,0,"2",7.27675166865273e-05,1,NA,"Windward Is.","Colony of",2,0,1,1,"United States of America","Sovereign",2,0.00694214876033058,99640,NA
"2","1063","1063->2",2.28721243286964,0.00027524583399256,1,0,0,"2",0.00027524583399256,1,1,"Leeward Is.","Colony of",2,0,1,1,"United States of America","Sovereign",2,0.00694214876033058,376892,NA
"2","110","110->2",1.74409988474011,0.00071329766685516,1,0,0,"2",0.00071329766685516,1,1,"Guyana (British Guiana)","Colony of",2,0,1,1,"United States of America","Sovereign",2,0.00694214876033058,976713,386635.088582677
"2","135","135->2",0,0.000118743430658538,0,1,0,"bridge",0.000118743430658538,1,1,"Peru","Sovereign",10,0.024,1,1,"United States of America","Sovereign",2,0.00694214876033058,162594.464804752,NA
"2","155","155->2",0,0.000175073440855482,0,1,0,"bridge",0.000175073440855482,1,1,"Chile","Sovereign",10,0.0221052631578947,1,1,"United States of America","Sovereign",2,0.00694214876033058,239726.713802644,724520.587270341
"2","160","160->2",0,0.000704137187960051,0,1,0,"bridge",0.000704137187960051,1,1,"Argentina (La Plata)","Sovereign",10,0,1,1,"United States of America","Sovereign",2,0.00694214876033058,964169.626820994,542020.382217848
"2","165","165->2",0.171257213795488,0.000352167549469064,0,1,0,"bridge",0.000352167549469064,1,1,"Uruguay","Sovereign",10,0,1,1,"United States of America","Sovereign",2,0.00694214876033058,482220.312399287,185996.350065617
"2","20","20->2",1.52034665953049,0.0047109298558927,1,0,0,"2",0.0047109298558927,1,1,"Canada (Province of Canada)","Colony of",2,0,1,1,"United States of America","Sovereign",2,0.00694214876033058,6450639.95880535,8408407.15223097
"2","200","200->2",0.490813393433869,0.0193875581400657,0,1,0,"bridge",0.0193875581400657,1,1,"United Kingdom","Sovereign",0,0,1,1,"United States of America","Sovereign",2,0.00694214876033058,26547234,85940829.437336
"2","210","210->2",0,0.00140722613588532,0,1,0,"bridge",0.00140722613588532,1,1,"Netherlands","Sovereign",3,0.0322784810126582,1,1,"United States of America","Sovereign",2,0.00694214876033058,1926903.90663797,8931443.7746063
"2","211","211->2",0,0.00153030035740027,0,1,0,"bridge",0.00153030035740027,1,1,"Belgium","Sovereign",4,0.0291428571428571,1,1,"United States of America","Sovereign",2,0.00694214876033058,2095428.48999812,9783694.43077428
"2","220","220->2",0,0.00696785429590444,0,1,0,"bridge",0.00696785429590444,1,1,"France","Sovereign",5,0.0336885245901639,1,1,"United States of America","Sovereign",2,0.00694214876033058,9541029.20723227,20073845.9645669
"2","225","225->2",0.488599254172016,0.00221065631544618,0,1,0,"bridge",0.00221065631544618,1,1,"Switzerland","Sovereign",8,0.015,1,1,"United States of America","Sovereign",2,0.00694214876033058,3027034.66190759,2131.93077427822
"2","230","230->2",0,0.000403716172306167,0,1,0,"bridge",0.000403716172306167,1,1,"Spain","Sovereign",7,0.0396103896103896,1,1,"United States of America","Sovereign",2,0.00694214876033058,552805.44452102,2362645.58727034
"2","235","235->2",0,0.000110799863871306,0,1,0,"bridge",0.000110799863871306,1,1,"Portugal","Sovereign",6,0,1,1,"United States of America","Sovereign",2,0.00694214876033058,151717.400000005,836912.114501312
"2","255","255->2",0.66903748255058,0.0124211920393472,0,1,0,"bridge",0.0124211920393472,1,1,"Germany (Zollverein)","Sovereign",1,0.0922314049586777,1,1,"United States of America","Sovereign",2,0.00694214876033058,17008242.5669709,21362518.8648294
"2","30","30->2",2.56758309462655,7.89188694871156e-05,1,0,0,"2",7.89188694871156e-05,1,1,"Bermuda","Colony of",2,0,1,1,"United States of America","Sovereign",2,0.00694214876033058,108063,186212.065288714
"2","300","300->2",0,0.000848697075839414,0,1,0,"bridge",0.000848697075839414,1,1,"Austria-Hungary (Austrian Empire)","Sovereign",8,0.0101408450704225,1,1,"United States of America","Sovereign",2,0.00694214876033058,1162114.36760897,304550.729986877
"2","31","31->2",2.43826615395232,8.88882529705338e-05,1,0,0,"2",8.88882529705338e-05,1,1,"Bahamas","Colony of",2,0,1,1,"United States of America","Sovereign",2,0.00694214876033058,121714,NA
"2","325","325->2",0.3632387520635,0.00276744137310424,0,1,0,"bridge",0.00276744137310424,1,1,"Italy","Sovereign",8,0.00947368421052632,1,1,"United States of America","Sovereign",2,0.00694214876033058,3789436.15190266,2916655.79888451
"2","338","338->2",0,1.31454767197661e-08,0,1,0,"bridge",1.31454767197661e-08,1,1,"Malta","Colony of",8,0.0128571428571429,1,1,"United States of America","Sovereign",2,0.00694214876033058,18,NA
"2","350","350->2",0,9.52430135721747e-05,0,1,0,"bridge",9.52430135721747e-05,1,1,"Greece","Sovereign",8,0.0225,1,1,"United States of America","Sovereign",2,0.00694214876033058,130415.524734933,20581.1187664042
"2","355","355->2",0,1.65925476621548e-06,0,1,0,"bridge",1.65925476621548e-06,1,1,"Bulgaria","Vassal of",8,0.0342857142857143,1,1,"United States of America","Sovereign",2,0.00694214876033058,2272.00476852772,NA
"2","365","365->2",0,0.000186344758981517,0,1,0,"bridge",0.000186344758981517,1,1,"Russia (USSR)","Sovereign",8,0.0141176470588235,1,1,"United States of America","Sovereign",2,0.00694214876033058,255160.442878712,1372435.81856955
"2","380","380->2",0,9.8446744504943e-05,0,1,0,"bridge",9.8446744504943e-05,1,1,"Sweden","Sovereign",1,0.0156521739130435,1,1,"United States of America","Sovereign",2,0.00694214876033058,134802.368819722,805134
"2","385","385->2",0,7.41731727256261e-05,0,1,0,"bridge",7.41731727256261e-05,1,1,"Norway","Sovereign (limited)",1,0.0128571428571429,1,1,"United States of America","Sovereign",2,0.00694214876033058,101564.753985204,543876
"2","390","390->2",0,7.32719822062179e-06,0,1,0,"bridge",7.32719822062179e-06,1,1,"Denmark","Sovereign",1,0.02,1,1,"United States of America","Sovereign",2,0.00694214876033058,10033.0760749724,1714009.3914042
"2","451","451->2",1.41809547081494,2.25444925743988e-06,0,1,0,"bridge",2.25444925743988e-06,1,1,"Sierra Leone","Colony of",11,0,1,1,"United States of America","Sovereign",2,0.00694214876033058,3087,NA
"2","452","452->2",0,1.13438161048959e-05,0,1,0,"bridge",1.13438161048959e-05,1,1,"Ghana (Gold Coast)","Colony of",11,0,1,1,"United States of America","Sovereign",2,0.00694214876033058,15533,NA
"2","51","51->2",2.00809589779395,0.00066482299114676,1,0,0,"2",0.00066482299114676,1,1,"Jamaica","Colony of",2,0,1,1,"United States of America","Sovereign",2,0.00694214876033058,910337,NA
"2","511","511->2",0.831089055901763,8.62146090665858e-05,0,1,0,"bridge",8.62146090665858e-05,1,1,"Zanzibar","Protectorate of",12,0,1,1,"United States of America","Sovereign",2,0.00694214876033058,118053,NA
"2","52","52->2",1.6193262655519,0.000592300126388073,1,0,0,"2",0.000592300126388073,NA,NA,"Trinidad and Tobago","Colony of",2,0,1,1,"United States of America","Sovereign",2,0.00694214876033058,811032,NA
"2","53","53->2",2.21460762196018,0.000364488284530265,1,0,0,"2",0.000364488284530265,1,1,"Barbados","Colony of",2,0,1,1,"United States of America","Sovereign",2,0.00694214876033058,499091,NA
"2","561","561->2",0,6.52577979582298e-05,0,1,0,"bridge",6.52577979582298e-05,1,1,"Cape Colony (Cape of Good Hope)","Colony of",0,0,1,1,"United States of America","Sovereign",2,0.00694214876033058,89357,NA
"2","562","562->2",0,6.83783880706499e-06,0,1,0,"bridge",6.83783880706499e-06,1,1,"Natal","Colony of",0,0,1,1,"United States of America","Sovereign",2,0.00694214876033058,9363,NA
"2","615","615->2",0,6.24620979097092e-05,0,1,0,"bridge",6.24620979097092e-05,1,1,"Algeria (Regency of Algiers)","Colony of",5,0.0288636363636364,1,1,"United States of America","Sovereign",2,0.00694214876033058,85528.8694615538,NA
"2","640","640->2",0,0.000108668610303767,0,1,0,"bridge",0.000108668610303767,1,1,"Turkey (Ottoman Empire)","Sovereign",8,0.0167441860465116,1,1,"United States of America","Sovereign",2,0.00694214876033058,148799.090909091,70244.0124671916
"2","681","681->2",1.30606532227372,0.00035340092229308,0,1,0,"bridge",0.00035340092229308,1,1,"Aden","Dependency of",12,0,1,1,"United States of America","Sovereign",2,0.00694214876033058,483909.160305344,NA
"2","70","70->2",2.20257608355308,0.00364662827248933,1,0,0,"2",0.00364662827248933,1,1,"Mexico","Sovereign",2,0.0381818181818182,1,1,"United States of America","Sovereign",2,0.00694214876033058,4993300,2808507.83300525
"2","710","710->2",0.558168400816984,0.00171468814396524,0,1,0,"bridge",0.00171468814396524,1,1,"People's Republic of China (China)","Sovereign",3,0.0661111111111111,1,1,"United States of America","Sovereign",2,0.00694214876033058,2347909.26562331,1161308.85006562
"2","740","740->2",1.8104438808338,0.00407815651982843,0,1,0,"bridge",0.00407815651982843,1,1,"Japan","Sovereign",3,0.085,1,1,"United States of America","Sovereign",2,0.00694214876033058,5584188.30460019,674270.423228346
"2","750","750->2",0,0.00209659947309103,0,1,0,"bridge",0.00209659947309103,1,1,"India","Colony of",9,0.00228915662650603,1,1,"United States of America","Sovereign",2,0.00694214876033058,2870857.50636132,NA
"2","780","780->2",0.20240883475196,0.000259224419088214,0,1,0,"bridge",0.000259224419088214,1,1,"Sri Lanka (Ceylon)","Colony of",9,0,1,1,"United States of America","Sovereign",2,0.00694214876033058,354954,NA
"2","80","80->2",1.12921503549587,4.00926389682375e-05,1,0,0,"2",4.00926389682375e-05,1,1,"Belize (British Honduras)","Colony of",2,0.056,1,1,"United States of America","Sovereign",2,0.00694214876033058,54898.5416666667,95308.8090551181
"2","827","827->2",0.310274738789077,0.00112947980828164,0,1,0,"bridge",0.00112947980828164,1,1,"Straits Settlements","Colony of",3,0.109285714285714,1,1,"United States of America","Sovereign",2,0.00694214876033058,1546588,NA
"2","840","840->2",0.822504206678903,0.00043810747661813,0,1,0,"bridge",0.00043810747661813,1,1,"Philippines","Colony of",7,0.174444444444444,1,1,"United States of America","Sovereign",2,0.00694214876033058,599897.192565768,12490.5675853018
"2","901","901->2",0,0.00111735091509487,0,1,0,"bridge",0.00111735091509487,1,1,"New South Wales","Colony of",13,0,1,1,"United States of America","Sovereign",2,0.00694214876033058,1529980,908211
"2","903","903->2",0,1.77054965330005e-05,0,1,0,"bridge",1.77054965330005e-05,1,1,"South Australia","Colony of",13,0,1,1,"United States of America","Sovereign",2,0.00694214876033058,24244,250220
"2","904","904->2",0,0.000176287415550423,0,1,0,"bridge",0.000176287415550423,1,1,"Victoria","Colony of",13,0,1,1,"United States of America","Sovereign",2,0.00694214876033058,241389,771253
"2","905","905->2",0,1.76003327192424e-07,0,1,0,"bridge",1.76003327192424e-07,1,1,"Queensland","Colony of",13,0,1,1,"United States of America","Sovereign",2,0.00694214876033058,241,217036
"2","920","920->2",0,0.000380340268845778,0,1,0,"bridge",0.000380340268845778,1,1,"New Zealand","Colony of",13,0,1,1,"United States of America","Sovereign",2,0.00694214876033058,520797,68942
"20","1055","1055->20",0,4.38182557325536e-09,1,0,0,"2",4.38182557325536e-09,1,NA,"Windward Is.","Colony of",2,0,1,1,"Canada (Province of Canada)","Colony of",2,0,6,NA
"20","1063","1063->20",1.77979040405621,2.7246921718764e-05,1,0,0,"2",2.7246921718764e-05,1,1,"Leeward Is.","Colony of",2,0,1,1,"Canada (Province of Canada)","Colony of",2,0,37309,NA
"20","110","110->20",0.816280494751982,4.63757812588103e-05,1,0,0,"2",4.63757812588103e-05,1,1,"Guyana (British Guiana)","Colony of",2,0,1,1,"Canada (Province of Canada)","Colony of",2,0,63502,49819.5674562307
"20","2","2->20",1.30671314660462,0.00614069558166482,1,0,0,"2",0.00614069558166482,1,1,"United States of America","Sovereign",2,0.00694214876033058,1,1,"Canada (Province of Canada)","Colony of",2,0,8408407.15223097,6450639.95880535
"20","200","200->20",0.94432605124655,0.00501705006295904,0,1,0,"bridge",0.00501705006295904,1,1,"United Kingdom","Sovereign",0,0,1,1,"Canada (Province of Canada)","Colony of",2,0,6869808,11318033.9855819
"20","211","211->20",0,9.28091762207828e-05,0,1,0,"bridge",9.28091762207828e-05,1,1,"Belgium","Sovereign",4,0.0291428571428571,1,1,"Canada (Province of Canada)","Colony of",2,0,127082.889999886,10954.4799176107
"20","225","225->20",0,4.72064446481206e-05,0,1,0,"bridge",4.72064446481206e-05,1,1,"Switzerland","Sovereign",8,0.015,1,1,"Canada (Province of Canada)","Colony of",2,0,64639.4209795756,137.590113285273
"20","255","255->20",0,0.000397110245618889,0,1,0,"bridge",0.000397110245618889,1,1,"Germany (Zollverein)","Sovereign",1,0.0922314049586777,1,1,"Canada (Province of Canada)","Colony of",2,0,543760,169786.40576725
"20","30","30->20",0,8.5007416121154e-07,1,0,0,"2",8.5007416121154e-07,1,1,"Bermuda","Colony of",2,0,1,1,"Canada (Province of Canada)","Colony of",2,0,1164,NA
"20","300","300->20",0,3.79483763897618e-06,0,1,0,"bridge",3.79483763897618e-06,1,1,"Austria-Hungary (Austrian Empire)","Sovereign",8,0.0101408450704225,1,1,"Canada (Province of Canada)","Colony of",2,0,5196.24194372973,805.973223480947
"20","31","31->20",0,6.7918296385458e-08,1,0,0,"2",6.7918296385458e-08,1,1,"Bahamas","Colony of",2,0,1,1,"Canada (Province of Canada)","Colony of",2,0,93,NA
"20","325","325->20",0,3.70289266567685e-05,0,1,0,"bridge",3.70289266567685e-05,1,1,"Italy","Sovereign",8,0.00947368421052632,1,1,"Canada (Province of Canada)","Colony of",2,0,50703.424001324,30747.6828012358
"20","51","51->20",0.69925411339698,2.95291225381679e-05,1,0,0,"2",2.95291225381679e-05,1,1,"Jamaica","Colony of",2,0,1,1,"Canada (Province of Canada)","Colony of",2,0,40434,NA
"20","53","53->20",2.33346464458476,6.74947199133767e-05,1,0,0,"2",6.74947199133767e-05,1,1,"Barbados","Colony of",2,0,1,1,"Canada (Province of Canada)","Colony of",2,0,92420,NA
"20","740","740->20",0.0452684636827829,0.000114769165399585,0,1,0,"bridge",0.000114769165399585,1,1,"Japan","Sovereign",3,0.085,1,1,"Canada (Province of Canada)","Colony of",2,0,157152.534003292,5546.24098867147
"20","750","750->20",0,1.74109274726121e-05,0,1,0,"bridge",1.74109274726121e-05,1,1,"India","Colony of",9,0.00228915662650603,1,1,"Canada (Province of Canada)","Colony of",2,0,23840.6488549618,NA
"20","920","920->20",0,1.89879108174399e-08,0,1,0,"bridge",1.89879108174399e-08,1,1,"New Zealand","Colony of",13,0,1,1,"Canada (Province of Canada)","Colony of",2,0,26,5443.254376931
"200","1055","1055->200",0.993351935443866,0.000246610603871336,0,1,0,"bridge",0.000246610603871336,1,NA,"Windward Is.","Colony of",2,0,1,1,"United Kingdom","Sovereign",0,0,337682,NA
"200","1063","1063->200",0,4.72755161098521e-05,0,1,0,"bridge",4.72755161098521e-05,1,1,"Leeward Is.","Colony of",2,0,1,1,"United Kingdom","Sovereign",0,0,64734,NA
"200","110","110->200",0.78016138693423,0.000911906832180008,0,1,0,"bridge",0.000911906832180008,1,1,"Guyana (British Guiana)","Colony of",2,0,1,1,"United Kingdom","Sovereign",0,0,1248667,752275
"200","1163","1163->200",1.4046858508691,8.85895585272902e-05,1,0,0,"0",8.85895585272902e-05,1,1,"Falkland Is.","Colony of",0,0,1,1,"United Kingdom","Sovereign",0,0,121305,39484
"200","135","135->200",0.820395322103596,0.00122302291097695,0,1,0,"bridge",0.00122302291097695,1,1,"Peru","Sovereign",10,0.024,1,1,"United Kingdom","Sovereign",0,0,1674675.84986731,763508
"200","155","155->200",1.12225628832576,0.00263331833452324,0,1,0,"bridge",0.00263331833452324,1,1,"Chile","Sovereign",10,0.0221052631578947,1,1,"United Kingdom","Sovereign",0,0,3605782.50845373,3734697
"200","160","160->200",0,0.00287407198101226,0,1,0,"bridge",0.00287407198101226,1,1,"Argentina (La Plata)","Sovereign",10,0,1,1,"United Kingdom","Sovereign",0,0,3935444.62183197,5651605
"200","165","165->200",0,0.000702835827892984,0,1,0,"bridge",0.000702835827892984,1,1,"Uruguay","Sovereign",10,0,1,1,"United Kingdom","Sovereign",0,0,962387.6845068,1280829
"200","2","2->200",0.616260551831722,0.0627629540358826,0,1,0,"bridge",0.0627629540358826,1,1,"United States of America","Sovereign",2,0.00694214876033058,1,1,"United Kingdom","Sovereign",0,0,85940829.437336,26547234
"200","20","20->200",0.872987190129035,0.00826560845949932,0,1,0,"bridge",0.00826560845949932,1,1,"Canada (Province of Canada)","Colony of",2,0,1,1,"United Kingdom","Sovereign",0,0,11318033.9855819,6869808
"200","210","210->200",0.164732121543766,0.0196936103783204,0,1,0,"bridge",0.0196936103783204,1,1,"Netherlands","Sovereign",3,0.0322784810126582,1,1,"United Kingdom","Sovereign",0,0,26966308.9720245,8836020
"200","211","211->200",0,0.00675407765516122,0,1,0,"bridge",0.00675407765516122,1,1,"Belgium","Sovereign",4,0.0291428571428571,1,1,"United Kingdom","Sovereign",0,0,9248306.49999168,6942667
"200","220","220->200",0.201131732080041,0.02981289761842,0,1,0,"bridge",0.02981289761842,1,1,"France","Sovereign",5,0.0336885245901639,1,1,"United Kingdom","Sovereign",0,0,40822571.0311941,14686894
"200","225","225->200",0,0.00340059933807814,0,1,0,"bridge",0.00340059933807814,1,1,"Switzerland","Sovereign",8,0.015,1,1,"United Kingdom","Sovereign",0,0,4656414.47551061,NA
"200","230","230->200",0,0.00437891180520933,0,1,0,"bridge",0.00437891180520933,1,1,"Spain","Sovereign",7,0.0396103896103896,1,1,"United Kingdom","Sovereign",0,0,5996010.19986216,4672938
"200","235","235->200",0.370978703761897,0.00107292760228112,0,1,0,"bridge",0.00107292760228112,1,1,"Portugal","Sovereign",6,0,1,1,"United Kingdom","Sovereign",0,0,1469151.50000005,1395191
"200","30","30->200",0,1.80604244044342e-06,0,1,0,"bridge",1.80604244044342e-06,1,1,"Bermuda","Colony of",2,0,1,1,"United Kingdom","Sovereign",0,0,2473,87266
"200","300","300->200",0,0.00282929628809151,0,1,0,"bridge",0.00282929628809151,1,1,"Austria-Hungary (Austrian Empire)","Sovereign",8,0.0101408450704225,1,1,"United Kingdom","Sovereign",0,0,3874133.61046624,1142638
"200","31","31->200",0,6.62312935397547e-06,0,1,0,"bridge",6.62312935397547e-06,1,1,"Bahamas","Colony of",2,0,1,1,"United Kingdom","Sovereign",0,0,9069,NA
"200","325","325->200",0,0.00317044853523064,0,1,0,"bridge",0.00317044853523064,1,1,"Italy","Sovereign",8,0.00947368421052632,1,1,"United Kingdom","Sovereign",0,0,4341270.75424671,5564487
"200","338","338->200",0,8.4934385694933e-07,0,1,0,"bridge",8.4934385694933e-07,1,1,"Malta","Colony of",8,0.0128571428571429,1,1,"United Kingdom","Sovereign",0,0,1163,772538
"200","342","342->200",0,8.4212076617474e-07,0,1,0,"bridge",8.4212076617474e-07,1,1,"Kingdom of Serbia","Sovereign",8,0.0378947368421053,1,1,"United Kingdom","Sovereign",0,0,1153.10947744884,4721
"200","350","350->200",0.592175600700502,0.000821099501851051,0,1,0,"bridge",0.000821099501851051,1,1,"Greece","Sovereign",8,0.0225,1,1,"United Kingdom","Sovereign",0,0,1124325.22215763,921872
"200","352","352->200",0.0334595492599382,5.41681277365827e-05,0,1,0,"bridge",5.41681277365827e-05,1,1,"Cyprus","Protectorate of",8,0.0189473684210526,1,1,"United Kingdom","Sovereign",0,0,74172,47114.8210068469
"200","355","355->200",0,0.000212045155716151,0,1,0,"bridge",0.000212045155716151,1,1,"Bulgaria","Vassal of",8,0.0342857142857143,1,1,"United Kingdom","Sovereign",0,0,290351.798132327,158001
"200","360","360->200",0.544950426221997,0.00352252086277639,0,1,0,"bridge",0.00352252086277639,1,1,"Romania","Sovereign",8,0.0211764705882353,1,1,"United Kingdom","Sovereign",0,0,4823360.68,1332590
"200","365","365->200",0.114536312675838,0.00871248111219977,0,1,0,"bridge",0.00871248111219977,1,1,"Russia (USSR)","Sovereign",8,0.0141176470588235,1,1,"United Kingdom","Sovereign",0,0,11929933.2662305,5357081
"200","380","380->200",0.671651458431851,0.00604608649680909,0,1,0,"bridge",0.00604608649680909,1,1,"Sweden","Sovereign",1,0.0156521739130435,1,1,"United Kingdom","Sovereign",0,0,8278859.66120369,2861952
"200","385","385->200",0.354105223495066,0.00175709051514063,0,1,0,"bridge",0.00175709051514063,1,1,"Norway","Sovereign (limited)",1,0.0128571428571429,1,1,"United Kingdom","Sovereign",0,0,2405970.50580713,1706111
"200","390","390->200",0.792942308545147,0.00545916526767206,0,1,0,"bridge",0.00545916526767206,1,1,"Denmark","Sovereign",1,0.02,1,1,"United Kingdom","Sovereign",0,0,7475192.94377067,1830731
"200","4050","4050->200",1.4046858508691,3.29221161403919e-06,1,0,0,"0",3.29221161403919e-06,1,1,"St. Helena","Colony of",0,0,1,1,"United Kingdom","Sovereign",0,0,4508,14429
"200","420","420->200",1.4046858508691,1.71504652937215e-05,0,1,0,"bridge",1.71504652937215e-05,1,1,"Gambia","Colony of",11,0,1,1,"United Kingdom","Sovereign",0,0,23484,43368
"200","451","451->200",0.996032511979356,4.9551144190896e-06,0,1,0,"bridge",4.9551144190896e-06,1,1,"Sierra Leone","Colony of",11,0,1,1,"United Kingdom","Sovereign",0,0,6785,291471
"200","452","452->200",1.04916062058616,0.0003224249499398,0,1,0,"bridge",0.0003224249499398,1,1,"Ghana (Gold Coast)","Colony of",11,0,1,1,"United Kingdom","Sovereign",0,0,441494,340245
"200","4781","4781->200",0.592177170159929,0.000135916926239759,0,1,0,"bridge",0.000135916926239759,1,1,"Lagos","Colony of",11,0.0225,1,1,"United Kingdom","Sovereign",0,0,186110,212098
"200","51","51->200",0.206942440150529,0.000367949196428875,0,1,0,"bridge",0.000367949196428875,1,1,"Jamaica","Colony of",2,0,1,1,"United Kingdom","Sovereign",0,0,503830,NA
"200","511","511->200",0,7.67023960513106e-05,0,1,0,"bridge",7.67023960513106e-05,1,1,"Zanzibar","Protectorate of",12,0,1,1,"United Kingdom","Sovereign",0,0,105028,95051
"200","52","52->200",0.39750691833365,0.000585093483928593,0,1,0,"bridge",0.000585093483928593,NA,NA,"Trinidad and Tobago","Colony of",2,0,1,1,"United Kingdom","Sovereign",0,0,801164,NA
"200","53","53->200",0,8.44487333605639e-05,0,1,0,"bridge",8.44487333605639e-05,1,1,"Barbados","Colony of",2,0,1,1,"United Kingdom","Sovereign",0,0,115635,NA
"200","561","561->200",1.37298250117818,0.00837992080527976,1,0,0,"0",0.00837992080527976,1,1,"Cape Colony (Cape of Good Hope)","Colony of",0,0,1,1,"United Kingdom","Sovereign",0,0,11474561,6016456
"200","562","562->200",1.20154503832186,0.000755461053129548,1,0,0,"0",0.000755461053129548,1,1,"Natal","Colony of",0,0,1,1,"United Kingdom","Sovereign",0,0,1034447,1913028
"200","590","590->200",0,0.000234605132104879,0,1,0,"bridge",0.000234605132104879,1,1,"Mauritius","Colony of",9,0,1,1,"United Kingdom","Sovereign",0,0,321243,270087
"200","615","615->200",0,0.000389272573263432,0,1,0,"bridge",0.000389272573263432,1,1,"Algeria (Regency of Algiers)","Colony of",5,0.0288636363636364,1,1,"United Kingdom","Sovereign",0,0,533027.935624876,333774
"200","640","640->200",0.607853284480311,0.00466026535974304,0,1,0,"bridge",0.00466026535974304,1,1,"Turkey (Ottoman Empire)","Sovereign",8,0.0167441860465116,1,1,"United Kingdom","Sovereign",0,0,6381265.45454545,6147728.17899315
"200","651","651->200",0.87961630496821,0.00569496830527926,0,1,0,"bridge",0.00569496830527926,1,1,"Egypt Arab Republic (Egypt)","Occupied by",8,0.0189473684210526,1,1,"United Kingdom","Sovereign",0,0,7798076.22654638,3192592
"200","681","681->200",0,0.000102143503898141,0,1,0,"bridge",0.000102143503898141,1,1,"Aden","Dependency of",12,0,1,1,"United Kingdom","Sovereign",0,0,139864.312977099,206783
"200","70","70->200",0,0.00111502854754105,0,1,0,"bridge",0.00111502854754105,1,1,"Mexico","Sovereign",2,0.0381818181818182,1,1,"United Kingdom","Sovereign",0,0,1526800,1298293
"200","710","710->200",0,0.00166565364896028,0,1,0,"bridge",0.00166565364896028,1,1,"People's Republic of China (China)","Sovereign",3,0.0661111111111111,1,1,"United Kingdom","Sovereign",0,0,2280766.70937336,5776055
"200","740","740->200",0,0.000413536747679704,0,1,0,"bridge",0.000413536747679704,1,1,"Japan","Sovereign",3,0.085,1,1,"United Kingdom","Sovereign",0,0,566252.682722574,2992068
"200","750","750->200",0.265496937266909,0.0149903759462034,0,1,0,"bridge",0.0149903759462034,1,1,"India","Colony of",9,0.00228915662650603,1,1,"United Kingdom","Sovereign",0,0,20526206.2977099,27902572
"200","780","780->200",0.976699381811568,0.00188477216112662,0,1,0,"bridge",0.00188477216112662,1,1,"Sri Lanka (Ceylon)","Colony of",9,0,1,1,"United Kingdom","Sovereign",0,0,2580804,945051
"200","80","80->200",0.907758556698116,0.000107696143787339,0,1,0,"bridge",0.000107696143787339,1,1,"Belize (British Honduras)","Colony of",2,0.056,1,1,"United Kingdom","Sovereign",0,0,147467.5,87750
"200","827","827->200",0,0.00259524720200834,0,1,0,"bridge",0.00259524720200834,1,1,"Straits Settlements","Colony of",3,0.109285714285714,1,1,"United Kingdom","Sovereign",0,0,3553652,2092486
"200","840","840->200",0.401384060440774,0.000963836448559885,0,1,0,"bridge",0.000963836448559885,1,1,"Philippines","Colony of",7,0.174444444444444,1,1,"United Kingdom","Sovereign",0,0,1319773.82364469,NA
"200","901","901->200",0.363288350164537,0.00558968674708713,0,1,0,"bridge",0.00558968674708713,1,1,"New South Wales","Colony of",13,0,1,1,"United Kingdom","Sovereign",0,0,7653915,6566352
"200","902","902->200",0.643914269077995,0.000288981396556191,0,1,0,"bridge",0.000288981396556191,1,1,"Western Australia","Colony of",13,0,1,1,"United Kingdom","Sovereign",0,0,395700,524249
"200","903","903->200",0.50938127667324,0.00231309122908676,0,1,0,"bridge",0.00231309122908676,1,1,"South Australia","Colony of",13,0,1,1,"United Kingdom","Sovereign",0,0,3167298,1717492
"200","904","904->200",0.786057047130395,0.00554994797096328,0,1,0,"bridge",0.00554994797096328,1,1,"Victoria","Colony of",13,0,1,1,"United Kingdom","Sovereign",0,0,7599501,4726361
"200","905","905->200",0.604360058659807,0.00299201055310268,0,1,0,"bridge",0.00299201055310268,1,1,"Queensland","Colony of",13,0,1,1,"United Kingdom","Sovereign",0,0,4096937,1793391
"200","906","906->200",0,0.000230656376959113,0,1,0,"bridge",0.000230656376959113,1,1,"Tasmania","Colony of",13,0,1,1,"United Kingdom","Sovereign",0,0,315836,477790
"200","920","920->200",1.17655168533362,0.00546531812214569,0,1,0,"bridge",0.00546531812214569,1,1,"New Zealand","Colony of",13,0,1,1,"United Kingdom","Sovereign",0,0,7483618,3450537
"2003","200","200->2003",1.8196737876035,0.000560545766762954,1,0,0,"0",0.000560545766762954,1,1,"United Kingdom","Sovereign",0,0,1,NA,"Channel Is.","Possession of",0,0,767551,NA
"21","1063","1063->21",3.13046472190844,9.07695167499847e-06,1,0,0,"2",9.07695167499847e-06,1,1,"Leeward Is.","Colony of",2,0,1,NA,"Newfoundland and Labrador (Newfoundland)","Colony of",2,0,12429,NA
"21","110","110->21",0,7.15698176965042e-07,1,0,0,"2",7.15698176965042e-07,1,1,"Guyana (British Guiana)","Colony of",2,0,1,NA,"Newfoundland and Labrador (Newfoundland)","Colony of",2,0,980,NA
"21","2","2->21",0.49677935931212,0.000235776203262265,1,0,0,"2",0.000235776203262265,1,1,"United States of America","Sovereign",2,0.00694214876033058,1,NA,"Newfoundland and Labrador (Newfoundland)","Colony of",2,0,322846.538713911,NA
"21","20","20->21",2.75895920217828,0.000230689954408631,1,0,0,"2",0.000230689954408631,1,1,"Canada (Province of Canada)","Colony of",2,0,1,NA,"Newfoundland and Labrador (Newfoundland)","Colony of",2,0,315881.977342945,NA
"21","200","200->21",0.88487718329526,0.000408002003385477,0,1,0,"bridge",0.000408002003385477,1,1,"United Kingdom","Sovereign",0,0,1,NA,"Newfoundland and Labrador (Newfoundland)","Colony of",2,0,558674,NA
"21","255","255->21",0.382049406255691,0.000132289504969366,0,1,0,"bridge",0.000132289504969366,1,1,"Germany (Zollverein)","Sovereign",1,0.0922314049586777,1,NA,"Newfoundland and Labrador (Newfoundland)","Colony of",2,0,181143,NA
"21","31","31->21",0,2.2639432128486e-08,1,0,0,"2",2.2639432128486e-08,1,1,"Bahamas","Colony of",2,0,1,NA,"Newfoundland and Labrador (Newfoundland)","Colony of",2,0,31,NA
"21","53","53->21",3.68409021259703,2.24838773206355e-05,1,0,0,"2",2.24838773206355e-05,1,1,"Barbados","Colony of",2,0,1,NA,"Newfoundland and Labrador (Newfoundland)","Colony of",2,0,30787,NA
"210","1063","1063->210",0,1.58476024899402e-06,0,1,0,"bridge",1.58476024899402e-06,1,1,"Leeward Is.","Colony of",2,0,1,1,"Netherlands","Sovereign",3,0.0322784810126582,2170,NA
"210","110","110->210",0,6.41864416055689e-06,0,1,0,"bridge",6.41864416055689e-06,1,1,"Guyana (British Guiana)","Colony of",2,0,1,1,"Netherlands","Sovereign",3,0.0322784810126582,8789,9368.56480715113
"210","155","155->210",0,8.26166518576684e-08,0,1,0,"bridge",8.26166518576684e-08,1,1,"Chile","Sovereign",10,0.0221052631578947,1,1,"Netherlands","Sovereign",3,0.0322784810126582,113.126344912389,1292.91508028472
"210","160","160->210",0,9.76459500459353e-07,0,1,0,"bridge",9.76459500459353e-07,1,1,"Argentina (La Plata)","Sovereign",10,0,1,1,"Netherlands","Sovereign",3,0.0322784810126582,1337.058471363,1615.37824863433
"210","2","2->210",0.356646302319999,0.00652267145627704,0,1,0,"bridge",0.00652267145627704,1,1,"United States of America","Sovereign",2,0.00694214876033058,1,1,"Netherlands","Sovereign",3,0.0322784810126582,8931443.7746063,1926903.90663797
"210","20","20->210",0,7.73752477059177e-05,0,1,0,"bridge",7.73752477059177e-05,1,1,"Canada (Province of Canada)","Colony of",2,0,1,1,"Netherlands","Sovereign",3,0.0322784810126582,105949.330587024,NA
"210","200","200->210",0.185613595819147,0.00645298306696597,0,1,0,"bridge",0.00645298306696597,1,1,"United Kingdom","Sovereign",0,0,1,1,"Netherlands","Sovereign",3,0.0322784810126582,8836020,26966308.9720245
"210","211","211->210",1.44870661013387,0.00546839844327617,0.15,0.85,0.51,"bridge",0.00546839844327617,1,1,"Belgium","Sovereign",4,0.0291428571428571,1,1,"Netherlands","Sovereign",3,0.0322784810126582,7487835.85999327,13275484.8535011
"210","220","220->210",0,0.00143361933451762,0,1,0,"bridge",0.00143361933451762,1,1,"France","Sovereign",5,0.0336885245901639,1,1,"Netherlands","Sovereign",3,0.0322784810126582,1963043.91019273,741604.287369641
"210","225","225->210",0,0.000114557875476571,0,1,0,"bridge",0.000114557875476571,1,1,"Switzerland","Sovereign",8,0.015,1,1,"Netherlands","Sovereign",3,0.0322784810126582,156863.21633948,NA
"210","230","230->210",0,0.00034163268485672,0,1,0,"bridge",0.00034163268485672,1,1,"Spain","Sovereign",7,0.0396103896103896,1,1,"Netherlands","Sovereign",3,0.0322784810126582,467795.003445899,133973.845389836
"210","235","235->210",0,4.05962628733272e-05,0,1,0,"bridge",4.05962628733272e-05,1,1,"Portugal","Sovereign",6,0,1,1,"Netherlands","Sovereign",3,0.0322784810126582,55588.150000002,71434.2824035756
"210","255","255->210",1.07006816721294,0.00837746630998383,0,1,0,"bridge",0.00837746630998383,1,1,"Germany (Zollverein)","Sovereign",1,0.0922314049586777,1,1,"Netherlands","Sovereign",3,0.0322784810126582,11471200.0785006,41735749.5447774
"210","300","300->210",0,0.000663423309175206,0,1,0,"bridge",0.000663423309175206,1,1,"Austria-Hungary (Austrian Empire)","Sovereign",8,0.0101408450704225,1,1,"Netherlands","Sovereign",3,0.0322784810126582,908420.42625946,22250.8690614137
"210","31","31->210",0.553383531299637,6.09584967666041e-06,0,1,0,"bridge",6.09584967666041e-06,1,1,"Bahamas","Colony of",2,0,1,1,"Netherlands","Sovereign",3,0.0322784810126582,8347,NA
"210","325","325->210",0,0.000182667077050147,0,1,0,"bridge",0.000182667077050147,1,1,"Italy","Sovereign",8,0.00947368421052632,1,1,"Netherlands","Sovereign",3,0.0322784810126582,250124.621342843,387646.664459527
"210","338","338->210",0,2.41000406529045e-08,0,1,0,"bridge",2.41000406529045e-08,1,1,"Malta","Colony of",8,0.0128571428571429,1,1,"Netherlands","Sovereign",3,0.0322784810126582,33,1745.90299619268
"210","350","350->210",0,4.81976956816099e-05,0,1,0,"bridge",4.81976956816099e-05,1,1,"Greece","Sovereign",8,0.0225,1,1,"Netherlands","Sovereign",3,0.0322784810126582,65996.7333831631,38912.1834133422
"210","365","365->210",0.311729261927239,0.00142972602642629,0,1,0,"bridge",0.00142972602642629,1,1,"Russia (USSR)","Sovereign",8,0.0141176470588235,1,1,"Netherlands","Sovereign",3,0.0322784810126582,1957712.83341721,260615.792087403
"210","380","380->210",0.521223622182707,0.000700834609430366,0,1,0,"bridge",0.000700834609430366,1,1,"Sweden","Sovereign",1,0.0156521739130435,1,1,"Netherlands","Sovereign",3,0.0322784810126582,959647.431483267,316328.836285383
"210","385","385->210",0.36460768766138,0.000239235960295795,0,1,0,"bridge",0.000239235960295795,1,1,"Norway","Sovereign (limited)",1,0.0128571428571429,1,1,"Netherlands","Sovereign",3,0.0322784810126582,327583.957366054,523535.176295315
"210","390","390->210",0,1.13531313088755e-05,0,1,0,"bridge",1.13531313088755e-05,1,1,"Denmark","Sovereign",1,0.02,1,1,"Netherlands","Sovereign",3,0.0322784810126582,15545.7552370452,486985.432875352
"210","452","452->210",0,6.55082923201676e-07,0,1,0,"bridge",6.55082923201676e-07,1,1,"Ghana (Gold Coast)","Colony of",11,0,1,1,"Netherlands","Sovereign",3,0.0322784810126582,897,NA
"210","51","51->210",0,6.40257746678829e-06,0,1,0,"bridge",6.40257746678829e-06,1,1,"Jamaica","Colony of",2,0,1,1,"Netherlands","Sovereign",3,0.0322784810126582,8767,NA
"210","511","511->210",0,2.62836503969101e-06,0,1,0,"bridge",2.62836503969101e-06,1,1,"Zanzibar","Protectorate of",12,0,1,1,"Netherlands","Sovereign",3,0.0322784810126582,3599,NA
"210","52","52->210",0,1.25787606122917e-05,0,1,0,"bridge",1.25787606122917e-05,NA,NA,"Trinidad and Tobago","Colony of",2,0,1,1,"Netherlands","Sovereign",3,0.0322784810126582,17224,NA
"210","561","561->210",0,2.48741631708462e-06,0,1,0,"bridge",2.48741631708462e-06,1,1,"Cape Colony (Cape of Good Hope)","Colony of",0,0,1,1,"Netherlands","Sovereign",3,0.0322784810126582,3406,77921.5361695084
"210","615","615->210",0,3.44086923283838e-05,0,1,0,"bridge",3.44086923283838e-05,1,1,"Algeria (Regency of Algiers)","Colony of",5,0.0288636363636364,1,1,"Netherlands","Sovereign",3,0.0322784810126582,47115.5573216769,393.477901009767
"210","640","640->210",0,0.000285102153097929,0,1,0,"bridge",0.000285102153097929,1,1,"Turkey (Ottoman Empire)","Sovereign",8,0.0167441860465116,1,1,"Netherlands","Sovereign",3,0.0322784810126582,390388.181818182,571577.801688462
"210","681","681->210",0,2.1569991663088e-06,0,1,0,"bridge",2.1569991663088e-06,1,1,"Aden","Dependency of",12,0,1,1,"Netherlands","Sovereign",3,0.0322784810126582,2953.56234096692,NA
"210","740","740->210",0,2.06150622035831e-06,0.85,0.15,0.51,"3",2.06150622035831e-06,1,1,"Japan","Sovereign",3,0.085,1,1,"Netherlands","Sovereign",3,0.0322784810126582,2822.80458575183,8.60784638304916
"210","750","750->210",0,0.000311463339406758,0,1,0,"bridge",0.000311463339406758,1,1,"India","Colony of",9,0.00228915662650603,1,1,"Netherlands","Sovereign",3,0.0322784810126582,426484.351145038,51019.6987253766
"210","80","80->210",0,3.14898069061341e-06,0,1,0,"bridge",3.14898069061341e-06,1,1,"Belize (British Honduras)","Colony of",2,0.056,1,1,"Netherlands","Sovereign",3,0.0322784810126582,4311.875,NA
"210","827","827->210",0,0.000286197476708649,1,0,0,"3",0.000286197476708649,1,1,"Straits Settlements","Colony of",3,0.109285714285714,1,1,"Netherlands","Sovereign",3,0.0322784810126582,391888,NA
"211","135","135->211",0,3.13791797233839e-08,0,1,0,"bridge",3.13791797233839e-08,1,1,"Peru","Sovereign",10,0.024,1,1,"Belgium","Sovereign",4,0.0291428571428571,42.9672690509288,37852.799999966
"211","155","155->211",0,8.13818921152304e-09,0,1,0,"bridge",8.13818921152304e-09,1,1,"Chile","Sovereign",10,0.0221052631578947,1,1,"Belgium","Sovereign",4,0.0291428571428571,11.1435597909622,470991.349999577
"211","160","160->211",0.970695928918407,0.00213836279685766,0,1,0,"bridge",0.00213836279685766,1,1,"Argentina (La Plata)","Sovereign",10,0,1,1,"Belgium","Sovereign",4,0.0291428571428571,2928043.70385153,552453.729999503
"211","165","165->211",0.845847611300566,0.000496608310488502,0,1,0,"bridge",0.000496608310488502,1,1,"Uruguay","Sovereign",10,0,1,1,"Belgium","Sovereign",4,0.0291428571428571,680001.933695722,38606
"211","2","2->211",0,0.00714507374294712,0,1,0,"bridge",0.00714507374294712,1,1,"United States of America","Sovereign",2,0.00694214876033058,1,1,"Belgium","Sovereign",4,0.0291428571428571,9783694.43077428,2095428.48999812
"211","20","20->211",0,8.00010337411648e-06,0,1,0,"bridge",8.00010337411648e-06,1,1,"Canada (Province of Canada)","Colony of",2,0,1,1,"Belgium","Sovereign",4,0.0291428571428571,10954.4799176107,127082.889999886
"211","200","200->211",0,0.00507025930119934,0,1,0,"bridge",0.00507025930119934,1,1,"United Kingdom","Sovereign",0,0,1,1,"Belgium","Sovereign",4,0.0291428571428571,6942667,9248306.49999168
"211","210","210->211",0.996536292385339,0.00969514317140586,0.15,0.85,0.51,"bridge",0.00969514317140586,1,1,"Netherlands","Sovereign",3,0.0322784810126582,1,1,"Belgium","Sovereign",4,0.0291428571428571,13275484.8535011,7487835.85999327
"211","220","220->211",1.02571510645775,0.0145712604830222,0,1,0,"bridge",0.0145712604830222,1,1,"France","Sovereign",5,0.0336885245901639,1,1,"Belgium","Sovereign",4,0.0291428571428571,19952314.7228293,12249363.229989
"211","225","225->211",0,0.00027583367519711,0,1,0,"bridge",0.00027583367519711,1,1,"Switzerland","Sovereign",8,0.015,1,1,"Belgium","Sovereign",4,0.0291428571428571,377696.926432679,1272011.79999886
"211","230","230->211",0,0.00035129557660287,0,1,0,"bridge",0.00035129557660287,1,1,"Spain","Sovereign",7,0.0396103896103896,1,1,"Belgium","Sovereign",4,0.0291428571428571,481026.326671261,1117327.909999
"211","235","235->211",0,5.41816748806486e-05,0,1,0,"bridge",5.41816748806486e-05,1,1,"Portugal","Sovereign",6,0,1,1,"Belgium","Sovereign",4,0.0291428571428571,74190.5500000026,272106.429999755
"211","255","255->211",0.0984120349658132,0.00504240301305956,0,1,0,"bridge",0.00504240301305956,1,1,"Germany (Zollverein)","Sovereign",1,0.0922314049586777,1,1,"Belgium","Sovereign",4,0.0291428571428571,6904523.59925424,10784341.5799903
"211","300","300->211",0,0.000321092229904339,0,1,0,"bridge",0.000321092229904339,1,1,"Austria-Hungary (Austrian Empire)","Sovereign",8,0.0101408450704225,1,1,"Belgium","Sovereign",4,0.0291428571428571,439669.11672268,240956.729999783
"211","325","325->211",0,0.000682726251492041,0,1,0,"bridge",0.000682726251492041,1,1,"Italy","Sovereign",8,0.00947368421052632,1,1,"Belgium","Sovereign",4,0.0291428571428571,934851.796464588,886859.559999203
"211","338","338->211",0,3.28636917994152e-08,0,1,0,"bridge",3.28636917994152e-08,1,1,"Malta","Colony of",8,0.0128571428571429,1,1,"Belgium","Sovereign",4,0.0291428571428571,45,7296.17597937488
"211","342","342->211",0,5.58066797626999e-07,0,1,0,"bridge",5.58066797626999e-07,1,1,"Kingdom of Serbia","Sovereign",8,0.0378947368421053,1,1,"Belgium","Sovereign",4,0.0291428571428571,764.156566660044,13011.8999999883
"211","350","350->211",0.747486564585555,0.000205507372736395,0,1,0,"bridge",0.000205507372736395,1,1,"Greece","Sovereign",8,0.0225,1,1,"Belgium","Sovereign",4,0.0291428571428571,281399.662265039,182206.029999836
"211","352","352->211",0,5.55031239279012e-08,0,1,0,"bridge",5.55031239279012e-08,1,1,"Cyprus","Protectorate of",8,0.0189473684210526,1,1,"Belgium","Sovereign",4,0.0291428571428571,76,NA
"211","355","355->211",0,1.8072164702041e-05,0,1,0,"bridge",1.8072164702041e-05,1,1,"Bulgaria","Vassal of",8,0.0342857142857143,1,1,"Belgium","Sovereign",4,0.0291428571428571,24746.0758990662,55596.29999995
"211","360","360->211",1.05352530628511,0.0012551792812862,0,1,0,"bridge",0.0012551792812862,1,1,"Romania","Sovereign",8,0.0211764705882353,1,1,"Belgium","Sovereign",4,0.0291428571428571,1718707.32,299194.839999731
"211","365","365->211",0,0.00109824970604297,0,1,0,"bridge",0.00109824970604297,1,1,"Russia (USSR)","Sovereign",8,0.0141176470588235,1,1,"Belgium","Sovereign",4,0.0291428571428571,1503824.8616004,230783.789999793
"211","380","380->211",0,0.000459525425310772,0,1,0,"bridge",0.000459525425310772,1,1,"Sweden","Sovereign",1,0.0156521739130435,1,1,"Belgium","Sovereign",4,0.0291428571428571,629224.624707341,404819.679292346
"211","385","385->211",0,0.00015971207668962,0,1,0,"bridge",0.00015971207668962,1,1,"Norway","Sovereign (limited)",1,0.0128571428571429,1,1,"Belgium","Sovereign",4,0.0291428571428571,218692.516193837,226060.320707086
"211","390","390->211",0,3.69983250810518e-05,0,1,0,"bridge",3.69983250810518e-05,1,1,"Denmark","Sovereign",1,0.02,1,1,"Belgium","Sovereign",4,0.0291428571428571,50661.5214994487,483096.359999566
"211","51","51->211",0,4.00425826969319e-06,0,1,0,"bridge",4.00425826969319e-06,1,1,"Jamaica","Colony of",2,0,1,1,"Belgium","Sovereign",4,0.0291428571428571,5483,3036.10999999727
"211","561","561->211",0,6.63810059135076e-05,0,1,0,"bridge",6.63810059135076e-05,1,1,"Cape Colony (Cape of Good Hope)","Colony of",0,0,1,1,"Belgium","Sovereign",4,0.0291428571428571,90895,20206
"211","615","615->211",0,0.000118967478463863,0,1,0,"bridge",0.000118967478463863,1,1,"Algeria (Regency of Algiers)","Colony of",5,0.0288636363636364,1,1,"Belgium","Sovereign",4,0.0291428571428571,162901.251738526,24074
"211","640","640->211",0,2.57750930652262e-05,0,1,0,"bridge",2.57750930652262e-05,1,1,"Turkey (Ottoman Empire)","Sovereign",8,0.0167441860465116,1,1,"Belgium","Sovereign",4,0.0291428571428571,35293.6363636364,858943.119999228
"211","651","651->211",0,9.81754404227172e-05,0,1,0,"bridge",9.81754404227172e-05,1,1,"Egypt Arab Republic (Egypt)","Occupied by",8,0.0189473684210526,1,1,"Belgium","Sovereign",4,0.0291428571428571,134430.874230049,283265.119999745
"211","70","70->211",0,2.49033753413346e-05,0,1,0,"bridge",2.49033753413346e-05,1,1,"Mexico","Sovereign",2,0.0381818181818182,1,1,"Belgium","Sovereign",4,0.0291428571428571,34100,110482.859999901
"211","740","740->211",0,5.28553834599704e-06,0,1,0,"bridge",5.28553834599704e-06,1,1,"Japan","Sovereign",3,0.085,1,1,"Belgium","Sovereign",4,0.0291428571428571,7237.4469375379,48893.199999956
"211","750","750->211",0,0.00205064303328289,0,1,0,"bridge",0.00205064303328289,1,1,"India","Colony of",9,0.00228915662650603,1,1,"Belgium","Sovereign",4,0.0291428571428571,2807929.70737913,497133.439999553
"211","780","780->211",0,2.82861446838878e-05,0,1,0,"bridge",2.82861446838878e-05,1,1,"Sri Lanka (Ceylon)","Colony of",9,0,1,1,"Belgium","Sovereign",4,0.0291428571428571,38732,NA
"211","827","827->211",0,8.09834396363811e-06,0.15,0.85,0.51,"bridge",8.09834396363811e-06,1,1,"Straits Settlements","Colony of",3,0.109285714285714,1,1,"Belgium","Sovereign",4,0.0291428571428571,11089,8477.44999999238
"211","901","901->211",0,0.000694935626790434,0,1,0,"bridge",0.000694935626790434,1,1,"New South Wales","Colony of",13,0,1,1,"Belgium","Sovereign",4,0.0291428571428571,951570,NA
"211","903","903->211",0,4.65320663709231e-05,0,1,0,"bridge",4.65320663709231e-05,1,1,"South Australia","Colony of",13,0,1,1,"Belgium","Sovereign",4,0.0291428571428571,63716,NA
"211","904","904->211",0,0.000335528069012358,0,1,0,"bridge",0.000335528069012358,1,1,"Victoria","Colony of",13,0,1,1,"Belgium","Sovereign",4,0.0291428571428571,459436,NA
"212","211","211->212",3.24832353241302,0.000697235055486756,1,0,0,"4",0.000697235055486756,1,1,"Belgium","Sovereign",4,0.0291428571428571,1,NA,"Luxemburg","Sovereign (unrecognized)",4,0,954718.589999142,NA
"220","1029","1029->220",2.43048142778317,0.000189169553665716,1,0,0,"5",0.000189169553665716,1,1,"St. Pierre and Miquelon","Colony of",5,0.06,1,1,"France","Sovereign",5,0.0336885245901639,259028.412477648,190741.108682694
"220","1055","1055->220",0,1.40013933150753e-05,0,1,0,"bridge",1.40013933150753e-05,1,NA,"Windward Is.","Colony of",2,0,1,1,"France","Sovereign",5,0.0336885245901639,19172,NA
"220","1063","1063->220",0,1.72833806694436e-05,0,1,0,"bridge",1.72833806694436e-05,1,1,"Leeward Is.","Colony of",2,0,1,1,"France","Sovereign",5,0.0336885245901639,23666,NA
"220","110","110->220",0,4.93685681253437e-07,0,1,0,"bridge",4.93685681253437e-07,1,1,"Guyana (British Guiana)","Colony of",2,0,1,1,"France","Sovereign",5,0.0336885245901639,676,NA
"220","120","120->220",2.43048142778317,0.000133401326243466,1,0,0,"5",0.000133401326243466,1,1,"French Guiana","Colony of",5,0.036,1,1,"France","Sovereign",5,0.0336885245901639,182665.408305186,270216.570633817
"220","135","135->220",0,6.69631695297013e-05,0,1,0,"bridge",6.69631695297013e-05,1,1,"Peru","Sovereign",10,0.024,1,1,"France","Sovereign",5,0.0336885245901639,91692.1521546822,238426.385853368
"220","155","155->220",0,8.57458697976633e-05,0,1,0,"bridge",8.57458697976633e-05,1,1,"Chile","Sovereign",10,0.0221052631578947,1,1,"France","Sovereign",5,0.0336885245901639,117411.158930218,1001390.82058414
"220","160","160->220",1.04485417424098,0.00385309417756954,0,1,0,"bridge",0.00385309417756954,1,1,"Argentina (La Plata)","Sovereign",10,0,1,1,"France","Sovereign",5,0.0336885245901639,5276012.17321892,2483608.18597258
"220","165","165->220",0.662998577128754,0.000692030720335618,0,1,0,"bridge",0.000692030720335618,1,1,"Uruguay","Sovereign",10,0,1,1,"France","Sovereign",5,0.0336885245901639,947592.333970737,576197.099145639
"220","2","2->220",0.187814871073854,0.0146600152668547,0,1,0,"bridge",0.0146600152668547,1,1,"United States of America","Sovereign",2,0.00694214876033058,1,1,"France","Sovereign",5,0.0336885245901639,20073845.9645669,9541029.20723227
"220","20","20->220",0,5.44912275794189e-05,0,1,0,"bridge",5.44912275794189e-05,1,1,"Canada (Province of Canada)","Colony of",2,0,1,1,"France","Sovereign",5,0.0336885245901639,74614.4181256437,NA
"220","200","200->220",0,0.0107259012868151,0,1,0,"bridge",0.0107259012868151,1,1,"United Kingdom","Sovereign",0,0,1,1,"France","Sovereign",5,0.0336885245901639,14686894,40822571.0311941
"220","210","210->220",0,0.000541596771938685,0,1,0,"bridge",0.000541596771938685,1,1,"Netherlands","Sovereign",3,0.0322784810126582,1,1,"France","Sovereign",5,0.0336885245901639,741604.287369641,1963043.91019273
"220","211","211->220",0.962229601499543,0.00894576217620993,0,1,0,"bridge",0.00894576217620993,1,1,"Belgium","Sovereign",4,0.0291428571428571,1,1,"France","Sovereign",5,0.0336885245901639,12249363.229989,19952314.7228293
"220","225","225->220",0.600106081181686,0.00297004826479184,0,1,0,"bridge",0.00297004826479184,1,1,"Switzerland","Sovereign",8,0.015,1,1,"France","Sovereign",5,0.0336885245901639,4066864.20781281,9056228.88933042
"220","230","230->220",1.36529094919307,0.00652500112337359,0.1,0.9,0.36,"bridge",0.00652500112337359,1,1,"Spain","Sovereign",7,0.0396103896103896,1,1,"France","Sovereign",5,0.0336885245901639,8934633.76981392,5348698.58931055
"220","235","235->220",0,0.000124951334712266,0,1,0,"bridge",0.000124951334712266,1,1,"Portugal","Sovereign",6,0,1,1,"France","Sovereign",5,0.0336885245901639,171094.900000006,548380.687462746
"220","255","255->220",0,0.00718423940545975,0,1,0,"bridge",0.00718423940545975,1,1,"Germany (Zollverein)","Sovereign",1,0.0922314049586777,1,1,"France","Sovereign",5,0.0336885245901639,9837323.67072168,14122789.5887145
"220","300","300->220",0,0.00154131615201126,0,1,0,"bridge",0.00154131615201126,1,1,"Austria-Hungary (Austrian Empire)","Sovereign",8,0.0101408450704225,1,1,"France","Sovereign",5,0.0336885245901639,2110512.33269358,647725.014901649
"220","31","31->220",0,3.19362053864095e-06,0,1,0,"bridge",3.19362053864095e-06,1,1,"Bahamas","Colony of",2,0,1,1,"France","Sovereign",5,0.0336885245901639,4373,NA
"220","325","325->220",0.577085850601663,0.00411876033918989,0,1,0,"bridge",0.00411876033918989,1,1,"Italy","Sovereign",8,0.00947368421052632,1,1,"France","Sovereign",5,0.0336885245901639,5639786.80164117,5269223.12735943
"220","338","338->220",0.54210767476591,5.3589726760913e-06,0,1,0,"bridge",5.3589726760913e-06,1,1,"Malta","Colony of",8,0.0128571428571429,1,1,"France","Sovereign",5,0.0336885245901639,7338,66777
"220","342","342->220",0,8.19307645549957e-06,0,1,0,"bridge",8.19307645549957e-06,1,1,"Kingdom of Serbia","Sovereign",8,0.0378947368421053,1,1,"France","Sovereign",5,0.0336885245901639,11218.7164712895,NA
"220","350","350->220",0.798994195072015,0.000362008363622025,0,1,0,"bridge",0.000362008363622025,1,1,"Greece","Sovereign",8,0.0225,1,1,"France","Sovereign",5,0.0336885245901639,495695.263405586,512616.729584741
"220","352","352->220",0.866492582662933,4.4671251110814e-05,0,1,0,"bridge",4.4671251110814e-05,1,1,"Cyprus","Protectorate of",8,0.0189473684210526,1,1,"France","Sovereign",5,0.0336885245901639,61168,NA
"220","355","355->220",1.15289028228201,0.000565955563711208,0,1,0,"bridge",0.000565955563711208,1,1,"Bulgaria","Vassal of",8,0.0342857142857143,1,1,"France","Sovereign",5,0.0336885245901639,774958.593284323,NA
"220","360","360->220",0,0.000322358200130234,0,1,0,"bridge",0.000322358200130234,1,1,"Romania","Sovereign",8,0.0211764705882353,1,1,"France","Sovereign",5,0.0336885245901639,441402.6,337770.713292271
"220","365","365->220",0,0.0025808648302403,0,1,0,"bridge",0.0025808648302403,1,1,"Russia (USSR)","Sovereign",8,0.0141176470588235,1,1,"France","Sovereign",5,0.0336885245901639,3533958.32913941,500695.410292072
"220","380","380->220",0,0.000780171340187926,0,1,0,"bridge",0.000780171340187926,1,1,"Sweden","Sovereign",1,0.0156521739130435,1,1,"France","Sovereign",5,0.0336885245901639,1068282.60570169,278164.116828929
"220","385","385->220",0,0.000290025439421549,0,1,0,"bridge",0.000290025439421549,1,1,"Norway","Sovereign (limited)",1,0.0128571428571429,1,1,"France","Sovereign",5,0.0336885245901639,397129.599852259,413272.402145837
"220","390","390->220",0,5.08475349046446e-05,0,1,0,"bridge",5.08475349046446e-05,1,1,"Denmark","Sovereign",1,0.02,1,1,"France","Sovereign",5,0.0336885245901639,69625.137816979,743095.569242996
"220","433","433->220",2.43048142778317,0.000360165979842653,0,1,0,"bridge",0.000360165979842653,1,1,"Senegal","Colony of",11,0.09,1,1,"France","Sovereign",5,0.0336885245901639,493172.501490165,NA
"220","4341","4341->220",2.43048142778317,4.59446846697623e-05,0,1,0,"bridge",4.59446846697623e-05,NA,NA,"Old Dahomey","Sovereign (unrecognized)",11,0,1,1,"France","Sovereign",5,0.0336885245901639,62911.7027617723,NA
"220","437","437->220",2.43048142778317,4.10044730719026e-05,0.9,0.1,0.36,"5",4.10044730719026e-05,1,1,"Ivory Coast","Protectorate of",5,0.24,1,1,"France","Sovereign",5,0.0336885245901639,56147.1090800715,NA
"220","451","451->220",0,1.75273022930214e-08,0,1,0,"bridge",1.75273022930214e-08,1,1,"Sierra Leone","Colony of",11,0,1,1,"France","Sovereign",5,0.0336885245901639,24,NA
"220","452","452->220",0.230210854543144,5.09642829382709e-05,0,1,0,"bridge",5.09642829382709e-05,1,1,"Ghana (Gold Coast)","Colony of",11,0,1,1,"France","Sovereign",5,0.0336885245901639,69785,NA
"220","4781","4781->220",0,1.25320211395103e-06,0,1,0,"bridge",1.25320211395103e-06,1,1,"Lagos","Colony of",11,0.0225,1,1,"France","Sovereign",5,0.0336885245901639,1716,NA
"220","484","484->220",2.43048142778317,1.0178784336978e-05,1,0,0,"5",1.0178784336978e-05,1,1,"Congo (Brazzaville) (French Congo) (Middle Congo)","Colony of",5,0,1,1,"France","Sovereign",5,0.0336885245901639,13937.7309755613,NA
"220","51","51->220",0,4.52094853520622e-05,0,1,0,"bridge",4.52094853520622e-05,1,1,"Jamaica","Colony of",2,0,1,1,"France","Sovereign",5,0.0336885245901639,61905,NA
"220","511","511->220",0.164452433529863,5.31960927635823e-05,0,1,0,"bridge",5.31960927635823e-05,1,1,"Zanzibar","Protectorate of",12,0,1,1,"France","Sovereign",5,0.0336885245901639,72841,NA
"220","52","52->220",0.362401687229756,0.000202526517387338,0,1,0,"bridge",0.000202526517387338,NA,NA,"Trinidad and Tobago","Colony of",2,0,1,1,"France","Sovereign",5,0.0336885245901639,277318,NA
"220","561","561->220",0,9.15509423105486e-06,0,1,0,"bridge",9.15509423105486e-06,1,1,"Cape Colony (Cape of Good Hope)","Colony of",0,0,1,1,"France","Sovereign",5,0.0336885245901639,12536,NA
"220","580","580->220",2.43048142778317,1.49570607954326e-05,0,1,0,"bridge",1.49570607954326e-05,1,NA,"Madagascar (Malagasy Republic)","Protectorate of",9,0,1,1,"France","Sovereign",5,0.0336885245901639,20480.5881184184,NA
"220","5801","5801->220",2.43048142778317,1.58619531936025e-05,0.9,0.1,0.36,"5",1.58619531936025e-05,1,1,"Nossi Be","Colony of",5,0.18,1,1,"France","Sovereign",5,0.0336885245901639,21719.6503079674,NA
"220","581","581->220",2.43048142778317,3.18755682220672e-05,1,0,0,"5",3.18755682220672e-05,NA,NA,"Comoros","Colony of",5,0,1,1,"France","Sovereign",5,0.0336885245901639,43646.9699980131,NA
"220","585","585->220",2.43048142778317,0.000456512135053835,0,1,0,"bridge",0.000456512135053835,1,1,"Reunion (Bourbon I.)","Colony of",9,0,1,1,"France","Sovereign",5,0.0336885245901639,625098.549572819,278164.116828929
"220","590","590->220",0,3.34019260406634e-05,0,1,0,"bridge",3.34019260406634e-05,1,1,"Mauritius","Colony of",9,0,1,1,"France","Sovereign",5,0.0336885245901639,45737,NA
"220","615","615->220",2.27501126314253,0.00566772987917592,0.9,0.1,0.36,"5",0.00566772987917592,1,1,"Algeria (Regency of Algiers)","Colony of",5,0.0288636363636364,1,1,"France","Sovereign",5,0.0336885245901639,7760778.85952712,7534273.79296642
"220","640","640->220",1.02006752961523,0.00252310695029176,0,1,0,"bridge",0.00252310695029176,1,1,"Turkey (Ottoman Empire)","Sovereign",8,0.0167441860465116,1,1,"France","Sovereign",5,0.0336885245901639,3454870.90909091,2384263.85853368
"220","65","65->220",2.43048142778317,0.000607321372700804,1,0,0,"5",0.000607321372700804,1,1,"Guadeloupe","Colony of",5,0.0327272727272727,1,1,"France","Sovereign",5,0.0336885245901639,831600.476852772,468905.225511623
"220","651","651->220",0,0.000807229401060511,0,1,0,"bridge",0.000807229401060511,1,1,"Egypt Arab Republic (Egypt)","Occupied by",8,0.0189473684210526,1,1,"France","Sovereign",5,0.0336885245901639,1105333,977548.181998808
"220","66","66->220",2.43048142778317,0.000483013255926982,0,1,0,"bridge",0.000483013255926982,1,1,"Martinique","Colony of",2,0,1,1,"France","Sovereign",5,0.0336885245901639,661386.330220544,512616.729584741
"220","681","681->220",0.479286768734757,0.000185788057052617,0,1,0,"bridge",0.000185788057052617,1,1,"Aden","Dependency of",12,0,1,1,"France","Sovereign",5,0.0336885245901639,254398.155216285,NA
"220","70","70->220",0,0.000339153299369965,0,1,0,"bridge",0.000339153299369965,1,1,"Mexico","Sovereign",2,0.0381818181818182,1,1,"France","Sovereign",5,0.0336885245901639,464400,906020.266242798
"220","740","740->220",0.867032752333962,0.00190792421783545,0,1,0,"bridge",0.00190792421783545,1,1,"Japan","Sovereign",3,0.085,1,1,"France","Sovereign",5,0.0336885245901639,2612505.93288862,544406.91436519
"220","750","750->220",0.0236738378567692,0.00421980836245348,0,1,0,"bridge",0.00421980836245348,1,1,"India","Colony of",9,0.00228915662650603,1,1,"France","Sovereign",5,0.0336885245901639,5778151.08142494,488774.090999404
"220","751","751->220",2.43048142778317,0.000254869019414347,1,0,0,"5",0.000254869019414347,1,1,"French India","Colony of",5,0.09,1,1,"France","Sovereign",5,0.0336885245901639,348990.184780449,43711.5040731174
"220","780","780->220",0,1.58461418814158e-05,0,1,0,"bridge",1.58461418814158e-05,1,1,"Sri Lanka (Ceylon)","Colony of",9,0,1,1,"France","Sovereign",5,0.0336885245901639,21698,NA
"220","80","80->220",0,1.54433486514631e-05,0,1,0,"bridge",1.54433486514631e-05,1,1,"Belize (British Honduras)","Colony of",2,0.056,1,1,"France","Sovereign",5,0.0336885245901639,21146.4583333333,NA
"220","8152","8152->220",2.43048142778317,2.02842625517092e-06,1,0,0,"5",2.02842625517092e-06,1,1,"Annam","Protectorate of",5,0,1,1,"France","Sovereign",5,0.0336885245901639,2777.50844426783,NA
"220","8153","8153->220",2.43048142778317,1.5537560543375e-05,1,0,0,"5",1.5537560543375e-05,1,1,"Tonkin","Protectorate of",5,0,1,1,"France","Sovereign",5,0.0336885245901639,21275.4619511226,NA
"220","827","827->220",0,0.000687052722584147,0,1,0,"bridge",0.000687052722584147,1,1,"Straits Settlements","Colony of",3,0.109285714285714,1,1,"France","Sovereign",5,0.0336885245901639,940776,NA
"220","901","901->220",0,0.000589131336194347,0,1,0,"bridge",0.000589131336194347,1,1,"New South Wales","Colony of",13,0,1,1,"France","Sovereign",5,0.0336885245901639,806693,NA
"220","903","903->220",0,7.0127466778641e-05,0,1,0,"bridge",7.0127466778641e-05,1,1,"South Australia","Colony of",13,0,1,1,"France","Sovereign",5,0.0336885245901639,96025,NA
"220","904","904->220",0,0.000696460502089926,0,1,0,"bridge",0.000696460502089926,1,1,"Victoria","Colony of",13,0,1,1,"France","Sovereign",5,0.0336885245901639,953658,NA
"220","905","905->220",0,2.7386409832846e-07,0,1,0,"bridge",2.7386409832846e-07,1,1,"Queensland","Colony of",13,0,1,1,"France","Sovereign",5,0.0336885245901639,375,NA
"220","920","920->220",0,1.14365647461965e-06,0,1,0,"bridge",1.14365647461965e-06,1,1,"New Zealand","Colony of",13,0,1,1,"France","Sovereign",5,0.0336885245901639,1566,NA
"220","930","930->220",2.43048142778317,6.89876487182173e-05,0,1,0,"bridge",6.89876487182173e-05,1,1,"New Caledonia","Colony of",13,0,1,1,"France","Sovereign",5,0.0336885245901639,94464.2559109875,NA
"220","9601","9601->220",2.43048142778317,6.34333024572592e-06,1,0,0,"5",6.34333024572592e-06,NA,NA,"Society Is.","Colony of",5,0,1,1,"France","Sovereign",5,0.0336885245901639,8685.87323663819,NA
"225","2","2->225",0,1.5569581311904e-06,0,1,0,"bridge",1.5569581311904e-06,1,1,"United States of America","Sovereign",2,0.00694214876033058,1,1,"Switzerland","Sovereign",8,0.015,2131.93077427822,3027034.66190759
"225","20","20->225",0,1.00482646170085e-07,0,1,0,"bridge",1.00482646170085e-07,1,1,"Canada (Province of Canada)","Colony of",2,0,1,1,"Switzerland","Sovereign",8,0.015,137.590113285273,64639.4209795756
"225","211","211->225",0.150917252038555,0.000928955639119595,0,1,0,"bridge",0.000928955639119595,1,1,"Belgium","Sovereign",4,0.0291428571428571,1,1,"Switzerland","Sovereign",8,0.015,1272011.79999886,377696.926432679
"225","220","220->225",1.17470682837326,0.00661380255742033,0,1,0,"bridge",0.00661380255742033,1,1,"France","Sovereign",5,0.0336885245901639,1,1,"Switzerland","Sovereign",8,0.015,9056228.88933042,4066864.20781281
"225","235","235->225",0,4.92225072729036e-08,0,1,0,"bridge",4.92225072729036e-08,1,1,"Portugal","Sovereign",6,0,1,1,"Switzerland","Sovereign",8,0.015,67.4000000000024,35278.6833234186
"225","255","255->225",1.2481249457769,0.00622585995921345,0.9,0.1,0.36,"1",0.00622585995921345,1,1,"Germany (Zollverein)","Sovereign",1,0.0922314049586777,1,1,"Switzerland","Sovereign",8,0.015,8525022.07830439,6432628.59409082
"225","300","300->225",0.844407107489348,0.0019134550688657,1,0,0,"8",0.0019134550688657,1,1,"Austria-Hungary (Austrian Empire)","Sovereign",8,0.0101408450704225,1,1,"Switzerland","Sovereign",8,0.015,2620079.28459482,1480969.18500892
"225","325","325->225",2.19396792690476,0.00484948465446607,1,0,0,"8",0.00484948465446607,1,1,"Italy","Sovereign",8,0.00947368421052632,1,1,"Switzerland","Sovereign",8,0.015,6640361.97706967,1812481.02320048
"225","355","355->225",0,6.4135601807367e-09,1,0,0,"8",6.4135601807367e-09,1,1,"Bulgaria","Vassal of",8,0.0342857142857143,1,1,"Switzerland","Sovereign",8,0.015,8.78203854559905,NA
"225","360","360->225",0,1.70331492170402e-05,1,0,0,"8",1.70331492170402e-05,1,1,"Romania","Sovereign",8,0.0211764705882353,1,1,"Switzerland","Sovereign",8,0.015,23323.36,292492.762244696
"225","365","365->225",0,3.64747835841186e-07,1,0,0,"8",3.64747835841186e-07,1,1,"Russia (USSR)","Sovereign",8,0.0141176470588235,1,1,"Switzerland","Sovereign",8,0.015,499.446401610468,528055.443188578
"225","740","740->225",0,1.68276050531272e-05,0,1,0,"bridge",1.68276050531272e-05,1,1,"Japan","Sovereign",3,0.085,1,1,"Switzerland","Sovereign",8,0.015,23041.9099598602,NA
"230","1063","1063->230",0,2.77515619639506e-08,0,1,0,"bridge",2.77515619639506e-08,1,1,"Leeward Is.","Colony of",2,0,1,1,"Spain","Sovereign",7,0.0396103896103896,38,NA
"230","135","135->230",0,1.2219421751106e-06,0,1,0,"bridge",1.2219421751106e-06,1,1,"Peru","Sovereign",10,0.024,1,1,"Spain","Sovereign",7,0.0396103896103896,1673.19600657146,450.172294968987
"230","155","155->230",0,1.32596358704987e-06,0,1,0,"bridge",1.32596358704987e-06,1,1,"Chile","Sovereign",10,0.0221052631578947,1,1,"Spain","Sovereign",7,0.0396103896103896,1815.63172456194,10009.9931082012
"230","160","160->230",0.46031736921815,0.000351596104173982,0,1,0,"bridge",0.000351596104173982,1,1,"Argentina (La Plata)","Sovereign",10,0,1,1,"Spain","Sovereign",7,0.0396103896103896,481437.83675913,339001.068228808
"230","165","165->230",0.132364721676097,6.66453046468771e-05,0,1,0,"bridge",6.66453046468771e-05,1,1,"Uruguay","Sovereign",10,0,1,1,"Spain","Sovereign",7,0.0396103896103896,91256.902219453,157107.925568573
"230","2","2->230",0,0.00172545014247335,0,1,0,"bridge",0.00172545014247335,1,1,"United States of America","Sovereign",2,0.00694214876033058,1,1,"Spain","Sovereign",7,0.0396103896103896,2362645.58727034,552805.44452102
"230","20","20->230",0,1.40609518463995e-05,0,1,0,"bridge",1.40609518463995e-05,1,1,"Canada (Province of Canada)","Colony of",2,0,1,1,"Spain","Sovereign",7,0.0396103896103896,19253.553038105,NA
"230","200","200->230",0.379505794691816,0.00341266653843946,0,1,0,"bridge",0.00341266653843946,1,1,"United Kingdom","Sovereign",0,0,1,1,"Spain","Sovereign",7,0.0396103896103896,4672938,5996010.19986216
"230","210","210->230",0,9.78416703127572e-05,0,1,0,"bridge",9.78416703127572e-05,1,1,"Netherlands","Sovereign",3,0.0322784810126582,1,1,"Spain","Sovereign",7,0.0396103896103896,133973.845389836,467795.003445899
"230","211","211->230",0.3773075836996,0.000815989334957593,0,1,0,"bridge",0.000815989334957593,1,1,"Belgium","Sovereign",4,0.0291428571428571,1,1,"Spain","Sovereign",7,0.0396103896103896,1117327.909999,481026.326671261
"230","220","220->230",1.00415734247643,0.00390617737704597,0.1,0.9,0.36,"bridge",0.00390617737704597,1,1,"France","Sovereign",5,0.0336885245901639,1,1,"Spain","Sovereign",7,0.0396103896103896,5348698.58931055,8934633.76981392
"230","225","225->230",0.208350999042386,0.000328641175568078,0,1,0,"bridge",0.000328641175568078,1,1,"Switzerland","Sovereign",8,0.015,1,1,"Spain","Sovereign",7,0.0396103896103896,450005.829863177,NA
"230","235","235->230",1.38354891800832,0.000173349364988348,0,1,0,"bridge",0.000173349364988348,1,1,"Portugal","Sovereign",6,0,1,1,"Spain","Sovereign",7,0.0396103896103896,237365.950000008,898443.073742247
"230","255","255->230",0.149250255920389,0.00145322737055646,0,1,0,"bridge",0.00145322737055646,1,1,"Germany (Zollverein)","Sovereign",1,0.0922314049586777,1,1,"Spain","Sovereign",7,0.0396103896103896,1989893.04288097,393228.911095796
"230","300","300->230",0,0.00011684427504525,0,1,0,"bridge",0.00011684427504525,1,1,"Austria-Hungary (Austrian Empire)","Sovereign",8,0.0101408450704225,1,1,"Spain","Sovereign",7,0.0396103896103896,159993.965654517,2038.31840110269
"230","325","325->230",0,0.000306778756566666,0,1,0,"bridge",0.000306778756566666,1,1,"Italy","Sovereign",8,0.00947368421052632,1,1,"Spain","Sovereign",7,0.0396103896103896,420069.787951992,276559.648518263
"230","352","352->230",0.661234154914986,5.95636156257845e-06,0,1,0,"bridge",5.95636156257845e-06,1,1,"Cyprus","Protectorate of",8,0.0189473684210526,1,1,"Spain","Sovereign",7,0.0396103896103896,8156,NA
"230","360","360->230",0,9.29995738450668e-06,0,1,0,"bridge",9.29995738450668e-06,1,1,"Romania","Sovereign",8,0.0211764705882353,1,1,"Spain","Sovereign",7,0.0396103896103896,12734.36,NA
"230","365","365->230",0,0.000179231955657925,0,1,0,"bridge",0.000179231955657925,1,1,"Russia (USSR)","Sovereign",8,0.0141176470588235,1,1,"Spain","Sovereign",7,0.0396103896103896,245420.93608455,24253.066850448
"230","380","380->230",0,0.000155173311628756,0,1,0,"bridge",0.000155173311628756,1,1,"Sweden","Sovereign",1,0.0156521739130435,1,1,"Spain","Sovereign",7,0.0396103896103896,212477.620162512,36448.6905582357
"230","385","385->230",1.95053416757658,0.000508993921483571,0,1,0,"bridge",0.000508993921483571,1,1,"Norway","Sovereign (limited)",1,0.0128571428571429,1,1,"Spain","Sovereign",7,0.0396103896103896,696961.455412878,47238.3528600965
"230","390","390->230",0,9.05834944857089e-06,0,1,0,"bridge",9.05834944857089e-06,1,1,"Denmark","Sovereign",1,0.02,1,1,"Spain","Sovereign",7,0.0396103896103896,12403.5281146637,115562.991040662
"230","451","451->230",0,7.30304262209226e-10,0,1,0,"bridge",7.30304262209226e-10,1,1,"Sierra Leone","Colony of",11,0,1,1,"Spain","Sovereign",7,0.0396103896103896,1,NA
"230","452","452->230",0,7.31034566471436e-07,0,1,0,"bridge",7.31034566471436e-07,1,1,"Ghana (Gold Coast)","Colony of",11,0,1,1,"Spain","Sovereign",7,0.0396103896103896,1001,NA
"230","615","615->230",0,6.82469840895622e-05,0,1,0,"bridge",6.82469840895622e-05,1,1,"Algeria (Regency of Algiers)","Colony of",5,0.0288636363636364,1,1,"Spain","Sovereign",7,0.0396103896103896,93450.0695410292,117760.062026189
"230","640","640->230",0,1.87230095441476e-05,0,1,0,"bridge",1.87230095441476e-05,1,1,"Turkey (Ottoman Empire)","Sovereign",8,0.0167441860465116,1,1,"Spain","Sovereign",7,0.0396103896103896,25637.2727272727,NA
"230","651","651->230",0,0.00011690826131567,0,1,0,"bridge",0.00011690826131567,1,1,"Egypt Arab Republic (Egypt)","Occupied by",8,0.0189473684210526,1,1,"Spain","Sovereign",7,0.0396103896103896,160081.581561654,4345.86492074431
"230","681","681->230",0,1.39371042406341e-09,0,1,0,"bridge",1.39371042406341e-09,1,1,"Aden","Dependency of",12,0,1,1,"Spain","Sovereign",7,0.0396103896103896,1.90839694656489,NA
"230","70","70->230",0,4.83461421582508e-05,0,1,0,"bridge",4.83461421582508e-05,1,1,"Mexico","Sovereign",2,0.0381818181818182,1,1,"Spain","Sovereign",7,0.0396103896103896,66200,255866.884906961
"230","740","740->230",0,3.33310325384073e-07,0.15,0.85,0.51,"bridge",3.33310325384073e-07,1,1,"Japan","Sovereign",3,0.085,1,1,"Spain","Sovereign",7,0.0396103896103896,456.399260735222,NA
"230","750","750->230",0,0.000221326929554008,0,1,0,"bridge",0.000221326929554008,1,1,"India","Colony of",9,0.00228915662650603,1,1,"Spain","Sovereign",7,0.0396103896103896,303061.259541985,NA
"230","840","840->230",2.04286906537632,0.000292071651078753,1,0,0,"7",0.000292071651078753,1,1,"Philippines","Colony of",7,0.174444444444444,1,1,"Spain","Sovereign",7,0.0396103896103896,399931.461710512,652649.483115093
"231","2","2->231",0,6.0374244970797e-05,0,1,0,"bridge",6.0374244970797e-05,1,1,"United States of America","Sovereign",2,0.00694214876033058,1,NA,"Gibraltar","Colony of",8,0,82669.9885170604,NA
"231","20","20->231",0,6.44863928340052e-07,0,1,0,"bridge",6.44863928340052e-07,1,1,"Canada (Province of Canada)","Colony of",2,0,1,NA,"Gibraltar","Colony of",8,0,883.007209062822,NA
"231","200","200->231",1.20233088389591,0.000415131233593164,0,1,0,"bridge",0.000415131233593164,1,1,"United Kingdom","Sovereign",0,0,1,NA,"Gibraltar","Colony of",8,0,568436,NA
"231","210","210->231",0,1.23327850457549e-05,0,1,0,"bridge",1.23327850457549e-05,1,1,"Netherlands","Sovereign",3,0.0322784810126582,1,NA,"Gibraltar","Colony of",8,0,16887.1875517298,NA
"231","211","211->231",0,2.76084373863526e-08,0,1,0,"bridge",2.76084373863526e-08,1,1,"Belgium","Sovereign",4,0.0291428571428571,1,NA,"Gibraltar","Colony of",8,0,37.8040206185227,NA
"231","220","220->231",0,3.53920051551835e-05,0,1,0,"bridge",3.53920051551835e-05,1,1,"France","Sovereign",5,0.0336885245901639,1,NA,"Gibraltar","Colony of",8,0,48462,NA
"231","230","230->231",1.74112033125958,8.3107442258558e-05,0,1,0,"bridge",8.3107442258558e-05,1,1,"Spain","Sovereign",7,0.0396103896103896,1,NA,"Gibraltar","Colony of",8,0,113798.380427292,NA
"231","300","300->231",0,1.5752662935853e-05,1,0,0,"8",1.5752662935853e-05,1,1,"Austria-Hungary (Austrian Empire)","Sovereign",8,0.0101408450704225,1,NA,"Gibraltar","Colony of",8,0,21570,NA
"231","325","325->231",0,1.736219343417e-06,1,0,0,"8",1.736219343417e-06,1,1,"Italy","Sovereign",8,0.00947368421052632,1,NA,"Gibraltar","Colony of",8,0,2377.39177115687,NA
"231","338","338->231",2.41106286081782,3.03806573079038e-07,1,0,0,"8",3.03806573079038e-07,1,1,"Malta","Colony of",8,0.0128571428571429,1,NA,"Gibraltar","Colony of",8,0,416,NA
"231","352","352->231",2.67888830613142,2.39320706725963e-06,1,0,0,"8",2.39320706725963e-06,1,1,"Cyprus","Protectorate of",8,0.0189473684210526,1,NA,"Gibraltar","Colony of",8,0,3277,NA
"231","615","615->231",0.564177547262563,8.95864238452058e-06,0,1,0,"bridge",8.95864238452058e-06,1,1,"Algeria (Regency of Algiers)","Colony of",5,0.0288636363636364,1,NA,"Gibraltar","Colony of",8,0,12267,NA
"231","651","651->231",2.15678156475737,6.40469534914869e-05,1,0,0,"8",6.40469534914869e-05,1,1,"Egypt Arab Republic (Egypt)","Occupied by",8,0.0189473684210526,1,NA,"Gibraltar","Colony of",8,0,87699,NA
"231","750","750->231",0.655822532656397,6.94496589424048e-05,0,1,0,"bridge",6.94496589424048e-05,1,1,"India","Colony of",9,0.00228915662650603,1,NA,"Gibraltar","Colony of",8,0,95096.8829516539,NA
"232","230","230->232",3.96692367501876,2.22089502294732e-05,1,0,0,"7",2.22089502294732e-05,1,1,"Spain","Sovereign",7,0.0396103896103896,1,NA,"Andorra","Sovereign (unrecognized)",7,0,30410.544452102,NA
"235","155","155->235",0,2.78382196476926e-07,0,1,0,"bridge",2.78382196476926e-07,1,1,"Chile","Sovereign",10,0.0221052631578947,1,1,"Portugal","Sovereign",6,0,381.186596987396,NA
"235","160","160->235",0,1.66687466337369e-05,0,1,0,"bridge",1.66687466337369e-05,1,1,"Argentina (La Plata)","Sovereign",10,0,1,1,"Portugal","Sovereign",6,0,22824.3863500299,3302.60000000012
"235","165","165->235",0.463758778527792,2.26034527615942e-05,0,1,0,"bridge",2.26034527615942e-05,1,1,"Uruguay","Sovereign",10,0,1,1,"Portugal","Sovereign",6,0,30950.733730099,3690.15000000013
"235","2","2->235",0.232648762399639,0.000611200484314844,0,1,0,"bridge",0.000611200484314844,1,1,"United States of America","Sovereign",2,0.00694214876033058,1,1,"Portugal","Sovereign",6,0,836912.114501312,151717.400000005
"235","20","20->235",0,1.53988151024425e-05,0,1,0,"bridge",1.53988151024425e-05,1,1,"Canada (Province of Canada)","Colony of",2,0,1,1,"Portugal","Sovereign",6,0,21085.4788877446,NA
"235","200","200->235",0.583425103648671,0.00101891393389595,0,1,0,"bridge",0.00101891393389595,1,1,"United Kingdom","Sovereign",0,0,1,1,"Portugal","Sovereign",6,0,1395191,1469151.50000005
"235","210","210->235",0,5.21687609071888e-05,0,1,0,"bridge",5.21687609071888e-05,1,1,"Netherlands","Sovereign",3,0.0322784810126582,1,1,"Portugal","Sovereign",6,0,71434.2824035756,55588.150000002
"235","211","211->235",0.377481522539451,0.000198720485603358,0,1,0,"bridge",0.000198720485603358,1,1,"Belgium","Sovereign",4,0.0291428571428571,1,1,"Portugal","Sovereign",6,0,272106.429999755,74190.5500000026
"235","220","220->235",0.139194498844276,0.000400484753367269,0,1,0,"bridge",0.000400484753367269,1,1,"France","Sovereign",5,0.0336885245901639,1,1,"Portugal","Sovereign",6,0,548380.687462746,171094.900000006
"235","225","225->235",0,2.57641727962222e-05,0,1,0,"bridge",2.57641727962222e-05,1,1,"Switzerland","Sovereign",8,0.015,1,1,"Portugal","Sovereign",6,0,35278.6833234186,67.4000000000024
"235","230","230->235",2.29055173584208,0.000656136806106321,0,1,0,"bridge",0.000656136806106321,1,1,"Spain","Sovereign",7,0.0396103896103896,1,1,"Portugal","Sovereign",6,0,898443.073742247,237365.950000008
"235","255","255->235",0,0.000265578215655715,0,1,0,"bridge",0.000265578215655715,1,1,"Germany (Zollverein)","Sovereign",1,0.0922314049586777,1,1,"Portugal","Sovereign",6,0,363654.204690413,374204.800000013
"235","300","300->235",0,8.44657409965665e-06,0,1,0,"bridge",8.44657409965665e-06,1,1,"Austria-Hungary (Austrian Empire)","Sovereign",8,0.0101408450704225,1,1,"Portugal","Sovereign",6,0,11565.8288424952,2173.65000000008
"235","325","325->235",0,7.77938280002006e-05,0,1,0,"bridge",7.77938280002006e-05,1,1,"Italy","Sovereign",8,0.00947368421052632,1,1,"Portugal","Sovereign",6,0,106522.489359255,17743.0500000006
"235","365","365->235",0,3.47668198667123e-05,0,1,0,"bridge",3.47668198667123e-05,1,1,"Russia (USSR)","Sovereign",8,0.0141176470588235,1,1,"Portugal","Sovereign",6,0,47605.9386009059,68478.4000000024
"235","380","380->235",0,3.94672073393335e-05,0,1,0,"bridge",3.94672073393335e-05,1,1,"Sweden","Sovereign",1,0.0156521739130435,1,1,"Portugal","Sovereign",6,0,54042.1429555158,17418
"235","385","385->235",0.675687701446121,3.46366935330055e-05,0,1,0,"bridge",3.46366935330055e-05,1,1,"Norway","Sovereign (limited)",1,0.0128571428571429,1,1,"Portugal","Sovereign",6,0,47427.7576146507,11766
"235","390","390->235",0,1.37284318309452e-05,0,1,0,"bridge",1.37284318309452e-05,1,1,"Denmark","Sovereign",1,0.02,1,1,"Portugal","Sovereign",6,0,18798.2359426681,47230.5500000017
"235","452","452->235",0.433791936787182,2.49033753413346e-06,0,1,0,"bridge",2.49033753413346e-06,1,1,"Ghana (Gold Coast)","Colony of",11,0,1,1,"Portugal","Sovereign",6,0,3410,NA
"235","561","561->235",0,3.65152131104613e-08,0,1,0,"bridge",3.65152131104613e-08,1,1,"Cape Colony (Cape of Good Hope)","Colony of",0,0,1,1,"Portugal","Sovereign",6,0,50,NA
"235","615","615->235",0,3.72537882534466e-06,0,1,0,"bridge",3.72537882534466e-06,1,1,"Algeria (Regency of Algiers)","Colony of",5,0.0288636363636364,1,1,"Portugal","Sovereign",6,0,5101.1325253328,NA
"235","750","750->235",0,8.78037567159948e-06,0,1,0,"bridge",8.78037567159948e-06,1,1,"India","Colony of",9,0.00228915662650603,1,1,"Portugal","Sovereign",6,0,12022.9007633588,NA
"255","110","110->255",0,2.19091278662768e-09,0,1,0,"bridge",2.19091278662768e-09,1,1,"Guyana (British Guiana)","Colony of",2,0,1,1,"Germany (Zollverein)","Sovereign",1,0.0922314049586777,3,NA
"255","135","135->255",0,0.000142216902925731,0,1,0,"bridge",0.000142216902925731,1,1,"Peru","Sovereign",10,0.024,1,1,"Germany (Zollverein)","Sovereign",1,0.0922314049586777,194736.509541261,291286.429202237
"255","155","155->255",0,0.000395827716389543,0,1,0,"bridge",0.000395827716389543,1,1,"Chile","Sovereign",10,0.0221052631578947,1,1,"Germany (Zollverein)","Sovereign",1,0.0922314049586777,542003.842606824,2217937.39574134
"255","160","160->255",0.156273766033077,0.0024244036366373,0,1,0,"bridge",0.0024244036366373,1,1,"Argentina (La Plata)","Sovereign",10,0,1,1,"Germany (Zollverein)","Sovereign",1,0.0922314049586777,3319717.22211136,1728485.91894809
"255","165","165->255",0,0.000314863551895606,0,1,0,"bridge",0.000314863551895606,1,1,"Uruguay","Sovereign",10,0,1,1,"Germany (Zollverein)","Sovereign",1,0.0922314049586777,431140.235910878,292218.624276322
"255","2","2->255",0,0.0156011385785099,0,1,0,"bridge",0.0156011385785099,1,1,"United States of America","Sovereign",2,0.00694214876033058,1,1,"Germany (Zollverein)","Sovereign",1,0.0922314049586777,21362518.8648294,17008242.5669709
"255","20","20->255",0,0.000123995735797008,0,1,0,"bridge",0.000123995735797008,1,1,"Canada (Province of Canada)","Colony of",2,0,1,1,"Germany (Zollverein)","Sovereign",1,0.0922314049586777,169786.40576725,543760
"255","200","200->255",0,0.0128412407277809,0,1,0,"bridge",0.0128412407277809,1,1,"United Kingdom","Sovereign",0,0,1,1,"Germany (Zollverein)","Sovereign",1,0.0922314049586777,17583412,NA
"255","210","210->255",1.2020080209255,0.0304797957790477,0,1,0,"bridge",0.0304797957790477,1,1,"Netherlands","Sovereign",3,0.0322784810126582,1,1,"Germany (Zollverein)","Sovereign",1,0.0922314049586777,41735749.5447774,11471200.0785006
"255","211","211->255",0.409561404144249,0.0078758506209871,0,1,0,"bridge",0.0078758506209871,1,1,"Belgium","Sovereign",4,0.0291428571428571,1,1,"Germany (Zollverein)","Sovereign",1,0.0922314049586777,10784341.5799903,6904523.59925424
"255","220","220->255",0,0.0103139334309223,0,1,0,"bridge",0.0103139334309223,1,1,"France","Sovereign",5,0.0336885245901639,1,1,"Germany (Zollverein)","Sovereign",1,0.0922314049586777,14122789.5887145,9837323.67072168
"255","225","225->255",0.633327628569237,0.00469777607947347,0.9,0.1,0.36,"8",0.00469777607947347,1,1,"Switzerland","Sovereign",8,0.015,1,1,"Germany (Zollverein)","Sovereign",1,0.0922314049586777,6432628.59409082,8525022.07830439
"255","230","230->255",0,0.000287176749797153,0,1,0,"bridge",0.000287176749797153,1,1,"Spain","Sovereign",7,0.0396103896103896,1,1,"Germany (Zollverein)","Sovereign",1,0.0922314049586777,393228.911095796,1989893.04288097
"255","235","235->255",0,0.000273283360379161,0,1,0,"bridge",0.000273283360379161,1,1,"Portugal","Sovereign",6,0,1,1,"Germany (Zollverein)","Sovereign",1,0.0922314049586777,374204.800000013,363654.204690413
"255","300","300->255",1.39758307616499,0.021778818038319,0.9,0.1,0.36,"8",0.021778818038319,1,1,"Austria-Hungary (Austrian Empire)","Sovereign",8,0.0101408450704225,1,1,"Germany (Zollverein)","Sovereign",1,0.0922314049586777,29821567.7564806,18475174.1732902
"255","31","31->255",0,7.73392213679571e-07,0,1,0,"bridge",7.73392213679571e-07,1,1,"Bahamas","Colony of",2,0,1,1,"Germany (Zollverein)","Sovereign",1,0.0922314049586777,1059,NA
"255","325","325->255",0.140954571504763,0.00407434672824377,0.9,0.1,0.36,"8",0.00407434672824377,1,1,"Italy","Sovereign",8,0.00947368421052632,1,1,"Germany (Zollverein)","Sovereign",1,0.0922314049586777,5578971.58633383,4476057.30546561
"255","338","338->255",0,7.30304262209226e-09,0.9,0.1,0.36,"8",7.30304262209226e-09,1,1,"Malta","Colony of",8,0.0128571428571429,1,1,"Germany (Zollverein)","Sovereign",1,0.0922314049586777,10,NA
"255","342","342->255",0,3.43527695660839e-05,0.9,0.1,0.36,"8",3.43527695660839e-05,1,1,"Kingdom of Serbia","Sovereign",8,0.0378947368421053,1,1,"Germany (Zollverein)","Sovereign",1,0.0922314049586777,47038.982714087,196987.538023746
"255","350","350->255",0,7.007265655724e-05,0.9,0.1,0.36,"8",7.007265655724e-05,1,1,"Greece","Sovereign",8,0.0225,1,1,"Germany (Zollverein)","Sovereign",1,0.0922314049586777,95949.948786092,184231.184378373
"255","352","352->255",0,2.9212170488369e-09,0.9,0.1,0.36,"8",2.9212170488369e-09,1,1,"Cyprus","Protectorate of",8,0.0189473684210526,1,1,"Germany (Zollverein)","Sovereign",1,0.0922314049586777,4,NA
"255","355","355->255",0.323285548772822,0.000377737799788694,0.9,0.1,0.36,"8",0.000377737799788694,1,1,"Bulgaria","Vassal of",8,0.0342857142857143,1,1,"Germany (Zollverein)","Sovereign",1,0.0922314049586777,517233.459169481,273476.596997351
"255","360","360->255",0,0.000970896457867867,0.9,0.1,0.36,"8",0.000970896457867867,1,1,"Romania","Sovereign",8,0.0211764705882353,1,1,"Germany (Zollverein)","Sovereign",1,0.0922314049586777,1329441.04,1935138.84800314
"255","365","365->255",0.868915023870826,0.0101617351879154,0.9,0.1,0.36,"8",0.0101617351879154,1,1,"Russia (USSR)","Sovereign",8,0.0141176470588235,1,1,"Germany (Zollverein)","Sovereign",1,0.0922314049586777,13914385.7070961,11749828.2798548
"255","380","380->255",0.139701544347291,0.00194829607525168,0.1,0.9,0.36,"bridge",0.00194829607525168,1,1,"Sweden","Sovereign",1,0.0156521739130435,1,1,"Germany (Zollverein)","Sovereign",1,0.0922314049586777,2667786.80622504,3313511.92228437
"255","385","385->255",0,0.000631705973348324,0.1,0.9,0.36,"bridge",0.000631705973348324,1,1,"Norway","Sovereign (limited)",1,0.0128571428571429,1,1,"Germany (Zollverein)","Sovereign",1,0.0922314049586777,864990.122661157,1853547.24757139
"255","390","390->255",0.688894237592931,0.00269862320838736,0.1,0.9,0.36,"bridge",0.00269862320838736,1,1,"Denmark","Sovereign",1,0.02,1,1,"Germany (Zollverein)","Sovereign",1,0.0922314049586777,3695203.969129,3711166.71572956
"255","451","451->255",0,1.97182150796491e-08,0,1,0,"bridge",1.97182150796491e-08,1,1,"Sierra Leone","Colony of",11,0,1,1,"Germany (Zollverein)","Sovereign",1,0.0922314049586777,27,NA
"255","452","452->255",0.125494968172552,7.02245972455148e-05,0,1,0,"bridge",7.02245972455148e-05,1,1,"Ghana (Gold Coast)","Colony of",11,0,1,1,"Germany (Zollverein)","Sovereign",1,0.0922314049586777,96158,NA
"255","4781","4781->255",1.32980889454883,0.000155892938723968,0,1,0,"bridge",0.000155892938723968,1,1,"Lagos","Colony of",11,0.0225,1,1,"Germany (Zollverein)","Sovereign",1,0.0922314049586777,213463,NA
"255","51","51->255",0,3.51101077099708e-05,0,1,0,"bridge",3.51101077099708e-05,1,1,"Jamaica","Colony of",2,0,1,1,"Germany (Zollverein)","Sovereign",1,0.0922314049586777,48076,NA
"255","511","511->255",0,3.14133075346677e-05,0,1,0,"bridge",3.14133075346677e-05,1,1,"Zanzibar","Protectorate of",12,0,1,1,"Germany (Zollverein)","Sovereign",1,0.0922314049586777,43014,NA
"255","52","52->255",0,2.097798993196e-05,0,1,0,"bridge",2.097798993196e-05,NA,NA,"Trinidad and Tobago","Colony of",2,0,1,1,"Germany (Zollverein)","Sovereign",1,0.0922314049586777,28725,NA
"255","561","561->255",0,4.37357313509239e-05,0,1,0,"bridge",4.37357313509239e-05,1,1,"Cape Colony (Cape of Good Hope)","Colony of",0,0,1,1,"Germany (Zollverein)","Sovereign",1,0.0922314049586777,59887,358993.229319988
"255","562","562->255",0,2.61105682867665e-05,0,1,0,"bridge",2.61105682867665e-05,1,1,"Natal","Colony of",0,0,1,1,"Germany (Zollverein)","Sovereign",1,0.0922314049586777,35753,NA
"255","615","615->255",0,1.16224157903298e-05,0,1,0,"bridge",1.16224157903298e-05,1,1,"Algeria (Regency of Algiers)","Colony of",5,0.0288636363636364,1,1,"Germany (Zollverein)","Sovereign",1,0.0922314049586777,15914.4844029406,111969.537715531
"255","640","640->255",0,0.000210309037953219,0.9,0.1,0.36,"8",0.000210309037953219,1,1,"Turkey (Ottoman Empire)","Sovereign",8,0.0167441860465116,1,1,"Germany (Zollverein)","Sovereign",1,0.0922314049586777,287974.545454545,1936666
"255","651","651->255",0,0.000232605076566848,0.9,0.1,0.36,"8",0.000232605076566848,1,1,"Egypt Arab Republic (Egypt)","Occupied by",8,0.0189473684210526,1,1,"Germany (Zollverein)","Sovereign",1,0.0922314049586777,318504.339360145,390884.113433422
"255","681","681->255",0,1.10102658930868e-05,0,1,0,"bridge",1.10102658930868e-05,1,1,"Aden","Dependency of",12,0,1,1,"Germany (Zollverein)","Sovereign",1,0.0922314049586777,15076.272264631,NA
"255","70","70->255",0,0.000317244171503688,0,1,0,"bridge",0.000317244171503688,1,1,"Mexico","Sovereign",2,0.0381818181818182,1,1,"Germany (Zollverein)","Sovereign",1,0.0922314049586777,434400,590570.110882151
"255","740","740->255",0,9.92026369409666e-05,0,1,0,"bridge",9.92026369409666e-05,1,1,"Japan","Sovereign",3,0.085,1,1,"Germany (Zollverein)","Sovereign",1,0.0922314049586777,135837.406508995,839368.069865568
"255","750","750->255",0,0.00302768941731219,0,1,0,"bridge",0.00302768941731219,1,1,"India","Colony of",9,0.00228915662650603,1,1,"Germany (Zollverein)","Sovereign",1,0.0922314049586777,4145791.79389313,NA
"255","780","780->255",0,9.99472504131681e-05,0,1,0,"bridge",9.99472504131681e-05,1,1,"Sri Lanka (Ceylon)","Colony of",9,0,1,1,"Germany (Zollverein)","Sovereign",1,0.0922314049586777,136857,NA
"255","80","80->255",0,2.85609825212325e-06,0,1,0,"bridge",2.85609825212325e-06,1,1,"Belize (British Honduras)","Colony of",2,0.056,1,1,"Germany (Zollverein)","Sovereign",1,0.0922314049586777,3910.83333333333,NA
"255","827","827->255",0,0.000420767721888895,0,1,0,"bridge",0.000420767721888895,1,1,"Straits Settlements","Colony of",3,0.109285714285714,1,1,"Germany (Zollverein)","Sovereign",1,0.0922314049586777,576154,NA
"255","901","901->255",0,0.000743052453410351,0,1,0,"bridge",0.000743052453410351,1,1,"New South Wales","Colony of",13,0,1,1,"Germany (Zollverein)","Sovereign",1,0.0922314049586777,1017456,401014
"255","902","902->255",0,3.24182061994676e-06,0,1,0,"bridge",3.24182061994676e-06,1,1,"Western Australia","Colony of",13,0,1,1,"Germany (Zollverein)","Sovereign",1,0.0922314049586777,4439,19526
"255","903","903->255",0,4.91465556296321e-05,0,1,0,"bridge",4.91465556296321e-05,1,1,"South Australia","Colony of",13,0,1,1,"Germany (Zollverein)","Sovereign",1,0.0922314049586777,67296,110483
"255","904","904->255",0,0.000495442793308312,0,1,0,"bridge",0.000495442793308312,1,1,"Victoria","Colony of",13,0,1,1,"Germany (Zollverein)","Sovereign",1,0.0922314049586777,678406,340542
"255","905","905->255",0,2.19091278662768e-06,0,1,0,"bridge",2.19091278662768e-06,1,1,"Queensland","Colony of",13,0,1,1,"Germany (Zollverein)","Sovereign",1,0.0922314049586777,3000,95831
"255","920","920->255",0,5.7621006288308e-06,0,1,0,"bridge",5.7621006288308e-06,1,1,"New Zealand","Colony of",13,0,1,1,"Germany (Zollverein)","Sovereign",1,0.0922314049586777,7890,30441
"30","110","110->30",0.917939908834535,8.59568116620259e-07,1,0,0,"2",8.59568116620259e-07,1,1,"Guyana (British Guiana)","Colony of",2,0,1,1,"Bermuda","Colony of",2,0,1177,250
"30","2","2->30",1.58637395831772,0.00013599146495513,1,0,0,"2",0.00013599146495513,1,1,"United States of America","Sovereign",2,0.00694214876033058,1,1,"Bermuda","Colony of",2,0,186212.065288714,108063
"30","200","200->30",0.668157526648115,6.37307317459503e-05,0,1,0,"bridge",6.37307317459503e-05,1,1,"United Kingdom","Sovereign",0,0,1,1,"Bermuda","Colony of",2,0,87266,2473
"30","338","338->30",0.0227171408401228,7.30304262209226e-09,0,1,0,"bridge",7.30304262209226e-09,1,1,"Malta","Colony of",8,0.0128571428571429,1,1,"Bermuda","Colony of",2,0,10,NA
"30","53","53->30",2.20142241593091,9.90292579555711e-07,1,0,0,"2",9.90292579555711e-07,1,1,"Barbados","Colony of",2,0,1,1,"Bermuda","Colony of",2,0,1356,25
"300","160","160->300",0,4.41447138341997e-07,0,1,0,"bridge",4.41447138341997e-07,1,1,"Argentina (La Plata)","Sovereign",10,0,1,1,"Austria-Hungary (Austrian Empire)","Sovereign",8,0.0101408450704225,604.470165635602,19779.2435277454
"300","165","165->300",0,6.59334058785031e-07,0,1,0,"bridge",6.59334058785031e-07,1,1,"Uruguay","Sovereign",10,0,1,1,"Austria-Hungary (Austrian Empire)","Sovereign",8,0.0101408450704225,902.821047203661,NA
"300","2","2->300",0,0.000222414696168347,0,1,0,"bridge",0.000222414696168347,1,1,"United States of America","Sovereign",2,0.00694214876033058,1,1,"Austria-Hungary (Austrian Empire)","Sovereign",8,0.0101408450704225,304550.729986877,1162114.36760897
"300","20","20->300",0,5.88605680334645e-07,0,1,0,"bridge",5.88605680334645e-07,1,1,"Canada (Province of Canada)","Colony of",2,0,1,1,"Austria-Hungary (Austrian Empire)","Sovereign",8,0.0101408450704225,805.973223480947,5196.24194372973
"300","200","200->300",0,0.000834473401562226,0,1,0,"bridge",0.000834473401562226,1,1,"United Kingdom","Sovereign",0,0,1,1,"Austria-Hungary (Austrian Empire)","Sovereign",8,0.0101408450704225,1142638,3874133.61046624
"300","210","210->300",0,1.62499045134098e-05,0,1,0,"bridge",1.62499045134098e-05,1,1,"Netherlands","Sovereign",3,0.0322784810126582,1,1,"Austria-Hungary (Austrian Empire)","Sovereign",8,0.0101408450704225,22250.8690614137,908420.42625946
"300","211","211->300",0,0.00017597172692684,0,1,0,"bridge",0.00017597172692684,1,1,"Belgium","Sovereign",4,0.0291428571428571,1,1,"Austria-Hungary (Austrian Empire)","Sovereign",8,0.0101408450704225,240956.729999783,439669.11672268
"300","220","220->300",0,0.000473036339122209,0,1,0,"bridge",0.000473036339122209,1,1,"France","Sovereign",5,0.0336885245901639,1,1,"Austria-Hungary (Austrian Empire)","Sovereign",8,0.0101408450704225,647725.014901649,2110512.33269358
"300","225","225->300",0.801481400389104,0.00108155810801254,1,0,0,"8",0.00108155810801254,1,1,"Switzerland","Sovereign",8,0.015,1,1,"Austria-Hungary (Austrian Empire)","Sovereign",8,0.0101408450704225,1480969.18500892,2620079.28459482
"300","230","230->300",0,1.48859261606479e-06,0,1,0,"bridge",1.48859261606479e-06,1,1,"Spain","Sovereign",7,0.0396103896103896,1,1,"Austria-Hungary (Austrian Empire)","Sovereign",8,0.0101408450704225,2038.31840110269,159993.965654517
"300","235","235->300",0,1.58742585955114e-06,0,1,0,"bridge",1.58742585955114e-06,1,1,"Portugal","Sovereign",6,0,1,1,"Austria-Hungary (Austrian Empire)","Sovereign",8,0.0101408450704225,2173.65000000008,11565.8288424952
"300","255","255->300",1.77953619233512,0.0134924984438116,0.9,0.1,0.36,"1",0.0134924984438116,1,1,"Germany (Zollverein)","Sovereign",1,0.0922314049586777,1,1,"Austria-Hungary (Austrian Empire)","Sovereign",8,0.0101408450704225,18475174.1732902,29821567.7564806
"300","325","325->300",1.45886076458406,0.00296173816802923,1,0,0,"8",0.00296173816802923,1,1,"Italy","Sovereign",8,0.00947368421052632,1,1,"Austria-Hungary (Austrian Empire)","Sovereign",8,0.0101408450704225,4055485.25633652,4469438.55443902
"300","338","338->300",0,5.69637324523197e-08,1,0,0,"8",5.69637324523197e-08,1,1,"Malta","Colony of",8,0.0128571428571429,1,1,"Austria-Hungary (Austrian Empire)","Sovereign",8,0.0101408450704225,78,29721
"300","342","342->300",3.53281798135595,0.00118256618026637,1,0,0,"8",0.00118256618026637,1,1,"Kingdom of Serbia","Sovereign",8,0.0378947368421053,1,1,"Austria-Hungary (Austrian Empire)","Sovereign",8,0.0101408450704225,1619278.76018279,1069168.68509936
"300","350","350->300",1.1624649966459,0.000155025138626923,1,0,0,"8",0.000155025138626923,1,1,"Greece","Sovereign",8,0.0225,1,1,"Austria-Hungary (Austrian Empire)","Sovereign",8,0.0101408450704225,212274.728012624,299035.342826253
"300","352","352->300",0.595660382726578,1.01446565063484e-05,1,0,0,"8",1.01446565063484e-05,1,1,"Cyprus","Protectorate of",8,0.0189473684210526,1,1,"Austria-Hungary (Austrian Empire)","Sovereign",8,0.0101408450704225,13891,NA
"300","355","355->300",0.549541024251252,9.21682286145322e-05,1,0,0,"8",9.21682286145322e-05,1,1,"Bulgaria","Vassal of",8,0.0342857142857143,1,1,"Austria-Hungary (Austrian Empire)","Sovereign",8,0.0101408450704225,126205.245380489,635366.293151856
"300","360","360->300",1.44203343335268,0.00092211391509469,1,0,0,"8",0.00092211391509469,1,1,"Romania","Sovereign",8,0.0211764705882353,1,1,"Austria-Hungary (Austrian Empire)","Sovereign",8,0.0101408450704225,1262643.48,2287268.36913432
"300","365","365->300",0.757861780494496,0.0017695683919416,1,0,0,"8",0.0017695683919416,1,1,"Russia (USSR)","Sovereign",8,0.0141176470588235,1,1,"Austria-Hungary (Austrian Empire)","Sovereign",8,0.0101408450704225,2423056.36638148,1388318.51286908
"300","385","385->300",0,7.51273627020671e-06,0,1,0,"bridge",7.51273627020671e-06,1,1,"Norway","Sovereign (limited)",1,0.0128571428571429,1,1,"Austria-Hungary (Austrian Empire)","Sovereign",8,0.0101408450704225,10287.1318968893,44922.3497070828
"300","51","51->300",0.183738912524928,3.8374567762046e-05,0,1,0,"bridge",3.8374567762046e-05,1,1,"Jamaica","Colony of",2,0,1,1,"Austria-Hungary (Austrian Empire)","Sovereign",8,0.0101408450704225,52546,NA
"300","561","561->300",0,2.2639432128486e-08,0,1,0,"bridge",2.2639432128486e-08,1,1,"Cape Colony (Cape of Good Hope)","Colony of",0,0,1,1,"Austria-Hungary (Austrian Empire)","Sovereign",8,0.0101408450704225,31,167.620707862249
"300","615","615->300",0,8.12714157436548e-06,0,1,0,"bridge",8.12714157436548e-06,1,1,"Algeria (Regency of Algiers)","Colony of",5,0.0288636363636364,1,1,"Austria-Hungary (Austrian Empire)","Sovereign",8,0.0101408450704225,11128.432346513,30255.537769136
"300","640","640->300",1.30982341780912,0.00100370295754877,1,0,0,"8",0.00100370295754877,1,1,"Turkey (Ottoman Empire)","Sovereign",8,0.0167441860465116,1,1,"Austria-Hungary (Austrian Empire)","Sovereign",8,0.0101408450704225,1374362.72727273,1853801.21860255
"300","651","651->300",0.505276926221932,0.000418071523292969,1,0,0,"8",0.000418071523292969,1,1,"Egypt Arab Republic (Egypt)","Occupied by",8,0.0189473684210526,1,1,"Austria-Hungary (Austrian Empire)","Sovereign",8,0.0101408450704225,572462.116034036,572173.286287788
"300","681","681->300",0.365625925255908,4.93725634285593e-05,0,1,0,"bridge",4.93725634285593e-05,1,1,"Aden","Dependency of",12,0,1,1,"Austria-Hungary (Austrian Empire)","Sovereign",8,0.0101408450704225,67605.4707379135,NA
"300","740","740->300",0,3.60556965327583e-05,0,1,0,"bridge",3.60556965327583e-05,1,1,"Japan","Sovereign",3,0.085,1,1,"Austria-Hungary (Austrian Empire)","Sovereign",8,0.0101408450704225,49370.7874902538,12822.9841514621
"300","750","750->300",0,0.0012110630469944,0,1,0,"bridge",0.0012110630469944,1,1,"India","Colony of",9,0.00228915662650603,1,1,"Austria-Hungary (Austrian Empire)","Sovereign",8,0.0101408450704225,1658299.30025445,439082.444245162
"300","780","780->300",0,3.23941061588147e-05,0,1,0,"bridge",3.23941061588147e-05,1,1,"Sri Lanka (Ceylon)","Colony of",9,0,1,1,"Austria-Hungary (Austrian Empire)","Sovereign",8,0.0101408450704225,44357,NA
"325","135","135->325",0,6.41704225343201e-06,0,1,0,"bridge",6.41704225343201e-06,1,1,"Peru","Sovereign",10,0.024,1,1,"Italy","Sovereign",8,0.00947368421052632,8786.80652091495,48928.256451551
"325","155","155->325",0,2.90785919344144e-07,0,1,0,"bridge",2.90785919344144e-07,1,1,"Chile","Sovereign",10,0.0221052631578947,1,1,"Italy","Sovereign",8,0.00947368421052632,398.170919151552,11273.4383987116
"325","160","160->325",0.487754370987856,0.00063295941146597,0,1,0,"bridge",0.00063295941146597,1,1,"Argentina (La Plata)","Sovereign",10,0,1,1,"Italy","Sovereign",8,0.00947368421052632,866706.445819198,992215.95920089
"325","165","165->325",0,5.77356648263318e-05,0,1,0,"bridge",5.77356648263318e-05,1,1,"Uruguay","Sovereign",10,0,1,1,"Italy","Sovereign",8,0.00947368421052632,79057.0010527899,195252.8854634
"325","2","2->325",0,0.00213004616132262,0,1,0,"bridge",0.00213004616132262,1,1,"United States of America","Sovereign",2,0.00694214876033058,1,1,"Italy","Sovereign",8,0.00947368421052632,2916655.79888451,3789436.15190266
"325","20","20->325",0,2.24551638027999e-05,0,1,0,"bridge",2.24551638027999e-05,1,1,"Canada (Province of Canada)","Colony of",2,0,1,1,"Italy","Sovereign",8,0.00947368421052632,30747.6828012358,50703.424001324
"325","200","200->325",0,0.00406376857310783,0,1,0,"bridge",0.00406376857310783,1,1,"United Kingdom","Sovereign",0,0,1,1,"Italy","Sovereign",8,0.00947368421052632,5564487,4341270.75424671
"325","210","210->325",0,0.000283100011285982,0,1,0,"bridge",0.000283100011285982,1,1,"Netherlands","Sovereign",3,0.0322784810126582,1,1,"Italy","Sovereign",8,0.00947368421052632,387646.664459527,250124.621342843
"325","211","211->325",0,0.000647677316648417,0,1,0,"bridge",0.000647677316648417,1,1,"Belgium","Sovereign",4,0.0291428571428571,1,1,"Italy","Sovereign",8,0.00947368421052632,886859.559999203,934851.796464588
"325","220","220->325",0.428700791076623,0.00384813610844202,0,1,0,"bridge",0.00384813610844202,1,1,"France","Sovereign",5,0.0336885245901639,1,1,"Italy","Sovereign",8,0.00947368421052632,5269223.12735943,5639786.80164117
"325","225","225->325",1.04105616588516,0.00132366261641665,1,0,0,"8",0.00132366261641665,1,1,"Switzerland","Sovereign",8,0.015,1,1,"Italy","Sovereign",8,0.00947368421052632,1812481.02320048,6640361.97706967
"325","230","230->325",0,0.000201972690067973,0,1,0,"bridge",0.000201972690067973,1,1,"Spain","Sovereign",7,0.0396103896103896,1,1,"Italy","Sovereign",8,0.00947368421052632,276559.648518263,420069.787951992
"325","235","235->325",0,1.29578250395919e-05,0,1,0,"bridge",1.29578250395919e-05,1,1,"Portugal","Sovereign",6,0,1,1,"Italy","Sovereign",8,0.00947368421052632,17743.0500000006,106522.489359255
"325","255","255->325",0.399425747180875,0.00326888372807428,0.9,0.1,0.36,"1",0.00326888372807428,1,1,"Germany (Zollverein)","Sovereign",1,0.0922314049586777,1,1,"Italy","Sovereign",8,0.00947368421052632,4476057.30546561,5578971.58633383
"325","300","300->325",1.17402914778469,0.00326405002598906,1,0,0,"8",0.00326405002598906,1,1,"Austria-Hungary (Austrian Empire)","Sovereign",8,0.0101408450704225,1,1,"Italy","Sovereign",8,0.00947368421052632,4469438.55443902,4055485.25633652
"325","338","338->325",1.60530760465214,4.44974386964082e-06,1,0,0,"8",4.44974386964082e-06,1,1,"Malta","Colony of",8,0.0128571428571429,1,1,"Italy","Sovereign",8,0.00947368421052632,6093,372636.987614556
"325","342","342->325",0,6.006690887823e-07,1,0,0,"8",6.006690887823e-07,1,1,"Kingdom of Serbia","Sovereign",8,0.0378947368421053,1,1,"Italy","Sovereign",8,0.00947368421052632,822.491555732168,149.872209446594
"325","350","350->325",0,1.83773931940367e-05,1,0,0,"8",1.83773931940367e-05,1,1,"Greece","Sovereign",8,0.0225,1,1,"Italy","Sovereign",8,0.00947368421052632,25164.0229216842,209018.750718969
"325","352","352->325",1.12016521100841,1.65085278472396e-05,1,0,0,"8",1.65085278472396e-05,1,1,"Cyprus","Protectorate of",8,0.0189473684210526,1,1,"Italy","Sovereign",8,0.00947368421052632,22605,NA
"325","355","355->325",0.416940271252201,7.7745437696599e-05,1,0,0,"8",7.7745437696599e-05,1,1,"Bulgaria","Vassal of",8,0.0342857142857143,1,1,"Italy","Sovereign",8,0.00947368421052632,106456.22888933,NA
"325","360","360->325",1.04251729293648,0.000595605045296275,1,0,0,"8",0.000595605045296275,1,1,"Romania","Sovereign",8,0.0211764705882353,1,1,"Italy","Sovereign",8,0.00947368421052632,815557.4,17907.1283408106
"325","365","365->325",0.591682208259844,0.0014433708445505,1,0,0,"8",0.0014433708445505,1,1,"Russia (USSR)","Sovereign",8,0.0141176470588235,1,1,"Italy","Sovereign",8,0.00947368421052632,1976396.57775541,392077.917098048
"325","380","380->325",0,4.52605588753824e-05,0,1,0,"bridge",4.52605588753824e-05,1,1,"Sweden","Sovereign",1,0.0156521739130435,1,1,"Italy","Sovereign",8,0.00947368421052632,61974.9345820135,71952
"325","385","385->325",0.103903720455068,0.000140652433869063,0,1,0,"bridge",0.000140652433869063,1,1,"Norway","Sovereign (limited)",1,0.0128571428571429,1,1,"Italy","Sovereign",8,0.00947368421052632,192594.294114591,48604
"325","390","390->325",0,0.000120616955324082,0,1,0,"bridge",0.000120616955324082,1,1,"Denmark","Sovereign",1,0.02,1,1,"Italy","Sovereign",8,0.00947368421052632,165159.8676957,41297.5957667089
"325","51","51->325",0,8.84033309404268e-06,0,1,0,"bridge",8.84033309404268e-06,1,1,"Jamaica","Colony of",2,0,1,1,"Italy","Sovereign",8,0.00947368421052632,12105,NA
"325","615","615->325",0,6.24347024309282e-05,0,1,0,"bridge",6.24347024309282e-05,1,1,"Algeria (Regency of Algiers)","Colony of",5,0.0288636363636364,1,1,"Italy","Sovereign",8,0.00947368421052632,85491.3570435128,30139.1924536984
"325","640","640->325",0.691345893892013,0.000520817148507475,1,0,0,"8",0.000520817148507475,1,1,"Turkey (Ottoman Empire)","Sovereign",8,0.0167441860465116,1,1,"Italy","Sovereign",8,0.00947368421052632,713150.909090909,902306.281424928
"325","651","651->325",0.62675114546544,0.00045466091053284,1,0,0,"8",0.00045466091053284,1,1,"Egypt Arab Republic (Egypt)","Occupied by",8,0.0189473684210526,1,1,"Italy","Sovereign",8,0.00947368421052632,622563.682098001,410790.291038767
"325","681","681->325",0,1.19115784243286e-05,0,1,0,"bridge",1.19115784243286e-05,1,1,"Aden","Dependency of",12,0,1,1,"Italy","Sovereign",8,0.00947368421052632,16310.4325699746,NA
"325","740","740->325",0,0.000132265291256936,0,1,0,"bridge",0.000132265291256936,1,1,"Japan","Sovereign",3,0.085,1,1,"Italy","Sovereign",8,0.00947368421052632,181109.844350111,843.590628475018
"325","750","750->325",0.358668429964666,0.00169157258989875,0,1,0,"bridge",0.00169157258989875,1,1,"India","Colony of",9,0.00228915662650603,1,1,"Italy","Sovereign",8,0.00947368421052632,2316257.31552163,NA
"325","80","80->325",0,4.21750711425828e-06,0,1,0,"bridge",4.21750711425828e-06,1,1,"Belize (British Honduras)","Colony of",2,0.056,1,1,"Italy","Sovereign",8,0.00947368421052632,5775,NA
"325","827","827->325",0,0.00010360388385405,0,1,0,"bridge",0.00010360388385405,1,1,"Straits Settlements","Colony of",3,0.109285714285714,1,1,"Italy","Sovereign",8,0.00947368421052632,141864,NA
"325","901","901->325",0,1.52618984716484e-05,0,1,0,"bridge",1.52618984716484e-05,1,1,"New South Wales","Colony of",13,0,1,1,"Italy","Sovereign",8,0.00947368421052632,20898,NA
"338","200","200->338",1.19391677901172,0.000564187794118591,0,1,0,"bridge",0.000564187794118591,1,1,"United Kingdom","Sovereign",0,0,1,1,"Malta","Colony of",8,0.0128571428571429,772538,1163
"338","210","210->338",0,1.27504039952338e-06,0,1,0,"bridge",1.27504039952338e-06,1,1,"Netherlands","Sovereign",3,0.0322784810126582,1,1,"Malta","Colony of",8,0.0128571428571429,1745.90299619268,33
"338","211","211->338",0,5.32842841556605e-06,0,1,0,"bridge",5.32842841556605e-06,1,1,"Belgium","Sovereign",4,0.0291428571428571,1,1,"Malta","Colony of",8,0.0128571428571429,7296.17597937488,45
"338","220","220->338",0,4.87675277175455e-05,0,1,0,"bridge",4.87675277175455e-05,1,1,"France","Sovereign",5,0.0336885245901639,1,1,"Malta","Colony of",8,0.0128571428571429,66777,7338
"338","300","300->338",0,2.17053729771204e-05,1,0,0,"8",2.17053729771204e-05,1,1,"Austria-Hungary (Austrian Empire)","Sovereign",8,0.0101408450704225,1,1,"Malta","Colony of",8,0.0128571428571429,29721,78
"338","325","325->338",2.28397398736983,0.000272138380311717,1,0,0,"8",0.000272138380311717,1,1,"Italy","Sovereign",8,0.00947368421052632,1,1,"Malta","Colony of",8,0.0128571428571429,372636.987614556,6093
"338","352","352->338",1.92864103850895,1.54897534014577e-06,1,0,0,"8",1.54897534014577e-06,1,1,"Cyprus","Protectorate of",8,0.0189473684210526,1,1,"Malta","Colony of",8,0.0128571428571429,2121,NA
"338","615","615->338",0.569549364691644,1.23443329441226e-05,0,1,0,"bridge",1.23443329441226e-05,1,1,"Algeria (Regency of Algiers)","Colony of",5,0.0288636363636364,1,1,"Malta","Colony of",8,0.0128571428571429,16903,68
"338","651","651->338",2.16214840165694,8.82514276538873e-05,1,0,0,"8",8.82514276538873e-05,1,1,"Egypt Arab Republic (Egypt)","Occupied by",8,0.0189473684210526,1,1,"Malta","Colony of",8,0.0128571428571429,120842,1909
"338","681","681->338",0,1.08941698147623e-07,0,1,0,"bridge",1.08941698147623e-07,1,1,"Aden","Dependency of",12,0,1,1,"Malta","Colony of",8,0.0128571428571429,149.173027989822,NA
"338","750","750->338",0,3.9183564631359e-05,0,1,0,"bridge",3.9183564631359e-05,1,1,"India","Colony of",9,0.00228915662650603,1,1,"Malta","Colony of",8,0.0128571428571429,53653.7531806616,479
"341","255","255->341",0.950717390072111,9.05942437270545e-06,0.9,0.1,0.36,"1",9.05942437270545e-06,1,1,"Germany (Zollverein)","Sovereign",1,0.0922314049586777,1,NA,"Montenegro","Sovereign",8,0.09,12405,NA
"341","300","300->341",2.72595433378319,2.4605237594652e-05,1,0,0,"8",2.4605237594652e-05,1,1,"Austria-Hungary (Austrian Empire)","Sovereign",8,0.0101408450704225,1,NA,"Montenegro","Sovereign",8,0.09,33691.7622803121,NA
"341","325","325->341",1.52098975384216,4.84717387673201e-06,1,0,0,"8",4.84717387673201e-06,1,1,"Italy","Sovereign",8,0.00947368421052632,1,NA,"Montenegro","Sovereign",8,0.09,6637.1978469206,NA
"341","640","640->341",1.45371328825277,1.78260631275616e-06,1,0,0,"8",1.78260631275616e-06,1,1,"Turkey (Ottoman Empire)","Sovereign",8,0.0167441860465116,1,NA,"Montenegro","Sovereign",8,0.09,2440.90909090909,NA
"342","200","200->342",0,3.44776642188976e-06,0,1,0,"bridge",3.44776642188976e-06,1,1,"United Kingdom","Sovereign",0,0,1,1,"Kingdom of Serbia","Sovereign",8,0.0378947368421053,4721,1153.10947744884
"342","211","211->342",0,9.50264602943169e-06,0,1,0,"bridge",9.50264602943169e-06,1,1,"Belgium","Sovereign",4,0.0291428571428571,1,1,"Kingdom of Serbia","Sovereign",8,0.0378947368421053,13011.8999999883,764.156566660044
"342","255","255->342",0.479675741105575,0.000143860838620844,0.9,0.1,0.36,"1",0.000143860838620844,1,1,"Germany (Zollverein)","Sovereign",1,0.0922314049586777,1,1,"Kingdom of Serbia","Sovereign",8,0.0378947368421053,196987.538023746,47038.982714087
"342","300","300->342",2.94725516490533,0.000780818447748695,1,0,0,"8",0.000780818447748695,1,1,"Austria-Hungary (Austrian Empire)","Sovereign",8,0.0101408450704225,1,1,"Kingdom of Serbia","Sovereign",8,0.0378947368421053,1069168.68509936,1619278.76018279
"342","325","325->342",0,1.09452313345562e-07,1,0,0,"8",1.09452313345562e-07,1,1,"Italy","Sovereign",8,0.00947368421052632,1,1,"Kingdom of Serbia","Sovereign",8,0.0378947368421053,149.872209446594,822.491555732168
"342","355","355->342",1.62566941753519,1.05757285729604e-05,1,0,0,"8",1.05757285729604e-05,1,1,"Bulgaria","Vassal of",8,0.0342857142857143,1,1,"Kingdom of Serbia","Sovereign",8,0.0378947368421053,14481.263659845,19359.2290880191
"342","360","360->342",1.16048774736076,2.72196959758689e-05,1,0,0,"8",2.72196959758689e-05,1,1,"Romania","Sovereign",8,0.0211764705882353,1,1,"Kingdom of Serbia","Sovereign",8,0.0378947368421053,37271.72,21646.2149811246
"342","365","365->342",0,1.76882853160952e-05,1,0,0,"8",1.76882853160952e-05,1,1,"Russia (USSR)","Sovereign",8,0.0141176470588235,1,1,"Kingdom of Serbia","Sovereign",8,0.0378947368421053,24220.4328132864,NA
"342","640","640->342",1.09339187991606,3.16215106406939e-05,1,0,0,"8",3.16215106406939e-05,1,1,"Turkey (Ottoman Empire)","Sovereign",8,0.0167441860465116,1,1,"Kingdom of Serbia","Sovereign",8,0.0378947368421053,43299.0909090909,77967.2163719452
"346","342","342->346",6.63085419773595,5.03676324818235e-06,1,0,0,"8",5.03676324818235e-06,1,1,"Kingdom of Serbia","Sovereign",8,0.0378947368421053,1,NA,"Bosnia-Herzegovina","Occupied by",8,0,6896.80111265647,NA
"350","2","2->350",0,1.50304787561393e-05,0,1,0,"bridge",1.50304787561393e-05,1,1,"United States of America","Sovereign",2,0.00694214876033058,1,1,"Greece","Sovereign",8,0.0225,20581.1187664042,130415.524734933
"350","200","200->350",0.485158166994183,0.000673247050811344,0,1,0,"bridge",0.000673247050811344,1,1,"United Kingdom","Sovereign",0,0,1,1,"Greece","Sovereign",8,0.0225,921872,1124325.22215763
"350","210","210->350",0,2.84177333986309e-05,0,1,0,"bridge",2.84177333986309e-05,1,1,"Netherlands","Sovereign",3,0.0322784810126582,1,1,"Greece","Sovereign",8,0.0225,38912.1834133422,65996.7333831631
"350","211","211->350",0.292539606294862,0.000133065840309103,0,1,0,"bridge",0.000133065840309103,1,1,"Belgium","Sovereign",4,0.0291428571428571,1,1,"Greece","Sovereign",8,0.0225,182206.029999836,281399.662265039
"350","220","220->350",0.38786649855449,0.000374366182495491,0,1,0,"bridge",0.000374366182495491,1,1,"France","Sovereign",5,0.0336885245901639,1,1,"Greece","Sovereign",8,0.0225,512616.729584741,495695.263405586
"350","225","225->350",0,2.16320669671178e-05,1,0,0,"8",2.16320669671178e-05,1,1,"Switzerland","Sovereign",8,0.015,1,1,"Greece","Sovereign",8,0.0225,29620.6226452508,NA
"350","255","255->350",0,0.00013454481918338,0.9,0.1,0.36,"1",0.00013454481918338,1,1,"Germany (Zollverein)","Sovereign",1,0.0922314049586777,1,1,"Greece","Sovereign",8,0.0225,184231.184378373,95949.948786092
"350","300","300->350",0.758848314799072,0.00021838678541721,1,0,0,"8",0.00021838678541721,1,1,"Austria-Hungary (Austrian Empire)","Sovereign",8,0.0101408450704225,1,1,"Greece","Sovereign",8,0.0225,299035.342826253,212274.728012624
"350","325","325->350",0.820309430665702,0.000152647284531711,1,0,0,"8",0.000152647284531711,1,1,"Italy","Sovereign",8,0.00947368421052632,1,1,"Greece","Sovereign",8,0.0225,209018.750718969,25164.0229216842
"350","338","338->350",0,8.25243816296426e-08,1,0,0,"8",8.25243816296426e-08,1,1,"Malta","Colony of",8,0.0128571428571429,1,1,"Greece","Sovereign",8,0.0225,113,NA
"350","352","352->350",1.47207609041794,2.37860098201545e-06,1,0,0,"8",2.37860098201545e-06,1,1,"Cyprus","Protectorate of",8,0.0189473684210526,1,1,"Greece","Sovereign",8,0.0225,3257,NA
"350","355","355->350",0,4.34261869631339e-06,1,0,0,"8",4.34261869631339e-06,1,1,"Bulgaria","Vassal of",8,0.0342857142857143,1,1,"Greece","Sovereign",8,0.0225,5946.31432545202,NA
"350","360","360->350",0,9.44747884547295e-06,1,0,0,"8",9.44747884547295e-06,1,1,"Romania","Sovereign",8,0.0211764705882353,1,1,"Greece","Sovereign",8,0.0225,12936.36,9495.33538188966
"350","365","365->350",1.82236594648589,0.000500768934268684,1,0,0,"8",0.000500768934268684,1,1,"Russia (USSR)","Sovereign",8,0.0141176470588235,1,1,"Greece","Sovereign",8,0.0225,685699.0437846,37150.8457215625
"350","380","380->350",0,5.63242510449204e-07,0,1,0,"bridge",5.63242510449204e-07,1,1,"Sweden","Sovereign",1,0.0156521739130435,1,1,"Greece","Sovereign",8,0.0225,771.243630353946,NA
"350","615","615->350",0,1.0369072636096e-06,0,1,0,"bridge",1.0369072636096e-06,1,1,"Algeria (Regency of Algiers)","Colony of",5,0.0288636363636364,1,1,"Greece","Sovereign",8,0.0225,1419.8291277568,NA
"350","640","640->350",2.3407906329376,0.000274669424755787,1,0,0,"8",0.000274669424755787,1,1,"Turkey (Ottoman Empire)","Sovereign",8,0.0167441860465116,1,1,"Greece","Sovereign",8,0.0225,376102.727272727,1744.04119259198
"350","651","651->350",0,7.86399436097332e-06,1,0,0,"8",7.86399436097332e-06,1,1,"Egypt Arab Republic (Egypt)","Occupied by",8,0.0189473684210526,1,1,"Greece","Sovereign",8,0.0225,10768.1068944937,54120.6433574177
"350","681","681->350",0,2.22993667850145e-07,0,1,0,"bridge",2.22993667850145e-07,1,1,"Aden","Dependency of",12,0,1,1,"Greece","Sovereign",8,0.0225,305.343511450382,NA
"350","750","750->350",0,4.38219722936844e-06,0,1,0,"bridge",4.38219722936844e-06,1,1,"India","Colony of",9,0.00228915662650603,1,1,"Greece","Sovereign",8,0.0225,6000.50890585242,NA
"3504","640","640->3504",4.57185032192618,3.05399964196586e-08,1,0,0,"8",3.05399964196586e-08,1,1,"Turkey (Ottoman Empire)","Sovereign",8,0.0167441860465116,1,NA,"Samos","Vassal of",8,0,41.8181818181818,NA
"352","200","200->352",1.8196737876035,3.44081545945251e-05,0,1,0,"bridge",3.44081545945251e-05,1,1,"United Kingdom","Sovereign",0,0,1,1,"Cyprus","Protectorate of",8,0.0189473684210526,47114.8210068469,74172
"355","200","200->355",0,0.00011538880373332,0,1,0,"bridge",0.00011538880373332,1,1,"United Kingdom","Sovereign",0,0,1,1,"Bulgaria","Vassal of",8,0.0342857142857143,158001,290351.798132327
"355","211","211->355",0,4.06022148530263e-05,0,1,0,"bridge",4.06022148530263e-05,1,1,"Belgium","Sovereign",4,0.0291428571428571,1,1,"Bulgaria","Vassal of",8,0.0342857142857143,55596.29999995,24746.0758990662
"355","255","255->355",0.651112968906021,0.00019972112440164,0.9,0.1,0.36,"1",0.00019972112440164,1,1,"Germany (Zollverein)","Sovereign",1,0.0922314049586777,1,1,"Bulgaria","Vassal of",8,0.0342857142857143,273476.596997351,517233.459169481
"355","300","300->355",2.27018178756276,0.000464010711952877,1,0,0,"8",0.000464010711952877,1,1,"Austria-Hungary (Austrian Empire)","Sovereign",8,0.0101408450704225,1,1,"Bulgaria","Vassal of",8,0.0342857142857143,635366.293151856,126205.245380489
"355","342","342->355",2.19079502347019,1.41381275160652e-05,1,0,0,"8",1.41381275160652e-05,1,1,"Kingdom of Serbia","Sovereign",8,0.0378947368421053,1,1,"Bulgaria","Vassal of",8,0.0342857142857143,19359.2290880191,14481.263659845
"355","360","360->355",1.8743951603448,6.50064564433479e-05,1,0,0,"8",6.50064564433479e-05,1,1,"Romania","Sovereign",8,0.0211764705882353,1,1,"Bulgaria","Vassal of",8,0.0342857142857143,89012.84,59583.826743493
"355","365","365->355",0,1.4449145173745e-05,1,0,0,"8",1.4449145173745e-05,1,1,"Russia (USSR)","Sovereign",8,0.0141176470588235,1,1,"Bulgaria","Vassal of",8,0.0342857142857143,19785.103170609,1715.83548579376
"355","640","640->355",3.13650371615818,0.000285313277421004,1,0,0,"8",0.000285313277421004,1,1,"Turkey (Ottoman Empire)","Sovereign",8,0.0167441860465116,1,1,"Bulgaria","Vassal of",8,0.0342857142857143,390677.272727273,856581.442479634
"360","2","2->360",0,3.77821041165083e-06,0,1,0,"bridge",3.77821041165083e-06,1,1,"United States of America","Sovereign",2,0.00694214876033058,1,1,"Romania","Sovereign",8,0.0211764705882353,5173.47440944882,NA
"360","20","20->360",0,1.31469809509962e-07,0,1,0,"bridge",1.31469809509962e-07,1,1,"Canada (Province of Canada)","Colony of",2,0,1,1,"Romania","Sovereign",8,0.0211764705882353,180.020597322348,NA
"360","200","200->360",0.116702064669505,0.000973196156777393,0,1,0,"bridge",0.000973196156777393,1,1,"United Kingdom","Sovereign",0,0,1,1,"Romania","Sovereign",8,0.0211764705882353,1332590,4823360.68
"360","210","210->360",0,1.9221714565679e-07,0,1,0,"bridge",1.9221714565679e-07,1,1,"Netherlands","Sovereign",3,0.0322784810126582,1,1,"Romania","Sovereign",8,0.0211764705882353,263.201456712465,NA
"360","211","211->360",0.0515671134674123,0.000218503266882811,0,1,0,"bridge",0.000218503266882811,1,1,"Belgium","Sovereign",4,0.0291428571428571,1,1,"Romania","Sovereign",8,0.0211764705882353,299194.839999731,1718707.32
"360","220","220->360",0,0.000246675391566796,0,1,0,"bridge",0.000246675391566796,1,1,"France","Sovereign",5,0.0336885245901639,1,1,"Romania","Sovereign",8,0.0211764705882353,337770.713292271,441402.6
"360","225","225->360",0.769390231922596,0.000213608710932651,1,0,0,"8",0.000213608710932651,1,1,"Switzerland","Sovereign",8,0.015,1,1,"Romania","Sovereign",8,0.0211764705882353,292492.762244696,23323.36
"360","255","255->360",1.11320829481477,0.00141324014866335,0.9,0.1,0.36,"1",0.00141324014866335,1,1,"Germany (Zollverein)","Sovereign",1,0.0922314049586777,1,1,"Romania","Sovereign",8,0.0211764705882353,1935138.84800314,1329441.04
"360","300","300->360",2.05647066457726,0.00167040183879514,1,0,0,"8",0.00167040183879514,1,1,"Austria-Hungary (Austrian Empire)","Sovereign",8,0.0101408450704225,1,1,"Romania","Sovereign",8,0.0211764705882353,2287268.36913432,1262643.48
"360","325","325->360",0,1.30776521512216e-05,1,0,0,"8",1.30776521512216e-05,1,1,"Italy","Sovereign",8,0.00947368421052632,1,1,"Romania","Sovereign",8,0.0211764705882353,17907.1283408106,815557.4
"360","342","342->360",0.807833390331626,1.58083230614125e-05,1,0,0,"8",1.58083230614125e-05,1,1,"Kingdom of Serbia","Sovereign",8,0.0378947368421053,1,1,"Romania","Sovereign",8,0.0211764705882353,21646.2149811246,37271.72
"360","350","350->360",0,6.93448390050009e-06,1,0,0,"8",6.93448390050009e-06,1,1,"Greece","Sovereign",8,0.0225,1,1,"Romania","Sovereign",8,0.0211764705882353,9495.33538188966,12936.36
"360","352","352->360",1.06196679739917,3.29805404813687e-06,1,0,0,"8",3.29805404813687e-06,1,1,"Cyprus","Protectorate of",8,0.0189473684210526,1,1,"Romania","Sovereign",8,0.0211764705882353,4516,NA
"360","355","355->360",1.38893660166049,4.3514322629509e-05,1,0,0,"8",4.3514322629509e-05,1,1,"Bulgaria","Vassal of",8,0.0342857142857143,1,1,"Romania","Sovereign",8,0.0211764705882353,59583.826743493,89012.84
"360","365","365->360",0.764671463956644,0.000363354781379875,1,0,0,"8",0.000363354781379875,1,1,"Russia (USSR)","Sovereign",8,0.0141176470588235,1,1,"Romania","Sovereign",8,0.0211764705882353,497538.902868646,121304.32
"360","385","385->360",0,5.15343109639045e-07,0,1,0,"bridge",5.15343109639045e-07,1,1,"Norway","Sovereign (limited)",1,0.0128571428571429,1,1,"Romania","Sovereign",8,0.0211764705882353,705.655349840206,5096
"360","640","640->360",1.04357505677551,0.000156848774220607,1,0,0,"8",0.000156848774220607,1,1,"Turkey (Ottoman Empire)","Sovereign",8,0.0167441860465116,1,1,"Romania","Sovereign",8,0.0211764705882353,214771.818181818,604949.96
"365","2","2->365",0,0.00100229572790995,0,1,0,"bridge",0.00100229572790995,1,1,"United States of America","Sovereign",2,0.00694214876033058,1,1,"Russia (USSR)","Sovereign",8,0.0141176470588235,1372435.81856955,255160.442878712
"365","20","20->365",0,6.77881803840552e-06,0,1,0,"bridge",6.77881803840552e-06,1,1,"Canada (Province of Canada)","Colony of",2,0,1,1,"Russia (USSR)","Sovereign",8,0.0141176470588235,9282.1833161689,NA
"365","200","200->365",0.215442328563594,0.00391229908730006,0,1,0,"bridge",0.00391229908730006,1,1,"United Kingdom","Sovereign",0,0,1,1,"Russia (USSR)","Sovereign",8,0.0141176470588235,5357081,11929933.2662305
"365","210","210->365",0,0.000190328823760464,0,1,0,"bridge",0.000190328823760464,1,1,"Netherlands","Sovereign",3,0.0322784810126582,1,1,"Russia (USSR)","Sovereign",8,0.0141176470588235,260615.792087403,1957712.83341721
"365","211","211->365",0,0.000168542385485648,0,1,0,"bridge",0.000168542385485648,1,1,"Belgium","Sovereign",4,0.0291428571428571,1,1,"Russia (USSR)","Sovereign",8,0.0141176470588235,230783.789999793,1503824.8616004
"365","220","220->365",0,0.000365659992204898,0,1,0,"bridge",0.000365659992204898,1,1,"France","Sovereign",5,0.0336885245901639,1,1,"Russia (USSR)","Sovereign",8,0.0141176470588235,500695.410292072,3533958.32913941
"365","225","225->365",0.0675970379491413,0.000385641140843401,1,0,0,"8",0.000385641140843401,1,1,"Switzerland","Sovereign",8,0.015,1,1,"Russia (USSR)","Sovereign",8,0.0141176470588235,528055.443188578,499.446401610468
"365","230","230->365",0,1.77121180925274e-05,0,1,0,"bridge",1.77121180925274e-05,1,1,"Spain","Sovereign",7,0.0396103896103896,1,1,"Russia (USSR)","Sovereign",8,0.0141176470588235,24253.066850448,245420.93608455
"365","235","235->365",0,5.001006738927e-05,0,1,0,"bridge",5.001006738927e-05,1,1,"Portugal","Sovereign",6,0,1,1,"Russia (USSR)","Sovereign",8,0.0141176470588235,68478.4000000024,47605.9386009059
"365","255","255->365",1.62431328453357,0.00858094967300444,0.9,0.1,0.36,"1",0.00858094967300444,1,1,"Germany (Zollverein)","Sovereign",1,0.0922314049586777,1,1,"Russia (USSR)","Sovereign",8,0.0141176470588235,11749828.2798548,13914385.7070961
"365","300","300->365",0.264651166518321,0.00101389492725226,1,0,0,"8",0.00101389492725226,1,1,"Austria-Hungary (Austrian Empire)","Sovereign",8,0.0101408450704225,1,1,"Russia (USSR)","Sovereign",8,0.0141176470588235,1388318.51286908,2423056.36638148
"365","325","325->365",0,0.00028633617397482,1,0,0,"8",0.00028633617397482,1,1,"Italy","Sovereign",8,0.00947368421052632,1,1,"Russia (USSR)","Sovereign",8,0.0141176470588235,392077.917098048,1976396.57775541
"365","338","338->365",0,3.61500609793567e-07,1,0,0,"8",3.61500609793567e-07,1,1,"Malta","Colony of",8,0.0128571428571429,1,1,"Russia (USSR)","Sovereign",8,0.0141176470588235,495,NA
"365","350","350->365",0,2.71314209751345e-05,1,0,0,"8",2.71314209751345e-05,1,1,"Greece","Sovereign",8,0.0225,1,1,"Russia (USSR)","Sovereign",8,0.0141176470588235,37150.8457215625,685699.0437846
"365","352","352->365",0,1.97182150796491e-07,1,0,0,"8",1.97182150796491e-07,1,1,"Cyprus","Protectorate of",8,0.0189473684210526,1,1,"Russia (USSR)","Sovereign",8,0.0141176470588235,270,NA
"365","355","355->365",0,1.25308196852502e-06,1,0,0,"8",1.25308196852502e-06,1,1,"Bulgaria","Vassal of",8,0.0342857142857143,1,1,"Russia (USSR)","Sovereign",8,0.0141176470588235,1715.83548579376,19785.103170609
"365","360","360->365",0,8.85890619203919e-05,1,0,0,"8",8.85890619203919e-05,1,1,"Romania","Sovereign",8,0.0211764705882353,1,1,"Russia (USSR)","Sovereign",8,0.0141176470588235,121304.32,497538.902868646
"365","380","380->365",0,0.000147408611306134,0,1,0,"bridge",0.000147408611306134,1,1,"Sweden","Sovereign",1,0.0156521739130435,1,1,"Russia (USSR)","Sovereign",8,0.0141176470588235,201845.475829776,462335.178661298
"365","385","385->365",0.376183120010412,0.000142419899690403,0,1,0,"bridge",0.000142419899690403,1,1,"Norway","Sovereign (limited)",1,0.0128571428571429,1,1,"Russia (USSR)","Sovereign",8,0.0141176470588235,195014.471447246,207066.331152491
"365","390","390->365",0,0.000137083021655039,0,1,0,"bridge",0.000137083021655039,1,1,"Denmark","Sovereign",1,0.02,1,1,"Russia (USSR)","Sovereign",8,0.0141176470588235,187706.725468578,487295.218922999
"365","51","51->365",0,1.57431689804443e-05,0,1,0,"bridge",1.57431689804443e-05,1,1,"Jamaica","Colony of",2,0,1,1,"Russia (USSR)","Sovereign",8,0.0141176470588235,21557,NA
"365","615","615->365",0,6.6674820246887e-05,0,1,0,"bridge",6.6674820246887e-05,1,1,"Algeria (Regency of Algiers)","Colony of",5,0.0288636363636364,1,1,"Russia (USSR)","Sovereign",8,0.0141176470588235,91297.3177031592,NA
"365","640","640->365",0.0599494166125124,0.000213622627564752,1,0,0,"8",0.000213622627564752,1,1,"Turkey (Ottoman Empire)","Sovereign",8,0.0167441860465116,1,1,"Russia (USSR)","Sovereign",8,0.0141176470588235,292511.818181818,1601441.77151485
"365","651","651->365",1.92926825475969,0.00128984520532541,1,0,0,"8",0.00128984520532541,1,1,"Egypt Arab Republic (Egypt)","Occupied by",8,0.0189473684210526,1,1,"Russia (USSR)","Sovereign",8,0.0141176470588235,1766175.10272161,150534.373427277
"365","710","710->365",1.29994913683768,0.000956835972743461,0,1,0,"bridge",0.000956835972743461,1,1,"People's Republic of China (China)","Sovereign",3,0.0661111111111111,1,1,"Russia (USSR)","Sovereign",8,0.0141176470588235,1310188.12604073,481376.245596376
"365","740","740->365",0,6.17597788253354e-05,0,1,0,"bridge",6.17597788253354e-05,1,1,"Japan","Sovereign",3,0.085,1,1,"Russia (USSR)","Sovereign",8,0.0141176470588235,84567.1893499668,NA
"365","750","750->365",0,0.000317240687227628,0,1,0,"bridge",0.000317240687227628,1,1,"India","Colony of",9,0.00228915662650603,1,1,"Russia (USSR)","Sovereign",8,0.0141176470588235,434395.229007634,NA
"365","780","780->365",0,1.19485080340052e-05,0,1,0,"bridge",1.19485080340052e-05,1,1,"Sri Lanka (Ceylon)","Colony of",9,0,1,1,"Russia (USSR)","Sovereign",8,0.0141176470588235,16361,NA
"365","80","80->365",0,1.35060644492319e-06,0,1,0,"bridge",1.35060644492319e-06,1,1,"Belize (British Honduras)","Colony of",2,0.056,1,1,"Russia (USSR)","Sovereign",8,0.0141176470588235,1849.375,NA
"380","160","160->380",0,6.51066249759525e-06,0,1,0,"bridge",6.51066249759525e-06,1,1,"Argentina (La Plata)","Sovereign",10,0,1,1,"Sweden","Sovereign",1,0.0156521739130435,8915,23027.1312491392
"380","165","165->380",0,1.82576065552307e-08,0,1,0,"bridge",1.82576065552307e-08,1,1,"Uruguay","Sovereign",10,0,1,1,"Sweden","Sovereign",1,0.0156521739130435,25,NA
"380","2","2->380",0,0.000587992791849563,0,1,0,"bridge",0.000587992791849563,1,1,"United States of America","Sovereign",2,0.00694214876033058,1,1,"Sweden","Sovereign",1,0.0156521739130435,805134,134802.368819722
"380","20","20->380",0,2.31323875054772e-05,0,1,0,"bridge",2.31323875054772e-05,1,1,"Canada (Province of Canada)","Colony of",2,0,1,1,"Sweden","Sovereign",1,0.0156521739130435,31675,NA
"380","200","200->380",0.444766088137659,0.00209009574383822,0,1,0,"bridge",0.00209009574383822,1,1,"United Kingdom","Sovereign",0,0,1,1,"Sweden","Sovereign",1,0.0156521739130435,2861952,8278859.66120369
"380","210","210->380",0,0.0002310162973989,0,1,0,"bridge",0.0002310162973989,1,1,"Netherlands","Sovereign",3,0.0322784810126582,1,1,"Sweden","Sovereign",1,0.0156521739130435,316328.836285383,959647.431483267
"380","211","211->380",0,0.000295641537213373,0,1,0,"bridge",0.000295641537213373,1,1,"Belgium","Sovereign",4,0.0291428571428571,1,1,"Sweden","Sovereign",1,0.0156521739130435,404819.679292346,629224.624707341
"380","220","220->380",0,0.000203144440113832,0,1,0,"bridge",0.000203144440113832,1,1,"France","Sovereign",5,0.0336885245901639,1,1,"Sweden","Sovereign",1,0.0156521739130435,278164.116828929,1068282.60570169
"380","225","225->380",0,5.00857269108332e-05,0,1,0,"bridge",5.00857269108332e-05,1,1,"Switzerland","Sovereign",8,0.015,1,1,"Sweden","Sovereign",1,0.0156521739130435,68582,NA
"380","230","230->380",0,2.66186340666247e-05,0,1,0,"bridge",2.66186340666247e-05,1,1,"Spain","Sovereign",7,0.0396103896103896,1,1,"Sweden","Sovereign",1,0.0156521739130435,36448.6905582357,212477.620162512
"380","235","235->380",0,1.27204396391603e-05,0,1,0,"bridge",1.27204396391603e-05,1,1,"Portugal","Sovereign",6,0,1,1,"Sweden","Sovereign",1,0.0156521739130435,17418,54042.1429555158
"380","255","255->380",1.21472237642092,0.00241987187972536,0.1,0.9,0.36,"bridge",0.00241987187972536,1,1,"Germany (Zollverein)","Sovereign",1,0.0922314049586777,1,1,"Sweden","Sovereign",1,0.0156521739130435,3313511.92228437,2667786.80622504
"380","300","300->380",0,6.48182751560608e-05,0,1,0,"bridge",6.48182751560608e-05,1,1,"Austria-Hungary (Austrian Empire)","Sovereign",8,0.0101408450704225,1,1,"Sweden","Sovereign",1,0.0156521739130435,88755.164813061,NA
"380","325","325->380",0,5.25468522744783e-05,0,1,0,"bridge",5.25468522744783e-05,1,1,"Italy","Sovereign",8,0.00947368421052632,1,1,"Sweden","Sovereign",1,0.0156521739130435,71952,61974.9345820135
"380","360","360->380",0,5.51014565836861e-06,0,1,0,"bridge",5.51014565836861e-06,1,1,"Romania","Sovereign",8,0.0211764705882353,1,1,"Sweden","Sovereign",1,0.0156521739130435,7545,NA
"380","365","365->380",0.254972367623565,0.00033764535154561,0,1,0,"bridge",0.00033764535154561,1,1,"Russia (USSR)","Sovereign",8,0.0141176470588235,1,1,"Sweden","Sovereign",1,0.0156521739130435,462335.178661298,201845.475829776
"380","385","385->380",2.93758654329674,0.000783635563858785,1,0,0,"1",0.000783635563858785,1,1,"Norway","Sovereign (limited)",1,0.0128571428571429,1,1,"Sweden","Sovereign",1,0.0156521739130435,1073026.14048592,453215.810494422
"380","390","390->380",2.54196505453149,0.00105692821365925,1,0,0,"1",0.00105692821365925,1,1,"Denmark","Sovereign",1,0.02,1,1,"Sweden","Sovereign",1,0.0156521739130435,1447243.66041896,2225148.05123261
"380","51","51->380",0,1.79143635519923e-06,0,1,0,"bridge",1.79143635519923e-06,1,1,"Jamaica","Colony of",2,0,1,1,"Sweden","Sovereign",1,0.0156521739130435,2453,NA
"380","561","561->380",0,3.2133387537206e-08,0,1,0,"bridge",3.2133387537206e-08,1,1,"Cape Colony (Cape of Good Hope)","Colony of",0,0,1,1,"Sweden","Sovereign",1,0.0156521739130435,44,154028.370747831
"380","615","615->380",0,7.78484319277367e-06,0,1,0,"bridge",7.78484319277367e-06,1,1,"Algeria (Regency of Algiers)","Colony of",5,0.0288636363636364,1,1,"Sweden","Sovereign",1,0.0156521739130435,10659.7258096563,20713.4003580774
"380","740","740->380",0,1.7965484850347e-07,0,1,0,"bridge",1.7965484850347e-07,1,1,"Japan","Sovereign",3,0.085,1,1,"Sweden","Sovereign",1,0.0156521739130435,246,NA
"380","750","750->380",0,7.32487741873592e-06,0,1,0,"bridge",7.32487741873592e-06,1,1,"India","Colony of",9,0.00228915662650603,1,1,"Sweden","Sovereign",1,0.0156521739130435,10029.8982188295,NA
"380","903","903->380",0,3.72455173726705e-08,0,1,0,"bridge",3.72455173726705e-08,1,1,"South Australia","Colony of",13,0,1,1,"Sweden","Sovereign",1,0.0156521739130435,51,NA
"380","904","904->380",0,6.42667750744119e-07,0,1,0,"bridge",6.42667750744119e-07,1,1,"Victoria","Colony of",13,0,1,1,"Sweden","Sovereign",1,0.0156521739130435,880,NA
"385","155","155->385",0,4.20940821285675e-08,0,1,0,"bridge",4.20940821285675e-08,1,1,"Chile","Sovereign",10,0.0221052631578947,1,1,"Norway","Sovereign (limited)",1,0.0128571428571429,57.6391023670458,1507
"385","160","160->385",0,4.39789226702396e-06,0,1,0,"bridge",4.39789226702396e-06,1,1,"Argentina (La Plata)","Sovereign",10,0,1,1,"Norway","Sovereign (limited)",1,0.0128571428571429,6022,2980
"385","165","165->385",0,1.24151724575568e-08,0,1,0,"bridge",1.24151724575568e-08,1,1,"Uruguay","Sovereign",10,0,1,1,"Norway","Sovereign (limited)",1,0.0128571428571429,17,877
"385","2","2->385",0,0.000397194960913305,0,1,0,"bridge",0.000397194960913305,1,1,"United States of America","Sovereign",2,0.00694214876033058,1,1,"Norway","Sovereign (limited)",1,0.0128571428571429,543876,101564.753985204
"385","20","20->385",0,1.56263202984908e-05,0,1,0,"bridge",1.56263202984908e-05,1,1,"Canada (Province of Canada)","Colony of",2,0,1,1,"Norway","Sovereign (limited)",1,0.0128571428571429,21397,NA
"385","200","200->385",0.458454465785856,0.00124598013510205,0,1,0,"bridge",0.00124598013510205,1,1,"United Kingdom","Sovereign",0,0,1,1,"Norway","Sovereign (limited)",1,0.0128571428571429,1706111,2405970.50580713
"385","210","210->385",0.144920423076225,0.000382339970664927,0,1,0,"bridge",0.000382339970664927,1,1,"Netherlands","Sovereign",3,0.0322784810126582,1,1,"Norway","Sovereign (limited)",1,0.0128571428571429,523535.176295315,327583.957366054
"385","211","211->385",0,0.00016509281572877,0,1,0,"bridge",0.00016509281572877,1,1,"Belgium","Sovereign",4,0.0291428571428571,1,1,"Norway","Sovereign (limited)",1,0.0128571428571429,226060.320707086,218692.516193837
"385","220","220->385",0,0.000301814596740551,0,1,0,"bridge",0.000301814596740551,1,1,"France","Sovereign",5,0.0336885245901639,1,1,"Norway","Sovereign (limited)",1,0.0128571428571429,413272.402145837,397129.599852259
"385","225","225->385",0,3.3833535859629e-05,0,1,0,"bridge",3.3833535859629e-05,1,1,"Switzerland","Sovereign",8,0.015,1,1,"Norway","Sovereign (limited)",1,0.0128571428571429,46328,NA
"385","230","230->385",0,3.44983704334719e-05,0,1,0,"bridge",3.44983704334719e-05,1,1,"Spain","Sovereign",7,0.0396103896103896,1,1,"Norway","Sovereign (limited)",1,0.0128571428571429,47238.3528600965,696961.455412878
"385","235","235->385",0,8.59275994915376e-06,0,1,0,"bridge",8.59275994915376e-06,1,1,"Portugal","Sovereign",6,0,1,1,"Norway","Sovereign (limited)",1,0.0128571428571429,11766,47427.7576146507
"385","255","255->385",1.16479075579474,0.00135365345510756,0.1,0.9,0.36,"bridge",0.00135365345510756,1,1,"Germany (Zollverein)","Sovereign",1,0.0922314049586777,1,1,"Norway","Sovereign (limited)",1,0.0128571428571429,1853547.24757139,864990.122661157
"385","300","300->385",0,3.2806983459536e-05,0,1,0,"bridge",3.2806983459536e-05,1,1,"Austria-Hungary (Austrian Empire)","Sovereign",8,0.0101408450704225,1,1,"Norway","Sovereign (limited)",1,0.0128571428571429,44922.3497070828,10287.1318968893
"385","31","31->385",0,2.99424747505783e-08,0,1,0,"bridge",2.99424747505783e-08,1,1,"Bahamas","Colony of",2,0,1,1,"Norway","Sovereign (limited)",1,0.0128571428571429,41,NA
"385","325","325->385",0,3.54957083604172e-05,0,1,0,"bridge",3.54957083604172e-05,1,1,"Italy","Sovereign",8,0.00947368421052632,1,1,"Norway","Sovereign (limited)",1,0.0128571428571429,48604,192594.294114591
"385","360","360->385",0,3.72163052021822e-06,0,1,0,"bridge",3.72163052021822e-06,1,1,"Romania","Sovereign",8,0.0211764705882353,1,1,"Norway","Sovereign (limited)",1,0.0128571428571429,5096,705.655349840206
"385","365","365->385",0,0.000151221424200691,0,1,0,"bridge",0.000151221424200691,1,1,"Russia (USSR)","Sovereign",8,0.0141176470588235,1,1,"Norway","Sovereign (limited)",1,0.0128571428571429,207066.331152491,195014.471447246
"385","380","380->385",1.6884869865036,0.000330985438104686,1,0,0,"1",0.000330985438104686,1,1,"Sweden","Sovereign",1,0.0156521739130435,1,1,"Norway","Sovereign (limited)",1,0.0128571428571429,453215.810494422,1073026.14048592
"385","390","390->385",2.00405041868711,0.000362937867906074,1,0,0,"1",0.000362937867906074,1,1,"Denmark","Sovereign",1,0.02,1,1,"Norway","Sovereign (limited)",1,0.0128571428571429,496968.02646086,244867.919326972
"385","615","615->385",0,7.72529285118601e-08,0,1,0,"bridge",7.72529285118601e-08,1,1,"Algeria (Regency of Algiers)","Colony of",5,0.0288636363636364,1,1,"Norway","Sovereign (limited)",1,0.0128571428571429,105.781839856944,342.804161428055
"385","740","740->385",0,1.21230507526732e-07,0,1,0,"bridge",1.21230507526732e-07,1,1,"Japan","Sovereign",3,0.085,1,1,"Norway","Sovereign (limited)",1,0.0128571428571429,166,NA
"385","903","903->385",0,2.55606491773229e-08,0,1,0,"bridge",2.55606491773229e-08,1,1,"South Australia","Colony of",13,0,1,1,"Norway","Sovereign (limited)",1,0.0128571428571429,35,NA
"390","1063","1063->390",0,2.63201656100205e-06,0,1,0,"bridge",2.63201656100205e-06,1,1,"Leeward Is.","Colony of",2,0,1,1,"Denmark","Sovereign",1,0.02,3604,NA
"390","110","110->390",0,9.28216717267927e-07,0,1,0,"bridge",9.28216717267927e-07,1,1,"Guyana (British Guiana)","Colony of",2,0,1,1,"Denmark","Sovereign",1,0.02,1271,NA
"390","2","2->390",0.00594885854241566,0.00125174836400913,0,1,0,"bridge",0.00125174836400913,1,1,"United States of America","Sovereign",2,0.00694214876033058,1,1,"Denmark","Sovereign",1,0.02,1714009.3914042,10033.0760749724
"390","20","20->390",0,8.1589501920141e-07,0,1,0,"bridge",8.1589501920141e-07,1,1,"Canada (Province of Canada)","Colony of",2,0,1,1,"Denmark","Sovereign",1,0.02,1117.19876416066,NA
"390","200","200->390",0,0.00133699065225856,0,1,0,"bridge",0.00133699065225856,1,1,"United Kingdom","Sovereign",0,0,1,1,"Denmark","Sovereign",1,0.02,1830731,7475192.94377067
"390","210","210->390",0,0.000355647537262675,0,1,0,"bridge",0.000355647537262675,1,1,"Netherlands","Sovereign",3,0.0322784810126582,1,1,"Denmark","Sovereign",1,0.02,486985.432875352,15545.7552370452
"390","211","211->390",0.00793296501997843,0.000352807330765446,0,1,0,"bridge",0.000352807330765446,1,1,"Belgium","Sovereign",4,0.0291428571428571,1,1,"Denmark","Sovereign",1,0.02,483096.359999566,50661.5214994487
"390","220","220->390",0,0.000542685861446952,0,1,0,"bridge",0.000542685861446952,1,1,"France","Sovereign",5,0.0336885245901639,1,1,"Denmark","Sovereign",1,0.02,743095.569242996,69625.137816979
"390","225","225->390",0,5.00959760787597e-05,0,1,0,"bridge",5.00959760787597e-05,1,1,"Switzerland","Sovereign",8,0.015,1,1,"Denmark","Sovereign",1,0.02,68596.0341066825,NA
"390","230","230->390",0,8.43961449106418e-05,0,1,0,"bridge",8.43961449106418e-05,1,1,"Spain","Sovereign",7,0.0396103896103896,1,1,"Denmark","Sovereign",1,0.02,115562.991040662,12403.5281146637
"390","235","235->390",0.238091367476582,3.44926719714872e-05,0,1,0,"bridge",3.44926719714872e-05,1,1,"Portugal","Sovereign",6,0,1,1,"Denmark","Sovereign",1,0.02,47230.5500000017,18798.2359426681
"390","255","255->390",1.24162023530281,0.00271028087026632,0.1,0.9,0.36,"bridge",0.00271028087026632,1,1,"Germany (Zollverein)","Sovereign",1,0.0922314049586777,1,1,"Denmark","Sovereign",1,0.02,3711166.71572956,3695203.969129
"390","300","300->390",0,8.53226398182708e-05,0,1,0,"bridge",8.53226398182708e-05,1,1,"Austria-Hungary (Austrian Empire)","Sovereign",8,0.0101408450704225,1,1,"Denmark","Sovereign",1,0.02,116831.633379988,NA
"390","325","325->390",0,3.01598102074212e-05,0,1,0,"bridge",3.01598102074212e-05,1,1,"Italy","Sovereign",8,0.00947368421052632,1,1,"Denmark","Sovereign",1,0.02,41297.5957667089,165159.8676957
"390","365","365->390",0.221112566787826,0.000355873775333645,0,1,0,"bridge",0.000355873775333645,1,1,"Russia (USSR)","Sovereign",8,0.0141176470588235,1,1,"Denmark","Sovereign",1,0.02,487295.218922999,187706.725468578
"390","380","380->390",2.6622817118522,0.00162503510586173,1,0,0,"1",0.00162503510586173,1,1,"Sweden","Sovereign",1,0.0156521739130435,1,1,"Denmark","Sovereign",1,0.02,2225148.05123261,1447243.66041896
"390","385","385->390",1.37362758299549,0.000178828085162793,1,0,0,"1",0.000178828085162793,1,1,"Norway","Sovereign (limited)",1,0.0128571428571429,1,1,"Denmark","Sovereign",1,0.02,244867.919326972,496968.02646086
"390","615","615->390",0,8.69400162418597e-06,0,1,0,"bridge",8.69400162418597e-06,1,1,"Algeria (Regency of Algiers)","Colony of",5,0.0288636363636364,1,1,"Denmark","Sovereign",1,0.02,11904.6294456587,NA
"390","640","640->390",0,4.52987816459414e-06,0,1,0,"bridge",4.52987816459414e-06,1,1,"Turkey (Ottoman Empire)","Sovereign",8,0.0167441860465116,1,1,"Denmark","Sovereign",1,0.02,6202.72727272727,NA
"390","740","740->390",0,3.84881249395547e-08,0,1,0,"bridge",3.84881249395547e-08,1,1,"Japan","Sovereign",3,0.085,1,1,"Denmark","Sovereign",1,0.02,52.7014929683214,NA
"395","200","200->395",1.72342713961931,0.000569643166957294,0,1,0,"bridge",0.000569643166957294,1,1,"United Kingdom","Sovereign",0,0,1,NA,"Iceland","Colony of",1,0,780008,NA
"395","385","385->395",1.54115727738382,1.47154614510212e-05,1,0,0,"1",1.47154614510212e-05,1,1,"Norway","Sovereign (limited)",1,0.0128571428571429,1,NA,"Iceland","Colony of",1,0,20149.7679973903,NA
"395","390","390->395",1.91483624115677,4.28359280590197e-05,1,0,0,"1",4.28359280590197e-05,1,1,"Denmark","Sovereign",1,0.02,1,NA,"Iceland","Colony of",1,0,58654.9062844542,NA
"4","2","2->4",1.95589876512288,0.000548389795293411,1,0,0,"2",0.000548389795293411,1,1,"United States of America","Sovereign",2,0.00694214876033058,1,NA,"Hawaii (Sandwich Is.)","Sovereign (limited)",2,0,750905.92191601,NA
"4","20","20->4",0,2.56381170856726e-06,1,0,0,"2",2.56381170856726e-06,1,1,"Canada (Province of Canada)","Colony of",2,0,1,NA,"Hawaii (Sandwich Is.)","Sovereign (limited)",2,0,3510.60762100927,NA
"4","255","255->4",0,4.15637790286872e-06,0,1,0,"bridge",4.15637790286872e-06,1,1,"Germany (Zollverein)","Sovereign",1,0.0922314049586777,1,NA,"Hawaii (Sandwich Is.)","Sovereign (limited)",2,0,5691.29624178196,NA
"4","31","31->4",0.361205421240339,8.54455986784795e-08,1,0,0,"2",8.54455986784795e-08,1,1,"Bahamas","Colony of",2,0,1,NA,"Hawaii (Sandwich Is.)","Sovereign (limited)",2,0,117,NA
"4","740","740->4",0.247027545348955,6.55212454195308e-06,0,1,0,"bridge",6.55212454195308e-06,1,1,"Japan","Sovereign",3,0.085,1,NA,"Hawaii (Sandwich Is.)","Sovereign (limited)",2,0,8971.77365791678,NA
"40","135","135->40",0,6.35612972808662e-06,0,1,0,"bridge",6.35612972808662e-06,1,1,"Peru","Sovereign",10,0.024,1,NA,"Cuba","Colony of",7,0.03,8703.39946922785,NA
"40","165","165->40",1.13786832727694,9.90063366039987e-05,0,1,0,"bridge",9.90063366039987e-05,1,1,"Uruguay","Sovereign",10,0,1,NA,"Cuba","Colony of",7,0.03,135568.613969877,NA
"40","2","2->40",0.892395520454872,0.00263896855800991,0,1,0,"bridge",0.00263896855800991,1,1,"United States of America","Sovereign",2,0.00694214876033058,1,NA,"Cuba","Colony of",7,0.03,3613519.31594488,NA
"40","20","20->40",0,9.69254617692479e-05,0,1,0,"bridge",9.69254617692479e-05,1,1,"Canada (Province of Canada)","Colony of",2,0,1,NA,"Cuba","Colony of",7,0.03,132719.288089653,NA
"40","200","200->40",0,0.0010616746612668,0,1,0,"bridge",0.0010616746612668,1,1,"United Kingdom","Sovereign",0,0,1,NA,"Cuba","Colony of",7,0.03,1453742.93456149,NA
"40","210","210->40",0,2.21291500078462e-07,0,1,0,"bridge",2.21291500078462e-07,1,1,"Netherlands","Sovereign",3,0.0322784810126582,1,NA,"Cuba","Colony of",7,0.03,303.012746234067,NA
"40","211","211->40",0,5.31814866783381e-05,0,1,0,"bridge",5.31814866783381e-05,1,1,"Belgium","Sovereign",4,0.0291428571428571,1,NA,"Cuba","Colony of",7,0.03,72821,NA
"40","220","220->40",0,8.40733569697883e-05,0.1,0.9,0.36,"bridge",8.40733569697883e-05,1,1,"France","Sovereign",5,0.0336885245901639,1,NA,"Cuba","Colony of",7,0.03,115121,NA
"40","230","230->40",3.20562055523931,0.00365704150027552,1,0,0,"7",0.00365704150027552,1,1,"Spain","Sovereign",7,0.0396103896103896,1,NA,"Cuba","Colony of",7,0.03,5007558.75258442,NA
"40","255","255->40",0,0.000130186228694203,0,1,0,"bridge",0.000130186228694203,1,1,"Germany (Zollverein)","Sovereign",1,0.0922314049586777,1,NA,"Cuba","Colony of",7,0.03,178263,NA
"40","300","300->40",0,2.32586823034024e-06,0,1,0,"bridge",2.32586823034024e-06,1,1,"Austria-Hungary (Austrian Empire)","Sovereign",8,0.0101408450704225,1,NA,"Cuba","Colony of",7,0.03,3184.79344938274,NA
"40","31","31->40",0,7.30304262209226e-10,0,1,0,"bridge",7.30304262209226e-10,1,1,"Bahamas","Colony of",2,0,1,NA,"Cuba","Colony of",7,0.03,1,NA
"402","2","2->402",0,5.71097933047615e-07,0,1,0,"bridge",5.71097933047615e-07,1,1,"United States of America","Sovereign",2,0.00694214876033058,1,NA,"Cape Verde","Colony of",6,0,782,NA
"402","200","200->402",1.70483140720316,0.000223194858312122,0,1,0,"bridge",0.000223194858312122,1,1,"United Kingdom","Sovereign",0,0,1,NA,"Cape Verde","Colony of",6,0,305619,NA
"402","235","235->402",3.42634425873452,2.32330234328105e-05,1,0,0,"6",2.32330234328105e-05,1,1,"Portugal","Sovereign",6,0,1,NA,"Cape Verde","Colony of",6,0,31812.8000000011,NA
"402","561","561->402",0.438653283091895,3.35793899763802e-06,0,1,0,"bridge",3.35793899763802e-06,1,1,"Cape Colony (Cape of Good Hope)","Colony of",0,0,1,NA,"Cape Verde","Colony of",6,0,4598,NA
"403","2","2->403",0,1.47594491392485e-06,0,1,0,"bridge",1.47594491392485e-06,1,1,"United States of America","Sovereign",2,0.00694214876033058,1,NA,"Sao Tome-Principe","Colony of",6,0,2021,NA
"403","235","235->403",5.75993955809462,3.30283023801183e-05,1,0,0,"6",3.30283023801183e-05,1,1,"Portugal","Sovereign",6,0,1,NA,"Sao Tome-Principe","Colony of",6,0,45225.4000000016,NA
"404","2","2->404",0,2.2639432128486e-08,0,1,0,"bridge",2.2639432128486e-08,1,1,"United States of America","Sovereign",2,0.00694214876033058,1,NA,"Guinea-Bissau (Portuguese Guinea)","Colony of",6,0,31,NA
"404","200","200->404",1.39144193357701,8.97397877402697e-06,0,1,0,"bridge",8.97397877402697e-06,1,1,"United Kingdom","Sovereign",0,0,1,NA,"Guinea-Bissau (Portuguese Guinea)","Colony of",6,0,12288,NA
"404","235","235->404",4.7156426775802,4.63922131047116e-06,1,0,0,"6",4.63922131047116e-06,1,1,"Portugal","Sovereign",6,0,1,NA,"Guinea-Bissau (Portuguese Guinea)","Colony of",6,0,6352.45000000022,NA
"404","451","451->404",1.96182665050254,7.30304262209226e-10,0,1,0,"bridge",7.30304262209226e-10,1,1,"Sierra Leone","Colony of",11,0,1,NA,"Guinea-Bissau (Portuguese Guinea)","Colony of",6,0,1,NA
"404","561","561->404",0.120538913480871,1.34375984246498e-07,0,1,0,"bridge",1.34375984246498e-07,1,1,"Cape Colony (Cape of Good Hope)","Colony of",0,0,1,NA,"Guinea-Bissau (Portuguese Guinea)","Colony of",6,0,184,NA
"4050","200","200->4050",1.7270069840257,1.05375601994169e-05,1,0,0,"0",1.05375601994169e-05,1,1,"United Kingdom","Sovereign",0,0,1,1,"St. Helena","Colony of",0,0,14429,4508
"4050","561","561->4050",2.32549285874778,1.02315627135513e-06,1,0,0,"0",1.02315627135513e-06,1,1,"Cape Colony (Cape of Good Hope)","Colony of",0,0,1,1,"St. Helena","Colony of",0,0,1401,NA
"4060","561","561->4060",4.75021346528583,2.09597323254048e-07,1,0,0,"0",2.09597323254048e-07,1,1,"Cape Colony (Cape of Good Hope)","Colony of",0,0,NA,NA,"Tristan da Cunha","Possession of",0,0,287,NA
"4070","200","200->4070",1.31101462072387,2.4297222803701e-06,1,0,0,"0",2.4297222803701e-06,1,1,"United Kingdom","Sovereign",0,0,1,NA,"Ascension I.","Possession of",0,0,3327,NA
"4070","561","561->4070",3.83066422220117,1.61105120243355e-06,1,0,0,"0",1.61105120243355e-06,1,1,"Cape Colony (Cape of Good Hope)","Colony of",0,0,1,NA,"Ascension I.","Possession of",0,0,2206,NA
"41","135","135->41",0,2.09225295390916e-06,0,1,0,"bridge",2.09225295390916e-06,1,1,"Peru","Sovereign",10,0.024,1,NA,"Haiti","Sovereign",2,0,2864.90585113105,NA
"41","2","2->41",1.4952848608416,0.000743277166210864,1,0,0,"2",0.000743277166210864,1,1,"United States of America","Sovereign",2,0.00694214876033058,1,NA,"Haiti","Sovereign",2,0,1017763.69750656,NA
"41","20","20->41",0,3.10984764509033e-06,1,0,0,"2",3.10984764509033e-06,1,1,"Canada (Province of Canada)","Colony of",2,0,1,NA,"Haiti","Sovereign",2,0,4258.29042224511,NA
"41","200","200->41",0,0.000111285224083966,0,1,0,"bridge",0.000111285224083966,1,1,"United Kingdom","Sovereign",0,0,1,NA,"Haiti","Sovereign",2,0,152382,NA
"41","210","210->41",0,6.22414833503942e-06,0,1,0,"bridge",6.22414833503942e-06,1,1,"Netherlands","Sovereign",3,0.0322784810126582,1,NA,"Haiti","Sovereign",2,0,8522.67836450919,NA
"41","211","211->41",0,2.57087190204666e-05,0,1,0,"bridge",2.57087190204666e-05,1,1,"Belgium","Sovereign",4,0.0291428571428571,1,NA,"Haiti","Sovereign",2,0,35202.7508954907,NA
"41","220","220->41",0.80072150765015,0.000266989835578179,0,1,0,"bridge",0.000266989835578179,1,1,"France","Sovereign",5,0.0336885245901639,1,NA,"Haiti","Sovereign",2,0,365587.124975164,NA
"41","230","230->41",0,1.16541662242968e-07,0,1,0,"bridge",1.16541662242968e-07,1,1,"Spain","Sovereign",7,0.0396103896103896,1,NA,"Haiti","Sovereign",2,0,159.579600275672,NA
"41","255","255->41",0,4.76550225070293e-05,0,1,0,"bridge",4.76550225070293e-05,1,1,"Germany (Zollverein)","Sovereign",1,0.0922314049586777,1,NA,"Haiti","Sovereign",2,0,65253.6551859484,NA
"41","31","31->41",0,7.30304262209226e-09,1,0,0,"2",7.30304262209226e-09,1,1,"Bahamas","Colony of",2,0,1,NA,"Haiti","Sovereign",2,0,10,NA
"41","51","51->41",0,3.60040001269149e-07,1,0,0,"2",3.60040001269149e-07,1,1,"Jamaica","Colony of",2,0,1,NA,"Haiti","Sovereign",2,0,493,NA
"42","2","2->42",1.5875199454726,0.000147382851709148,1,0,0,"2",0.000147382851709148,1,1,"United States of America","Sovereign",2,0.00694214876033058,1,NA,"Dominican Republic (Santo Domingo)","Sovereign",2,0,201810.203412073,NA
"42","200","200->42",0.679948369179013,6.98083238160555e-05,0,1,0,"bridge",6.98083238160555e-05,1,1,"United Kingdom","Sovereign",0,0,1,NA,"Dominican Republic (Santo Domingo)","Sovereign",2,0,95588,NA
"42","230","230->42",0,1.02335709244446e-06,0,1,0,"bridge",1.02335709244446e-06,1,1,"Spain","Sovereign",7,0.0396103896103896,1,NA,"Dominican Republic (Santo Domingo)","Sovereign",2,0,1401.2749827705,NA
"420","200","200->420",1.80882617696295,3.16718352434897e-05,0,1,0,"bridge",3.16718352434897e-05,1,1,"United Kingdom","Sovereign",0,0,1,1,"Gambia","Colony of",11,0,43368,23484
"420","211","211->420",0,1.61397241948239e-07,0,1,0,"bridge",1.61397241948239e-07,1,1,"Belgium","Sovereign",4,0.0291428571428571,1,1,"Gambia","Colony of",11,0,221,NA
"420","451","451->420",6.50718395815226,1.59936633423821e-07,1,0,0,"11",1.59936633423821e-07,1,1,"Sierra Leone","Colony of",11,0,1,1,"Gambia","Colony of",11,0,219,NA
"420","4781","4781->420",0.899140844513771,2.41000406529045e-08,1,0,0,"11",2.41000406529045e-08,1,1,"Lagos","Colony of",11,0.0225,1,1,"Gambia","Colony of",11,0,33,NA
"433","211","211->433",2.77582818208935,1.66509371783704e-07,0,1,0,"bridge",1.66509371783704e-07,1,1,"Belgium","Sovereign",4,0.0291428571428571,1,1,"Senegal","Colony of",11,0.09,228,NA
"433","451","451->433",8.61264618174059,1.09545639331384e-08,1,0,0,"11",1.09545639331384e-08,1,1,"Sierra Leone","Colony of",11,0,1,1,"Senegal","Colony of",11,0.09,15,NA
"433","615","615->433",3.9254802424542,8.9615718724502e-08,0.1,0.9,0.36,"bridge",8.9615718724502e-08,1,1,"Algeria (Regency of Algiers)","Colony of",5,0.0288636363636364,1,1,"Senegal","Colony of",11,0.09,122.710113252533,NA
"4341","4781","4781->4341",8.09095801462802,7.01092091720857e-08,1,0,0,"11",7.01092091720857e-08,1,1,"Lagos","Colony of",11,0.0225,NA,NA,"Old Dahomey","Sovereign (unrecognized)",11,0,96,NA
"4347","4781","4781->4347",8.09095801462802,2.47573144888928e-07,1,0,0,"11",2.47573144888928e-07,1,1,"Lagos","Colony of",11,0.0225,1,NA,"Cotonou","Possession of",11,0,339,NA
"4361","200","200->4361",1.8196737876035,0.000366459375733968,1,0,0,"0",0.000366459375733968,1,1,"United Kingdom","Sovereign",0,0,NA,NA,"Aïr","Sovereign (unrecognized)",0,0,501790,NA
"437","4781","4781->437",5.40201315434499,8.76365114651072e-09,0.1,0.9,0.36,"bridge",8.76365114651072e-09,1,1,"Lagos","Colony of",11,0.0225,1,1,"Ivory Coast","Protectorate of",5,0.24,12,NA
"437","615","615->437",4.94712484247215,1.20203467278785e-07,1,0,0,"5",1.20203467278785e-07,1,1,"Algeria (Regency of Algiers)","Colony of",5,0.0288636363636364,1,1,"Ivory Coast","Protectorate of",5,0.24,164.593681700775,NA
"450","2","2->450",1.97748909345302,5.30282238949535e-06,0,1,0,"bridge",5.30282238949535e-06,1,1,"United States of America","Sovereign",2,0.00694214876033058,1,NA,"Liberia","Sovereign (unrecognized)",11,0,7261.11384514436,NA
"450","451","451->450",5.80404430859904,1.31454767197661e-08,1,0,0,"11",1.31454767197661e-08,1,1,"Sierra Leone","Colony of",11,0,1,NA,"Liberia","Sovereign (unrecognized)",11,0,18,NA
"451","200","200->451",1.79932781728987,0.000212862513610385,0,1,0,"bridge",0.000212862513610385,1,1,"United Kingdom","Sovereign",0,0,1,1,"Sierra Leone","Colony of",11,0,291471,6785
"451","452","452->451",0.690544962360308,1.99373063583119e-07,1,0,0,"11",1.99373063583119e-07,1,1,"Ghana (Gold Coast)","Colony of",11,0,1,1,"Sierra Leone","Colony of",11,0,273,NA
"451","4781","4781->451",4.1392906227932,4.17587977131236e-06,1,0,0,"11",4.17587977131236e-06,1,1,"Lagos","Colony of",11,0.0225,1,1,"Sierra Leone","Colony of",11,0,5718,33
"452","200","200->452",1.79548631886887,0.000248482373695378,0,1,0,"bridge",0.000248482373695378,1,1,"United Kingdom","Sovereign",0,0,1,1,"Ghana (Gold Coast)","Colony of",11,0,340245,441494
"452","4781","4781->452",4.35696805572568,6.08343450420286e-06,1,0,0,"11",6.08343450420286e-06,1,1,"Lagos","Colony of",11,0.0225,1,1,"Ghana (Gold Coast)","Colony of",11,0,8330,1430
"460","4781","4781->460",8.09095801462802,7.30304262209226e-10,1,0,0,"11",7.30304262209226e-10,1,1,"Lagos","Colony of",11,0.0225,NA,NA,"German Togoland","Protectorate of",11,0,1,NA
"4781","200","200->4781",1.81279971346946,0.000154896073406052,0,1,0,"bridge",0.000154896073406052,1,1,"United Kingdom","Sovereign",0,0,1,1,"Lagos","Colony of",11,0.0225,212098,186110
"4781","451","451->4781",3.03126673625499,2.41000406529045e-08,1,0,0,"11",2.41000406529045e-08,1,1,"Sierra Leone","Colony of",11,0,1,1,"Lagos","Colony of",11,0.0225,33,5718
"4781","452","452->4781",2.6778668700184,1.04433509495919e-06,1,0,0,"11",1.04433509495919e-06,1,1,"Ghana (Gold Coast)","Colony of",11,0,1,1,"Lagos","Colony of",11,0.0225,1430,8330
"4782","4781","4781->4782",8.09095801462802,2.61448925870903e-07,1,0,0,"11",2.61448925870903e-07,1,1,"Lagos","Colony of",11,0.0225,1,NA,"Oil Rivers Protectorate","Protectorate of",11,0,358,NA
"490","200","200->490",0.13468378884643,4.8050368932056e-05,0,1,0,"bridge",4.8050368932056e-05,1,1,"United Kingdom","Sovereign",0,0,1,NA,"Democratic Republic of the Congo (Zaire) (Kinshasa) (Belgian Congo) (Congo Free State)","Possession of",4,0,65795,NA
"490","211","211->490",3.04233671402141,0.000210872354162207,1,0,0,"4",0.000210872354162207,1,1,"Belgium","Sovereign",4,0.0291428571428571,1,NA,"Democratic Republic of the Congo (Zaire) (Kinshasa) (Belgian Congo) (Congo Free State)","Possession of",4,0,288745.88999974,NA
"490","235","235->490",0,6.15281340911295e-08,0,1,0,"bridge",6.15281340911295e-08,1,1,"Portugal","Sovereign",6,0,1,NA,"Democratic Republic of the Congo (Zaire) (Kinshasa) (Belgian Congo) (Congo Free State)","Possession of",4,0,84.250000000003,NA
"490","300","300->490",0,1.22414117386328e-07,0,1,0,"bridge",1.22414117386328e-07,1,1,"Austria-Hungary (Austrian Empire)","Sovereign",8,0.0101408450704225,1,NA,"Democratic Republic of the Congo (Zaire) (Kinshasa) (Belgian Congo) (Congo Free State)","Possession of",4,0,167.620707862249,NA
"5","1055","1055->5",0,3.65152131104613e-09,1,0,0,"2",3.65152131104613e-09,1,NA,"Windward Is.","Colony of",2,0,1,NA,"Virgin Islands (Danish West Indies)","Colony of",2,0,5,NA
"5","110","110->5",0,2.84818662261598e-08,1,0,0,"2",2.84818662261598e-08,1,1,"Guyana (British Guiana)","Colony of",2,0,1,NA,"Virgin Islands (Danish West Indies)","Colony of",2,0,39,NA
"5","2","2->5",0.75551329414246,9.1474172908602e-05,1,0,0,"2",9.1474172908602e-05,1,1,"United States of America","Sovereign",2,0.00694214876033058,1,NA,"Virgin Islands (Danish West Indies)","Colony of",2,0,125254.880249344,NA
"5","20","20->5",0.160372773096566,5.13935642072923e-06,1,0,0,"2",5.13935642072923e-06,1,1,"Canada (Province of Canada)","Colony of",2,0,1,NA,"Virgin Islands (Danish West Indies)","Colony of",2,0,7037.28115345005,NA
"5","200","200->5",0.114529783695019,5.6563525716629e-05,0,1,0,"bridge",5.6563525716629e-05,1,1,"United Kingdom","Sovereign",0,0,1,NA,"Virgin Islands (Danish West Indies)","Colony of",2,0,77452,NA
"5","220","220->5",1.58541742511953,0.000150907298370275,0,1,0,"bridge",0.000150907298370275,1,1,"France","Sovereign",5,0.0336885245901639,1,NA,"Virgin Islands (Danish West Indies)","Colony of",2,0,206636.201072919,NA
"5","255","255->5",0,6.30622854228358e-06,0,1,0,"bridge",6.30622854228358e-06,1,1,"Germany (Zollverein)","Sovereign",1,0.0922314049586777,1,NA,"Virgin Islands (Danish West Indies)","Colony of",2,0,8635.07015994505,NA
"5","30","30->5",3.33049390750363,7.19349698276088e-07,1,0,0,"2",7.19349698276088e-07,1,1,"Bermuda","Colony of",2,0,1,NA,"Virgin Islands (Danish West Indies)","Colony of",2,0,985,NA
"5","390","390->5",0,8.05186617650746e-08,0,1,0,"bridge",8.05186617650746e-08,1,1,"Denmark","Sovereign",1,0.02,1,NA,"Virgin Islands (Danish West Indies)","Colony of",2,0,110.253583241455,NA
"51","1055","1055->51",3.25255663074823,2.42994318429594e-08,1,0,0,"2",2.42994318429594e-08,1,NA,"Windward Is.","Colony of",2,0,1,1,"Jamaica","Colony of",2,0,33.2730248204382,NA
"51","211","211->51",3.11809947720579,2.21728407353406e-06,0,1,0,"bridge",2.21728407353406e-06,1,1,"Belgium","Sovereign",4,0.0291428571428571,1,1,"Jamaica","Colony of",2,0,3036.10999999727,5483
"51","30","30->51",6.83158333989998,1.93530629485445e-07,1,0,0,"2",1.93530629485445e-07,1,1,"Bermuda","Colony of",2,0,1,1,"Jamaica","Colony of",2,0,265,NA
"51","31","31->51",5.82385849887596,9.05577285139441e-08,1,0,0,"2",9.05577285139441e-08,1,1,"Bahamas","Colony of",2,0,1,1,"Jamaica","Colony of",2,0,124,NA
"510","200","200->510",0,7.01092091720857e-07,0,1,0,"bridge",7.01092091720857e-07,1,1,"United Kingdom","Sovereign",0,0,1,NA,"German East Africa","Colony of",12,0,960,NA
"510","255","255->510",1.28960668326418,7.87920259345544e-05,0,1,0,"bridge",7.87920259345544e-05,1,1,"Germany (Zollverein)","Sovereign",1,0.0922314049586777,1,NA,"German East Africa","Colony of",12,0,107889.314100677,NA
"510","511","511->510",7.19228388514248,0.000170224429565562,1,0,0,"12",0.000170224429565562,1,1,"Zanzibar","Protectorate of",12,0,1,NA,"German East Africa","Colony of",12,0,233087,NA
"511","200","200->511",0.356429631103388,6.94161504272492e-05,0,1,0,"bridge",6.94161504272492e-05,1,1,"United Kingdom","Sovereign",0,0,1,1,"Zanzibar","Protectorate of",12,0,95051,105028
"511","211","211->511",0.587423526485251,2.0956811108356e-05,0,1,0,"bridge",2.0956811108356e-05,1,1,"Belgium","Sovereign",4,0.0291428571428571,1,1,"Zanzibar","Protectorate of",12,0,28696,NA
"511","681","681->511",4.09612771288638,2.35654597912479e-05,1,0,0,"12",2.35654597912479e-05,1,1,"Aden","Dependency of",12,0,1,1,"Zanzibar","Protectorate of",12,0,32268.0025445293,NA
"511","750","750->511",2.58319666215304,0.000185935976185624,0,1,0,"bridge",0.000185935976185624,1,1,"India","Colony of",9,0.00228915662650603,1,1,"Zanzibar","Protectorate of",12,0,254600.699745547,126641
"52","1055","1055->52",7.89095028575396,1.25069175695712e-05,1,0,0,"2",1.25069175695712e-05,1,NA,"Windward Is.","Colony of",2,0,NA,NA,"Trinidad and Tobago","Colony of",2,0,17125.6258750796,NA
"52","1063","1063->52",1.94568941311928,3.35939960616244e-08,1,0,0,"2",3.35939960616244e-08,1,1,"Leeward Is.","Colony of",2,0,NA,NA,"Trinidad and Tobago","Colony of",2,0,46,NA
"52","31","31->52",3.248533983328,3.43243003238336e-08,1,0,0,"2",3.43243003238336e-08,1,1,"Bahamas","Colony of",2,0,NA,NA,"Trinidad and Tobago","Colony of",2,0,47,NA
"521","681","681->521",6.63970935311328,0.000148554432675565,1,0,0,"12",0.000148554432675565,1,1,"Aden","Dependency of",12,0,NA,NA,"Somaliland Republic (British Somaliland)","Protectorate of",12,0,203414.440203562,NA
"522","200","200->522",1.8196737876035,1.30870523787893e-06,1,0,0,"0",1.30870523787893e-06,1,1,"United Kingdom","Sovereign",0,0,NA,NA,"Djibouti (Afar and Issas) (French Somaliland)","Colony of",0,0,1792,NA
"53","1055","1055->53",7.71117805291788,1.33258084226789e-05,1,0,0,"2",1.33258084226789e-05,1,NA,"Windward Is.","Colony of",2,0,1,1,"Barbados","Colony of",2,0,18246.9268115283,NA
"53","1063","1063->53",5.223728747503,1.13635343199756e-06,1,0,0,"2",1.13635343199756e-06,1,1,"Leeward Is.","Colony of",2,0,1,1,"Barbados","Colony of",2,0,1556,NA
"53","165","165->53",3.12785909653251,1.48342317747589e-06,0,1,0,"bridge",1.48342317747589e-06,1,1,"Uruguay","Sovereign",10,0,1,1,"Barbados","Colony of",2,0,2031.23992866811,NA
"53","30","30->53",2.62234581326345,1.82576065552307e-08,1,0,0,"2",1.82576065552307e-08,1,1,"Bermuda","Colony of",2,0,1,1,"Barbados","Colony of",2,0,25,1356
"53","31","31->53",3.7603635937405,7.30304262209226e-08,1,0,0,"2",7.30304262209226e-08,1,1,"Bahamas","Colony of",2,0,1,1,"Barbados","Colony of",2,0,100,NA
"530","200","200->530",0,8.91117260747698e-06,0,1,0,"bridge",8.91117260747698e-06,1,1,"United Kingdom","Sovereign",0,0,1,NA,"Ethiopia (Abyssinia)","Sovereign (unrecognized)",12,0,12202,NA
"530","681","681->530",5.56235981080965,6.26834735756617e-05,1,0,0,"12",6.26834735756617e-05,1,1,"Aden","Dependency of",12,0,1,NA,"Ethiopia (Abyssinia)","Sovereign (unrecognized)",12,0,85831.9974554707,NA
"530","750","750->530",2.56865951431707,0.000112499515661158,0,1,0,"bridge",0.000112499515661158,1,1,"India","Colony of",9,0.00228915662650603,1,NA,"Ethiopia (Abyssinia)","Sovereign (unrecognized)",12,0,154044.720101781,NA
"531","681","681->531",6.63970935311328,2.28192672302043e-05,1,0,0,"12",2.28192672302043e-05,1,1,"Aden","Dependency of",12,0,NA,NA,"Eritrea","Colony of",12,0,31246.2468193384,NA
"540","2","2->540",0,7.75071913482652e-06,0,1,0,"bridge",7.75071913482652e-06,1,1,"United States of America","Sovereign",2,0.00694214876033058,1,NA,"Angola","Colony of",6,0,10613,NA
"540","235","235->540",5.73583903374644,0.000110455306320396,1,0,0,"6",0.000110455306320396,1,1,"Portugal","Sovereign",6,0,1,NA,"Angola","Colony of",6,0,151245.600000005,NA
"541","2","2->541",0,5.69637324523197e-07,0,1,0,"bridge",5.69637324523197e-07,1,1,"United States of America","Sovereign",2,0.00694214876033058,1,NA,"Mozambique (Portuguese East Africa)","Colony of",6,0,780,NA
"541","200","200->541",1.18933207668812,0.000139264640977726,0,1,0,"bridge",0.000139264640977726,1,1,"United Kingdom","Sovereign",0,0,1,NA,"Mozambique (Portuguese East Africa)","Colony of",6,0,190694,NA
"541","235","235->541",3.58597366832178,2.84752204573747e-05,1,0,0,"6",2.84752204573747e-05,1,1,"Portugal","Sovereign",6,0,1,NA,"Mozambique (Portuguese East Africa)","Colony of",6,0,38990.9000000014,NA
"541","561","561->541",1.68598672268897,1.22128781769249e-05,0,1,0,"bridge",1.22128781769249e-05,1,1,"Cape Colony (Cape of Good Hope)","Colony of",0,0,1,NA,"Mozambique (Portuguese East Africa)","Colony of",6,0,16723,NA
"541","590","590->541",0,9.12880327761533e-08,0,1,0,"bridge",9.12880327761533e-08,1,1,"Mauritius","Colony of",9,0,1,NA,"Mozambique (Portuguese East Africa)","Colony of",6,0,125,NA
"541","681","681->541",1.38677277693367,1.36859018738009e-06,0,1,0,"bridge",1.36859018738009e-06,1,1,"Aden","Dependency of",12,0,1,NA,"Mozambique (Portuguese East Africa)","Colony of",6,0,1874,NA
"541","750","750->541",1.87135226930238,7.95918755263708e-05,0,1,0,"bridge",7.95918755263708e-05,1,1,"India","Colony of",9,0.00228915662650603,1,NA,"Mozambique (Portuguese East Africa)","Colony of",6,0,108984.541984733,NA
"561","200","200->561",1.64585600655399,0.00439384346019427,1,0,0,"0",0.00439384346019427,1,1,"United Kingdom","Sovereign",0,0,1,1,"Cape Colony (Cape of Good Hope)","Colony of",0,0,6016456,11474561
"561","210","210->561",0,5.69064299824823e-05,0,1,0,"bridge",5.69064299824823e-05,1,1,"Netherlands","Sovereign",3,0.0322784810126582,1,1,"Cape Colony (Cape of Good Hope)","Colony of",0,0,77921.5361695084,3406
"561","211","211->561",0,1.47565279221996e-05,0,1,0,"bridge",1.47565279221996e-05,1,1,"Belgium","Sovereign",4,0.0291428571428571,1,1,"Cape Colony (Cape of Good Hope)","Colony of",0,0,20206,90895
"561","255","255->561",0,0.000262174285476642,0,1,0,"bridge",0.000262174285476642,1,1,"Germany (Zollverein)","Sovereign",1,0.0922314049586777,1,1,"Cape Colony (Cape of Good Hope)","Colony of",0,0,358993.229319988,59887
"561","300","300->561",0,1.22414117386328e-07,0,1,0,"bridge",1.22414117386328e-07,1,1,"Austria-Hungary (Austrian Empire)","Sovereign",8,0.0101408450704225,1,1,"Cape Colony (Cape of Good Hope)","Colony of",0,0,167.620707862249,31
"561","380","380->561",0.536375053240334,0.000112487575658284,0,1,0,"bridge",0.000112487575658284,1,1,"Sweden","Sovereign",1,0.0156521739130435,1,1,"Cape Colony (Cape of Good Hope)","Colony of",0,0,154028.370747831,44
"561","562","562->561",3.20496315691233,0.000119306886100072,1,0,0,"0",0.000119306886100072,1,1,"Natal","Colony of",0,0,1,1,"Cape Colony (Cape of Good Hope)","Colony of",0,0,163366,58270
"561","590","590->561",2.74230003954004,0.000104310088075606,0,1,0,"bridge",0.000104310088075606,1,1,"Mauritius","Colony of",9,0,1,1,"Cape Colony (Cape of Good Hope)","Colony of",0,0,142831,18608
"561","750","750->561",0,0.000105013107204273,0,1,0,"bridge",0.000105013107204273,1,1,"India","Colony of",9,0.00228915662650603,1,1,"Cape Colony (Cape of Good Hope)","Colony of",0,0,143793.638676845,7801
"561","903","903->561",0.5059140152288,4.90983555483263e-05,0,1,0,"bridge",4.90983555483263e-05,1,1,"South Australia","Colony of",13,0,1,1,"Cape Colony (Cape of Good Hope)","Colony of",0,0,67230,NA
"561","904","904->561",0,9.94601374702745e-06,0,1,0,"bridge",9.94601374702745e-06,1,1,"Victoria","Colony of",13,0,1,1,"Cape Colony (Cape of Good Hope)","Colony of",0,0,13619,787
"562","200","200->562",1.6784638569003,0.00139709250212559,1,0,0,"0",0.00139709250212559,1,1,"United Kingdom","Sovereign",0,0,1,1,"Natal","Colony of",0,0,1913028,1034447
"562","561","561->562",1.11764830970818,4.25548293589316e-05,1,0,0,"0",4.25548293589316e-05,1,1,"Cape Colony (Cape of Good Hope)","Colony of",0,0,1,1,"Natal","Colony of",0,0,58270,163366
"562","750","750->562",0.092405880896466,8.26493045406528e-05,0,1,0,"bridge",8.26493045406528e-05,1,1,"India","Colony of",9,0.00228915662650603,1,1,"Natal","Colony of",0,0,113171.055979644,14138
"562","903","903->562",2.2528210698742,8.66878462284974e-05,0,1,0,"bridge",8.66878462284974e-05,1,1,"South Australia","Colony of",13,0,1,1,"Natal","Colony of",0,0,118701,1454
"563","211","211->563",0,2.30367176471071e-07,0,1,0,"bridge",2.30367176471071e-07,1,1,"Belgium","Sovereign",4,0.0291428571428571,1,NA,"Transvaal (South African Republic)","Sovereign (unrecognized)",1,0,315.439999999716,NA
"563","255","255->563",2.43821453970933,4.67950822512634e-05,1,0,0,"1",4.67950822512634e-05,1,1,"Germany (Zollverein)","Sovereign",1,0.0922314049586777,1,NA,"Transvaal (South African Republic)","Sovereign (unrecognized)",1,0,64076.1456186831,NA
"565","561","561->565",4.75021346528583,1.41240844311264e-06,1,0,0,"0",1.41240844311264e-06,1,1,"Cape Colony (Cape of Good Hope)","Colony of",0,0,NA,NA,"Namibia (South West Africa) (German South West Africa)","Colony of",0,0,1934,NA
"580","200","200->580",1.33576380193735,6.38804441197032e-05,0,1,0,"bridge",6.38804441197032e-05,1,1,"United Kingdom","Sovereign",0,0,1,NA,"Madagascar (Malagasy Republic)","Protectorate of",9,0,87471,NA
"580","211","211->580",0,2.87958970588839e-08,0,1,0,"bridge",2.87958970588839e-08,1,1,"Belgium","Sovereign",4,0.0291428571428571,1,NA,"Madagascar (Malagasy Republic)","Protectorate of",9,0,39.4299999999646,NA
"580","561","561->580",0,6.57273835988304e-09,0,1,0,"bridge",6.57273835988304e-09,1,1,"Cape Colony (Cape of Good Hope)","Colony of",0,0,1,NA,"Madagascar (Malagasy Republic)","Protectorate of",9,0,9,NA
"580","590","590->580",5.66881732572787,3.85914681279222e-05,1,0,0,"9",3.85914681279222e-05,1,1,"Mauritius","Colony of",9,0,1,NA,"Madagascar (Malagasy Republic)","Protectorate of",9,0,52843,NA
"580","681","681->580",0,7.59516432697596e-08,0,1,0,"bridge",7.59516432697596e-08,1,1,"Aden","Dependency of",12,0,1,NA,"Madagascar (Malagasy Republic)","Protectorate of",9,0,104,NA
"580","750","750->580",0,1.05675770053901e-06,1,0,0,"9",1.05675770053901e-06,1,1,"India","Colony of",9,0.00228915662650603,1,NA,"Madagascar (Malagasy Republic)","Protectorate of",9,0,1447.01017811705,NA
"5801","615","615->5801",5.01749645081597,2.95749284171438e-07,1,0,0,"5",2.95749284171438e-07,1,1,"Algeria (Regency of Algiers)","Colony of",5,0.0288636363636364,1,1,"Nossi Be","Colony of",5,0.18,404.967216371945,NA
"5803","615","615->5803",5.01749645081597,1.16715187035687e-06,1,0,0,"5",1.16715187035687e-06,1,1,"Algeria (Regency of Algiers)","Colony of",5,0.0288636363636364,1,NA,"St. Marie de Madagascar","Possession of",5,0,1598.17206437512,NA
"585","200","200->585",0,6.11556789174006e-06,0,1,0,"bridge",6.11556789174006e-06,1,1,"United Kingdom","Sovereign",0,0,1,1,"Reunion (Bourbon I.)","Colony of",9,0,8374,NA
"585","211","211->585",0,7.96031645808057e-08,0,1,0,"bridge",7.96031645808057e-08,1,1,"Belgium","Sovereign",4,0.0291428571428571,1,1,"Reunion (Bourbon I.)","Colony of",9,0,109,NA
"585","220","220->585",1.67586990958105,0.000203144440113832,0,1,0,"bridge",0.000203144440113832,1,1,"France","Sovereign",5,0.0336885245901639,1,1,"Reunion (Bourbon I.)","Colony of",9,0,278164.116828929,625098.549572819
"585","590","590->585",4.6886311715652,5.34757992960084e-05,1,0,0,"9",5.34757992960084e-05,1,1,"Mauritius","Colony of",9,0,1,1,"Reunion (Bourbon I.)","Colony of",9,0,73224,NA
"585","681","681->585",0,2.52685274724392e-07,0,1,0,"bridge",2.52685274724392e-07,1,1,"Aden","Dependency of",12,0,1,1,"Reunion (Bourbon I.)","Colony of",9,0,346,NA
"585","750","750->585",1.89844929031102,0.000119653338353847,1,0,0,"9",0.000119653338353847,1,1,"India","Colony of",9,0.00228915662650603,1,1,"Reunion (Bourbon I.)","Colony of",9,0,163840.394402036,NA
"590","165","165->590",0,1.83254699489538e-06,0,1,0,"bridge",1.83254699489538e-06,1,1,"Uruguay","Sovereign",10,0,1,1,"Mauritius","Colony of",9,0,2509.29248222074,NA
"590","200","200->590",0.484270741579215,0.000197245687267303,0,1,0,"bridge",0.000197245687267303,1,1,"United Kingdom","Sovereign",0,0,1,1,"Mauritius","Colony of",9,0,270087,321243
"590","210","210->590",0,1.40838348861736e-08,0,1,0,"bridge",1.40838348861736e-08,1,1,"Netherlands","Sovereign",3,0.0322784810126582,1,1,"Mauritius","Colony of",9,0,19.2848866081775,NA
"590","211","211->590",0,1.87469104109108e-06,0,1,0,"bridge",1.87469104109108e-06,1,1,"Belgium","Sovereign",4,0.0291428571428571,1,1,"Mauritius","Colony of",9,0,2567,NA
"590","561","561->590",0.739657885719686,1.35895017111893e-05,0,1,0,"bridge",1.35895017111893e-05,1,1,"Cape Colony (Cape of Good Hope)","Colony of",0,0,1,1,"Mauritius","Colony of",9,0,18608,142831
"590","562","562->590",2.24031073569807,6.52161706152839e-06,0,1,0,"bridge",6.52161706152839e-06,1,1,"Natal","Colony of",0,0,1,1,"Mauritius","Colony of",9,0,8930,NA
"590","681","681->590",0,9.18548083486058e-07,0,1,0,"bridge",9.18548083486058e-07,1,1,"Aden","Dependency of",12,0,1,1,"Mauritius","Colony of",9,0,1257.76081424936,NA
"590","750","750->590",2.58150456692227,0.000464146267557498,1,0,0,"9",0.000464146267557498,1,1,"India","Colony of",9,0.00228915662650603,1,1,"Mauritius","Colony of",9,0,635551.908396946,839397
"590","780","780->590",2.0798602715672,1.73527595743534e-05,1,0,0,"9",1.73527595743534e-05,1,1,"Sri Lanka (Ceylon)","Colony of",9,0,1,1,"Mauritius","Colony of",9,0,23761,87416
"590","901","901->590",0.0484927207522317,1.24648331473871e-05,0,1,0,"bridge",1.24648331473871e-05,1,1,"New South Wales","Colony of",13,0,1,1,"Mauritius","Colony of",9,0,17068,67839
"590","902","902->590",2.03031741932067,3.53175141204382e-06,0,1,0,"bridge",3.53175141204382e-06,1,1,"Western Australia","Colony of",13,0,1,1,"Mauritius","Colony of",9,0,4836,3303
"590","903","903->590",0.572250874446413,7.52505511780387e-06,0,1,0,"bridge",7.52505511780387e-06,1,1,"South Australia","Colony of",13,0,1,1,"Mauritius","Colony of",9,0,10304,18690
"590","904","904->590",1.08202542148844,2.27949869363366e-05,0,1,0,"bridge",2.27949869363366e-05,1,1,"Victoria","Colony of",13,0,1,1,"Mauritius","Colony of",9,0,31213,57609
"590","920","920->590",0,2.2639432128486e-08,0,1,0,"bridge",2.2639432128486e-08,1,1,"New Zealand","Colony of",13,0,1,1,"Mauritius","Colony of",9,0,31,5149
"6","2","2->6",0.883079854507263,0.000420594486194423,0,1,0,"bridge",0.000420594486194423,1,1,"United States of America","Sovereign",2,0.00694214876033058,1,NA,"Puerto Rico","Colony of",7,0.045,575916.789698163,NA
"6","20","20->6",2.01700192730465,0.000133166861571668,0,1,0,"bridge",0.000133166861571668,1,1,"Canada (Province of Canada)","Colony of",2,0,1,NA,"Puerto Rico","Colony of",7,0.045,182344.357636402,NA
"6","200","200->6",0,1.7839920307273e-05,0,1,0,"bridge",1.7839920307273e-05,1,1,"United Kingdom","Sovereign",0,0,1,NA,"Puerto Rico","Colony of",7,0.045,24428.0654385144,NA
"6","211","211->6",0,3.49326437742539e-05,0,1,0,"bridge",3.49326437742539e-05,1,1,"Belgium","Sovereign",4,0.0291428571428571,1,NA,"Puerto Rico","Colony of",7,0.045,47833,NA
"6","220","220->6",0,5.52248780039995e-05,0.1,0.9,0.36,"bridge",5.52248780039995e-05,1,1,"France","Sovereign",5,0.0336885245901639,1,NA,"Puerto Rico","Colony of",7,0.045,75619,NA
"6","230","230->6",3.06734277404996,0.000512332271715662,1,0,0,"7",0.000512332271715662,1,1,"Spain","Sovereign",7,0.0396103896103896,1,NA,"Puerto Rico","Colony of",7,0.045,701532.632667126,NA
"6","255","255->6",0,8.55142472791272e-05,0,1,0,"bridge",8.55142472791272e-05,1,1,"Germany (Zollverein)","Sovereign",1,0.0922314049586777,1,NA,"Puerto Rico","Colony of",7,0.045,117094,NA
"6","31","31->6",0,7.30304262209226e-10,0,1,0,"bridge",7.30304262209226e-10,1,1,"Bahamas","Colony of",2,0,1,NA,"Puerto Rico","Colony of",7,0.045,1,NA
"600","200","200->600",1.1249734533009,0.000426049282313192,0,1,0,"bridge",0.000426049282313192,1,1,"United Kingdom","Sovereign",0,0,1,NA,"Morocco","Sovereign",7,0.0327272727272727,583386,NA
"600","210","210->600",0,3.16571967593807e-06,0,1,0,"bridge",3.16571967593807e-06,1,1,"Netherlands","Sovereign",3,0.0322784810126582,1,NA,"Morocco","Sovereign",7,0.0327272727272727,4334.7955636484,NA
"600","211","211->600",0,6.5464474064435e-06,0,1,0,"bridge",6.5464474064435e-06,1,1,"Belgium","Sovereign",4,0.0291428571428571,1,NA,"Morocco","Sovereign",7,0.0327272727272727,8964,NA
"600","220","220->600",1.29825554035881,0.000310520787031143,0.1,0.9,0.36,"bridge",0.000310520787031143,1,1,"France","Sovereign",5,0.0336885245901639,1,NA,"Morocco","Sovereign",7,0.0327272727272727,425193.721438506,NA
"600","230","230->600",1.29662260588556,5.90836532222798e-05,1,0,0,"7",5.90836532222798e-05,1,1,"Spain","Sovereign",7,0.0396103896103896,1,NA,"Morocco","Sovereign",7,0.0327272727272727,80902.7911784976,NA
"600","235","235->600",0,1.47667521818711e-07,0,1,0,"bridge",1.47667521818711e-07,1,1,"Portugal","Sovereign",6,0,1,NA,"Morocco","Sovereign",7,0.0327272727272727,202.200000000007,NA
"600","255","255->600",0,4.06321770849408e-05,0,1,0,"bridge",4.06321770849408e-05,1,1,"Germany (Zollverein)","Sovereign",1,0.0922314049586777,1,NA,"Morocco","Sovereign",7,0.0327272727272727,55637.3270532823,NA
"600","300","300->600",0,8.56898821704298e-07,0,1,0,"bridge",8.56898821704298e-07,1,1,"Austria-Hungary (Austrian Empire)","Sovereign",8,0.0101408450704225,1,NA,"Morocco","Sovereign",7,0.0327272727272727,1173.34495503575,NA
"600","380","380->600",0,2.37348885217999e-07,0,1,0,"bridge",2.37348885217999e-07,1,1,"Sweden","Sovereign",1,0.0156521739130435,1,NA,"Morocco","Sovereign",7,0.0327272727272727,325,NA
"600","615","615->600",0,4.88539161966325e-06,0,1,0,"bridge",4.88539161966325e-06,1,1,"Algeria (Regency of Algiers)","Colony of",5,0.0288636363636364,1,NA,"Morocco","Sovereign",7,0.0327272727272727,6689.52910788794,NA
"600","651","651->600",0,1.2976594040506e-06,0,1,0,"bridge",1.2976594040506e-06,1,1,"Egypt Arab Republic (Egypt)","Occupied by",8,0.0189473684210526,1,NA,"Morocco","Sovereign",7,0.0327272727272727,1776.87502483565,NA
"6067","210","210->6067",0,5.11212983546458e-09,0,1,0,"bridge",5.11212983546458e-09,1,1,"Netherlands","Sovereign",3,0.0322784810126582,NA,NA,"Captaincy-general of north Africa","Colony of",7,0,7,NA
"6067","230","230->6067",3.96681304313747,4.6205912789407e-05,1,0,0,"7",4.6205912789407e-05,1,1,"Spain","Sovereign",7,0.0396103896103896,NA,NA,"Captaincy-general of north Africa","Colony of",7,0,63269.4004135079,NA
"615","200","200->615",0,0.000243756574814622,0,1,0,"bridge",0.000243756574814622,1,1,"United Kingdom","Sovereign",0,0,1,1,"Algeria (Regency of Algiers)","Colony of",5,0.0288636363636364,333774,533027.935624876
"615","210","210->615",0,2.87358588192573e-07,0,1,0,"bridge",2.87358588192573e-07,1,1,"Netherlands","Sovereign",3,0.0322784810126582,1,1,"Algeria (Regency of Algiers)","Colony of",5,0.0288636363636364,393.477901009767,47115.5573216769
"615","211","211->615",0,1.75813448084249e-05,0,1,0,"bridge",1.75813448084249e-05,1,1,"Belgium","Sovereign",4,0.0291428571428571,1,1,"Algeria (Regency of Algiers)","Colony of",5,0.0288636363636364,24074,162901.251738526
"615","220","220->615",2.21586385974497,0.00550231226365465,0.9,0.1,0.36,"5",0.00550231226365465,1,1,"France","Sovereign",5,0.0336885245901639,1,1,"Algeria (Regency of Algiers)","Colony of",5,0.0288636363636364,7534273.79296642,7760778.85952712
"615","225","225->615",0,3.72082718552979e-05,0,1,0,"bridge",3.72082718552979e-05,1,1,"Switzerland","Sovereign",8,0.015,1,1,"Algeria (Regency of Algiers)","Colony of",5,0.0288636363636364,50949,NA
"615","230","230->615",0,8.60006752157486e-05,0,1,0,"bridge",8.60006752157486e-05,1,1,"Spain","Sovereign",7,0.0396103896103896,1,1,"Algeria (Regency of Algiers)","Colony of",5,0.0288636363636364,117760.062026189,93450.0695410292
"615","255","255->615",0,8.17718306312492e-05,0,1,0,"bridge",8.17718306312492e-05,1,1,"Germany (Zollverein)","Sovereign",1,0.0922314049586777,1,1,"Algeria (Regency of Algiers)","Colony of",5,0.0288636363636364,111969.537715531,15914.4844029406
"615","300","300->615",0,2.20957481882322e-05,0,1,0,"bridge",2.20957481882322e-05,1,1,"Austria-Hungary (Austrian Empire)","Sovereign",8,0.0101408450704225,1,1,"Algeria (Regency of Algiers)","Colony of",5,0.0288636363636364,30255.537769136,11128.432346513
"615","325","325->615",0,2.20107807084801e-05,0,1,0,"bridge",2.20107807084801e-05,1,1,"Italy","Sovereign",8,0.00947368421052632,1,1,"Algeria (Regency of Algiers)","Colony of",5,0.0288636363636364,30139.1924536984,85491.3570435128
"615","338","338->615",0,4.96606898302274e-08,0,1,0,"bridge",4.96606898302274e-08,1,1,"Malta","Colony of",8,0.0128571428571429,1,1,"Algeria (Regency of Algiers)","Colony of",5,0.0288636363636364,68,16903
"615","380","380->615",0,1.512708456635e-05,0,1,0,"bridge",1.512708456635e-05,1,1,"Sweden","Sovereign",1,0.0156521739130435,1,1,"Algeria (Regency of Algiers)","Colony of",5,0.0288636363636364,20713.4003580774,10659.7258096563
"615","385","385->615",0,2.50351340193968e-07,0,1,0,"bridge",2.50351340193968e-07,1,1,"Norway","Sovereign (limited)",1,0.0128571428571429,1,1,"Algeria (Regency of Algiers)","Colony of",5,0.0288636363636364,342.804161428055,105.781839856944
"615","651","651->615",0,7.85442234006023e-06,0,1,0,"bridge",7.85442234006023e-06,1,1,"Egypt Arab Republic (Egypt)","Occupied by",8,0.0189473684210526,1,1,"Algeria (Regency of Algiers)","Colony of",5,0.0288636363636364,10755,5660.40135108285
"615","710","710->615",0,4.66372301846812e-06,0,1,0,"bridge",4.66372301846812e-06,1,1,"People's Republic of China (China)","Sovereign",3,0.0661111111111111,1,1,"Algeria (Regency of Algiers)","Colony of",5,0.0288636363636364,6386,26.8229684085039
"616","200","200->616",0,8.12814037753625e-05,0,1,0,"bridge",8.12814037753625e-05,1,1,"United Kingdom","Sovereign",0,0,1,NA,"Tunisia (Regency of Tunis)","Protectorate of",8,0.03,111298,NA
"616","210","210->616",0,5.40425154034828e-08,0,1,0,"bridge",5.40425154034828e-08,1,1,"Netherlands","Sovereign",3,0.0322784810126582,1,NA,"Tunisia (Regency of Tunis)","Protectorate of",8,0.03,74,NA
"616","211","211->616",0,8.96375451435604e-06,0,1,0,"bridge",8.96375451435604e-06,1,1,"Belgium","Sovereign",4,0.0291428571428571,1,NA,"Tunisia (Regency of Tunis)","Protectorate of",8,0.03,12274,NA
"616","220","220->616",1.97071381687483,0.000600727130050904,0,1,0,"bridge",0.000600727130050904,1,1,"France","Sovereign",5,0.0336885245901639,1,NA,"Tunisia (Regency of Tunis)","Protectorate of",8,0.03,822571.031194119,NA
"616","225","225->616",0.195032183581914,1.89711138194091e-05,1,0,0,"8",1.89711138194091e-05,1,1,"Switzerland","Sovereign",8,0.015,1,NA,"Tunisia (Regency of Tunis)","Protectorate of",8,0.03,25977,NA
"616","255","255->616",0,2.92042252254462e-06,0.9,0.1,0.36,"1",2.92042252254462e-06,1,1,"Germany (Zollverein)","Sovereign",1,0.0922314049586777,1,NA,"Tunisia (Regency of Tunis)","Protectorate of",8,0.03,3998.91206126897,NA
"616","300","300->616",0,1.42612446755072e-05,1,0,0,"8",1.42612446755072e-05,1,1,"Austria-Hungary (Austrian Empire)","Sovereign",8,0.0101408450704225,1,NA,"Tunisia (Regency of Tunis)","Protectorate of",8,0.03,19527.812465952,NA
"616","325","325->616",0.561417397368621,3.88340316840707e-05,1,0,0,"8",3.88340316840707e-05,1,1,"Italy","Sovereign",8,0.00947368421052632,1,NA,"Tunisia (Regency of Tunis)","Protectorate of",8,0.03,53175.1404087316,NA
"616","338","338->616",6.59336725127369,2.17952004013722e-05,1,0,0,"8",2.17952004013722e-05,1,1,"Malta","Colony of",8,0.0128571428571429,1,NA,"Tunisia (Regency of Tunis)","Protectorate of",8,0.03,29844,NA
"616","380","380->616",0,3.24985396683106e-07,0,1,0,"bridge",3.24985396683106e-07,1,1,"Sweden","Sovereign",1,0.0156521739130435,1,NA,"Tunisia (Regency of Tunis)","Protectorate of",8,0.03,445,NA
"616","615","615->616",2.27265434351898,5.41547091756942e-05,0,1,0,"bridge",5.41547091756942e-05,1,1,"Algeria (Regency of Algiers)","Colony of",5,0.0288636363636364,1,NA,"Tunisia (Regency of Tunis)","Protectorate of",8,0.03,74153.6260679515,NA
"616","640","640->616",0,4.76025596367287e-07,1,0,0,"8",4.76025596367287e-07,1,1,"Turkey (Ottoman Empire)","Sovereign",8,0.0167441860465116,1,NA,"Tunisia (Regency of Tunis)","Protectorate of",8,0.03,651.818181818182,NA
"625","681","681->625",6.63970935311328,5.17029401716216e-06,1,0,0,"12",5.17029401716216e-06,1,1,"Aden","Dependency of",12,0,NA,NA,"Sudan (Anglo-Egyptian Sudan) (Mahdist State)","Sovereign (unrecognized)",12,0,7079.64376590331,NA
"630","200","200->630",0.167509108480167,0.000227248046967383,0,1,0,"bridge",0.000227248046967383,1,1,"United Kingdom","Sovereign",0,0,1,NA,"Iran (Persia)","Sovereign",8,0.036,311169,NA
"630","210","210->630",0,1.06988788620289e-07,0,1,0,"bridge",1.06988788620289e-07,1,1,"Netherlands","Sovereign",3,0.0322784810126582,1,NA,"Iran (Persia)","Sovereign",8,0.036,146.498924019202,NA
"630","211","211->630",0,1.23822357353201e-06,0,1,0,"bridge",1.23822357353201e-06,1,1,"Belgium","Sovereign",4,0.0291428571428571,1,NA,"Iran (Persia)","Sovereign",8,0.036,1695.48999999848,NA
"630","255","255->630",0,1.11171165287075e-05,0.9,0.1,0.36,"1",1.11171165287075e-05,1,1,"Germany (Zollverein)","Sovereign",1,0.0922314049586777,1,NA,"Iran (Persia)","Sovereign",8,0.036,15222.5820168122,NA
"630","300","300->630",0,2.32586823034024e-06,1,0,0,"8",2.32586823034024e-06,1,1,"Austria-Hungary (Austrian Empire)","Sovereign",8,0.0101408450704225,1,NA,"Iran (Persia)","Sovereign",8,0.036,3184.79344938274,NA
"630","365","365->630",2.90637195254276,0.000686584728029179,1,0,0,"8",0.000686584728029179,1,1,"Russia (USSR)","Sovereign",8,0.0141176470588235,1,NA,"Iran (Persia)","Sovereign",8,0.036,940135.178661298,NA
"630","640","640->630",0.0923915949621124,1.34468932061688e-05,1,0,0,"8",1.34468932061688e-05,1,1,"Turkey (Ottoman Empire)","Sovereign",8,0.0167441860465116,1,NA,"Iran (Persia)","Sovereign",8,0.036,18412.7272727273,NA
"630","681","681->630",0.915671193139351,3.87353938159943e-06,0,1,0,"bridge",3.87353938159943e-06,1,1,"Aden","Dependency of",12,0,1,NA,"Iran (Persia)","Sovereign",8,0.036,5304.00763358779,NA
"630","710","710->630",0,3.6171970107223e-06,0,1,0,"bridge",3.6171970107223e-06,1,1,"People's Republic of China (China)","Sovereign",3,0.0661111111111111,1,NA,"Iran (Persia)","Sovereign",8,0.036,4953,NA
"630","750","750->630",1.44797539275029,0.000236281581775251,0,1,0,"bridge",0.000236281581775251,1,1,"India","Colony of",9,0.00228915662650603,1,NA,"Iran (Persia)","Sovereign",8,0.036,323538.549618321,NA
"640","2","2->640",0,5.12995016994681e-05,0,1,0,"bridge",5.12995016994681e-05,1,1,"United States of America","Sovereign",2,0.00694214876033058,1,1,"Turkey (Ottoman Empire)","Sovereign",8,0.0167441860465116,70244.0124671916,148799.090909091
"640","200","200->640",0.666830721632056,0.00448971209202247,0,1,0,"bridge",0.00448971209202247,1,1,"United Kingdom","Sovereign",0,0,1,1,"Turkey (Ottoman Empire)","Sovereign",8,0.0167441860465116,6147728.17899315,6381265.45454545
"640","210","210->640",0,0.000417425704757264,0,1,0,"bridge",0.000417425704757264,1,1,"Netherlands","Sovereign",3,0.0322784810126582,1,1,"Turkey (Ottoman Empire)","Sovereign",8,0.0167441860465116,571577.801688462,390388.181818182
"640","211","211->640",0.127345278936481,0.000627289821530727,0,1,0,"bridge",0.000627289821530727,1,1,"Belgium","Sovereign",4,0.0291428571428571,1,1,"Turkey (Ottoman Empire)","Sovereign",8,0.0167441860465116,858943.119999228,35293.6363636364
"640","220","220->640",0.209224798567255,0.00174123805811856,0,1,0,"bridge",0.00174123805811856,1,1,"France","Sovereign",5,0.0336885245901639,1,1,"Turkey (Ottoman Empire)","Sovereign",8,0.0167441860465116,2384263.85853368,3454870.90909091
"640","225","225->640",0.0223634349447596,0.00026933302596309,1,0,0,"8",0.00026933302596309,1,1,"Switzerland","Sovereign",8,0.015,1,1,"Turkey (Ottoman Empire)","Sovereign",8,0.0167441860465116,368795.637517351,NA
"640","235","235->640",0,4.27005250592439e-06,0,1,0,"bridge",4.27005250592439e-06,1,1,"Portugal","Sovereign",6,0,1,1,"Turkey (Ottoman Empire)","Sovereign",8,0.0167441860465116,5846.9500000002,NA
"640","255","255->640",0.135167614965345,0.00141435543427569,0.9,0.1,0.36,"1",0.00141435543427569,1,1,"Germany (Zollverein)","Sovereign",1,0.0922314049586777,1,1,"Turkey (Ottoman Empire)","Sovereign",8,0.0167441860465116,1936666,287974.545454545
"640","300","300->640",0.867521116915222,0.0013538389312341,1,0,0,"8",0.0013538389312341,1,1,"Austria-Hungary (Austrian Empire)","Sovereign",8,0.0101408450704225,1,1,"Turkey (Ottoman Empire)","Sovereign",8,0.0167441860465116,1853801.21860255,1374362.72727273
"640","325","325->640",0.567080536071323,0.000658958123142782,1,0,0,"8",0.000658958123142782,1,1,"Italy","Sovereign",8,0.00947368421052632,1,1,"Turkey (Ottoman Empire)","Sovereign",8,0.0167441860465116,902306.281424928,713150.909090909
"640","338","338->640",0,2.78976228163924e-07,1,0,0,"8",2.78976228163924e-07,1,1,"Malta","Colony of",8,0.0128571428571429,1,1,"Turkey (Ottoman Empire)","Sovereign",8,0.0167441860465116,382,NA
"640","342","342->640",1.11046167641311,5.69397904290205e-05,1,0,0,"8",5.69397904290205e-05,1,1,"Kingdom of Serbia","Sovereign",8,0.0378947368421053,1,1,"Turkey (Ottoman Empire)","Sovereign",8,0.0167441860465116,77967.2163719452,43299.0909090909
"640","350","350->640",0,1.27368071641838e-06,1,0,0,"8",1.27368071641838e-06,1,1,"Greece","Sovereign",8,0.0225,1,1,"Turkey (Ottoman Empire)","Sovereign",8,0.0167441860465116,1744.04119259198,376102.727272727
"640","352","352->640",2.37570780352802,3.26519035633745e-05,1,0,0,"8",3.26519035633745e-05,1,1,"Cyprus","Protectorate of",8,0.0189473684210526,1,1,"Turkey (Ottoman Empire)","Sovereign",8,0.0167441860465116,44710,NA
"640","355","355->640",3.07567229073501,0.000625565078372204,1,0,0,"8",0.000625565078372204,1,1,"Bulgaria","Vassal of",8,0.0342857142857143,1,1,"Turkey (Ottoman Empire)","Sovereign",8,0.0167441860465116,856581.442479634,390677.272727273
"640","360","360->640",1.31730775397293,0.000441797534211301,1,0,0,"8",0.000441797534211301,1,1,"Romania","Sovereign",8,0.0211764705882353,1,1,"Turkey (Ottoman Empire)","Sovereign",8,0.0167441860465116,604949.96,214771.818181818
"640","365","365->640",0.954827785535977,0.00116953975141719,1,0,0,"8",0.00116953975141719,1,1,"Russia (USSR)","Sovereign",8,0.0141176470588235,1,1,"Turkey (Ottoman Empire)","Sovereign",8,0.0167441860465116,1601441.77151485,292511.818181818
"640","380","380->640",0,9.29312173661241e-06,0,1,0,"bridge",9.29312173661241e-06,1,1,"Sweden","Sovereign",1,0.0156521739130435,1,1,"Turkey (Ottoman Empire)","Sovereign",8,0.0167441860465116,12725,NA
"640","615","615->640",0,1.13784102971188e-06,0,1,0,"bridge",1.13784102971188e-06,1,1,"Algeria (Regency of Algiers)","Colony of",5,0.0288636363636364,1,1,"Turkey (Ottoman Empire)","Sovereign",8,0.0167441860465116,1558.03695608981,NA
"640","651","651->640",0.870495659911217,0.000326941050505415,1,0,0,"8",0.000326941050505415,1,1,"Egypt Arab Republic (Egypt)","Occupied by",8,0.0189473684210526,1,1,"Turkey (Ottoman Empire)","Sovereign",8,0.0167441860465116,447677.861712588,NA
"640","681","681->640",2.49395068228279,0.000225118797504757,0,1,0,"bridge",0.000225118797504757,1,1,"Aden","Dependency of",12,0,1,1,"Turkey (Ottoman Empire)","Sovereign",8,0.0167441860465116,308253.435114504,NA
"640","710","710->640",0,6.78744781297255e-05,0,1,0,"bridge",6.78744781297255e-05,1,1,"People's Republic of China (China)","Sovereign",3,0.0661111111111111,1,1,"Turkey (Ottoman Empire)","Sovereign",8,0.0167441860465116,92940,NA
"640","740","740->640",0,4.6023762372583e-06,0,1,0,"bridge",4.6023762372583e-06,1,1,"Japan","Sovereign",3,0.085,1,1,"Turkey (Ottoman Empire)","Sovereign",8,0.0167441860465116,6301.99832510324,NA
"640","750","750->640",0,0.00022901203466035,0,1,0,"bridge",0.00022901203466035,1,1,"India","Colony of",9,0.00228915662650603,1,1,"Turkey (Ottoman Empire)","Sovereign",8,0.0167441860465116,313584.41475827,NA
"65","1055","1055->65",0.552791278044552,2.9404448663685e-07,0,1,0,"bridge",2.9404448663685e-07,1,NA,"Windward Is.","Colony of",2,0,1,1,"Guadeloupe","Colony of",5,0.0327272727272727,402.632850241546,NA
"65","110","110->65",1.26947410732392,2.75543798131541e-06,0,1,0,"bridge",2.75543798131541e-06,1,1,"Guyana (British Guiana)","Colony of",2,0,1,1,"Guadeloupe","Colony of",5,0.0327272727272727,3773,NA
"65","2","2->65",0,5.90859966382997e-05,0,1,0,"bridge",5.90859966382997e-05,1,1,"United States of America","Sovereign",2,0.00694214876033058,1,1,"Guadeloupe","Colony of",5,0.0327272727272727,80906,NA
"65","20","20->65",0,3.92465510511238e-06,0,1,0,"bridge",3.92465510511238e-06,1,1,"Canada (Province of Canada)","Colony of",2,0,1,1,"Guadeloupe","Colony of",5,0.0327272727272727,5374,NA
"65","200","200->65",0,3.5128365316526e-05,0,1,0,"bridge",3.5128365316526e-05,1,1,"United Kingdom","Sovereign",0,0,1,1,"Guadeloupe","Colony of",5,0.0327272727272727,48101,NA
"65","211","211->65",0,5.91546452389473e-08,0,1,0,"bridge",5.91546452389473e-08,1,1,"Belgium","Sovereign",4,0.0291428571428571,1,1,"Guadeloupe","Colony of",5,0.0327272727272727,81,NA
"65","220","220->65",2.02581612402427,0.000342443484763317,1,0,0,"5",0.000342443484763317,1,1,"France","Sovereign",5,0.0336885245901639,1,1,"Guadeloupe","Colony of",5,0.0327272727272727,468905.225511623,831600.476852772
"65","230","230->65",0,3.35063595501593e-06,0.1,0.9,0.36,"bridge",3.35063595501593e-06,1,1,"Spain","Sovereign",7,0.0396103896103896,1,1,"Guadeloupe","Colony of",5,0.0327272727272727,4588,NA
"65","255","255->65",0,2.75324706852878e-07,0,1,0,"bridge",2.75324706852878e-07,1,1,"Germany (Zollverein)","Sovereign",1,0.0922314049586777,1,1,"Guadeloupe","Colony of",5,0.0327272727272727,377,NA
"65","52","52->65",2.31078541207203,7.34320935651377e-06,0,1,0,"bridge",7.34320935651377e-06,NA,NA,"Trinidad and Tobago","Colony of",2,0,1,1,"Guadeloupe","Colony of",5,0.0327272727272727,10055,NA
"651","200","200->651",0.741487730255279,0.00233156354509508,0,1,0,"bridge",0.00233156354509508,1,1,"United Kingdom","Sovereign",0,0,1,1,"Egypt Arab Republic (Egypt)","Occupied by",8,0.0189473684210526,3192592,7798076.22654638
"651","210","210->651",0,1.24892788162283e-06,0,1,0,"bridge",1.24892788162283e-06,1,1,"Netherlands","Sovereign",3,0.0322784810126582,1,1,"Egypt Arab Republic (Egypt)","Occupied by",8,0.0189473684210526,1710.14732660156,NA
"651","211","211->651",0,0.000206869724471022,0,1,0,"bridge",0.000206869724471022,1,1,"Belgium","Sovereign",4,0.0291428571428571,1,1,"Egypt Arab Republic (Egypt)","Occupied by",8,0.0189473684210526,283265.119999745,134430.874230049
"651","220","220->651",0.0475331736392895,0.00071390760382861,0,1,0,"bridge",0.00071390760382861,1,1,"France","Sovereign",5,0.0336885245901639,1,1,"Egypt Arab Republic (Egypt)","Occupied by",8,0.0189473684210526,977548.181998808,1105333
"651","225","225->651",0,4.96351443866712e-05,1,0,0,"8",4.96351443866712e-05,1,1,"Switzerland","Sovereign",8,0.015,1,1,"Egypt Arab Republic (Egypt)","Occupied by",8,0.0189473684210526,67965.0208209399,NA
"651","230","230->651",0,3.17380367460513e-06,0,1,0,"bridge",3.17380367460513e-06,1,1,"Spain","Sovereign",7,0.0396103896103896,1,1,"Egypt Arab Republic (Egypt)","Occupied by",8,0.0189473684210526,4345.86492074431,160081.581561654
"651","235","235->651",0,3.07640670455647e-07,0,1,0,"bridge",3.07640670455647e-07,1,1,"Portugal","Sovereign",6,0,1,1,"Egypt Arab Republic (Egypt)","Occupied by",8,0.0189473684210526,421.250000000015,NA
"651","255","255->651",0,0.000285464334070303,0.9,0.1,0.36,"1",0.000285464334070303,1,1,"Germany (Zollverein)","Sovereign",1,0.0922314049586777,1,1,"Egypt Arab Republic (Egypt)","Occupied by",8,0.0189473684210526,390884.113433422,318504.339360145
"651","300","300->651",0.42187598203156,0.000417860589698232,1,0,0,"8",0.000417860589698232,1,1,"Austria-Hungary (Austrian Empire)","Sovereign",8,0.0101408450704225,1,1,"Egypt Arab Republic (Egypt)","Occupied by",8,0.0189473684210526,572173.286287788,572462.116034036
"651","325","325->651",0.510115853378088,0.00030000190041978,1,0,0,"8",0.00030000190041978,1,1,"Italy","Sovereign",8,0.00947368421052632,1,1,"Egypt Arab Republic (Egypt)","Occupied by",8,0.0189473684210526,410790.291038767,622563.682098001
"651","338","338->651",1.74816959550551,1.39415083655741e-06,1,0,0,"8",1.39415083655741e-06,1,1,"Malta","Colony of",8,0.0128571428571429,1,1,"Egypt Arab Republic (Egypt)","Occupied by",8,0.0189473684210526,1909,120842
"651","350","350->651",1.13679723822645,3.95245365174276e-05,1,0,0,"8",3.95245365174276e-05,1,1,"Greece","Sovereign",8,0.0225,1,1,"Egypt Arab Republic (Egypt)","Occupied by",8,0.0189473684210526,54120.6433574177,10768.1068944937
"651","352","352->651",3.29427151616995,3.94313180294628e-05,1,0,0,"8",3.94313180294628e-05,1,1,"Cyprus","Protectorate of",8,0.0189473684210526,1,1,"Egypt Arab Republic (Egypt)","Occupied by",8,0.0189473684210526,53993,NA
"651","360","360->651",0,1.38642421746324e-05,1,0,0,"8",1.38642421746324e-05,1,1,"Romania","Sovereign",8,0.0211764705882353,1,1,"Egypt Arab Republic (Egypt)","Occupied by",8,0.0189473684210526,18984.2,NA
"651","365","365->651",0,0.000109935894522936,1,0,0,"8",0.000109935894522936,1,1,"Russia (USSR)","Sovereign",8,0.0141176470588235,1,1,"Egypt Arab Republic (Egypt)","Occupied by",8,0.0189473684210526,150534.373427277,1766175.10272161
"651","380","380->651",0,2.99323162695862e-05,0,1,0,"bridge",2.99323162695862e-05,1,1,"Sweden","Sovereign",1,0.0156521739130435,1,1,"Egypt Arab Republic (Egypt)","Occupied by",8,0.0189473684210526,40986.0900702383,NA
"651","385","385->651",0,3.42146831598423e-06,0,1,0,"bridge",3.42146831598423e-06,1,1,"Norway","Sovereign (limited)",1,0.0128571428571429,1,1,"Egypt Arab Republic (Egypt)","Occupied by",8,0.0189473684210526,4684.99020618342,NA
"651","615","615->651",0,4.13381523251067e-06,0,1,0,"bridge",4.13381523251067e-06,1,1,"Algeria (Regency of Algiers)","Colony of",5,0.0288636363636364,1,1,"Egypt Arab Republic (Egypt)","Occupied by",8,0.0189473684210526,5660.40135108285,10755
"651","681","681->651",0.991393281534692,2.41471016082237e-05,0,1,0,"bridge",2.41471016082237e-05,1,1,"Aden","Dependency of",12,0,1,1,"Egypt Arab Republic (Egypt)","Occupied by",8,0.0189473684210526,33064.4402035623,NA
"651","710","710->651",0,3.26190398715751e-05,0,1,0,"bridge",3.26190398715751e-05,1,1,"People's Republic of China (China)","Sovereign",3,0.0661111111111111,1,1,"Egypt Arab Republic (Egypt)","Occupied by",8,0.0189473684210526,44665,9280
"651","750","750->651",1.94506158757497,0.00224482768461333,0,1,0,"bridge",0.00224482768461333,1,1,"India","Colony of",9,0.00228915662650603,1,1,"Egypt Arab Republic (Egypt)","Occupied by",8,0.0189473684210526,3073825.25445293,11799
"66","1055","1055->66",3.65266216285387,1.18793972601287e-05,1,0,0,"2",1.18793972601287e-05,1,NA,"Windward Is.","Colony of",2,0,1,1,"Martinique","Colony of",2,0,16266.3671497585,NA
"66","110","110->66",2.04252837795312,1.08654668131489e-05,1,0,0,"2",1.08654668131489e-05,1,1,"Guyana (British Guiana)","Colony of",2,0,1,1,"Martinique","Colony of",2,0,14878,NA
"66","2","2->66",0.712440356960241,0.000232987508164085,1,0,0,"2",0.000232987508164085,1,1,"United States of America","Sovereign",2,0.00694214876033058,1,1,"Martinique","Colony of",2,0,319028,NA
"66","20","20->66",0.284726333416134,1.54758776204757e-05,1,0,0,"2",1.54758776204757e-05,1,1,"Canada (Province of Canada)","Colony of",2,0,1,1,"Martinique","Colony of",2,0,21191,NA
"66","200","200->66",0.0321665514873666,0.000138518270021748,0,1,0,"bridge",0.000138518270021748,1,1,"United Kingdom","Sovereign",0,0,1,1,"Martinique","Colony of",2,0,189672,NA
"66","211","211->66",0,2.34427668169162e-07,0,1,0,"bridge",2.34427668169162e-07,1,1,"Belgium","Sovereign",4,0.0291428571428571,1,1,"Martinique","Colony of",2,0,321,NA
"66","220","220->66",1.51598500376249,0.000374366182495491,0,1,0,"bridge",0.000374366182495491,1,1,"France","Sovereign",5,0.0336885245901639,1,1,"Martinique","Colony of",2,0,512616.729584741,661386.330220544
"66","230","230->66",0,1.32133950161515e-05,0,1,0,"bridge",1.32133950161515e-05,1,1,"Spain","Sovereign",7,0.0396103896103896,1,1,"Martinique","Colony of",2,0,18093,NA
"66","255","255->66",0,1.08596243790512e-06,0,1,0,"bridge",1.08596243790512e-06,1,1,"Germany (Zollverein)","Sovereign",1,0.0922314049586777,1,1,"Martinique","Colony of",2,0,1487,NA
"66","52","52->66",3.08384743677048,2.89565639965958e-05,1,0,0,"2",2.89565639965958e-05,NA,NA,"Trinidad and Tobago","Colony of",2,0,1,1,"Martinique","Colony of",2,0,39650,NA
"670","681","681->670",6.63970935311328,1.25917522934577e-05,1,0,0,"12",1.25917522934577e-05,1,1,"Aden","Dependency of",12,0,NA,NA,"Saudi Arabia (Emirate of Nejd) (Emirate of Diriyah)","Occupied by",12,0,17241.789408933,NA
"68","1055","1055->68",0.0988173484200951,2.63639838657531e-07,0,1,0,"bridge",2.63639838657531e-07,1,NA,"Windward Is.","Colony of",2,0,1,NA,"Netherlands Antilles","Colony of",3,0,361,NA
"68","110","110->68",1.19191301121947,3.59966970842928e-06,0,1,0,"bridge",3.59966970842928e-06,1,1,"Guyana (British Guiana)","Colony of",2,0,1,NA,"Netherlands Antilles","Colony of",3,0,4929,NA
"68","2","2->68",0.117518764021014,9.96766182945617e-05,0,1,0,"bridge",9.96766182945617e-05,1,1,"United States of America","Sovereign",2,0.00694214876033058,1,NA,"Netherlands Antilles","Colony of",3,0,136486.425524934,NA
"68","20","20->68",0,3.76057807522774e-07,0,1,0,"bridge",3.76057807522774e-07,1,1,"Canada (Province of Canada)","Colony of",2,0,1,NA,"Netherlands Antilles","Colony of",3,0,514.933058702369,NA
"68","200","200->68",0,9.13238176850015e-05,0,1,0,"bridge",9.13238176850015e-05,1,1,"United Kingdom","Sovereign",0,0,1,NA,"Netherlands Antilles","Colony of",3,0,125049,NA
"68","210","210->68",0,3.90161516015147e-05,1,0,0,"3",3.90161516015147e-05,1,1,"Netherlands","Sovereign",3,0.0322784810126582,1,NA,"Netherlands Antilles","Colony of",3,0,53424.515808641,NA
"68","220","220->68",0,1.4510317150988e-05,0,1,0,"bridge",1.4510317150988e-05,1,1,"France","Sovereign",5,0.0336885245901639,1,NA,"Netherlands Antilles","Colony of",3,0,19868.8654877806,NA
"68","230","230->68",0,3.06727790127875e-08,0,1,0,"bridge",3.06727790127875e-08,1,1,"Spain","Sovereign",7,0.0396103896103896,1,NA,"Netherlands Antilles","Colony of",3,0,42,NA
"68","255","255->68",0,1.56580788237382e-05,0,1,0,"bridge",1.56580788237382e-05,1,1,"Germany (Zollverein)","Sovereign",1,0.0922314049586777,1,NA,"Netherlands Antilles","Colony of",3,0,21440.4867039545,NA
"68","827","827->68",3.94849479875724,0.000376479150211478,1,0,0,"3",0.000376479150211478,1,1,"Straits Settlements","Colony of",3,0.109285714285714,1,NA,"Netherlands Antilles","Colony of",3,0,515510,NA
"68","904","904->68",0,9.30407630054554e-07,0,1,0,"bridge",9.30407630054554e-07,1,1,"Victoria","Colony of",13,0,1,NA,"Netherlands Antilles","Colony of",3,0,1274,NA
"6802","681","681->6802",6.63970935311328,6.2172492877186e-06,1,0,0,"12",6.2172492877186e-06,1,1,"Aden","Dependency of",12,0,1,NA,"Perim I.","Possession of",12,0,8513.23155216285,NA
"681","200","200->681",0.568696565015747,0.00015101450625241,0,1,0,"bridge",0.00015101450625241,1,1,"United Kingdom","Sovereign",0,0,1,1,"Aden","Dependency of",12,0,206783,139864.312977099
"681","710","710->681",0.0290615776694918,7.27894258143936e-06,0,1,0,"bridge",7.27894258143936e-06,1,1,"People's Republic of China (China)","Sovereign",3,0.0661111111111111,1,1,"Aden","Dependency of",12,0,9967,NA
"681","750","750->681",2.70445291554149,0.000369314307915036,0,1,0,"bridge",0.000369314307915036,1,1,"India","Colony of",9,0.00228915662650603,1,1,"Aden","Dependency of",12,0,505699.236641221,65934.796437659
"698","200","200->698",1.8196737876035,1.06770483134989e-06,1,0,0,"0",1.06770483134989e-06,1,1,"United Kingdom","Sovereign",0,0,1,NA,"Oman (Sultanate of Muscat and Oman)","Sovereign (unrecognized)",0,0,1462,NA
"70","135","135->70",0.566905503164721,1.70739654377236e-05,0,1,0,"bridge",1.70739654377236e-05,1,1,"Peru","Sovereign",10,0.024,1,1,"Mexico","Sovereign",2,0.0381818181818182,23379.2493365348,NA
"70","155","155->70",0,1.1630314264909e-06,0,1,0,"bridge",1.1630314264909e-06,1,1,"Chile","Sovereign",10,0.0221052631578947,1,1,"Mexico","Sovereign",2,0.0381818181818182,1592.52997233323,NA
"70","2","2->70",1.21329107987324,0.00205106524089173,1,0,0,"2",0.00205106524089173,1,1,"United States of America","Sovereign",2,0.00694214876033058,1,1,"Mexico","Sovereign",2,0.0381818181818182,2808507.83300525,4993300
"70","20","20->70",0,6.84274786568439e-07,1,0,0,"2",6.84274786568439e-07,1,1,"Canada (Province of Canada)","Colony of",2,0,1,1,"Mexico","Sovereign",2,0.0381818181818182,936.97219361483,NA
"70","200","200->70",0.281396885739044,0.000948148911496403,0,1,0,"bridge",0.000948148911496403,1,1,"United Kingdom","Sovereign",0,0,1,1,"Mexico","Sovereign",2,0.0381818181818182,1298293,1526800
"70","210","210->70",0,2.74813094928086e-05,0,1,0,"bridge",2.74813094928086e-05,1,1,"Netherlands","Sovereign",3,0.0322784810126582,1,1,"Mexico","Sovereign",2,0.0381818181818182,37629.9453732826,NA
"70","211","211->70",0,8.06861035589927e-05,0,1,0,"bridge",8.06861035589927e-05,1,1,"Belgium","Sovereign",4,0.0291428571428571,1,1,"Mexico","Sovereign",2,0.0381818181818182,110482.859999901,34100
"70","220","220->70",0.411239223492073,0.000661670462085053,0,1,0,"bridge",0.000661670462085053,1,1,"France","Sovereign",5,0.0336885245901639,1,1,"Mexico","Sovereign",2,0.0381818181818182,906020.266242798,464400
"70","230","230->70",0.804498497879115,0.000186860676605751,0,1,0,"bridge",0.000186860676605751,1,1,"Spain","Sovereign",7,0.0396103896103896,1,1,"Mexico","Sovereign",2,0.0381818181818182,255866.884906961,66200
"70","255","255->70",0.117131209181393,0.00043129586911061,0,1,0,"bridge",0.00043129586911061,1,1,"Germany (Zollverein)","Sovereign",1,0.0922314049586777,1,1,"Mexico","Sovereign",2,0.0381818181818182,590570.110882151,434400
"70","300","300->70",0,8.07933174749766e-06,0,1,0,"bridge",8.07933174749766e-06,1,1,"Austria-Hungary (Austrian Empire)","Sovereign",8,0.0101408450704225,1,1,"Mexico","Sovereign",2,0.0381818181818182,11062.9667189085,NA
"70","325","325->70",0,8.12102596114405e-07,0,1,0,"bridge",8.12102596114405e-07,1,1,"Italy","Sovereign",8,0.00947368421052632,1,1,"Mexico","Sovereign",2,0.0381818181818182,1112.00582844434,NA
"70","80","80->70",0,9.0679445890979e-08,1,0,0,"2",9.0679445890979e-08,1,1,"Belize (British Honduras)","Colony of",2,0.056,1,1,"Mexico","Sovereign",2,0.0381818181818182,124.166666666667,NA
"710","135","135->710",0,3.35941806450346e-06,0,1,0,"bridge",3.35941806450346e-06,1,1,"Peru","Sovereign",10,0.024,1,1,"People's Republic of China (China)","Sovereign",3,0.0661111111111111,4600.02527486415,3
"710","165","165->710",0,7.52213390075503e-08,0,1,0,"bridge",7.52213390075503e-08,1,1,"Uruguay","Sovereign",10,0,1,1,"People's Republic of China (China)","Sovereign",3,0.0661111111111111,103,5
"710","2","2->710",0,0.000848108802944215,0,1,0,"bridge",0.000848108802944215,1,1,"United States of America","Sovereign",2,0.00694214876033058,1,1,"People's Republic of China (China)","Sovereign",3,0.0661111111111111,1161308.85006562,2347909.26562331
"710","20","20->710",0,3.80319294597622e-05,0,1,0,"bridge",3.80319294597622e-05,1,1,"Canada (Province of Canada)","Colony of",2,0,1,1,"People's Republic of China (China)","Sovereign",3,0.0661111111111111,52076.8280123584,NA
"710","200","200->710",0.833748935240614,0.00421827758525491,0,1,0,"bridge",0.00421827758525491,1,1,"United Kingdom","Sovereign",0,0,1,1,"People's Republic of China (China)","Sovereign",3,0.0661111111111111,5776055,2280766.70937336
"710","210","210->710",0,1.72560222459435e-06,0.85,0.15,0.51,"3",1.72560222459435e-06,1,1,"Netherlands","Sovereign",3,0.0322784810126582,1,1,"People's Republic of China (China)","Sovereign",3,0.0661111111111111,2362.853832147,NA
"710","211","211->710",0,0.000211073925441619,0,1,0,"bridge",0.000211073925441619,1,1,"Belgium","Sovereign",4,0.0291428571428571,1,1,"People's Republic of China (China)","Sovereign",3,0.0661111111111111,289021.89999974,NA
"710","220","220->710",0,9.28660297663232e-05,0,1,0,"bridge",9.28660297663232e-05,1,1,"France","Sovereign",5,0.0336885245901639,1,1,"People's Republic of China (China)","Sovereign",3,0.0661111111111111,127160.739121796,NA
"710","255","255->710",0.0759993265906739,0.00105995421497613,0,1,0,"bridge",0.00105995421497613,1,1,"Germany (Zollverein)","Sovereign",1,0.0922314049586777,1,1,"People's Republic of China (China)","Sovereign",3,0.0661111111111111,1451387.14070993,NA
"710","300","300->710",0,1.566900702545e-05,0,1,0,"bridge",1.566900702545e-05,1,1,"Austria-Hungary (Austrian Empire)","Sovereign",8,0.0101408450704225,1,1,"People's Republic of China (China)","Sovereign",3,0.0661111111111111,21455.4506063679,NA
"710","325","325->710",0,1.48698785702327e-05,0,1,0,"bridge",1.48698785702327e-05,1,1,"Italy","Sovereign",8,0.00947368421052632,1,1,"People's Republic of China (China)","Sovereign",3,0.0661111111111111,20361.2101691016,NA
"710","365","365->710",0,0.000351551123885309,0,1,0,"bridge",0.000351551123885309,1,1,"Russia (USSR)","Sovereign",8,0.0141176470588235,1,1,"People's Republic of China (China)","Sovereign",3,0.0661111111111111,481376.245596376,1310188.12604073
"710","615","615->710",0,1.95889281538338e-08,0,1,0,"bridge",1.95889281538338e-08,1,1,"Algeria (Regency of Algiers)","Colony of",5,0.0288636363636364,1,1,"People's Republic of China (China)","Sovereign",3,0.0661111111111111,26.8229684085039,6386
"710","651","651->710",0,6.77722355330162e-06,0,1,0,"bridge",6.77722355330162e-06,1,1,"Egypt Arab Republic (Egypt)","Occupied by",8,0.0189473684210526,1,1,"People's Republic of China (China)","Sovereign",3,0.0661111111111111,9280,44665
"710","740","740->710",1.87324045442876,0.000670522142433217,1,0,0,"3",0.000670522142433217,1,1,"Japan","Sovereign",3,0.085,1,1,"People's Republic of China (China)","Sovereign",3,0.0661111111111111,918140.803950446,1753364.57083207
"710","750","750->710",1.53535848389401,0.00245850207542791,0,1,0,"bridge",0.00245850207542791,1,1,"India","Colony of",9,0.00228915662650603,1,1,"People's Republic of China (China)","Sovereign",3,0.0661111111111111,3366407.95165394,305421.061458114
"710","780","780->710",0,2.39393737152184e-06,0,1,0,"bridge",2.39393737152184e-06,1,1,"Sri Lanka (Ceylon)","Colony of",9,0,1,1,"People's Republic of China (China)","Sovereign",3,0.0661111111111111,3278,NA
"710","827","827->710",1.17545085732238,0.000414282620040477,0.85,0.15,0.51,"3",0.000414282620040477,1,1,"Straits Settlements","Colony of",3,0.109285714285714,1,1,"People's Republic of China (China)","Sovereign",3,0.0661111111111111,567274,305747.188541447
"710","840","840->710",3.38379156680953,0.000876214953236259,0.15,0.85,0.51,"bridge",0.000876214953236259,1,1,"Philippines","Colony of",7,0.174444444444444,1,1,"People's Republic of China (China)","Sovereign",3,0.0661111111111111,1199794.38513154,35010.7656249748
"710","901","901->710",0,7.16428481227251e-06,0,1,0,"bridge",7.16428481227251e-06,1,1,"New South Wales","Colony of",13,0,1,1,"People's Republic of China (China)","Sovereign",3,0.0661111111111111,9810,139395
"710","902","902->710",0,1.94991238009863e-06,0,1,0,"bridge",1.94991238009863e-06,1,1,"Western Australia","Colony of",13,0,1,1,"People's Republic of China (China)","Sovereign",3,0.0661111111111111,2670,6787
"710","903","903->710",0,1.27372366371911e-05,0,1,0,"bridge",1.27372366371911e-05,1,1,"South Australia","Colony of",13,0,1,1,"People's Republic of China (China)","Sovereign",3,0.0661111111111111,17441,38404
"710","904","904->710",0,2.19091278662768e-08,0,1,0,"bridge",2.19091278662768e-08,1,1,"Victoria","Colony of",13,0,1,1,"People's Republic of China (China)","Sovereign",3,0.0661111111111111,30,118374
"710","920","920->710",0,5.69637324523197e-08,0,1,0,"bridge",5.69637324523197e-08,1,1,"New Zealand","Colony of",13,0,1,1,"People's Republic of China (China)","Sovereign",3,0.0661111111111111,78,10581
"720","2","2->720",0,0.000731884132199037,0,1,0,"bridge",0.000731884132199037,1,1,"United States of America","Sovereign",2,0.00694214876033058,1,NA,"Hong Kong","Colony of",3,0.03,1002163.30380577,NA
"720","20","20->720",0,5.5912274822486e-06,0,1,0,"bridge",5.5912274822486e-06,1,1,"Canada (Province of Canada)","Colony of",2,0,1,NA,"Hong Kong","Colony of",3,0.03,7656.02471678682,NA
"720","200","200->720",0,0.00131441037477531,0,1,0,"bridge",0.00131441037477531,1,1,"United Kingdom","Sovereign",0,0,1,NA,"Hong Kong","Colony of",3,0.03,1799812,NA
"720","255","255->720",0,1.49711047313012e-05,0,1,0,"bridge",1.49711047313012e-05,1,1,"Germany (Zollverein)","Sovereign",1,0.0922314049586777,1,NA,"Hong Kong","Colony of",3,0.03,20499.8183716092,NA
"720","352","352->720",0,8.03334688430149e-09,0,1,0,"bridge",8.03334688430149e-09,1,1,"Cyprus","Protectorate of",8,0.0189473684210526,1,NA,"Hong Kong","Colony of",3,0.03,11,NA
"720","590","590->720",0,8.4613051819561e-06,0,1,0,"bridge",8.4613051819561e-06,1,1,"Mauritius","Colony of",9,0,1,NA,"Hong Kong","Colony of",3,0.03,11586,NA
"720","681","681->720",0,8.54901974120495e-07,0,1,0,"bridge",8.54901974120495e-07,1,1,"Aden","Dependency of",12,0,1,NA,"Hong Kong","Colony of",3,0.03,1170.6106870229,NA
"720","710","710->720",3.4450454285162,0.00647125627311988,1,0,0,"3",0.00647125627311988,1,1,"People's Republic of China (China)","Sovereign",3,0.0661111111111111,1,NA,"Hong Kong","Colony of",3,0.03,8861041.3604103,NA
"720","740","740->720",2.30089123349243,0.00140123559140636,1,0,0,"3",0.00140123559140636,1,1,"Japan","Sovereign",3,0.085,1,NA,"Hong Kong","Colony of",3,0.03,1918701.10023391,NA
"720","750","750->720",1.76916453279177,0.0042323630917815,0,1,0,"bridge",0.0042323630917815,1,1,"India","Colony of",9,0.00228915662650603,1,NA,"Hong Kong","Colony of",3,0.03,5795342.17557252,NA
"720","780","780->720",0,3.48939376483568e-06,0,1,0,"bridge",3.48939376483568e-06,1,1,"Sri Lanka (Ceylon)","Colony of",9,0,1,NA,"Hong Kong","Colony of",3,0.03,4778,NA
"720","827","827->720",1.66476902808531,0.000920823847221583,0.85,0.15,0.51,"3",0.000920823847221583,1,1,"Straits Settlements","Colony of",3,0.109285714285714,1,NA,"Hong Kong","Colony of",3,0.03,1260877,NA
"720","901","901->720",0,0.000185946419722402,0,1,0,"bridge",0.000185946419722402,1,1,"New South Wales","Colony of",13,0,1,NA,"Hong Kong","Colony of",3,0.03,254615,NA
"720","903","903->720",0,5.33005262730782e-05,0,1,0,"bridge",5.33005262730782e-05,1,1,"South Australia","Colony of",13,0,1,NA,"Hong Kong","Colony of",3,0.03,72984,NA
"720","904","904->720",0,4.14542608357823e-05,0,1,0,"bridge",4.14542608357823e-05,1,1,"Victoria","Colony of",13,0,1,NA,"Hong Kong","Colony of",3,0.03,56763,NA
"720","905","905->720",0,1.69576649684982e-05,0,1,0,"bridge",1.69576649684982e-05,1,1,"Queensland","Colony of",13,0,1,NA,"Hong Kong","Colony of",3,0.03,23220,NA
"720","920","920->720",0,2.94385648096539e-06,0,1,0,"bridge",2.94385648096539e-06,1,1,"New Zealand","Colony of",13,0,1,NA,"Hong Kong","Colony of",3,0.03,4031,NA
"721","200","200->721",0,2.55606491773229e-08,0,1,0,"bridge",2.55606491773229e-08,1,1,"United Kingdom","Sovereign",0,0,1,NA,"Macao","Colony of",3,0,35,NA
"721","710","710->721",4.31233367255738,0.000267845717958422,1,0,0,"3",0.000267845717958422,1,1,"People's Republic of China (China)","Sovereign",3,0.0661111111111111,1,NA,"Macao","Colony of",3,0,366759.078124736,NA
"730","255","255->730",0,2.50815907931733e-07,0,1,0,"bridge",2.50815907931733e-07,1,1,"Germany (Zollverein)","Sovereign",1,0.0922314049586777,1,NA,"Korea (Chosen)","Sovereign (unrecognized)",3,0,343.44029045236,NA
"730","710","710->730",3.208663121222,7.3929351651354e-05,1,0,0,"3",7.3929351651354e-05,1,1,"People's Republic of China (China)","Sovereign",3,0.0661111111111111,1,NA,"Korea (Chosen)","Sovereign (unrecognized)",3,0,101230.891666594,NA
"730","740","740->730",4.29370786585115,0.000148753864434928,1,0,0,"3",0.000148753864434928,1,1,"Japan","Sovereign",3,0.085,1,NA,"Korea (Chosen)","Sovereign (unrecognized)",3,0,203687.52057524,NA
"740","165","165->740",0,4.01667344215075e-08,0,1,0,"bridge",4.01667344215075e-08,1,1,"Uruguay","Sovereign",10,0,1,1,"Japan","Sovereign",3,0.085,55,NA
"740","2","2->740",0,0.00049242256396528,0,1,0,"bridge",0.00049242256396528,1,1,"United States of America","Sovereign",2,0.00694214876033058,1,1,"Japan","Sovereign",3,0.085,674270.423228346,5584188.30460019
"740","20","20->740",0,4.05044343326629e-06,0,1,0,"bridge",4.05044343326629e-06,1,1,"Canada (Province of Canada)","Colony of",2,0,1,1,"Japan","Sovereign",3,0.085,5546.24098867147,157152.534003292
"740","200","200->740",0.809963492246319,0.00218512001321984,0,1,0,"bridge",0.00218512001321984,1,1,"United Kingdom","Sovereign",0,0,1,1,"Japan","Sovereign",3,0.085,2992068,566252.682722574
"740","210","210->740",0,6.28634690198308e-09,0.85,0.15,0.51,"3",6.28634690198308e-09,1,1,"Netherlands","Sovereign",3,0.0322784810126582,1,1,"Japan","Sovereign",3,0.085,8.60784638304916,2822.80458575183
"740","211","211->740",0,3.5706912353016e-05,0,1,0,"bridge",3.5706912353016e-05,1,1,"Belgium","Sovereign",4,0.0291428571428571,1,1,"Japan","Sovereign",3,0.085,48893.199999956,7237.4469375379
"740","220","220->740",0,0.000397582689937071,0,1,0,"bridge",0.000397582689937071,1,1,"France","Sovereign",5,0.0336885245901639,1,1,"Japan","Sovereign",3,0.085,544406.91436519,2612505.93288862
"740","255","255->740",0.162344304232547,0.000612994078985156,0,1,0,"bridge",0.000612994078985156,1,1,"Germany (Zollverein)","Sovereign",1,0.0922314049586777,1,1,"Japan","Sovereign",3,0.085,839368.069865568,135837.406508995
"740","300","300->740",0,9.36467998005411e-06,0,1,0,"bridge",9.36467998005411e-06,1,1,"Austria-Hungary (Austrian Empire)","Sovereign",8,0.0101408450704225,1,1,"Japan","Sovereign",3,0.085,12822.9841514621,49370.7874902538
"740","325","325->740",0,6.16077831535066e-07,0,1,0,"bridge",6.16077831535066e-07,1,1,"Italy","Sovereign",8,0.00947368421052632,1,1,"Japan","Sovereign",3,0.085,843.590628475018,181109.844350111
"740","360","360->740",0.0393649119732047,5.19176221221588e-05,0,1,0,"bridge",5.19176221221588e-05,1,1,"Romania","Sovereign",8,0.0211764705882353,1,1,"Japan","Sovereign",3,0.085,71090.4,NA
"740","651","651->740",0,3.66539709202811e-06,0,1,0,"bridge",3.66539709202811e-06,1,1,"Egypt Arab Republic (Egypt)","Occupied by",8,0.0189473684210526,1,1,"Japan","Sovereign",3,0.085,5019,NA
"740","681","681->740",0,7.32394827845321e-07,0,1,0,"bridge",7.32394827845321e-07,1,1,"Aden","Dependency of",12,0,1,1,"Japan","Sovereign",3,0.085,1002.86259541985,NA
"740","710","710->740",2.76829057000101,0.00128048961928531,1,0,0,"3",0.00128048961928531,1,1,"People's Republic of China (China)","Sovereign",3,0.0661111111111111,1,1,"Japan","Sovereign",3,0.085,1753364.57083207,918140.803950446
"740","750","750->740",0.979650820866139,0.000748169214080984,0,1,0,"bridge",0.000748169214080984,1,1,"India","Colony of",9,0.00228915662650603,1,1,"Japan","Sovereign",3,0.085,1024462.34096692,NA
"740","827","827->740",0.75935814326465,0.000144963935440007,0.85,0.15,0.51,"3",0.000144963935440007,1,1,"Straits Settlements","Colony of",3,0.109285714285714,1,1,"Japan","Sovereign",3,0.085,198498,NA
"740","840","840->740",0.616564878732237,2.92071651078753e-05,0.15,0.85,0.51,"bridge",2.92071651078753e-05,1,1,"Philippines","Colony of",7,0.174444444444444,1,1,"Japan","Sovereign",3,0.085,39993.1461710512,13937.8396719513
"740","904","904->740",0,6.66037487134814e-07,0,1,0,"bridge",6.66037487134814e-07,1,1,"Victoria","Colony of",13,0,1,1,"Japan","Sovereign",3,0.085,912,NA
"740","905","905->740",0,1.46060852441845e-08,0,1,0,"bridge",1.46060852441845e-08,1,1,"Queensland","Colony of",13,0,1,1,"Japan","Sovereign",3,0.085,20,NA
"750","165","165->750",0,9.56698583494087e-08,0,1,0,"bridge",9.56698583494087e-08,1,1,"Uruguay","Sovereign",10,0,1,1,"India","Colony of",9,0.00228915662650603,131,74738
"750","200","200->750",1.64470407842493,0.0203773672581998,0,1,0,"bridge",0.0203773672581998,1,1,"United Kingdom","Sovereign",0,0,1,1,"India","Colony of",9,0.00228915662650603,27902572,20526206.2977099
"750","210","210->750",0,3.72599034357731e-05,0,1,0,"bridge",3.72599034357731e-05,1,1,"Netherlands","Sovereign",3,0.0322784810126582,1,1,"India","Colony of",9,0.00228915662650603,51019.6987253766,426484.351145038
"750","211","211->750",0,0.000363058670118408,0,1,0,"bridge",0.000363058670118408,1,1,"Belgium","Sovereign",4,0.0291428571428571,1,1,"India","Colony of",9,0.00228915662650603,497133.439999553,2807929.70737913
"750","220","220->750",0,0.000356953801914305,0,1,0,"bridge",0.000356953801914305,1,1,"France","Sovereign",5,0.0336885245901639,1,1,"India","Colony of",9,0.00228915662650603,488774.090999404,5778151.08142494
"750","225","225->750",0,0.00035338932323964,0,1,0,"bridge",0.00035338932323964,1,1,"Switzerland","Sovereign",8,0.015,1,1,"India","Colony of",9,0.00228915662650603,483893.277810827,NA
"750","300","300->750",0,0.000320663780493487,0,1,0,"bridge",0.000320663780493487,1,1,"Austria-Hungary (Austrian Empire)","Sovereign",8,0.0101408450704225,1,1,"India","Colony of",9,0.00228915662650603,439082.444245162,1658299.30025445
"750","338","338->750",0,3.49815741598219e-07,0,1,0,"bridge",3.49815741598219e-07,1,1,"Malta","Colony of",8,0.0128571428571429,1,1,"India","Colony of",9,0.00228915662650603,479,53653.7531806616
"750","511","511->750",2.00540906717586,9.24864620704386e-05,0,1,0,"bridge",9.24864620704386e-05,1,1,"Zanzibar","Protectorate of",12,0,1,1,"India","Colony of",9,0.00228915662650603,126641,254600.699745547
"750","52","52->750",0,3.98015822904028e-07,0,1,0,"bridge",3.98015822904028e-07,NA,NA,"Trinidad and Tobago","Colony of",2,0,1,1,"India","Colony of",9,0.00228915662650603,545,NA
"750","561","561->750",0,5.69710354949418e-06,0,1,0,"bridge",5.69710354949418e-06,1,1,"Cape Colony (Cape of Good Hope)","Colony of",0,0,1,1,"India","Colony of",9,0.00228915662650603,7801,143793.638676845
"750","562","562->750",0,1.0325041659114e-05,0,1,0,"bridge",1.0325041659114e-05,1,1,"Natal","Colony of",0,0,1,1,"India","Colony of",9,0.00228915662650603,14138,113171.055979644
"750","590","590->750",2.97794928583141,0.000613015206785638,1,0,0,"9",0.000613015206785638,1,1,"Mauritius","Colony of",9,0,1,1,"India","Colony of",9,0.00228915662650603,839397,635551.908396946
"750","615","615->750",0,1.54218552744131e-06,0,1,0,"bridge",1.54218552744131e-06,1,1,"Algeria (Regency of Algiers)","Colony of",5,0.0288636363636364,1,1,"India","Colony of",9,0.00228915662650603,2111.7027617723,NA
"750","651","651->750",0,8.61685998980666e-06,0,1,0,"bridge",8.61685998980666e-06,1,1,"Egypt Arab Republic (Egypt)","Occupied by",8,0.0189473684210526,1,1,"India","Colony of",9,0.00228915662650603,11799,3073825.25445293
"750","681","681->750",0.416931814930689,4.81524628663201e-05,0,1,0,"bridge",4.81524628663201e-05,1,1,"Aden","Dependency of",12,0,1,1,"India","Colony of",9,0.00228915662650603,65934.796437659,505699.236641221
"750","710","710->750",0,0.000223050302951327,0,1,0,"bridge",0.000223050302951327,1,1,"People's Republic of China (China)","Sovereign",3,0.0661111111111111,1,1,"India","Colony of",9,0.00228915662650603,305421.061458114,3366407.95165394
"750","780","780->750",1.48544414656686,0.00031001854113339,1,0,0,"9",0.00031001854113339,1,1,"Sri Lanka (Ceylon)","Colony of",9,0,1,1,"India","Colony of",9,0.00228915662650603,424506,2001974.17302799
"750","827","827->750",1.07473955621049,0.000804225659630044,0,1,0,"bridge",0.000804225659630044,1,1,"Straits Settlements","Colony of",3,0.109285714285714,1,1,"India","Colony of",9,0.00228915662650603,1101220,2824761.8956743
"750","901","901->750",0,3.71892839444804e-05,0,1,0,"bridge",3.71892839444804e-05,1,1,"New South Wales","Colony of",13,0,1,1,"India","Colony of",9,0.00228915662650603,50923,285306
"750","902","902->750",0,1.09545639331384e-07,0,1,0,"bridge",1.09545639331384e-07,1,1,"Western Australia","Colony of",13,0,1,1,"India","Colony of",9,0.00228915662650603,150,13892
"750","903","903->750",0.627398881974568,0.000257413264517935,0,1,0,"bridge",0.000257413264517935,1,1,"South Australia","Colony of",13,0,1,1,"India","Colony of",9,0.00228915662650603,352474,78604
"750","904","904->750",0,4.61230959840859e-05,0,1,0,"bridge",4.61230959840859e-05,1,1,"Victoria","Colony of",13,0,1,1,"India","Colony of",9,0.00228915662650603,63156,242282
"750","905","905->750",0,6.22511353107145e-06,0,1,0,"bridge",6.22511353107145e-06,1,1,"Queensland","Colony of",13,0,1,1,"India","Colony of",9,0.00228915662650603,8524,68180
"751","2","2->751",0,7.32495174995854e-07,0,1,0,"bridge",7.32495174995854e-07,1,1,"United States of America","Sovereign",2,0.00694214876033058,1,1,"French India","Colony of",5,0.09,1003,NA
"751","200","200->751",0,1.48251765228473e-07,0,1,0,"bridge",1.48251765228473e-07,1,1,"United Kingdom","Sovereign",0,0,1,1,"French India","Colony of",5,0.09,203,NA
"751","220","220->751",2.21874792462981,3.19226977321736e-05,1,0,0,"5",3.19226977321736e-05,1,1,"France","Sovereign",5,0.0336885245901639,1,1,"French India","Colony of",5,0.09,43711.5040731174,348990.184780449
"751","230","230->751",0,1.09545639331384e-08,0.1,0.9,0.36,"bridge",1.09545639331384e-08,1,1,"Spain","Sovereign",7,0.0396103896103896,1,1,"French India","Colony of",5,0.09,15,NA
"751","590","590->751",3.1947174724338,1.09618669757605e-06,0,1,0,"bridge",1.09618669757605e-06,1,1,"Mauritius","Colony of",9,0,1,1,"French India","Colony of",5,0.09,1501,NA
"751","681","681->751",0,1.89879108174399e-08,0,1,0,"bridge",1.89879108174399e-08,1,1,"Aden","Dependency of",12,0,1,1,"French India","Colony of",5,0.09,26,NA
"751","840","840->751",2.40462339303076,1.01731383725745e-06,0.1,0.9,0.36,"bridge",1.01731383725745e-06,1,1,"Philippines","Colony of",7,0.174444444444444,1,1,"French India","Colony of",5,0.09,1393,NA
"752","200","200->752",1.73106758088061,1.79304302457609e-05,0,1,0,"bridge",1.79304302457609e-05,1,1,"United Kingdom","Sovereign",0,0,1,NA,"Portuguese India","Colony of",6,0,24552,NA
"752","235","235->752",3.3361277749621,1.6612596204605e-06,1,0,0,"6",1.6612596204605e-06,1,1,"Portugal","Sovereign",6,0,1,NA,"Portuguese India","Colony of",6,0,2274.75000000008,NA
"780","200","200->780",0.619984644377013,0.000690174773305092,0,1,0,"bridge",0.000690174773305092,1,1,"United Kingdom","Sovereign",0,0,1,1,"Sri Lanka (Ceylon)","Colony of",9,0,945051,2580804
"780","352","352->780",0,5.11212983546458e-09,0,1,0,"bridge",5.11212983546458e-09,1,1,"Cyprus","Protectorate of",8,0.0189473684210526,1,1,"Sri Lanka (Ceylon)","Colony of",9,0,7,NA
"780","561","561->780",0,7.96031645808057e-08,0,1,0,"bridge",7.96031645808057e-08,1,1,"Cape Colony (Cape of Good Hope)","Colony of",0,0,1,1,"Sri Lanka (Ceylon)","Colony of",9,0,109,NA
"780","590","590->780",3.07645966278925,6.38402773852817e-05,1,0,0,"9",6.38402773852817e-05,1,1,"Mauritius","Colony of",9,0,1,1,"Sri Lanka (Ceylon)","Colony of",9,0,87416,23761
"780","681","681->780",0,1.09127526204165e-07,0,1,0,"bridge",1.09127526204165e-07,1,1,"Aden","Dependency of",12,0,1,1,"Sri Lanka (Ceylon)","Colony of",9,0,149.427480916031,NA
"780","750","750->780",2.61211899546841,0.00146205027139513,1,0,0,"9",0.00146205027139513,1,1,"India","Colony of",9,0.00228915662650603,1,1,"Sri Lanka (Ceylon)","Colony of",9,0,2001974.17302799,424506
"780","901","901->780",0,6.55448075332781e-06,0,1,0,"bridge",6.55448075332781e-06,1,1,"New South Wales","Colony of",13,0,1,1,"Sri Lanka (Ceylon)","Colony of",9,0,8975,77071
"780","903","903->780",1.63488467016616,6.65299879829983e-05,0,1,0,"bridge",6.65299879829983e-05,1,1,"South Australia","Colony of",13,0,1,1,"Sri Lanka (Ceylon)","Colony of",9,0,91099,21233
"780","904","904->780",0,1.40510540049055e-06,0,1,0,"bridge",1.40510540049055e-06,1,1,"Victoria","Colony of",13,0,1,1,"Sri Lanka (Ceylon)","Colony of",9,0,1924,65448
"781","750","750->781",1.6925301589666,6.59726766334655e-06,1,0,0,"9",6.59726766334655e-06,1,1,"India","Colony of",9,0.00228915662650603,1,NA,"Maldive Islands","Protectorate of",9,0,9033.58778625954,NA
"781","780","780->781",5.55232090005391,1.93296932121538e-05,1,0,0,"9",1.93296932121538e-05,1,1,"Sri Lanka (Ceylon)","Colony of",9,0,1,NA,"Maldive Islands","Protectorate of",9,0,26468,NA
"80","2","2->80",1.32625898581904,6.96044294790381e-05,1,0,0,"2",6.96044294790381e-05,1,1,"United States of America","Sovereign",2,0.00694214876033058,1,1,"Belize (British Honduras)","Colony of",2,0.056,95308.8090551181,54898.5416666667
"80","20","20->80",0,1.24851192097561e-07,1,0,0,"2",1.24851192097561e-07,1,1,"Canada (Province of Canada)","Colony of",2,0,1,1,"Belize (British Honduras)","Colony of",2,0.056,170.957775489186,NA
"80","200","200->80",1.08333740996464,6.40841990088596e-05,0,1,0,"bridge",6.40841990088596e-05,1,1,"United Kingdom","Sovereign",0,0,1,1,"Belize (British Honduras)","Colony of",2,0.056,87750,147467.5
"80","51","51->80",0,1.16848681953476e-08,1,0,0,"2",1.16848681953476e-08,1,1,"Jamaica","Colony of",2,0,1,1,"Belize (British Honduras)","Colony of",2,0.056,16,NA
"800","200","200->800",0,8.042110535448e-05,0,1,0,"bridge",8.042110535448e-05,1,1,"United Kingdom","Sovereign",0,0,1,NA,"Thailand (Siam)","Sovereign",3,0.17,110120,NA
"800","255","255->800",0,1.23974720206257e-05,0,1,0,"bridge",1.23974720206257e-05,1,1,"Germany (Zollverein)","Sovereign",1,0.0922314049586777,1,NA,"Thailand (Siam)","Sovereign",3,0.17,16975.7629280738,NA
"800","710","710->800",1.60212612994729,5.48984867715722e-05,0.85,0.15,0.51,"3",5.48984867715722e-05,1,1,"People's Republic of China (China)","Sovereign",3,0.0661111111111111,1,NA,"Thailand (Siam)","Sovereign",3,0.17,75172.074999946,NA
"800","740","740->800",0,3.67545776135101e-07,0.85,0.15,0.51,"3",3.67545776135101e-07,1,1,"Japan","Sovereign",3,0.085,1,NA,"Thailand (Siam)","Sovereign",3,0.17,503.277599699674,NA
"800","750","750->800",0,2.46368514512396e-05,0,1,0,"bridge",2.46368514512396e-05,1,1,"India","Colony of",9,0.00228915662650603,1,NA,"Thailand (Siam)","Sovereign",3,0.17,33735.0508905852,NA
"800","827","827->800",4.24720508355794,0.000652613034186884,1,0,0,"3",0.000652613034186884,1,1,"Straits Settlements","Colony of",3,0.109285714285714,1,NA,"Thailand (Siam)","Sovereign",3,0.17,893618,NA
"810","2","2->810",0,1.73629838340244e-05,0,1,0,"bridge",1.73629838340244e-05,1,1,"United States of America","Sovereign",2,0.00694214876033058,1,NA,"French Indochina","Colony of",7,0.18,23775,NA
"810","220","220->810",2.15739974898761,0.000400484753367269,0.15,0.85,0.51,"bridge",0.000400484753367269,1,1,"France","Sovereign",5,0.0336885245901639,1,NA,"French Indochina","Colony of",7,0.18,548380.687462746,NA
"810","230","230->810",0,2.69482272755205e-07,0.95,0.05,0.19,"7",2.69482272755205e-07,1,1,"Spain","Sovereign",7,0.0396103896103896,1,NA,"French Indochina","Colony of",7,0.18,369,NA
"810","255","255->810",0,3.36809933508327e-06,0,1,0,"bridge",3.36809933508327e-06,1,1,"Germany (Zollverein)","Sovereign",1,0.0922314049586777,1,NA,"French Indochina","Colony of",7,0.18,4611.91247178883,NA
"810","615","615->810",1.89639903003542,2.05618739394419e-05,0.05,0.95,0.19,"bridge",2.05618739394419e-05,1,1,"Algeria (Regency of Algiers)","Colony of",5,0.0288636363636364,1,NA,"French Indochina","Colony of",7,0.18,28155.2155771905,NA
"810","840","840->810",2.9796311162417,2.41161073466731e-05,0.95,0.05,0.19,"7",2.41161073466731e-05,1,1,"Philippines","Colony of",7,0.174444444444444,1,NA,"French Indochina","Colony of",7,0.18,33022,NA
"8151","2","2->8151",0,2.93290191703225e-06,0,1,0,"bridge",2.93290191703225e-06,1,1,"United States of America","Sovereign",2,0.00694214876033058,1,NA,"Cochin China","Colony of",9,0.095,4016,NA
"8151","210","210->8151",0,3.98095006696736e-07,0,1,0,"bridge",3.98095006696736e-07,1,1,"Netherlands","Sovereign",3,0.0322784810126582,1,NA,"Cochin China","Colony of",9,0.095,545.108425757325,NA
"8151","211","211->8151",0,2.87958970588839e-08,0,1,0,"bridge",2.87958970588839e-08,1,1,"Belgium","Sovereign",4,0.0291428571428571,1,NA,"Cochin China","Colony of",9,0.095,39.4299999999646,NA
"8151","230","230->8151",0,4.5278864256972e-08,0.05,0.95,0.19,"bridge",4.5278864256972e-08,1,1,"Spain","Sovereign",7,0.0396103896103896,1,NA,"Cochin China","Colony of",9,0.095,62,NA
"8151","750","750->8151",3.00294085860276,0.000124747117668728,0.95,0.05,0.19,"9",0.000124747117668728,1,1,"India","Colony of",9,0.00228915662650603,1,NA,"Cochin China","Colony of",9,0.095,170815.267175573,NA
"8151","840","840->8151",2.46113836508613,4.07290687034086e-06,0.05,0.95,0.19,"bridge",4.07290687034086e-06,1,1,"Philippines","Colony of",7,0.174444444444444,1,NA,"Cochin China","Colony of",9,0.095,5577,NA
"823","200","200->823",0,1.74542718668005e-07,0,1,0,"bridge",1.74542718668005e-07,1,1,"United Kingdom","Sovereign",0,0,1,NA,"Sabah (North Borneo)","Protectorate of",3,0,239,NA
"823","827","827->823",4.47801372143753,4.35947826283176e-05,1,0,0,"3",4.35947826283176e-05,1,1,"Straits Settlements","Colony of",3,0.109285714285714,1,NA,"Sabah (North Borneo)","Protectorate of",3,0,59694,NA
"824","200","200->824",0,2.38882524168638e-06,0,1,0,"bridge",2.38882524168638e-06,1,1,"United Kingdom","Sovereign",0,0,1,NA,"Sarawak","Protectorate of",3,0,3271,NA
"824","827","827->824",4.46606337350196,0.000148614935983483,1,0,0,"3",0.000148614935983483,1,1,"Straits Settlements","Colony of",3,0.109285714285714,1,NA,"Sarawak","Protectorate of",3,0,203497.286916978,NA
"827","200","200->827",0.862138594206111,0.00152815144441314,0,1,0,"bridge",0.00152815144441314,1,1,"United Kingdom","Sovereign",0,0,1,1,"Straits Settlements","Colony of",3,0.109285714285714,2092486,3553652
"827","211","211->827",0,6.19111786766004e-06,0.15,0.85,0.51,"bridge",6.19111786766004e-06,1,1,"Belgium","Sovereign",4,0.0291428571428571,1,1,"Straits Settlements","Colony of",3,0.109285714285714,8477.44999999238,11089
"827","352","352->827",0,2.19091278662768e-09,0,1,0,"bridge",2.19091278662768e-09,1,1,"Cyprus","Protectorate of",8,0.0189473684210526,1,1,"Straits Settlements","Colony of",3,0.109285714285714,3,NA
"827","590","590->827",0,3.6171970107223e-06,0,1,0,"bridge",3.6171970107223e-06,1,1,"Mauritius","Colony of",9,0,1,1,"Straits Settlements","Colony of",3,0.109285714285714,4953,NA
"827","681","681->827",0,3.89277258545151e-06,0,1,0,"bridge",3.89277258545151e-06,1,1,"Aden","Dependency of",12,0,1,1,"Straits Settlements","Colony of",3,0.109285714285714,5330.34351145038,NA
"827","710","710->827",1.43154437256053,0.000223288474950307,0.85,0.15,0.51,"3",0.000223288474950307,1,1,"People's Republic of China (China)","Sovereign",3,0.0661111111111111,1,1,"Straits Settlements","Colony of",3,0.109285714285714,305747.188541447,567274
"827","750","750->827",2.40369402391405,0.00206293565213716,0,1,0,"bridge",0.00206293565213716,1,1,"India","Colony of",9,0.00228915662650603,1,1,"Straits Settlements","Colony of",3,0.109285714285714,2824761.8956743,1101220
"827","780","780->827",1.61496382751217,5.78788036928678e-05,0,1,0,"bridge",5.78788036928678e-05,1,1,"Sri Lanka (Ceylon)","Colony of",9,0,1,1,"Straits Settlements","Colony of",3,0.109285714285714,79253,NA
"827","902","902->827",3.61106112330071,9.11069173191254e-05,0,1,0,"bridge",9.11069173191254e-05,1,1,"Western Australia","Colony of",13,0,1,1,"Straits Settlements","Colony of",3,0.109285714285714,124752,NA
"827","904","904->827",0,4.17807068409898e-06,0,1,0,"bridge",4.17807068409898e-06,1,1,"Victoria","Colony of",13,0,1,1,"Straits Settlements","Colony of",3,0.109285714285714,5721,NA
"835","200","200->835",0,1.97182150796491e-08,0,1,0,"bridge",1.97182150796491e-08,1,1,"United Kingdom","Sovereign",0,0,1,NA,"Brunei","Protectorate of",3,0,27,NA
"835","827","827->835",4.4617721419543,9.64522393686738e-07,1,0,0,"3",9.64522393686738e-07,1,1,"Straits Settlements","Colony of",3,0.109285714285714,1,NA,"Brunei","Protectorate of",3,0,1320.71308302239,NA
"840","2","2->840",0,9.12191474495834e-06,0,1,0,"bridge",9.12191474495834e-06,1,1,"United States of America","Sovereign",2,0.00694214876033058,1,1,"Philippines","Colony of",7,0.174444444444444,12490.5675853018,599897.192565768
"840","210","210->840",0,6.23678147448667e-07,0,1,0,"bridge",6.23678147448667e-07,1,1,"Netherlands","Sovereign",3,0.0322784810126582,1,1,"Philippines","Colony of",7,0.174444444444444,853.997682502897,NA
"840","211","211->840",0,1.290056188238e-05,0,1,0,"bridge",1.290056188238e-05,1,1,"Belgium","Sovereign",4,0.0291428571428571,1,1,"Philippines","Colony of",7,0.174444444444444,17664.6399999841,NA
"840","220","220->840",0,3.19226977321736e-05,0.1,0.9,0.36,"bridge",3.19226977321736e-05,1,1,"France","Sovereign",5,0.0336885245901639,1,1,"Philippines","Colony of",7,0.174444444444444,43711.5040731174,NA
"840","230","230->840",3.58525832762785,0.000476632699247601,1,0,0,"7",0.000476632699247601,1,1,"Spain","Sovereign",7,0.0396103896103896,1,1,"Philippines","Colony of",7,0.174444444444444,652649.483115093,399931.461710512
"840","255","255->840",0.527834951858755,0.000102834522252011,0,1,0,"bridge",0.000102834522252011,1,1,"Germany (Zollverein)","Sovereign",1,0.0922314049586777,1,1,"Philippines","Colony of",7,0.174444444444444,140810.519085468,NA
"840","710","710->840",1.00537914873002,2.55685113591274e-05,0.15,0.85,0.51,"bridge",2.55685113591274e-05,1,1,"People's Republic of China (China)","Sovereign",3,0.0661111111111111,1,1,"Philippines","Colony of",7,0.174444444444444,35010.7656249748,1199794.38513154
"840","740","740->840",0.470192616169605,1.01788637184148e-05,0.15,0.85,0.51,"bridge",1.01788637184148e-05,1,1,"Japan","Sovereign",3,0.085,1,1,"Philippines","Colony of",7,0.174444444444444,13937.8396719513,39993.1461710512
"840","750","750->840",0,1.01305094164038e-05,0,1,0,"bridge",1.01305094164038e-05,1,1,"India","Colony of",9,0.00228915662650603,1,1,"Philippines","Colony of",7,0.174444444444444,13871.6284987277,NA
"840","901","901->840",0.49956271875623,1.8220361037858e-05,0,1,0,"bridge",1.8220361037858e-05,1,1,"New South Wales","Colony of",13,0,1,1,"Philippines","Colony of",7,0.174444444444444,24949,NA
"850","2","2->850",0,0.000205463215305166,0,1,0,"bridge",0.000205463215305166,1,1,"United States of America","Sovereign",2,0.00694214876033058,1,NA,"Indonesia (Dutch East Indies)","Colony of",3,0.06,281339.197834646,NA
"850","200","200->850",0.0195254399717492,0.00142981232398535,0,1,0,"bridge",0.00142981232398535,1,1,"United Kingdom","Sovereign",0,0,1,NA,"Indonesia (Dutch East Indies)","Colony of",3,0.06,1957831,NA
"850","210","210->850",1.85828350772892,0.003775254268205,1,0,0,"3",0.003775254268205,1,1,"Netherlands","Sovereign",3,0.0322784810126582,1,NA,"Indonesia (Dutch East Indies)","Colony of",3,0.06,5169426.58500248,NA
"850","211","211->850",0,1.42827649412064e-05,0.15,0.85,0.51,"bridge",1.42827649412064e-05,1,1,"Belgium","Sovereign",4,0.0291428571428571,1,NA,"Indonesia (Dutch East Indies)","Colony of",3,0.06,19557.2799999824,NA
"850","220","220->850",0,5.8041268603952e-05,0,1,0,"bridge",5.8041268603952e-05,1,1,"France","Sovereign",5,0.0336885245901639,1,NA,"Indonesia (Dutch East Indies)","Colony of",3,0.06,79475.4619511226,NA
"850","225","225->850",0,0.000146014395648802,0,1,0,"bridge",0.000146014395648802,1,1,"Switzerland","Sovereign",8,0.015,1,NA,"Indonesia (Dutch East Indies)","Colony of",3,0.06,199936.387071188,NA
"850","255","255->850",0,0.000401520437754714,0,1,0,"bridge",0.000401520437754714,1,1,"Germany (Zollverein)","Sovereign",1,0.0922314049586777,1,NA,"Indonesia (Dutch East Indies)","Colony of",3,0.06,549798.842115592,NA
"850","300","300->850",0,1.91578093709604e-05,0,1,0,"bridge",1.91578093709604e-05,1,1,"Austria-Hungary (Austrian Empire)","Sovereign",8,0.0101408450704225,1,NA,"Indonesia (Dutch East Indies)","Colony of",3,0.06,26232.640780442,NA
"850","561","561->850",0,1.35106288508707e-07,0,1,0,"bridge",1.35106288508707e-07,1,1,"Cape Colony (Cape of Good Hope)","Colony of",0,0,1,NA,"Indonesia (Dutch East Indies)","Colony of",3,0.06,185,NA
"850","615","615->850",0,1.5685652840218e-07,0,1,0,"bridge",1.5685652840218e-07,1,1,"Algeria (Regency of Algiers)","Colony of",5,0.0288636363636364,1,NA,"Indonesia (Dutch East Indies)","Colony of",3,0.06,214.782435922909,NA
"850","681","681->850",0,1.663161106049e-07,0,1,0,"bridge",1.663161106049e-07,1,1,"Aden","Dependency of",12,0,1,NA,"Indonesia (Dutch East Indies)","Colony of",3,0.06,227.735368956743,NA
"850","710","710->850",0,6.88714560361654e-05,0.85,0.15,0.51,"3",6.88714560361654e-05,1,1,"People's Republic of China (China)","Sovereign",3,0.0661111111111111,1,NA,"Indonesia (Dutch East Indies)","Colony of",3,0.06,94305.1541665989,NA
"850","750","750->850",0,3.88664025958563e-05,0,1,0,"bridge",3.88664025958563e-05,1,1,"India","Colony of",9,0.00228915662650603,1,NA,"Indonesia (Dutch East Indies)","Colony of",3,0.06,53219.465648855,NA
"850","827","827->850",3.22825724261582,0.0024693113441202,1,0,0,"3",0.0024693113441202,1,1,"Straits Settlements","Colony of",3,0.109285714285714,1,NA,"Indonesia (Dutch East Indies)","Colony of",3,0.06,3381209,NA
"850","901","901->850",0,7.88655572759744e-06,0,1,0,"bridge",7.88655572759744e-06,1,1,"New South Wales","Colony of",13,0,1,NA,"Indonesia (Dutch East Indies)","Colony of",3,0.06,10799,NA
"850","903","903->850",0,1.01001079463536e-05,0,1,0,"bridge",1.01001079463536e-05,1,1,"South Australia","Colony of",13,0,1,NA,"Indonesia (Dutch East Indies)","Colony of",3,0.06,13830,NA
"850","904","904->850",0,6.1031527192825e-06,0,1,0,"bridge",6.1031527192825e-06,1,1,"Victoria","Colony of",13,0,1,NA,"Indonesia (Dutch East Indies)","Colony of",3,0.06,8357,NA
"90","135","135->90",1.5665694349728,4.71610612901447e-06,0.7,0.3,0.84,"10",4.71610612901447e-06,1,1,"Peru","Sovereign",10,0.024,1,NA,"Guatemala","Sovereign",2,0.466666666666667,6457.72778971313,NA
"90","155","155->90",0,9.4470345385073e-07,0.7,0.3,0.84,"10",9.4470345385073e-07,1,1,"Chile","Sovereign",10,0.0221052631578947,1,NA,"Guatemala","Sovereign",2,0.466666666666667,1293.57516138949,NA
"90","2","2->90",1.47547686676601,0.000270985440431386,0.3,0.7,0.84,"bridge",0.000270985440431386,1,1,"United States of America","Sovereign",2,0.00694214876033058,1,NA,"Guatemala","Sovereign",2,0.466666666666667,371058.275918635,NA
"90","211","211->90",0,1.22382562500257e-07,0,1,0,"bridge",1.22382562500257e-07,1,1,"Belgium","Sovereign",4,0.0291428571428571,1,NA,"Guatemala","Sovereign",2,0.466666666666667,167.577499999849,NA
"90","220","220->90",0,4.71484431682277e-06,0,1,0,"bridge",4.71484431682277e-06,1,1,"France","Sovereign",5,0.0336885245901639,1,NA,"Guatemala","Sovereign",2,0.466666666666667,6456,NA
"90","230","230->90",0,9.83394198978289e-07,0,1,0,"bridge",9.83394198978289e-07,1,1,"Spain","Sovereign",7,0.0396103896103896,1,NA,"Guatemala","Sovereign",2,0.466666666666667,1346.55410062026,NA
"90","255","255->90",1.44238437627522,0.000164978016759119,0,1,0,"bridge",0.000164978016759119,1,1,"Germany (Zollverein)","Sovereign",1,0.0922314049586777,1,NA,"Guatemala","Sovereign",2,0.466666666666667,225903.127362351,NA
"90","70","70->90",0,1.09764730610047e-06,0.3,0.7,0.84,"bridge",1.09764730610047e-06,1,1,"Mexico","Sovereign",2,0.0381818181818182,1,NA,"Guatemala","Sovereign",2,0.466666666666667,1503,NA
"90","80","80->90",1.13284956436979,2.46629835216908e-07,0.3,0.7,0.84,"bridge",2.46629835216908e-07,1,1,"Belize (British Honduras)","Colony of",2,0.056,1,NA,"Guatemala","Sovereign",2,0.466666666666667,337.708333333333,NA
"9002","200","200->9002",1.8196737876035,5.03836910498145e-06,1,0,0,"0",5.03836910498145e-06,1,1,"United Kingdom","Sovereign",0,0,NA,NA,"Cocos (Keeling) Is.","Dependency of",0,0,6899,NA
"901","2","2->901",0,0.000663270364285304,0,1,0,"bridge",0.000663270364285304,1,1,"United States of America","Sovereign",2,0.00694214876033058,1,1,"New South Wales","Colony of",13,0,908211,1529980
"901","200","200->901",0.768614313770812,0.00479543485276608,0,1,0,"bridge",0.00479543485276608,1,1,"United Kingdom","Sovereign",0,0,1,1,"New South Wales","Colony of",13,0,6566352,7653915
"901","255","255->901",0,0.000292862233405571,0,1,0,"bridge",0.000292862233405571,1,1,"Germany (Zollverein)","Sovereign",1,0.0922314049586777,1,1,"New South Wales","Colony of",13,0,401014,1017456
"901","561","561->901",0,1.90609412436608e-07,0,1,0,"bridge",1.90609412436608e-07,1,1,"Cape Colony (Cape of Good Hope)","Colony of",0,0,1,1,"New South Wales","Colony of",13,0,261,NA
"901","590","590->901",1.03307343888695,4.95431108440117e-05,0,1,0,"bridge",4.95431108440117e-05,1,1,"Mauritius","Colony of",9,0,1,1,"New South Wales","Colony of",13,0,67839,17068
"901","710","710->901",0,0.000101800762630655,0,1,0,"bridge",0.000101800762630655,1,1,"People's Republic of China (China)","Sovereign",3,0.0661111111111111,1,1,"New South Wales","Colony of",13,0,139395,9810
"901","750","750->901",0,0.000208360187833866,0,1,0,"bridge",0.000208360187833866,1,1,"India","Colony of",9,0.00228915662650603,1,1,"New South Wales","Colony of",13,0,285306,50923
"901","780","780->901",0.349915760721047,5.62852797927273e-05,0,1,0,"bridge",5.62852797927273e-05,1,1,"Sri Lanka (Ceylon)","Colony of",9,0,1,1,"New South Wales","Colony of",13,0,77071,8975
"901","902","902->901",0.0730920974534314,9.1266123648287e-06,1,0,0,"13",9.1266123648287e-06,1,1,"Western Australia","Colony of",13,0,1,1,"New South Wales","Colony of",13,0,12497,32226
"901","903","903->901",3.19946996633581,0.00190470654626788,1,0,0,"13",0.00190470654626788,1,1,"South Australia","Colony of",13,0,1,1,"New South Wales","Colony of",13,0,2608100,2988448
"901","904","904->901",2.46191525410984,0.00165748467772908,1,0,0,"13",0.00165748467772908,1,1,"Victoria","Colony of",13,0,1,1,"New South Wales","Colony of",13,0,2269581,4278907
"901","905","905->901",3.53948858588655,0.00314787793117747,1,0,0,"13",0.00314787793117747,1,1,"Queensland","Colony of",13,0,1,1,"New South Wales","Colony of",13,0,4310365,1105173
"901","906","906->901",3.16637308793127,0.000320098930864664,1,0,0,"13",0.000320098930864664,1,1,"Tasmania","Colony of",13,0,1,1,"New South Wales","Colony of",13,0,438309,226864
"901","920","920->901",1.69141021890571,0.00051116405316089,1,0,0,"13",0.00051116405316089,1,1,"New Zealand","Colony of",13,0,1,1,"New South Wales","Colony of",13,0,699933,286059
"902","2","2->902",0,3.22969756919408e-05,0,1,0,"bridge",3.22969756919408e-05,1,1,"United States of America","Sovereign",2,0.00694214876033058,1,1,"Western Australia","Colony of",13,0,44224,NA
"902","200","200->902",1.07139456923661,0.000382861279158925,0,1,0,"bridge",0.000382861279158925,1,1,"United Kingdom","Sovereign",0,0,1,1,"Western Australia","Colony of",13,0,524249,395700
"902","255","255->902",0,1.42599210238974e-05,0,1,0,"bridge",1.42599210238974e-05,1,1,"Germany (Zollverein)","Sovereign",1,0.0922314049586777,1,1,"Western Australia","Colony of",13,0,19526,4439
"902","590","590->902",0.841294533787209,2.41219497807707e-06,0,1,0,"bridge",2.41219497807707e-06,1,1,"Mauritius","Colony of",9,0,1,1,"Western Australia","Colony of",13,0,3303,4836
"902","710","710->902",0,4.95657502761402e-06,0,1,0,"bridge",4.95657502761402e-06,1,1,"People's Republic of China (China)","Sovereign",3,0.0661111111111111,1,1,"Western Australia","Colony of",13,0,6787,2670
"902","750","750->902",0,1.01453868106106e-05,0,1,0,"bridge",1.01453868106106e-05,1,1,"India","Colony of",9,0.00228915662650603,1,1,"Western Australia","Colony of",13,0,13892,150
"902","780","780->902",0.158004916242541,2.74010159180902e-06,0,1,0,"bridge",2.74010159180902e-06,1,1,"Sri Lanka (Ceylon)","Colony of",9,0,1,1,"Western Australia","Colony of",13,0,3752,NA
"902","901","901->902",0.607962130260091,2.35347851539545e-05,1,0,0,"13",2.35347851539545e-05,1,1,"New South Wales","Colony of",13,0,1,1,"Western Australia","Colony of",13,0,32226,12497
"902","903","903->902",3.65782883263734,0.000177667690605998,1,0,0,"13",0.000177667690605998,1,1,"South Australia","Colony of",13,0,1,1,"Western Australia","Colony of",13,0,243279,66022
"902","904","904->902",2.91034537345587,0.000153079806705938,1,0,0,"13",0.000153079806705938,1,1,"Victoria","Colony of",13,0,1,1,"Western Australia","Colony of",13,0,209611,235453
"902","905","905->902",0,5.03471758367041e-06,1,0,0,"13",5.03471758367041e-06,1,1,"Queensland","Colony of",13,0,1,1,"Western Australia","Colony of",13,0,6894,NA
"902","906","906->902",0,1.34375984246498e-07,1,0,0,"13",1.34375984246498e-07,1,1,"Tasmania","Colony of",13,0,1,1,"Western Australia","Colony of",13,0,184,NA
"903","2","2->903",0,0.000182736732489993,0,1,0,"bridge",0.000182736732489993,1,1,"United States of America","Sovereign",2,0.00694214876033058,1,1,"South Australia","Colony of",13,0,250220,24244
"903","200","200->903",0.581848941063886,0.00125429172791025,0,1,0,"bridge",0.00125429172791025,1,1,"United Kingdom","Sovereign",0,0,1,1,"South Australia","Colony of",13,0,1717492,3167298
"903","255","255->903",0,8.0686205801662e-05,0,1,0,"bridge",8.0686205801662e-05,1,1,"Germany (Zollverein)","Sovereign",1,0.0922314049586777,1,1,"South Australia","Colony of",13,0,110483,67296
"903","562","562->903",0,1.06186239725222e-06,0,1,0,"bridge",1.06186239725222e-06,1,1,"Natal","Colony of",0,0,1,1,"South Australia","Colony of",13,0,1454,118701
"903","590","590->903",0.898252776814015,1.36493866606904e-05,0,1,0,"bridge",1.36493866606904e-05,1,1,"Mauritius","Colony of",9,0,1,1,"South Australia","Colony of",13,0,18690,10304
"903","710","710->903",0,2.80466048858831e-05,0,1,0,"bridge",2.80466048858831e-05,1,1,"People's Republic of China (China)","Sovereign",3,0.0661111111111111,1,1,"South Australia","Colony of",13,0,38404,17441
"903","750","750->903",0,5.7404836226694e-05,0,1,0,"bridge",5.7404836226694e-05,1,1,"India","Colony of",9,0.00228915662650603,1,1,"South Australia","Colony of",13,0,78604,352474
"903","780","780->903",0.215073228266207,1.55065503994885e-05,0,1,0,"bridge",1.55065503994885e-05,1,1,"Sri Lanka (Ceylon)","Colony of",9,0,1,1,"South Australia","Colony of",13,0,21233,91099
"903","901","901->903",3.46149878615617,0.00218247631179064,1,0,0,"13",0.00218247631179064,1,1,"New South Wales","Colony of",13,0,1,1,"South Australia","Colony of",13,0,2988448,2608100
"903","902","902->903",2.89191946903489,4.82161479995775e-05,1,0,0,"13",4.82161479995775e-05,1,1,"Western Australia","Colony of",13,0,1,1,"South Australia","Colony of",13,0,66022,243279
"903","904","904->903",2.02285024881578,0.000336858683378103,1,0,0,"13",0.000336858683378103,1,1,"Victoria","Colony of",13,0,1,1,"South Australia","Colony of",13,0,461258,563015
"903","905","905->903",1.15734444543993,9.16531849072579e-05,1,0,0,"13",9.16531849072579e-05,1,1,"Queensland","Colony of",13,0,1,1,"South Australia","Colony of",13,0,125500,137791
"903","906","906->903",0.770679762161242,9.19453066121416e-06,1,0,0,"13",9.19453066121416e-06,1,1,"Tasmania","Colony of",13,0,1,1,"South Australia","Colony of",13,0,12590,14500
"903","920","920->903",0,2.31469935907214e-05,1,0,0,"13",2.31469935907214e-05,1,1,"New Zealand","Colony of",13,0,1,1,"South Australia","Colony of",13,0,31695,24390
"904","2","2->904",0,0.000563249353141652,0,1,0,"bridge",0.000563249353141652,1,1,"United States of America","Sovereign",2,0.00694214876033058,1,1,"Victoria","Colony of",13,0,771253,241389
"904","200","200->904",0.816009485369875,0.00345168158303946,0,1,0,"bridge",0.00345168158303946,1,1,"United Kingdom","Sovereign",0,0,1,1,"Victoria","Colony of",13,0,4726361,7599501
"904","255","255->904",0,0.000248699274061254,0,1,0,"bridge",0.000248699274061254,1,1,"Germany (Zollverein)","Sovereign",1,0.0922314049586777,1,1,"Victoria","Colony of",13,0,340542,678406
"904","561","561->904",0,5.74749454358661e-07,0,1,0,"bridge",5.74749454358661e-07,1,1,"Cape Colony (Cape of Good Hope)","Colony of",0,0,1,1,"Victoria","Colony of",13,0,787,13619
"904","590","590->904",1.24581303052157,4.20720982416113e-05,0,1,0,"bridge",4.20720982416113e-05,1,1,"Mauritius","Colony of",9,0,1,1,"Victoria","Colony of",13,0,57609,31213
"904","710","710->904",0,8.6449036734755e-05,0,1,0,"bridge",8.6449036734755e-05,1,1,"People's Republic of China (China)","Sovereign",3,0.0661111111111111,1,1,"Victoria","Colony of",13,0,118374,30
"904","750","750->904",0,0.000176939577256576,0,1,0,"bridge",0.000176939577256576,1,1,"India","Colony of",9,0.00228915662650603,1,1,"Victoria","Colony of",13,0,242282,63156
"904","780","780->904",0.562642656956892,4.77969533530694e-05,0,1,0,"bridge",4.77969533530694e-05,1,1,"Sri Lanka (Ceylon)","Colony of",9,0,1,1,"Victoria","Colony of",13,0,65448,1924
"904","901","901->904",3.04231226988626,0.00312490401969689,1,0,0,"13",0.00312490401969689,1,1,"New South Wales","Colony of",13,0,1,1,"Victoria","Colony of",13,0,4278907,2269581
"904","902","902->904",3.3853128370644,0.000171952329449949,1,0,0,"13",0.000171952329449949,1,1,"Western Australia","Colony of",13,0,1,1,"Victoria","Colony of",13,0,235453,209611
"904","903","903->904",2.04259700818237,0.000411172254187728,1,0,0,"13",0.000411172254187728,1,1,"South Australia","Colony of",13,0,1,1,"Victoria","Colony of",13,0,563015,461258
"904","905","905->904",1.62162700441417,0.00031748298099743,1,0,0,"13",0.00031748298099743,1,1,"Queensland","Colony of",13,0,1,1,"Victoria","Colony of",13,0,434727,288745
"904","906","906->904",3.74999500771357,0.000393883031084186,1,0,0,"13",0.000393883031084186,1,1,"Tasmania","Colony of",13,0,1,1,"Victoria","Colony of",13,0,539341,423010
"904","920","920->904",1.77169398791851,0.000380229992902185,1,0,0,"13",0.000380229992902185,1,1,"New Zealand","Colony of",13,0,1,1,"Victoria","Colony of",13,0,520646,321807
"905","2","2->905",0,0.000158502315852842,0,1,0,"bridge",0.000158502315852842,1,1,"United States of America","Sovereign",2,0.00694214876033058,1,1,"Queensland","Colony of",13,0,217036,241
"905","200","200->905",1.05790661835933,0.00130972109110767,0,1,0,"bridge",0.00130972109110767,1,1,"United Kingdom","Sovereign",0,0,1,1,"Queensland","Colony of",13,0,1793391,4096937
"905","255","255->905",0,6.99857877517724e-05,0,1,0,"bridge",6.99857877517724e-05,1,1,"Germany (Zollverein)","Sovereign",1,0.0922314049586777,1,1,"Queensland","Colony of",13,0,95831,3000
"905","590","590->905",1.18876870284949,1.18389623946738e-05,0,1,0,"bridge",1.18389623946738e-05,1,1,"Mauritius","Colony of",9,0,1,1,"Queensland","Colony of",13,0,16211,NA
"905","710","710->905",0,2.43271652784515e-05,0,1,0,"bridge",2.43271652784515e-05,1,1,"People's Republic of China (China)","Sovereign",3,0.0661111111111111,1,1,"Queensland","Colony of",13,0,33311,NA
"905","750","750->905",0,4.9792144597425e-05,0,1,0,"bridge",4.9792144597425e-05,1,1,"India","Colony of",9,0.00228915662650603,1,1,"Queensland","Colony of",13,0,68180,8524
"905","780","780->905",0.505605327523528,1.34500135971073e-05,0,1,0,"bridge",1.34500135971073e-05,1,1,"Sri Lanka (Ceylon)","Colony of",9,0,1,1,"Queensland","Colony of",13,0,18417,NA
"905","901","901->905",2.89956100420363,0.000807112552378557,1,0,0,"13",0.000807112552378557,1,1,"New South Wales","Colony of",13,0,1,1,"Queensland","Colony of",13,0,1105173,4310365
"905","903","903->905",1.84597323547834,0.000100629354594072,1,0,0,"13",0.000100629354594072,1,1,"South Australia","Colony of",13,0,1,1,"Queensland","Colony of",13,0,137791,125500
"905","904","904->905",1.98725117845029,0.000210871704191603,1,0,0,"13",0.000210871704191603,1,1,"Victoria","Colony of",13,0,1,1,"Queensland","Colony of",13,0,288745,434727
"905","906","906->905",1.34598069631114,1.06025572787535e-05,1,0,0,"13",1.06025572787535e-05,1,1,"Tasmania","Colony of",13,0,1,1,"Queensland","Colony of",13,0,14518,3254
"905","920","920->905",0.696802844520249,3.86652288584053e-05,1,0,0,"13",3.86652288584053e-05,1,1,"New Zealand","Colony of",13,0,1,1,"Queensland","Colony of",13,0,52944,94927
"906","2","2->906",0,3.37612357376703e-05,0,1,0,"bridge",3.37612357376703e-05,1,1,"United States of America","Sovereign",2,0.00694214876033058,1,1,"Tasmania","Colony of",13,0,46229,NA
"906","200","200->906",0.841916232926116,0.000348932073440946,0,1,0,"bridge",0.000348932073440946,1,1,"United Kingdom","Sovereign",0,0,1,1,"Tasmania","Colony of",13,0,477790,315836
"906","255","255->906",0,1.49069706002147e-05,0,1,0,"bridge",1.49069706002147e-05,1,1,"Germany (Zollverein)","Sovereign",1,0.0922314049586777,1,1,"Tasmania","Colony of",13,0,20412,NA
"906","590","590->906",0.749023926355658,2.52174061740846e-06,0,1,0,"bridge",2.52174061740846e-06,1,1,"Mauritius","Colony of",9,0,1,1,"Tasmania","Colony of",13,0,3453,NA
"906","710","710->906",0,5.18150874037446e-06,0,1,0,"bridge",5.18150874037446e-06,1,1,"People's Republic of China (China)","Sovereign",3,0.0661111111111111,1,1,"Tasmania","Colony of",13,0,7095,NA
"906","750","750->906",0,1.06054784958024e-05,0,1,0,"bridge",1.06054784958024e-05,1,1,"India","Colony of",9,0.00228915662650603,1,1,"Tasmania","Colony of",13,0,14522,NA
"906","780","780->906",0.065889672895225,2.8649836206468e-06,0,1,0,"bridge",2.8649836206468e-06,1,1,"Sri Lanka (Ceylon)","Colony of",9,0,1,1,"Tasmania","Colony of",13,0,3923,NA
"906","901","901->906",2.42285638967316,0.000165679746141834,1,0,0,"13",0.000165679746141834,1,1,"New South Wales","Colony of",13,0,1,1,"Tasmania","Colony of",13,0,226864,438309
"906","903","903->906",0.701085669762426,1.05894118020338e-05,1,0,0,"13",1.05894118020338e-05,1,1,"South Australia","Colony of",13,0,1,1,"Tasmania","Colony of",13,0,14500,12590
"906","904","904->906",3.47580488146805,0.000308926005957125,1,0,0,"13",0.000308926005957125,1,1,"Victoria","Colony of",13,0,1,1,"Tasmania","Colony of",13,0,423010,539341
"906","905","905->906",0,2.37641006922882e-06,1,0,0,"13",2.37641006922882e-06,1,1,"Queensland","Colony of",13,0,1,1,"Tasmania","Colony of",13,0,3254,14518
"906","920","920->906",1.20662191414706,2.12861783306123e-05,1,0,0,"13",2.12861783306123e-05,1,1,"New Zealand","Colony of",13,0,1,1,"Tasmania","Colony of",13,0,29147,26151
"91","2","2->91",1.78669866651475,7.17226532710635e-05,1,0,0,"2",7.17226532710635e-05,1,1,"United States of America","Sovereign",2,0.00694214876033058,1,NA,"Honduras","Sovereign",2,0,98209.2765748031,NA
"91","211","211->91",0,1.98691689706299e-06,0,1,0,"bridge",1.98691689706299e-06,1,1,"Belgium","Sovereign",4,0.0291428571428571,1,NA,"Honduras","Sovereign",2,0,2720.66999999755,NA
"91","220","220->91",0,3.79027912086588e-06,0,1,0,"bridge",3.79027912086588e-06,1,1,"France","Sovereign",5,0.0336885245901639,1,NA,"Honduras","Sovereign",2,0,5190,NA
"91","230","230->91",0,1.44228800398812e-06,0,1,0,"bridge",1.44228800398812e-06,1,1,"Spain","Sovereign",7,0.0396103896103896,1,NA,"Honduras","Sovereign",2,0,1974.91385251551,NA
"91","255","255->91",0,6.44712602678305e-06,0,1,0,"bridge",6.44712602678305e-06,1,1,"Germany (Zollverein)","Sovereign",1,0.0922314049586777,1,NA,"Honduras","Sovereign",2,0,8828,NA
"91","80","80->91",4.65875303465503,1.62507913013682e-06,1,0,0,"2",1.62507913013682e-06,1,1,"Belize (British Honduras)","Colony of",2,0.056,1,NA,"Honduras","Sovereign",2,0,2225.20833333333,NA
"911","590","590->911",5.27034268203548,5.04859336465238e-06,1,0,0,"9",5.04859336465238e-06,1,1,"Mauritius","Colony of",9,0,1,NA,"Papua (British New Guinea)","Colony of",9,0,6913,NA
"911","780","780->911",4.58708710718509,5.73507937112905e-06,1,0,0,"9",5.73507937112905e-06,1,1,"Sri Lanka (Ceylon)","Colony of",9,0,1,NA,"Papua (British New Guinea)","Colony of",9,0,7853,NA
"911","905","905->911",4.24801016246857,9.41216133135251e-06,0,1,0,"bridge",9.41216133135251e-06,1,1,"Queensland","Colony of",13,0,1,NA,"Papua (British New Guinea)","Colony of",9,0,12888,NA
"912","255","255->912",2.43591432984889,4.94465647065417e-06,1,0,0,"1",4.94465647065417e-06,1,1,"Germany (Zollverein)","Sovereign",1,0.0922314049586777,1,NA,"New Guinea (German New Guinea) (Kaiser Wilhelmsland)","Colony of",1,0,6770.6800117751,NA
"912","590","590->912",0.964635753325712,1.67969980308122e-08,0,1,0,"bridge",1.67969980308122e-08,1,1,"Mauritius","Colony of",9,0,1,NA,"New Guinea (German New Guinea) (Kaiser Wilhelmsland)","Colony of",1,0,23,NA
"912","780","780->912",0.27649057313805,1.89879108174399e-08,0,1,0,"bridge",1.89879108174399e-08,1,1,"Sri Lanka (Ceylon)","Colony of",9,0,1,NA,"New Guinea (German New Guinea) (Kaiser Wilhelmsland)","Colony of",1,0,26,NA
"92","135","135->92",2.62649882193512,6.16324006449288e-06,1,0,0,"10",6.16324006449288e-06,1,1,"Peru","Sovereign",10,0.024,1,NA,"El Salvador","Sovereign",10,0,8439.27713888538,NA
"92","2","2->92",1.9168720406453,0.000190785549221633,0,1,0,"bridge",0.000190785549221633,1,1,"United States of America","Sovereign",2,0.00694214876033058,1,NA,"El Salvador","Sovereign",10,0,261241.182742782,NA
"92","211","211->92",0,4.89530250001026e-07,0,1,0,"bridge",4.89530250001026e-07,1,1,"Belgium","Sovereign",4,0.0291428571428571,1,NA,"El Salvador","Sovereign",10,0,670.309999999397,NA
"92","230","230->92",0,2.22715117868768e-07,0,1,0,"bridge",2.22715117868768e-07,1,1,"Spain","Sovereign",7,0.0396103896103896,1,NA,"El Salvador","Sovereign",10,0,304.962095106823,NA
"92","255","255->92",0,5.54958208852791e-06,0,1,0,"bridge",5.54958208852791e-06,1,1,"Germany (Zollverein)","Sovereign",1,0.0922314049586777,1,NA,"El Salvador","Sovereign",10,0,7599,NA
"920","2","2->920",0,5.03486364452285e-05,0,1,0,"bridge",5.03486364452285e-05,1,1,"United States of America","Sovereign",2,0.00694214876033058,1,1,"New Zealand","Colony of",13,0,68942,520797
"920","20","20->920",0,3.97523187176173e-06,0,1,0,"bridge",3.97523187176173e-06,1,1,"Canada (Province of Canada)","Colony of",2,0,1,1,"New Zealand","Colony of",13,0,5443.254376931,26
"920","200","200->920",1.5922077130943,0.00251994187801064,0,1,0,"bridge",0.00251994187801064,1,1,"United Kingdom","Sovereign",0,0,1,1,"New Zealand","Colony of",13,0,3450537,7483618
"920","255","255->920",0,2.22311920459111e-05,0,1,0,"bridge",2.22311920459111e-05,1,1,"Germany (Zollverein)","Sovereign",1,0.0922314049586777,1,1,"New Zealand","Colony of",13,0,30441,7890
"920","561","561->920",0,2.99424747505783e-08,0,1,0,"bridge",2.99424747505783e-08,1,1,"Cape Colony (Cape of Good Hope)","Colony of",0,0,1,1,"New Zealand","Colony of",13,0,41,NA
"920","590","590->920",0,3.76033664611531e-06,0,1,0,"bridge",3.76033664611531e-06,1,1,"Mauritius","Colony of",9,0,1,1,"New Zealand","Colony of",13,0,5149,31
"920","710","710->920",0,7.72734939843582e-06,0,1,0,"bridge",7.72734939843582e-06,1,1,"People's Republic of China (China)","Sovereign",3,0.0661111111111111,1,1,"New Zealand","Colony of",13,0,10581,78
"920","750","750->920",0,9.3999696835385e-07,0,1,0,"bridge",9.3999696835385e-07,1,1,"India","Colony of",9,0.00228915662650603,1,1,"New Zealand","Colony of",13,0,1287.13060705724,NA
"920","780","780->920",0,4.27227993392397e-06,0,1,0,"bridge",4.27227993392397e-06,1,1,"Sri Lanka (Ceylon)","Colony of",9,0,1,1,"New Zealand","Colony of",13,0,5850,NA
"920","901","901->920",1.42788138942348,0.000208910106943309,1,0,0,"13",0.000208910106943309,1,1,"New South Wales","Colony of",13,0,1,1,"New Zealand","Colony of",13,0,286059,699933
"920","902","902->920",0,1.82576065552307e-07,1,0,0,"13",1.82576065552307e-07,1,1,"Western Australia","Colony of",13,0,1,1,"New Zealand","Colony of",13,0,250,NA
"920","903","903->920",0,1.7812120955283e-05,1,0,0,"13",1.7812120955283e-05,1,1,"South Australia","Colony of",13,0,1,1,"New Zealand","Colony of",13,0,24390,31695
"920","904","904->920",1.97553868449736,0.000235017023708765,1,0,0,"13",0.000235017023708765,1,1,"Victoria","Colony of",13,0,1,1,"New Zealand","Colony of",13,0,321807,520646
"920","905","905->920",1.19084085012547,6.93255926987352e-05,1,0,0,"13",6.93255926987352e-05,1,1,"Queensland","Colony of",13,0,1,1,"New Zealand","Colony of",13,0,94927,52944
"920","906","906->920",1.81435833289879,1.90981867610335e-05,1,0,0,"13",1.90981867610335e-05,1,1,"Tasmania","Colony of",13,0,1,1,"New Zealand","Colony of",13,0,26151,29147
"93","135","135->93",0,2.30729262671941e-08,0,1,0,"bridge",2.30729262671941e-08,1,1,"Peru","Sovereign",10,0.024,1,NA,"Nicaragua","Sovereign",2,0,31.5935801845065,NA
"93","2","2->93",1.96442781059492,0.000177782395576589,1,0,0,"2",0.000177782395576589,1,1,"United States of America","Sovereign",2,0.00694214876033058,1,NA,"Nicaragua","Sovereign",2,0,243436.064632546,NA
"93","211","211->93",0,8.56677937501796e-07,0,1,0,"bridge",8.56677937501796e-07,1,1,"Belgium","Sovereign",4,0.0291428571428571,1,NA,"Nicaragua","Sovereign",2,0,1173.04249999895,NA
"93","255","255->93",0,1.65559976242832e-06,0,1,0,"bridge",1.65559976242832e-06,1,1,"Germany (Zollverein)","Sovereign",1,0.0922314049586777,1,NA,"Nicaragua","Sovereign",2,0,2267,NA
"93","80","80->93",2.05068086785187,2.48455595872431e-07,1,0,0,"2",2.48455595872431e-07,1,1,"Belize (British Honduras)","Colony of",2,0.056,1,NA,"Nicaragua","Sovereign",2,0,340.208333333333,NA
"930","615","615->930",0,2.49055083579558e-07,0,1,0,"bridge",2.49055083579558e-07,1,1,"Algeria (Regency of Algiers)","Colony of",5,0.0288636363636364,1,1,"New Caledonia","Colony of",13,0,341.029207232267,NA
"930","901","901->930",4.1435841126835,0.00013446946319206,1,0,0,"13",0.00013446946319206,1,1,"New South Wales","Colony of",13,0,1,1,"New Caledonia","Colony of",13,0,184128,NA
"94","135","135->94",4.0129032118448,2.96810123501184e-05,1,0,0,"10",2.96810123501184e-05,1,1,"Peru","Sovereign",10,0.024,1,NA,"Costa Rica","Sovereign",10,0,40641.9815493492,NA
"94","155","155->94",0,6.73505314057079e-08,1,0,0,"10",6.73505314057079e-08,1,1,"Chile","Sovereign",10,0.0221052631578947,1,NA,"Costa Rica","Sovereign",10,0,92.2225637872733,NA
"94","2","2->94",1.68992372637901,0.000183039543999554,0,1,0,"bridge",0.000183039543999554,1,1,"United States of America","Sovereign",2,0.00694214876033058,1,NA,"Costa Rica","Sovereign",10,0,250634.637467192,NA
"94","211","211->94",0,8.0628511764875e-07,0,1,0,"bridge",8.0628511764875e-07,1,1,"Belgium","Sovereign",4,0.0291428571428571,1,NA,"Costa Rica","Sovereign",10,0,1104.03999999901,NA
"94","220","220->94",0,6.00383133962205e-06,0,1,0,"bridge",6.00383133962205e-06,1,1,"France","Sovereign",5,0.0336885245901639,1,NA,"Costa Rica","Sovereign",10,0,8221,NA
"94","255","255->94",0.163502823989806,2.50311473703491e-05,0,1,0,"bridge",2.50311473703491e-05,1,1,"Germany (Zollverein)","Sovereign",1,0.0922314049586777,1,NA,"Costa Rica","Sovereign",10,0,34274.9572549774,NA
"950","200","200->950",0,1.43292999288072e-05,0,1,0,"bridge",1.43292999288072e-05,1,1,"United Kingdom","Sovereign",0,0,1,NA,"Fiji","Colony of",13,0,19621,NA
"950","901","901->950",3.52792205254613,7.30954233002593e-05,1,0,0,"13",7.30954233002593e-05,1,1,"New South Wales","Colony of",13,0,1,NA,"Fiji","Colony of",13,0,100089,NA
"950","904","904->950",2.18285910534687,1.23888815041173e-05,1,0,0,"13",1.23888815041173e-05,1,1,"Victoria","Colony of",13,0,1,NA,"Fiji","Colony of",13,0,16964,NA
"950","920","920->950",3.64785370735168,3.57279451157998e-05,1,0,0,"13",3.57279451157998e-05,1,1,"New Zealand","Colony of",13,0,1,NA,"Fiji","Colony of",13,0,48922,NA
"960","2","2->960",0.321686794408289,4.57473443779315e-05,0,1,0,"bridge",4.57473443779315e-05,1,1,"United States of America","Sovereign",2,0.00694214876033058,1,NA,"French Polynesia","Protectorate of",5,0,62641.4862204724,NA
"960","220","220->960",2.09796275168586,0.000194438249823239,1,0,0,"5",0.000194438249823239,1,1,"France","Sovereign",5,0.0336885245901639,1,NA,"French Polynesia","Protectorate of",5,0,266242.797536261,NA
"9900","255","255->9900",2.44312535475827,2.97396005119055e-06,1,0,0,"1",2.97396005119055e-06,1,1,"Germany (Zollverein)","Sovereign",1,0.0922314049586777,1,NA,"Samoa","Protectorate of",1,0,4072.22058679227,NA
"restOfTheWorld","200","200->restOfTheWorld",1.61709558499381,0.000218041831437973,0,1,0,"bridge",0.000218041831437973,1,1,"United Kingdom","Sovereign",0,0,NA,NA,"Rest Of The World","",1,0,NA,NA
"restOfTheWorld","385","385->restOfTheWorld",3.5926714301479,4.87361589232863e-05,1,0,0,"1",4.87361589232863e-05,1,1,"Norway","Sovereign (limited)",1,0.0128571428571429,NA,NA,"Rest Of The World","",1,0,NA,NA
"restOfTheWorld","4781","4781->restOfTheWorld",0.992070584571056,2.20551887187186e-07,0,1,0,"bridge",2.20551887187186e-07,1,1,"Lagos","Colony of",11,0.0225,NA,NA,"Rest Of The World","",1,0,NA,NA
"restOfTheWorld","681","681->restOfTheWorld",0,5.85685860908065e-09,0,1,0,"bridge",5.85685860908065e-09,1,1,"Aden","Dependency of",12,0,NA,NA,"Rest Of The World","",1,0,NA,NA
