"target","source","key","proximity","observedTradeValues","coMembershipScore","bridgeNessEdgeScore","ambiguityScore","maxObservedTradeValue","sourceCited","sourceReporting","sourceLabel","sourceGphStatus","sourceBlockLouvain","sourceBlockIntraMax","sourceBlockAn","sourceMeanAmbiguityScore","targetCited","targetReporting","targetLabel","targetGphStatus","targetBlockLouvain","targetBlockIntraMax","targetBlockAn","targetMeanAmbiguityScore","export","import"
"100","2","100-2",0.639859877097637,"0.00035860414379076705",0,1,0,0.000358604143790767,NA,NA,"United States of America",NA,7,5,"NAM",0.1216,NA,NA,"Colombia (New Granada) (Gran Colombia)",NA,5,1,"AS",0,613953.02040984,NA
"101","2","101-2",1.01892009404089,"0.00033723054652004016",0.5,0.5,1,0.00033723054652004,NA,NA,"United States of America",NA,7,5,"NAM",0.1216,NA,NA,"Venezuela",NA,7,1,"AS",0.5,577360.067348364,NA
"1029","110","1029-110",3.3197752098245,"0.000002676302798791413",1,0,0,2.67630279879141e-06,NA,NA,"Guyana (British Guiana)",NA,7,1,"AS",0.0211764705882353,NA,NA,"St. Pierre and Miquelon",NA,7,13,"WE",0.0646153846153846,NA,4582
"1029","20","1029-20",2.08416548490098,"0.00002365840504069814",1,0,0,2.36584050406981e-05,NA,NA,"Canada (Province of Canada)",NA,7,5,"AS",0.0971428571428572,NA,NA,"St. Pierre and Miquelon",NA,7,13,"WE",0.0646153846153846,40504.6887614631,NA
"1029","21","1029-21",0.938727176171819,"3.895883821025474e-7",1,0,0,3.89588382102547e-07,NA,NA,"Newfoundland and Labrador (Newfoundland)",NA,7,5,"AS",0,NA,NA,"St. Pierre and Miquelon",NA,7,13,"WE",0.0646153846153846,667,NA
"1029","220","1029-220",2.54347143527725,"0.0001359121998953573|0.00013440686616787473",0,1,0,0.000135912199895357,NA,NA,"France",NA,2,1,"AF",0.095,NA,NA,"St. Pierre and Miquelon",NA,7,13,"WE",0.0646153846153846,230113.072803015,232690.299543741
"1029","30","1029-30",3.87967937069882,"0.0000020927963614294266",1,0,0,2.09279636142943e-06,NA,NA,"Bermuda",NA,7,1,"AS",0,NA,NA,"St. Pierre and Miquelon",NA,7,13,"WE",0.0646153846153846,NA,3583
"1029","31","1029-31",3.14554182552448,"3.411088682876877e-7",1,0,0,3.41108868287688e-07,NA,NA,"Bahamas",NA,7,1,"AS",0,NA,NA,"St. Pierre and Miquelon",NA,7,13,"WE",0.0646153846153846,NA,584
"1029","51","1029-51",3.14256360077774,"8.35249454882523e-8",1,0,0,8.35249454882523e-08,NA,NA,"Jamaica",NA,7,1,"AS",0.0392307692307692,NA,NA,"St. Pierre and Miquelon",NA,7,13,"WE",0.0646153846153846,NA,143
"1029","52","1029-52",3.15107408540494,"0.000003514472706313385",1,0,0,3.51447270631339e-06,NA,NA,"Trinidad and Tobago",NA,7,1,"AS",0,NA,NA,"St. Pierre and Miquelon",NA,7,13,"WE",0.0646153846153846,NA,6017
"1029","53","1029-53",3.13758536068062,"6.027814247823523e-7",1,0,0,6.02781424782352e-07,NA,NA,"Barbados",NA,7,1,"AS",0,NA,NA,"St. Pierre and Miquelon",NA,7,13,"WE",0.0646153846153846,NA,1032
"1029","80","1029-80",2.95942641318404,"2.8153163444292036e-7",0.7,0.3,0.84,2.8153163444292e-07,NA,NA,"Belize (British Honduras)",NA,0,5,"AS",0.336,NA,NA,"St. Pierre and Miquelon",NA,7,13,"WE",0.0646153846153846,NA,482
"1055","1029","1029-1055",3.14976411167408,"0.000004338624441166",1,0,0,4.338624441166e-06,NA,NA,"St. Pierre and Miquelon",NA,7,13,"WE",0.0646153846153846,NA,NA,"Windward Is.",NA,7,1,"AS",0,7428,NA
"1055","110","1055-110",0.841063276334846,"1.693862530880641e-8|0.0000028795663024970896",1,0,0,2.87956630249709e-06,NA,NA,"Guyana (British Guiana)",NA,7,1,"AS",0.0211764705882353,NA,NA,"Windward Is.",NA,7,1,"AS",0,4930,29
"1055","2","1055-2",1.05514850496594,"0.000038910942786967776|0.00048672205280010596",1,0,0,0.000486722052800106,NA,NA,"United States of America",NA,7,5,"NAM",0.1216,NA,NA,"Windward Is.",NA,7,1,"AS",0,833299,66618
"1055","20","1055-20",1.44061897942523,"1.325885498310019e-7|0.00008005135911889121",1,0,0,8.00513591188912e-05,NA,NA,"Canada (Province of Canada)",NA,7,5,"AS",0.0971428571428572,NA,NA,"Windward Is.",NA,7,1,"AS",0,137053,227
"1055","200","1055-200",1.05924947805752,"0.00014776497401716455|0.0005288641843873605",0,1,0,0.00052886418438736,NA,NA,"United Kingdom",NA,8,1,"WE",0.20989010989011,NA,NA,"Windward Is.",NA,7,1,"AS",0,905449,252983
"1055","21","1055-21",2.97761257897465,"0.000019273235148782245",1,0,0,1.92732351487822e-05,NA,NA,"Newfoundland and Labrador (Newfoundland)",NA,7,5,"AS",0,NA,NA,"Windward Is.",NA,7,1,"AS",0,32997,NA
"1055","220","1055-220",0.479380022899035,"0.000023820379908404932|0.0000042159654303091265",0,1,0,2.38203799084049e-05,NA,NA,"France",NA,2,1,"AF",0.095,NA,NA,"Windward Is.",NA,7,1,"AS",0,7218,40782
"1055","30","1055-30",1.16717678187872,"2.797793628592507e-7",1,0,0,2.79779362859251e-07,NA,NA,"Bermuda",NA,7,1,"AS",0,NA,NA,"Windward Is.",NA,7,1,"AS",0,479,NA
"1055","51","1055-51",0.736602195347573,"2.920452639449381e-9|0.000002606211935444628",1,0,0,2.60621193544463e-06,NA,NA,"Jamaica",NA,7,1,"AS",0.0392307692307692,NA,NA,"Windward Is.",NA,7,1,"AS",0,4462,5
"1055","52","1055-52",1.84167570764024,"0.0000013101150540569923|0.0000022890507788004247",1,0,0,2.28905077880042e-06,NA,NA,"Trinidad and Tobago",NA,7,1,"AS",0,NA,NA,"Windward Is.",NA,7,1,"AS",0,3919,2243
"1055","53","1055-53",3.6993535084095,"0.0000014596422291968006|0.000003770304357529151",1,0,0,3.77030435752915e-06,NA,NA,"Barbados",NA,7,1,"AS",0,NA,NA,"Windward Is.",NA,7,1,"AS",0,6455,2499
"1055","65","1055-65",0.863183571648463,"1.8646528477376713e-7",1,0,0,1.86465284773767e-07,NA,NA,"Guadeloupe",NA,7,5,"LA",0,NA,NA,"Windward Is.",NA,7,1,"AS",0,NA,319.240384615385
"1055","66","1055-66",2.04786854185258,"9.542635161951612e-7|6.424995806788638e-9",1,0,0,9.54263516195161e-07,NA,NA,"Martinique",NA,7,3,"LA",0,NA,NA,"Windward Is.",NA,7,1,"AS",0,11,1633.75961538462
"1063","1029","1029-1063",3.14981352716929,"3.311793293135598e-7",1,0,0,3.3117932931356e-07,NA,NA,"St. Pierre and Miquelon",NA,7,13,"WE",0.0646153846153846,NA,NA,"Leeward Is.",NA,7,1,"AS",0,567,NA
"1063","1055","1055-1063",2.15034310434586,"0.0000019607919021263146|6.950677281889528e-8",1,0,0,1.96079190212631e-06,NA,NA,"Windward Is.",NA,7,1,"AS",0,NA,NA,"Leeward Is.",NA,7,1,"AS",0,119,3357
"1063","110","1063-110",0.840260186928056,"3.44613411455027e-8|2.1961803848659346e-7",1,0,0,2.19618038486593e-07,NA,NA,"Guyana (British Guiana)",NA,7,1,"AS",0.0211764705882353,NA,NA,"Leeward Is.",NA,7,1,"AS",0,376,59
"1063","2","1063-2",2.39221364904776,"0.00013482328019070856|0.00003718612345810897",1,0,0,0.000134823280190709,NA,NA,"United States of America",NA,7,5,"NAM",0.1216,NA,NA,"Leeward Is.",NA,7,1,"AS",0,63665,230826
"1063","20","1063-20",1.5857987831726,"0.000014149593038132251|0.000006116011917534894",1,0,0,1.41495930381323e-05,NA,NA,"Canada (Province of Canada)",NA,7,5,"AS",0.0971428571428572,NA,NA,"Leeward Is.",NA,7,1,"AS",0,10471,24225
"1063","200","1063-200",1.06018899646834,"0.000030780402638740694|0.00004040563044783797",0,1,0,4.0405630447838e-05,NA,NA,"United Kingdom",NA,8,1,"WE",0.20989010989011,NA,NA,"Leeward Is.",NA,7,1,"AS",0,69177,52698
"1063","21","1063-21",2.9785536131774,"0.0000024975710972571106|0.0000014724922208103778",1,0,0,2.49757109725711e-06,NA,NA,"Newfoundland and Labrador (Newfoundland)",NA,7,5,"AS",0,NA,NA,"Leeward Is.",NA,7,1,"AS",0,2521,4276
"1063","30","1063-30",1.15169715716397,"2.1027259004035543e-8",1,0,0,2.10272590040355e-08,NA,NA,"Bermuda",NA,7,1,"AS",0,NA,NA,"Leeward Is.",NA,7,1,"AS",0,36,NA
"1063","390","1063-390",0.283327300984014,"0.0000026406732765901304",0,1,0,2.64067327659013e-06,NA,NA,"Denmark",NA,8,1,"WE",0.129230769230769,NA,NA,"Leeward Is.",NA,7,1,"AS",0,NA,4521
"1063","51","1063-51",0.734897472205354,"1.1681810557797524e-9|1.9859077948255793e-7",1,0,0,1.98590779482558e-07,NA,NA,"Jamaica",NA,7,1,"AS",0.0392307692307692,NA,NA,"Leeward Is.",NA,7,1,"AS",0,340,2
"1063","52","1063-52",1.43795477944927,"7.780085831493151e-7|1.74643067839073e-7",1,0,0,7.78008583149315e-07,NA,NA,"Trinidad and Tobago",NA,7,1,"AS",0,NA,NA,"Leeward Is.",NA,7,1,"AS",0,299,1332
"1063","53","1063-53",3.57177618339822,"0.000001142481072552598|2.8795663024970896e-7",1,0,0,1.1424810725526e-06,NA,NA,"Barbados",NA,7,1,"AS",0,NA,NA,"Leeward Is.",NA,7,1,"AS",0,493,1956
"110","2","110-2",1.98165180428615,"0.00048637218257389995|0.00020438778982219185",1,0,0,0.0004863721825739,NA,NA,"United States of America",NA,7,5,"NAM",0.1216,NA,NA,"Guyana (British Guiana)",NA,7,1,"AS",0.0211764705882353,349924.849082173,832700
"110","20","110-20",1.07285778174206,"0.000028840338870945605|0.000008980216013435555",1,0,0,2.88403388709456e-05,NA,NA,"Canada (Province of Canada)",NA,7,5,"AS",0.0971428571428572,NA,NA,"Guyana (British Guiana)",NA,7,1,"AS",0.0211764705882353,49376.4878796034,15374.6989287398
"110","30","110-30",2.4923582910836,"8.9657896031096e-7|5.478769151607038e-7",1,0,0,8.9657896031096e-07,NA,NA,"Bermuda",NA,7,1,"AS",0,NA,NA,"Guyana (British Guiana)",NA,7,1,"AS",0.0211764705882353,938,1535
"110","31","110-31",0.837863002416154,"2.2662712482127198e-7",1,0,0,2.26627124821272e-07,NA,NA,"Bahamas",NA,7,1,"AS",0,NA,NA,"Guyana (British Guiana)",NA,7,1,"AS",0.0211764705882353,NA,388
"110","5","110-5",1.45103890344307,"0.0000010087243416658163",0.1,0.9,0.36,1.00872434166582e-06,NA,NA,"Virgin Islands (Danish West Indies)",NA,2,3,"LA",0.288,NA,NA,"Guyana (British Guiana)",NA,7,1,"AS",0.0211764705882353,NA,1727
"110","51","110-51",0.834812682214998,"0.0000010747265713173722|5.548860014953824e-8",1,0,0,1.07472657131737e-06,NA,NA,"Jamaica",NA,7,1,"AS",0.0392307692307692,NA,NA,"Guyana (British Guiana)",NA,7,1,"AS",0.0211764705882353,1840,95
"110","52","110-52",0.842495344256979,"3.5512704095704473e-7|0.0000023328575683921656",1,0,0,2.33285756839217e-06,NA,NA,"Trinidad and Tobago",NA,7,1,"AS",0,NA,NA,"Guyana (British Guiana)",NA,7,1,"AS",0.0211764705882353,608,3994
"110","53","110-53",3.07970535624708,"0.0000048199150361472585|4.001020116045652e-7",1,0,0,4.81991503614726e-06,NA,NA,"Barbados",NA,7,1,"AS",0,NA,NA,"Guyana (British Guiana)",NA,7,1,"AS",0.0211764705882353,8252,685
"110","65","110-65",1.29214693908353,"0.0000013848786416268965",1,0,0,1.3848786416269e-06,NA,NA,"Guadeloupe",NA,7,5,"LA",0,NA,NA,"Guyana (British Guiana)",NA,7,1,"AS",0.0211764705882353,NA,2371
"110","66","110-66",1.25255023398277,"0.0000020834509129831883|4.088633695229133e-9",1,0,0,2.08345091298319e-06,NA,NA,"Martinique",NA,7,3,"LA",0,NA,NA,"Guyana (British Guiana)",NA,7,1,"AS",0.0211764705882353,7,3567
"115","110","110-115",0.256643585878935,"0.000002009271415941174",0,1,0,2.00927141594117e-06,NA,NA,"Guyana (British Guiana)",NA,7,1,"AS",0.0211764705882353,NA,NA,"Surinam (Dutch Guiana)",NA,6,1,"AS",0,3440,NA
"1163","1029","1029-1163",4.31518422728221,"4.193769990249311e-7",1,0,0,4.19376999024931e-07,NA,NA,"St. Pierre and Miquelon",NA,7,13,"WE",0.0646153846153846,NA,NA,"Falkland Is.",NA,7,1,"AS",0,718,NA
"1163","155","1163-155",1.37158067446332,"7.651873914913276e-7",0,1,0,7.65187391491328e-07,NA,NA,"Chile",NA,5,1,"AS",0,NA,NA,"Falkland Is.",NA,7,1,"AS",0,1310.04930734914,NA
"1163","165","1163-165",0.395686157310526,"2.4726292011047555e-7",0,1,0,2.47262920110476e-07,NA,NA,"Uruguay",NA,4,1,"AS",0,NA,NA,"Falkland Is.",NA,7,1,"AS",0,423.32978931152,NA
"1163","200","1163-200",1.42173255868542,"0.00007963782302514517|0.000018303060781957163",0,1,0,7.96378230251452e-05,NA,NA,"United Kingdom",NA,8,1,"WE",0.20989010989011,NA,NA,"Falkland Is.",NA,7,1,"AS",0,31336,136345
"1163","740","1163-740",0.741834768652371,"9.555721036278375e-7",0,1,0,9.55572103627838e-07,NA,NA,"Japan",NA,6,5,"AS",0.0714285714285714,NA,NA,"Falkland Is.",NA,7,1,"AS",0,1636,NA
"1163","750","1163-750",2.28002605754296,"0.000014268163415293897",0,1,0,1.42681634152939e-05,NA,NA,"India",NA,2,1,"AS",0.13448275862069,NA,NA,"Falkland Is.",NA,7,1,"AS",0,24428,NA
"120","110","110-120",1.50803760287415,"0.0000012417764622938769",1,0,0,1.24177646229388e-06,NA,NA,"Guyana (British Guiana)",NA,7,1,"AS",0.0211764705882353,NA,NA,"French Guiana",NA,7,1,"AS",0,2126,NA
"120","53","120-53",3.00775463265092,"0.000001907639664088336",1,0,0,1.90763966408834e-06,NA,NA,"Barbados",NA,7,1,"AS",0,NA,NA,"French Guiana",NA,7,1,"AS",0,3266,NA
"130","2","130-2",0.247435996390599,"0.00010558675783951868",0,1,0,0.000105586757839519,NA,NA,"United States of America",NA,7,5,"NAM",0.1216,NA,NA,"Ecuador",NA,5,1,"AS",0,180771.220894419,NA
"135","100","100-135",2.25364944131733,"0.00002278770785509563",1,0,0,2.27877078550956e-05,NA,NA,"Colombia (New Granada) (Gran Colombia)",NA,5,1,"AS",0,NA,NA,"Peru",NA,5,1,"AS",0,NA,39014
"135","130","130-135",2.93278954185706,"0.00001959156448648223",1,0,0,1.95915644864822e-05,NA,NA,"Ecuador",NA,5,1,"AS",0,NA,NA,"Peru",NA,5,1,"AS",0,NA,33542
"135","2","135-2",0.954290372926777,"0.00030060394245010844|0.00015872733853297135",0,1,0,0.000300603942450108,NA,NA,"United States of America",NA,7,5,"NAM",0.1216,NA,NA,"Peru",NA,5,1,"AS",0,271751.262781816,514653
"140","21","140-21",3.25123092270145,"0.0002295797024397553",0,1,0,0.000229579702439755,NA,NA,"Newfoundland and Labrador (Newfoundland)",NA,7,5,"AS",0,NA,NA,"Brazil",NA,4,1,"AS",0,393055,NA
"145","135","135-145",4.54935782243073,"0.00003656815567960148",1,0,0,3.65681556796015e-05,NA,NA,"Peru",NA,5,1,"AS",0,NA,NA,"Bolivia",NA,5,1,"AS",0,62607,NA
"155","100","100-155",0.212284006631179,"0.00000888927772109275",1,0,0,8.88927772109275e-06,NA,NA,"Colombia (New Granada) (Gran Colombia)",NA,5,1,"AS",0,NA,NA,"Chile",NA,5,1,"AS",0,NA,15219.0068091101
"155","130","130-155",1.78490027248301,"0.000018675262630870156",1,0,0,1.86752626308702e-05,NA,NA,"Ecuador",NA,5,1,"AS",0,NA,NA,"Chile",NA,5,1,"AS",0,NA,31973.2331533224
"155","135","135-155",3.81394517987552,"0.00028845836401316635|0.0001456561868232505",1,0,0,0.000288458364013166,NA,NA,"Peru",NA,5,1,"AS",0,NA,NA,"Chile",NA,5,1,"AS",0,493859,249372.622681381
"155","145","145-155",3.50139902803688,"0.000038521209170803466",1,0,0,3.85212091708035e-05,NA,NA,"Bolivia",NA,5,1,"AS",0,NA,NA,"Chile",NA,5,1,"AS",0,NA,65950.7513500822
"160","140","140-160",1.5035947328403,"0.0008272267858699212",1,0,0,0.000827226785869921,NA,NA,"Brazil",NA,4,1,"AS",0,NA,NA,"Argentina (La Plata)",NA,4,1,"AS",0,NA,1416264.68222043
"160","145","145-160",2.36636971330366,"0.000039017176777461114",0,1,0,3.90171767774611e-05,NA,NA,"Bolivia",NA,5,1,"AS",0,NA,NA,"Argentina (La Plata)",NA,4,1,"AS",0,NA,66799.8793242156
"160","150","150-160",3.207994482656,"0.0000209076684655416",1,0,0,2.09076684655416e-05,NA,NA,"Paraguay",NA,4,1,"AS",0,NA,NA,"Argentina (La Plata)",NA,4,1,"AS",0,NA,35795.2534191472
"160","155","155-160",0.252185341553196,"0.000010453081023956399|0.00007752521269654035",0,1,0,7.75252126965404e-05,NA,NA,"Chile",NA,5,1,"AS",0,NA,NA,"Argentina (La Plata)",NA,4,1,"AS",0,17896.3371683494,132728.077232502
"165","140","140-165",2.87383451058251,"0.0008860047634334831",1,0,0,0.000886004763433483,NA,NA,"Brazil",NA,4,1,"AS",0,NA,NA,"Uruguay",NA,4,1,"AS",0,NA,1516896.30481481
"165","155","155-165",0.828850088584868,"0.000035161142101921976|0.000028425624738435917",0,1,0,3.5161142101922e-05,NA,NA,"Chile",NA,5,1,"AS",0,NA,NA,"Uruguay",NA,4,1,"AS",0,48666.4710025828,60198.1035866947
"165","160","160-165",2.8917092183155,"0.0008889840851792325|0.00040897473674343616",1,0,0,0.000888984085179232,NA,NA,"Argentina (La Plata)",NA,4,1,"AS",0,NA,NA,"Uruguay",NA,4,1,"AS",0,700190.66773934,1521997.09245557
"165","40","165-40",1.20249359838756,"0.00007564002119252434",0,1,0,7.56400211925243e-05,NA,NA,"Cuba",NA,0,5,"LA",0.306,NA,NA,"Uruguay",NA,4,1,"AS",0,NA,129500.509905179
"20","2","2-20",1.50807177990962,"0.004203748752576971|0.009715698541059699",1,0,0,0.0097156985410597,NA,NA,"United States of America",NA,7,5,"NAM",0.1216,NA,NA,"Canada (Province of Canada)",NA,7,5,"AS",0.0971428571428572,16633891.6266272,7197084.27350073
"20","4","20-4",0.164855978034177,"0.000022380363166891866",0.5,0.5,1,2.23803631668919e-05,NA,NA,"Hawaii (Sandwich Is.)",NA,7,NA,"AS",1,NA,NA,"Canada (Province of Canada)",NA,7,5,"AS",0.0971428571428572,NA,38316.6000786635
"20","5","20-5",0.225163973893396,"0.000004518972279246534",0.1,0.9,0.36,4.51897227924653e-06,NA,NA,"Virgin Islands (Danish West Indies)",NA,2,3,"LA",0.288,NA,NA,"Canada (Province of Canada)",NA,7,5,"AS",0.0971428571428572,NA,7736.76692818846
"200","10","10-200",1.82217463918344,"0.00019479652741338527",1,0,0,0.000194796527413385,NA,NA,"Greenland",NA,8,1,"WE",0.42,NA,NA,"United Kingdom",NA,8,1,"WE",0.20989010989011,NA,333504
"200","100","100-200",0.646767140188724,"0.0003907483858909367",0,1,0,0.000390748385890937,NA,NA,"Colombia (New Granada) (Gran Colombia)",NA,5,1,"AS",0,NA,NA,"United Kingdom",NA,8,1,"WE",0.20989010989011,NA,668986
"200","101","101-200",0.777634738903893,"0.00028669499470946686",0.5,0.5,1,0.000286694994709467,NA,NA,"Venezuela",NA,7,1,"AS",0.5,NA,NA,"United Kingdom",NA,8,1,"WE",0.20989010989011,NA,490840
"200","11","11-200",1.64023776111903,"0.00008731686119531337",0.7,0.3,0.84,8.73168611953134e-05,NA,NA,"Faeroe Is.",NA,8,10,"WE",0.28,NA,NA,"United Kingdom",NA,8,1,"WE",0.20989010989011,NA,149492
"200","110","110-200",1.1944970769142,"0.0005239303716982747|0.00031508646708913794",0,1,0,0.000523930371698275,NA,NA,"Guyana (British Guiana)",NA,7,1,"AS",0.0211764705882353,NA,NA,"United Kingdom",NA,8,1,"WE",0.20989010989011,897002,539448
"200","130","130-200",0.971256875566266,"0.0002356367212139733",0,1,0,0.000235636721213973,NA,NA,"Ecuador",NA,5,1,"AS",0,NA,NA,"United Kingdom",NA,8,1,"WE",0.20989010989011,NA,403425
"200","135","135-200",0.910407576655663,"0.0008677435791300925|0.00047547246923294694",0,1,0,0.000867743579130093,NA,NA,"Peru",NA,5,1,"AS",0,NA,NA,"United Kingdom",NA,8,1,"WE",0.20989010989011,1485632,814039
"200","140","140-200",0.639119282610062,"0.0031479792636836036",0,1,0,0.0031479792636836,NA,NA,"Brazil",NA,4,1,"AS",0,NA,NA,"United Kingdom",NA,8,1,"WE",0.20989010989011,NA,5389540
"200","150","150-200",0.389475313576695,"0.00001127411536933039",0,1,0,1.12741153693304e-05,NA,NA,"Paraguay",NA,4,1,"AS",0,NA,NA,"United Kingdom",NA,8,1,"WE",0.20989010989011,NA,19302
"200","155","155-200",1.06924925345359,"0.003789538545012431|0.0013110852284238174",0,1,0,0.00378953854501243,NA,NA,"Chile",NA,5,1,"AS",0,NA,NA,"United Kingdom",NA,8,1,"WE",0.20989010989011,6487930.14792205,2244661
"200","160","160-200",0.795455226160553,"0.002551764994730085|0.003627627980190963",0,1,0,0.00362762798019096,NA,NA,"Argentina (La Plata)",NA,4,1,"AS",0,NA,NA,"United Kingdom",NA,8,1,"WE",0.20989010989011,4368783.38696701,6210729
"200","165","165-200",0.766318452961761,"0.0003034753758049707|0.0007601336607243012",0,1,0,0.000760133660724301,NA,NA,"Uruguay",NA,4,1,"AS",0,NA,NA,"United Kingdom",NA,8,1,"WE",0.20989010989011,519569.07587823,1301397
"200","2","2-200",0.572255409655343,"0.06064564686065382|0.010583358229237266",0,1,0,0.0606456468606538,NA,NA,"United States of America",NA,7,5,"NAM",0.1216,NA,NA,"United Kingdom",NA,8,1,"WE",0.20989010989011,103829190.792986,18119380
"200","20","20-200",0.988999942180571,"0.0102912817740577|0.0040708393772969685",0,1,0,0.0102912817740577,NA,NA,"Canada (Province of Canada)",NA,7,5,"AS",0.0971428571428572,NA,NA,"United Kingdom",NA,8,1,"WE",0.20989010989011,17619326.5986296,6969535
"200","21","200-21",0.64091699947903,"0.00017321905513207746|0.00022055667196491249",0,1,0,0.000220556671964912,NA,NA,"Newfoundland and Labrador (Newfoundland)",NA,7,5,"AS",0,NA,NA,"United Kingdom",NA,8,1,"WE",0.20989010989011,296562,377607
"200","30","200-30",0.484964518724892,"0.0000012049787590368146|0.00006923283436131492",0,1,0,6.92328343613149e-05,NA,NA,"Bermuda",NA,7,1,"AS",0,NA,NA,"United Kingdom",NA,8,1,"WE",0.20989010989011,2063,118531
"200","31","200-31",1.05609846936372,"0.000010888031530395182|0.000041624627379544136",0,1,0,4.16246273795441e-05,NA,NA,"Bahamas",NA,7,1,"AS",0,NA,NA,"United Kingdom",NA,8,1,"WE",0.20989010989011,18641,71264
"200","42","200-42",0.617493828294127,"0.0000775421062110763",0,1,0,7.75421062110763e-05,NA,NA,"Dominican Republic (Santo Domingo)",NA,7,3,"WE",0,NA,NA,"United Kingdom",NA,8,1,"WE",0.20989010989011,NA,132757
"200","51","200-51",1.05518586686904,"0.00020259939277546613|0.000010213406970682376",0,1,0,0.000202599392775466,NA,NA,"Jamaica",NA,7,1,"AS",0.0392307692307692,NA,NA,"United Kingdom",NA,8,1,"WE",0.20989010989011,346863,17486
"200","52","200-52",1.06065120951874,"0.0003885113191691185|0.000428442084017782",0,1,0,0.000428442084017782,NA,NA,"Trinidad and Tobago",NA,7,1,"AS",0,NA,NA,"United Kingdom",NA,8,1,"WE",0.20989010989011,665156,733520
"200","53","200-53",1.04752820086084,"0.000008080892453356437|0.00007351071338758037",0,1,0,7.35107133875804e-05,NA,NA,"Barbados",NA,7,1,"AS",0,NA,NA,"United Kingdom",NA,8,1,"WE",0.20989010989011,13835,125855
"200","6","200-6",0.0648359933109187,"0.00014792151027863905",0,1,0,0.000147921510278639,NA,NA,"Puerto Rico",NA,0,5,"LA",0,NA,NA,"United Kingdom",NA,8,1,"WE",0.20989010989011,NA,253251
"200","70","200-70",0.300608673949544,"0.0005212754219537837|0.001178426003638941",0,1,0,0.00117842600363894,NA,NA,"Mexico",NA,0,1,"AS",0.315,NA,NA,"United Kingdom",NA,8,1,"WE",0.20989010989011,892456.557782194,2017540
"200","80","200-80",1.04137193560825,"0.00010340329842392846|0.00003316699653569873",0,1,0,0.000103403298423928,NA,NA,"Belize (British Honduras)",NA,0,5,"AS",0.336,NA,NA,"United Kingdom",NA,8,1,"WE",0.20989010989011,177033,56784
"200","90","200-90",0.659591717395116,"0.00007846788969778175",0,1,0,7.84678896977817e-05,NA,NA,"Guatemala",NA,0,14,"LA",0.17,NA,NA,"United Kingdom",NA,8,1,"WE",0.20989010989011,NA,134342
"200","91","200-91",0.183052439076857,"0.00002756323201112326",0,1,0,2.75632320111233e-05,NA,NA,"Honduras",NA,0,5,"LA",0.4575,NA,NA,"United Kingdom",NA,8,1,"WE",0.20989010989011,NA,47190
"200","92","200-92",1.15616900729295,"0.00010938146497688134",0.85,0.15,0.51,0.000109381464976881,NA,NA,"El Salvador",NA,8,13,"WE",0.3825,NA,NA,"United Kingdom",NA,8,1,"WE",0.20989010989011,NA,187268
"200","93","200-93",0.93027213815237,"0.00008509439673669239",0,1,0,8.50943967366924e-05,NA,NA,"Nicaragua",NA,7,13,"WE",0,NA,NA,"United Kingdom",NA,8,1,"WE",0.20989010989011,NA,145687
"200","94","200-94",0.658407419799221,"0.0000790017484402731",0,1,0,7.90017484402731e-05,NA,NA,"Costa Rica",NA,7,9,"LA",0,NA,NA,"United Kingdom",NA,8,1,"WE",0.20989010989011,NA,135256
"2003","200","200-2003",1.87429281306793,"0.0006171769199327261",1,0,0,0.000617176919932726,NA,NA,"United Kingdom",NA,8,1,"WE",0.20989010989011,NA,NA,"Channel Is.",NA,8,1,"WE",0,1056646,NA
"21","2","2-21",0.572590958512554,"0.00007441839006792123|0.00019035508145163563",1,0,0,0.000190355081451636,NA,NA,"United States of America",NA,7,5,"NAM",0.1216,NA,NA,"Newfoundland and Labrador (Newfoundland)",NA,7,5,"AS",0,325899.963040532,127409
"21","20","20-21",2.83031340164313,"0.00020359207049734022|0.00006501745302153368",1,0,0,0.00020359207049734,NA,NA,"Canada (Province of Canada)",NA,7,5,"AS",0.0971428571428572,NA,NA,"Newfoundland and Labrador (Newfoundland)",NA,7,5,"AS",0,348562.527169975,111314
"210","115","115-210",0.602068888700193,"0.0002079483854255357",0,1,0,0.000207948385425536,NA,NA,"Surinam (Dutch Guiana)",NA,6,1,"AS",0,NA,NA,"Netherlands",NA,1,3,"WE",0,NA,356020.81440489
"210","2","2-210",0.58115181167,"0.009441926644385498|0.002929152003783164",0,1,0,0.0094419266443855,NA,NA,"United States of America",NA,7,5,"NAM",0.1216,NA,NA,"Netherlands",NA,1,3,"WE",0,16165176.7894542,5014893.86305443
"210","31","210-31",0.525991588061471,"0.000005677359931089597|1.2966809719155253e-7",0,1,0,5.6773599310896e-06,NA,NA,"Bahamas",NA,7,1,"AS",0,NA,NA,"Netherlands",NA,1,3,"WE",0,9720,222
"211","160","160-211",1.21663421553014,"0.0004497069160032722|0.0028756202846306734",1,0,0,0.00287562028463067,NA,NA,"Argentina (La Plata)",NA,4,1,"AS",0,NA,NA,"Belgium",NA,4,3,"WE",0,4923244.16733709,769926.740000241
"211","165","165-211",1.16641167166448,"0.00003838738156049514|0.0007441218526411722",1,0,0,0.000744121852641172,NA,NA,"Uruguay",NA,4,1,"AS",0,NA,NA,"Belgium",NA,4,3,"WE",0,1273983.76982663,65721.6300000206
"211","210","210-211",1.13599931760492,"0.004917842474191948|0.007690897325797489",0,1,0,0.00769089732579749,NA,NA,"Netherlands",NA,1,3,"WE",0,NA,NA,"Belgium",NA,4,3,"WE",0,13167303.6260015,8419657.98000264
"212","211","211-212",3.16036791803356,"0.0007586372091102744",1,0,0,0.000758637209110274,NA,NA,"Belgium",NA,4,3,"WE",0,NA,NA,"Luxemburg",NA,4,6,"WE",0,1298834.98000041,NA
"220","100","100-220",0.985420509533721,"0.0003360171654196868",0,1,0,0.000336017165419687,NA,NA,"Colombia (New Granada) (Gran Colombia)",NA,5,1,"AS",0,NA,NA,"France",NA,2,1,"AF",0.095,NA,575282.682007538
"220","120","120-220",2.67899114853495,"0.00014923222158936267|0.00022014917734393275",0,1,0,0.000220149177343933,NA,NA,"French Guiana",NA,7,1,"AS",0,NA,NA,"France",NA,2,1,"AF",0.095,255495.020829201,376909.343384249
"220","140","140-220",0.421864438039502,"0.0015526310402151045",0,1,0,0.0015526310402151,NA,NA,"Brazil",NA,4,1,"AS",0,NA,NA,"France",NA,2,1,"AF",0.095,NA,2658202.73755207
"220","160","160-220",1.42932920072541,"0.001230518033364508|0.004868996849265515",0,1,0,0.00486899684926552,NA,NA,"Argentina (La Plata)",NA,4,1,"AS",0,NA,NA,"France",NA,2,1,"AF",0.095,8336031.17457763,2106724.85617933
"220","165","165-220",0.839699911036097,"0.0007346671826754307|0.00020624501877484225",0,1,0,0.000734667182675431,NA,NA,"Uruguay",NA,4,1,"AS",0,NA,NA,"France",NA,2,1,"AF",0.095,1257796.77566342,353104.542749455
"220","200","200-220",0.235062540324943,"0.02870977008541034|0.008926701680892681",0.1,0.9,0.36,0.0287097700854103,NA,NA,"United Kingdom",NA,8,1,"WE",0.20989010989011,NA,NA,"France",NA,2,1,"AF",0.095,15283079,49152945.8440786
"220","211","211-220",1.09032106779582,"0.007915652045633288|0.014031613355973816",0,1,0,0.0140316133559738,NA,NA,"Belgium",NA,4,3,"WE",0,NA,NA,"France",NA,2,1,"AF",0.095,13552097.9500042,24023011.3072803
"220","31","220-31",0.0194560475461725,"0.000006305841339099104|3.317634198414497e-7",0,1,0,6.3058413390991e-06,NA,NA,"Bahamas",NA,7,1,"AS",0,NA,NA,"France",NA,2,1,"AF",0.095,10796,568
"220","42","220-42",0.603101789429785,"0.00004684639669887963",0,1,0,4.68463966988796e-05,NA,NA,"Dominican Republic (Santo Domingo)",NA,7,3,"WE",0,NA,NA,"France",NA,2,1,"AF",0.095,NA,80204
"220","5","220-5",1.74772201442172,"0.00012282006736029932",0.9,0.1,0.36,0.000122820067360299,NA,NA,"Virgin Islands (Danish West Indies)",NA,2,3,"LA",0.288,NA,NA,"France",NA,2,1,"AF",0.095,NA,210275.738940686
"220","52","220-52",0.883153608813303,"0.00017154621986020086|0.000003415177316572106",0,1,0,0.000171546219860201,NA,NA,"Trinidad and Tobago",NA,7,1,"AS",0,NA,NA,"France",NA,2,1,"AF",0.095,293698,5847
"220","65","220-65",2.67899114853495,"0.0004102113313489915|0.00025490957376665896",0,1,0,0.000410211331348991,NA,NA,"Guadeloupe",NA,7,5,"LA",0,NA,NA,"France",NA,2,1,"AF",0.095,702307.796072208,436421.344971236
"220","66","220-66",2.6787878396084,"0.0005245400363767567|0.0004078553180266543",0,1,0,0.000524540036376757,NA,NA,"Martinique",NA,7,3,"LA",0,NA,NA,"France",NA,2,1,"AF",0.095,898045.784566554,698274.151953977
"220","70","220-70",0.182674713748683,"0.00032339042361923697|0.0006419086539396775",0,1,0,0.000641908653939678,NA,NA,"Mexico",NA,0,1,"AS",0.315,NA,NA,"France",NA,2,1,"AF",0.095,553664.899835884,1098988.29597302
"220","80","220-80",0.0804286127225649,"0.000011250751748214795|2.7335436705246205e-7",0,1,0,1.12507517482148e-05,NA,NA,"Belize (British Honduras)",NA,0,5,"AS",0.336,NA,NA,"France",NA,2,1,"AF",0.095,19262,468
"225","2","2-225",0.593072095167644,"0.0021117667511671686|0.000032016441001061515",0,1,0,0.00211176675116717,NA,NA,"United States of America",NA,7,5,"NAM",0.1216,NA,NA,"Switzerland",NA,3,13,"WE",0,54814.1760091988,3615478.50946372
"225","211","211-225",0.32358540578829,"0.0009576930648348217|0.00031025067013404703",0,1,0,0.000957693064834822,NA,NA,"Belgium",NA,4,3,"WE",0,NA,NA,"Switzerland",NA,3,13,"WE",0,1639631.22000051,531168.809148265
"225","220","220-225",1.18036686173602,"0.0022176917987196064|0.0050031797251110606",0,1,0,0.00500317972511106,NA,NA,"France",NA,2,1,"AF",0.095,NA,NA,"Switzerland",NA,3,13,"WE",0,8565760.76175362,3796828.90378549
"230","100","100-230",0.5972805159852,"0.00003828444372432039",0,1,0,3.82844437243204e-05,NA,NA,"Colombia (New Granada) (Gran Colombia)",NA,5,1,"AS",0,NA,NA,"Spain",NA,0,1,"ME",0.108,NA,65545.3939008895
"230","101","101-230",0.525804885596871,"0.000022943977676291193",0,1,0,2.29439776762912e-05,NA,NA,"Venezuela",NA,7,1,"AS",0.5,NA,NA,"Spain",NA,0,1,"ME",0.108,NA,39281.543837357
"230","150","150-230",0.559780532539612,"0.0000013761380645659574",0,1,0,1.37613806456596e-06,NA,NA,"Paraguay",NA,4,1,"AS",0,NA,NA,"Spain",NA,0,1,"ME",0.108,NA,2356.03557814485
"230","160","160-230",0.369514644300855,"0.00024392483221350445|0.00020739102194731223",0,1,0,0.000243924832213504,NA,NA,"Argentina (La Plata)",NA,4,1,"AS",0,NA,NA,"Spain",NA,0,1,"ME",0.108,355066.572807723,417614.771283354
"230","165","165-230",1.10559215191199,"0.00010986303091822325|0.00005948276445437765",0,1,0,0.000109863030918223,NA,NA,"Uruguay",NA,4,1,"AS",0,NA,NA,"Spain",NA,0,1,"ME",0.108,101838.262416734,188092.471410419
"230","200","200-230",0.38943326867795,"0.0052193136713915384|0.002706726322117613",0,1,0,0.00521931367139154,NA,NA,"United Kingdom",NA,8,1,"WE",0.20989010989011,NA,NA,"Spain",NA,0,1,"ME",0.108,4634087,8935795.7750953
"230","21","21-230",0.077121453315241,"0.000010599490809617584|0.0000020314668560009893",0,1,0,1.05994908096176e-05,NA,NA,"Newfoundland and Labrador (Newfoundland)",NA,7,5,"AS",0,NA,NA,"Spain",NA,0,1,"ME",0.108,18147,3478
"230","211","211-230",0.472437203046865,"0.0005244028771857863|0.0008127503695211332",0,1,0,0.000812750369521133,NA,NA,"Belgium",NA,4,3,"WE",0,NA,NA,"Spain",NA,0,1,"ME",0.108,1391480.14000044,897810.959339263
"230","220","220-230",1.45465855508317,"0.004644093990562485|0.0034296924470423205",0,1,0,0.00464409399056248,NA,NA,"France",NA,2,1,"AF",0.095,NA,NA,"Spain",NA,0,1,"ME",0.108,5871850.82324936,7950983.227446
"230","221","221-230",4.14782638276031,"2.1150088714792562e-7",1,0,0,2.11500887147926e-07,NA,NA,"Monaco",NA,0,3,"WE",0,NA,NA,"Spain",NA,0,1,"ME",0.108,NA,362.10292249047
"230","225","225-230",0.469703337520303,"0.00007765342555334913|0.0003457601267232676",0,1,0,0.000345760126723268,NA,NA,"Switzerland",NA,3,13,"WE",0,NA,NA,"Spain",NA,0,1,"ME",0.108,591963.249211357,132947.585768742
"230","40","230-40",2.86943111075383,"0.0013690856538544484",0.85,0.15,0.51,0.00136908565385445,NA,NA,"Cuba",NA,0,5,"LA",0.306,NA,NA,"Spain",NA,0,1,"ME",0.108,NA,2343961.40406607
"230","6","230-6",3.13053298331564,"0.00032663561339540964",1,0,0,0.00032663561339541,NA,NA,"Puerto Rico",NA,0,5,"LA",0,NA,NA,"Spain",NA,0,1,"ME",0.108,NA,559220.870393901
"230","70","230-70",0.704937480718809,"0.0001817678219104372|0.00006038925236326315",0.85,0.15,0.51,0.000181767821910437,NA,NA,"Mexico",NA,0,1,"AS",0.315,NA,NA,"Spain",NA,0,1,"ME",0.108,103390.227164665,311198.030495553
"231","21","21-231",2.63443488264707,"0.00007119946716872012",0,1,0,7.11994671687201e-05,NA,NA,"Newfoundland and Labrador (Newfoundland)",NA,7,5,"AS",0,NA,NA,"Gibraltar",NA,3,1,"AF",0,121898,NA
"231","230","230-231",0.360963835434888,"0.00014101385159810668",0,1,0,0.000141013851598107,NA,NA,"Spain",NA,0,1,"ME",0.108,NA,NA,"Gibraltar",NA,3,1,"AF",0,241424.650571792,NA
"232","230","230-232",4.14782638276031,"0.000012368747775525188",1,0,0,1.23687477755252e-05,NA,NA,"Spain",NA,0,1,"ME",0.108,NA,NA,"Andorra",NA,0,3,"WE",0,21176.0800508259,NA
"235","140","140-235",2.91977820873652,"0.0005111241459877457",1,0,0,0.000511124145987746,NA,NA,"Brazil",NA,4,1,"AS",0,NA,NA,"Portugal",NA,4,1,"ME",0,NA,875076.929999646
"235","200","200-235",0.639057011175026,"0.0012266637039752542|0.0006948189640328436",0,1,0,0.00122666370397525,NA,NA,"United Kingdom",NA,8,1,"WE",0.20989010989011,NA,NA,"Portugal",NA,4,1,"ME",0,2100126,1189574.09999952
"235","21","21-235",3.32144276870308,"0.00009597249872811345",0,1,0,9.59724987281134e-05,NA,NA,"Newfoundland and Labrador (Newfoundland)",NA,7,5,"AS",0,NA,NA,"Portugal",NA,4,1,"ME",0,164311,NA
"235","211","211-235",0.380829675984454,"0.00026184451858706257|0.000060029302390614045",1,0,0,0.000261844518587063,NA,NA,"Belgium",NA,4,3,"WE",0,NA,NA,"Portugal",NA,4,1,"ME",0,448294.41000014,102773.969999958
"235","230","230-235",2.29243480239917,"0.0006044194944219571|0.0003012481300522912",0,1,0,0.000604419494421957,NA,NA,"Spain",NA,0,1,"ME",0.108,NA,NA,"Portugal",NA,4,1,"ME",0,1034804.47903431,515755.889999792
"255","101","101-255",0.0978351469216172,"0.00011435378158482232",0,1,0,0.000114353781584822,NA,NA,"Venezuela",NA,7,1,"AS",0.5,NA,NA,"Germany (Zollverein)",NA,1,13,"WE",0,NA,195780.921149234
"255","130","130-255",0.354053503240399,"0.00010005955888671952",0,1,0,0.00010005955888672,NA,NA,"Ecuador",NA,5,1,"AS",0,NA,NA,"Germany (Zollverein)",NA,1,13,"WE",0,NA,171308.30600558
"255","135","135-255",0.379643885118751,"0.00022013102955078297|0.00019609262429477292",0,1,0,0.000220131029550783,NA,NA,"Peru",NA,5,1,"AS",0,NA,NA,"Germany (Zollverein)",NA,1,13,"WE",0,335723,376878.273212275
"255","140","140-255",0.0163805341766524,"0.0013293627109235596",0,1,0,0.00132936271092356,NA,NA,"Brazil",NA,4,1,"AS",0,NA,NA,"Germany (Zollverein)",NA,1,13,"WE",0,NA,2275953.20835985
"255","145","145-255",1.1233995244685,"0.00008004764710937563",0,1,0,8.00476471093756e-05,NA,NA,"Bolivia",NA,5,1,"AS",0,NA,NA,"Germany (Zollverein)",NA,1,13,"WE",0,NA,137046.644804464
"255","155","155-255",0.62876408266742,"0.0008033353156333767|0.0007173245738683647",0,1,0,0.000803335315633377,NA,NA,"Chile",NA,5,1,"AS",0,NA,NA,"Germany (Zollverein)",NA,1,13,"WE",0,1228105.13031228,1375360.97107337
"255","160","160-255",0.29693035722788,"0.0014951756942215518|0.003457748141472791",0,1,0,0.00345774814147279,NA,NA,"Argentina (La Plata)",NA,4,1,"AS",0,NA,NA,"Germany (Zollverein)",NA,1,13,"WE",0,5919883.95012068,2559835.54402623
"255","165","165-255",0.0669549332668169,"0.000297319832120538|0.0005567085991653511",0,1,0,0.000556708599165351,NA,NA,"Uruguay",NA,4,1,"AS",0,NA,NA,"Germany (Zollverein)",NA,1,13,"WE",0,953120.402716601,509030.394988008
"255","2","2-255",0.325932297835641,"0.010794996981607227|0.018381367170851853",0,1,0,0.0183813671708519,NA,NA,"United States of America",NA,7,5,"NAM",0.1216,NA,NA,"Germany (Zollverein)",NA,1,13,"WE",0,31470065.5003901,18481718.9564877
"255","21","21-255",0.105659025700966,"0.000017236511478030247|0.00010165394729289828",0,1,0,0.000101653947292898,NA,NA,"Newfoundland and Labrador (Newfoundland)",NA,7,5,"AS",0,NA,NA,"Germany (Zollverein)",NA,1,13,"WE",0,29510,174038
"255","210","210-255",1.25172321640724,"0.009368433556336568|0.04026608925719287",1,0,0,0.0402660892571929,NA,NA,"Netherlands",NA,1,3,"WE",0,NA,NA,"Germany (Zollverein)",NA,1,13,"WE",0,68938096.6383084,16039351.965151
"255","211","211-255",0.415052790802892,"0.005920667041554175|0.009714090571013979",0,1,0,0.00971409057101398,NA,NA,"Belgium",NA,4,3,"WE",0,NA,NA,"Germany (Zollverein)",NA,1,13,"WE",0,16631138.6800052,10136557.1925016
"255","225","225-255",1.41674392143406,"0.008139130404299729|0.0045737062994104394",0,1,0,0.00813913040429973,NA,NA,"Switzerland",NA,3,13,"WE",0,NA,NA,"Germany (Zollverein)",NA,1,13,"WE",0,7830475.03943218,13934707.0627967
"255","235","235-255",0.0584905673352174,"0.0005403216179882854|0.00018343718155415108",0,1,0,0.000540321617988285,NA,NA,"Portugal",NA,4,1,"ME",0,NA,NA,"Germany (Zollverein)",NA,1,13,"WE",0,314056.079999873,925064.852430131
"255","92","255-92",0.202072522469202,"0.00003316259665959847",0,1,0,3.31625966595985e-05,NA,NA,"El Salvador",NA,8,13,"WE",0.3825,NA,NA,"Germany (Zollverein)",NA,1,13,"WE",0,NA,56776.4671332779
"255","94","255-94",0.0635839535646917,"0.000034306134475446695",0,1,0,3.43061344754467e-05,NA,NA,"Costa Rica",NA,7,9,"LA",0,NA,NA,"Germany (Zollverein)",NA,1,13,"WE",0,NA,58734.2763447702
"30","2","2-30",2.68686365118606,"0.00006903950039658337|0.00012549047430251322",1,0,0,0.000125490474302513,NA,NA,"United States of America",NA,7,5,"NAM",0.1216,NA,NA,"Bermuda",NA,7,1,"AS",0,214847.644860581,118200
"30","20","20-30",2.17069400423999,"0.0000014941035703423034|0.00003862006570407862",1,0,0,3.86200657040786e-05,NA,NA,"Canada (Province of Canada)",NA,7,5,"AS",0.0971428571428572,NA,NA,"Bermuda",NA,7,1,"AS",0,66120,2558
"30","21","21-30",3.70768075929695,"0.00000929813711347894",1,0,0,9.29813711347894e-06,NA,NA,"Newfoundland and Labrador (Newfoundland)",NA,7,5,"AS",0,NA,NA,"Bermuda",NA,7,1,"AS",0,15919,NA
"300","225","225-300",0.907934021171694,"0.00104785610383835|0.0017270365457143118",1,0,0,0.00172703654571431,NA,NA,"Switzerland",NA,3,13,"WE",0,NA,NA,"Austria-Hungary (Austrian Empire)",NA,3,4,"WE",0,1793996.05678233,2956796.01577091
"300","255","255-300",1.44427047545073,"0.013322215554631799|0.021743124427530704",0,1,0,0.0217431244275307,NA,NA,"Germany (Zollverein)",NA,1,13,"WE",0,NA,NA,"Austria-Hungary (Austrian Empire)",NA,3,4,"WE",0,22808477.3138858,37225606.9724009
"31","2","2-31",2.43868780351985,"0.00006660033835211524|0.00003830816136218542",1,0,0,6.66003383521152e-05,NA,NA,"United States of America",NA,7,5,"NAM",0.1216,NA,NA,"Bahamas",NA,7,1,"AS",0,65586,114024
"31","20","20-31",1.43738891750459,"6.1329505428437e-8|0.000006300000433820205",1,0,0,6.3000004338202e-06,NA,NA,"Canada (Province of Canada)",NA,7,5,"AS",0.0971428571428572,NA,NA,"Bahamas",NA,7,1,"AS",0,10786,105
"31","21","21-31",2.97444151690695,"0.0000015168831009300084",1,0,0,1.51688310093001e-06,NA,NA,"Newfoundland and Labrador (Newfoundland)",NA,7,5,"AS",0,NA,NA,"Bahamas",NA,7,1,"AS",0,2597,NA
"31","30","30-31",1.1452827506068,"2.161134953192542e-8|2.1027259004035543e-8",1,0,0,2.16113495319254e-08,NA,NA,"Bermuda",NA,7,1,"AS",0,NA,NA,"Bahamas",NA,7,1,"AS",0,37,36
"325","135","135-325",0.465905082408029,"0.0000019368441904828294|0.00005953242819978398",0,1,0,5.9532428199784e-05,NA,NA,"Peru",NA,5,1,"AS",0,NA,NA,"Italy",NA,3,4,"WE",0,3316,101923.289896268
"325","140","140-325",0.096108850536099,"0.0003571730072906272",0,1,0,0.000357173007290627,NA,NA,"Brazil",NA,4,1,"AS",0,NA,NA,"Italy",NA,3,4,"WE",0,NA,611502.824024512
"325","150","150-325",0.972910319158114,"0.000003945829178037113",0,1,0,3.94582917803711e-06,NA,NA,"Paraguay",NA,4,1,"AS",0,NA,NA,"Italy",NA,3,4,"WE",0,NA,6755.50961644948
"325","160","160-325",1.40720027413132,"0.001306091019838361|0.0005787585285174173",0,1,0,0.00130609101983836,NA,NA,"Argentina (La Plata)",NA,4,1,"AS",0,NA,NA,"Italy",NA,3,4,"WE",0,990871.279163314,2236110.59839787
"325","165","165-325",0.888722584955181,"0.00016777320674484577|0.00009206228396139938",0,1,0,0.000167773206744846,NA,NA,"Uruguay",NA,4,1,"AS",0,NA,NA,"Italy",NA,3,4,"WE",0,157616.464512769,287238.362434937
"325","2","2-325",0.275644182910916,"0.002546784772480074|0.0029853400335888326",0,1,0,0.00298534003358883,NA,NA,"United States of America",NA,7,5,"NAM",0.1216,NA,NA,"Italy",NA,3,4,"WE",0,5111091.3309515,4360256.93085754
"325","200","200-325",0.0283730863595058,"0.000004937676949565568|0.004080407364234332",0,1,0,0.00408040736423433,NA,NA,"United Kingdom",NA,8,1,"WE",0.20989010989011,NA,NA,"Italy",NA,3,4,"WE",0,6985916,8453.61585883569
"325","220","220-325",0.604484910212271,"0.00003378750995619757|0.004449330742108956",0,1,0,0.00444933074210896,NA,NA,"France",NA,2,1,"AF",0.095,NA,NA,"Italy",NA,3,4,"WE",0,7617536.2031343,57846.3583004171
"325","225","225-325",0.726533912681895,"0.00007878721211228203|0.0009668979321982902",1,0,0,0.00096689793219829,NA,NA,"Switzerland",NA,3,13,"WE",0,NA,NA,"Italy",NA,3,4,"WE",0,1655390.5362776,134888.700210418
"325","231","231-325",3.30707078856084,"0.005090917430266713",1,0,0,0.00509091743026671,NA,NA,"Gibraltar",NA,3,1,"AF",0,NA,NA,"Italy",NA,3,4,"WE",0,NA,8715973.27328436
"325","235","235-325",1.07577772422277,"0.000370735447470875|0.000026421066347445045",0,1,0,0.000370735447470875,NA,NA,"Portugal",NA,4,1,"ME",0,NA,NA,"Italy",NA,3,4,"WE",0,45234.5399999817,634722.581121488
"325","255","255-325",0.06033613222566,"0.0033162596659598474|0.004340261162484287",0,1,0,0.00434026116248429,NA,NA,"Germany (Zollverein)",NA,1,13,"WE",0,NA,NA,"Italy",NA,3,4,"WE",0,5677646.71332779,7430802.17062276
"325","300","300-325",1.47897645958448,"0.0034218316879570153|0.003477708213432883",1,0,0,0.00347770821343288,NA,NA,"Austria-Hungary (Austrian Empire)",NA,3,4,"WE",0,NA,NA,"Italy",NA,3,4,"WE",0,5954056.85826935,5858392.70552623
"338","200","200-338",1.32773889014234,"0.0000026319119186717822|0.0004905986616337111",0,1,0,0.000490598661633711,NA,NA,"United Kingdom",NA,8,1,"WE",0.20989010989011,NA,NA,"Malta",NA,3,1,"AF",0,839936,4506
"338","231","231-338",0.52135344428046,"1.1973855821742462e-7",1,0,0,1.19738558217425e-07,NA,NA,"Gibraltar",NA,3,1,"AF",0,NA,NA,"Malta",NA,3,1,"AF",0,NA,205
"338","300","300-338",0.0479270421733919,"3.119043418931939e-7|0.000016316568896603692",1,0,0,1.63165688966037e-05,NA,NA,"Austria-Hungary (Austrian Empire)",NA,3,4,"WE",0,NA,NA,"Malta",NA,3,1,"AF",0,27935,534
"338","325","325-338",1.95462765377744,"6.214723216748283e-7|0.00017933038947395992",1,0,0,0.00017933038947396,NA,NA,"Italy",NA,3,4,"WE",0,NA,NA,"Malta",NA,3,1,"AF",0,307024.991694046,1064
"341","300","300-341",2.74286862349195,"0.000010666106340383713",1,0,0,1.06661063403837e-05,NA,NA,"Austria-Hungary (Austrian Empire)",NA,3,4,"WE",0,NA,NA,"Montenegro",NA,3,2,"EESU",0,18261.0500103756,NA
"341","325","325-341",2.05625297475896,"0.000003773333913423469",1,0,0,3.77333391342347e-06,NA,NA,"Italy",NA,3,4,"WE",0,NA,NA,"Montenegro",NA,3,2,"EESU",0,6460.18679168666,NA
"342","300","300-342",3.46595937675334,"0.0012687276344034687|0.0006352878383237181",1,0,0,0.00126872763440347,NA,NA,"Austria-Hungary (Austrian Empire)",NA,3,4,"WE",0,NA,NA,"Kingdom of Serbia",NA,3,4,"WE",0,1087653.0400498,2172142.11465979
"342","325","325-342",2.19620886210501,"3.0014443631143335e-7|0.00029582937881239996",1,0,0,0.0002958293788124,NA,NA,"Italy",NA,3,4,"WE",0,NA,NA,"Kingdom of Serbia",NA,3,4,"WE",0,506478.644468234,513.866296369768
"342","341","341-342",4.10734441133933,"0.0000014916844784872579",1,0,0,1.49168447848726e-06,NA,NA,"Montenegro",NA,3,2,"EESU",0,NA,NA,"Kingdom of Serbia",NA,3,4,"WE",0,NA,2553.85836143622
"346","342","342-346",6.48672249526683,"0.0000026949271874587334",1,0,0,2.69492718745873e-06,NA,NA,"Kingdom of Serbia",NA,3,4,"WE",0,NA,NA,"Bosnia-Herzegovina",NA,3,4,"WE",0,4613.88613370363,NA
"350","2","2-350",0.0465824435592758,"0.00014250107938448028|0.000025606220758528152",0,1,0,0.00014250107938448,NA,NA,"United States of America",NA,7,5,"NAM",0.1216,NA,NA,"Greece",NA,3,NA,"AS",0,43839.472711593,243970.87879389
"350","200","200-350",0.20277185047921,"0.0006231554895904097|0.0006751590025458262",0,1,0,0.000675159002545826,NA,NA,"United Kingdom",NA,8,1,"WE",0.20989010989011,NA,NA,"Greece",NA,3,NA,"AS",0,1155915,1066881.69014085
"350","210","210-350",0.737717324478851,"0.00016417900666235402|0.00009547904537779267",0,1,0,0.000164179006662354,NA,NA,"Netherlands",NA,1,3,"WE",0,NA,NA,"Greece",NA,3,NA,"AS",0,163466.176592054,281084.864114263
"350","211","211-350",0.794479393097082,"0.00014684260746009321|0.00023399985124972745",0,1,0,0.000233999851249727,NA,NA,"Belgium",NA,4,3,"WE",0,NA,NA,"Greece",NA,3,NA,"AS",0,251403.850000079,400622.574885935
"350","220","220-350",0.601548817900473,"0.00026409646845801415|0.00025490957376665896",0,1,0,0.000264096468458014,NA,NA,"France",NA,2,1,"AF",0.095,NA,NA,"Greece",NA,3,NA,"AS",0,436421.344971236,452149.890894664
"350","300","300-350",1.23268885134002,"0.00018819299479501828|0.0003149895131521499",1,0,0,0.00031498951315215,NA,NA,"Austria-Hungary (Austrian Empire)",NA,3,4,"WE",0,NA,NA,"Greece",NA,3,NA,"AS",0,539282.008715501,322198.333663956
"350","325","325-350",2.95555736756684,"0.00009368045021272554|0.0031902567952131976",1,0,0,0.0031902567952132,NA,NA,"Italy",NA,3,4,"WE",0,NA,NA,"Greece",NA,3,NA,"AS",0,5461921.81328214,160386.867684983
"351","200","200-351",1.86495558691446,"0.000014784499441948547",1,0,0,1.47844994419485e-05,NA,NA,"United Kingdom",NA,8,1,"WE",0.20989010989011,NA,NA,"Crete",NA,8,2,"EESU",0,25312,NA
"352","200","200-352",1.80975061335676,"0.00003227684257119456|0.00003969537636592388",0,1,0,3.96953763659239e-05,NA,NA,"United Kingdom",NA,8,1,"WE",0.20989010989011,NA,NA,"Cyprus",NA,3,1,"WE",0,67961,55260
"352","220","220-352",0.994539516650491,"0.00002779978867491866",0,1,0,2.77997886749187e-05,NA,NA,"France",NA,2,1,"AF",0.095,NA,NA,"Cyprus",NA,3,1,"WE",0,NA,47595
"352","300","300-352",0.811314072548534,"0.00000877420790996172",1,0,0,8.77420790996172e-06,NA,NA,"Austria-Hungary (Austrian Empire)",NA,3,4,"WE",0,NA,NA,"Cyprus",NA,3,1,"WE",0,NA,15022
"352","338","338-352",2.49087231301167,"5.840905278898762e-9|7.92610846346562e-7",1,0,0,7.92610846346562e-07,NA,NA,"Malta",NA,3,1,"AF",0,NA,NA,"Cyprus",NA,3,1,"WE",0,10,1357
"352","350","350-352",1.06648900952343,"0.000002411709789657299",1,0,0,2.4117097896573e-06,NA,NA,"Greece",NA,3,NA,"AS",0,NA,NA,"Cyprus",NA,3,1,"WE",0,NA,4129
"355","211","211-355",0.223767701567214,"0.000014924611077783442|0.00007450853895455182",0,1,0,7.45085389545518e-05,NA,NA,"Belgium",NA,4,3,"WE",0,NA,NA,"Bulgaria",NA,3,4,"WE",0,25551.880000008,127563.340607022
"355","220","220-355",0.334280143832735,"0.00011390339999073443|0.00002085623785363573",0,1,0,0.000113903399990734,NA,NA,"France",NA,2,1,"AF",0.095,NA,NA,"Bulgaria",NA,3,4,"WE",0,35707.200952192,195009.839317596
"355","300","300-355",1.13749408856594,"0.0000964069398401361|0.000310504900259034",1,0,0,0.000310504900259034,NA,NA,"Austria-Hungary (Austrian Empire)",NA,3,4,"WE",0,NA,NA,"Bulgaria",NA,3,4,"WE",0,531604.067233866,165054.790716128
"355","325","325-355",3.37260542638198,"0.000023783434009991123|0.005317554646060966",1,0,0,0.00531755464606097,NA,NA,"Italy",NA,3,4,"WE",0,NA,NA,"Bulgaria",NA,3,4,"WE",0,9103990.54966961,40718.7462804999
"355","342","342-355",1.49903966411101,"0.000005840071029384617|0.000024230406360792153",1,0,0,2.42304063607922e-05,NA,NA,"Kingdom of Serbia",NA,3,4,"WE",0,NA,NA,"Bulgaria",NA,3,4,"WE",0,41483.9912715731,9998.57171196191
"355","350","350-355",1.68725671874861,"0.000035576501009938986",1,0,0,3.5576501009939e-05,NA,NA,"Greece",NA,3,NA,"AS",0,NA,NA,"Bulgaria",NA,3,4,"WE",0,NA,60909.224360246
"360","211","211-360",1.77796023076993,"0.00018703833913584126|0.001030656754079112",0,1,0,0.00103065675407911,NA,NA,"Belgium",NA,4,3,"WE",0,NA,NA,"Romania",NA,3,4,"WE",0,320221.4900001,1764549.68
"360","225","225-360",0.427926402865456,"2.49990745936867e-7|0.00012488124960227838",1,0,0,0.000124881249602278,NA,NA,"Switzerland",NA,3,13,"WE",0,NA,NA,"Romania",NA,3,4,"WE",0,213804.613564669,428
"360","255","255-360",0.660365932794443,"0.0010520547905803652|0.00022592009491907185",0,1,0,0.00105205479058037,NA,NA,"Germany (Zollverein)",NA,1,13,"WE",0,NA,NA,"Romania",NA,3,4,"WE",0,1801184.47457295,386789.52
"360","300","300-360",2.29645332736944,"0.0008981909333498305|0.001600255327168387",1,0,0,0.00160025532716839,NA,NA,"Austria-Hungary (Austrian Empire)",NA,3,4,"WE",0,NA,NA,"Romania",NA,3,4,"WE",0,2739738.53496576,1537759.8
"360","325","325-360",1.0755879044075,"0.00007156397290658566|0.0002631847201441292",1,0,0,0.000263184720144129,NA,NA,"Italy",NA,3,4,"WE",0,NA,NA,"Romania",NA,3,4,"WE",0,122522.056923474,450588.92
"360","342","342-360",1.81788480361737,"0.00003039778128289316|0.000023486677308010887",1,0,0,3.03977812828932e-05,NA,NA,"Kingdom of Serbia",NA,3,4,"WE",0,NA,NA,"Romania",NA,3,4,"WE",0,52042.9279904781,40210.68
"360","350","350-360",0.283411705741311,"0.000012596356587679453|0.000012887513589088923",1,0,0,1.28875135890889e-05,NA,NA,"Greece",NA,3,NA,"AS",0,NA,NA,"Romania",NA,3,4,"WE",0,21565.7607617536,22064.24
"360","352","352-360",0.505776818609951,"0.000001117949270381223",1,0,0,1.11794927038122e-06,NA,NA,"Cyprus",NA,3,1,"WE",0,NA,NA,"Romania",NA,3,4,"WE",0,1914,NA
"360","355","355-360",1.2725023871254,"0.00001258096931886299|0.00007546283738627281",1,0,0,7.54628373862728e-05,NA,NA,"Bulgaria",NA,3,4,"WE",0,NA,NA,"Romania",NA,3,4,"WE",0,21539.4167823844,129197.16
"365","200","200-365",0.455054567370161,"0.008040314377759162|0.006845735489015137",0,1,0,0.00804031437775916,NA,NA,"United Kingdom",NA,8,1,"WE",0.20989010989011,NA,NA,"Russia (USSR)",NA,3,2,"EESU",0,11720333,13765527.7629756
"365","210","210-365",0.799383420322927,"0.00040710820329716284|0.0030391231766514586",0,1,0,0.00303912317665146,NA,NA,"Netherlands",NA,1,3,"WE",0,NA,NA,"Russia (USSR)",NA,3,2,"EESU",0,696995.044189312,5203171.48033678
"365","220","220-365",0.391845339870618,"0.0010057341364975454|0.003726824691002961",0,1,0,0.00372682469100296,NA,NA,"France",NA,2,1,"AF",0.095,NA,NA,"Russia (USSR)",NA,3,2,"EESU",0,1721880.57925015,6380560.05541938
"365","225","225-365",0.35429320938129,"0.000729675437445841|0.000002363005055813674",1,0,0,0.000729675437445841,NA,NA,"Switzerland",NA,3,13,"WE",0,NA,NA,"Russia (USSR)",NA,3,2,"EESU",0,1249250.59148265,4045.61440903762
"365","230","230-365",0.0533036078518402,"0.00003527353869213076|0.00046248098758716355",0,1,0,0.000462480987587164,NA,NA,"Spain",NA,0,1,"ME",0.108,NA,NA,"Russia (USSR)",NA,3,2,"EESU",0,60390.5336721728,791796.76009805
"365","231","231-365",0.460419256000475,"0.000361798359498445",1,0,0,0.000361798359498445,NA,NA,"Gibraltar",NA,3,1,"AF",0,NA,NA,"Russia (USSR)",NA,3,2,"EESU",0,NA,619421.720132154
"365","255","255-365",1.19892656376539,"0.011338177444135133|0.010181846784716701",0,1,0,0.0113381774441351,NA,NA,"Germany (Zollverein)",NA,1,13,"WE",0,NA,NA,"Russia (USSR)",NA,3,2,"EESU",0,19411678.3319466,17431966.9615262
"365","300","300-365",0.551995006819637,"0.0019611333387349605|0.0016581786022931949",1,0,0,0.00196113333873496,NA,NA,"Austria-Hungary (Austrian Empire)",NA,3,4,"WE",0,NA,NA,"Russia (USSR)",NA,3,2,"EESU",0,3357584.56111226,2838906.85281893
"365","325","325-365",0.599754186912549,"0.000045042825972237865|0.001727746317734578",1,0,0,0.00172774631773458,NA,NA,"Italy",NA,3,4,"WE",0,NA,NA,"Russia (USSR)",NA,3,2,"EESU",0,77116.1726161911,2958011.19045082
"365","350","350-365",1.09812337860026,"0.00003323448454056138|0.0006096883590807666",1,0,0,0.000609688359080767,NA,NA,"Greece",NA,3,NA,"AS",0,NA,NA,"Russia (USSR)",NA,3,2,"EESU",0,56899.5437413212,1043825.10924012
"365","360","360-365",0.909732832586615,"0.0001377292473850663|0.00041011172841093466",1,0,0,0.000410111728410935,NA,NA,"Romania",NA,3,4,"WE",0,NA,NA,"Russia (USSR)",NA,3,2,"EESU",0,235801.2,702137.269530001
"380","200","200-380",0.630805361905025,"0.00503663537044612|0.0028014827443666596",0.7,0.3,0.84,0.00503663537044612,NA,NA,"United Kingdom",NA,8,1,"WE",0.20989010989011,NA,NA,"Sweden",NA,8,10,"WE",0.0933333333333333,4796316,8623038.946791
"380","210","210-380",0.687289531799638,"0.0008223725496077594|0.00020628618545461659",0,1,0,0.000822372549607759,NA,NA,"Netherlands",NA,1,3,"WE",0,NA,NA,"Sweden",NA,8,10,"WE",0.0933333333333333,353175.022714132,1407953.92210642
"380","220","220-380",0.200126900690677,"0.0009312767571940286|0.00022014917734393275",0,1,0,0.000931276757194029,NA,NA,"France",NA,2,1,"AF",0.095,NA,NA,"Sweden",NA,8,10,"WE",0.0933333333333333,376909.343384249,1594404.8272079
"380","255","255-380",1.09907960485642,"0.0038937462629632|0.0017577504361254248",0,1,0,0.0038937462629632,NA,NA,"Germany (Zollverein)",NA,1,13,"WE",0,NA,NA,"Sweden",NA,8,10,"WE",0.0933333333333333,6666340.36513142,3009380.14262205
"380","365","365-380",0.384030812722767,"0.00018413429861673715|0.0005786168345926489",0,1,0,0.000578616834592649,NA,NA,"Russia (USSR)",NA,3,2,"EESU",0,NA,NA,"Sweden",NA,8,10,"WE",0.0933333333333333,990628.690184376,315249.588590236
"385","11","11-385",1.50038237676526,"0.0000024802417697806296",1,0,0,2.48024176978063e-06,NA,NA,"Faeroe Is.",NA,8,10,"WE",0.28,NA,NA,"Norway",NA,8,10,"WE",0.152727272727273,NA,4246.33109312852
"385","200","200-385",0.588204587935198,"0.002130764809299653|0.0018741455768570186",0.7,0.3,0.84,0.00213076480929965,NA,NA,"United Kingdom",NA,8,1,"WE",0.20989010989011,NA,NA,"Norway",NA,8,10,"WE",0.152727272727273,3208656,3648004.38897271
"385","210","210-385",0.464668540944099,"0.00029709066532287044|0.0003643229328957699",0,1,0,0.00036432293289577,NA,NA,"Netherlands",NA,1,3,"WE",0,NA,NA,"Norway",NA,8,10,"WE",0.152727272727273,623743.949781118,508638.046907146
"385","230","230-385",1.78209636218974,"0.00003417332217268076|0.00035596276066448505",0.3,0.7,0.84,0.000355962760664485,NA,NA,"Spain",NA,0,1,"ME",0.108,NA,NA,"Norway",NA,8,10,"WE",0.152727272727273,58506.8932655654,609430.805102181
"385","235","235-385",0.458276374274652,"0.000017396941302505215|0.000027314494295513327",0,1,0,2.73144942955133e-05,NA,NA,"Portugal",NA,4,1,"ME",0,NA,NA,"Norway",NA,8,10,"WE",0.152727272727273,46764.1452673295,29784.6660266081
"385","255","255-385",0.988426828935584,"0.0022013102955078297|0.0007201865850014435",0,1,0,0.00220131029550783,NA,NA,"Germany (Zollverein)",NA,1,13,"WE",0,NA,NA,"Norway",NA,8,10,"WE",0.152727272727273,3768782.73212275,1233005.07474969
"385","325","325-385",0.308393701698102,"0.00007211927812749722|0.00027666626057354073",0,1,0,0.000276666260573541,NA,NA,"Italy",NA,3,4,"WE",0,NA,NA,"Norway",NA,8,10,"WE",0.152727272727273,473670.17159659,123472.774653683
"385","365","365-385",0.213133765163078,"0.00030799305807689036|0.00016069339021859073",0,1,0,0.00030799305807689,NA,NA,"Russia (USSR)",NA,3,2,"EESU",0,NA,NA,"Norway",NA,8,10,"WE",0.152727272727273,527303.634232122,275117.26786449
"385","380","380-385",2.18936379094463,"0.00020669050989674116|0.00048077596083626224",1,0,0,0.000480775960836262,NA,NA,"Sweden",NA,8,10,"WE",0.0933333333333333,NA,NA,"Norway",NA,8,10,"WE",0.152727272727273,353867.251782776,823118.913729255
"390","10","10-390",1.48343252785038,"0.000010418738834479133",0.7,0.3,0.84,1.04187388344791e-05,NA,NA,"Greenland",NA,8,1,"WE",0.42,NA,NA,"Denmark",NA,8,1,"WE",0.129230769230769,NA,17837.5411635565
"390","11","11-390",2.77370744594242,"0.00002035661279967461",1,0,0,2.03566127996746e-05,NA,NA,"Faeroe Is.",NA,8,10,"WE",0.28,NA,NA,"Denmark",NA,8,1,"WE",0.129230769230769,NA,34851.8111964874
"390","2","2-390",0.298764900534065,"0.00021965907228877233|0.001990240801002355",0,1,0,0.00199024080100236,NA,NA,"United States of America",NA,7,5,"NAM",0.1216,NA,NA,"Denmark",NA,8,1,"WE",0.129230769230769,3407418.38117531,376070.252469813
"390","200","200-390",0.914856224389368,"0.006937758045734773|0.0011941952797109117",0.7,0.3,0.84,0.00693775804573477,NA,NA,"United Kingdom",NA,8,1,"WE",0.20989010989011,NA,NA,"Denmark",NA,8,1,"WE",0.129230769230769,2044538,11877881.4489572
"390","235","235-390",0.082823201368739,"0.000028801982884471028|0.000003430169400890053",0,1,0,2.8801982884471e-05,NA,NA,"Portugal",NA,4,1,"ME",0,NA,NA,"Denmark",NA,8,1,"WE",0.129230769230769,49310.8199999801,5872.66739846323
"390","255","255-390",1.05083483139009,"0.003596426430842662|0.0021373802286499296",0,1,0,0.00359642643084266,NA,NA,"Germany (Zollverein)",NA,1,13,"WE",0,NA,NA,"Denmark",NA,8,1,"WE",0.129230769230769,6157309.97014341,3659330.40614709
"390","365","365-390",0.698646888591761,"0.0005196225777479146|0.0007682154958896854",0,1,0,0.000768215495889685,NA,NA,"Russia (USSR)",NA,3,2,"EESU",0,NA,NA,"Denmark",NA,8,1,"WE",0.129230769230769,1315233.61398273,889626.783754116
"390","380","380-390",2.48329217931879,"0.001117433783241351|0.0013853092215107444",1,0,0,0.00138530922151074,NA,NA,"Sweden",NA,8,10,"WE",0.0933333333333333,NA,NA,"Denmark",NA,8,1,"WE",0.129230769230769,2371737.18004879,1913117.45334797
"390","385","385-390",1.53105179509749,"0.00036109745917407057|0.00020784361941827054",1,0,0,0.000361097459174071,NA,NA,"Norway",NA,8,10,"WE",0.152727272727273,NA,NA,"Denmark",NA,8,1,"WE",0.129230769230769,355841.448360993,618221.734357849
"390","5","390-5",0.129434399569475,"0.000002981362189558644",0,1,0,2.98136218955864e-06,NA,NA,"Virgin Islands (Danish West Indies)",NA,2,3,"LA",0.288,NA,NA,"Denmark",NA,8,1,"WE",0.129230769230769,NA,5104.28100987925
"395","200","200-395",1.75638691493606,"0.00007272184380831554|0.0008377441055271407",0.7,0.3,0.84,0.000837744105527141,NA,NA,"United Kingdom",NA,8,1,"WE",0.20989010989011,NA,NA,"Iceland",NA,8,10,"WE",0.28,1434271,124504.405286344
"395","230","230-395",2.49949224999538,"0.000033803917665873345|3.67977032570622e-8",0.3,0.7,0.84,3.38039176658733e-05,NA,NA,"Spain",NA,0,1,"ME",0.108,NA,NA,"Iceland",NA,8,10,"WE",0.28,63,57874.449339207
"395","325","325-395",0.910362326873019,"0.000014923898950490228",0,1,0,1.49238989504902e-05,NA,NA,"Italy",NA,3,4,"WE",0,NA,NA,"Iceland",NA,8,10,"WE",0.28,NA,25550.6607929515
"395","380","380-395",1.46621954442703,"0.0000017762192953131136|0.000010811515671241609",1,0,0,1.08115156712416e-05,NA,NA,"Sweden",NA,8,10,"WE",0.0933333333333333,NA,NA,"Iceland",NA,8,10,"WE",0.28,3041,18510
"395","385","385-395",2.29216327001606,"0.000017733408209258403|0.000015594048913603914",1,0,0,1.77334082092584e-05,NA,NA,"Norway",NA,8,10,"WE",0.152727272727273,NA,NA,"Iceland",NA,8,10,"WE",0.28,30360.7186942806,26698
"395","390","390-395",3.55347111033676,"0.00008527337015296767|0.00008449371237702119",1,0,0,8.52733701529677e-05,NA,NA,"Denmark",NA,8,1,"WE",0.129230769230769,NA,NA,"Iceland",NA,8,10,"WE",0.28,145993.413830955,144658.59030837
"4","2","2-4",1.85106326981826,"0.0010801838156380516",0.5,0.5,1,0.00108018381563805,NA,NA,"United States of America",NA,7,5,"NAM",0.1216,NA,NA,"Hawaii (Sandwich Is.)",NA,7,NA,"AS",1,1849343.14812533,NA
"40","2","2-40",1.08755100193519,"0.0020685732390249368",0.15,0.85,0.51,0.00206857323902494,NA,NA,"United States of America",NA,7,5,"NAM",0.1216,NA,NA,"Cuba",NA,0,5,"LA",0.306,3541528.47932323,NA
"402","2","2-402",0.927016609972593,"0.00018029614126275948",0,1,0,0.000180296141262759,NA,NA,"United States of America",NA,7,5,"NAM",0.1216,NA,NA,"Cape Verde",NA,4,1,"AF",0,308678.419960189,NA
"402","200","200-402",1.06312197196014,"0.00022355188819193176",0,1,0,0.000223551888191932,NA,NA,"United Kingdom",NA,8,1,"WE",0.20989010989011,NA,NA,"Cape Verde",NA,4,1,"AF",0,382735,NA
"402","235","235-402",2.732449605834,"0.000019695865532039568",1,0,0,1.96958655320396e-05,NA,NA,"Portugal",NA,4,1,"ME",0,NA,NA,"Cape Verde",NA,4,1,"AF",0,33720.5699999864,NA
"402","255","255-402",0.223750674035568,"0.00007601646175222794",0,1,0,7.60164617522279e-05,NA,NA,"Germany (Zollverein)",NA,1,13,"WE",0,NA,NA,"Cape Verde",NA,4,1,"AF",0,130145,NA
"403","235","235-403",5.97267828303287,"0.00006930421606470034",1,0,0,6.93042160647003e-05,NA,NA,"Portugal",NA,4,1,"ME",0,NA,NA,"Sao Tome-Principe",NA,4,5,"NAM",0,118653.209999952,NA
"404","200","200-404",1.52606964497436,"0.0000707053265821253",0,1,0,7.07053265821253e-05,NA,NA,"United Kingdom",NA,8,1,"WE",0.20989010989011,NA,NA,"Guinea-Bissau (Portuguese Guinea)",NA,1,1,"AF",0,121052,NA
"404","235","235-404",2.81847697768978,"0.000004273212142945887",0,1,0,4.27321214294589e-06,NA,NA,"Portugal",NA,4,1,"ME",0,NA,NA,"Guinea-Bissau (Portuguese Guinea)",NA,1,1,"AF",0,7316.00999999704,NA
"404","255","255-404",0.686687272560459,"0.000024042334309003086",1,0,0,2.40423343090031e-05,NA,NA,"Germany (Zollverein)",NA,1,13,"WE",0,NA,NA,"Guinea-Bissau (Portuguese Guinea)",NA,1,1,"AF",0,41162,NA
"4050","200","200-4050",1.86966413637051,"0.0000022481644418481337|0.00009543046271823165",1,0,0,9.54304627182316e-05,NA,NA,"United Kingdom",NA,8,1,"WE",0.20989010989011,NA,NA,"St. Helena",NA,8,1,"WE",0,163383,3849
"4070","200","200-4070",1.87390604067866,"0.00000452962204378599",1,0,0,4.52962204378599e-06,NA,NA,"United Kingdom",NA,8,1,"WE",0.20989010989011,NA,NA,"Ascension I.",NA,8,1,"AF",0,7755,NA
"41","2","2-41",1.63338219209621,"0.0002721381893991583",1,0,0,0.000272138189399158,NA,NA,"United States of America",NA,7,5,"NAM",0.1216,NA,NA,"Haiti",NA,7,3,"WE",0,465917.826783294,NA
"42","2","2-42",1.17795090139011,"0.00012550438635976658",1,0,0,0.000125504386359767,NA,NA,"United States of America",NA,7,5,"NAM",0.1216,NA,NA,"Dominican Republic (Santo Domingo)",NA,7,3,"WE",0,214871.463184263,NA
"420","200","200-420",1.59438728831485,"0.000015505267153364655|0.00004099965051470197",0,1,0,4.0999650514702e-05,NA,NA,"United Kingdom",NA,8,1,"WE",0.20989010989011,NA,NA,"Gambia",NA,1,13,"WE",0,70194,26546
"420","210","210-420",0.184960643436141,"0.000006138207357594709",1,0,0,6.13820735759471e-06,NA,NA,"Netherlands",NA,1,3,"WE",0,NA,NA,"Gambia",NA,1,13,"WE",0,NA,10509
"420","220","220-420",2.42885139298717,"0.00010669231218647635",0,1,0,0.000106692312186476,NA,NA,"France",NA,2,1,"AF",0.095,NA,NA,"Gambia",NA,1,13,"WE",0,NA,182664
"420","255","255-420",0.696006535970243,"0.0000037708884480570407|0.000013142620968050105",1,0,0,1.31426209680501e-05,NA,NA,"Germany (Zollverein)",NA,1,13,"WE",0,NA,NA,"Gambia",NA,1,13,"WE",0,22501,6456
"420","390","390-420",0.839786225058218,"0.00000330303193521725",0,1,0,3.30303193521725e-06,NA,NA,"Denmark",NA,8,1,"WE",0.129230769230769,NA,NA,"Gambia",NA,1,13,"WE",0,NA,5655
"430","200","200-430",0.679701379376597,"0.00040492367891229613|0.00014883189769056095",0,1,0,0.000404923678912296,NA,NA,"United Kingdom",NA,8,1,"WE",0.20989010989011,NA,NA,"French West Africa",NA,1,10,"WE",0,693255,254809.640944257
"430","210","210-430",0.466651045479359,"0.00003751469436727497",1,0,0,3.7514694367275e-05,NA,NA,"Netherlands",NA,1,3,"WE",0,NA,NA,"French West Africa",NA,1,10,"WE",0,NA,64227.5342194009
"430","220","220-430",2.12007577041537,"0.00036129075445072255|0.0008412015934299745",0,1,0,0.000841201593429975,NA,NA,"France",NA,2,1,"AF",0.095,NA,NA,"French West Africa",NA,1,10,"WE",0,1440190.43840508,618552.668121404
"434","220","220-434",1.38058861866188,"0.00007953111498086675",0,1,0,7.95311149808668e-05,NA,NA,"France",NA,2,1,"AF",0.095,NA,NA,"Benin (Dahomey)",NA,10,1,"AF",0,NA,136162.309065662
"434","255","255-434",0.112237750730838,"0.00004930009090641222",0,1,0,4.93000909064122e-05,NA,NA,"Germany (Zollverein)",NA,1,13,"WE",0,NA,NA,"Benin (Dahomey)",NA,10,1,"AF",0,NA,84404.8799841301
"4361","200","200-4361",1.87429281306793,"0.0003550487728263075",1,0,0,0.000355048772826308,NA,NA,"United Kingdom",NA,8,1,"WE",0.20989010989011,NA,NA,"Aïr",NA,8,1,"WE",0,607866,NA
"437","200","200-437",0.780868673849737,"0.00007088754845919642",0.1,0.9,0.36,7.08875484591964e-05,NA,NA,"United Kingdom",NA,8,1,"WE",0.20989010989011,NA,NA,"Ivory Coast",NA,2,6,"WE",0.18,NA,121363.975401706
"437","220","220-437",1.91208562063451,"0.00006249291272310804",1,0,0,6.2492912723108e-05,NA,NA,"France",NA,2,1,"AF",0.095,NA,NA,"Ivory Coast",NA,2,6,"WE",0.18,NA,106991.827018449
"4383","255","255-4383",2.10616076867697,"0.000004683821943148917",1,0,0,4.68382194314892e-06,NA,NA,"Germany (Zollverein)",NA,1,13,"WE",0,NA,NA,"Loos Is.",NA,1,13,"WE",0,8019,NA
"4383","451","4383-451",6.81424539849097,"1.8690896892476038e-8",1,0,0,1.8690896892476e-08,NA,NA,"Sierra Leone",NA,1,3,"AF",0,NA,NA,"Loos Is.",NA,1,13,"WE",0,32,NA
"450","200","200-450",1.0802762257619,"0.000023059894041092312",0,1,0,2.30598940410923e-05,NA,NA,"United Kingdom",NA,8,1,"WE",0.20989010989011,NA,NA,"Liberia",NA,1,1,"WE",0,39480,NA
"450","255","255-450",1.42914575154498,"0.00002572960085658502",1,0,0,2.5729600856585e-05,NA,NA,"Germany (Zollverein)",NA,1,13,"WE",0,NA,NA,"Liberia",NA,1,1,"WE",0,44050.7072585776,NA
"451","200","200-451",1.70506650547649,"0.000004098563234203261|0.00019666620119316078",0,1,0,0.000196666201193161,NA,NA,"United Kingdom",NA,8,1,"WE",0.20989010989011,NA,NA,"Sierra Leone",NA,1,3,"AF",0,336705,7017
"451","404","404-451",3.38437667810767,"1.2849991613577276e-8",1,0,0,1.28499916135773e-08,NA,NA,"Guinea-Bissau (Portuguese Guinea)",NA,1,1,"AF",0,NA,NA,"Sierra Leone",NA,1,3,"AF",0,NA,22
"451","420","420-451",5.44990401841221,"0.0000015840535116373443|5.4904509621648366e-8",1,0,0,1.58405351163734e-06,NA,NA,"Gambia",NA,1,13,"WE",0,NA,NA,"Sierra Leone",NA,1,3,"AF",0,2712,94
"451","430","430-451",5.34219066402457,"0.00003075377408945711|6.074541490054712e-8",1,0,0,3.07537740894571e-05,NA,NA,"French West Africa",NA,1,10,"WE",0,NA,NA,"Sierra Leone",NA,1,3,"AF",0,52652.4102360643,104
"451","450","450-451",4.40195400080265,"1.8106806364586164e-8",1,0,0,1.81068063645862e-08,NA,NA,"Liberia",NA,1,1,"WE",0,NA,NA,"Sierra Leone",NA,1,3,"AF",0,NA,31
"452","200","200-452",1.8354618270912,"0.0004439485193522024|0.0003596467334618566",0,1,0,0.000443948519352202,NA,NA,"United Kingdom",NA,8,1,"WE",0.20989010989011,NA,NA,"Ghana (Gold Coast)",NA,10,13,"WE",0,615738,760068
"452","220","220-452",0.357607238974437,"0.00006154970755745149",0,1,0,6.15497075574515e-05,NA,NA,"France",NA,2,1,"AF",0.095,NA,NA,"Ghana (Gold Coast)",NA,10,13,"WE",0,NA,105377
"452","451","451-452",1.37402033662845,"6.424995806788638e-9|1.9859077948255793e-7",0,1,0,1.98590779482558e-07,NA,NA,"Sierra Leone",NA,1,3,"AF",0,NA,NA,"Ghana (Gold Coast)",NA,10,13,"WE",0,11,340
"4781","200","200-4781",0.999357279999165,"0.00019383453031395065|0.00028362092626118244",0,1,0,0.000283620926261182,NA,NA,"United Kingdom",NA,8,1,"WE",0.20989010989011,NA,NA,"Lagos",NA,10,13,"WE",0,485577,331857
"4781","255","255-4781",1.30001459150971,"0.00026027015513720094|0.0001999593035894039",0,1,0,0.000260270155137201,NA,NA,"Germany (Zollverein)",NA,1,13,"WE",0,NA,NA,"Lagos",NA,10,13,"WE",0,342343,445599
"4781","411","411-4781",7.66494231557538,"2.6868164282934305e-8",1,0,0,2.68681642829343e-08,NA,NA,"Equatorial Guinea (Spanish Guinea)",NA,10,1,"AF",0,NA,NA,"Lagos",NA,10,13,"WE",0,NA,46
"4781","434","434-4781",7.66494231557538,"0.0001623360336176187|0.000003089838892537445",1,0,0,0.000162336033617619,NA,NA,"Benin (Dahomey)",NA,10,1,"AF",0,NA,NA,"Lagos",NA,10,13,"WE",0,277929.577464789,5290
"4781","451","451-4781",3.52967692926902,"0.00000372649756793741|2.9788616922383688e-8",0,1,0,3.72649756793741e-06,NA,NA,"Sierra Leone",NA,1,3,"AF",0,NA,NA,"Lagos",NA,10,13,"WE",0,51,6380
"4781","452","452-4781",4.36864120146433,"0.00003368099620024182|0.0000032539683308745003",1,0,0,3.36809962002418e-05,NA,NA,"Ghana (Gold Coast)",NA,10,13,"WE",0,NA,NA,"Lagos",NA,10,13,"WE",0,57664,5571
"4781","484","4781-484",7.66494231557538,"2.161134953192542e-8",1,0,0,2.16113495319254e-08,NA,NA,"Congo (Brazzaville) (French Congo) (Middle Congo)",NA,10,6,"WE",0,NA,NA,"Lagos",NA,10,13,"WE",0,NA,37
"4782","4781","4781-4782",7.66494231557538,"8.615335286375674e-7",1,0,0,8.61533528637567e-07,NA,NA,"Lagos",NA,10,13,"WE",0,NA,NA,"Oil Rivers Protectorate",NA,10,1,"AF",0,1475,NA
"4783","200","200-4783",0.986815449223872,"0.00029226020925920157",0,1,0,0.000292260209259202,NA,NA,"United Kingdom",NA,8,1,"WE",0.20989010989011,NA,NA,"Southern Nigeria (Niger Coast Protectorate)",NA,1,3,"AF",0,NA,500368
"4783","255","255-4783",0.764576462275363,"0.0001466832383595125",1,0,0,0.000146683238359513,NA,NA,"Germany (Zollverein)",NA,1,13,"WE",0,NA,NA,"Southern Nigeria (Niger Coast Protectorate)",NA,1,3,"AF",0,NA,251131
"4783","451","451-4783",12.345532877171,"1.1681810557797524e-8",1,0,0,1.16818105577975e-08,NA,NA,"Sierra Leone",NA,1,3,"AF",0,NA,NA,"Southern Nigeria (Niger Coast Protectorate)",NA,1,3,"AF",0,20,NA
"484","200","200-484",0.543825177783055,"0.000060766618742364996",0,1,0,6.0766618742365e-05,NA,NA,"United Kingdom",NA,8,1,"WE",0.20989010989011,NA,NA,"Congo (Brazzaville) (French Congo) (Middle Congo)",NA,10,6,"WE",0,NA,104036.302320968
"484","210","210-484",1.27634935959626,"0.0000195071405212745",0,1,0,1.95071405212745e-05,NA,NA,"Netherlands",NA,1,3,"WE",0,NA,NA,"Congo (Brazzaville) (French Congo) (Middle Congo)",NA,10,6,"WE",0,NA,33397.4608212656
"484","211","211-484",0.36858970844158,"0.000010597541098982234",0,1,0,1.05975410989822e-05,NA,NA,"Belgium",NA,4,3,"WE",0,NA,NA,"Congo (Brazzaville) (French Congo) (Middle Congo)",NA,10,6,"WE",0,NA,18143.661971831
"484","220","220-484",1.30858485172997,"0.000037134322936019886",0,1,0,3.71343229360199e-05,NA,NA,"France",NA,2,1,"AF",0.095,NA,NA,"Congo (Brazzaville) (French Congo) (Middle Congo)",NA,10,6,"WE",0,NA,63576.3142233684
"490","200","200-490",0.283171491503253,"0.00000648989044397304|0.00006164783476613698",0,1,0,6.1647834766137e-05,NA,NA,"United Kingdom",NA,8,1,"WE",0.20989010989011,NA,NA,"Democratic Republic of the Congo (Zaire) (Kinshasa) (Belgian Congo) (Congo Free State)",NA,4,10,"WE",0,105545,11111.1037315035
"490","210","210-490",0.241312422454754,"0.00003814527690020415",0,1,0,3.81452769002041e-05,NA,NA,"Netherlands",NA,1,3,"WE",0,NA,NA,"Democratic Republic of the Congo (Zaire) (Kinshasa) (Belgian Congo) (Congo Free State)",NA,4,10,"WE",0,NA,65307.1314784205
"490","211","211-490",2.88187801184206,"0.0007202285631836644|0.0002115769634845895",1,0,0,0.000720228563183664,NA,NA,"Belgium",NA,4,3,"WE",0,NA,NA,"Democratic Republic of the Congo (Zaire) (Kinshasa) (Belgian Congo) (Congo Free State)",NA,4,10,"WE",0,362233.170000113,1233076.94405799
"5","2","2-5",0.611788972094277,"0.00005946600934565748",0.1,0.9,0.36,5.94660093456575e-05,NA,NA,"United States of America",NA,7,5,"NAM",0.1216,NA,NA,"Virgin Islands (Danish West Indies)",NA,2,3,"LA",0.288,101809.576608764,NA
"500","352","352-500",8.79879127271396,"0.000003675681692010991",1,0,0,3.67568169201099e-06,NA,NA,"Cyprus",NA,3,1,"WE",0,NA,NA,"Uganda",NA,3,1,"WE",0,6293,NA
"500","490","490-500",2.19304699935259,"2.670566872103928e-8",0,1,0,2.67056687210393e-08,NA,NA,"Democratic Republic of the Congo (Zaire) (Kinshasa) (Belgian Congo) (Congo Free State)",NA,4,10,"WE",0,NA,NA,"Uganda",NA,3,1,"WE",0,45.7217973000143,NA
"51","2","2-51",2.30728811974249,"0.0006767687560406908|0.000009399768865331778",1,0,0,0.000676768756040691,NA,NA,"United States of America",NA,7,5,"NAM",0.1216,NA,NA,"Jamaica",NA,7,1,"AS",0.0392307692307692,16093,1158671
"51","20","20-51",1.4362671141039,"0.000016854516272790267|0.0000015455035367966124",1,0,0,1.68545162727903e-05,NA,NA,"Canada (Province of Canada)",NA,7,5,"AS",0.0971428571428572,NA,NA,"Jamaica",NA,7,1,"AS",0.0392307692307692,2646,28856
"51","21","21-51",2.97317708863794,"3.7206566626585116e-7",1,0,0,3.72065666265851e-07,NA,NA,"Newfoundland and Labrador (Newfoundland)",NA,7,5,"AS",0,NA,NA,"Jamaica",NA,7,1,"AS",0.0392307692307692,637,NA
"51","30","30-51",1.43474541878038,"0.0000012178287506503918|5.256814751008886e-9",1,0,0,1.21782875065039e-06,NA,NA,"Bermuda",NA,7,1,"AS",0,NA,NA,"Jamaica",NA,7,1,"AS",0.0392307692307692,9,2085
"51","31","31-51",1.9082869676004,"6.641109302107893e-7|5.840905278898762e-10",1,0,0,6.64110930210789e-07,NA,NA,"Bahamas",NA,7,1,"AS",0,NA,NA,"Jamaica",NA,7,1,"AS",0.0392307692307692,1,1137
"51","40","40-51",1.31825551073201,"0.000019183869298015095",0.15,0.85,0.51,1.91838692980151e-05,NA,NA,"Cuba",NA,0,5,"LA",0.306,NA,NA,"Jamaica",NA,7,1,"AS",0.0392307692307692,NA,32844
"510","255","255-510",0.558898422073083,"0.0000743299580301345",0,1,0,7.43299580301345e-05,NA,NA,"Germany (Zollverein)",NA,1,13,"WE",0,NA,NA,"German East Africa",NA,9,1,"AF",0,127257.598747002,NA
"510","490","490-510",1.47855073554806,"0.0000012421916322644452",0,1,0,1.24219163226445e-06,NA,NA,"Democratic Republic of the Congo (Zaire) (Kinshasa) (Belgian Congo) (Congo Free State)",NA,4,10,"WE",0,NA,NA,"German East Africa",NA,9,1,"AF",0,2126.71079730067,NA
"511","2","2-511",0.22003940251875,"0.000049334622347690505",0,1,0,4.93346223476905e-05,NA,NA,"United States of America",NA,7,5,"NAM",0.1216,NA,NA,"Zanzibar",NA,9,1,"ME",0.055,NA,84464
"511","200","200-511",1.73532434677968,"0.00006831756450411148|0.00006653608839404736",0,1,0,6.83175645041115e-05,NA,NA,"United Kingdom",NA,8,1,"WE",0.20989010989011,NA,NA,"Zanzibar",NA,9,1,"ME",0.055,113914,116964
"511","210","210-511",0.356125476730786,"0.000032628465068984266",0,1,0,3.26284650689843e-05,NA,NA,"Netherlands",NA,1,3,"WE",0,NA,NA,"Zanzibar",NA,9,1,"ME",0.055,NA,55862
"511","220","220-511",0.111102476607626,"0.00004707243973317302",0,1,0,4.7072439733173e-05,NA,NA,"France",NA,2,1,"AF",0.095,NA,NA,"Zanzibar",NA,9,1,"ME",0.055,NA,80591
"511","490","490-511",2.60076980968085,"8.290941920817734e-7",0,1,0,8.29094192081773e-07,NA,NA,"Democratic Republic of the Congo (Zaire) (Kinshasa) (Belgian Congo) (Congo Free State)",NA,4,10,"WE",0,NA,NA,"Zanzibar",NA,9,1,"ME",0.055,1419.46180000044,NA
"511","510","510-511",7.12020815099634,"0.0002670683847913112",1,0,0,0.000267068384791311,NA,NA,"German East Africa",NA,9,1,"AF",0,NA,NA,"Zanzibar",NA,9,1,"ME",0.055,NA,457238
"52","2","2-52",1.79927428501408,"0.0004030154551576799|0.0003943019926626187",1,0,0,0.00040301545515768,NA,NA,"United States of America",NA,7,5,"NAM",0.1216,NA,NA,"Trinidad and Tobago",NA,7,1,"AS",0,675070,689988
"52","20","20-52",1.44202051652871,"0.00006485098722108506|0.000011763583231702107",1,0,0,6.48509872210851e-05,NA,NA,"Canada (Province of Canada)",NA,7,5,"AS",0.0971428571428572,NA,NA,"Trinidad and Tobago",NA,7,1,"AS",0,111029,20140
"52","21","21-52",2.9790351013635,"0.00001561390799155217|0.00000207644182664851",1,0,0,1.56139079915522e-05,NA,NA,"Newfoundland and Labrador (Newfoundland)",NA,7,5,"AS",0,NA,NA,"Trinidad and Tobago",NA,7,1,"AS",0,26732,3555
"52","30","30-52",1.34689428937816,"2.2662712482127198e-7|0.0000011039310977118662",1,0,0,1.10393109771187e-06,NA,NA,"Bermuda",NA,7,1,"AS",0,NA,NA,"Trinidad and Tobago",NA,7,1,"AS",0,388,1890
"52","31","31-52",0.612579153600434,"3.5629522201282446e-8|1.7989988259008186e-7",1,0,0,1.79899882590082e-07,NA,NA,"Bahamas",NA,7,1,"AS",0,NA,NA,"Trinidad and Tobago",NA,7,1,"AS",0,61,308
"52","51","51-52",0.737798112490377,"0.0000021109031677940126|4.3806789591740716e-8",1,0,0,2.11090316779401e-06,NA,NA,"Jamaica",NA,7,1,"AS",0.0392307692307692,NA,NA,"Trinidad and Tobago",NA,7,1,"AS",0,3614,75
"5200","511","511-5200",6.78676750498541,"0.00003344619180803009",1,0,0,3.34461918080301e-05,NA,NA,"Zanzibar",NA,9,1,"ME",0.055,NA,NA,"Italian Somaliland",NA,9,1,"ME",0,57262,NA
"5200","681","5200-681",6.02553270370957,"0.000028057956688245984",1,0,0,2.8057956688246e-05,NA,NA,"Aden",NA,9,5,"AS",0.0189473684210526,NA,NA,"Italian Somaliland",NA,9,1,"ME",0,48037,NA
"522","220","220-522",1.94543063837408,"0.000004569138241779286",0,1,0,4.56913824177929e-06,NA,NA,"France",NA,2,1,"AF",0.095,NA,NA,"Djibouti (Afar and Issas) (French Somaliland)",NA,9,1,"ME",0,NA,7822.65423527078
"53","2","2-53",2.46114276155632,"0.00026936619692803|0.0000676528694833728",1,0,0,0.00026936619692803,NA,NA,"United States of America",NA,7,5,"NAM",0.1216,NA,NA,"Barbados",NA,7,1,"AS",0,115826,461172
"53","20","20-53",2.38562293138499,"0.000058714563363676504|0.000011126924556302142",1,0,0,5.87145633636765e-05,NA,NA,"Canada (Province of Canada)",NA,7,5,"AS",0.0971428571428572,NA,NA,"Barbados",NA,7,1,"AS",0,19050,100523.053465347
"53","21","21-53",3.07434166904163,"0.000005837369507128942|0.0000026786391609029725",1,0,0,5.83736950712894e-06,NA,NA,"Newfoundland and Labrador (Newfoundland)",NA,7,5,"AS",0,NA,NA,"Barbados",NA,7,1,"AS",0,4586,9993.94653465346
"53","30","30-53",1.14671015193186,"3.854997484073183e-8",1,0,0,3.85499748407318e-08,NA,NA,"Bermuda",NA,7,1,"AS",0,NA,NA,"Barbados",NA,7,1,"AS",0,66,NA
"53","31","31-53",2.17773242551962,"5.840905278898762e-9|2.9671798816805714e-7",1,0,0,2.96717988168057e-07,NA,NA,"Bahamas",NA,7,1,"AS",0,NA,NA,"Barbados",NA,7,1,"AS",0,10,508
"53","51","51-53",2.17161067136775,"3.6213612729172325e-7|7.242722545834465e-8",1,0,0,3.62136127291723e-07,NA,NA,"Jamaica",NA,7,1,"AS",0.0392307692307692,NA,NA,"Barbados",NA,7,1,"AS",0,620,124
"53","52","52-53",2.1823154796176,"3.1774524717209265e-7|0.0000030542093703361626",1,0,0,3.05420937033616e-06,NA,NA,"Trinidad and Tobago",NA,7,1,"AS",0,NA,NA,"Barbados",NA,7,1,"AS",0,544,5229
"531","325","325-531",2.49015470986565,"0.000036288691293095415",0,1,0,3.62886912930954e-05,NA,NA,"Italy",NA,3,4,"WE",0,NA,NA,"Eritrea",NA,9,1,"ME",0,62128.539259478,NA
"540","235","235-540",5.86735765633874,"0.00030854190795116554",1,0,0,0.000308541907951166,NA,NA,"Portugal",NA,4,1,"ME",0,NA,NA,"Angola",NA,4,5,"NAM",0,528243.299999787,NA
"540","490","490-540",4.82089430961896,"0.0000342383142724077",1,0,0,3.42383142724077e-05,NA,NA,"Democratic Republic of the Congo (Zaire) (Kinshasa) (Belgian Congo) (Congo Free State)",NA,4,10,"WE",0,NA,NA,"Angola",NA,4,5,"NAM",0,58618.1638591183,NA
"541","200","200-541",1.57054445593936,"0.000708601689810689",0,1,0,0.000708601689810689,NA,NA,"United Kingdom",NA,8,1,"WE",0.20989010989011,NA,NA,"Mozambique (Portuguese East Africa)",NA,4,5,"NAM",0,1213171,NA
"541","235","235-541",3.54859583787113,"0.00008501115799552846",1,0,0,8.50111579955285e-05,NA,NA,"Portugal",NA,4,1,"ME",0,NA,NA,"Mozambique (Portuguese East Africa)",NA,4,5,"NAM",0,145544.489999941,NA
"561","200","200-561",1.75751716635165,"0.013228318146211579|0.004894998121235918",0.3,0.7,0.84,0.0132283181462116,NA,NA,"United Kingdom",NA,8,1,"WE",0.20989010989011,NA,NA,"Cape Colony (Cape of Good Hope)",NA,2,1,"AF",0.168,8380547,22647719
"561","380","380-561",0.357901126029307,"0.00008740531871001549",0,1,0,8.74053187100155e-05,NA,NA,"Sweden",NA,8,10,"WE",0.0933333333333333,NA,NA,"Cape Colony (Cape of Good Hope)",NA,2,1,"AF",0.168,149643.444871092,NA
"561","541","541-561",0.768424279974295,"0.000027819063662339024",0,1,0,2.7819063662339e-05,NA,NA,"Mozambique (Portuguese East Africa)",NA,4,5,"NAM",0,NA,NA,"Cape Colony (Cape of Good Hope)",NA,2,1,"AF",0.168,NA,47628
"562","200","200-562",1.71599046639047,"0.0017461841921879604|0.00045481727589517725",0.3,0.7,0.84,0.00174618419218796,NA,NA,"United Kingdom",NA,8,1,"WE",0.20989010989011,NA,NA,"Natal",NA,2,1,"AS",0.2,2989578,778676
"562","255","255-562",0.533578464544549,"0.0002415804264257807",0,1,0,0.000241580426425781,NA,NA,"Germany (Zollverein)",NA,1,13,"WE",0,NA,NA,"Natal",NA,2,1,"AS",0.2,NA,413601
"562","561","561-562",3.40557596328422,"0.0000987854787104311|0.00015529039637849772",1,0,0,0.000155290396378498,NA,NA,"Cape Colony (Cape of Good Hope)",NA,2,1,"AF",0.168,NA,NA,"Natal",NA,2,1,"AS",0.2,169127,265867
"563","211","211-563",0.571488364146253,"0.000026232521925061084",0,1,0,2.62325219250611e-05,NA,NA,"Belgium",NA,4,3,"WE",0,NA,NA,"Transvaal (South African Republic)",NA,1,6,"WE",0,44911.7400000141,NA
"563","255","255-563",2.0355410104007,"0.000323049432977123",1,0,0,0.000323049432977123,NA,NA,"Germany (Zollverein)",NA,1,13,"WE",0,NA,NA,"Transvaal (South African Republic)",NA,1,6,"WE",0,553081.102246586,NA
"564","255","255-564",2.11201504441422,"0.00001429422269810279",1,0,0,1.42942226981028e-05,NA,NA,"Germany (Zollverein)",NA,1,13,"WE",0,NA,NA,"Orange Free State (Orange River Colony)",NA,1,6,"WE",0,24472.6151436542,NA
"565","255","255-565",2.11361514534965,"0.00013722453790178678",1,0,0,0.000137224537901787,NA,NA,"Germany (Zollverein)",NA,1,13,"WE",0,NA,NA,"Namibia (South West Africa) (German South West Africa)",NA,1,13,"AF",0,234937.105379081,NA
"580","200","200-580",1.15613644365254,"0.000009848153299303486|0.00002198575156030283",0.3,0.7,0.84,2.19857515603028e-05,NA,NA,"United Kingdom",NA,8,1,"WE",0.20989010989011,NA,NA,"Madagascar (Malagasy Republic)",NA,2,1,"WE",0.306666666666667,37641,16860.662566951
"580","220","220-580",2.35443049995249,"0.00011212063195260326",0.8,0.2,0.64,0.000112120631952603,NA,NA,"France",NA,2,1,"AF",0.095,NA,NA,"Madagascar (Malagasy Republic)",NA,2,1,"WE",0.306666666666667,NA,191957.62745487
"580","255","255-580",0.345511212754793,"0.000005717689079241116|0.00003314144254613656",0,1,0,3.31414425461366e-05,NA,NA,"Germany (Zollverein)",NA,1,13,"WE",0,NA,NA,"Madagascar (Malagasy Republic)",NA,2,1,"WE",0.306666666666667,9789.0460574617,56740.2499504067
"581","220","220-581",2.67899114853495,"0.000026684814778603236",1,0,0,2.66848147786032e-05,NA,NA,"France",NA,2,1,"AF",0.095,NA,NA,"Comoros",NA,2,3,"AF",0,NA,45686.0940289625
"585","220","220-585",2.67896690204712,"0.00033068573168435714|0.00032674772637362646",0.8,0.2,0.64,0.000330685731684357,NA,NA,"France",NA,2,1,"AF",0.095,NA,NA,"Reunion (Bourbon I.)",NA,2,1,"ME",0.25,559412.814917675,566154.929577465
"590","2","2-590",1.1014061316961,"0.00018496102701424764",0,1,0,0.000184961027014248,NA,NA,"United States of America",NA,7,5,"NAM",0.1216,NA,NA,"Mauritius",NA,2,1,"AF",0.151052631578947,NA,316665
"590","200","200-590",0.761807409145494,"0.00006788008069872196|0.0002047529345517961",0.3,0.7,0.84,0.000204752934551796,NA,NA,"United Kingdom",NA,8,1,"WE",0.20989010989011,NA,NA,"Mauritius",NA,2,1,"AF",0.151052631578947,350550,116215
"590","541","541-590",1.94374065795588,"0.0000063917026466989155",0,1,0,6.39170264669892e-06,NA,NA,"Mozambique (Portuguese East Africa)",NA,4,5,"NAM",0,NA,NA,"Mauritius",NA,2,1,"AF",0.151052631578947,NA,10943
"590","561","561-590",3.28822003048718,"0.00014049655148810292|0.0000070447158568797974",1,0,0,0.000140496551488103,NA,NA,"Cape Colony (Cape of Good Hope)",NA,2,1,"AF",0.168,NA,NA,"Mauritius",NA,2,1,"AF",0.151052631578947,12061,240539
"590","562","562-590",2.42601483970157,"0.000006601391146211381",1,0,0,6.60139114621138e-06,NA,NA,"Natal",NA,2,1,"AS",0.2,NA,NA,"Mauritius",NA,2,1,"AF",0.151052631578947,11302,NA
"590","580","580-590",4.394937648446,"0.000003482347727279442",1,0,0,3.48234772727944e-06,NA,NA,"Madagascar (Malagasy Republic)",NA,2,1,"WE",0.306666666666667,NA,NA,"Mauritius",NA,2,1,"AF",0.151052631578947,NA,5962
"590","585","585-590",2.97331100441229,"0.000007065159025355942|8.018064774842182e-9",1,0,0,7.06515902535594e-06,NA,NA,"Reunion (Bourbon I.)",NA,2,1,"ME",0.25,NA,NA,"Mauritius",NA,2,1,"AF",0.151052631578947,13.7274350327316,12096
"6","2","2-6",0.902288422264304,"0.00031582768595647",0,1,0,0.00031582768595647,NA,NA,"United States of America",NA,7,5,"NAM",0.1216,NA,NA,"Puerto Rico",NA,0,5,"LA",0,540717.013675003,NA
"600","200","200-600",1.45624774071099,"0.0003706323081104094",1,0,0,0.000370632308110409,NA,NA,"United Kingdom",NA,8,1,"WE",0.20989010989011,NA,NA,"Morocco",NA,8,1,"AF",0.168,634546,NA
"600","211","211-600",0.923677186035342,"0.000060133363959105985",0,1,0,6.0133363959106e-05,NA,NA,"Belgium",NA,4,3,"WE",0,NA,NA,"Morocco",NA,8,1,"AF",0.168,102952.130000032,NA
"600","230","230-600",0.724158833823011,"0.000018349237331467013",0,1,0,1.8349237331467e-05,NA,NA,"Spain",NA,0,1,"ME",0.108,NA,NA,"Morocco",NA,8,1,"AF",0.168,31415.0571791614,NA
"600","325","325-600",0.625056168689126,"0.000031523509608143495",0,1,0,3.15235096081435e-05,NA,NA,"Italy",NA,3,4,"WE",0,NA,NA,"Morocco",NA,8,1,"AF",0.168,53970.2462254051,NA
"6067","230","230-6067",4.1474642133368,"0.000051598813283641885",1,0,0,5.15988132836419e-05,NA,NA,"Spain",NA,0,1,"ME",0.108,NA,NA,"Captaincy-general of north Africa",NA,0,15,"WE",0,88340.4383735705,NA
"615","120","120-615",1.00069850536608,"0.000005416573532967736",0,1,0,5.41657353296774e-06,NA,NA,"French Guiana",NA,7,1,"AS",0,NA,NA,"Algeria (Regency of Algiers)",NA,2,5,"AS",0.176666666666667,NA,9273.51715929379
"615","220","220-615",2.49939536499752,"0.006291631752513446|0.006034404818985271",0.8,0.2,0.64,0.00629163175251345,NA,NA,"France",NA,2,1,"AF",0.095,NA,NA,"Algeria (Regency of Algiers)",NA,2,5,"AS",0.176666666666667,10331283.4755009,10771672.2872446
"615","230","230-615",0.380769327756346,"0.0001530380082273812|0.000053957659596690924",0,1,0,0.000153038008227381,NA,NA,"Spain",NA,0,1,"ME",0.108,NA,NA,"Algeria (Regency of Algiers)",NA,2,5,"AS",0.176666666666667,262010.768742058,92378.9327514382
"615","338","338-615",0.0707947041035954,"8.118858337669279e-8|0.00000401094965501978",0,1,0,4.01094965501978e-06,NA,NA,"Malta",NA,3,1,"AF",0,NA,NA,"Algeria (Regency of Algiers)",NA,2,5,"AS",0.176666666666667,139,6867
"615","580","580-615",3.51884768688341,"0.000011455381335499888",1,0,0,1.14553813354999e-05,NA,NA,"Madagascar (Malagasy Republic)",NA,2,1,"WE",0.306666666666667,NA,NA,"Algeria (Regency of Algiers)",NA,2,5,"AS",0.176666666666667,NA,19612.3388216624
"615","600","600-615",1.15280888080604,"0.000013425090785592476",0.3,0.7,0.84,1.34250907855925e-05,NA,NA,"Morocco",NA,8,1,"AF",0.168,NA,NA,"Algeria (Regency of Algiers)",NA,2,5,"AS",0.176666666666667,NA,22984.6062289228
"615","65","615-65",0.91315537645011,"0.000006868051819592706",0,1,0,6.86805181959271e-06,NA,NA,"Guadeloupe",NA,7,5,"LA",0,NA,NA,"Algeria (Regency of Algiers)",NA,2,5,"AS",0.176666666666667,NA,11758.5399722277
"615","66","615-66",0.555784284307195,"0.000007519647037335518",0,1,0,7.51964703733552e-06,NA,NA,"Martinique",NA,7,3,"LA",0,NA,NA,"Algeria (Regency of Algiers)",NA,2,5,"AS",0.176666666666667,NA,12874.1122793097
"616","220","220-616",2.15121447415331,"0.0006190620357868765|0.000827297434860884",0,1,0,0.000827297434860884,NA,NA,"France",NA,2,1,"AF",0.095,NA,NA,"Tunisia (Regency of Tunis)",NA,3,13,"WE",0,1416385.63777028,1059873.43780996
"616","325","325-616",2.08193391084104,"0.00016236116781759267|0.00021751707377960867",1,0,0,0.000217517073779609,NA,NA,"Italy",NA,3,4,"WE",0,NA,NA,"Tunisia (Regency of Tunis)",NA,3,13,"WE",0,277972.608808003,372403.015274747
"616","338","338-616",5.43124403811982,"0.0000034350363945203622|0.000042704514247578456",1,0,0,4.27045142475785e-05,NA,NA,"Malta",NA,3,1,"AF",0,NA,NA,"Tunisia (Regency of Tunis)",NA,3,13,"WE",0,5881,73112.8347550089
"616","615","615-616",2.6506332585458,"0.00009838105227377556|0.00011063369806162711",0,1,0,0.000110633698061627,NA,NA,"Algeria (Regency of Algiers)",NA,2,5,"AS",0.176666666666667,NA,NA,"Tunisia (Regency of Tunis)",NA,3,13,"WE",0,189411.902400317,168434.596310256
"630","365","365-630",3.00673473071553,"0.0011117204239140253",1,0,0,0.00111172042391403,NA,NA,"Russia (USSR)",NA,3,2,"EESU",0,NA,NA,"Iran (Persia)",NA,3,5,"AS",0,1903335.82010018,NA
"640","200","200-640",0.626352235620436,"0.003095450250238883",0,1,0,0.00309545025023888,NA,NA,"United Kingdom",NA,8,1,"WE",0.20989010989011,NA,NA,"Turkey (Ottoman Empire)",NA,3,5,"AS",0,5299607,NA
"640","220","220-640",0.117125766342574,"0.0011401410026654199",0,1,0,0.00114014100266542,NA,NA,"France",NA,2,1,"AF",0.095,NA,NA,"Turkey (Ottoman Empire)",NA,3,5,"AS",0,1951993.65205316,NA
"640","300","300-640",1.16504448037371,"0.0014737892435825195",1,0,0,0.00147378924358252,NA,NA,"Austria-Hungary (Austrian Empire)",NA,3,4,"WE",0,NA,NA,"Turkey (Ottoman Empire)",NA,3,5,"AS",0,2523220.58518365,NA
"640","325","325-640",0.978175187510253,"0.0008593929702132525",1,0,0,0.000859392970213252,NA,NA,"Italy",NA,3,4,"WE",0,NA,NA,"Turkey (Ottoman Empire)",NA,3,5,"AS",0,1471335.22832146,NA
"640","338","338-640",3.30782186478664,"0.0000033666978027572464",1,0,0,3.36669780275725e-06,NA,NA,"Malta",NA,3,1,"AF",0,NA,NA,"Turkey (Ottoman Empire)",NA,3,5,"AS",0,5764,NA
"640","342","342-640",1.11244453713855,"0.000049966424532238264",1,0,0,4.99664245322383e-05,NA,NA,"Kingdom of Serbia",NA,3,4,"WE",0,NA,NA,"Turkey (Ottoman Empire)",NA,3,5,"AS",0,85545.685379885,NA
"640","350","350-640",1.95734527650756,"0.0001609704366837555",1,0,0,0.000160970436683756,NA,NA,"Greece",NA,3,NA,"AS",0,NA,NA,"Turkey (Ottoman Empire)",NA,3,5,"AS",0,275591.588970442,NA
"640","352","352-640",2.92235961126354,"0.000030022837224067527",1,0,0,3.00228372240675e-05,NA,NA,"Cyprus",NA,3,1,"WE",0,NA,NA,"Turkey (Ottoman Empire)",NA,3,5,"AS",0,51401,NA
"640","355","355-640",3.64681924079597,"0.0004912728307163627",1,0,0,0.000491272830716363,NA,NA,"Bulgaria",NA,3,4,"WE",0,NA,NA,"Turkey (Ottoman Empire)",NA,3,5,"AS",0,841090.220194406,NA
"640","360","360-640",2.13712606774921,"0.00031739647503607906",1,0,0,0.000317396475036079,NA,NA,"Romania",NA,3,4,"WE",0,NA,NA,"Turkey (Ottoman Empire)",NA,3,5,"AS",0,543402.88,NA
"640","365","365-640",0.690746262868389,"0.0007894390287330513",1,0,0,0.000789439028733051,NA,NA,"Russia (USSR)",NA,3,2,"EESU",0,NA,NA,"Turkey (Ottoman Empire)",NA,3,5,"AS",0,1351569.64723436,NA
"65","2","2-65",0.345650559320275,"0.00007333840668185286",1,0,0,7.33384066818529e-05,NA,NA,"United States of America",NA,7,5,"NAM",0.1216,NA,NA,"Guadeloupe",NA,7,5,"LA",0,125560,NA
"65","52","52-65",2.58935365992869,"0.000005038948984105962",1,0,0,5.03894898410596e-06,NA,NA,"Trinidad and Tobago",NA,7,1,"AS",0,NA,NA,"Guadeloupe",NA,7,5,"LA",0,8627,NA
"651","200","200-651",0.910007561870127,"0.0048826883062962605|0.0029564828477527958",0,1,0,0.00488268830629626,NA,NA,"United Kingdom",NA,8,1,"WE",0.20989010989011,NA,NA,"Egypt Arab Republic (Egypt)",NA,3,5,"AS",0,5061686,8359471.816699
"651","211","211-651",0.308861646586263,"0.00047344437257944007|0.000035167597550075214",0,1,0,0.00047344437257944,NA,NA,"Belgium",NA,4,3,"WE",0,NA,NA,"Egypt Arab Republic (Egypt)",NA,3,5,"AS",0,810566.770000254,60209.1557230417
"651","220","220-651",0.364692740478735,"0.0005214059463408933|0.0008050286109695007",0,1,0,0.000805028610969501,NA,NA,"France",NA,2,1,"AF",0.095,NA,NA,"Egypt Arab Republic (Egypt)",NA,3,5,"AS",0,892680.023804801,1378260
"651","225","225-651",0.848585616140515,"0.000054612118878290246|0.0003109279246748892",1,0,0,0.000310927924674889,NA,NA,"Switzerland",NA,3,13,"WE",0,NA,NA,"Egypt Arab Republic (Egypt)",NA,3,5,"AS",0,93499.4085173502,532328.311842631
"651","230","230-651",0.721839662961011,"0.0000016239683435057628|0.00020030877685178606",0,1,0,0.000200308776851786,NA,NA,"Spain",NA,0,1,"ME",0.108,NA,NA,"Egypt Arab Republic (Egypt)",NA,3,5,"AS",0,2780.33672172808,342941.320372776
"651","300","300-651",0.48334854826985,"0.00034362369537250707|0.0005010403453395249",1,0,0,0.000501040345339525,NA,NA,"Austria-Hungary (Austrian Empire)",NA,3,4,"WE",0,NA,NA,"Egypt Arab Republic (Egypt)",NA,3,5,"AS",0,857812.824237394,588305.54334429
"651","325","325-651",0.889083770433585,"0.0005976745299782007|0.0002643928909826849",1,0,0,0.000597674529978201,NA,NA,"Italy",NA,3,4,"WE",0,NA,NA,"Egypt Arab Republic (Egypt)",NA,3,5,"AS",0,1023256.67245007,452657.385042432
"651","338","338-651",1.24149155423233,"3.241702429788813e-7|0.000002052494115005025",1,0,0,2.05249411500503e-06,NA,NA,"Malta",NA,3,1,"AF",0,NA,NA,"Egypt Arab Republic (Egypt)",NA,3,5,"AS",0,555,3514
"651","350","350-651",1.52388717966257,"0.00007933457969949266|0.000002131171723211099",1,0,0,7.93345796994927e-05,NA,NA,"Greece",NA,3,NA,"AS",0,NA,NA,"Egypt Arab Republic (Egypt)",NA,3,5,"AS",0,135825.828208689,3648.70105137693
"651","352","352-651",3.36321186000496,"0.000035471233668224296",1,0,0,3.54712336682243e-05,NA,NA,"Cyprus",NA,3,1,"WE",0,NA,NA,"Egypt Arab Republic (Egypt)",NA,3,5,"AS",0,60729,NA
"651","365","365-651",1.17310988803423,"0.0007450080198548005|0.0003478518364291733",1,0,0,0.0007450080198548,NA,NA,"Russia (USSR)",NA,3,2,"EESU",0,NA,NA,"Egypt Arab Republic (Egypt)",NA,3,5,"AS",0,595544.388788234,1275500.94425648
"651","640","640-651",0.831362386583033,"0.00020167495822378048",1,0,0,0.00020167495822378,NA,NA,"Turkey (Ottoman Empire)",NA,3,5,"AS",0,NA,NA,"Egypt Arab Republic (Egypt)",NA,3,5,"AS",0,NA,345280.309462242
"66","2","2-66",0.306164788116649,"1.1447757221884502e-8|0.00011034463025737175",1,0,0,0.000110344630257372,NA,NA,"United States of America",NA,7,5,"NAM",0.1216,NA,NA,"Martinique",NA,7,3,"LA",0,188917,19.599285855981
"66","52","52-66",2.54993378535085,"0.000007582079142538483|5.256814751008886e-9",1,0,0,7.58207914253848e-06,NA,NA,"Trinidad and Tobago",NA,7,1,"AS",0,NA,NA,"Martinique",NA,7,3,"LA",0,12981,9
"6802","681","6802-681",6.81036507882645,"0.0000042370976567576596",1,0,0,4.23709765675766e-06,NA,NA,"Aden",NA,9,5,"AS",0.0189473684210526,NA,NA,"Perim I.",NA,9,1,"ME",0,7254.1797109172,NA
"681","2","2-681",0.963267694387802,"0.00011918087661201049|0.00018631215624922382",0,1,0,0.000186312156249224,NA,NA,"United States of America",NA,7,5,"NAM",0.1216,NA,NA,"Aden",NA,9,5,"AS",0.0189473684210526,204045.213748922,318978.218876973
"681","200","200-681",0.324515559029378,"0.0001296166972250982|0.00009400885107344413",0,1,0,0.000129616697225098,NA,NA,"United Kingdom",NA,8,1,"WE",0.20989010989011,NA,NA,"Aden",NA,9,5,"AS",0.0189473684210526,221912,160949.110770665
"681","220","220-681",0.4086009578696,"0.00011383559842630417",0,1,0,0.000113835598426304,NA,NA,"France",NA,2,1,"AF",0.095,NA,NA,"Aden",NA,9,5,"AS",0.0189473684210526,NA,194893.758742423
"681","511","511-681",4.54952462133096,"0.000007971498493447134",1,0,0,7.97149849344713e-06,NA,NA,"Zanzibar",NA,9,1,"ME",0.055,NA,NA,"Aden",NA,9,5,"AS",0.0189473684210526,NA,13647.7106078838
"681","521","521-681",6.81036507882645,"0.000015426861881871693",1,0,0,1.54268618818717e-05,NA,NA,"Somaliland Republic (British Somaliland)",NA,9,1,"ME",0,NA,NA,"Aden",NA,9,5,"AS",0.0189473684210526,NA,26411.765206335
"681","522","522-681",6.74684784684132,"0.0000049460104597944835|0.00019323698737769643",1,0,0,0.000193236987377696,NA,NA,"Djibouti (Afar and Issas) (French Somaliland)",NA,9,1,"ME",0,NA,NA,"Aden",NA,9,5,"AS",0.0189473684210526,8467.88335647689,330833.968624345
"681","530","530-681",6.12532903143886,"0.0000730771443465349",1,0,0,7.30771443465349e-05,NA,NA,"Ethiopia (Abyssinia)",NA,9,1,"ME",0.18,NA,NA,"Aden",NA,9,5,"AS",0.0189473684210526,NA,125112.702324652
"681","531","531-681",6.3616919416833,"0.00006408795494005494",1,0,0,6.40879549400549e-05,NA,NA,"Eritrea",NA,9,1,"ME",0,NA,NA,"Aden",NA,9,5,"AS",0.0189473684210526,NA,109722.640378339
"681","585","585-681",1.23181807977337,"0.0000014320391760854303",0,1,0,1.43203917608543e-06,NA,NA,"Reunion (Bourbon I.)",NA,2,1,"ME",0.25,NA,NA,"Aden",NA,9,5,"AS",0.0189473684210526,NA,2451.74182375275
"681","625","625-681",6.81036507882645,"7.74027271236622e-7",1,0,0,7.74027271236622e-07,NA,NA,"Sudan (Anglo-Egyptian Sudan) (Mahdist State)",NA,9,1,"ME",0,NA,NA,"Aden",NA,9,5,"AS",0.0189473684210526,NA,1325.18374169313
"681","630","630-681",0.322638314144768,"0.000002280182352532463",0,1,0,2.28018235253246e-06,NA,NA,"Iran (Persia)",NA,3,5,"AS",0,NA,NA,"Aden",NA,9,5,"AS",0.0189473684210526,NA,3903.81669220009
"681","640","640-681",2.74263837460111,"0.00018454669565010393",0,1,0,0.000184546695650104,NA,NA,"Turkey (Ottoman Empire)",NA,3,5,"AS",0,NA,NA,"Aden",NA,9,5,"AS",0.0189473684210526,NA,315955.63844668
"681","651","651-681",0.702342206324452,"0.000018238191387031898",0,1,0,1.82381913870319e-05,NA,NA,"Egypt Arab Republic (Egypt)",NA,3,5,"AS",0,NA,NA,"Aden",NA,9,5,"AS",0.0189473684210526,NA,31224.9394848439
"681","670","670-681",6.81036507882645,"0.000018717119300775365",1,0,0,1.87171193007754e-05,NA,NA,"Saudi Arabia (Emirate of Nejd) (Emirate of Diriyah)",NA,9,1,"ME",0,NA,NA,"Aden",NA,9,5,"AS",0.0189473684210526,NA,32044.8944248318
"698","200","200-698",1.87429281306793,"0.000014452151931579207",1,0,0,1.44521519315792e-05,NA,NA,"United Kingdom",NA,8,1,"WE",0.20989010989011,NA,NA,"Oman (Sultanate of Muscat and Oman)",NA,8,1,"WE",0,24743,NA
"70","2","2-70",2.49998820054763,"0.0029123606193890584|0.006127201661170767",0.15,0.85,0.51,0.00612720166117077,NA,NA,"United States of America",NA,7,5,"NAM",0.1216,NA,NA,"Mexico",NA,0,1,"AS",0.315,4986145.94883167,10490157.5502453
"70","40","40-70",2.23969037866145,"0.00035995115980536985",1,0,0,0.00035995115980537,NA,NA,"Cuba",NA,0,5,"LA",0.306,NA,NA,"Mexico",NA,0,1,"AS",0.315,NA,616259.197192862
"700","365","365-700",3.30505288848991,"0.00006111916311854253",1,0,0,6.11191631185425e-05,NA,NA,"Russia (USSR)",NA,3,2,"EESU",0,NA,NA,"Afghanistan",NA,3,2,"AS",0,104639.880635191,NA
"710","2","2-710",0.888014960013169,"0.0017315020815056698|0.001906560202428089",0,1,0,0.00190656020242809,NA,NA,"United States of America",NA,7,5,"NAM",0.1216,NA,NA,"People's Republic of China (China)",NA,6,5,"AS",0,2964441.29604534,3264151.89322767
"710","200","200-710",0.603791320572544,"0.0041122659979875575|0.0012275563168994753",0,1,0,0.00411226599798756,NA,NA,"United Kingdom",NA,8,1,"WE",0.20989010989011,NA,NA,"People's Republic of China (China)",NA,6,5,"AS",0,7040460,2101654.20989487
"710","365","365-710",1.36515174982,"0.00046846743306154417|0.0013478840371932714",0,1,0,0.00134788403719327,NA,NA,"Russia (USSR)",NA,3,2,"EESU",0,NA,NA,"People's Republic of China (China)",NA,6,5,"AS",0,802045.934136204,2307662.89270728
"710","590","590-710",1.01026327921095,"0.00002080249275512094",0,1,0,2.08024927551209e-05,NA,NA,"Mauritius",NA,2,1,"AF",0.151052631578947,NA,NA,"People's Republic of China (China)",NA,6,5,"AS",0,NA,35615.1859374837
"710","681","681-710",0.49040164125845,"0.00001212513526846594",0,1,0,1.21251352684659e-05,NA,NA,"Aden",NA,9,5,"AS",0.0189473684210526,NA,NA,"People's Republic of China (China)",NA,6,5,"AS",0,NA,20759
"7120","255","255-7120",2.11361514534965,"0.000004026206059965619",1,0,0,4.02620605996562e-06,NA,NA,"Germany (Zollverein)",NA,1,13,"WE",0,NA,NA,"Kiauchau",NA,1,13,"WE",0,6893.11993212928,NA
"713","710","710-713",3.97946508297417,"0.000520287916266159",1,0,0,0.000520287916266159,NA,NA,"People's Republic of China (China)",NA,6,5,"AS",0,NA,NA,"Republic of China (Taiwan) (Formosa)",NA,6,10,"WE",0,NA,890765.885462627
"720","710","710-720",3.51385488591413,"0.006316502896217119",1,0,0,0.00631650289621712,NA,NA,"People's Republic of China (China)",NA,6,5,"AS",0,NA,NA,"Hong Kong",NA,6,5,"AS",0,10814253.2614534,NA
"720","713","713-720",2.50005538922869,"0.00012512180307312141",1,0,0,0.000125121803073121,NA,NA,"Republic of China (Taiwan) (Formosa)",NA,6,10,"WE",0,NA,NA,"Hong Kong",NA,6,5,"AS",0,214216.456351629,NA
"721","710","710-721",4.40875815482518,"0.0005120760423974848",1,0,0,0.000512076042397485,NA,NA,"People's Republic of China (China)",NA,6,5,"AS",0,NA,NA,"Macao",NA,6,5,"AS",0,876706.636978765,NA
"730","710","710-730",2.32108195691652,"0.0000641288207345108",1,0,0,6.41288207345108e-05,NA,NA,"People's Republic of China (China)",NA,6,5,"AS",0,NA,NA,"Korea (Chosen)",NA,6,5,"AS",0,109792.605208283,NA
"740","2","2-740",1.54611787625143,"0.0020579014917963432|0.0038258901471334666",0,1,0,0.00382589014713347,NA,NA,"United States of America",NA,7,5,"NAM",0.1216,NA,NA,"Japan",NA,6,5,"AS",0.0714285714285714,3523257.77175475,6550166.39450588
"740","200","200-740",0.96655493796114,"0.0006746123588322878|0.004619664271384437",0,1,0,0.00461966427138444,NA,NA,"United Kingdom",NA,8,1,"WE",0.20989010989011,NA,NA,"Japan",NA,6,5,"AS",0.0714285714285714,7909158,1154979.11131933
"740","21","21-740",0.524139074627586,"0.000016160616725657096",0,1,0,1.61606167256571e-05,NA,NA,"Newfoundland and Labrador (Newfoundland)",NA,7,5,"AS",0,NA,NA,"Japan",NA,6,5,"AS",0.0714285714285714,NA,27668
"740","220","220-740",0.702303777614427,"0.0017506297114916144|0.00018770614068272157",0,1,0,0.00175062971149161,NA,NA,"France",NA,2,1,"AF",0.095,NA,NA,"Japan",NA,6,5,"AS",0.0714285714285714,321364.808569728,2997189.01077895
"740","30","30-740",0.305465979950146,"0.00000476442643599772",0,1,0,4.76442643599772e-06,NA,NA,"Bermuda",NA,7,1,"AS",0,NA,NA,"Japan",NA,6,5,"AS",0.0714285714285714,NA,8157
"740","4","4-740",1.67751228102696,"0.00008092100555030537",0.5,0.5,1,8.09210055503054e-05,NA,NA,"Hawaii (Sandwich Is.)",NA,7,NA,"AS",1,NA,NA,"Japan",NA,6,5,"AS",0.0714285714285714,NA,138541.889803702
"740","710","710-740",2.56607166775191,"0.002409586183869862",1,0,0,0.00240958618386986,NA,NA,"People's Republic of China (China)",NA,6,5,"AS",0,NA,NA,"Japan",NA,6,5,"AS",0.0714285714285714,NA,4125364.25231015
"740","720","720-740",2.35136378896538,"0.0020525074329450312",1,0,0,0.00205250743294503,NA,NA,"Hong Kong",NA,6,5,"AS",0,NA,NA,"Japan",NA,6,5,"AS",0.0714285714285714,NA,3514022.8011573
"740","730","730-740",4.15905480702018,"0.00041874171560646664",1,0,0,0.000418741715606467,NA,NA,"Korea (Chosen)",NA,6,5,"AS",0,NA,NA,"Japan",NA,6,5,"AS",0.0714285714285714,NA,716912.354527029
"750","110","110-750",0.547205432566132,"0.00004355569252473204",0,1,0,4.3555692524732e-05,NA,NA,"Guyana (British Guiana)",NA,7,1,"AS",0.0211764705882353,NA,NA,"India",NA,2,1,"AS",0.13448275862069,NA,74570.1059082129
"750","130","130-750",0.850947205014735,"0.00005517260717394982",0,1,0,5.51726071739498e-05,NA,NA,"Ecuador",NA,5,1,"AS",0,NA,NA,"India",NA,2,1,"AS",0.13448275862069,NA,94459
"750","135","135-750",0.225530237979544,"0.00006330197914112111",0,1,0,6.33019791411211e-05,NA,NA,"Peru",NA,5,1,"AS",0,NA,NA,"India",NA,2,1,"AS",0.13448275862069,NA,108377
"750","145","145-750",0.459310318599114,"0.000013823086433041811",0,1,0,1.38230864330418e-05,NA,NA,"Bolivia",NA,5,1,"AS",0,NA,NA,"India",NA,2,1,"AS",0.13448275862069,NA,23666
"750","150","150-750",0.867108514908557,"0.0000048000559581990025",0,1,0,4.800055958199e-06,NA,NA,"Paraguay",NA,4,1,"AS",0,NA,NA,"India",NA,2,1,"AS",0.13448275862069,NA,8218
"750","155","155-750",0.548001683937726,"0.00024859301730362655",0,1,0,0.000248593017303627,NA,NA,"Chile",NA,5,1,"AS",0,NA,NA,"India",NA,2,1,"AS",0.13448275862069,NA,425607
"750","165","165-750",0.277938654804833,"0.0001231741787024729",0,1,0,0.000123174178702473,NA,NA,"Uruguay",NA,4,1,"AS",0,NA,NA,"India",NA,2,1,"AS",0.13448275862069,NA,210882
"750","2","2-750",0.125115671385756,"0.002962618310900347",0,1,0,0.00296261831090035,NA,NA,"United States of America",NA,7,5,"NAM",0.1216,NA,NA,"India",NA,2,1,"AS",0.13448275862069,NA,5072190.30173849
"750","200","200-750",1.59031309657789,"0.0120155771517614|0.018291619616696855",0.2,0.8,0.64,0.0182916196166969,NA,NA,"United Kingdom",NA,8,1,"WE",0.20989010989011,NA,NA,"India",NA,2,1,"AS",0.13448275862069,31316412,20571429.5610471
"750","325","325-750",0.0077403422951607,"0.0010555363593090007",0,1,0,0.001055536359309,NA,NA,"Italy",NA,3,4,"WE",0,NA,NA,"India",NA,2,1,"AS",0.13448275862069,NA,1807145.14087791
"750","511","511-750",1.62679102958674,"0.00007587102321078336",0.1,0.9,0.36,7.58710232107834e-05,NA,NA,"Zanzibar",NA,9,1,"ME",0.055,NA,NA,"India",NA,2,1,"AS",0.13448275862069,129896,NA
"750","530","530-750",2.38251907368092,"0.00006364131807465991",0.1,0.9,0.36,6.36413180746599e-05,NA,NA,"Ethiopia (Abyssinia)",NA,9,1,"ME",0.18,NA,NA,"India",NA,2,1,"AS",0.13448275862069,NA,108957.969759542
"750","541","541-750",0.366585345807679,"0.00005613836341512732",0,1,0,5.61383634151273e-05,NA,NA,"Mozambique (Portuguese East Africa)",NA,4,5,"NAM",0,NA,NA,"India",NA,2,1,"AS",0.13448275862069,NA,96112.4358888963
"750","562","562-750",1.21878875083584,"0.00013906645732219276|0.00007701058383069651",0.9,0.1,0.36,0.000139066457322193,NA,NA,"Natal",NA,2,1,"AS",0.2,NA,NA,"India",NA,2,1,"AS",0.13448275862069,131847,238090.588156931
"750","580","580-750",0.192217614415729,"0.0000022143539922320785",0.9,0.1,0.36,2.21435399223208e-06,NA,NA,"Madagascar (Malagasy Republic)",NA,2,1,"WE",0.306666666666667,NA,NA,"India",NA,2,1,"AS",0.13448275862069,NA,3791.11436754812
"750","585","585-750",0.919386946985603,"0.00003852184605556801",0.9,0.1,0.36,3.8521846055568e-05,NA,NA,"Reunion (Bourbon I.)",NA,2,1,"ME",0.25,NA,NA,"India",NA,2,1,"AS",0.13448275862069,NA,65951.8417371611
"750","590","590-750",2.98029151569937,"0.000378293488236941|0.00045608884097439353",0.9,0.1,0.36,0.000456088840974394,NA,NA,"Mauritius",NA,2,1,"AF",0.151052631578947,NA,NA,"India",NA,2,1,"AS",0.13448275862069,780853,647662.425897555
"750","630","630-750",0.852272567267502,"0.00014237250386172316",0,1,0,0.000142372503861723,NA,NA,"Iran (Persia)",NA,3,5,"AS",0,NA,NA,"India",NA,2,1,"AS",0.13448275862069,NA,243750.749350563
"750","651","651-750",1.83901563608482,"0.002089642902850356",0,1,0,0.00208964290285036,NA,NA,"Egypt Arab Republic (Egypt)",NA,3,5,"AS",0,NA,NA,"India",NA,2,1,"AS",0.13448275862069,NA,3577601.07906481
"750","681","681-750",2.63243267443329,"0.0003441176756589587|0.00004008752614041929",0.1,0.9,0.36,0.000344117675658959,NA,NA,"Aden",NA,9,5,"AS",0.0189473684210526,NA,NA,"India",NA,2,1,"AS",0.13448275862069,68632.3852661027,589151.268900286
"750","710","710-750",1.38803438987829,"0.00015222948274400133|0.002379052347893408",0,1,0,0.00237905234789341,NA,NA,"People's Republic of China (China)",NA,6,5,"AS",0,NA,NA,"India",NA,2,1,"AS",0.13448275862069,260626.52187488,4073088.39006195
"750","720","720-750",1.59622989611061,"0.0030932204938498497",0,1,0,0.00309322049384985,NA,NA,"Hong Kong",NA,6,5,"AS",0,NA,NA,"India",NA,2,1,"AS",0.13448275862069,NA,5295789.51575301
"750","740","740-750",1.67006975264627,"0.0024653204529727123|0.00036284415488875056",0,1,0,0.00246532045297271,NA,NA,"Japan",NA,6,5,"AS",0.0714285714285714,NA,NA,"India",NA,2,1,"AS",0.13448275862069,621212.188116772,4220784.85312729
"751","200","200-751",1.09403103593709,"0.0000673357083267286|0.000015395843047577746",0.1,0.9,0.36,6.73357083267286e-05,NA,NA,"United Kingdom",NA,8,1,"WE",0.20989010989011,NA,NA,"French India",NA,2,3,"WE",0.41,115283,26358.6589962309
"751","220","220-751",2.43139395496922,"0.00007183815260696752|0.00006130352782551042",1,0,0,7.18381526069675e-05,NA,NA,"France",NA,2,1,"AF",0.095,NA,NA,"French India",NA,2,3,"WE",0.41,122991.469946439,104955.524697481
"751","590","590-751",1.63270231810174,"7.166790777208782e-7",0.8,0.2,0.64,7.16679077720878e-07,NA,NA,"Mauritius",NA,2,1,"AF",0.151052631578947,NA,NA,"French India",NA,2,3,"WE",0.41,1227,NA
"751","615","615-751",0.0907631439643836,"0.0000012113998153320088",0.8,0.2,0.64,1.21139981533201e-06,NA,NA,"Algeria (Regency of Algiers)",NA,2,5,"AS",0.176666666666667,NA,NA,"French India",NA,2,3,"WE",0.41,2073.99325530649,NA
"752","200","200-752",0.933676365170259,"0.0000013142036877522216",0,1,0,1.31420368775222e-06,NA,NA,"United Kingdom",NA,8,1,"WE",0.20989010989011,NA,NA,"Portuguese India",NA,4,3,"WE",0,2250,NA
"752","235","235-752",5.47792412743127,"0.00000205220791064553",1,0,0,2.05220791064553e-06,NA,NA,"Portugal",NA,4,1,"ME",0,NA,NA,"Portuguese India",NA,4,3,"WE",0,3513.50999999858,NA
"780","2","2-780",0.750789473930232,"0.0005317375286259228",0,1,0,0.000531737528625923,NA,NA,"United States of America",NA,7,5,"NAM",0.1216,NA,NA,"Sri Lanka (Ceylon)",NA,2,1,"AS",0.189090909090909,NA,910368.347432225
"780","200","200-780",0.926051362538566,"0.002370056272186826|0.0008092305582271406",0.25,0.75,0.75,0.00237005627218683,NA,NA,"United Kingdom",NA,8,1,"WE",0.20989010989011,NA,NA,"Sri Lanka (Ceylon)",NA,2,1,"AS",0.189090909090909,1385454,4057686.53833344
"780","511","511-780",1.31503373451942,"0.0000011080329204225456",0.05,0.95,0.19,1.10803292042255e-06,NA,NA,"Zanzibar",NA,9,1,"ME",0.055,NA,NA,"Sri Lanka (Ceylon)",NA,2,1,"AS",0.189090909090909,NA,1897.02258043029
"780","590","590-780",1.41214449103957,"0.000009935379879406795|0.0000016855094877621467",0.95,0.05,0.19,9.9353798794068e-06,NA,NA,"Mauritius",NA,2,1,"AF",0.151052631578947,NA,NA,"Sri Lanka (Ceylon)",NA,2,1,"AS",0.189090909090909,17010,2885.69906081396
"780","750","750-780",2.75944871368931,"0.0016251905955057915|0.00016899139964321268",0.95,0.05,0.19,0.00162519059550579,NA,NA,"India",NA,2,1,"AS",0.13448275862069,NA,NA,"Sri Lanka (Ceylon)",NA,2,1,"AS",0.189090909090909,2782429.29461134,289323.985878905
"781","750","750-781",2.911538691534,"0.00000531735194286905",0.95,0.05,0.19,5.31735194286905e-06,NA,NA,"India",NA,2,1,"AS",0.13448275862069,NA,NA,"Maldive Islands",NA,2,1,"AS",0.0950000000000001,9103.6435089589,NA
"781","780","780-781",4.18237091041078,"0.0000018193060191291808",1,0,0,1.81930601912918e-06,NA,NA,"Sri Lanka (Ceylon)",NA,2,1,"AS",0.189090909090909,NA,NA,"Maldive Islands",NA,2,1,"AS",0.0950000000000001,3114.76720175848,NA
"80","2","2-80",1.48845284219782,"0.000029548555715420948|0.00005892511815416979",0.7,0.3,0.84,5.89251181541698e-05,NA,NA,"United States of America",NA,7,5,"NAM",0.1216,NA,NA,"Belize (British Honduras)",NA,0,5,"AS",0.336,100883.536610406,50589
"800","710","710-800",1.85097225067906,"0.00007943645142712858",1,0,0,7.94364514271286e-05,NA,NA,"People's Republic of China (China)",NA,6,5,"AS",0,NA,NA,"Thailand (Siam)",NA,6,5,"AS",0,136000.239062438,NA
"810","220","220-810",2.27882310409124,"0.0010683028500584526",0.8,0.2,0.64,0.00106830285005845,NA,NA,"France",NA,2,1,"AF",0.095,NA,NA,"French Indochina",NA,2,3,"WE",0.32,1829002.18210672,NA
"810","615","615-810",2.27271907305369,"0.00008499829965102599",1,0,0,8.4998299651026e-05,NA,NA,"Algeria (Regency of Algiers)",NA,2,5,"AS",0.176666666666667,NA,NA,"French Indochina",NA,2,3,"WE",0.32,145522.475699266,NA
"8151","750","750-8151",3.20006100193771,"0.000060300100827262143",1,0,0,6.03001008272621e-05,NA,NA,"India",NA,2,1,"AS",0.13448275862069,NA,NA,"Cochin China",NA,2,3,"WE",0,103237.594085126,NA
"8152","220","220-8152",0.452107757929909,"0.00001685452832306103",0,1,0,1.6854528323061e-05,NA,NA,"France",NA,2,1,"AF",0.095,NA,NA,"Annam",NA,6,1,"AS",0,NA,28856.0206308272
"8152","710","710-8152",2.33209014253069,"0.000023577982339330632",1,0,0,2.35779823393306e-05,NA,NA,"People's Republic of China (China)",NA,6,5,"AS",0,NA,NA,"Annam",NA,6,1,"AS",0,NA,40367
"8152","720","720-8152",3.33699610052121,"0.00006800180986897454",1,0,0,6.80018098689745e-05,NA,NA,"Hong Kong",NA,6,5,"AS",0,NA,NA,"Annam",NA,6,1,"AS",0,NA,116423.408053958
"8152","740","740-8152",2.73283001405119,"0.000027512416135196838",1,0,0,2.75124161351968e-05,NA,NA,"Japan",NA,6,5,"AS",0.0714285714285714,NA,NA,"Annam",NA,6,1,"AS",0,NA,47103
"8152","800","800-8152",2.10820830926777,"0.0000013200445930311204",1,0,0,1.32004459303112e-06,NA,NA,"Thailand (Siam)",NA,6,5,"AS",0,NA,NA,"Annam",NA,6,1,"AS",0,NA,2260
"8152","827","8152-827",3.41551158740661,"0.000018990322947261404",1,0,0,1.89903229472614e-05,NA,NA,"Straits Settlements",NA,6,1,"AS",0,NA,NA,"Annam",NA,6,1,"AS",0,NA,32512.6363816703
"8153","710","710-8153",1.15475545303148,"0.000021020249917700865",1,0,0,2.10202499177009e-05,NA,NA,"People's Republic of China (China)",NA,6,5,"AS",0,NA,NA,"Tonkin",NA,6,5,"AS",0,NA,35988
"8153","720","720-8153",3.98228666107249,"0.0003751524589889821",1,0,0,0.000375152458988982,NA,NA,"Hong Kong",NA,6,5,"AS",0,NA,NA,"Tonkin",NA,6,5,"AS",0,NA,642284.784764928
"8153","740","740-8153",1.55551245216623,"0.000024528297628207463",1,0,0,2.45282976282075e-05,NA,NA,"Japan",NA,6,5,"AS",0.0714285714285714,NA,NA,"Tonkin",NA,6,5,"AS",0,NA,41994
"8153","800","800-8153",0.930955071823302,"0.0000011769424136981005",1,0,0,1.1769424136981e-06,NA,NA,"Thailand (Siam)",NA,6,5,"AS",0,NA,NA,"Tonkin",NA,6,5,"AS",0,NA,2015
"8153","827","8153-827",0.355519241373372,"0.000002576533277242928",1,0,0,2.57653327724293e-06,NA,NA,"Straits Settlements",NA,6,1,"AS",0,NA,NA,"Tonkin",NA,6,5,"AS",0,NA,4411.18825629835
"8221","827","8221-827",4.32355786447454,"0.00022069159687685506",1,0,0,0.000220691596876855,NA,NA,"Straits Settlements",NA,6,1,"AS",0,NA,NA,"Johore",NA,6,1,"AS",0,377838,NA
"827","115","115-827",4.0960173475954,"0.0011912835884293808",1,0,0,0.00119128358842938,NA,NA,"Surinam (Dutch Guiana)",NA,6,1,"AS",0,NA,NA,"Straits Settlements",NA,6,1,"AS",0,NA,2039553
"827","2","2-827",0.689247451354037,"0.0017031086839371377",0,1,0,0.00170310868393714,NA,NA,"United States of America",NA,7,5,"NAM",0.1216,NA,NA,"Straits Settlements",NA,6,1,"AS",0,NA,2915830
"827","200","200-827",0.912185116501761,"0.0026698293234708095|0.0015258669973394828",0,1,0,0.00266982932347081,NA,NA,"United Kingdom",NA,8,1,"WE",0.20989010989011,NA,NA,"Straits Settlements",NA,6,1,"AS",0,2612381,4570917
"827","68","68-827",4.24934653683402,"0.0013177502854375689",1,0,0,0.00131775028543757,NA,NA,"Netherlands Antilles",NA,6,1,"AS",0,NA,NA,"Straits Settlements",NA,6,1,"AS",0,NA,2256072
"827","681","681-827",0.0191471410457463,"0.000004487105365558056",0,1,0,4.48710536555806e-06,NA,NA,"Aden",NA,9,5,"AS",0.0189473684210526,NA,NA,"Straits Settlements",NA,6,1,"AS",0,7682.20875241457,NA
"827","710","710-827",1.39626122532859,"0.00036099014167600334|0.0001962142270751686",1,0,0,0.000360990141676003,NA,NA,"People's Republic of China (China)",NA,6,5,"AS",0,NA,NA,"Straits Settlements",NA,6,1,"AS",0,335931.191666513,618038
"827","720","720-827",1.47644345164564,"0.000897337109816161",1,0,0,0.000897337109816161,NA,NA,"Hong Kong",NA,6,5,"AS",0,NA,NA,"Straits Settlements",NA,6,1,"AS",0,NA,1536298
"827","750","750-827",2.58060428281232,"0.002137136586392372|0.0006486161766869267",0,1,0,0.00213713658639237,NA,NA,"India",NA,2,1,"AS",0.13448275862069,NA,NA,"Straits Settlements",NA,6,1,"AS",0,3658913.27516153,1110472
"827","780","780-827",0.348833062768193,"0.00003069278905955721|0.000022023243651606373",0,1,0,3.06927890595572e-05,NA,NA,"Sri Lanka (Ceylon)",NA,2,1,"AS",0.189090909090909,NA,NA,"Straits Settlements",NA,6,1,"AS",0,37705.1888363418,52548
"827","800","800-827",4.02612349819062,"0.0007620640799189773",1,0,0,0.000762064079918977,NA,NA,"Thailand (Siam)",NA,6,5,"AS",0,NA,NA,"Straits Settlements",NA,6,1,"AS",0,NA,1304702
"827","821","821-827",4.30539242560791,"0.0013541683298515027",1,0,0,0.0013541683298515,NA,NA,"Federated Malay States",NA,6,13,"WE",0,NA,NA,"Straits Settlements",NA,6,1,"AS",0,NA,2318422
"827","823","823-827",4.24976341832065,"0.00006614591592141693",1,0,0,6.61459159214169e-05,NA,NA,"Sabah (North Borneo)",NA,6,1,"AS",0,NA,NA,"Straits Settlements",NA,6,1,"AS",0,NA,113246
"827","824","824-827",4.32144048631491,"0.00010002959153483654",1,0,0,0.000100029591534837,NA,NA,"Sarawak",NA,6,1,"AS",0,NA,NA,"Straits Settlements",NA,6,1,"AS",0,NA,171257
"835","827","827-835",4.32098606708617,"0.0000027218618599668233",1,0,0,2.72186185996682e-06,NA,NA,"Straits Settlements",NA,6,1,"AS",0,NA,NA,"Brunei",NA,6,1,"AS",0,4660,NA
"840","2","2-840",1.46918946905308,"0.00004812348508070222|0.0004248745881463661",0,1,0,0.000424874588146366,NA,NA,"United States of America",NA,7,5,"NAM",0.1216,NA,NA,"Philippines",NA,6,1,"WE",0,82390.4562440968,727412.220981045
"840","200","200-840",0.683704125373269,"0.0003776663005745476|0.00023410581994037395",0,1,0,0.000377666300574548,NA,NA,"United Kingdom",NA,8,1,"WE",0.20989010989011,NA,NA,"Philippines",NA,6,1,"WE",0,400804,646588.64087204
"840","230","230-840",2.87817987445004,"0.00021631061659524854|0.00011015267100090974",0,1,0,0.000216310616595249,NA,NA,"Spain",NA,0,1,"ME",0.108,NA,NA,"Philippines",NA,6,1,"WE",0,370337.4841169,188588.353587678
"840","710","710-840",2.95147939414096,"0.0004248745881463661|0.000005418285664800109",1,0,0,0.000424874588146366,NA,NA,"People's Republic of China (China)",NA,6,5,"AS",0,NA,NA,"Philippines",NA,6,1,"WE",0,9276.44843749575,727412.220981045
"840","740","740-840",1.8479684749461,"0.00011015267100090974|0.000017164743300198396",1,0,0,0.00011015267100091,NA,NA,"Japan",NA,6,5,"AS",0.0714285714285714,NA,NA,"Philippines",NA,6,1,"WE",0,29387.1283313032,188588.353587678
"840","827","827-840",2.71960376031408,"0.00015484239894360618",1,0,0,0.000154842398943606,NA,NA,"Straits Settlements",NA,6,1,"AS",0,NA,NA,"Philippines",NA,6,1,"WE",0,265100,NA
"850","200","200-850",0.388389239867739,"0.0012647031836946104",0,1,0,0.00126470318369461,NA,NA,"United Kingdom",NA,8,1,"WE",0.20989010989011,NA,NA,"Indonesia (Dutch East Indies)",NA,1,1,"AS",0,2165252,NA
"850","210","210-850",2.04444816063763,"0.0032873541677548466",1,0,0,0.00328735416775485,NA,NA,"Netherlands",NA,1,3,"WE",0,NA,NA,"Indonesia (Dutch East Indies)",NA,1,1,"AS",0,5628158.66853886,NA
"90","2","2-90",1.23211040500492,"0.00012854393100656568",0.15,0.85,0.51,0.000128543931006566,NA,NA,"United States of America",NA,7,5,"NAM",0.1216,NA,NA,"Guatemala",NA,0,14,"LA",0.17,220075.356248203,NA
"90","70","70-90",2.09654470274766,"0.000016775501958140653",1,0,0,1.67755019581407e-05,NA,NA,"Mexico",NA,0,1,"AS",0.315,NA,NA,"Guatemala",NA,0,14,"LA",0.17,28720.7224858532,NA
"901","2","2-901",0.0526099104723528,"0.0010436062279913997",0,1,0,0.0010436062279914,NA,NA,"United States of America",NA,7,5,"NAM",0.1216,NA,NA,"New South Wales",NA,2,3,"AS",0.168,1786720,NA
"901","200","200-901",1.32103811168156,"0.004015042377348704",0.3,0.7,0.84,0.0040150423773487,NA,NA,"United Kingdom",NA,8,1,"WE",0.20989010989011,NA,NA,"New South Wales",NA,2,3,"AS",0.168,6874007,NA
"901","590","590-901",1.39705646119543,"0.000026905546076719258",1,0,0,2.69055460767193e-05,NA,NA,"Mauritius",NA,2,1,"AF",0.151052631578947,NA,NA,"New South Wales",NA,2,3,"AS",0.168,46064,NA
"902","200","200-902",1.47124550077266,"0.0008564712160323459",0.3,0.7,0.84,0.000856471216032346,NA,NA,"United Kingdom",NA,8,1,"WE",0.20989010989011,NA,NA,"Western Australia",NA,2,3,"AS",0.206,1466333,NA
"902","590","590-902",1.2626129211391,"0.000004317597182161965",1,0,0,4.31759718216196e-06,NA,NA,"Mauritius",NA,2,1,"AF",0.151052631578947,NA,NA,"Western Australia",NA,2,3,"AS",0.206,7392,NA
"902","780","780-902",1.41422581314407,"0.000020510428245531886",0.95,0.05,0.19,2.05104282455319e-05,NA,NA,"Sri Lanka (Ceylon)",NA,2,1,"AS",0.189090909090909,NA,NA,"Western Australia",NA,2,3,"AS",0.206,35115.1529877213,NA
"903","200","200-903",1.45348983636923,"0.0010379417180519236",0.3,0.7,0.84,0.00103794171805192,NA,NA,"United Kingdom",NA,8,1,"WE",0.20989010989011,NA,NA,"South Australia",NA,2,3,"AS",0.171666666666667,1777022,NA
"903","211","211-903",0.570097401323653,"0.00011857283034189912",0,1,0,0.000118572830341899,NA,NA,"Belgium",NA,4,3,"WE",0,NA,NA,"South Australia",NA,2,3,"AS",0.171666666666667,203004.200000064,NA
"903","590","590-903",1.04385087443587,"0.000004279631297849123",1,0,0,4.27963129784912e-06,NA,NA,"Mauritius",NA,2,1,"AF",0.151052631578947,NA,NA,"South Australia",NA,2,3,"AS",0.171666666666667,7327,NA
"903","780","780-903",2.19962995653854,"0.000055493586895485416",0.95,0.05,0.19,5.54935868954854e-05,NA,NA,"Sri Lanka (Ceylon)",NA,2,1,"AS",0.189090909090909,NA,NA,"South Australia",NA,2,3,"AS",0.171666666666667,95008.5376250924,NA
"904","200","200-904",1.41307855994971,"0.002834571472771621",0.3,0.7,0.84,0.00283457147277162,NA,NA,"United Kingdom",NA,8,1,"WE",0.20989010989011,NA,NA,"Victoria",NA,2,3,"AS",0.206,4852966,NA
"904","590","590-904",1.24656720463552,"0.000014904238000165972",1,0,0,1.4904238000166e-05,NA,NA,"Mauritius",NA,2,1,"AF",0.151052631578947,NA,NA,"Victoria",NA,2,3,"AS",0.206,25517,NA
"904","780","780-904",2.17385261674107,"0.00015378454035565808",0.95,0.05,0.19,0.000153784540355658,NA,NA,"Sri Lanka (Ceylon)",NA,2,1,"AS",0.189090909090909,NA,NA,"Victoria",NA,2,3,"AS",0.206,263288.879056523,NA
"905","200","200-905",1.54551672529209,"0.001435252945114231",0.3,0.7,0.84,0.00143525294511423,NA,NA,"United Kingdom",NA,8,1,"WE",0.20989010989011,NA,NA,"Queensland",NA,2,3,"AS",0.206,2457244,NA
"905","590","590-905",1.18539437573614,"0.000006218227759915622",1,0,0,6.21822775991562e-06,NA,NA,"Mauritius",NA,2,1,"AF",0.151052631578947,NA,NA,"Queensland",NA,2,3,"AS",0.206,10646,NA
"905","780","780-905",0.360603665814084,"0.00001112634534013338",0.95,0.05,0.19,1.11263453401334e-05,NA,NA,"Sri Lanka (Ceylon)",NA,2,1,"AS",0.189090909090909,NA,NA,"Queensland",NA,2,3,"AS",0.206,19049.0083452117,NA
"906","200","200-906",1.72946815059016,"0.0003093249981220322",0.3,0.7,0.84,0.000309324998122032,NA,NA,"United Kingdom",NA,8,1,"WE",0.20989010989011,NA,NA,"Tasmania",NA,2,3,"AS",0.21,529584,NA
"906","590","590-906",0.0213508373705722,"3.481179546223662e-7",1,0,0,3.48117954622366e-07,NA,NA,"Mauritius",NA,2,1,"AF",0.151052631578947,NA,NA,"Tasmania",NA,2,3,"AS",0.21,596,NA
"91","2","2-91",1.49356419497553,"0.00009444871682988197",0.7,0.3,0.84,9.4448716829882e-05,NA,NA,"United States of America",NA,7,5,"NAM",0.1216,NA,NA,"Honduras",NA,0,5,"LA",0.4575,161702.188821814,NA
"91","70","70-91",2.3070219119008,"0.000011713351104715468",0.45,0.55,0.99,1.17133511047155e-05,NA,NA,"Mexico",NA,0,1,"AS",0.315,NA,NA,"Honduras",NA,0,5,"LA",0.4575,20053.9994151795,NA
"91","80","80-91",5.50101313435178,"0.000005541266838091256",1,0,0,5.54126683809126e-06,NA,NA,"Belize (British Honduras)",NA,0,5,"AS",0.336,NA,NA,"Honduras",NA,0,5,"LA",0.4575,9487,NA
"911","200","200-911",1.87084453378902,"3.3818841564823835e-7",1,0,0,3.38188415648238e-07,NA,NA,"United Kingdom",NA,8,1,"WE",0.20989010989011,NA,NA,"Papua (British New Guinea)",NA,8,1,"AF",0.42,579,NA
"911","590","590-911",1.28417832815922,"1.1681810557797524e-9",0.3,0.7,0.84,1.16818105577975e-09,NA,NA,"Mauritius",NA,2,1,"AF",0.151052631578947,NA,NA,"Papua (British New Guinea)",NA,8,1,"AF",0.42,2,NA
"912","255","255-912",2.09954904508219,"0.000017153067237723347",1,0,0,1.71530672377233e-05,NA,NA,"Germany (Zollverein)",NA,1,13,"WE",0,NA,NA,"New Guinea (German New Guinea) (Kaiser Wilhelmsland)",NA,1,1,"AF",0,29367.1381723851,NA
"92","2","2-92",0.844797185204936,"0.00007403457178352345",0.15,0.85,0.51,7.40345717835234e-05,NA,NA,"United States of America",NA,7,5,"NAM",0.1216,NA,NA,"El Salvador",NA,8,13,"WE",0.3825,126751.878772946,NA
"92","70","70-92",0.585957146364936,"0.0000031421482364797595",0.15,0.85,0.51,3.14214823647976e-06,NA,NA,"Mexico",NA,0,1,"AS",0.315,NA,NA,"El Salvador",NA,8,13,"WE",0.3825,5379.55691189051,NA
"920","200","200-920",1.74511858983288,"0.005506522213039726|0.002653599784062861",0.3,0.7,0.84,0.00550652221303973,NA,NA,"United Kingdom",NA,8,1,"WE",0.20989010989011,NA,NA,"New Zealand",NA,2,5,"AS",0.0923076923076923,4543131,9427515
"920","562","562-920",0.189573215618658,"0.000016962573020449895",1,0,0,1.69625730204499e-05,NA,NA,"Natal",NA,2,1,"AS",0.2,NA,NA,"New Zealand",NA,2,5,"AS",0.0923076923076923,NA,29041
"920","590","590-920",0.252745464633812,"1.4602263197246905e-8|0.0000037054703089333746",1,0,0,3.70547030893337e-06,NA,NA,"Mauritius",NA,2,1,"AF",0.151052631578947,NA,NA,"New Zealand",NA,2,5,"AS",0.0923076923076923,6344,25
"920","750","750-920",0.0734936249981824,"0.00013170076179690353|0.0000016541443749841295",0.9,0.1,0.36,0.000131700761796904,NA,NA,"India",NA,2,1,"AS",0.13448275862069,NA,NA,"New Zealand",NA,2,5,"AS",0.0923076923076923,225480.050622794,2832
"920","901","901-920",2.61321896180312,"0.0006534214894598767",1,0,0,0.000653421489459877,NA,NA,"New South Wales",NA,2,3,"AS",0.168,NA,NA,"New Zealand",NA,2,5,"AS",0.0923076923076923,NA,1118699
"920","902","902-920",1.48299372844052,"0.00003873746790018448",1,0,0,3.87374679001845e-05,NA,NA,"Western Australia",NA,2,3,"AS",0.206,NA,NA,"New Zealand",NA,2,5,"AS",0.0923076923076923,NA,66321
"920","903","903-920",0.3270307330849,"0.000015040915183692203",1,0,0,1.50409151836922e-05,NA,NA,"South Australia",NA,2,3,"AS",0.171666666666667,NA,NA,"New Zealand",NA,2,5,"AS",0.0923076923076923,NA,25751
"920","904","904-920",2.05651136776858,"0.00024112541990455448",1,0,0,0.000241125419904554,NA,NA,"Victoria",NA,2,3,"AS",0.206,NA,NA,"New Zealand",NA,2,5,"AS",0.0923076923076923,NA,412822
"920","905","905-920",0.810034965477374,"0.000030748861750234645",1,0,0,3.07488617502346e-05,NA,NA,"Queensland",NA,2,3,"AS",0.206,NA,NA,"New Zealand",NA,2,5,"AS",0.0923076923076923,NA,52644
"920","906","906-920",2.02457284455787,"0.000018573494696370175",1,0,0,1.85734946963702e-05,NA,NA,"Tasmania",NA,2,3,"AS",0.21,NA,NA,"New Zealand",NA,2,5,"AS",0.0923076923076923,NA,31799
"93","2","2-93",1.37051574163982,"0.00012212771418763002",1,0,0,0.00012212771418763,NA,NA,"United States of America",NA,7,5,"NAM",0.1216,NA,NA,"Nicaragua",NA,7,13,"WE",0,209090.386431769,NA
"930","200","200-930",0.454316921438783,"0.00007686267521548214",0.3,0.7,0.84,7.68626752154821e-05,NA,NA,"United Kingdom",NA,8,1,"WE",0.20989010989011,NA,NA,"New Caledonia",NA,2,3,"AS",0.164444444444444,NA,131593.771077167
"930","220","220-930",1.75480995448647,"0.00008025867325159204",0.8,0.2,0.64,8.0258673251592e-05,NA,NA,"France",NA,2,1,"AF",0.095,NA,NA,"New Caledonia",NA,2,3,"AS",0.164444444444444,NA,137407.934933545
"930","615","615-930",4.86866871455,"0.000008587254679465516",1,0,0,8.58725467946552e-06,NA,NA,"Algeria (Regency of Algiers)",NA,2,5,"AS",0.176666666666667,NA,NA,"New Caledonia",NA,2,3,"AS",0.164444444444444,14701.9242213846,NA
"930","901","901-930",2.23101042390618,"0.000013144373239633775",1,0,0,1.31443732396338e-05,NA,NA,"New South Wales",NA,2,3,"AS",0.168,NA,NA,"New Caledonia",NA,2,3,"AS",0.164444444444444,NA,22504
"930","902","902-930",2.09649195448805,"0.000002109150896210343",1,0,0,2.10915089621034e-06,NA,NA,"Western Australia",NA,2,3,"AS",0.206,NA,NA,"New Caledonia",NA,2,3,"AS",0.164444444444444,NA,3611
"930","903","903-930",1.87766077643494,"0.000002090459999317867",1,0,0,2.09045999931787e-06,NA,NA,"South Australia",NA,2,3,"AS",0.171666666666667,NA,NA,"New Caledonia",NA,2,3,"AS",0.164444444444444,NA,3579
"930","904","904-930",2.08051987170765,"0.0000072812725206751966",1,0,0,7.2812725206752e-06,NA,NA,"Victoria",NA,2,3,"AS",0.206,NA,NA,"New Caledonia",NA,2,3,"AS",0.164444444444444,NA,12466
"930","905","905-930",2.01935368116953,"0.000003037854835555246",1,0,0,3.03785483555525e-06,NA,NA,"Queensland",NA,2,3,"AS",0.206,NA,NA,"New Caledonia",NA,2,3,"AS",0.164444444444444,NA,5201
"930","906","906-930",0.854726062869727,"1.6997034361595397e-7",1,0,0,1.69970343615954e-07,NA,NA,"Tasmania",NA,2,3,"AS",0.21,NA,NA,"New Caledonia",NA,2,3,"AS",0.164444444444444,NA,291
"94","2","2-94",1.3454633405033,"0.00014512398503282",1,0,0,0.00014512398503282,NA,NA,"United States of America",NA,7,5,"NAM",0.1216,NA,NA,"Costa Rica",NA,7,9,"LA",0,248461.459488317,NA
"9462","920","920-9462",4.98205445697091,"3.977656494930057e-7",1,0,0,3.97765649493006e-07,NA,NA,"New Zealand",NA,2,5,"AS",0.0923076923076923,NA,NA,"Malden I.",NA,2,NA,"AS",0,681,NA
"950","200","200-950",1.42173255868542,"9.29288029872793e-7|0.000015132033306043023",0.3,0.7,0.84,1.5132033306043e-05,NA,NA,"United Kingdom",NA,8,1,"WE",0.20989010989011,NA,NA,"Fiji",NA,2,NA,"AS",0.42,25907,1591
"950","920","920-950",4.33115906212784,"0.000016497052869721664",1,0,0,1.64970528697217e-05,NA,NA,"New Zealand",NA,2,5,"AS",0.0923076923076923,NA,NA,"Fiji",NA,2,NA,"AS",0.42,28244,NA
"960","2","2-960",0.159335077434349,"0.00003293031924477243",0,1,0,3.29303192447724e-05,NA,NA,"United States of America",NA,7,5,"NAM",0.1216,NA,NA,"French Polynesia",NA,2,3,"AS",0,56378.7934787072,NA
"960","220","220-960",2.16448253508163,"0.0001622151833060557",1,0,0,0.000162215183306056,NA,NA,"France",NA,2,1,"AF",0.095,NA,NA,"French Polynesia",NA,2,3,"AS",0,277722.674072605,NA
"9601","2","2-9601",2.06364741573641,"0.000032454136814468796",0,1,0,3.24541368144688e-05,NA,NA,"United States of America",NA,7,5,"NAM",0.1216,NA,NA,"Society Is.",NA,2,1,"AS",0.213333333333333,NA,55563.538980361
"9601","220","220-9601",0.790115178035211,"0.00000966290355996797",0.8,0.2,0.64,9.66290355996797e-06,NA,NA,"France",NA,2,1,"AF",0.095,NA,NA,"Society Is.",NA,2,1,"AS",0.213333333333333,NA,16543.5032731601
"9601","920","920-9601",3.36740208446299,"0.000005595195623385319",1,0,0,5.59519562338532e-06,NA,NA,"New Zealand",NA,2,5,"AS",0.0923076923076923,NA,NA,"Society Is.",NA,2,1,"AS",0.213333333333333,NA,9579.32949811545
"985","2","2-985",1.95323027190044,"8.254887075409672e-7",1,0,0,8.25488707540967e-07,NA,NA,"United States of America",NA,7,5,"NAM",0.1216,NA,NA,"Guam",NA,7,NA,"AS",0,1413.28898197199,NA
