key,source,target,proximity,observedTradeValues,coMembershipScore,bridgeNessEdgeScore,ambiguityScore,sourceCommunityId,maxObservedTradeValue,sourceCited,sourceReporting,sourceLabel,sourceGphStatus,sourceCommunity,sourceMeanAmbiguityScore,targetCited,targetReporting,targetLabel,targetGphStatus,targetCommunity,targetMeanAmbiguityScore
220-616,616,220,2.196187311868608,0.0006227042100003602|0.0010489189391359051,0,1,0,bridge,0.0010489189391359051,1,1,Tunisia (Regency of Tunis),Protectorate of,0,0,1,1,France,Sovereign,1,0
615-616,616,615,2.7230256700825226,0.00007734980662754211|0.00009620128310662878,0,1,0,bridge,0.00009620128310662878,1,1,Tunisia (Regency of Tunis),Protectorate of,0,0,1,1,Algeria (Regency of Algiers),Colony of,1,0
325-616,616,325,1.8277631174574782,0.0002244913997042393|0.00010084347178604763,1,0,0,0,0.0002244913997042393,1,1,Tunisia (Regency of Tunis),Protectorate of,0,0,1,1,Italy,Sovereign,0,0
338-616,616,338,5.111386753480075,0.000026623406596170926|0.000002848010859020942,1,0,0,0,0.000026623406596170926,1,1,Tunisia (Regency of Tunis),Protectorate of,0,0,1,1,Malta,Colony of,0,0
616-651,616,651,0.7080721597434683,0.000021715312350936956,1,0,0,0,0.000021715312350936956,1,1,Tunisia (Regency of Tunis),Protectorate of,0,0,1,1,Egypt Arab Republic (Egypt),Occupied by,0,0
350-616,616,350,0.1247930630242171,0.00000313496781492175,1,0,0,0,0.00000313496781492175,1,1,Tunisia (Regency of Tunis),Protectorate of,0,0,1,1,Greece,Sovereign,0,0
235-616,616,235,0.3292809631706206,0.000005876439886610023,0,1,0,bridge,0.000005876439886610023,1,1,Tunisia (Regency of Tunis),Protectorate of,0,0,1,1,Portugal,Sovereign,7,0.05000000000000001
1063-200,1063,200,1.220298412600481,0.00005227105263114066|0.00001866505662003755,0,1,0,bridge,0.00005227105263114066,1,1,Leeward Is.,Colony of,9,0,1,1,United Kingdom,Sovereign,2,0.1123469387755102
1063-53,1063,53,3.40429635692266,0.000001471706665705203|2.8886804388841793e-7,1,0,0,9,0.000001471706665705203,1,1,Leeward Is.,Colony of,9,0,1,1,Barbados,Colony of,9,0
1055-1063,1063,1055,2.6959911207298473,3.7324791986635054e-7|2.5846088137384764e-8,1,0,0,9,3.7324791986635054e-7,1,1,Leeward Is.,Colony of,9,0,1,,Windward Is.,Colony of,9,0
1063-30,1063,30,2.0294619084188272,1.9118503431036083e-7|1.9004476571606445e-9,1,0,0,9,1.9118503431036083e-7,1,1,Leeward Is.,Colony of,9,0,1,1,Bermuda,Colony of,9,0
1063-2,1063,2,1.071143405586867,0.000011905924482580004|0.000015638783770774944,0,1,0,bridge,0.000015638783770774944,1,1,Leeward Is.,Colony of,9,0,1,1,United States of America,Sovereign,4,0.13884615384615387
1063-390,1063,390,0.421548313300534,0.000002149406300248689,0,1,0,bridge,0.000002149406300248689,1,1,Leeward Is.,Colony of,9,0,1,1,Denmark,Sovereign,6,0.019
225-255,225,255,1.084684213971914,0.004179556186547158|0.0069472333142389115,0,1,0,bridge,0.0069472333142389115,1,1,Switzerland,Sovereign,0,0,1,1,Germany (Zollverein),Sovereign,3,0.23895833333333336
225-300,225,300,0.9259363058743011,0.0009625905980618438|0.0013250507716166377,1,0,0,0,0.0013250507716166377,1,1,Switzerland,Sovereign,0,0,1,1,Austria-Hungary (Austrian Empire),Sovereign,0,0
220-225,225,220,1.0921087584538736,0.001654417720931393|0.004667235855982241,0,1,0,bridge,0.004667235855982241,1,1,Switzerland,Sovereign,0,0,1,1,France,Sovereign,1,0
225-325,225,325,2.272789550724357,0.0010611596784396637|0.005523862087514459,1,0,0,0,0.005523862087514459,1,1,Switzerland,Sovereign,0,0,1,1,Italy,Sovereign,0,0
225-365,225,365,0.28861046707608295,0.00047897801135386974|0.000005018427879978957,1,0,0,0,0.00047897801135386974,1,1,Switzerland,Sovereign,0,0,1,1,Russia (USSR),Sovereign,0,0
225-230,225,230,0.3724262738133828,0.00024116660398537364|0.000027654056170922043,0,1,0,bridge,0.00024116660398537364,1,1,Switzerland,Sovereign,0,0,1,1,Spain,Sovereign,6,0.25032258064516133
225-360,225,360,0.1400640648477708,0.00009216794654089293|0.000003253840053521654,1,0,0,0,0.00009216794654089293,1,1,Switzerland,Sovereign,0,0,1,1,Romania,Sovereign,0,0
225-651,225,651,0.5576738883714341,0.0001171567546532964|0.0003090884153540918,1,0,0,0,0.0003090884153540918,1,1,Switzerland,Sovereign,0,0,1,1,Egypt Arab Republic (Egypt),Occupied by,0,0
225-840,225,840,0.2510895664707943,0.000036681106917202945|2.619849068585841e-7,0,1,0,bridge,0.000036681106917202945,1,1,Switzerland,Sovereign,0,0,1,1,Philippines,Colony of,10,0.31187499999999996
225-740,225,740,0.6331374622013775,0.00024596319535039485|9.054196325535477e-7,0,1,0,bridge,0.00024596319535039485,1,1,Switzerland,Sovereign,0,0,1,1,Japan,Sovereign,5,0.09733333333333336
2-225,225,2,0.38972703657930136,0.0020622402528724386|0.00003096546401293071,0,1,0,bridge,0.0020622402528724386,1,1,Switzerland,Sovereign,0,0,1,1,United States of America,Sovereign,4,0.13884615384615387
2-840,840,2,1.4519303527299694,0.000923270360196739|0.000427206844049644,0,1,0,bridge,0.000923270360196739,1,1,Philippines,Colony of,10,0.31187499999999996,1,1,United States of America,Sovereign,4,0.13884615384615387
840-985,840,985,0.17554321908689055,1.835761223830934e-8,0.8,0.19999999999999996,0.6399999999999999,10,1.835761223830934e-8,1,1,Philippines,Colony of,10,0.31187499999999996,1,,Guam,Colony of,10,0.2133333333333333
200-840,840,200,0.8497095833616206,0.0005910679754590844|0.0005713954342134851,0,1,0,bridge,0.0005910679754590844,1,1,Philippines,Colony of,10,0.31187499999999996,1,1,United Kingdom,Sovereign,2,0.1123469387755102
220-840,840,220,0.29223282027472275,0.00021650820079526217|0.000004534231725371349,0,1,0,bridge,0.00021650820079526217,1,1,Philippines,Colony of,10,0.31187499999999996,1,1,France,Sovereign,1,0
230-840,840,230,1.867320370094281,0.00013730412722009146|0.00014098879507783686,0,1,0,bridge,0.00014098879507783686,1,1,Philippines,Colony of,10,0.31187499999999996,1,1,Spain,Sovereign,6,0.25032258064516133
710-840,840,710,1.137798520673893,0.00016276216828350722|0.000009509824239365877,0.2,0.8,0.6400000000000001,bridge,0.00016276216828350722,1,1,Philippines,Colony of,10,0.31187499999999996,1,1,People's Republic of China (China),Sovereign,5,0.08235294117647063
720-840,840,720,1.8829418305946777,0.00023641197514569389,0.2,0.8,0.6400000000000001,bridge,0.00023641197514569389,1,1,Philippines,Colony of,10,0.31187499999999996,1,,Hong Kong,Colony of,5,0.10200000000000002
740-840,840,740,0.6031354025759796,0.000029560422893230147|0.00005333166301830987,0.15,0.85,0.51,bridge,0.00005333166301830987,1,1,Philippines,Colony of,10,0.31187499999999996,1,1,Japan,Sovereign,5,0.09733333333333336
211-490,490,211,2.926156461594203,0.0008099389626562652|0.00019092324384488942,0,1,0,bridge,0.0008099389626562652,1,1,Democratic Republic of the Congo (Zaire) (Kinshasa) (Belgian Congo) (Congo Free State),Possession of,7,0.32,1,1,Belgium,Sovereign,1,0
490-540,490,540,4.602419798698917,0.00002937543165458317,0.2,0.8,0.6400000000000001,bridge,0.00002937543165458317,1,1,Democratic Republic of the Congo (Zaire) (Kinshasa) (Belgian Congo) (Congo Free State),Possession of,7,0.32,1,,Angola,Colony of,7,0.3450000000000001
200-490,490,200,0.3402149151828835,0.000012554976791349688|0.000051049064787586366,0,1,0,bridge,0.000051049064787586366,1,1,Democratic Republic of the Congo (Zaire) (Kinshasa) (Belgian Congo) (Congo Free State),Possession of,7,0.32,1,1,United Kingdom,Sovereign,2,0.1123469387755102
490-500,490,500,4.514217835275282,0.000004607177283692845,0.8,0.19999999999999996,0.6399999999999999,7,0.000004607177283692845,1,1,Democratic Republic of the Congo (Zaire) (Kinshasa) (Belgian Congo) (Congo Free State),Possession of,7,0.32,1,1,Uganda,Protectorate of,8,0.39999999999999997
710-713,713,710,3.1788419848867555,0.00019181290293940486,1,0,0,5,0.00019181290293940486,1,1,Republic of China (Taiwan) (Formosa),Colony of,5,0.038000000000000034,1,1,People's Republic of China (China),Sovereign,5,0.08235294117647063
7104-713,713,7104,7.877515233332249,5.234536011079993e-7,1,0,0,5,5.234536011079993e-7,1,1,Republic of China (Taiwan) (Formosa),Colony of,5,0.038000000000000034,1,,Kwangtung Territory,Leased to,5,0
713-720,713,720,2.5230330341647,0.00006863853199625082,1,0,0,5,0.00006863853199625082,1,1,Republic of China (Taiwan) (Formosa),Colony of,5,0.038000000000000034,1,,Hong Kong,Colony of,5,0.10200000000000002
713-730,713,730,1.0399827033420808,0.0000012643149312095212,0.95,0.050000000000000044,0.19000000000000017,5,0.0000012643149312095212,1,1,Republic of China (Taiwan) (Formosa),Colony of,5,0.038000000000000034,1,,Korea (Chosen),Occupied by,5,0.1266666666666668
2-713,713,2,1.1049754360297475,0.00009989844434194492,0,1,0,bridge,0.00009989844434194492,1,1,Republic of China (Taiwan) (Formosa),Colony of,5,0.038000000000000034,1,1,United States of America,Sovereign,4,0.13884615384615387
300-342,342,300,2.868072955074759,0.00045391403334961775|0.0003217390149353073,1,0,0,0,0.00045391403334961775,1,1,Kingdom of Serbia,Sovereign,0,0,1,1,Austria-Hungary (Austrian Empire),Sovereign,0,0
211-342,342,211,0.5589254881857753,0.00009461322890124046|0.0000044893286772370685,0,1,0,bridge,0.00009461322890124046,1,1,Kingdom of Serbia,Sovereign,0,0,1,1,Belgium,Sovereign,1,0
342-355,342,355,3.8876581962115715,0.000055845441850575176|0.000008821619875613481,1,0,0,0,0.000055845441850575176,1,1,Kingdom of Serbia,Sovereign,0,0,1,1,Bulgaria,Vassal of,0,0
342-350,342,350,0.9418617923288267,0.000006360333096341654,1,0,0,0,0.000006360333096341654,1,1,Kingdom of Serbia,Sovereign,0,0,1,1,Greece,Sovereign,0,0
255-342,342,255,0.8219785070514642,0.0002879823875196069|0.0001487630260008332,0,1,0,bridge,0.0002879823875196069,1,1,Kingdom of Serbia,Sovereign,0,0,1,1,Germany (Zollverein),Sovereign,3,0.23895833333333336
342-360,342,360,1.882244701415638,0.00003558542140010765|0.00001101216675478924,1,0,0,0,0.00003558542140010765,1,1,Kingdom of Serbia,Sovereign,0,0,1,1,Romania,Sovereign,0,0
342-365,342,365,0.18270897902068153,0.0000022920541371752164|0.000027790783009783124,1,0,0,0,0.000027790783009783124,1,1,Kingdom of Serbia,Sovereign,0,0,1,1,Russia (USSR),Sovereign,0,0
342-640,342,640,1.830978956600546,0.00008178129266201654,1,0,0,0,0.00008178129266201654,1,1,Kingdom of Serbia,Sovereign,0,0,1,,Turkey (Ottoman Empire),Sovereign,0,0
341-342,342,341,0.986753948037177,1.2363338504512542e-7,1,0,0,0,1.2363338504512542e-7,1,1,Kingdom of Serbia,Sovereign,0,0,1,,Montenegro,Sovereign,0,0
300-325,325,300,1.140230204017075,0.0021151744443274893|0.0028211994950061107,1,0,0,0,0.0028211994950061107,1,1,Italy,Sovereign,0,0,1,1,Austria-Hungary (Austrian Empire),Sovereign,0,0
325-355,325,355,0.16454052561034996,0.000007962917235727764|0.000059028094669142085,1,0,0,0,0.000059028094669142085,1,1,Italy,Sovereign,0,0,1,1,Bulgaria,Vassal of,0,0
325-351,325,351,2.4763872014947097,0.000015744515672919032,1,0,0,0,0.000015744515672919032,1,1,Italy,Sovereign,0,0,1,,Crete,Sovereign (unrecognized),0,0
220-325,325,220,0.5507035455194222,0.0032128029011680432|0.0037346955311308673,0,1,0,bridge,0.0037346955311308673,1,1,Italy,Sovereign,0,0,1,1,France,Sovereign,1,0
255-325,325,255,0.20423133596915174,0.0038001549292272646|0.004293672837949049,0,1,0,bridge,0.004293672837949049,1,1,Italy,Sovereign,0,0,1,1,Germany (Zollverein),Sovereign,3,0.23895833333333336
325-350,325,350,0.6728119629156714,0.0001274671153711564|0.0000766789368155619,1,0,0,0,0.0001274671153711564,1,1,Italy,Sovereign,0,0,1,1,Greece,Sovereign,0,0
325-338,325,338,2.059604256304987,0.00014806190890492667|1.6115796132722266e-7,1,0,0,0,0.00014806190890492667,1,1,Italy,Sovereign,0,0,1,1,Malta,Colony of,0,0
325-341,325,341,1.1747840532314937,0.000003913464068412696,1,0,0,0,0.000003913464068412696,1,1,Italy,Sovereign,0,0,1,,Montenegro,Sovereign,0,0
325-360,325,360,1.8620837859463355,0.00009189841105824718|0.001387689410343838,1,0,0,0,0.001387689410343838,1,1,Italy,Sovereign,0,0,1,1,Romania,Sovereign,0,0
325-365,325,365,0.5091031504132799,0.00015780779432626334|0.0020619118965212345,1,0,0,0,0.0020619118965212345,1,1,Italy,Sovereign,0,0,1,1,Russia (USSR),Sovereign,0,0
230-325,325,230,0.43965581991314967,0.00018350973401881157|0.0005668915507294193,0,1,0,bridge,0.0005668915507294193,1,1,Italy,Sovereign,0,0,1,1,Spain,Sovereign,6,0.25032258064516133
325-3504,325,3504,3.5619022950504586,1.359890989023717e-7,1,0,0,0,1.359890989023717e-7,1,1,Italy,Sovereign,0,0,1,,Samos,Vassal of,0,0
325-651,325,651,1.3216691986449522,0.0009427822028903869|0.0002987257171228945,1,0,0,0,0.0009427822028903869,1,1,Italy,Sovereign,0,0,1,1,Egypt Arab Republic (Egypt),Occupied by,0,0
325-531,325,531,3.250141677319539,0.00010114566978360847,0,1,0,bridge,0.00010114566978360847,1,1,Italy,Sovereign,0,0,1,,Eritrea,Colony of,8,0
325-600,325,600,0.8026750920243638,0.000029781612659619395|0.000014583449498311867,0,1,0,bridge,0.000029781612659619395,1,1,Italy,Sovereign,0,0,1,1,Morocco,Sovereign,1,0
160-325,325,160,1.272059924161399,0.002081434037899823|0.000526146609575502,0,1,0,bridge,0.002081434037899823,1,1,Italy,Sovereign,0,0,1,1,Argentina (La Plata),Sovereign,2,0.17454545454545453
140-325,325,140,0.07771395858696446,0.00029033672615656357,0,1,0,bridge,0.00029033672615656357,1,1,Italy,Sovereign,0,0,1,1,Brazil,Sovereign,2,0.21333333333333332
135-325,325,135,0.10521331769722264,0.000047928602413147,0,1,0,bridge,0.000047928602413147,1,1,Italy,Sovereign,0,0,1,1,Peru,Sovereign,4,0
2-325,325,2,0.38283361852568965,0.0036323141613819818|0.003706553082615801,0,1,0,bridge,0.003706553082615801,1,1,Italy,Sovereign,0,0,1,1,United States of America,Sovereign,4,0.13884615384615387
165-325,325,165,0.49367077121691133,0.00012258661771054905|0.00008277439722330528,0,1,0,bridge,0.00012258661771054905,1,1,Italy,Sovereign,0,0,1,1,Uruguay,Sovereign,2,0.16
710-740,740,710,2.5840297678657715,0.00456682375449396,0.95,0.050000000000000044,0.19000000000000017,5,0.00456682375449396,1,1,Japan,Sovereign,5,0.09733333333333336,1,1,People's Republic of China (China),Sovereign,5,0.08235294117647063
730-740,740,730,3.925578636915351,0.0009774932221776325,1,0,0,5,0.0009774932221776325,1,1,Japan,Sovereign,5,0.09733333333333336,1,,Korea (Chosen),Occupied by,5,0.1266666666666668
720-740,740,720,1.4851782935359945,0.0010492850774412987,0.95,0.050000000000000044,0.19000000000000017,5,0.0010492850774412987,1,1,Japan,Sovereign,5,0.09733333333333336,1,,Hong Kong,Colony of,5,0.10200000000000002
740-750,740,750,1.622502119621215,0.0004013856172058836|0.001802616930969235,0.05,0.95,0.19,bridge,0.001802616930969235,1,1,Japan,Sovereign,5,0.09733333333333336,1,1,India,Colony of,8,0.4399999999999999
740-810,740,810,1.8738693253262042,0.000005809869680208919|0.00012186899456793743,0.95,0.050000000000000044,0.19000000000000017,5,0.00012186899456793743,1,1,Japan,Sovereign,5,0.09733333333333336,1,1,French Indochina,Colony of,5,0.08500000000000002
220-740,740,220,0.38038657537591697,0.0015621746093921222|0.00012393566716015016,0,1,0,bridge,0.0015621746093921222,1,1,Japan,Sovereign,5,0.09733333333333336,1,1,France,Sovereign,1,0
255-740,740,255,0.5378633894576845,0.0003255544837613414|0.0016363932860091654,0.05,0.95,0.19,bridge,0.0016363932860091654,1,1,Japan,Sovereign,5,0.09733333333333336,1,1,Germany (Zollverein),Sovereign,3,0.23895833333333336
211-740,740,211,0.1331985495414076,0.0000507015219316167|0.00036864696649590906,0,1,0,bridge,0.00036864696649590906,1,1,Japan,Sovereign,5,0.09733333333333336,1,1,Belgium,Sovereign,1,0
2-740,740,2,1.2297144170681995,0.004884186887336096|0.0029704308353240816,0,1,0,bridge,0.004884186887336096,1,1,Japan,Sovereign,5,0.09733333333333336,1,1,United States of America,Sovereign,4,0.13884615384615387
740-900,740,900,0.7849613419219891,0.0001638472585900171|0.0004599607853882136,0,1,0,bridge,0.0004599607853882136,1,1,Japan,Sovereign,5,0.09733333333333336,1,1,Australia,Colony of,10,0.09592592592592591
4-740,740,4,3.308462145620307,0.00010694820111864497|0.0000015651850248399314,1,0,0,5,0.00010694820111864497,1,1,Japan,Sovereign,5,0.09733333333333336,1,1,Hawaii (Sandwich Is.),Colony of,5,0.08142857142857145
235-541,541,235,5.073091787790066,0.00002110556870328229|0.00009275351821895094,1,0,0,7,0.00009275351821895094,1,1,Mozambique (Portuguese East Africa),Colony of,7,0.09250000000000001,1,1,Portugal,Sovereign,7,0.05000000000000001
541-563,541,563,5.4972530377262965,0.000009980078064651649,1,0,0,7,0.000009980078064651649,1,1,Mozambique (Portuguese East Africa),Colony of,7,0.09250000000000001,1,1,Transvaal (South African Republic),Colony of,7,0
511-541,541,511,4.421879354036309,8.12977755782943e-7,0,1,0,bridge,8.12977755782943e-7,1,1,Mozambique (Portuguese East Africa),Colony of,7,0.09250000000000001,1,1,Zanzibar,Protectorate of,8,0.096
211-255,255,211,0.4243326527370089,0.006616235581387057|0.008551320991483452,0,1,0,bridge,0.008551320991483452,1,1,Germany (Zollverein),Sovereign,3,0.23895833333333336,1,1,Belgium,Sovereign,1,0
255-355,255,355,0.9369976448056345,0.00031612143025177056|0.0002329042888180221,0,1,0,bridge,0.00031612143025177056,1,1,Germany (Zollverein),Sovereign,3,0.23895833333333336,1,1,Bulgaria,Vassal of,0,0
255-390,255,390,1.075147246338939,0.003668868128745549|0.002594525099724802,0.05,0.95,0.19,bridge,0.003668868128745549,1,1,Germany (Zollverein),Sovereign,3,0.23895833333333336,1,1,Denmark,Sovereign,6,0.019
210-255,255,210,1.2815838302587996,0.00824519071609618|0.033230979036815066,0,1,0,bridge,0.033230979036815066,1,1,Germany (Zollverein),Sovereign,3,0.23895833333333336,1,1,Netherlands,Sovereign,5,0.31300000000000006
255-385,255,385,0.787866455925543,0.0013518839987825717|0.0007587999523464813,0.05,0.95,0.19,bridge,0.0013518839987825717,1,1,Germany (Zollverein),Sovereign,3,0.23895833333333336,1,1,Norway,Sovereign,6,0.19727272727272727
255-300,255,300,1.4647740009207335,0.012073979097792625|0.016245296197977797,0,1,0,bridge,0.016245296197977797,1,1,Germany (Zollverein),Sovereign,3,0.23895833333333336,1,1,Austria-Hungary (Austrian Empire),Sovereign,0,0
235-255,255,235,0.3940258239226328,0.0006080688687784058|0.00020254917157304947,0,1,0,bridge,0.0006080688687784058,1,1,Germany (Zollverein),Sovereign,3,0.23895833333333336,1,1,Portugal,Sovereign,7,0.05000000000000001
255-360,255,360,0.7063420326344062,0.0011882446701816552|0.0003615341838544439,0,1,0,bridge,0.0011882446701816552,1,1,Germany (Zollverein),Sovereign,3,0.23895833333333336,1,1,Romania,Sovereign,0,0
255-380,255,380,1.1621480193335194,0.0032802247233183726|0.0020146587612166955,0.05,0.95,0.19,bridge,0.0032802247233183726,1,1,Germany (Zollverein),Sovereign,3,0.23895833333333336,1,1,Sweden,Sovereign,6,0.18083333333333332
255-530,255,530,0.5408401884840002,0.0000037190756500208307,0,1,0,bridge,0.0000037190756500208307,1,1,Germany (Zollverein),Sovereign,3,0.23895833333333336,1,,Ethiopia (Abyssinia),Sovereign,8,0
255-510,255,510,1.7154201511105147,0.0001115722695006249|0.00009775590346079752,0,1,0,bridge,0.0001115722695006249,1,1,Germany (Zollverein),Sovereign,3,0.23895833333333336,1,1,German East Africa,Colony of,8,0.32
255-565,255,565,1.8591776892550842,0.00041467693497732256|0.000004946370614527704,0,1,0,bridge,0.00041467693497732256,1,1,Germany (Zollverein),Sovereign,3,0.23895833333333336,1,1,Namibia (South West Africa) (German South West Africa),Colony of,7,0
255-470,255,470,2.1437856851534143,0.00008925781560049993,1,0,0,3,0.00008925781560049993,1,1,Germany (Zollverein),Sovereign,3,0.23895833333333336,1,,Kamerun,Colony of,3,0
255-460,255,460,2.1445307314408693,0.000044628907800249964,1,0,0,3,0.000044628907800249964,1,1,Germany (Zollverein),Sovereign,3,0.23895833333333336,1,,German Togoland,Protectorate of,3,0
255-580,255,580,0.26156301781061964,0.0000055786134750312455|0.0000721494962617137,0,1,0,bridge,0.0000721494962617137,1,1,Germany (Zollverein),Sovereign,3,0.23895833333333336,1,1,Madagascar (Malagasy Republic),Colony of,1,0
255-450,255,450,1.143430627573915,0.000020454916075114567,0.55,0.44999999999999996,0.99,3,0.000020454916075114567,1,1,Germany (Zollverein),Sovereign,3,0.23895833333333336,1,,Liberia,Sovereign (unrecognized),3,0.435
255-7120,255,7120,2.144530731440869,0.0000725219751754062,1,0,0,3,0.0000725219751754062,1,1,Germany (Zollverein),Sovereign,3,0.23895833333333336,1,,Kiauchau,Leased to,3,0
255-751,255,751,1.120057392480702,0.000014876302600083323|0.000008758352228938799,0,1,0,bridge,0.000014876302600083323,1,1,Germany (Zollverein),Sovereign,3,0.23895833333333336,1,1,French India,Colony of,1,0
255-850,255,850,0.09063244316780426,0.0006006307174783639|0.00016789427782010422,0,1,0,bridge,0.0006006307174783639,1,1,Germany (Zollverein),Sovereign,3,0.23895833333333336,1,1,Indonesia (Dutch East Indies),Colony of,5,0.09166666666666666
160-255,255,160,0.4092209361241597,0.0031649333781677267|0.003003019354180875,0.4,0.6,0.96,bridge,0.0031649333781677267,1,1,Germany (Zollverein),Sovereign,3,0.23895833333333336,1,1,Argentina (La Plata),Sovereign,2,0.17454545454545453
145-255,255,145,1.35124572936218,0.00010227458037557284,0.4,0.6,0.96,bridge,0.00010227458037557284,1,1,Germany (Zollverein),Sovereign,3,0.23895833333333336,1,,Bolivia,Sovereign,2,0.48
140-255,255,140,0.39860073956647024,0.0016512695886092485,0.4,0.6,0.96,bridge,0.0016512695886092485,1,1,Germany (Zollverein),Sovereign,3,0.23895833333333336,1,1,Brazil,Sovereign,2,0.21333333333333332
155-255,255,155,0.63969684967454,0.0013463053853075405|0.001163025681559426,0.4,0.6,0.96,bridge,0.0013463053853075405,1,1,Germany (Zollverein),Sovereign,3,0.23895833333333336,1,1,Chile,Sovereign,2,0.21928571428571428
255-94,255,94,0.041122642750491885,0.00003905029432521872|0.000040959170396533674,0,1,0,bridge,0.000040959170396533674,1,1,Germany (Zollverein),Sovereign,3,0.23895833333333336,1,1,Costa Rica,Sovereign,4,0
255-42,255,42,0.04936878910308971,0.00003905029432521872,0,1,0,bridge,0.00003905029432521872,1,1,Germany (Zollverein),Sovereign,3,0.23895833333333336,1,,Dominican Republic (Santo Domingo),Sovereign,6,0.165
130-255,255,130,0.2904485339902367,0.00006694336170037495,0,1,0,bridge,0.00006694336170037495,1,1,Germany (Zollverein),Sovereign,3,0.23895833333333336,1,,Ecuador,Sovereign,4,0.30999999999999994
255-92,255,92,0.053853607729643316,0.000029752605200166646|0.00006742064307546097,0,1,0,bridge,0.00006742064307546097,1,1,Germany (Zollverein),Sovereign,3,0.23895833333333336,1,1,El Salvador,Sovereign,4,0.09000000000000001
255-70,255,70,0.012437785211401707,0.0009037353829550618|0.000709202511697611,0,1,0,bridge,0.0009037353829550618,1,1,Germany (Zollverein),Sovereign,3,0.23895833333333336,1,1,Mexico,Sovereign,4,0.33
150-255,255,150,1.0622518894033501,0.000048347983450270794,0.4,0.6,0.96,bridge,0.000048347983450270794,1,1,Germany (Zollverein),Sovereign,3,0.23895833333333336,1,,Paraguay,Sovereign,2,0.48
135-255,255,135,0.42888986270750046,0.00027335206027653103,0,1,0,bridge,0.00027335206027653103,1,1,Germany (Zollverein),Sovereign,3,0.23895833333333336,1,1,Peru,Sovereign,4,0
165-255,255,165,0.4329867642876891,0.00047604168320266633|0.00035218085954375573,0.4,0.6,0.96,bridge,0.00047604168320266633,1,1,Germany (Zollverein),Sovereign,3,0.23895833333333336,1,1,Uruguay,Sovereign,2,0.16
101-255,255,101,0.2873617874754475,0.00010971273167561449|0.00007661963932144795,0,1,0,bridge,0.00010971273167561449,1,1,Germany (Zollverein),Sovereign,3,0.23895833333333336,1,1,Venezuela,Sovereign,6,0.2714285714285714
2-255,255,2,0.14626286873824995,0.01183037964271626|0.018187745652091192,0,1,0,bridge,0.018187745652091192,1,1,Germany (Zollverein),Sovereign,3,0.23895833333333336,1,1,United States of America,Sovereign,4,0.13884615384615387
255-912,255,912,2.0055076010505193,0.00001859537825010415,1,0,0,3,0.00001859537825010415,1,1,Germany (Zollverein),Sovereign,3,0.23895833333333336,1,,New Guinea (German New Guinea) (Kaiser Wilhelmsland),Colony of,3,0
255-990,255,990,2.1445307314408693,0.0000055786134750312455,1,0,0,3,0.0000055786134750312455,1,1,Germany (Zollverein),Sovereign,3,0.23895833333333336,1,,Samoa (Western Samoa) (German Samoa),Colony of,3,0
200-452,452,200,1.875173114913666,0.000568430355778783|0.00036874081820262837,0.25,0.75,0.75,bridge,0.000568430355778783,1,1,Ghana (Gold Coast),Colony of,3,0.25,1,1,United Kingdom,Sovereign,2,0.1123469387755102
452-4783,452,4783,7.215067551939488,0.000027601341593538336|0.000018785545001501537,1,0,0,3,0.000027601341593538336,1,1,Ghana (Gold Coast),Colony of,3,0.25,1,1,Southern Nigeria (Niger Coast Protectorate),Protectorate of,3,0.435
451-452,452,451,0.6531349564795572,3.68686845489165e-8|1.565968869500371e-7,1,0,0,3,1.565968869500371e-7,1,1,Ghana (Gold Coast),Colony of,3,0.25,1,1,Sierra Leone,Protectorate of,3,0.2175
200-451,451,200,1.9523148277686024,0.00006902958016151465|0.00014088018482531856,0.25,0.75,0.75,bridge,0.00014088018482531856,1,1,Sierra Leone,Protectorate of,3,0.2175,1,1,United Kingdom,Sovereign,2,0.1123469387755102
420-451,451,420,6.118151071287338,0.000016920065581232648|0.0000014937518585282666,1,0,0,3,0.000016920065581232648,1,1,Sierra Leone,Protectorate of,3,0.2175,1,1,Gambia,Colony of,3,0.3775
451-4783,451,4783,4.41869163714573,4.599083330328759e-7|0.000003539773806227416,1,0,0,3,0.000003539773806227416,1,1,Sierra Leone,Protectorate of,3,0.2175,1,1,Southern Nigeria (Niger Coast Protectorate),Protectorate of,3,0.435
255-451,451,255,1.1486546409420908,0.00008811387553472185,0.55,0.44999999999999996,0.99,3,0.00008811387553472185,1,1,Sierra Leone,Protectorate of,3,0.2175,1,1,Germany (Zollverein),Sovereign,3,0.23895833333333336
450-451,451,450,3.2393260892825477,2.805060741969111e-7,1,0,0,3,2.805060741969111e-7,1,1,Sierra Leone,Protectorate of,3,0.2175,1,,Liberia,Sovereign (unrecognized),3,0.435
2-94,94,2,1.6992993737501922,0.0003460509440118018|0.00017993476608511586,1,0,0,4,0.0003460509440118018,1,1,Costa Rica,Sovereign,4,0,1,1,United States of America,Sovereign,4,0.13884615384615387
200-94,94,200,0.7155740261002506,0.00032714855663344055|0.00008624877620398439,0,1,0,bridge,0.00032714855663344055,1,1,Costa Rica,Sovereign,4,0,1,1,United Kingdom,Sovereign,2,0.1123469387755102
220-430,430,220,2.218220286386335,0.0005642040812733203|0.0005955147756095737,0,1,0,bridge,0.0005955147756095737,1,1,French West Africa,Colony of,3,0.33375000000000005,1,1,France,Sovereign,1,0
220-484,484,220,2.53965419295612,0.00008549411808212537|0.000001492231500402538,1,0,0,1,0.00008549411808212537,1,1,Congo (Brazzaville) (French Congo) (Middle Congo),Colony of,1,0,1,1,France,Sovereign,1,0
220-585,585,220,2.728902529208599,0.0001701533480766581|0.0001148672037094075,0,1,0,bridge,0.0001701533480766581,1,1,Reunion (Bourbon I.),Colony of,7,0.27999999999999997,1,1,France,Sovereign,1,0
220-580,580,220,2.460487338343027,0.00029640993731596836|0.0002893055269390963,1,0,0,1,0.00029640993731596836,1,1,Madagascar (Malagasy Republic),Colony of,1,0,1,1,France,Sovereign,1,0
220-522,522,220,2.7294127953732885,0.000013090871098954127|0.0000030228211502475652,0,1,0,bridge,0.000013090871098954127,1,1,Djibouti (Afar and Issas) (French Somaliland),Colony of,8,0,1,1,France,Sovereign,1,0
220-751,751,220,2.5104551780819087,0.00005852376718843478|0.000024182569201980522,1,0,0,1,0.00005852376718843478,1,1,French India,Colony of,1,0,1,1,France,Sovereign,1,0
220-810,810,220,2.2370033217203624,0.000554761997128407|0.0009174262191001361,0,1,0,bridge,0.0009174262191001361,1,1,French Indochina,Colony of,5,0.08500000000000002,1,1,France,Sovereign,1,0
1029-220,1029,220,2.7294127953732885,0.00008886234189110597|0.000069524886455694,0,1,0,bridge,0.00008886234189110597,1,1,St. Pierre and Miquelon,Colony of,9,0,1,1,France,Sovereign,1,0
220-65,65,220,2.726335048539558,0.00022353763917491322|0.000139049772911388,1,0,0,1,0.00022353763917491322,1,1,Guadeloupe,Colony of,1,0,1,1,France,Sovereign,1,0
220-66,66,220,2.729159627325815,0.00024945427995794477|0.0001647437526884923,1,0,0,1,0.00024945427995794477,1,1,Martinique,Colony of,1,0,1,1,France,Sovereign,1,0
120-220,120,220,2.57237967631938,0.00012739611724242483|0.00013602695176114044,0,1,0,bridge,0.00013602695176114044,1,1,French Guiana,Colony of,9,0,1,1,France,Sovereign,1,0
220-930,930,220,2.1204113600428216,0.00003994370982042884,0,1,0,bridge,0.00003994370982042884,1,1,New Caledonia,Colony of,10,0,1,1,France,Sovereign,1,0
220-960,960,220,2.251559713059411,0.0000063799663197125125|0.00009219604508255074,1,0,0,1,0.00009219604508255074,1,1,French Polynesia,Colony of,1,0,1,1,France,Sovereign,1,0
200-430,430,200,0.8800477864668543,0.00019522811805523994|0.00033615460240435765,0.25,0.75,0.75,bridge,0.00033615460240435765,1,1,French West Africa,Colony of,3,0.33375000000000005,1,1,United Kingdom,Sovereign,2,0.1123469387755102
200-930,930,200,0.7210823124276649,0.00003332447209256848,0,1,0,bridge,0.00003332447209256848,1,1,New Caledonia,Colony of,10,0,1,1,United Kingdom,Sovereign,2,0.1123469387755102
750-810,810,750,0.40301874560525996,0.00003350762482606199|0.00008185052750716638,0.05,0.95,0.19,bridge,0.00008185052750716638,1,1,French Indochina,Colony of,5,0.08500000000000002,1,1,India,Colony of,8,0.4399999999999999
720-810,810,720,2.9473605436057753,0.000634512452742947,1,0,0,5,0.000634512452742947,1,1,French Indochina,Colony of,5,0.08500000000000002,1,,Hong Kong,Colony of,5,0.10200000000000002
211-484,484,211,2.2546489016167928,0.00011472307559696369,1,0,0,1,0.00011472307559696369,1,1,Congo (Brazzaville) (French Congo) (Middle Congo),Colony of,1,0,1,1,Belgium,Sovereign,1,0
210-430,430,210,0.5364293697170246,0.0000608300436991219,0,1,0,bridge,0.0000608300436991219,1,1,French West Africa,Colony of,3,0.33375000000000005,1,1,Netherlands,Sovereign,5,0.31300000000000006
120-225,120,225,1.9805317910663116,0.000021656397566718635|2.0106736212759617e-7,0,1,0,bridge,0.000021656397566718635,1,1,French Guiana,Colony of,9,0,1,1,Switzerland,Sovereign,0,0
430-450,430,450,4.35387922741387,0.000004072677163940048,1,0,0,3,0.000004072677163940048,1,1,French West Africa,Colony of,3,0.33375000000000005,1,,Liberia,Sovereign (unrecognized),3,0.435
710-810,810,710,2.4272370929610827,0.00014805135644418147|0.00018050931314814503,1,0,0,5,0.00018050931314814503,1,1,French Indochina,Colony of,5,0.08500000000000002,1,1,People's Republic of China (China),Sovereign,5,0.08235294117647063
800-810,810,800,2.888840413497183,0.000060723685736950446|0.000010782974750434922,1,0,0,5,0.000060723685736950446,1,1,French Indochina,Colony of,5,0.08500000000000002,1,1,Thailand (Siam),Sovereign,5,0.027142857142857142
810-840,810,840,3.9712662972814594,0.00021690759486144072|0.000003556877835141862,0.2,0.8,0.6400000000000001,bridge,0.00021690759486144072,1,1,French Indochina,Colony of,5,0.08500000000000002,1,1,Philippines,Colony of,10,0.31187499999999996
930-935,930,935,5.10477247994744,1.7210432218934516e-7,1,0,0,10,1.7210432218934516e-7,1,1,New Caledonia,Colony of,10,0,1,,Vanuatu (New Hebrides),Colony of,10,0
2-66,66,2,0.795340230593609,6.316184793442288e-8|0.0000776507709134582,0,1,0,bridge,0.0000776507709134582,1,1,Martinique,Colony of,1,0,1,1,United States of America,Sovereign,4,0.13884615384615387
2-960,960,2,1.8265543311813524,0.000023871203509399273|0.00002547581231605838,0,1,0,bridge,0.00002547581231605838,1,1,French Polynesia,Colony of,1,0,1,1,United States of America,Sovereign,4,0.13884615384615387
230-232,230,232,4.40468498353194,0.00001097321125952092,1,0,0,6,0.00001097321125952092,1,1,Spain,Sovereign,6,0.25032258064516133,1,,Andorra,Sovereign (unrecognized),6,0
230-615,230,615,0.03427963184896244,0.00005949329538904224|0.00004544811599397215,0,1,0,bridge,0.00005949329538904224,1,1,Spain,Sovereign,6,0.25032258064516133,1,1,Algeria (Regency of Algiers),Colony of,1,0
160-230,230,160,0.8420028167536646,0.0005828748982417983|0.00019599226408463142,0,1,0,bridge,0.0005828748982417983,1,1,Spain,Sovereign,6,0.25032258064516133,1,1,Argentina (La Plata),Sovereign,2,0.17454545454545453
211-230,230,211,0.24542354376535946,0.0004093782374589627|0.0005248338432667616,0,1,0,bridge,0.0005248338432667616,1,1,Spain,Sovereign,6,0.25032258064516133,1,1,Belgium,Sovereign,1,0
230-355,230,355,0.9408927667676418,5.297415072224792e-11|0.00004457187571304413,0,1,0,bridge,0.00004457187571304413,1,1,Spain,Sovereign,6,0.25032258064516133,1,1,Bulgaria,Vassal of,0,0
155-230,230,155,0.06735859298064151,0.00007925154115127556|0.00006778108061752152,0,1,0,bridge,0.00007925154115127556,1,1,Spain,Sovereign,6,0.25032258064516133,1,1,Chile,Sovereign,2,0.21928571428571428
100-230,230,100,1.6047693639191416,0.00006565155365404125,1,0,0,6,0.00006565155365404125,1,1,Spain,Sovereign,6,0.25032258064516133,1,,Colombia (New Granada) (Gran Colombia),Sovereign,6,0.198
230-40,230,40,2.334867185758233,0.0008016819790925072|0.00009096871016219928,1,0,0,6,0.0008016819790925072,1,1,Spain,Sovereign,6,0.25032258064516133,1,1,Cuba,Sovereign,6,0.198
130-230,230,130,0.9770651960967406,0.000013878062057913067,0.65,0.35,0.9099999999999999,6,0.000013878062057913067,1,1,Spain,Sovereign,6,0.25032258064516133,1,,Ecuador,Sovereign,4,0.30999999999999994
230-651,230,651,0.639323625045642,0.000005831752087022427|0.00017368899461355172,0,1,0,bridge,0.00017368899461355172,1,1,Spain,Sovereign,6,0.25032258064516133,1,1,Egypt Arab Republic (Egypt),Occupied by,0,0
2-230,230,2,0.07673052496167515,0.00046669503689143066|0.0014940528436085433,0.45,0.55,0.9900000000000001,bridge,0.0014940528436085433,1,1,Spain,Sovereign,6,0.25032258064516133,1,1,United States of America,Sovereign,4,0.13884615384615387
220-230,230,220,1.0777248110940487,0.0023428832082158972|0.0019799478534121553,0,1,0,bridge,0.0023428832082158972,1,1,Spain,Sovereign,6,0.25032258064516133,1,1,France,Sovereign,1,0
230-231,230,231,1.787439741363311,0.00007235196262106942,0,1,0,bridge,0.00007235196262106942,1,1,Spain,Sovereign,6,0.25032258064516133,1,,Gibraltar,Colony of,0,0
200-230,230,200,0.3591204031263963,0.003861005983706386|0.001758295692763154,0,1,0,bridge,0.003861005983706386,1,1,Spain,Sovereign,6,0.25032258064516133,1,1,United Kingdom,Sovereign,2,0.1123469387755102
210-230,230,210,0.39232882314001133,0.0006841658050595579|0.00021554107859607285,0.65,0.35,0.9099999999999999,6,0.0006841658050595579,1,1,Spain,Sovereign,6,0.25032258064516133,1,1,Netherlands,Sovereign,5,0.31300000000000006
230-600,230,600,2.077215683656123,0.000014676673867126314|0.00004136996752375015,0,1,0,bridge,0.00004136996752375015,1,1,Spain,Sovereign,6,0.25032258064516133,1,1,Morocco,Sovereign,1,0
230-70,230,70,1.4845267817673913,0.0004109499142932034|0.00010778028382238217,0.45,0.55,0.9900000000000001,bridge,0.0004109499142932034,1,1,Spain,Sovereign,6,0.25032258064516133,1,1,Mexico,Sovereign,4,0.33
230-385,230,385,1.659634820353591,0.000019216174521430226|0.0002760959790551882,0.55,0.44999999999999996,0.99,6,0.0002760959790551882,1,1,Spain,Sovereign,6,0.25032258064516133,1,1,Norway,Sovereign,6,0.19727272727272727
230-235,230,235,2.768771201145156,0.0005217991855094564|0.0004059148780837887,0,1,0,bridge,0.0005217991855094564,1,1,Spain,Sovereign,6,0.25032258064516133,1,1,Portugal,Sovereign,7,0.05000000000000001
230-6,230,6,3.143684770691059,0.000042178124753355245|0.0000636247712597432,1,0,0,6,0.0000636247712597432,1,1,Spain,Sovereign,6,0.25032258064516133,1,1,Puerto Rico,Colony of,6,0.12375000000000001
230-92,230,92,0.8258251096275284,0.000001055351030688623|0.000010708871718921092,0.45,0.55,0.9900000000000001,bridge,0.000010708871718921092,1,1,Spain,Sovereign,6,0.25032258064516133,1,1,El Salvador,Sovereign,4,0.09000000000000001
230-42,230,42,0.14633866794183953,0.000004489161967580095,1,0,0,6,0.000004489161967580095,1,1,Spain,Sovereign,6,0.25032258064516133,1,,Dominican Republic (Santo Domingo),Sovereign,6,0.165
230-380,230,380,0.08061542721494432,0.000014251807934796208|0.00011583549761821556,0.55,0.44999999999999996,0.99,6,0.00011583549761821556,1,1,Spain,Sovereign,6,0.25032258064516133,1,1,Sweden,Sovereign,6,0.18083333333333332
165-230,230,165,1.4752843785236145,0.00014084342076471735|0.00006603903841898984,0,1,0,bridge,0.00014084342076471735,1,1,Spain,Sovereign,6,0.25032258064516133,1,1,Uruguay,Sovereign,2,0.16
101-230,230,101,1.1965225199199825,0.000022015765682337265|0.00004405881195121337,1,0,0,6,0.00004405881195121337,1,1,Spain,Sovereign,6,0.25032258064516133,1,1,Venezuela,Sovereign,6,0.2714285714285714
200-365,200,365,0.09152775905188949,0.0033669805441639933|0.00894656453416513,0,1,0,bridge,0.00894656453416513,1,1,United Kingdom,Sovereign,2,0.1123469387755102,1,1,Russia (USSR),Sovereign,0,0
200-380,200,380,0.5701137432200963,0.002122798512690314|0.0035656128616176844,0,1,0,bridge,0.0035656128616176844,1,1,United Kingdom,Sovereign,2,0.1123469387755102,1,1,Sweden,Sovereign,6,0.18083333333333332
200-385,200,385,0.6770793384672213,0.0014156229349842667|0.001990023109568252,0,1,0,bridge,0.001990023109568252,1,1,United Kingdom,Sovereign,2,0.1123469387755102,1,1,Norway,Sovereign,6,0.19727272727272727
200-5,200,5,0.602719145724355,0.000025822902675967405,0,1,0,bridge,0.000025822902675967405,1,1,United Kingdom,Sovereign,2,0.1123469387755102,1,,Virgin Islands (Danish West Indies),Colony of,9,0
200-210,200,210,0.016058517422661164,0.004404136549925814|0.014620434008826892,0,1,0,bridge,0.014620434008826892,1,1,United Kingdom,Sovereign,2,0.1123469387755102,1,1,Netherlands,Sovereign,5,0.31300000000000006
200-220,200,220,0.12676062896537477,0.007718630150604814|0.019560675663251998,0,1,0,bridge,0.019560675663251998,1,1,United Kingdom,Sovereign,2,0.1123469387755102,1,1,France,Sovereign,1,0
200-235,200,235,0.7243202604071424,0.0009897379362680063|0.0006359998714169485,0,1,0,bridge,0.0009897379362680063,1,1,United Kingdom,Sovereign,2,0.1123469387755102,1,1,Portugal,Sovereign,7,0.05000000000000001
200-541,200,541,1.5388857044778947,0.000700233622503971,0,1,0,bridge,0.000700233622503971,1,1,United Kingdom,Sovereign,2,0.1123469387755102,1,1,Mozambique (Portuguese East Africa),Colony of,7,0.09250000000000001
200-752,200,752,1.8975388274537996,0.00002652568821958541,0,1,0,bridge,0.00002652568821958541,1,1,United Kingdom,Sovereign,2,0.1123469387755102,1,,Portuguese India,Colony of,7,0.12800000000000003
200-325,200,325,0.03563485974738824,0.00424356468665606|0.001997664752975962,0,1,0,bridge,0.00424356468665606,1,1,United Kingdom,Sovereign,2,0.1123469387755102,1,1,Italy,Sovereign,0,0
200-350,200,350,0.5277391481383871,0.0005321975610159525|0.0005684983009993621,0,1,0,bridge,0.0005684983009993621,1,1,United Kingdom,Sovereign,2,0.1123469387755102,1,1,Greece,Sovereign,0,0
200-355,200,355,0.39713558157624085,0.0002155347099624973|0.00022648614426718194,0,1,0,bridge,0.00022648614426718194,1,1,United Kingdom,Sovereign,2,0.1123469387755102,1,1,Bulgaria,Vassal of,0,0
200-351,200,351,1.5540367704212794,0.00003021597748025995,0,1,0,bridge,0.00003021597748025995,1,1,United Kingdom,Sovereign,2,0.1123469387755102,1,,Crete,Sovereign (unrecognized),0,0
200-651,200,651,1.0290715335679486,0.003396384650405114|0.005190246358297822,0,1,0,bridge,0.005190246358297822,1,1,United Kingdom,Sovereign,2,0.1123469387755102,1,1,Egypt Arab Republic (Egypt),Occupied by,0,0
200-600,200,600,1.4437454955189388,0.00027292328804484015|0.00013627311961482972,0,1,0,bridge,0.00027292328804484015,1,1,United Kingdom,Sovereign,2,0.1123469387755102,1,1,Morocco,Sovereign,1,0
200-450,200,450,1.2742588585528267,0.000027273324327912408,0.25,0.75,0.75,bridge,0.000027273324327912408,1,1,United Kingdom,Sovereign,2,0.1123469387755102,1,,Liberia,Sovereign (unrecognized),3,0.435
200-530,200,530,0.7382799941578942,0.000005300348515821037,0,1,0,bridge,0.000005300348515821037,1,1,United Kingdom,Sovereign,2,0.1123469387755102,1,,Ethiopia (Abyssinia),Sovereign,8,0
200-698,200,698,1.9876731172478437,0.000014527401980867397,1,0,0,2,0.000014527401980867397,1,1,United Kingdom,Sovereign,2,0.1123469387755102,1,,Oman (Sultanate of Muscat and Oman),Sovereign (unrecognized),2,0
200-800,200,800,0.23247501761223213,0.00025471243841486397|0.00003641422967445725,0,1,0,bridge,0.00025471243841486397,1,1,United Kingdom,Sovereign,2,0.1123469387755102,1,1,Thailand (Siam),Sovereign,5,0.027142857142857142
200-710,200,710,0.474315090297552,0.004637059215682738|0.0008318947397034785,0,1,0,bridge,0.004637059215682738,1,1,United Kingdom,Sovereign,2,0.1123469387755102,1,1,People's Republic of China (China),Sovereign,5,0.08235294117647063
2-200,200,2,0.4308112446591105,0.010553149731707573|0.045235686701574455,0,1,0,bridge,0.045235686701574455,1,1,United Kingdom,Sovereign,2,0.1123469387755102,1,1,United States of America,Sovereign,4,0.13884615384615387
200-4,200,4,0.4030848638948228,0.00004900608355613867|4.6955550745197936e-7,0,1,0,bridge,0.00004900608355613867,1,1,United Kingdom,Sovereign,2,0.1123469387755102,1,1,Hawaii (Sandwich Is.),Colony of,5,0.08142857142857145
200-90,200,90,0.6700132899829995,0.00010897356910924851,0,1,0,bridge,0.00010897356910924851,1,1,United Kingdom,Sovereign,2,0.1123469387755102,1,,Guatemala,Sovereign,4,0
200-91,200,91,0.36203998954637956,0.00003569230744913406,0,1,0,bridge,0.00003569230744913406,1,1,United Kingdom,Sovereign,2,0.1123469387755102,1,,Honduras,Sovereign,4,0
200-92,200,92,1.0813341672342929,0.00010165000401761425,0,1,0,bridge,0.00010165000401761425,1,1,United Kingdom,Sovereign,2,0.1123469387755102,1,1,El Salvador,Sovereign,4,0.09000000000000001
200-93,200,93,0.809063465175212,0.00006625454649252869,0,1,0,bridge,0.00006625454649252869,1,1,United Kingdom,Sovereign,2,0.1123469387755102,1,,Nicaragua,Sovereign,4,0
100-200,200,100,0.8908947834656259,0.00036050237760883695,0,1,0,bridge,0.00036050237760883695,1,1,United Kingdom,Sovereign,2,0.1123469387755102,1,,Colombia (New Granada) (Gran Colombia),Sovereign,6,0.198
101-200,200,101,1.0223271541981882,0.00026765220642293935|0.00010149512006915539,0,1,0,bridge,0.00026765220642293935,1,1,United Kingdom,Sovereign,2,0.1123469387755102,1,1,Venezuela,Sovereign,6,0.2714285714285714
130-200,200,130,0.9202283473101054,0.0001470076081615359,0,1,0,bridge,0.0001470076081615359,1,1,United Kingdom,Sovereign,2,0.1123469387755102,1,,Ecuador,Sovereign,4,0.30999999999999994
135-200,200,135,0.8801841171604838,0.0005021568048096828,0,1,0,bridge,0.0005021568048096828,1,1,United Kingdom,Sovereign,2,0.1123469387755102,1,1,Peru,Sovereign,4,0
155-200,200,155,1.0035207878548666,0.002266066800041621|0.0027603140139491364,0.6,0.4,0.96,2,0.0027603140139491364,1,1,United Kingdom,Sovereign,2,0.1123469387755102,1,1,Chile,Sovereign,2,0.21928571428571428
140-200,200,140,0.804527385691845,0.0028988923043251663,0.6,0.4,0.96,2,0.0028988923043251663,1,1,United Kingdom,Sovereign,2,0.1123469387755102,1,1,Brazil,Sovereign,2,0.21333333333333332
165-200,200,165,0.8539093430451634,0.0008483434903066601|0.00014840325527944425,0.6,0.4,0.96,2,0.0008483434903066601,1,1,United Kingdom,Sovereign,2,0.1123469387755102,1,1,Uruguay,Sovereign,2,0.16
145-200,200,145,0.6960997522934808,0.0000621389370461816,0.6,0.4,0.96,2,0.0000621389370461816,1,1,United Kingdom,Sovereign,2,0.1123469387755102,1,,Bolivia,Sovereign,2,0.48
160-200,200,160,0.9640258419855376,0.007383532577187369|0.0037777177761974287,0.6,0.4,0.96,2,0.007383532577187369,1,1,United Kingdom,Sovereign,2,0.1123469387755102,1,1,Argentina (La Plata),Sovereign,2,0.17454545454545453
150-200,200,150,1.2957547211287095,0.00007143478671641717,0.6,0.4,0.96,2,0.00007143478671641717,1,1,United Kingdom,Sovereign,2,0.1123469387755102,1,,Paraguay,Sovereign,2,0.48
200-2003,200,2003,1.987673117247844,0.00042856577018145117,1,0,0,2,0.00042856577018145117,1,1,United Kingdom,Sovereign,2,0.1123469387755102,1,,Channel Is.,Possession of,2,0
200-231,200,231,0.7347935440987184,0.00028313059241144995,0,1,0,bridge,0.00028313059241144995,1,1,United Kingdom,Sovereign,2,0.1123469387755102,1,,Gibraltar,Colony of,0,0
200-352,200,352,1.755668812140775,0.00004628806331686752|0.000047824005113384754,0,1,0,bridge,0.000047824005113384754,1,1,United Kingdom,Sovereign,2,0.1123469387755102,1,1,Cyprus,Protectorate of,0,0
200-420,200,420,0.517101191606772,0.00004336213410390299|0.000006619639279421956,0.25,0.75,0.75,bridge,0.00004336213410390299,1,1,United Kingdom,Sovereign,2,0.1123469387755102,1,1,Gambia,Colony of,3,0.3775
200-4781,200,4781,1.4712817001665792,0.00025186252710818587,1,0,0,2,0.00025186252710818587,1,1,United Kingdom,Sovereign,2,0.1123469387755102,1,,Lagos,Colony of,2,0
200-436,200,436,1.9876731172478437,0.00034972151813929606,1,0,0,2,0.00034972151813929606,1,1,United Kingdom,Sovereign,2,0.1123469387755102,1,,Niger,Occupied by,2,0
200-4070,200,4070,1.9876731172478437,0.0000017411901434905823,1,0,0,2,0.0000017411901434905823,1,1,United Kingdom,Sovereign,2,0.1123469387755102,1,,Ascension I.,Possession of,2,0
200-4050,200,4050,1.987673117247844,0.000008258965428488729|9.958345723521776e-7,1,0,0,2,0.000008258965428488729,1,1,United Kingdom,Sovereign,2,0.1123469387755102,1,1,St. Helena,Colony of,2,0
200-552,200,552,1.987673117247844,0.00011835037784967913,1,0,0,2,0.00011835037784967913,1,1,United Kingdom,Sovereign,2,0.1123469387755102,1,1,Zimbabwe (Rhodesia) (Southern Rhodesia),Protectorate of,2,0
200-561,200,561,1.8746995739811982,0.0032452154419639278|0.014595553554211304,0,1,0,bridge,0.014595553554211304,1,1,United Kingdom,Sovereign,2,0.1123469387755102,1,1,Cape Colony (Cape of Good Hope),Colony of,7,0
200-562,200,562,1.8416808731835985,0.0014610748013319835|0.0005653862187215431,0,1,0,bridge,0.0014610748013319835,1,1,United Kingdom,Sovereign,2,0.1123469387755102,1,1,Natal,Colony of,7,0.327
200-564,200,564,1.9874905781281893,0.00016339896920454646,1,0,0,2,0.00016339896920454646,1,1,United Kingdom,Sovereign,2,0.1123469387755102,1,,Orange Free State (Orange River Colony),Colony of,2,0
200-563,200,563,1.9678974110530747,0.001062000938073414,0,1,0,bridge,0.001062000938073414,1,1,United Kingdom,Sovereign,2,0.1123469387755102,1,1,Transvaal (South African Republic),Colony of,7,0
200-553,200,553,1.987673117247844,0.00004208959435266822|0.000012414864365167625,0,1,0,bridge,0.00004208959435266822,1,1,United Kingdom,Sovereign,2,0.1123469387755102,1,1,Malawi (Nyasaland) (British Central Africa Protectorate),Protectorate of,11,0.32
200-590,200,590,0.7785527195834921,0.00015217910632620146|0.00007852041576137491,0,1,0,bridge,0.00015217910632620146,1,1,United Kingdom,Sovereign,2,0.1123469387755102,1,1,Mauritius,Colony of,7,0.17357142857142857
200-591,200,591,1.5468643922824685,0.000007847708555479165,0,1,0,bridge,0.000007847708555479165,1,1,United Kingdom,Sovereign,2,0.1123469387755102,1,,Seychelles,Colony of,7,0.21
200-681,200,681,0.13783521569093404,0.00009520596610171394|0.00007499710166116641,0,1,0,bridge,0.00009520596610171394,1,1,United Kingdom,Sovereign,2,0.1123469387755102,1,1,Aden,Dependency of,8,0.04
200-827,200,827,0.15392392063342034,0.0014431140506136896|0.003469163053615144,0,1,0,bridge,0.003469163053615144,1,1,United Kingdom,Sovereign,2,0.1123469387755102,1,1,Straits Settlements,Colony of,5,0.02235294117647059
200-780,200,780,0.7988427248751419,0.0005976862271026454|0.0013965815124906663,0,1,0,bridge,0.0013965815124906663,1,1,United Kingdom,Sovereign,2,0.1123469387755102,1,1,Sri Lanka (Ceylon),Colony of,10,0.37142857142857144
200-7105,200,7105,1.987673117247844,0.0000027320835519341425,1,0,0,2,0.0000027320835519341425,1,1,United Kingdom,Sovereign,2,0.1123469387755102,1,,Weihaiwei,Leased to,2,0
200-920,200,920,1.4887086014693978,0.0028127339894296628|0.005339184543784646,0,1,0,bridge,0.005339184543784646,1,1,United Kingdom,Sovereign,2,0.1123469387755102,1,1,New Zealand,Colony of,10,0.185
200-950,200,950,0.3421547702292503,0.00003494619169893279,0,1,0,bridge,0.00003494619169893279,1,1,United Kingdom,Sovereign,2,0.1123469387755102,1,1,Fiji,Colony of,10,0
20-200,200,20,0.9056634752769759,0.005202982120822663|0.010028539975540922,0,1,0,bridge,0.010028539975540922,1,1,United Kingdom,Sovereign,2,0.1123469387755102,1,1,Canada (Province of Canada),Colony of,9,0
200-21,200,21,0.6295208637896619,0.00019643559109756425|0.00012989901817271293,0,1,0,bridge,0.00019643559109756425,1,1,United Kingdom,Sovereign,2,0.1123469387755102,1,1,Newfoundland and Labrador (Newfoundland),Colony of,9,0
200-30,200,30,0.38433761388142795,0.00003832366727523869|0.0000010642506880099609,0,1,0,bridge,0.00003832366727523869,1,1,United Kingdom,Sovereign,2,0.1123469387755102,1,1,Bermuda,Colony of,9,0
200-31,200,31,0.045716771462336776,0.000015176594900553474|0.000006271097179098695,0,1,0,bridge,0.000015176594900553474,1,1,United Kingdom,Sovereign,2,0.1123469387755102,1,1,Bahamas,Colony of,9,0
200-80,200,80,0.7601712791197828,0.00003562047052769339|0.00004111309683522765,0,1,0,bridge,0.00004111309683522765,1,1,United Kingdom,Sovereign,2,0.1123469387755102,1,1,Belize (British Honduras),Colony of,4,0
110-200,200,110,1.356726897184066,0.00023312449329811335|0.0002731064911989904,0,1,0,bridge,0.0002731064911989904,1,1,United Kingdom,Sovereign,2,0.1123469387755102,1,1,Guyana (British Guiana),Colony of,9,0
1163-200,200,1163,1.8820373038232754,0.000014384868406580349|0.00006896306449351403,1,0,0,2,0.00006896306449351403,1,1,United Kingdom,Sovereign,2,0.1123469387755102,1,1,Falkland Is.,Colony of,2,0.48
11-390,390,11,1.7135155664085728,0.00001971159078055986,1,0,0,6,0.00001971159078055986,1,1,Denmark,Sovereign,6,0.019,1,,Faeroe Is.,Colony of,6,0
390-395,390,395,3.5963610929133796,0.00009932973047304345|0.00010523624251325684,1,0,0,6,0.00010523624251325684,1,1,Denmark,Sovereign,6,0.019,1,1,Iceland,Colony of,6,0.165
10-390,390,10,4.012424144586531,0.000009011012928255936,1,0,0,6,0.000009011012928255936,1,1,Denmark,Sovereign,6,0.019,1,,Greenland,Colony of,6,0
385-390,390,385,1.6036469627911005,0.00029786403846179344|0.00023523565931012137,1,0,0,6,0.00029786403846179344,1,1,Denmark,Sovereign,6,0.019,1,1,Norway,Sovereign,6,0.19727272727272727
380-390,390,380,2.3118456585873273,0.0010092543067908876|0.0008680458112579759,1,0,0,6,0.0010092543067908876,1,1,Denmark,Sovereign,6,0.019,1,1,Sweden,Sovereign,6,0.18083333333333332
365-390,390,365,1.013446976431844,0.0006756382401831898|0.001221161273826773,0,1,0,bridge,0.001221161273826773,1,1,Denmark,Sovereign,6,0.019,1,1,Russia (USSR),Sovereign,0,0
200-390,390,200,0.8803722660030755,0.006073506148949392|0.0015864499939015912,0,1,0,bridge,0.006073506148949392,1,1,Denmark,Sovereign,6,0.019,1,1,United Kingdom,Sovereign,2,0.1123469387755102
2-390,390,2,0.22965250803325873,0.0005328178570355778|0.0017923039369431228,0,1,0,bridge,0.0017923039369431228,1,1,Denmark,Sovereign,6,0.019,1,1,United States of America,Sovereign,4,0.13884615384615387
160-165,165,160,2.334056397703103,0.0004998457901700684|0.00038355140120728944,1,0,0,2,0.0004998457901700684,1,1,Uruguay,Sovereign,2,0.16,1,1,Argentina (La Plata),Sovereign,2,0.17454545454545453
165-211,165,211,1.0664626717000296,0.00039401925655454433|0.00006447630522158089,0,1,0,bridge,0.00039401925655454433,1,1,Uruguay,Sovereign,2,0.16,1,1,Belgium,Sovereign,1,0
140-165,165,140,2.3552132367333862,0.00027063700340900306,1,0,0,2,0.00027063700340900306,1,1,Uruguay,Sovereign,2,0.16,1,1,Brazil,Sovereign,2,0.21333333333333332
165-40,165,40,1.6400287308415784,0.00008884506659349813|0.000007727161949132257,0,1,0,bridge,0.00008884506659349813,1,1,Uruguay,Sovereign,2,0.16,1,1,Cuba,Sovereign,6,0.198
155-165,165,155,0.7881599016661742,0.00003617790800344661|0.000011300019244809317,1,0,0,2,0.00003617790800344661,1,1,Uruguay,Sovereign,2,0.16,1,1,Chile,Sovereign,2,0.21928571428571428
165-220,165,220,1.2165432320810445,0.0005976327886737155|0.00027507672467252844,0,1,0,bridge,0.0005976327886737155,1,1,Uruguay,Sovereign,2,0.16,1,1,France,Sovereign,1,0
150-165,165,150,0.3942750693676862,5.74252507991216e-7,1,0,0,2,5.74252507991216e-7,1,1,Uruguay,Sovereign,2,0.16,1,,Paraguay,Sovereign,2,0.48
165-235,165,235,0.2522215279013431,0.000012223374812955883|0.000003193379211756787,0,1,0,bridge,0.000012223374812955883,1,1,Uruguay,Sovereign,2,0.16,1,1,Portugal,Sovereign,7,0.05000000000000001
220-615,615,220,2.4465378777973186,0.003058384641080228|0.005371553183989923,1,0,0,1,0.005371553183989923,1,1,Algeria (Regency of Algiers),Colony of,1,0,1,1,France,Sovereign,1,0
615-810,615,810,1.8711460603385628,0.00003446016111282225,0,1,0,bridge,0.00003446016111282225,1,1,Algeria (Regency of Algiers),Colony of,1,0,1,1,French Indochina,Colony of,5,0.08500000000000002
120-615,615,120,1.0637583730790334,0.000002025290170665869,0,1,0,bridge,0.000002025290170665869,1,1,Algeria (Regency of Algiers),Colony of,1,0,1,1,French Guiana,Colony of,9,0
615-65,615,65,1.1054158160501242,0.0000020555183821683444,1,0,0,1,0.0000020555183821683444,1,1,Algeria (Regency of Algiers),Colony of,1,0,1,1,Guadeloupe,Colony of,1,0
615-66,615,66,0.6984296862780508,0.0000022368876511831987,1,0,0,1,0.0000022368876511831987,1,1,Algeria (Regency of Algiers),Colony of,1,0,1,1,Martinique,Colony of,1,0
484-615,615,484,0.8631657202983396,1.5114105751237828e-8,1,0,0,1,1.5114105751237828e-8,1,1,Algeria (Regency of Algiers),Colony of,1,0,1,1,Congo (Brazzaville) (French Congo) (Middle Congo),Colony of,1,0
600-615,615,600,3.297442495394212,0.000030893232155530115|0.000080391928490834,1,0,0,1,0.000080391928490834,1,1,Algeria (Regency of Algiers),Colony of,1,0,1,1,Morocco,Sovereign,1,0
101-40,101,40,2.7323377736369356,0.0001252029378847062|0.0000034159380574619075,1,0,0,6,0.0001252029378847062,1,1,Venezuela,Sovereign,6,0.2714285714285714,1,1,Cuba,Sovereign,6,0.198
101-220,101,220,1.351158662134283,0.00032321727749358756|0.000025693979777104307,0,1,0,bridge,0.00032321727749358756,1,1,Venezuela,Sovereign,6,0.2714285714285714,1,1,France,Sovereign,1,0
101-210,101,210,1.443819636805423,0.00020549967421093574|0.000008124413734361755,0.65,0.35,0.9099999999999999,6,0.00020549967421093574,1,1,Venezuela,Sovereign,6,0.2714285714285714,1,1,Netherlands,Sovereign,5,0.31300000000000006
101-2,101,2,1.265508133686867,0.0003967357343356988|0.00025186182653136877,0.45,0.55,0.9900000000000001,bridge,0.0003967357343356988,1,1,Venezuela,Sovereign,6,0.2714285714285714,1,1,United States of America,Sovereign,4,0.13884615384615387
300-651,651,300,0.840820023769461,0.0004875500107890488|0.0006889500007087533,1,0,0,0,0.0006889500007087533,1,1,Egypt Arab Republic (Egypt),Occupied by,0,0,1,1,Austria-Hungary (Austrian Empire),Sovereign,0,0
211-651,651,211,0.6818034040084502,0.00006416922439362464|0.0006926989404837157,0,1,0,bridge,0.0006926989404837157,1,1,Egypt Arab Republic (Egypt),Occupied by,0,0,1,1,Belgium,Sovereign,1,0
350-651,651,350,2.0594580869867425,0.000006368112628853202|0.0001237082754391228,1,0,0,0,0.0001237082754391228,1,1,Egypt Arab Republic (Egypt),Occupied by,0,0,1,1,Greece,Sovereign,0,0
365-651,651,365,1.0071255547378855,0.0005418833422813977|0.00010129171721220242,1,0,0,0,0.0005418833422813977,1,1,Egypt Arab Republic (Egypt),Occupied by,0,0,1,1,Russia (USSR),Sovereign,0,0
640-651,651,640,0.19594241791370606,0.00013002801915103145,1,0,0,0,0.00013002801915103145,1,1,Egypt Arab Republic (Egypt),Occupied by,0,0,1,,Turkey (Ottoman Empire),Sovereign,0,0
200-395,395,200,0.3094007858055417,0.000056845989392602537|0.0000720562331003087,0,1,0,bridge,0.0000720562331003087,1,1,Iceland,Colony of,6,0.165,1,1,United Kingdom,Sovereign,2,0.1123469387755102
325-395,395,325,1.0189513290217143,0.000022353283015942378,0,1,0,bridge,0.000022353283015942378,1,1,Iceland,Colony of,6,0.165,1,1,Italy,Sovereign,0,0
230-395,395,230,2.7828466317687033,0.000045313537199920654,0.55,0.44999999999999996,0.99,6,0.000045313537199920654,1,1,Iceland,Colony of,6,0.165,1,1,Spain,Sovereign,6,0.25032258064516133
750-827,827,750,1.172378266975156,0.0008493685917729325|0.0016536407009100373,0.05,0.95,0.19,bridge,0.0016536407009100373,1,1,Straits Settlements,Colony of,5,0.02235294117647059,1,1,India,Colony of,8,0.4399999999999999
780-827,827,780,0.1144291308231355,0.00005711339326158598|0.000018055446874575405,0.05,0.95,0.19,bridge,0.00005711339326158598,1,1,Straits Settlements,Colony of,5,0.02235294117647059,1,1,Sri Lanka (Ceylon),Colony of,10,0.37142857142857144
590-827,827,590,0.06596143448443029,0.000007342189478674434|1.7332082633305076e-7,0,1,0,bridge,0.000007342189478674434,1,1,Straits Settlements,Colony of,5,0.02235294117647059,1,1,Mauritius,Colony of,7,0.17357142857142857
821-827,827,821,4.444345916828762,0.0017529763397707613|0.003574042399648419,1,0,0,5,0.003574042399648419,1,1,Straits Settlements,Colony of,5,0.02235294117647059,1,1,Federated Malay States,Colony of,5,0
8221-827,827,8221,4.306502898158362,0.00017614907253643723,1,0,0,5,0.00017614907253643723,1,1,Straits Settlements,Colony of,5,0.02235294117647059,1,,Johore,Sovereign (unrecognized),5,0
823-827,827,823,4.16316784472369,0.00007074150341108496,1,0,0,5,0.00007074150341108496,1,1,Straits Settlements,Colony of,5,0.02235294117647059,1,,Sabah (North Borneo),Protectorate of,5,0.06333333333333334
824-827,827,824,4.418431339871859,0.00015848897263750624|0.000283188638417678,1,0,0,5,0.000283188638417678,1,1,Straits Settlements,Colony of,5,0.02235294117647059,1,1,Sarawak,Protectorate of,5,0
720-827,827,720,1.1629028596692808,0.0006262415934200784,1,0,0,5,0.0006262415934200784,1,1,Straits Settlements,Colony of,5,0.02235294117647059,1,,Hong Kong,Colony of,5,0.10200000000000002
800-827,827,800,3.737307791693686,0.0008339206129469365|0.0010295138099656626,1,0,0,5,0.0010295138099656626,1,1,Straits Settlements,Colony of,5,0.02235294117647059,1,1,Thailand (Siam),Sovereign,5,0.027142857142857142
710-827,827,710,0.44909460570285475,0.00020379032353077595|0.0002337191631663151,1,0,0,5,0.0002337191631663151,1,1,Straits Settlements,Colony of,5,0.02235294117647059,1,1,People's Republic of China (China),Sovereign,5,0.08235294117647063
2-827,827,2,0.2664808102729826,0.001535592874327378|0.00008015469030707771,0,1,0,bridge,0.001535592874327378,1,1,Straits Settlements,Colony of,5,0.02235294117647059,1,1,United States of America,Sovereign,4,0.13884615384615387
590-750,590,750,3.0780947456453234,0.0005655861458150765|0.0003160112104256366,0.3,0.7,0.84,bridge,0.0005655861458150765,1,1,Mauritius,Colony of,7,0.17357142857142857,1,1,India,Colony of,8,0.4399999999999999
590-780,590,780,0.5980501725484306,0.0000067169421994685815|0.000001986221872275274,0.25,0.75,0.75,bridge,0.0000067169421994685815,1,1,Mauritius,Colony of,7,0.17357142857142857,1,1,Sri Lanka (Ceylon),Colony of,10,0.37142857142857144
590-591,590,591,5.489772603482789,0.0000028871600807584508,1,0,0,7,0.0000028871600807584508,1,1,Mauritius,Colony of,7,0.17357142857142857,1,,Seychelles,Colony of,7,0.21
590-720,590,720,1.7035667745718506,0.00007797384701517551,0,1,0,bridge,0.00007797384701517551,1,1,Mauritius,Colony of,7,0.17357142857142857,1,,Hong Kong,Colony of,5,0.10200000000000002
561-590,590,561,3.722544719362182,0.00014692550882274658|7.776631813101356e-7,1,0,0,7,0.00014692550882274658,1,1,Mauritius,Colony of,7,0.17357142857142857,1,1,Cape Colony (Cape of Good Hope),Colony of,7,0
562-590,590,562,2.6625597153407314,0.000023687559688381702|3.884515011236357e-7,1,0,0,7,0.000023687559688381702,1,1,Mauritius,Colony of,7,0.17357142857142857,1,1,Natal,Colony of,7,0.327
585-590,590,585,2.7026177292271587,0.000001884863986371927,1,0,0,7,0.000001884863986371927,1,1,Mauritius,Colony of,7,0.17357142857142857,1,1,Reunion (Bourbon I.),Colony of,7,0.27999999999999997
580-590,590,580,1.7622795166112555,0.0000018012442894568587,0,1,0,bridge,0.0000018012442894568587,1,1,Mauritius,Colony of,7,0.17357142857142857,1,1,Madagascar (Malagasy Republic),Colony of,1,0
541-590,590,541,3.1210655730389996,0.00002430634544555321,0.7,0.30000000000000004,0.8400000000000001,7,0.00002430634544555321,1,1,Mauritius,Colony of,7,0.17357142857142857,1,1,Mozambique (Portuguese East Africa),Colony of,7,0.09250000000000001
780-920,920,780,1.1139301043254157,0.00002166776391835137|0.000040185219781204225,0.7,0.30000000000000004,0.8400000000000001,10,0.000040185219781204225,1,1,New Zealand,Colony of,10,0.185,1,1,Sri Lanka (Ceylon),Colony of,10,0.37142857142857144
920-950,920,950,2.9306536301965993,0.000023166837030319688,1,0,0,10,0.000023166837030319688,1,1,New Zealand,Colony of,10,0.185,1,1,Fiji,Colony of,10,0
920-9462,920,9462,3.3216810638275986,5.39727134633623e-8,1,0,0,10,5.39727134633623e-8,1,1,New Zealand,Colony of,10,0.185,1,,Malden I.,Claimed by,10,0
562-920,920,562,0.9155644737232806,0.000028824469705686926|4.180984845753417e-9,0,1,0,bridge,0.000028824469705686926,1,1,New Zealand,Colony of,10,0.185,1,1,Natal,Colony of,7,0.327
840-920,920,840,1.1307378138297206,2.660626720024902e-7|0.00003554901369578415,0.8,0.19999999999999996,0.6399999999999999,10,0.00003554901369578415,1,1,New Zealand,Colony of,10,0.185,1,1,Philippines,Colony of,10,0.31187499999999996
521-681,521,681,7.39568305758526,0.0000797541863804036|0.000008202542223932197,1,0,0,8,0.0000797541863804036,1,1,Somaliland Republic (British Somaliland),Protectorate of,8,0.24,1,1,Aden,Dependency of,8,0.04
521-6802,521,6802,7.7264525272235165,8.31635894773498e-7,1,0,0,8,8.31635894773498e-7,1,1,Somaliland Republic (British Somaliland),Protectorate of,8,0.24,1,,Perim I.,Possession of,8,0
521-750,521,750,2.609778266777084,2.8506714857409667e-8|0.000012692754529059975,0.4,0.6,0.96,bridge,0.000012692754529059975,1,1,Somaliland Republic (British Somaliland),Protectorate of,8,0.24,1,1,India,Colony of,8,0.4399999999999999
521-562,521,562,0.5165079535642096,2.2919398745357372e-7,0,1,0,bridge,2.2919398745357372e-7,1,1,Somaliland Republic (British Somaliland),Protectorate of,8,0.24,1,1,Natal,Colony of,7,0.327
200-4783,4783,200,0.9519567051384368,0.0006413782789198315,0.25,0.75,0.75,bridge,0.0006413782789198315,1,1,Southern Nigeria (Niger Coast Protectorate),Protectorate of,3,0.435,1,1,United Kingdom,Sovereign,2,0.1123469387755102
255-4783,4783,255,1.020043881921598,0.00044020639217109156,0.55,0.44999999999999996,0.99,3,0.00044020639217109156,1,1,Southern Nigeria (Niger Coast Protectorate),Protectorate of,3,0.435,1,1,Germany (Zollverein),Sovereign,3,0.23895833333333336
20-21,21,20,2.8299146592007935,0.0001388493664588767|0.0002378596306388935,1,0,0,9,0.0002378596306388935,1,1,Newfoundland and Labrador (Newfoundland),Colony of,9,0,1,1,Canada (Province of Canada),Colony of,9,0
21-231,21,231,2.9994745661342903,0.000018476152122915783,0,1,0,bridge,0.000018476152122915783,1,1,Newfoundland and Labrador (Newfoundland),Colony of,9,0,1,,Gibraltar,Colony of,0,0
1029-21,21,1029,1.996949336451415,6.408309499945693e-7,1,0,0,9,6.408309499945693e-7,1,1,Newfoundland and Labrador (Newfoundland),Colony of,9,0,1,1,St. Pierre and Miquelon,Colony of,9,0
21-235,21,235,3.7931690038474546,0.00014434128009853953,0,1,0,bridge,0.00014434128009853953,1,1,Newfoundland and Labrador (Newfoundland),Colony of,9,0,1,1,Portugal,Sovereign,7,0.05000000000000001
21-230,21,230,1.8773773579024737,0.00006302492574394988|0.000002430292463977032,0,1,0,bridge,0.00006302492574394988,1,1,Newfoundland and Labrador (Newfoundland),Colony of,9,0,1,1,Spain,Sovereign,6,0.25032258064516133
21-325,21,325,1.2714548465517457,0.00009897531398492636,0,1,0,bridge,0.00009897531398492636,1,1,Newfoundland and Labrador (Newfoundland),Colony of,9,0,1,1,Italy,Sovereign,0,0
2-21,21,2,0.8230851660540401,0.00009992743826116384|0.00023186486613551135,0,1,0,bridge,0.00023186486613551135,1,1,Newfoundland and Labrador (Newfoundland),Colony of,9,0,1,1,United States of America,Sovereign,4,0.13884615384615387
140-21,21,140,2.799608842000719,0.00014446784991250643,0,1,0,bridge,0.00014446784991250643,1,1,Newfoundland and Labrador (Newfoundland),Colony of,9,0,1,1,Brazil,Sovereign,2,0.21333333333333332
21-350,21,350,2.2731313568990252,0.000020662047018181957,0,1,0,bridge,0.000020662047018181957,1,1,Newfoundland and Labrador (Newfoundland),Colony of,9,0,1,1,Greece,Sovereign,0,0
200-511,511,200,0.5051470428982587,0.00004195808337479271|0.000058726493232983936,0,1,0,bridge,0.000058726493232983936,1,1,Zanzibar,Protectorate of,8,0.096,1,1,United Kingdom,Sovereign,2,0.1123469387755102
511-750,511,750,2.5229283307893327,0.00005520268318707667|0.00014060024990170098,0.4,0.6,0.96,bridge,0.00014060024990170098,1,1,Zanzibar,Protectorate of,8,0.096,1,1,India,Colony of,8,0.4399999999999999
255-511,511,255,0.11848799101640378,0.00004793423107750007,0,1,0,bridge,0.00004793423107750007,1,1,Zanzibar,Protectorate of,8,0.096,1,1,Germany (Zollverein),Sovereign,3,0.23895833333333336
510-511,511,510,6.7347906560237565,0.00005901422100827806|0.000025531454337393,1,0,0,8,0.00005901422100827806,1,1,Zanzibar,Protectorate of,8,0.096,1,1,German East Africa,Colony of,8,0.32
210-511,511,210,0.22610477291810097,0.00001427084154715071|0.0000029624178079820124,0,1,0,bridge,0.00001427084154715071,1,1,Zanzibar,Protectorate of,8,0.096,1,1,Netherlands,Sovereign,5,0.31300000000000006
220-511,511,220,0.9416471837697112,0.000050365283720539965,0,1,0,bridge,0.000050365283720539965,1,1,Zanzibar,Protectorate of,8,0.096,1,1,France,Sovereign,1,0
2-681,2,681,0.7359943950237815,0.00013372854767056006|0.00017337382544819563,0,1,0,bridge,0.00017337382544819563,1,1,United States of America,Sovereign,4,0.13884615384615387,1,1,Aden,Dependency of,8,0.04
2-30,2,30,2.3844778961900266,0.00008830077402810838|0.000028655329864199628,0,1,0,bridge,0.00008830077402810838,1,1,United States of America,Sovereign,4,0.13884615384615387,1,1,Bermuda,Colony of,9,0
110-2,2,110,1.0367439192442198,0.00013395589079541806|0.00015519891765342973,0,1,0,bridge,0.00015519891765342973,1,1,United States of America,Sovereign,4,0.13884615384615387,1,1,Guyana (British Guiana),Colony of,9,0
2-80,2,80,1.8143648308240494,0.00008506404965599063|0.00004929927511844713,1,0,0,4,0.00008506404965599063,1,1,United States of America,Sovereign,4,0.13884615384615387,1,1,Belize (British Honduras),Colony of,4,0
2-750,2,750,0.042125356726784025,0.0004846060918730864|0.0039694969835856716,0,1,0,bridge,0.0039694969835856716,1,1,United States of America,Sovereign,4,0.13884615384615387,1,1,India,Colony of,8,0.4399999999999999
2-20,2,20,1.4968717570113494,0.011439547224187616|0.006573597263424608,0,1,0,bridge,0.011439547224187616,1,1,United States of America,Sovereign,4,0.13884615384615387,1,1,Canada (Province of Canada),Colony of,9,0
155-2,2,155,0.7077175039862362,0.0006775469194406122|0.0010816613445295896,0,1,0,bridge,0.0010816613445295896,1,1,United States of America,Sovereign,4,0.13884615384615387,1,1,Chile,Sovereign,2,0.21928571428571428
2-710,2,710,0.36711876861748,0.003416858699293519|0.0016004775781486254,0,1,0,bridge,0.003416858699293519,1,1,United States of America,Sovereign,4,0.13884615384615387,1,1,People's Republic of China (China),Sovereign,5,0.08235294117647063
100-2,2,100,0.633660146416832,0.0002711086720040717,0.45,0.55,0.9900000000000001,bridge,0.0002711086720040717,1,1,United States of America,Sovereign,4,0.13884615384615387,1,,Colombia (New Granada) (Gran Colombia),Sovereign,6,0.198
2-40,2,40,2.2802691363811642,0.003629450972662668|0.007249902835765769,0.45,0.55,0.9900000000000001,bridge,0.007249902835765769,1,1,United States of America,Sovereign,4,0.13884615384615387,1,1,Cuba,Sovereign,6,0.198
2-5,2,5,1.4081670657896104,0.0000562027421312035,0,1,0,bridge,0.0000562027421312035,1,1,United States of America,Sovereign,4,0.13884615384615387,1,,Virgin Islands (Danish West Indies),Colony of,9,0
130-2,2,130,1.0122551370859647,0.0001567679929769526,0.8,0.19999999999999996,0.6399999999999999,4,0.0001567679929769526,1,1,United States of America,Sovereign,4,0.13884615384615387,1,,Ecuador,Sovereign,4,0.30999999999999994
2-90,2,90,1.3944461305280922,0.00021872036403765434,1,0,0,4,0.00021872036403765434,1,1,United States of America,Sovereign,4,0.13884615384615387,1,,Guatemala,Sovereign,4,0
2-41,2,41,1.5887836451050728,0.00024497172553352087,1,0,0,4,0.00024497172553352087,1,1,United States of America,Sovereign,4,0.13884615384615387,1,,Haiti,Sovereign,4,0
2-91,2,91,1.5319131998445006,0.00011183943509817362,1,0,0,4,0.00011183943509817362,1,1,United States of America,Sovereign,4,0.13884615384615387,1,,Honduras,Sovereign,4,0
2-70,2,70,2.073315340589038,0.004493540243289261|0.007013417256342217,1,0,0,4,0.007013417256342217,1,1,United States of America,Sovereign,4,0.13884615384615387,1,1,Mexico,Sovereign,4,0.33
2-210,2,210,0.39084042994082807,0.007450076618110833|0.002704462886277524,0.2,0.8,0.6400000000000001,bridge,0.007450076618110833,1,1,United States of America,Sovereign,4,0.13884615384615387,1,1,Netherlands,Sovereign,5,0.31300000000000006
2-93,2,93,1.523855034130039,0.00013170327650766843,1,0,0,4,0.00013170327650766843,1,1,United States of America,Sovereign,4,0.13884615384615387,1,,Nicaragua,Sovereign,4,0
2-95,2,95,1.8514783387532467,0.0009712104554673859,1,0,0,4,0.0009712104554673859,1,1,United States of America,Sovereign,4,0.13884615384615387,1,,Panama,Sovereign,4,0
135-2,2,135,0.6227759175535614,0.00037757154002341763,1,0,0,4,0.00037757154002341763,1,1,United States of America,Sovereign,4,0.13884615384615387,1,1,Peru,Sovereign,4,0
2-92,2,92,1.4777203937941383,0.00010807813896498079|0.000172729575950823,1,0,0,4,0.000172729575950823,1,1,United States of America,Sovereign,4,0.13884615384615387,1,1,El Salvador,Sovereign,4,0.09000000000000001
2-42,2,42,1.2524335880068238,0.0001479728270261208,0.45,0.55,0.9900000000000001,bridge,0.0001479728270261208,1,1,United States of America,Sovereign,4,0.13884615384615387,1,,Dominican Republic (Santo Domingo),Sovereign,6,0.165
380-385,380,385,2.6148566859191145,0.0007383341865386863|0.0003337913177500317,1,0,0,6,0.0007383341865386863,1,1,Sweden,Sovereign,6,0.18083333333333332,1,1,Norway,Sovereign,6,0.19727272727272727
210-380,380,210,0.3441215994483201,0.0005491102208308259|0.00037401472037002826,0.45,0.55,0.9900000000000001,bridge,0.0005491102208308259,1,1,Sweden,Sovereign,6,0.18083333333333332,1,1,Netherlands,Sovereign,5,0.31300000000000006
220-420,420,220,2.465392927984343,0.00008547339355986284,0,1,0,bridge,0.00008547339355986284,1,1,Gambia,Colony of,3,0.3775,1,1,France,Sovereign,1,0
210-420,420,210,1.1958932642611095,0.000013917738372450263,0,1,0,bridge,0.000013917738372450263,1,1,Gambia,Colony of,3,0.3775,1,1,Netherlands,Sovereign,5,0.31300000000000006
2-420,420,2,0.8273269683045098,2.3755595714508053e-7|0.00005751628816490404,0,1,0,bridge,0.00005751628816490404,1,1,Gambia,Colony of,3,0.3775,1,1,United States of America,Sovereign,4,0.13884615384615387
630-700,630,700,4.907608303704579,0.00002864915069438863,1,0,0,0,0.00002864915069438863,1,1,Iran (Persia),Sovereign,0,0,1,,Afghanistan,Protectorate of,0,0
630-750,630,750,0.9076353417046235,0.00013080110094721215|0.00009825532888186995,0,1,0,bridge,0.00013080110094721215,1,1,Iran (Persia),Sovereign,0,0,1,1,India,Colony of,8,0.4399999999999999
365-630,630,365,3.449567304638211,0.0013986033045624289|0.0012602062864277672,1,0,0,0,0.0013986033045624289,1,1,Iran (Persia),Sovereign,0,0,1,1,Russia (USSR),Sovereign,0,0
630-640,630,640,2.726013445148317,0.00036633853756142497,1,0,0,0,0.00036633853756142497,1,1,Iran (Persia),Sovereign,0,0,1,,Turkey (Ottoman Empire),Sovereign,0,0
40-70,70,40,0.599055416663357,0.00011688099751327214|0.00000968442582269459,0.45,0.55,0.9900000000000001,bridge,0.00011688099751327214,1,1,Mexico,Sovereign,4,0.33,1,1,Cuba,Sovereign,6,0.198
70-90,70,90,1.5252010697173974,0.000018907097064124286,1,0,0,4,0.000018907097064124286,1,1,Mexico,Sovereign,4,0.33,1,,Guatemala,Sovereign,4,0
70-91,70,91,1.9397192373639165,0.000012754174707686108,1,0,0,4,0.000012754174707686108,1,1,Mexico,Sovereign,4,0.33,1,,Honduras,Sovereign,4,0
210-211,210,211,1.0026015574062495,0.008161111736367618|0.004076041974093417,0,1,0,bridge,0.008161111736367618,1,1,Netherlands,Sovereign,5,0.31300000000000006,1,1,Belgium,Sovereign,1,0
155-210,210,155,0.1993443000066022,0.000017864804220795627|0.00028195366789094295,0,1,0,bridge,0.00028195366789094295,1,1,Netherlands,Sovereign,5,0.31300000000000006,1,1,Chile,Sovereign,2,0.21928571428571428
210-350,210,350,0.9726254226385416,0.00005834207986931941|0.00017814210515484962,0,1,0,bridge,0.00017814210515484962,1,1,Netherlands,Sovereign,5,0.31300000000000006,1,1,Greece,Sovereign,0,0
115-210,210,115,0.29891063882861885,0.00013710113712755797,0.35,0.65,0.9099999999999999,bridge,0.00013710113712755797,1,1,Netherlands,Sovereign,5,0.31300000000000006,1,,Surinam (Dutch Guiana),Colony of,5,0.22749999999999998
210-385,210,385,0.9770439055182568,0.00029631295971788374|0.0005081514818066065,0.45,0.55,0.9900000000000001,bridge,0.0005081514818066065,1,1,Netherlands,Sovereign,5,0.31300000000000006,1,1,Norway,Sovereign,6,0.19727272727272727
210-360,210,360,1.1172881245578692,0.00006955368546577648|0.0008337711465395961,0,1,0,bridge,0.0008337711465395961,1,1,Netherlands,Sovereign,5,0.31300000000000006,1,1,Romania,Sovereign,0,0
210-365,210,365,1.005046461950135,0.00031647700434397734|0.004284210305164113,0,1,0,bridge,0.004284210305164113,1,1,Netherlands,Sovereign,5,0.31300000000000006,1,1,Russia (USSR),Sovereign,0,0
20-30,20,30,2.169197055875147,0.00003062692156839065|2.1627094338488134e-7,1,0,0,9,0.00003062692156839065,1,1,Canada (Province of Canada),Colony of,9,0,1,1,Bermuda,Colony of,9,0
110-20,20,110,2.692673650763977,0.00003785536571999151|0.00017898834133623525,1,0,0,9,0.00017898834133623525,1,1,Canada (Province of Canada),Colony of,9,0,1,1,Guyana (British Guiana),Colony of,9,0
20-950,20,950,0.33514661839051285,0.000004654123806848253,0,1,0,bridge,0.000004654123806848253,1,1,Canada (Province of Canada),Colony of,9,0,1,1,Fiji,Colony of,10,0
20-6,20,6,2.6938093023475025,0.00004044691744060757,0,1,0,bridge,0.00004044691744060757,1,1,Canada (Province of Canada),Colony of,9,0,1,1,Puerto Rico,Colony of,6,0.12375000000000001
1029-20,20,1029,1.9028393925900495,0.000011541638499013535,1,0,0,9,0.000011541638499013535,1,1,Canada (Province of Canada),Colony of,9,0,1,1,St. Pierre and Miquelon,Colony of,9,0
562-780,780,562,0.04546053453934201,0.000005038320484031877,0.25,0.75,0.75,bridge,0.000005038320484031877,1,1,Sri Lanka (Ceylon),Colony of,10,0.37142857142857144,1,1,Natal,Colony of,7,0.327
20-780,780,20,0.2023431450350312,0.00006698125226957268,0,1,0,bridge,0.00006698125226957268,1,1,Sri Lanka (Ceylon),Colony of,10,0.37142857142857144,1,1,Canada (Province of Canada),Colony of,9,0
750-780,780,750,2.286337526854256,0.00020555460360515993|0.0016213677063252852,0.55,0.44999999999999996,0.99,10,0.0016213677063252852,1,1,Sri Lanka (Ceylon),Colony of,10,0.37142857142857144,1,1,India,Colony of,8,0.4399999999999999
780-781,780,781,4.82285981662441,0.000002698203753246033,1,0,0,10,0.000002698203753246033,1,1,Sri Lanka (Ceylon),Colony of,10,0.37142857142857144,1,,Maldive Islands,Protectorate of,10,0.495
338-780,780,338,0.3151908642529043,0.000002595584661170206,0,1,0,bridge,0.000002595584661170206,1,1,Sri Lanka (Ceylon),Colony of,10,0.37142857142857144,1,1,Malta,Colony of,0,0
2-780,780,2,0.055433700209654456,0.00026264938670765613,0,1,0,bridge,0.00026264938670765613,1,1,Sri Lanka (Ceylon),Colony of,10,0.37142857142857144,1,1,United States of America,Sovereign,4,0.13884615384615387
780-8151,780,8151,4.576930880277867,2.5694153953028873e-7,0.7,0.30000000000000004,0.8400000000000001,10,2.5694153953028873e-7,1,1,Sri Lanka (Ceylon),Colony of,10,0.37142857142857144,1,,Cochin China,Colony of,10,0.42000000000000004
300-780,780,300,0.11844196693158773,0.00007637833075787605,0,1,0,bridge,0.00007637833075787605,1,1,Sri Lanka (Ceylon),Colony of,10,0.37142857142857144,1,1,Austria-Hungary (Austrian Empire),Sovereign,0,0
561-565,561,565,2.6641765290160246,0.00011927665603777922|1.6735840425093737e-7,1,0,0,7,0.00011927665603777922,1,1,Cape Colony (Cape of Good Hope),Colony of,7,0,1,1,Namibia (South West Africa) (German South West Africa),Colony of,7,0
562-750,562,750,0.6165208594531177,2.280537188592773e-8|0.0001365944212878789,0.3,0.7,0.84,bridge,0.0001365944212878789,1,1,Natal,Colony of,7,0.327,1,1,India,Colony of,8,0.4399999999999999
255-562,562,255,0.2921391231303317,0.00014285170922485703,0,1,0,bridge,0.00014285170922485703,1,1,Natal,Colony of,7,0.327,1,1,Germany (Zollverein),Sovereign,3,0.23895833333333336
562-565,562,565,2.6260000193220785,0.000005747333804785221,1,0,0,7,0.000005747333804785221,1,1,Natal,Colony of,7,0.327,1,1,Namibia (South West Africa) (German South West Africa),Colony of,7,0
1032-200,1032,200,1.511262931514191,2.964698345170605e-7,0,1,0,bridge,2.964698345170605e-7,1,1,Turks and Caicos Is.,Dependency of,9,0,1,1,United Kingdom,Sovereign,2,0.1123469387755102
135-155,155,135,1.2547454526279591,0.00003255688572484387,0,1,0,bridge,0.00003255688572484387,1,1,Chile,Sovereign,2,0.21928571428571428,1,1,Peru,Sovereign,4,0
155-211,155,211,0.5213189854895974,0.00011284696864479874|0.00040383077496634835,0,1,0,bridge,0.00040383077496634835,1,1,Chile,Sovereign,2,0.21928571428571428,1,1,Belgium,Sovereign,1,0
155-160,155,160,0.21093802677360052,0.000046811784391511355|0.00010555784909037432,1,0,0,2,0.00010555784909037432,1,1,Chile,Sovereign,2,0.21928571428571428,1,1,Argentina (La Plata),Sovereign,2,0.17454545454545453
145-155,155,145,2.6449024942965633,0.000019446958115745687,1,0,0,2,0.000019446958115745687,1,1,Chile,Sovereign,2,0.21928571428571428,1,,Bolivia,Sovereign,2,0.48
130-155,155,130,0.4761909203563851,0.000004203687168444178,0,1,0,bridge,0.000004203687168444178,1,1,Chile,Sovereign,2,0.21928571428571428,1,,Ecuador,Sovereign,4,0.30999999999999994
1163-155,155,1163,1.243874135018953,3.3875735424389587e-7,0.6,0.4,0.96,2,3.3875735424389587e-7,1,1,Chile,Sovereign,2,0.21928571428571428,1,1,Falkland Is.,Colony of,2,0.48
300-365,300,365,0.592955593496784,0.001097324845905568|0.0017875636060757734,1,0,0,0,0.0017875636060757734,1,1,Austria-Hungary (Austrian Empire),Sovereign,0,0,1,1,Russia (USSR),Sovereign,0,0
300-360,300,360,2.193763043017292,0.001597577539680318|0.0004846630472932877,1,0,0,0,0.001597577539680318,1,1,Austria-Hungary (Austrian Empire),Sovereign,0,0,1,1,Romania,Sovereign,0,0
300-640,300,640,1.4292711271770087,0.0017992587091821403,1,0,0,0,0.0017992587091821403,1,1,Austria-Hungary (Austrian Empire),Sovereign,0,0,1,,Turkey (Ottoman Empire),Sovereign,0,0
300-355,300,355,2.03950345772322,0.00028923008360999124|0.00012393764710800362,1,0,0,0,0.00028923008360999124,1,1,Austria-Hungary (Austrian Empire),Sovereign,0,0,1,1,Bulgaria,Vassal of,0,0
300-341,300,341,3.233015882257831,0.000038421477310195515,1,0,0,0,0.000038421477310195515,1,1,Austria-Hungary (Austrian Empire),Sovereign,0,0,1,,Montenegro,Sovereign,0,0
300-350,300,350,1.405852069389444,0.0003291296657944552|0.00017309081987172844,1,0,0,0,0.0003291296657944552,1,1,Austria-Hungary (Austrian Empire),Sovereign,0,0,1,1,Greece,Sovereign,0,0
300-750,300,750,0.3863003403454923,0.0011476331570456299|0.0015291088487569503,0,1,0,bridge,0.0015291088487569503,1,1,Austria-Hungary (Austrian Empire),Sovereign,0,0,1,1,India,Colony of,8,0.4399999999999999
200-53,53,200,1.2241469483133822,0.000060317548011558826|0.00044281836743109313,0,1,0,bridge,0.00044281836743109313,1,1,Barbados,Colony of,9,0,1,1,United Kingdom,Sovereign,2,0.1123469387755102
20-53,53,20,3.0033707771415648,0.00009244727628257954|0.00009067985996142015,1,0,0,9,0.00009244727628257954,1,1,Barbados,Colony of,9,0,1,1,Canada (Province of Canada),Colony of,9,0
110-53,53,110,2.9080450449472632,0.000001916411417480794|0.000006327350429750649,1,0,0,9,0.000006327350429750649,1,1,Barbados,Colony of,9,0,1,1,Guyana (British Guiana),Colony of,9,0
21-53,53,21,4.557181801096127,0.000017384154899111277|0.000010843194152695773,1,0,0,9,0.000017384154899111277,1,1,Barbados,Colony of,9,0,1,1,Newfoundland and Labrador (Newfoundland),Colony of,9,0
30-53,53,30,3.10543637230591,0.000001014839048923784|9.122148754371093e-8,1,0,0,9,0.000001014839048923784,1,1,Barbados,Colony of,9,0,1,1,Bermuda,Colony of,9,0
2-53,53,2,1.0749910615537581,0.00005685607264880643|0.00037102135539122114,0,1,0,bridge,0.00037102135539122114,1,1,Barbados,Colony of,9,0,1,1,United States of America,Sovereign,4,0.13884615384615387
120-53,53,120,2.8694796455748666,6.955638425207959e-7,1,0,0,9,6.955638425207959e-7,1,1,Barbados,Colony of,9,0,1,1,French Guiana,Colony of,9,0
710-720,710,720,3.334195966480624,0.0051759434170509325,1,0,0,5,0.0051759434170509325,1,1,People's Republic of China (China),Sovereign,5,0.08235294117647063,1,,Hong Kong,Colony of,5,0.10200000000000002
710-721,710,721,4.356472877578805,0.00028868434582595743,1,0,0,5,0.00028868434582595743,1,1,People's Republic of China (China),Sovereign,5,0.08235294117647063,1,,Macao,Colony of,5,0
710-800,710,800,1.6147750591759047,0.0000940995294349594,1,0,0,5,0.0000940995294349594,1,1,People's Republic of China (China),Sovereign,5,0.08235294117647063,1,1,Thailand (Siam),Sovereign,5,0.027142857142857142
710-750,710,750,0.791506553550794,0.00010947495471237383|0.0020269259803252244,0.05,0.95,0.19,bridge,0.0020269259803252244,1,1,People's Republic of China (China),Sovereign,5,0.08235294117647063,1,1,India,Colony of,8,0.4399999999999999
220-710,710,220,0.6488584262422872,0.001586365547509582|0.00041866072930928777,0,1,0,bridge,0.001586365547509582,1,1,People's Republic of China (China),Sovereign,5,0.08235294117647063,1,1,France,Sovereign,1,0
325-710,710,325,0.31483203081953814,0.0005202314881567574|0.000046475930558607274,0,1,0,bridge,0.0005202314881567574,1,1,People's Republic of China (China),Sovereign,5,0.08235294117647063,1,1,Italy,Sovereign,0,0
710-730,710,730,1.7939567540467867,0.00009004093262647487,0.95,0.050000000000000044,0.19000000000000017,5,0.00009004093262647487,1,1,People's Republic of China (China),Sovereign,5,0.08235294117647063,1,,Korea (Chosen),Occupied by,5,0.1266666666666668
211-600,600,211,0.9451538174166048,4.333214118879885e-8|0.0000478463999886263,1,0,0,1,0.0000478463999886263,1,1,Morocco,Sovereign,1,0,1,1,Belgium,Sovereign,1,0
600-651,600,651,0.6977882361867779,0.000008884086474683346,0,1,0,bridge,0.000008884086474683346,1,1,Morocco,Sovereign,1,0,1,1,Egypt Arab Republic (Egypt),Occupied by,0,0
220-681,681,220,0.12056466219171001,0.00007006505888502094,0,1,0,bridge,0.00007006505888502094,1,1,Aden,Dependency of,8,0.04,1,1,France,Sovereign,1,0
510-681,681,510,0.6059178586234492,4.066144960588095e-7,1,0,0,8,4.066144960588095e-7,1,1,Aden,Dependency of,8,0.04,1,1,German East Africa,Colony of,8,0.32
6802-681,681,6802,6.754649389339566,0.0000037032560048765248,1,0,0,8,0.0000037032560048765248,1,1,Aden,Dependency of,8,0.04,1,,Perim I.,Possession of,8,0
630-681,681,630,0.37627859110280804,0.000002310390477324909,0,1,0,bridge,0.000002310390477324909,1,1,Aden,Dependency of,8,0.04,1,1,Iran (Persia),Sovereign,0,0
365-385,385,365,0.14538059650194946,0.00011320106139844887|0.000251737765040984,0,1,0,bridge,0.000251737765040984,1,1,Norway,Sovereign,6,0.19727272727272727,1,1,Russia (USSR),Sovereign,0,0
385-395,385,395,3.262964314359363,0.00003677929260711154|0.00003702923496812193,1,0,0,6,0.00003702923496812193,1,1,Norway,Sovereign,6,0.19727272727272727,1,1,Iceland,Colony of,6,0.165
11-385,385,11,0.5232985218190622,0.000002656734069368946,1,0,0,6,0.000002656734069368946,1,1,Norway,Sovereign,6,0.19727272727272727,1,,Faeroe Is.,Colony of,6,0
211-360,360,211,1.8609496955942162,0.002318476767794709|0.00040594866424265296,0,1,0,bridge,0.002318476767794709,1,1,Romania,Sovereign,0,0,1,1,Belgium,Sovereign,1,0
355-360,360,355,2.0576904521893113,0.00005970789960672295|0.00001694821759825629,1,0,0,0,0.00005970789960672295,1,1,Romania,Sovereign,0,0,1,1,Bulgaria,Vassal of,0,0
350-360,360,350,0.09471898643209437,0.000016062750837715596|0.000009801542921994984,1,0,0,0,0.000016062750837715596,1,1,Romania,Sovereign,0,0,1,1,Greece,Sovereign,0,0
360-365,360,365,1.2123785112132826,0.00004139542923962309|0.0006977690999180828,1,0,0,0,0.0006977690999180828,1,1,Romania,Sovereign,0,0,1,1,Russia (USSR),Sovereign,0,0
360-640,360,640,1.5829239894250193,0.0004253182548177325,1,0,0,0,0.0004253182548177325,1,1,Romania,Sovereign,0,0,1,,Turkey (Ottoman Empire),Sovereign,0,0
200-51,51,200,1.2199002974608537,0.0001600918101915555|0.00006792542007270432,0,1,0,bridge,0.0001600918101915555,1,1,Jamaica,Colony of,9,0,1,1,United Kingdom,Sovereign,2,0.1123469387755102
2-51,51,2,1.8880718698951908,0.0004049926174420305|0.00005691232589945839,0,1,0,bridge,0.0004049926174420305,1,1,Jamaica,Colony of,9,0,1,1,United States of America,Sovereign,4,0.13884615384615387
20-51,51,20,1.6431281375104798,0.000056444055596734|0.000013909756492290189,1,0,0,9,0.000056444055596734,1,1,Jamaica,Colony of,9,0,1,1,Canada (Province of Canada),Colony of,9,0
30-51,51,30,1.9660204541357469,9.55545082020372e-7|1.9764655634470702e-8,1,0,0,9,9.55545082020372e-7,1,1,Jamaica,Colony of,9,0,1,1,Bermuda,Colony of,9,0
110-51,51,110,2.352467729922095,6.047224445085171e-7|9.703685737462251e-7,1,0,0,9,9.703685737462251e-7,1,1,Jamaica,Colony of,9,0,1,1,Guyana (British Guiana),Colony of,9,0
220-92,92,220,1.4020654299093882,0.00011975836823694854|0.000006921810456910499,0,1,0,bridge,0.00011975836823694854,1,1,El Salvador,Sovereign,4,0.09000000000000001,1,1,France,Sovereign,1,0
325-92,92,325,1.2488857385651566,0.00004705870389159691,0,1,0,bridge,0.00004705870389159691,1,1,El Salvador,Sovereign,4,0.09000000000000001,1,1,Italy,Sovereign,0,0
300-92,92,300,0.2586420512009035,0.000013936616152511391,0,1,0,bridge,0.000013936616152511391,1,1,El Salvador,Sovereign,4,0.09000000000000001,1,1,Austria-Hungary (Austrian Empire),Sovereign,0,0
91-92,92,91,3.6062436891541005,0.0000030165835827946736,1,0,0,4,0.0000030165835827946736,1,1,El Salvador,Sovereign,4,0.09000000000000001,1,,Honduras,Sovereign,4,0
92-94,92,94,2.240045806504306,0.000001357462612257603,1,0,0,4,0.000001357462612257603,1,1,El Salvador,Sovereign,4,0.09000000000000001,1,1,Costa Rica,Sovereign,4,0
92-95,92,95,2.575260086008443,0.000006787313061288016,1,0,0,4,0.000006787313061288016,1,1,El Salvador,Sovereign,4,0.09000000000000001,1,,Panama,Sovereign,4,0
135-92,92,135,1.7952213134638069,0.000004132719508428703,1,0,0,4,0.000004132719508428703,1,1,El Salvador,Sovereign,4,0.09000000000000001,1,1,Peru,Sovereign,4,0
810-850,810,850,2.5381474623505804,0.00013593626712663304,1,0,0,5,0.00013593626712663304,1,1,French Indochina,Colony of,5,0.08500000000000002,1,1,Indonesia (Dutch East Indies),Colony of,5,0.09166666666666666
100-40,40,100,0.4640129167240544,0.000014586115764985802,1,0,0,6,0.000014586115764985802,1,1,Cuba,Sovereign,6,0.198,1,,Colombia (New Granada) (Gran Colombia),Sovereign,6,0.198
1029-40,40,1029,1.1081635215897137,0.000002410384938253494,0,1,0,bridge,0.000002410384938253494,1,1,Cuba,Sovereign,6,0.198,1,1,St. Pierre and Miquelon,Colony of,9,0
40-6,40,6,2.383895878419262,0.000004137410094661874|0.00012388439471608056,1,0,0,6,0.00012388439471608056,1,1,Cuba,Sovereign,6,0.198,1,1,Puerto Rico,Colony of,6,0.12375000000000001
40-9205,40,9205,4.768219701268652,5.44606129393054e-7,1,0,0,6,5.44606129393054e-7,1,1,Cuba,Sovereign,6,0.198,1,,Auckland Is.,Possession of,6,0
20-31,31,20,2.116059156033467,7.67020674430036e-7|0.000016135940877888167,1,0,0,9,0.000016135940877888167,1,1,Bahamas,Colony of,9,0,1,1,Canada (Province of Canada),Colony of,9,0
31-51,31,51,3.557347365138791,4.1125687300956346e-7|5.663645395347534e-7,1,0,0,9,5.663645395347534e-7,1,1,Bahamas,Colony of,9,0,1,1,Jamaica,Colony of,9,0
2-31,31,2,1.9273265874308854,0.00004803609507192388|0.00006602193169929222,0,1,0,bridge,0.00006602193169929222,1,1,Bahamas,Colony of,9,0,1,1,United States of America,Sovereign,4,0.13884615384615387
210-31,31,210,0.4395987452814044,0.000004702467682878298|3.8008953143212884e-8,0,1,0,bridge,0.000004702467682878298,1,1,Bahamas,Colony of,9,0,1,1,Netherlands,Sovereign,5,0.31300000000000006
220-31,31,220,0.44327339058313814,0.000008144178389996226|3.781890837749682e-7,0,1,0,bridge,0.000008144178389996226,1,1,Bahamas,Colony of,9,0,1,1,France,Sovereign,1,0
31-40,31,40,1.2164802823825407,0.0000017176245925417904|2.2539309213925243e-7,0,1,0,bridge,0.0000017176245925417904,1,1,Bahamas,Colony of,9,0,1,1,Cuba,Sovereign,6,0.198
160-211,160,211,1.0186296250995381,0.001951979158185506|0.000986921488044698,0,1,0,bridge,0.001951979158185506,1,1,Argentina (La Plata),Sovereign,2,0.17454545454545453,1,1,Belgium,Sovereign,1,0
145-160,160,145,2.060937163664816,0.00002503440766677384,1,0,0,2,0.00002503440766677384,1,1,Argentina (La Plata),Sovereign,2,0.17454545454545453,1,,Bolivia,Sovereign,2,0.48
140-160,160,140,1.9153820776618975,0.0009059459503832122,1,0,0,2,0.0009059459503832122,1,1,Argentina (La Plata),Sovereign,2,0.17454545454545453,1,1,Brazil,Sovereign,2,0.21333333333333332
160-220,160,220,0.7576588185050803,0.0019627943776267917|0.0017230080556411122,0,1,0,bridge,0.0019627943776267917,1,1,Argentina (La Plata),Sovereign,2,0.17454545454545453,1,1,France,Sovereign,1,0
150-160,160,150,2.049423121249092,0.00001561909705292172,1,0,0,2,0.00001561909705292172,1,1,Argentina (La Plata),Sovereign,2,0.17454545454545453,1,,Paraguay,Sovereign,2,0.48
220-900,220,900,0.2293946285320408,0.00011789002485965505|0.0021106580729668405,0,1,0,bridge,0.0021106580729668405,1,1,France,Sovereign,1,0,1,1,Australia,Colony of,10,0.09592592592592591
211-220,220,211,1.152915165310096,0.012145695381694717|0.00817418755316911,1,0,0,1,0.012145695381694717,1,1,France,Sovereign,1,0,1,1,Belgium,Sovereign,1,0
140-220,220,140,0.11016440500523142,0.0008252301740175853,0,1,0,bridge,0.0008252301740175853,1,1,France,Sovereign,1,0,1,1,Brazil,Sovereign,2,0.21333333333333332
220-355,220,355,0.2159467126459977,0.000031739622077599436|0.00013568286402960777,0,1,0,bridge,0.00013568286402960777,1,1,France,Sovereign,1,0,1,1,Bulgaria,Vassal of,0,0
100-220,220,100,0.8068119913062342,0.00018892632189047284,0,1,0,bridge,0.00018892632189047284,1,1,France,Sovereign,1,0,1,,Colombia (New Granada) (Gran Colombia),Sovereign,6,0.198
220-651,220,651,0.3588003743357497,0.0009400973777269928|0.0008246065189791922,0,1,0,bridge,0.0009400973777269928,1,1,France,Sovereign,1,0,1,1,Egypt Arab Republic (Egypt),Occupied by,0,0
220-350,220,350,0.2692515119085589,0.00023426863914418632|0.00012281554566882018,0,1,0,bridge,0.00023426863914418632,1,1,France,Sovereign,1,0,1,1,Greece,Sovereign,0,0
220-750,220,750,0.000305009652325732,0.0003219304525013657|0.0028468778060300494,0,1,0,bridge,0.0028468778060300494,1,1,France,Sovereign,1,0,1,1,India,Colony of,8,0.4399999999999999
220-235,220,235,0.392969066222262,0.0004050580341331738|0.00007762741061085739,0,1,0,bridge,0.0004050580341331738,1,1,France,Sovereign,1,0,1,1,Portugal,Sovereign,7,0.05000000000000001
220-365,220,365,0.11511776140279795,0.0010111336747578106|0.0030360242608797835,0,1,0,bridge,0.0030360242608797835,1,1,France,Sovereign,1,0,1,1,Russia (USSR),Sovereign,0,0
220-380,220,380,0.14019555245085452,0.0001662551632636161|0.0007727182165062036,0,1,0,bridge,0.0007727182165062036,1,1,France,Sovereign,1,0,1,1,Sweden,Sovereign,6,0.18083333333333332
211-235,235,211,0.30179113541586333,0.00007555777750146566|0.0001872243949679632,0,1,0,bridge,0.0001872243949679632,1,1,Portugal,Sovereign,7,0.05000000000000001,1,1,Belgium,Sovereign,1,0
140-235,235,140,2.9327275228513106,0.0004358922201526347,0,1,0,bridge,0.0004358922201526347,1,1,Portugal,Sovereign,7,0.05000000000000001,1,1,Brazil,Sovereign,2,0.21333333333333332
235-385,235,385,1.0580028575441678,0.000011754869300998401|0.0000510076258530333,0,1,0,bridge,0.0000510076258530333,1,1,Portugal,Sovereign,7,0.05000000000000001,1,1,Norway,Sovereign,6,0.19727272727272727
235-365,235,365,0.31196343802674986,0.00007513738327612045|0.00003096686002462656,0,1,0,bridge,0.00007513738327612045,1,1,Portugal,Sovereign,7,0.05000000000000001,1,1,Russia (USSR),Sovereign,0,0
235-380,235,380,0.21817089099814935,0.000015894135519781883|0.0000448168901138128,0,1,0,bridge,0.0000448168901138128,1,1,Portugal,Sovereign,7,0.05000000000000001,1,1,Sweden,Sovereign,6,0.18083333333333332
235-540,235,540,5.3615552876976444,0.00017724467300900203,1,0,0,7,0.00017724467300900203,1,1,Portugal,Sovereign,7,0.05000000000000001,1,,Angola,Colony of,7,0.3450000000000001
235-402,235,402,4.207072023512545,0.000020898443702256443,1,0,0,7,0.000020898443702256443,1,1,Portugal,Sovereign,7,0.05000000000000001,1,,Cape Verde,Colony of,7,0
235-404,235,404,1.6588247994156191,0.000004583913957129362,0.2,0.8,0.6400000000000001,bridge,0.000004583913957129362,1,1,Portugal,Sovereign,7,0.05000000000000001,1,,Guinea-Bissau (Portuguese Guinea),Colony of,3,0.5033333333333333
235-403,235,403,5.484295143492977,0.00006618783697886788,1,0,0,7,0.00006618783697886788,1,1,Portugal,Sovereign,7,0.05000000000000001,1,,Sao Tome-Principe,Colony of,7,0.3028571428571429
235-752,235,752,3.483990423062246,0.0000023202527437321467,1,0,0,7,0.0000023202527437321467,1,1,Portugal,Sovereign,7,0.05000000000000001,1,,Portuguese India,Colony of,7,0.12800000000000003
352-625,352,625,2.484811637515163,1.9764655634470702e-8,0,1,0,bridge,1.9764655634470702e-8,1,1,Cyprus,Protectorate of,0,0,1,,Sudan (Anglo-Egyptian Sudan) (Mahdist State),Protectorate of,8,0
352-640,352,640,1.7066227144536923,0.000011308803828700131,1,0,0,0,0.000011308803828700131,1,1,Cyprus,Protectorate of,0,0,1,,Turkey (Ottoman Empire),Sovereign,0,0
352-651,352,651,3.7062927345584593,0.00006110053244630902,1,0,0,0,0.00006110053244630902,1,1,Cyprus,Protectorate of,0,0,1,1,Egypt Arab Republic (Egypt),Occupied by,0,0
300-352,352,300,0.8548428045914787,0.000009493116137048851,1,0,0,0,0.000009493116137048851,1,1,Cyprus,Protectorate of,0,0,1,1,Austria-Hungary (Austrian Empire),Sovereign,0,0
220-352,352,220,0.8201999316202844,0.000025114795878909347,0,1,0,bridge,0.000025114795878909347,1,1,Cyprus,Protectorate of,0,0,1,1,France,Sovereign,1,0
350-352,352,350,1.4894860203944427,0.000001722185666918976,1,0,0,0,0.000001722185666918976,1,1,Cyprus,Protectorate of,0,0,1,1,Greece,Sovereign,0,0
352-360,352,360,1.966592493853338,0.000006062808115873888,1,0,0,0,0.000006062808115873888,1,1,Cyprus,Protectorate of,0,0,1,1,Romania,Sovereign,0,0
5518-553,553,5518,11.149862306079248,3.534832642318799e-8,1,0,0,11,3.534832642318799e-8,1,1,Malawi (Nyasaland) (British Central Africa Protectorate),Protectorate of,11,0.32,1,,Northeastern Rhodesia,Protectorate of,11,0
1033-80,80,1033,9.293149364046336,3.3257834000311275e-9,1,0,0,4,3.3257834000311275e-9,1,1,Belize (British Honduras),Colony of,4,0,1,,Cayman Is.,Dependency of,4,0
80-91,80,91,2.6854348162233013,2.448410064975297e-7,1,0,0,4,2.448410064975297e-7,1,1,Belize (British Honduras),Colony of,4,0,1,,Honduras,Sovereign,4,0
211-350,350,211,0.3640435147319365,0.000048685678358733293|0.0001304142523380762,0,1,0,bridge,0.0001304142523380762,1,1,Greece,Sovereign,0,0,1,1,Belgium,Sovereign,1,0
350-355,350,355,3.644718227272984,7.930220146616976e-7|0.00014692801564832647,1,0,0,0,0.00014692801564832647,1,1,Greece,Sovereign,0,0,1,1,Bulgaria,Vassal of,0,0
350-365,350,365,1.4678648838125872,0.00007387830813396329|0.0004123622597184841,1,0,0,0,0.0004123622597184841,1,1,Greece,Sovereign,0,0,1,1,Russia (USSR),Sovereign,0,0
350-640,350,640,1.6068444600536973,0.00010755942777994373,1,0,0,0,0.00010755942777994373,1,1,Greece,Sovereign,0,0,1,,Turkey (Ottoman Empire),Sovereign,0,0
365-700,365,700,2.8301642208189755,0.00007511522341197531,1,0,0,0,0.00007511522341197531,1,1,Russia (USSR),Sovereign,0,0,1,,Afghanistan,Protectorate of,0,0
255-365,365,255,1.1744289864927029,0.01129691180427188|0.008499947398122607,0,1,0,bridge,0.01129691180427188,1,1,Russia (USSR),Sovereign,0,0,1,1,Germany (Zollverein),Sovereign,3,0.23895833333333336
365-710,365,710,1.4170581082567804,0.0022829880874809315|0.0011752307355020128,0,1,0,bridge,0.0022829880874809315,1,1,Russia (USSR),Sovereign,0,0,1,1,People's Republic of China (China),Sovereign,5,0.08235294117647063
365-640,365,640,0.18608556046579147,0.0006048457811407671,1,0,0,0,0.0006048457811407671,1,1,Russia (USSR),Sovereign,0,0,1,,Turkey (Ottoman Empire),Sovereign,0,0
365-380,365,380,0.4756906952576626,0.0003805441467664457|0.00037138112594806014,0,1,0,bridge,0.0003805441467664457,1,1,Russia (USSR),Sovereign,0,0,1,1,Sweden,Sovereign,6,0.18083333333333332
365-740,365,740,0.11069885371419078,0.00003527046719781006|0.0004099214781432997,0,1,0,bridge,0.0004099214781432997,1,1,Russia (USSR),Sovereign,0,0,1,1,Japan,Sovereign,5,0.09733333333333336
231-365,365,231,2.338712525973296,0.00042606373730655133,1,0,0,0,0.00042606373730655133,1,1,Russia (USSR),Sovereign,0,0,1,,Gibraltar,Colony of,0,0
338-365,365,338,0.36631468263576267,0.00001701422492513374|3.7172756174062205e-7,1,0,0,0,0.00001701422492513374,1,1,Russia (USSR),Sovereign,0,0,1,1,Malta,Colony of,0,0
200-338,338,200,1.433888931763318,9.300790834144194e-7|0.00038227656659598933,0,1,0,bridge,0.00038227656659598933,1,1,Malta,Colony of,0,0,1,1,United Kingdom,Sovereign,2,0.1123469387755102
231-338,338,231,1.9752125975984027,8.209933878933983e-8,1,0,0,0,8.209933878933983e-8,1,1,Malta,Colony of,0,0,1,,Gibraltar,Colony of,0,0
220-338,338,220,1.0615472110553532,0.000002168030687288863|0.00001708236381115417,0,1,0,bridge,0.00001708236381115417,1,1,Malta,Colony of,0,0,1,1,France,Sovereign,1,0
338-615,338,615,0.7201587464749525,1.4063312662988768e-7|0.00000238354145161088,0,1,0,bridge,0.00000238354145161088,1,1,Malta,Colony of,0,0,1,1,Algeria (Regency of Algiers),Colony of,1,0
338-350,338,350,3.1989796336145653,6.453920243717548e-7,1,0,0,0,6.453920243717548e-7,1,1,Malta,Colony of,0,0,1,1,Greece,Sovereign,0,0
338-640,338,640,2.655065836988987,0.000001979886369229959,1,0,0,0,0.000001979886369229959,1,1,Malta,Colony of,0,0,1,,Turkey (Ottoman Empire),Sovereign,0,0
338-651,338,651,2.789651573367657,0.0000016568102675126498|9.677079470262002e-7,1,0,0,0,0.0000016568102675126498,1,1,Malta,Colony of,0,0,1,1,Egypt Arab Republic (Egypt),Occupied by,0,0
110-30,110,30,2.7077912505222255,4.325418867697627e-7|1.987868249390034e-7,1,0,0,9,4.325418867697627e-7,1,1,Guyana (British Guiana),Colony of,9,0,1,1,Bermuda,Colony of,9,0
110-21,110,21,0.14475014321111554,5.568311635480688e-7,1,0,0,9,5.568311635480688e-7,1,1,Guyana (British Guiana),Colony of,9,0,1,1,Newfoundland and Labrador (Newfoundland),Colony of,9,0
110-115,110,115,0.7650408924706661,0.0000021132977947626367,0,1,0,bridge,0.0000021132977947626367,1,1,Guyana (British Guiana),Colony of,9,0,1,,Surinam (Dutch Guiana),Colony of,5,0.22749999999999998
110-68,110,68,0.2286710713847883,7.179891248752914e-7,0,1,0,bridge,7.179891248752914e-7,1,1,Guyana (British Guiana),Colony of,9,0,1,,Netherlands Antilles,Colony of,5,0
110-120,110,120,2.29515128093372,0.0000010346037045582547,1,0,0,9,0.0000010346037045582547,1,1,Guyana (British Guiana),Colony of,9,0,1,1,French Guiana,Colony of,9,0
110-5,110,5,1.1763788155713042,2.1094968994483153e-7,1,0,0,9,2.1094968994483153e-7,1,1,Guyana (British Guiana),Colony of,9,0,1,,Virgin Islands (Danish West Indies),Colony of,9,0
200-750,750,200,1.5484659507310345,0.011924614470634226|0.017172941807121166,0,1,0,bridge,0.017172941807121166,1,1,India,Colony of,8,0.4399999999999999,1,1,United Kingdom,Sovereign,2,0.1123469387755102
681-750,750,681,2.377154502279759,0.0002844650522027144|0.00005271422584568666,0.4,0.6,0.96,bridge,0.0002844650522027144,1,1,India,Colony of,8,0.4399999999999999,1,1,Aden,Dependency of,8,0.04
692-750,750,692,3.116732805140329,0.00003592877598435767,1,0,0,8,0.00003592877598435767,1,1,India,Colony of,8,0.4399999999999999,1,,Bahrain,Protectorate of,8,0
750-781,750,781,2.6954630310168124,0.0000049237600764631955,0.55,0.44999999999999996,0.99,8,0.0000049237600764631955,1,1,India,Colony of,8,0.4399999999999999,1,,Maldive Islands,Protectorate of,10,0.495
720-750,750,720,1.4731079813583359,0.0027628544418372143,0.05,0.95,0.19,bridge,0.0027628544418372143,1,1,India,Colony of,8,0.4399999999999999,1,,Hong Kong,Colony of,5,0.10200000000000002
750-900,750,900,0.6707580822598169,0.0006050512880115468|0.0013398570280571803,0.25,0.75,0.75,bridge,0.0013398570280571803,1,1,India,Colony of,8,0.4399999999999999,1,1,Australia,Colony of,10,0.09592592592592591
325-750,750,325,0.10625436782687034,0.0014495768165774113|0.00029535617218996436,0,1,0,bridge,0.0014495768165774113,1,1,India,Colony of,8,0.4399999999999999,1,1,Italy,Sovereign,0,0
750-800,750,800,1.0928236137988185,0.00006489983016505968|0.0001979109664539596,0.05,0.95,0.19,bridge,0.0001979109664539596,1,1,India,Colony of,8,0.4399999999999999,1,1,Thailand (Siam),Sovereign,5,0.027142857142857142
651-750,750,651,0.26165337182633536,0.0005018479353164143,0,1,0,bridge,0.0005018479353164143,1,1,India,Colony of,8,0.4399999999999999,1,1,Egypt Arab Republic (Egypt),Occupied by,0,0
541-750,750,541,0.4934531653699128,0.00007835344974744839,0,1,0,bridge,0.00007835344974744839,1,1,India,Colony of,8,0.4399999999999999,1,1,Mozambique (Portuguese East Africa),Colony of,7,0.09250000000000001
585-750,750,585,0.3781412000522415,0.000008227515560468143,0.3,0.7,0.84,bridge,0.000008227515560468143,1,1,India,Colony of,8,0.4399999999999999,1,1,Reunion (Bourbon I.),Colony of,7,0.27999999999999997
510-750,750,510,1.5101490326072629,0.00004602363381031158|2.7893067375156225e-7,0.4,0.6,0.96,bridge,0.00004602363381031158,1,1,India,Colony of,8,0.4399999999999999,1,1,German East Africa,Colony of,8,0.32
4-750,750,4,1.049061186154046,0.000029760121064237285,0.05,0.95,0.19,bridge,0.000029760121064237285,1,1,India,Colony of,8,0.4399999999999999,1,1,Hawaii (Sandwich Is.),Colony of,5,0.08142857142857145
211-530,211,530,1.3599769585429604,0.000002848710223761728,0,1,0,bridge,0.000002848710223761728,1,1,Belgium,Sovereign,1,0,1,,Ethiopia (Abyssinia),Sovereign,8,0
211-900,211,900,0.3510472478549958,0.0002352945156547907|0.0018260519729943708,0,1,0,bridge,0.0018260519729943708,1,1,Belgium,Sovereign,1,0,1,1,Australia,Colony of,10,0.09592592592592591
140-211,211,140,0.366619649082465,0.0005400021066048017,0,1,0,bridge,0.0005400021066048017,1,1,Belgium,Sovereign,1,0,1,1,Brazil,Sovereign,2,0.21333333333333332
211-355,211,355,1.2905478133759871,0.00003581022642540266|0.00030442514407922456,0,1,0,bridge,0.00030442514407922456,1,1,Belgium,Sovereign,1,0,1,1,Bulgaria,Vassal of,0,0
211-212,211,212,3.230276318949671,0.00047309470312943463,1,0,0,1,0.00047309470312943463,1,1,Belgium,Sovereign,1,0,1,,Luxemburg,Sovereign (unrecognized),1,0
211-221,211,221,3.1794102795525037,3.1320897748165595e-7,1,0,0,1,3.1320897748165595e-7,1,1,Belgium,Sovereign,1,0,1,,Monaco,Sovereign (unrecognized),1,0
211-6,211,6,1.2704713733464084,0.000020970086778057536,0,1,0,bridge,0.000020970086778057536,1,1,Belgium,Sovereign,1,0,1,1,Puerto Rico,Colony of,6,0.12375000000000001
211-640,211,640,0.03201869117905225,0.0004944973165906811,0,1,0,bridge,0.0004944973165906811,1,1,Belgium,Sovereign,1,0,1,,Turkey (Ottoman Empire),Sovereign,0,0
200-501,501,200,1.971040287077249,0.00000821829584862549|0.00008450752043597544,0,1,0,bridge,0.00008450752043597544,1,1,Kenya (British East Africa Protectorate),Protectorate of,8,0.12,1,1,United Kingdom,Sovereign,2,0.1123469387755102
501-511,501,511,6.613696061102371,0.00000896441159882676,1,0,0,8,0.00000896441159882676,1,1,Kenya (British East Africa Protectorate),Protectorate of,8,0.12,1,1,Zanzibar,Protectorate of,8,0.096
220-501,501,220,0.966259962634043,0.000007976558906634657,0,1,0,bridge,0.000007976558906634657,1,1,Kenya (British East Africa Protectorate),Protectorate of,8,0.12,1,1,France,Sovereign,1,0
2-501,501,2,0.8405933499642799,0.000009406835813413757,0,1,0,bridge,0.000009406835813413757,1,1,Kenya (British East Africa Protectorate),Protectorate of,8,0.12,1,1,United States of America,Sovereign,4,0.13884615384615387
501-510,501,510,4.223361286308714,7.400343176983549e-7,1,0,0,8,7.400343176983549e-7,1,1,Kenya (British East Africa Protectorate),Protectorate of,8,0.12,1,1,German East Africa,Colony of,8,0.32
501-541,501,541,1.4104637371670432,2.0904924228767088e-7,0,1,0,bridge,2.0904924228767088e-7,1,1,Kenya (British East Africa Protectorate),Protectorate of,8,0.12,1,1,Mozambique (Portuguese East Africa),Colony of,7,0.09250000000000001
823-824,824,823,0.9033377359622385,5.857813161920517e-8,1,0,0,5,5.857813161920517e-8,1,1,Sarawak,Protectorate of,5,0,1,,Sabah (North Borneo),Protectorate of,5,0.06333333333333334
824-835,824,835,8.114983446582347,0.000002719249195422331,1,0,0,5,0.000002719249195422331,1,1,Sarawak,Protectorate of,5,0,1,,Brunei,Protectorate of,5,0
1032-30,30,1032,10.405832347360015,7.981880160074706e-9,1,0,0,9,7.981880160074706e-9,1,1,Bermuda,Colony of,9,0,1,1,Turks and Caicos Is.,Dependency of,9,0
2-3,3,2,2.381437668413619,0.0017147384539633866,1,0,0,4,0.0017147384539633866,1,1,Alaska,Colony of,4,0,1,1,United States of America,Sovereign,4,0.13884615384615387
20-3,3,20,1.0388772893937221,0.00009860665656491567,0,1,0,bridge,0.00009860665656491567,1,1,Alaska,Colony of,4,0,1,1,Canada (Province of Canada),Colony of,9,0
2-4,4,2,2.4371440642378297,0.0021037651918873516,0,1,0,bridge,0.0021037651918873516,1,1,Hawaii (Sandwich Is.),Colony of,5,0.08142857142857145,1,1,United States of America,Sovereign,4,0.13884615384615387
720-800,800,720,3.3662099224870574,0.0010475845883405293,1,0,0,5,0.0010475845883405293,1,1,Thailand (Siam),Sovereign,5,0.027142857142857142,1,,Hong Kong,Colony of,5,0.10200000000000002
2-6,6,2,2.2563470925937836,0.00149811684652554,0.45,0.55,0.9900000000000001,bridge,0.00149811684652554,1,1,Puerto Rico,Colony of,6,0.12375000000000001,1,1,United States of America,Sovereign,4,0.13884615384615387
220-6,6,220,0.1799666989736129,0.00004961636528742582|0.00001391735828291883,0,1,0,bridge,0.00004961636528742582,1,1,Puerto Rico,Colony of,6,0.12375000000000001,1,1,France,Sovereign,1,0
325-6,6,325,1.0201718648835811,0.00001643444276081928|0.000011718531744662969,0,1,0,bridge,0.00001643444276081928,1,1,Puerto Rico,Colony of,6,0.12375000000000001,1,1,Italy,Sovereign,0,0
42-6,6,42,1.8634838567178917,0.000003678184808373838,1,0,0,6,0.000003678184808373838,1,1,Puerto Rico,Colony of,6,0.12375000000000001,1,,Dominican Republic (Santo Domingo),Sovereign,6,0.165
210-850,850,210,2.1989775628373747,0.003095257815131287|0.002120813004560927,0.35,0.65,0.9099999999999999,bridge,0.003095257815131287,1,1,Indonesia (Dutch East Indies),Colony of,5,0.09166666666666666,1,1,Netherlands,Sovereign,5,0.31300000000000006
200-850,850,200,0.5491412519903741,0.00022622389594613277|0.0011113677265948817,0,1,0,bridge,0.0011113677265948817,1,1,Indonesia (Dutch East Indies),Colony of,5,0.09166666666666666,1,1,United Kingdom,Sovereign,2,0.1123469387755102
710-850,850,710,0.3619191559841063,0.0002745697434407938|0.000025284315809928078,1,0,0,5,0.0002745697434407938,1,1,Indonesia (Dutch East Indies),Colony of,5,0.09166666666666666,1,1,People's Republic of China (China),Sovereign,5,0.08235294117647063
720-850,850,720,1.6362460493149809,0.0006770023757071087,1,0,0,5,0.0006770023757071087,1,1,Indonesia (Dutch East Indies),Colony of,5,0.09166666666666666,1,,Hong Kong,Colony of,5,0.10200000000000002
750-850,850,750,0.9801081803056726,0.0006445149934597002|0.00016901331435718156,0.05,0.95,0.19,bridge,0.0006445149934597002,1,1,Indonesia (Dutch East Indies),Colony of,5,0.09166666666666666,1,1,India,Colony of,8,0.4399999999999999
827-850,850,827,3.2273007030100094,0.0026869825904054577|0.000024148988379540308,1,0,0,5,0.0026869825904054577,1,1,Indonesia (Dutch East Indies),Colony of,5,0.09166666666666666,1,1,Straits Settlements,Colony of,5,0.02235294117647059
850-900,850,900,1.543581016039266,0.0006021080448936663|0.00009111962354928712,0,1,0,bridge,0.0006021080448936663,1,1,Indonesia (Dutch East Indies),Colony of,5,0.09166666666666666,1,1,Australia,Colony of,10,0.09592592592592591
200-565,565,200,0.23867115736952224,0.0000019897054727611444,0,1,0,bridge,0.0000019897054727611444,1,1,Namibia (South West Africa) (German South West Africa),Colony of,7,0,1,1,United Kingdom,Sovereign,2,0.1123469387755102
200-900,900,200,1.376425638372594,0.012487480090058203|0.00768876879665738,0,1,0,bridge,0.012487480090058203,1,1,Australia,Colony of,10,0.09592592592592591,1,1,United Kingdom,Sovereign,2,0.1123469387755102
780-900,900,780,2.658387615661198,0.0013868117684121798|0.00019125726656556545,0.7,0.30000000000000004,0.8400000000000001,10,0.0013868117684121798,1,1,Australia,Colony of,10,0.09592592592592591,1,1,Sri Lanka (Ceylon),Colony of,10,0.37142857142857144
590-900,900,590,0.5953683944930327,0.000023779161265456847|0.00001891439535265703,0,1,0,bridge,0.000023779161265456847,1,1,Australia,Colony of,10,0.09592592592592591,1,1,Mauritius,Colony of,7,0.17357142857142857
900-920,900,920,2.4275686732960136,0.0009090855983248286|0.001095616436322803,1,0,0,10,0.001095616436322803,1,1,Australia,Colony of,10,0.09592592592592591,1,1,New Zealand,Colony of,10,0.185
900-9453,900,9453,3.6607373303556097,0.0000010456263009697865,1,0,0,10,0.0000010456263009697865,1,1,Australia,Colony of,10,0.09592592592592591,1,,Fanning I.,Possession of,10,0
900-950,900,950,3.22607457487518,0.00011729182850464065,1,0,0,10,0.00011729182850464065,1,1,Australia,Colony of,10,0.09592592592592591,1,1,Fiji,Colony of,10,0
900-9462,900,9462,3.451149946301372,2.3147452464216648e-7,1,0,0,10,2.3147452464216648e-7,1,1,Australia,Colony of,10,0.09592592592592591,1,,Malden I.,Claimed by,10,0
900-9004,900,9004,3.6607373303556097,0.000002412428255999722,1,0,0,10,0.000002412428255999722,1,1,Australia,Colony of,10,0.09592592592592591,1,,Norfolk I.,Colony of,10,0
900-911,900,911,3.5485732154486427,0.000018451066213841264,1,0,0,10,0.000018451066213841264,1,1,Australia,Colony of,10,0.09592592592592591,1,,Papua (British New Guinea),Dependency of,10,0.31999999999999995
155-900,900,155,0.46318414138741104,0.00024774501721418164,0,1,0,bridge,0.00024774501721418164,1,1,Australia,Colony of,10,0.09592592592592591,1,1,Chile,Sovereign,2,0.21928571428571428
860-900,900,860,3.5787892553225262,1.3797249990986278e-7,0.9,0.09999999999999998,0.35999999999999993,10,1.3797249990986278e-7,1,1,Australia,Colony of,10,0.09592592592592591,1,,East Timor (Portuguese Timor),Colony of,10,0.36
900-912,900,912,1.5420316908886642,0.000002568264963886895,0,1,0,bridge,0.000002568264963886895,1,1,Australia,Colony of,10,0.09592592592592591,1,,New Guinea (German New Guinea) (Kaiser Wilhelmsland),Colony of,3,0
385-900,900,385,0.1107903662937174,1.1782775474395996e-8|0.00008005653133679265,0,1,0,bridge,0.00008005653133679265,1,1,Australia,Colony of,10,0.09592592592592591,1,1,Norway,Sovereign,6,0.19727272727272727
900-985,900,985,2.6556983684670437,0.0000022759761142155875,1,0,0,10,0.0000022759761142155875,1,1,Australia,Colony of,10,0.09592592592592591,1,,Guam,Colony of,10,0.2133333333333333
4-900,900,4,1.077122633265421,0.000018045890773334615,0,1,0,bridge,0.000018045890773334615,1,1,Australia,Colony of,10,0.09592592592592591,1,1,Hawaii (Sandwich Is.),Colony of,5,0.08142857142857145
900-983,900,983,3.6607373303556097,0.000008461553148742054,1,0,0,10,0.000008461553148742054,1,1,Australia,Colony of,10,0.09592592592592591,1,,Marshall Is.,Protectorate of,10,0
900-930,900,930,3.655242097705506,0.000046463664680389164,1,0,0,10,0.000046463664680389164,1,1,Australia,Colony of,10,0.09592592592592591,1,1,New Caledonia,Colony of,10,0
900-935,900,935,3.64856004562894,0.000014047348902668619,1,0,0,10,0.000014047348902668619,1,1,Australia,Colony of,10,0.09592592592592591,1,,Vanuatu (New Hebrides),Colony of,10,0
135-900,900,135,0.914650089274559,0.00009754503707814726,0,1,0,bridge,0.00009754503707814726,1,1,Australia,Colony of,10,0.09592592592592591,1,1,Peru,Sovereign,4,0
840-900,900,840,1.2858778996577485,0.00016586689053213528,0.8,0.19999999999999996,0.6399999999999999,10,0.00016586689053213528,1,1,Australia,Colony of,10,0.09592592592592591,1,1,Philippines,Colony of,10,0.31187499999999996
541-900,900,541,0.45312812050248263,0.00004437127180985529,0,1,0,bridge,0.00004437127180985529,1,1,Australia,Colony of,10,0.09592592592592591,1,1,Mozambique (Portuguese East Africa),Colony of,7,0.09250000000000001
200-52,52,200,1.2212820968326643,0.0001588105283810978|0.00020115022164544837,0,1,0,bridge,0.00020115022164544837,1,1,Trinidad and Tobago,Colony of,9,0,1,1,United Kingdom,Sovereign,2,0.1123469387755102
110-52,52,110,2.3540744358707872,4.766322724158896e-7|0.0000028742370366897584,1,0,0,9,0.0000028742370366897584,1,1,Trinidad and Tobago,Colony of,9,0,1,1,Guyana (British Guiana),Colony of,9,0
220-52,52,220,0.8192949041737629,0.00008751409425412194|9.654274098376073e-7,0,1,0,bridge,0.00008751409425412194,1,1,Trinidad and Tobago,Colony of,9,0,1,1,France,Sovereign,1,0
2-52,52,2,1.4461371661173261,0.0002190364748155815|0.00016853625931138313,0,1,0,bridge,0.0002190364748155815,1,1,Trinidad and Tobago,Colony of,9,0,1,1,United States of America,Sovereign,4,0.13884615384615387
5-52,52,5,1.4973491555222236,2.725241940368364e-7,1,0,0,9,2.725241940368364e-7,1,1,Trinidad and Tobago,Colony of,9,0,1,,Virgin Islands (Danish West Indies),Colony of,9,0
355-640,355,640,2.7828353816381273,0.0003279661950625938,1,0,0,0,0.0003279661950625938,1,1,Bulgaria,Vassal of,0,0,1,,Turkey (Ottoman Empire),Sovereign,0,0
225-355,355,225,0.2449994965401126,0.000009540733913151624|0.000021623619679074377,1,0,0,0,0.000021623619679074377,1,1,Bulgaria,Vassal of,0,0,1,1,Switzerland,Sovereign,0,0
1055-2,1055,2,1.073818507177763,0.00001688585752340376|0.00007446105956567977,0,1,0,bridge,0.00007446105956567977,1,,Windward Is.,Colony of,9,0,1,1,United States of America,Sovereign,4,0.13884615384615387
1055-20,1055,20,1.646195153653169,0.000005839856125660811|0.00001819868676497033,1,0,0,9,0.00001819868676497033,1,,Windward Is.,Colony of,9,0,1,1,Canada (Province of Canada),Colony of,9,0
1055-53,1055,53,3.4070837185316507,8.890294140197495e-7|0.0000013755440142528745,1,0,0,9,0.0000013755440142528745,1,,Windward Is.,Colony of,9,0,1,1,Barbados,Colony of,9,0
1055-110,1055,110,2.3557768353075734,9.882327817235351e-8|0.0000012698791245147425,1,0,0,9,0.0000012698791245147425,1,,Windward Is.,Colony of,9,0,1,1,Guyana (British Guiana),Colony of,9,0
1055-200,1055,200,1.222975520580518,0.00008267821514571096|0.00008887025370227178,0,1,0,bridge,0.00008887025370227178,1,,Windward Is.,Colony of,9,0,1,1,United Kingdom,Sovereign,2,0.1123469387755102
1055-220,1055,220,1.0540603886209177,0.000024964660513993655|4.264604542668486e-7,0,1,0,bridge,0.000024964660513993655,1,,Windward Is.,Colony of,9,0,1,1,France,Sovereign,1,0
1055-120,1055,120,0.21666192648325874,2.736644626311328e-8,1,0,0,9,2.736644626311328e-8,1,,Windward Is.,Colony of,9,0,1,1,French Guiana,Colony of,9,0
220-581,581,220,2.7294127953732885,0.00004069748050245458|0.0001429577542041266,1,0,0,1,0.0001429577542041266,1,,Comoros,Colony of,1,0,1,1,France,Sovereign,1,0
1063-52,1063,52,2.406612753595267,6.336092488973588e-7|3.1167341577434566e-8,1,0,0,9,6.336092488973588e-7,1,1,Leeward Is.,Colony of,9,0,1,1,Trinidad and Tobago,Colony of,9,0
1063-110,1063,110,2.352106508659782,2.660626720024902e-8|2.6644276153392235e-7,1,0,0,9,2.6644276153392235e-7,1,1,Leeward Is.,Colony of,9,0,1,1,Guyana (British Guiana),Colony of,9,0
342-346,342,346,6.828729787518556,9.280212072317537e-7,1,0,0,0,9.280212072317537e-7,1,1,Kingdom of Serbia,Sovereign,0,0,1,,Bosnia-Herzegovina,Occupied by,0,0
325-640,325,640,1.348587909419339,0.001324095636212637,1,0,0,0,0.001324095636212637,1,1,Italy,Sovereign,0,0,1,,Turkey (Ottoman Empire),Sovereign,0,0
404-451,451,404,4.576094585275353,0.000006824887626395306,1,0,0,3,0.000006824887626395306,1,1,Sierra Leone,Protectorate of,3,0.2175,1,,Guinea-Bissau (Portuguese Guinea),Colony of,3,0.5033333333333333
430-451,451,430,4.350665705299523,0.00001558101016199726,1,0,0,3,0.00001558101016199726,1,1,Sierra Leone,Protectorate of,3,0.2175,1,1,French West Africa,Colony of,3,0.33375000000000005
810-827,810,827,1.8778311638102547,0.00017605073611383934,1,0,0,5,0.00017605073611383934,1,1,French Indochina,Colony of,5,0.08500000000000002,1,1,Straits Settlements,Colony of,5,0.02235294117647059
230-6067,230,6067,4.399960059145888,0.00001773605026317526,1,0,0,6,0.00001773605026317526,1,1,Spain,Sovereign,6,0.25032258064516133,,,Captaincy-general of north Africa,Colony of,6,0
200-640,200,640,0.6244204819463831,0.003098107490166094,0,1,0,bridge,0.003098107490166094,1,1,United Kingdom,Sovereign,2,0.1123469387755102,1,,Turkey (Ottoman Empire),Sovereign,0,0
511-5200,511,5200,6.498319318039236,0.00001219251198927983,1,0,0,8,0.00001219251198927983,1,1,Zanzibar,Protectorate of,8,0.096,1,,Italian Somaliland,Colony of,8,0.24
365-780,780,365,0.8332847040599153,0.00014692086441323146,0,1,0,bridge,0.00014692086441323146,1,1,Sri Lanka (Ceylon),Colony of,10,0.37142857142857144,1,1,Russia (USSR),Sovereign,0,0
155-4,155,4,2.8590913898661934,0.000025469103581702212,0.05,0.95,0.19,bridge,0.000025469103581702212,1,1,Chile,Sovereign,2,0.21928571428571428,1,1,Hawaii (Sandwich Is.),Colony of,5,0.08142857142857145
640-681,681,640,2.591452371540513,0.00015385544951800314,0,1,0,bridge,0.00015385544951800314,1,1,Aden,Dependency of,8,0.04,1,,Turkey (Ottoman Empire),Sovereign,0,0
531-681,681,531,5.456565178849839,0.00003080414773707211,1,0,0,8,0.00003080414773707211,1,1,Aden,Dependency of,8,0.04,1,,Eritrea,Colony of,8,0
530-681,681,530,5.818245190088987,0.000005919030612211243,1,0,0,8,0.000005919030612211243,1,1,Aden,Dependency of,8,0.04,1,,Ethiopia (Abyssinia),Sovereign,8,0
511-681,681,511,4.353635953277763,0.00001914065838233346,1,0,0,8,0.00001914065838233346,1,1,Aden,Dependency of,8,0.04,1,1,Zanzibar,Protectorate of,8,0.096
670-681,681,670,6.957238201726686,0.000027260041519955673,1,0,0,8,0.000027260041519955673,1,1,Aden,Dependency of,8,0.04,,,Saudi Arabia (Emirate of Nejd) (Emirate of Diriyah),Sovereign (unrecognized),8,0
220-5,220,5,0.4060009111813065,0.000012091284600990261,0,1,0,bridge,0.000012091284600990261,1,1,France,Sovereign,1,0,1,,Virgin Islands (Danish West Indies),Colony of,9,0
501-750,501,750,0.6889294101469932,0.000002467921327588813|1.5165572304141943e-7,0.4,0.6,0.96,bridge,0.000002467921327588813,1,1,Kenya (British East Africa Protectorate),Protectorate of,8,0.12,1,1,India,Colony of,8,0.4399999999999999
824-850,824,850,0.5869438967847947,0.0000024491068957825146,1,0,0,5,0.0000024491068957825146,1,1,Sarawak,Protectorate of,5,0,1,1,Indonesia (Dutch East Indies),Colony of,5,0.09166666666666666
1055-52,1055,52,2.807575778985135,9.563052610832362e-7|1.4937518585282663e-7,1,0,0,9,9.563052610832362e-7,1,,Windward Is.,Colony of,9,0,1,1,Trinidad and Tobago,Colony of,9,0
1063-20,1063,20,3.1675719665192092,0.00006019387288707392|0.000003822180328081488,1,0,0,9,0.00006019387288707392,1,1,Leeward Is.,Colony of,9,0,1,1,Canada (Province of Canada),Colony of,9,0
1063-21,1063,21,2.951551408281351,0.000001928340219724658|4.568676167814189e-7,1,0,0,9,0.000001928340219724658,1,1,Leeward Is.,Colony of,9,0,1,1,Newfoundland and Labrador (Newfoundland),Colony of,9,0
200-41,200,41,0.041010485083995706,0.0000535766751705881,0,1,0,bridge,0.0000535766751705881,1,1,United Kingdom,Sovereign,2,0.1123469387755102,1,,Haiti,Sovereign,4,0
200-42,200,42,0.4992827849886568,0.00007163773952722383,0,1,0,bridge,0.00007163773952722383,1,1,United Kingdom,Sovereign,2,0.1123469387755102,1,,Dominican Republic (Santo Domingo),Sovereign,6,0.165
200-500,200,500,1.1567150063770357,0.000025310987701646687,0,1,0,bridge,0.000025310987701646687,1,1,United Kingdom,Sovereign,2,0.1123469387755102,1,1,Uganda,Protectorate of,8,0.39999999999999997
580-615,615,580,0.36399917771729934,0.0000019253045480038337,1,0,0,1,0.0000019253045480038337,1,1,Algeria (Regency of Algiers),Colony of,1,0,1,1,Madagascar (Malagasy Republic),Colony of,1,0
380-395,395,380,3.8011361859648747,0.000003198302444463507|0.00017776749376127526,1,0,0,6,0.00017776749376127526,1,1,Iceland,Colony of,6,0.165,1,1,Sweden,Sovereign,6,0.18083333333333332
827-8401,827,8401,4.306502898158362,0.00006774539942271235,1,0,0,5,0.00006774539942271235,1,1,Straits Settlements,Colony of,5,0.02235294117647059,1,,Sulu Sultanate,Protectorate of,5,0
220-600,600,220,1.4301987943718772,0.00013614242359587063|0.000030704806126338726,1,0,0,1,0.00013614242359587063,1,1,Morocco,Sovereign,1,0,1,1,France,Sovereign,1,0
522-681,681,522,6.796399870024753,0.00018588062090064362,1,0,0,8,0.00018588062090064362,1,1,Aden,Dependency of,8,0.04,1,1,Djibouti (Afar and Issas) (French Somaliland),Colony of,8,0
625-681,681,625,6.955202696713433,0.000009700072857748777,1,0,0,8,0.000009700072857748777,1,1,Aden,Dependency of,8,0.04,1,,Sudan (Anglo-Egyptian Sudan) (Mahdist State),Protectorate of,8,0
651-681,681,651,0.573129444066198,0.000014953713038255843,0,1,0,bridge,0.000014953713038255843,1,1,Aden,Dependency of,8,0.04,1,1,Egypt Arab Republic (Egypt),Occupied by,0,0
51-52,51,52,0.27941619052722044,8.376964690088344e-8|1.1440694896107079e-7,1,0,0,9,1.1440694896107079e-7,1,1,Jamaica,Colony of,9,0,1,1,Trinidad and Tobago,Colony of,9,0
51-53,51,53,3.403980126922406,0.000005466275934600574|0.0000010513276439412685,1,0,0,9,0.000005466275934600574,1,1,Jamaica,Colony of,9,0,1,1,Barbados,Colony of,9,0
510-553,553,510,4.378676781552927,2.672007827272027e-7,0.6,0.4,0.96,11,2.672007827272027e-7,1,1,Malawi (Nyasaland) (British Central Africa Protectorate),Protectorate of,11,0.32,1,1,German East Africa,Colony of,8,0.32
591-750,750,591,0.9320304193627553,0.0000013507177577997355,0.3,0.7,0.84,bridge,0.0000013507177577997355,1,1,India,Colony of,8,0.4399999999999999,1,,Seychelles,Colony of,7,0.21
900-9002,900,9002,3.6607373303556097,0.000014598478723245205,1,0,0,10,0.000014598478723245205,1,1,Australia,Colony of,10,0.09592592592592591,1,,Cocos (Keeling) Is.,Dependency of,10,0
1055-21,1055,21,2.5074005869843705,1.598571279953433e-7|0.000002176012567448938,1,0,0,9,0.000002176012567448938,1,,Windward Is.,Colony of,9,0,1,1,Newfoundland and Labrador (Newfoundland),Colony of,9,0
110-31,110,31,2.825535689210288,0.0000011258251921019658,1,0,0,9,0.0000011258251921019658,1,1,Guyana (British Guiana),Colony of,9,0,1,1,Bahamas,Colony of,9,0
110-66,110,66,0.13992805679985135,1.908049447789287e-7,0,1,0,bridge,1.908049447789287e-7,1,1,Guyana (British Guiana),Colony of,9,0,1,1,Martinique,Colony of,1,0
110-752,110,752,0.11436259865545653,2.052483469733496e-8,0,1,0,bridge,2.052483469733496e-8,1,1,Guyana (British Guiana),Colony of,9,0,1,,Portuguese India,Colony of,7,0.12800000000000003
110-403,110,403,1.1833914699645844,2.3071434557930224e-7,0,1,0,bridge,2.3071434557930224e-7,1,1,Guyana (British Guiana),Colony of,9,0,1,,Sao Tome-Principe,Colony of,7,0.3028571428571429
110-540,110,540,1.1384515145072924,6.678173067262505e-7,0,1,0,bridge,6.678173067262505e-7,1,1,Guyana (British Guiana),Colony of,9,0,1,,Angola,Colony of,7,0.3450000000000001
2-4781,2,4781,0.30419661694545164,0.00007625280161685083,0,1,0,bridge,0.00007625280161685083,1,1,United States of America,Sovereign,4,0.13884615384615387,1,,Lagos,Colony of,2,0
2-403,2,403,1.0496860773078374,0.00004265022641153061,0,1,0,bridge,0.00004265022641153061,1,1,United States of America,Sovereign,4,0.13884615384615387,1,,Sao Tome-Principe,Colony of,7,0.3028571428571429
2-540,2,540,1.0037392887980165,0.00012332955071144,0,1,0,bridge,0.00012332955071144,1,1,United States of America,Sovereign,4,0.13884615384615387,1,,Angola,Colony of,7,0.3450000000000001
20-52,20,52,1.7921004076173284,0.000041191442789894105|0.0000681618357612551,1,0,0,9,0.0000681618357612551,1,1,Canada (Province of Canada),Colony of,9,0,1,1,Trinidad and Tobago,Colony of,9,0
11-200,200,11,1.476672268009533,0.00018672164294275333,0,1,0,bridge,0.00018672164294275333,1,1,United Kingdom,Sovereign,2,0.1123469387755102,1,,Faeroe Is.,Colony of,6,0
10-200,200,10,0.9374903028326904,0.000004996656980206766,0,1,0,bridge,0.000004996656980206766,1,1,United Kingdom,Sovereign,2,0.1123469387755102,1,,Greenland,Colony of,6,0
200-985,200,985,1.5272511042853494,0.000003923664232973866,0,1,0,bridge,0.000003923664232973866,1,1,United Kingdom,Sovereign,2,0.1123469387755102,1,,Guam,Colony of,10,0.2133333333333333
200-402,200,402,1.517535178364756,0.00007928325545095919,0,1,0,bridge,0.00007928325545095919,1,1,United Kingdom,Sovereign,2,0.1123469387755102,1,,Cape Verde,Colony of,7,0
200-404,200,404,1.6650072721169031,0.0002576558517462744,0.25,0.75,0.75,bridge,0.0002576558517462744,1,1,United Kingdom,Sovereign,2,0.1123469387755102,1,,Guinea-Bissau (Portuguese Guinea),Colony of,3,0.5033333333333333
21-51,21,51,2.5043850223935413,0.000001663271789546996,1,0,0,9,0.000001663271789546996,1,1,Newfoundland and Labrador (Newfoundland),Colony of,9,0,1,1,Jamaica,Colony of,9,0
21-31,21,31,2.9772458888279347,0.0000019293344615494862,1,0,0,9,0.0000019293344615494862,1,1,Newfoundland and Labrador (Newfoundland),Colony of,9,0,1,1,Bahamas,Colony of,9,0
21-52,21,52,2.996350060398251,0.000004925580237828958|0.000009036248520267433,1,0,0,9,0.000009036248520267433,1,1,Newfoundland and Labrador (Newfoundland),Colony of,9,0,1,1,Trinidad and Tobago,Colony of,9,0
21-30,21,30,4.092831939573153,0.000010595755867733456,1,0,0,9,0.000010595755867733456,1,1,Newfoundland and Labrador (Newfoundland),Colony of,9,0,1,1,Bermuda,Colony of,9,0
210-5200,210,5200,0.9664227071671045,0.000010456643099229297,0,1,0,bridge,0.000010456643099229297,1,1,Netherlands,Sovereign,5,0.31300000000000006,1,,Italian Somaliland,Colony of,8,0.24
210-541,210,541,0.14131747919325277,0.000013518264274915096|0.0000016446474025068216,0,1,0,bridge,0.000013518264274915096,1,1,Netherlands,Sovereign,5,0.31300000000000006,1,1,Mozambique (Portuguese East Africa),Colony of,7,0.09250000000000001
211-402,211,402,0.592678635697184,0.00000907539774200494,0,1,0,bridge,0.00000907539774200494,1,1,Belgium,Sovereign,1,0,1,,Cape Verde,Colony of,7,0
211-404,211,404,0.7401660089712637,0.000029493807370538904,0,1,0,bridge,0.000029493807370538904,1,1,Belgium,Sovereign,1,0,1,,Guinea-Bissau (Portuguese Guinea),Colony of,3,0.5033333333333333
220-42,220,42,0.6840343719822223,0.000049122390952756905,0,1,0,bridge,0.000049122390952756905,1,1,France,Sovereign,1,0,1,,Dominican Republic (Santo Domingo),Sovereign,6,0.165
220-41,220,41,0.5759226844390225,0.000052141822190453735,0,1,0,bridge,0.000052141822190453735,1,1,France,Sovereign,1,0,1,,Haiti,Sovereign,4,0
225-700,225,700,0.6017156610937635,0.0000031224355007149386,1,0,0,0,0.0000031224355007149386,1,1,Switzerland,Sovereign,0,0,1,,Afghanistan,Protectorate of,0,0
235-860,235,860,3.468198517271515,1.1782775474395996e-8,0.1,0.9,0.36000000000000004,bridge,1.1782775474395996e-8,1,1,Portugal,Sovereign,7,0.05000000000000001,1,,East Timor (Portuguese Timor),Colony of,10,0.36
235-721,235,721,0.4843945766163681,0.0000011600332499308574,0,1,0,bridge,0.0000011600332499308574,1,1,Portugal,Sovereign,7,0.05000000000000001,1,,Macao,Colony of,5,0
255-420,255,420,1.1436698446486293,0.0000693591177852663,0.55,0.44999999999999996,0.99,3,0.0000693591177852663,1,1,Germany (Zollverein),Sovereign,3,0.23895833333333336,1,1,Gambia,Colony of,3,0.3775
255-4781,255,4781,0.6205434858273347,0.00009195392007078064,0,1,0,bridge,0.00009195392007078064,1,1,Germany (Zollverein),Sovereign,3,0.23895833333333336,1,,Lagos,Colony of,2,0
255-402,255,402,0.08573079398186391,0.000016189533501820097,0,1,0,bridge,0.000016189533501820097,1,1,Germany (Zollverein),Sovereign,3,0.23895833333333336,1,,Cape Verde,Colony of,7,0
255-404,255,404,0.23320586916188693,0.00005261313320942958,0.55,0.44999999999999996,0.99,3,0.00005261313320942958,1,1,Germany (Zollverein),Sovereign,3,0.23895833333333336,1,,Guinea-Bissau (Portuguese Guinea),Colony of,3,0.5033333333333333
231-300,300,231,0.023596859566957996,0.000036105464769800785,1,0,0,0,0.000036105464769800785,1,1,Austria-Hungary (Austrian Empire),Sovereign,0,0,1,,Gibraltar,Colony of,0,0
11-380,380,11,3.4623670514342804,0.00010216692578036194,1,0,0,6,0.00010216692578036194,1,1,Sweden,Sovereign,6,0.18083333333333332,1,,Faeroe Is.,Colony of,6,0
221-380,380,221,1.5724938691207553,1.6343849851581543e-8,0,1,0,bridge,1.6343849851581543e-8,1,1,Sweden,Sovereign,6,0.18083333333333332,1,,Monaco,Sovereign (unrecognized),1,0
403-420,420,403,0.6990727743420053,2.5085909074520504e-8,0.2,0.8,0.6400000000000001,bridge,2.5085909074520504e-8,1,1,Gambia,Colony of,3,0.3775,1,,Sao Tome-Principe,Colony of,7,0.3028571428571429
420-540,420,540,0.6591391517584702,7.297719003496874e-8,0.2,0.8,0.6400000000000001,bridge,7.297719003496874e-8,1,1,Gambia,Colony of,3,0.3775,1,,Angola,Colony of,7,0.3450000000000001
430-752,430,752,0.9185072235969027,6.84161156577832e-8,0.2,0.8,0.6400000000000001,bridge,6.84161156577832e-8,1,1,French West Africa,Colony of,3,0.33375000000000005,1,,Portuguese India,Colony of,7,0.12800000000000003
403-430,430,403,1.9839051287118554,7.662604953671718e-7,0.2,0.8,0.6400000000000001,bridge,7.662604953671718e-7,1,1,French West Africa,Colony of,3,0.33375000000000005,1,,Sao Tome-Principe,Colony of,7,0.3028571428571429
430-540,430,540,1.9383755206241993,0.0000022166821473121757,0.2,0.8,0.6400000000000001,bridge,0.0000022166821473121757,1,1,French West Africa,Colony of,3,0.33375000000000005,1,,Angola,Colony of,7,0.3450000000000001
31-52,52,31,0.7518502296827042,1.3265124646981297e-7,1,0,0,9,1.3265124646981297e-7,1,1,Trinidad and Tobago,Colony of,9,0,1,1,Bahamas,Colony of,9,0
30-52,52,30,1.8676026750379018,7.28631631755391e-7,1,0,0,9,7.28631631755391e-7,1,1,Trinidad and Tobago,Colony of,9,0,1,1,Bermuda,Colony of,9,0
52-53,52,53,3.405598163578815,7.457356606698368e-7|0.0000031140735310234317,1,0,0,9,0.0000031140735310234317,1,1,Trinidad and Tobago,Colony of,9,0,1,1,Barbados,Colony of,9,0
31-53,53,31,3.8770096375094916,0.0000012197073063657016,1,0,0,9,0.0000012197073063657016,1,1,Barbados,Colony of,9,0,1,1,Bahamas,Colony of,9,0
541-850,541,850,0.4268470259125455,2.710038359111079e-7,0,1,0,bridge,2.710038359111079e-7,1,1,Mozambique (Portuguese East Africa),Colony of,7,0.09250000000000001,1,1,Indonesia (Dutch East Indies),Colony of,5,0.09166666666666666
402-541,541,402,1.5604238641243497,2.280537188592773e-8,1,0,0,7,2.280537188592773e-8,1,1,Mozambique (Portuguese East Africa),Colony of,7,0.09250000000000001,1,,Cape Verde,Colony of,7,0
541-721,541,721,0.7455017429297243,2.318546141735986e-8,0,1,0,bridge,2.318546141735986e-8,1,1,Mozambique (Portuguese East Africa),Colony of,7,0.09250000000000001,1,,Macao,Colony of,5,0
541-752,541,752,4.11148026767301,6.689575753205468e-8,1,0,0,7,6.689575753205468e-8,1,1,Mozambique (Portuguese East Africa),Colony of,7,0.09250000000000001,1,,Portuguese India,Colony of,7,0.12800000000000003
404-541,541,404,1.7181572897580897,7.487763769212939e-8,0.2,0.8,0.6400000000000001,bridge,7.487763769212939e-8,1,1,Mozambique (Portuguese East Africa),Colony of,7,0.09250000000000001,1,,Guinea-Bissau (Portuguese Guinea),Colony of,3,0.5033333333333333
403-541,541,403,5.173727923752124,7.468759292641333e-7,1,0,0,7,7.468759292641333e-7,1,1,Mozambique (Portuguese East Africa),Colony of,7,0.09250000000000001,1,,Sao Tome-Principe,Colony of,7,0.3028571428571429
540-541,541,540,5.128116636080863,0.0000021604288966602206,1,0,0,7,0.0000021604288966602206,1,1,Mozambique (Portuguese East Africa),Colony of,7,0.09250000000000001,1,,Angola,Colony of,7,0.3450000000000001
403-562,562,403,2.7147542978972017,0.0000012755804674862245,0.7,0.30000000000000004,0.8400000000000001,7,0.0000012755804674862245,1,1,Natal,Colony of,7,0.327,1,,Sao Tome-Principe,Colony of,7,0.3028571428571429
540-562,562,540,2.6688714733283243,0.0000036887689025488106,0.7,0.30000000000000004,0.8400000000000001,7,0.0000036887689025488106,1,1,Natal,Colony of,7,0.327,1,,Angola,Colony of,7,0.3450000000000001
590-920,590,920,0.19050432234971645,0.000005478610506062706,0,1,0,bridge,0.000005478610506062706,1,1,Mauritius,Colony of,7,0.17357142857142857,1,1,New Zealand,Colony of,10,0.185
231-615,615,231,0.4666664891645311,0.000006684634589296851,0,1,0,bridge,0.000006684634589296851,1,1,Algeria (Regency of Algiers),Colony of,1,0,1,,Gibraltar,Colony of,0,0
615-930,615,930,0.09551219538113712,2.1741121197917772e-7,0,1,0,bridge,2.1741121197917772e-7,1,1,Algeria (Regency of Algiers),Colony of,1,0,1,1,New Caledonia,Colony of,10,0
630-721,630,721,0.6397331782978919,0.000001094277760993099,0,1,0,bridge,0.000001094277760993099,1,1,Iran (Persia),Sovereign,0,0,1,,Macao,Colony of,5,0
581-681,681,581,0.7431782894113094,2.869675962312573e-7,0,1,0,bridge,2.869675962312573e-7,1,1,Aden,Dependency of,8,0.04,1,,Comoros,Colony of,1,0
580-681,681,580,0.6571217001959508,5.80776804028293e-7,0,1,0,bridge,5.80776804028293e-7,1,1,Aden,Dependency of,8,0.04,1,1,Madagascar (Malagasy Republic),Colony of,1,0
501-681,681,501,2.6980034847591092,0.0000012143860529256518,1,0,0,8,0.0000012143860529256518,1,1,Aden,Dependency of,8,0.04,1,1,Kenya (British East Africa Protectorate),Protectorate of,8,0.12
500-681,681,500,6.079346938512629,0.000024150508737666036,1,0,0,8,0.000024150508737666036,1,1,Aden,Dependency of,8,0.04,1,1,Uganda,Protectorate of,8,0.39999999999999997
5200-681,681,5200,5.902937885282194,0.000021256126955810374,1,0,0,8,0.000021256126955810374,1,1,Aden,Dependency of,8,0.04,1,,Italian Somaliland,Colony of,8,0.24
591-681,681,591,2.2440646475123773,1.0946578505245312e-7,0,1,0,bridge,1.0946578505245312e-7,1,1,Aden,Dependency of,8,0.04,1,,Seychelles,Colony of,7,0.21
681-751,681,751,1.4825750123461627,1.737009158644829e-7,0,1,0,bridge,1.737009158644829e-7,1,1,Aden,Dependency of,8,0.04,1,1,French India,Colony of,1,0
590-681,681,590,0.9958230517704072,0.0000013135894206294373,0,1,0,bridge,0.0000013135894206294373,1,1,Aden,Dependency of,8,0.04,1,1,Mauritius,Colony of,7,0.17357142857142857
4-710,710,4,0.5819239113696889,0.000005434140030885147,0.95,0.050000000000000044,0.19000000000000017,5,0.000005434140030885147,1,1,People's Republic of China (China),Sovereign,5,0.08235294117647063,1,1,Hawaii (Sandwich Is.),Colony of,5,0.08142857142857145
21-740,740,21,0.3050867635746267,0.00001696111525062732,0,1,0,bridge,0.00001696111525062732,1,1,Japan,Sovereign,5,0.09733333333333336,1,1,Newfoundland and Labrador (Newfoundland),Colony of,9,0
30-750,750,30,0.15889016418876784,0.000009736373437165413,0,1,0,bridge,0.000009736373437165413,1,1,India,Colony of,8,0.4399999999999999,1,1,Bermuda,Colony of,9,0
500-750,750,500,0.17391072664877225,0.0000030152502528510785,0.4,0.6,0.96,bridge,0.0000030152502528510785,1,1,India,Colony of,8,0.4399999999999999,1,1,Uganda,Protectorate of,8,0.39999999999999997
5200-750,750,5200,1.7923953428673758,0.000015973262558435216,0.4,0.6,0.96,bridge,0.000015973262558435216,1,1,India,Colony of,8,0.4399999999999999,1,,Italian Somaliland,Colony of,8,0.24
750-823,750,823,0.3755686856432713,0.0000051836610296713736,0.05,0.95,0.19,bridge,0.0000051836610296713736,1,1,India,Colony of,8,0.4399999999999999,1,,Sabah (North Borneo),Protectorate of,5,0.06333333333333334
800-850,800,850,0.7276362122764357,0.000024148228200477442,1,0,0,5,0.000024148228200477442,1,1,Thailand (Siam),Sovereign,5,0.027142857142857142,1,1,Indonesia (Dutch East Indies),Colony of,5,0.09166666666666666
68-810,810,68,3.2015560913901213,0.000051033101027266215,1,0,0,5,0.000051033101027266215,1,1,French Indochina,Colony of,5,0.08500000000000002,1,,Netherlands Antilles,Colony of,5,0
115-810,810,115,3.167391028871449,0.00008490135881505749,1,0,0,5,0.00008490135881505749,1,1,French Indochina,Colony of,5,0.08500000000000002,1,,Surinam (Dutch Guiana),Colony of,5,0.22749999999999998
68-827,827,68,4.121880936758787,0.0007530535244184997,1,0,0,5,0.0007530535244184997,1,1,Straits Settlements,Colony of,5,0.02235294117647059,1,,Netherlands Antilles,Colony of,5,0
115-827,827,115,4.087712536987927,0.0012528153850906287,1,0,0,5,0.0012528153850906287,1,1,Straits Settlements,Colony of,5,0.02235294117647059,1,,Surinam (Dutch Guiana),Colony of,5,0.22749999999999998
840-912,840,912,1.2078478682851292,1.7712172164737204e-7,0,1,0,bridge,1.7712172164737204e-7,1,1,Philippines,Colony of,10,0.31187499999999996,1,,New Guinea (German New Guinea) (Kaiser Wilhelmsland),Colony of,3,0
840-911,840,911,2.448828331957376,5.917994004398246e-7,0.8,0.19999999999999996,0.6399999999999999,10,5.917994004398246e-7,1,1,Philippines,Colony of,10,0.31187499999999996,1,,Papua (British New Guinea),Dependency of,10,0.31999999999999995
751-840,840,751,0.05384475717252623,1.0832551645815672e-7,0,1,0,bridge,1.0832551645815672e-7,1,1,Philippines,Colony of,10,0.31187499999999996,1,1,French India,Colony of,1,0
8151-840,840,8151,5.5285657604828335,5.788763563711323e-7,1,0,0,10,5.788763563711323e-7,1,1,Philippines,Colony of,10,0.31187499999999996,1,,Cochin China,Colony of,10,0.42000000000000004
