"target","source","key","proximity","observedTradeValues","coMembershipScore","bridgeNessEdgeScore","ambiguityScore","sourceCommunityId","maxObservedTradeValue","sourceCited","sourceReporting","sourceLabel","sourceGphStatus","sourceCommunity","sourceMeanAmbiguityScore","targetCited","targetReporting","targetLabel","targetGphStatus","targetCommunity","targetMeanAmbiguityScore","export","import"
"10","200","10-200",0.565252329128328,"0.0000017313144678305644",0,1,0,"bridge",1.73131446783056e-06,1,1,"United Kingdom","Sovereign",0,0.0678787878787879,1,NA,"Greenland","Colony of",6,0,5331,NA
"10","390","10-390",4.42915153399641,"0.000005262867847568286",1,0,0,"6",5.26286784756829e-06,1,1,"Denmark","Sovereign",6,0.0172727272727273,1,NA,"Greenland","Colony of",6,0,16205.2296198638,NA
"100","101","100-101",1.01133708004745,"0.000004029456830363226",1,0,0,"5",4.02945683036323e-06,1,1,"Venezuela","Sovereign",5,0.18,1,1,"Colombia (New Granada) (Gran Colombia)","Sovereign",5,0.08,12407.3556605712,NA
"100","135","100-135",0.441513385122212,"0.000004312275366757252",0,1,0,"bridge",4.31227536675725e-06,1,1,"Peru","Sovereign",3,0.146,1,1,"Colombia (New Granada) (Gran Colombia)","Sovereign",5,0.08,13278.2001232792,NA
"100","2","100-2",0.679712886126704,"0.00025950916164136056",0.1,0.9,0.36,"bridge",0.000259509161641361,1,1,"United States of America","Sovereign",10,0.194166666666667,1,1,"Colombia (New Granada) (Gran Colombia)","Sovereign",5,0.08,799071.091021163,NA
"100","200","100-200",0.887376985783234,"0.0003886640222323966",0,1,0,"bridge",0.000388664022232397,1,1,"United Kingdom","Sovereign",0,0.0678787878787879,1,1,"Colombia (New Granada) (Gran Colombia)","Sovereign",5,0.08,1196760,NA
"100","220","100-220",0.887111629741719,"0.00022526207167950838",0.1,0.9,0.36,"bridge",0.000225262071679508,1,1,"France","Sovereign",2,0.0421153846153846,1,1,"Colombia (New Granada) (Gran Colombia)","Sovereign",5,0.08,693618.707887436,NA
"100","230","100-230",0.472255311022633,"0.000024116251202847285",0,1,0,"bridge",2.41162512028473e-05,1,1,"Spain","Sovereign",3,0.430285714285714,1,1,"Colombia (New Granada) (Gran Colombia)","Sovereign",5,0.08,74257.8760538382,NA
"100","255","100-255",0.0872453460344124,"0.00015104541732666483",0,1,0,"bridge",0.000151045417326665,1,1,"Germany (Zollverein)","Sovereign",0,0.0642307692307692,1,1,"Colombia (New Granada) (Gran Colombia)","Sovereign",5,0.08,465093.508273769,NA
"100","325","100-325",0.396778283761755,"0.000046171634980776424",0,1,0,"bridge",4.61716349807764e-05,1,1,"Italy","Sovereign",1,0.0202702702702703,1,1,"Colombia (New Granada) (Gran Colombia)","Sovereign",5,0.08,142170.004731115,NA
"100","385","100-385",0.146953063589427,"0.000007426692787535049",0,1,0,"bridge",7.42669278753505e-06,1,1,"Norway","Sovereign",6,0.107058823529412,1,1,"Colombia (New Granada) (Gran Colombia)","Sovereign",5,0.08,22868,NA
"101","200","101-200",1.03802080809149,"0.0002615746282384617|0.00011232592721744427",0,1,0,"bridge",0.000261574628238462,1,1,"United Kingdom","Sovereign",0,0.0678787878787879,1,1,"Venezuela","Sovereign",5,0.18,805431,345869.874666119
"101","220","101-220",1.42406214395051,"0.00003218029595421548|0.0003890150339070245",0.1,0.9,0.36,"bridge",0.000389015033907024,1,1,"France","Sovereign",2,0.0421153846153846,1,1,"Venezuela","Sovereign",5,0.18,99088.3868410622,1197840.82227245
"101","230","101-230",1.44682019496282,"0.00002436137298648388|0.00004995918447164645",0,1,0,"bridge",4.99591844716464e-05,1,1,"Spain","Sovereign",3,0.430285714285714,1,1,"Venezuela","Sovereign",5,0.18,75012.6460582754,153832.488185741
"101","255","101-255",0.284700542467039,"0.00010652676800933202|0.00015997743107390428",0,1,0,"bridge",0.000159977431073904,1,1,"Germany (Zollverein)","Sovereign",0,0.0642307692307692,1,1,"Venezuela","Sovereign",5,0.18,328013.3163615,492596.637353606
"101","325","101-325",0.501523372540391,"0.000029679936185646077|0.000001992287901358163",0,1,0,"bridge",2.96799361856461e-05,1,1,"Italy","Sovereign",1,0.0202702702702703,1,1,"Venezuela","Sovereign",5,0.18,91389.3707617095,6134.57982329977
"101","52","101-52",3.48408730430572,"6.378356058561674e-7|0.00003315476150405419",0.1,0.9,0.36,"bridge",3.31547615040542e-05,1,1,"Trinidad and Tobago","Colony of",10,0.0514285714285714,1,1,"Venezuela","Sovereign",5,0.18,1964,102088.925416067
"1029","20","1029-20",2.0211817605017,"0.000008915841116792566",0,1,0,"bridge",8.91584111679257e-06,1,1,"Canada (Province of Canada)","Colony of",10,0.091578947368421,1,1,"St. Pierre and Miquelon","Colony of",2,0,27453.3309094213,NA
"1029","220","1029-220",2.58415151537379,"0.00005020126168857615|0.00009275539092836827",1,0,0,"2",9.27553909283683e-05,1,1,"France","Sovereign",2,0.0421153846153846,1,1,"St. Pierre and Miquelon","Colony of",2,0,154577.883472057,285608.997225525
"1055","1063","1055-1063",2.63405820873176,"1.240596748661181e-7|4.124497043978272e-8",1,0,0,"10",1.24059674866118e-07,1,1,"Leeward Is.","Colony of",10,0.036,1,NA,"Windward Is.","Colony of",10,0.036,382,127
"1055","51","1055-51",0.663316640821806,"8.081084469771951e-8",1,0,0,"10",8.08108446977195e-08,1,1,"Jamaica","Colony of",10,0.03,1,NA,"Windward Is.","Colony of",10,0.036,248.829788630695,NA
"11","200","11-200",1.08040977404385,"0.000007105826403326346",0,1,0,"bridge",7.10582640332635e-06,1,1,"United Kingdom","Sovereign",0,0.0678787878787879,1,NA,"Faeroe Is.","Colony of",6,0,21880,NA
"11","385","11-385",3.07504020520758,"0.00000209244824659774",1,0,0,"6",2.09244824659774e-06,1,1,"Norway","Sovereign",6,0.107058823529412,1,NA,"Faeroe Is.","Colony of",6,0,6442.98988420642,NA
"11","390","11-390",4.02324359690955,"0.000008598990856026827",1,0,0,"6",8.59899085602683e-06,1,1,"Denmark","Sovereign",6,0.0172727272727273,1,NA,"Faeroe Is.","Colony of",6,0,26477.6972094045,NA
"110","101","101-110",0.332567975863165,"6.692784824537753e-7",0.1,0.9,0.36,"bridge",6.69278482453775e-07,1,1,"Venezuela","Sovereign",5,0.18,1,1,"Guyana (British Guiana)","Colony of",10,0.048,2060.81775220875,NA
"110","1055","1055-110",3.08455638212054,"1.688770443203702e-8|6.209479014241304e-7",1,0,0,"10",6.2094790142413e-07,1,NA,"Windward Is.","Colony of",10,0.036,1,1,"Guyana (British Guiana)","Colony of",10,0.048,52,1912
"110","1063","1063-110",3.08752986021482,"3.5723990144693695e-8|9.168074925315481e-7",1,0,0,"10",9.16807492531548e-07,1,1,"Leeward Is.","Colony of",10,0.036,1,1,"Guyana (British Guiana)","Colony of",10,0.048,110,2823
"110","200","110-200",1.29237416027585,"0.00019081319808694598|0.0002205141234932443",0,1,0,"bridge",0.000220514123493244,1,1,"United Kingdom","Sovereign",0,0.0678787878787879,1,1,"Guyana (British Guiana)","Colony of",10,0.048,587545,678999
"110","51","110-51",3.08585245863703,"3.224902019425531e-7|0.0000022678238470945097",1,0,0,"10",2.26782384709451e-06,1,1,"Jamaica","Colony of",10,0.03,1,1,"Guyana (British Guiana)","Colony of",10,0.048,993,6983
"110","52","110-52",3.04703548485217,"4.205687930670758e-7|0.000009110591777537202",1,0,0,"10",9.1105917775372e-06,1,1,"Trinidad and Tobago","Colony of",10,0.0514285714285714,1,1,"Guyana (British Guiana)","Colony of",10,0.048,1295,28053
"110","53","110-53",3.21056351193633,"0.0000024383247091487294|0.000007135055122535641",1,0,0,"10",7.13505512253564e-06,1,1,"Barbados","Colony of",10,0.0705882352941176,1,1,"Guyana (British Guiana)","Colony of",10,0.048,7508,21970
"115","110","110-115",2.80295382410557,"0.000003127797718941318",0,1,0,"bridge",3.12779771894132e-06,1,1,"Guyana (British Guiana)","Colony of",10,0.048,1,NA,"Surinam (Dutch Guiana)","Colony of",5,0.2475,9631,NA
"115","2","115-2",0.130839113938702,"0.00004559034272850378",0,1,0,"bridge",4.55903427285038e-05,1,1,"United States of America","Sovereign",10,0.194166666666667,1,NA,"Surinam (Dutch Guiana)","Colony of",5,0.2475,140380.110951305,NA
"115","210","115-210",1.85577386079684,"0.00016001757545108163",0.55,0.45,0.99,"5",0.000160017575451082,1,1,"Netherlands","Sovereign",5,0.277619047619048,1,NA,"Surinam (Dutch Guiana)","Colony of",5,0.2475,492720.248447205,NA
"115","810","115-810",4.59338521891717,"0.00012419412697448087",1,0,0,"5",0.000124194126974481,1,1,"French Indochina","Colony of",5,0.395384615384615,1,NA,"Surinam (Dutch Guiana)","Colony of",5,0.2475,382414,NA
"1163","165","1163-165",0.0552336126757179,"1.0059357009006612e-7",0.3,0.7,0.84,"bridge",1.00593570090066e-07,1,1,"Uruguay","Sovereign",3,0.272307692307692,1,1,"Falkland Is.","Colony of",0,0.28,309.744030974403,NA
"120","110","110-120",3.1747855640106,"0.000001930719285547309",1,0,0,"10",1.93071928554731e-06,1,1,"Guyana (British Guiana)","Colony of",10,0.048,1,1,"French Guiana","Colony of",10,0.06,5945,NA
"120","220","120-220",2.33116444257647,"0.00012357233646418745|0.00007695843119164019",0,1,0,"bridge",0.000123572336464187,1,1,"France","Sovereign",2,0.0421153846153846,1,1,"French Guiana","Colony of",10,0.06,380499.405469679,236967.578279826
"120","53","120-53",2.15706889535513,"3.3613027090689065e-7",1,0,0,"10",3.36130270906891e-07,1,1,"Barbados","Colony of",10,0.0705882352941176,1,1,"French Guiana","Colony of",10,0.06,1035,NA
"120","615","120-615",0.942378026972495,"0.0000025872957947189247",0,1,0,"bridge",2.58729579471892e-06,1,1,"Algeria (Regency of Algiers)","Colony of",2,0.123333333333333,1,1,"French Guiana","Colony of",10,0.06,7966.7063020214,NA
"130","135","130-135",1.66232192512792,"0.0000048247438358744|0.000004937847228472521",1,0,0,"3",4.93784722847252e-06,1,1,"Peru","Sovereign",3,0.146,1,1,"Ecuador","Sovereign",3,0.135,14856.1742346415,15204.4380521882
"130","155","130-155",1.6732867982479,"0.0000015375127207650671|0.00002629070010835369",1,0,0,"3",2.62907001083537e-05,1,1,"Chile","Sovereign",3,0.195,1,1,"Ecuador","Sovereign",3,0.135,4734.25276961338,80953.359358948
"130","2","130-2",1.22481593520578,"0.00014772884518980962|0.0002802228302158156",0.1,0.9,0.36,"bridge",0.000280222830215816,1,1,"United States of America","Sovereign",10,0.194166666666667,1,1,"Ecuador","Sovereign",3,0.135,454881.24101089,862851.859461681
"130","200","130-200",0.618178901577363,"0.00009800324598167206|0.00007817145983993998",0,1,0,"bridge",9.80032459816721e-05,1,1,"United Kingdom","Sovereign",0,0.0678787878787879,1,1,"Ecuador","Sovereign",3,0.135,301768,240702.691596466
"130","220","130-220",1.54917806464178,"0.000014159330219854814|0.0003285336598565467",0,1,0,"bridge",0.000328533659856547,1,1,"France","Sovereign",2,0.0421153846153846,1,1,"Ecuador","Sovereign",3,0.135,43598.8902100674,1011608.79391822
"130","230","130-230",1.14116602041185,"0.000009508244205663306|0.000027425070417597378",0.55,0.45,0.99,"3",2.74250704175974e-05,1,1,"Spain","Sovereign",3,0.430285714285714,1,1,"Ecuador","Sovereign",3,0.135,29277.4367697086,84446.2708033696
"130","255","130-255",0.448547533971742,"0.00007154782925999913|0.00015400745139614296",0,1,0,"bridge",0.000154007451396143,1,1,"Germany (Zollverein)","Sovereign",0,0.0642307692307692,1,1,"Ecuador","Sovereign",3,0.135,220307.451287575,474214.094925005
"130","325","130-325",0.441027743065168,"0.00001592831778038987|0.000010309424281067628",0,1,0,"bridge",1.59283177803899e-05,1,1,"Italy","Sovereign",1,0.0202702702702703,1,1,"Ecuador","Sovereign",3,0.135,49045.8918151711,31744.40106842
"130","385","130-385",0.157949998262749,"0.0000024782706254014327",0,1,0,"bridge",2.47827062540143e-06,1,1,"Norway","Sovereign",6,0.107058823529412,1,1,"Ecuador","Sovereign",3,0.135,7631,NA
"130","92","130-92",3.29318753670296,"0.000004923002970877703",1,0,0,"3",4.9230029708777e-06,1,1,"El Salvador","Sovereign",3,0.156428571428571,1,1,"Ecuador","Sovereign",3,0.135,15158.7301587302,NA
"135","220","135-220",0.373710413445162,"0.00009782809970081508|0.0002574753691322171",0,1,0,"bridge",0.000257475369132217,1,1,"France","Sovereign",2,0.0421153846153846,1,1,"Peru","Sovereign",3,0.146,301228.695996829,792808.711732073
"135","230","135-230",0.0621068491377124,"0.000011620276034836641|0.00002366863650236953",0.55,0.45,0.99,"3",2.36686365023695e-05,1,1,"Spain","Sovereign",3,0.430285714285714,1,1,"Peru","Sovereign",3,0.146,35780.7277030025,72879.597287857
"135","352","135-352",1.99992553887714,"0.0000015338582313944394",0,1,0,"bridge",1.53385823139444e-06,1,1,"Cyprus","Protectorate of",1,0,1,1,"Peru","Sovereign",3,0.146,4723,NA
"135","900","135-900",1.0222363567357,"0.00008683884953436175",0,1,0,"bridge",8.68388495343617e-05,1,1,"Australia","Colony of",8,0.0941379310344827,1,1,"Peru","Sovereign",3,0.146,267391,NA
"135","92","135-92",2.30409399460456,"0.000006160197434763198",1,0,0,"3",6.1601974347632e-06,1,1,"El Salvador","Sovereign",3,0.156428571428571,1,1,"Peru","Sovereign",3,0.146,18968.253968254,NA
"140","145","140-145",0.926911294024576,"0.00006409387864982636",0.55,0.45,0.99,"3",6.40938786498264e-05,1,1,"Bolivia","Sovereign",3,0.33,1,1,"Brazil","Sovereign",3,0.202,197355.52,NA
"140","160","140-160",1.6311924302327,"0.0011400861679588853|0.0007736240303652503",1,0,0,"3",0.00114008616795889,1,1,"Argentina (La Plata)","Sovereign",3,0.287142857142857,1,1,"Brazil","Sovereign",3,0.202,3510511.50690414,2382114.73565804
"140","165","140-165",2.05482600821,"0.0002865356150097571|0.00037028158718336766",1,0,0,"3",0.000370281587183368,1,1,"Uruguay","Sovereign",3,0.272307692307692,1,1,"Brazil","Sovereign",3,0.202,882289.954828996,1140157.48031496
"140","200","140-200",1.11490199563333,"0.005334885911336647|0.004734899080308865",0.3,0.7,0.84,"bridge",0.00533488591133665,1,1,"United Kingdom","Sovereign",0,0.0678787878787879,1,1,"Brazil","Sovereign",3,0.202,16426985,14579527.5590551
"140","210","140-210",0.277637688361733,"0.00003233300149237449|0.001052723411391388",0,1,0,"bridge",0.00105272341139139,1,1,"Netherlands","Sovereign",5,0.277619047619048,1,1,"Brazil","Sovereign",3,0.202,99558.5921325052,3241507.31158605
"140","211","140-211",0.360635899912316,"0.0007558106408161754|0.0003781723550238972",0,1,0,"bridge",0.000755810640816175,1,1,"Belgium","Sovereign",4,0.1,1,1,"Brazil","Sovereign",3,0.202,2327264.40000232,1164454.4431946
"140","220","140-220",0.11816845278227,"0.0008856017446600102|0.0017243154298186797",0,1,0,"bridge",0.00172431542981868,1,1,"France","Sovereign",2,0.0421153846153846,1,1,"Brazil","Sovereign",3,0.202,2726912.40586603,5309448.81889764
"140","235","140-235",0.671121316049571,"0.000059319936091318845|0.000054577810896995984",0,1,0,"bridge",5.93199360913188e-05,1,1,"Portugal","Sovereign",4,0.113461538461538,1,1,"Brazil","Sovereign",3,0.202,182655.771195097,168053.993250844
"140","255","140-255",0.245730053063306,"0.001934971293542643|0.0024246210756656765",0,1,0,"bridge",0.00242462107566568,1,1,"Germany (Zollverein)","Sovereign",0,0.0642307692307692,1,1,"Brazil","Sovereign",3,0.202,5958092.62704396,7465804.27446569
"140","300","140-300",0.12605301192267,"0.00014537354010176154|0.00061617398688061",0,1,0,"bridge",0.00061617398688061,1,1,"Austria-Hungary (Austrian Empire)","Sovereign",1,0.0394736842105263,1,1,"Brazil","Sovereign",3,0.202,447628.871982796,1897300.33745782
"140","325","140-325",0.167132348299175,"0.0004012169112930198|0.00014097441248427545",0,1,0,"bridge",0.00040121691129302,1,1,"Italy","Sovereign",1,0.0202702702702703,1,1,"Brazil","Sovereign",3,0.202,1235412.39552121,434083.239595051
"145","135","135-145",4.2206087694644,"0.0000665942099191294|2.567190884507043e-7",1,0,0,"3",6.65942099191294e-05,1,1,"Peru","Sovereign",3,0.146,1,1,"Bolivia","Sovereign",3,0.33,205054.448325457,790.48
"145","155","145-155",3.28790018468088,"0.00005174078785544691|0.00001805324182976873",1,0,0,"3",5.17407878554469e-05,1,1,"Chile","Sovereign",3,0.195,1,1,"Bolivia","Sovereign",3,0.33,159318.33597106,55588.88
"145","160","145-160",1.65296411530702,"0.000037596271164375205|0.000010389419690924141",0.55,0.45,0.99,"3",3.75962711643752e-05,1,1,"Argentina (La Plata)","Sovereign",3,0.287142857142857,1,1,"Bolivia","Sovereign",3,0.33,115765.059035421,31990.72
"145","200","145-200",1.20934109161491,"0.00007787959756961933|0.0012287990762882112",0,1,0,"bridge",0.00122879907628821,1,1,"United Kingdom","Sovereign",0,0.0678787878787879,1,1,"Bolivia","Sovereign",3,0.33,239804,3783673.04
"145","255","145-255",0.879376988497354,"0.00011765643033866523|0.00040203334232306306",0,1,0,"bridge",0.000402033342323063,1,1,"Germany (Zollverein)","Sovereign",0,0.0642307692307692,1,1,"Bolivia","Sovereign",3,0.33,362283.364339567,1237926.32
"150","140","140-150",0.918130654750736,"0.000003287819933553975|0.000010609698774690957",1,0,0,"3",1.0609698774691e-05,1,1,"Brazil","Sovereign",3,0.202,1,1,"Paraguay","Sovereign",3,0.24,10123.7345331834,32668.9952742963
"150","160","150-160",3.25587245603561,"0.000009310061651950027|0.00019070766728343868",1,0,0,"3",0.000190707667283439,1,1,"Argentina (La Plata)","Sovereign",3,0.287142857142857,1,1,"Paraguay","Sovereign",3,0.24,28667.2003201921,587220.053420999
"150","165","150-165",3.5841473123835,"6.46243831182779e-7|0.00003549911791280245",1,0,0,"3",3.54991179128024e-05,1,1,"Uruguay","Sovereign",3,0.272307692307692,1,1,"Paraguay","Sovereign",3,0.24,1989.89029898903,109307.581672488
"150","200","150-200",1.49870038043577,"0.00007117095698399263|0.0000010676426439940585",0.3,0.7,0.84,"bridge",7.11709569839926e-05,1,1,"United Kingdom","Sovereign",0,0.0678787878787879,1,1,"Paraguay","Sovereign",3,0.24,219147,3287.44606533799
"150","255","150-255",0.481379625386264,"0.000022259324658666397|0.00006038853705091393",0,1,0,"bridge",6.03885370509139e-05,1,1,"Germany (Zollverein)","Sovereign",0,0.0642307692307692,1,1,"Paraguay","Sovereign",3,0.24,68540.0959561343,185946.16807068
"150","325","150-325",0.188700988507119,"0.0000037259971656699774|0.000005805306876717694",0,1,0,"bridge",5.80530687671769e-06,1,1,"Italy","Sovereign",1,0.0202702702702703,1,1,"Paraguay","Sovereign",3,0.24,11472.9537927772,17875.4879802753
"155","1163","1163-155",0.841929594757568,"1.279568374273574e-7|3.6025771328782427e-7",0,1,0,"bridge",3.60257713287824e-07,1,1,"Falkland Is.","Colony of",0,0.28,1,1,"Chile","Sovereign",3,0.195,394,1109.29233551888
"155","135","135-155",3.17142387550566,"0.0002985999628638895|0.00003902168751295558",1,0,0,"3",0.00029859996286389,1,1,"Peru","Sovereign",3,0.146,1,1,"Chile","Sovereign",3,0.195,919438.052188206,120154.148767805
"155","160","155-160",0.646327531379911,"0.00017590433734779602|0.00004219583816093822",0.55,0.45,0.99,"3",0.000175904337347796,1,1,"Argentina (La Plata)","Sovereign",3,0.287142857142857,1,1,"Chile","Sovereign",3,0.195,541638.182909746,129927.877006557
"155","200","155-200",0.901054578121965,"0.00177956004128452|0.0019245689409599337",0,1,0,"bridge",0.00192456894095993,1,1,"United Kingdom","Sovereign",0,0.0678787878787879,1,1,"Chile","Sovereign",3,0.195,5479556,5926062.08455799
"155","220","155-220",0.111750945233654,"0.00046854510909337746|0.00021071410797481345",0,1,0,"bridge",0.000468545109093377,1,1,"France","Sovereign",2,0.0421153846153846,1,1,"Chile","Sovereign",3,0.195,1442726.91240587,648823.151706986
"155","230","155-230",0.600583856369291,"0.00009514836987321962|0.00008007511868344053",0.55,0.45,0.99,"3",9.51483698732196e-05,1,1,"Spain","Sovereign",3,0.430285714285714,1,1,"Chile","Sovereign",3,0.195,292977.370211507,246564.368075967
"155","255","155-255",0.499530572564855,"0.0010302887413439876|0.0009311194101173972",0,1,0,"bridge",0.00103028874134399,1,1,"Germany (Zollverein)","Sovereign",0,0.0642307692307692,1,1,"Chile","Sovereign",3,0.195,3172427.29854108,2867068.73163012
"155","325","155-325",0.357177056141985,"0.00020043560010789632|0.000017839849766964568",0,1,0,"bridge",0.000200435600107896,1,1,"Italy","Sovereign",1,0.0202702702702703,1,1,"Chile","Sovereign",3,0.195,617173.94732692,54931.8109880172
"160","200","160-200",0.714287482305203,"0.006202077653010417|0.005250906292676438",0.3,0.7,0.84,"bridge",0.00620207765301042,1,1,"United Kingdom","Sovereign",0,0.0678787878787879,1,1,"Argentina (La Plata)","Sovereign",3,0.287142857142857,19097210,16168398.0388233
"160","211","160-211",0.787946357660956,"0.0016341703968040416|0.001980995438235562",0,1,0,"bridge",0.00198099543823556,1,1,"Belgium","Sovereign",4,0.1,1,1,"Argentina (La Plata)","Sovereign",3,0.287142857142857,5031877.54000501,6099808.48509105
"160","220","160-220",0.632409774920837,"0.0020955808725385125|0.0024541980230588564",0,1,0,"bridge",0.00245419802305886,1,1,"France","Sovereign",2,0.0421153846153846,1,1,"Argentina (La Plata)","Sovereign",3,0.287142857142857,6452635.75108997,7556876.52591555
"160","225","160-225",0.0105328580003234,"0.00034403543884863345",0,1,0,"bridge",0.000344035438848633,1,1,"Switzerland","Sovereign",1,0.0535714285714286,1,1,"Argentina (La Plata)","Sovereign",3,0.287142857142857,1059341.30314306,NA
"160","230","160-230",0.986947026213857,"0.000765547681761181|0.0001865311959221206",0.7,0.3,0.84,"3",0.000765547681761181,1,1,"Spain","Sovereign",3,0.430285714285714,1,1,"Argentina (La Plata)","Sovereign",3,0.287142857142857,2357246.33929892,574360.016009606
"160","235","160-235",0.0204533678647816,"0.00000199701384224214|0.00006631941990532436",0,1,0,"bridge",6.63194199053244e-05,1,1,"Portugal","Sovereign",4,0.113461538461538,1,1,"Argentina (La Plata)","Sovereign",3,0.287142857142857,6149.1317671093,204208.324994997
"160","255","160-255",0.374411607730998,"0.00381906413072262|0.0029281893472064657",0,1,0,"bridge",0.00381906413072262,1,1,"Germany (Zollverein)","Sovereign",0,0.0642307692307692,1,1,"Argentina (La Plata)","Sovereign",3,0.287142857142857,11759522.1776168,9016373.22393436
"160","325","160-325",1.19149347570498,"0.0019393239062183523|0.000680779134489833",0,1,0,"bridge",0.00193932390621835,1,1,"Italy","Sovereign",1,0.0202702702702703,1,1,"Argentina (La Plata)","Sovereign",3,0.287142857142857,5971495.03232929,2096230.13808285
"165","160","160-165",1.84482728373917,"0.00009969447987043845|0.00040306404488184045",1,0,0,"3",0.00040306404488184,1,1,"Argentina (La Plata)","Sovereign",3,0.287142857142857,1,1,"Uruguay","Sovereign",3,0.272307692307692,306975.585351211,1241100.02151
"165","200","165-200",0.852900924854952,"0.0009550315124592769|0.0002389413740244979",0.3,0.7,0.84,"bridge",0.000955031512459277,1,1,"United Kingdom","Sovereign",0,0.0678787878787879,1,1,"Uruguay","Sovereign",3,0.272307692307692,2940698,735739.513873951
"165","211","165-211",1.29573741093189,"0.000054976135579044035|0.0005415936158088933",0,1,0,"bridge",0.000541593615808893,1,1,"Belgium","Sovereign",4,0.1,1,1,"Uruguay","Sovereign",3,0.272307692307692,169280.500000169,1667655.19466552
"165","220","165-220",1.0627478183777,"0.0003102180529986373|0.0006209580306377853",0,1,0,"bridge",0.000620958030637785,1,1,"France","Sovereign",2,0.0421153846153846,1,1,"Uruguay","Sovereign",3,0.272307692307692,955212.04914784,1912031.18950312
"165","230","165-230",1.1109294346267,"0.00011617122547653466|0.00003950009113859545",0.7,0.3,0.84,"3",0.000116171225476535,1,1,"Spain","Sovereign",3,0.430285714285714,1,1,"Uruguay","Sovereign",3,0.272307692307692,357710.176009466,121627.231662723
"165","235","165-235",0.206264151063789,"0.000004591141457912162|0.000013140035093014887",0,1,0,"bridge",1.31400350930149e-05,1,1,"Portugal","Sovereign",4,0.113461538461538,1,1,"Uruguay","Sovereign",3,0.272307692307692,14136.8743615935,40460.3140460314
"165","255","165-255",0.248837568748332,"0.00045154630021866117|0.0002813113857464338",0,1,0,"bridge",0.000451546300218661,1,1,"Germany (Zollverein)","Sovereign",0,0.0642307692307692,1,1,"Uruguay","Sovereign",3,0.272307692307692,1390384.80368158,866203.69972037
"165","325","165-325",0.955073616777629,"0.00020523714284716174|0.00011076595515213227",0,1,0,"bridge",0.000205237142847162,1,1,"Italy","Sovereign",1,0.0202702702702703,1,1,"Uruguay","Sovereign",3,0.272307692307692,631958.681595963,341066.465906647
"165","40","165-40",1.45413925361031,"0.000021497718641138115|0.0000715733031121246",0.15,0.85,0.51,"bridge",7.15733031121246e-05,1,1,"Cuba","Sovereign",10,0.304444444444444,1,1,"Uruguay","Sovereign",3,0.272307692307692,66194.9866447504,220385.889438589
"2","101","101-2",1.29607814001629,"0.00043601070717431907|0.0001832296312942433",0.1,0.9,0.36,"bridge",0.000436010707174319,1,1,"Venezuela","Sovereign",5,0.18,1,1,"United States of America","Sovereign",10,0.194166666666667,1342548.17546743,564193.959317855
"2","1032","1032-2",2.08820488587114,"0.0000059577872654945984",0.9,0.1,0.36,"10",5.9577872654946e-06,1,1,"Turks and Caicos Is.","Dependency of",10,0.072,1,1,"United States of America","Sovereign",10,0.194166666666667,18345,NA
"2","1055","1055-2",1.2643152176017,"0.000014748162185916637|0.000021215503456293276",0.9,0.1,0.36,"10",2.12155034562933e-05,1,NA,"Windward Is.","Colony of",10,0.036,1,1,"United States of America","Sovereign",10,0.194166666666667,45412,65326
"2","1063","1063-2",1.26697226190528,"0.000014114873269715249|0.000031314025943104644",0.9,0.1,0.36,"10",3.13140259431046e-05,1,1,"Leeward Is.","Colony of",10,0.036,1,1,"United States of America","Sovereign",10,0.194166666666667,43462,96421
"2","110","110-2",1.04920783302094,"0.00008216063064314072|0.00012296127076844395",0.9,0.1,0.36,"10",0.000122961270768444,1,1,"Guyana (British Guiana)","Colony of",10,0.048,1,1,"United States of America","Sovereign",10,0.194166666666667,252986,378617.834394904
"2","120","120-2",0.158060327131292,"0.0000016466013833852978|0.00001993842655958479",0.9,0.1,0.36,"10",1.99384265595848e-05,1,1,"French Guiana","Colony of",10,0.06,1,1,"United States of America","Sovereign",10,0.194166666666667,5070.15457788347,61393.6716663242
"2","135","135-2",1.10011553432017,"0.0006781455882504723|0.000302685097258137",0.1,0.9,0.36,"bridge",0.000678145588250472,1,1,"Peru","Sovereign",3,0.146,1,1,"United States of America","Sovereign",10,0.194166666666667,2088121.01910828,932016.848161085
"2","140","140-2",1.33584729698088,"0.00742269187598924|0.0015190007829052874",0.1,0.9,0.36,"bridge",0.00742269187598924,1,1,"Brazil","Sovereign",3,0.202,1,1,"United States of America","Sovereign",10,0.194166666666667,22855680.5399325,4677251.489624
"2","155","155-2",0.801144143903794,"0.0009929973143080922|0.0005533933469467283",0.1,0.9,0.36,"bridge",0.000992997314308092,1,1,"Chile","Sovereign",3,0.195,1,1,"United States of America","Sovereign",10,0.194166666666667,3057600.90436355,1703988.49393877
"2","160","160-2",0.0764734395743172,"0.0016458213902751642|0.0026934183009975263",0.1,0.9,0.36,"bridge",0.00269341830099753,1,1,"Argentina (La Plata)","Sovereign",3,0.287142857142857,1,1,"United States of America","Sovereign",10,0.194166666666667,5067752.85171103,8293474.83049106
"2","20","2-20",1.67701994863985,"0.006953696402160315|0.013515556675718085",0.9,0.1,0.36,"10",0.0135155566757181,1,1,"Canada (Province of Canada)","Colony of",10,0.091578947368421,1,1,"United States of America","Sovereign",10,0.194166666666667,21411566.8809536,41616606.3283337
"2","200","2-200",0.385924387243039,"0.01021275156911676|0.0305707807111813",0,1,0,"bridge",0.0305707807111813,1,1,"United Kingdom","Sovereign",0,0.0678787878787879,1,1,"United States of America","Sovereign",10,0.194166666666667,31446730,94132426.546127
"2","210","2-210",0.252688846388654,"0.0022782974244106597|0.005631383819623481",0,1,0,"bridge",0.00563138381962348,1,1,"Netherlands","Sovereign",5,0.277619047619048,1,1,"United States of America","Sovereign",10,0.194166666666667,7015249.85507246,17339950.4828436
"2","225","2-225",0.23664208980814,"0.0018503576245017933|0.00005023218603392896",0,1,0,"bridge",0.00185035762450179,1,1,"Switzerland","Sovereign",1,0.0535714285714286,1,1,"United States of America","Sovereign",10,0.194166666666667,5697553.32119389,154673.104581878
"2","230","2-230",0.178564480896047,"0.0007937950612175365|0.0012610944865108881",0.1,0.9,0.36,"bridge",0.00126109448651089,1,1,"Spain","Sovereign",3,0.430285714285714,1,1,"United States of America","Sovereign",10,0.194166666666667,2444224.63392989,3883115.8824738
"2","235","2-235",0.641176625952279,"0.00042859499737156893|0.00021511157592919388",0,1,0,"bridge",0.000428594997371569,1,1,"Portugal","Sovereign",4,0.113461538461538,1,1,"United States of America","Sovereign",10,0.194166666666667,1319713.9938713,662363.673720978
"2","255","2-255",0.0064872421768763,"0.010059624793955876|0.016467510047899658",0,1,0,"bridge",0.0164675100478997,1,1,"Germany (Zollverein)","Sovereign",0,0.0642307692307692,1,1,"United States of America","Sovereign",10,0.194166666666667,30975227.651033,50706152.866242
"2","3","2-3",2.30498823520124,"0.00205748083030705",1,0,0,"10",0.00205748083030705,1,1,"Alaska","Colony of",10,0.18,1,1,"United States of America","Sovereign",10,0.194166666666667,6335319.49866448,NA
"2","30","2-30",2.30014746883948,"0.000028960139756116097|0.00007918905673499682",0.9,0.1,0.36,"10",7.91890567349968e-05,1,1,"Bermuda","Colony of",10,0.036,1,1,"United States of America","Sovereign",10,0.194166666666667,89173,243836.038627491
"2","31","2-31",1.6899492636751,"0.0000318515096130089|0.000059731161049021396",0.9,0.1,0.36,"10",5.97311610490214e-05,1,1,"Bahamas","Colony of",10,0.087,1,1,"United States of America","Sovereign",10,0.194166666666667,98076,183922
"2","325","2-325",0.290136893942922,"0.0033779301314721334|0.003539790939381173",0,1,0,"bridge",0.00353979093938117,1,1,"Italy","Sovereign",1,0.0202702702702703,1,1,"United States of America","Sovereign",10,0.194166666666667,10401198.5491247,10899594.4113417
"2","4","2-4",2.33561025142814,"0.003032171836608376",0,1,0,"bridge",0.00303217183660838,1,1,"Hawaii (Sandwich Is.)","Colony of",5,0.11375,1,1,"United States of America","Sovereign",10,0.194166666666667,9336552.29093898,NA
"2","40","2-40",2.19216591408529,"0.008658252074670152|0.003456149278999398",0.95,0.05,0.19,"10",0.00865825207467015,1,1,"Cuba","Sovereign",10,0.304444444444444,1,1,"United States of America","Sovereign",10,0.194166666666667,26660172.1799877,10642048.0788987
"2","42","2-42",2.00664180329673,"0.0005112208619599758|0.00020221952409230464",0.95,0.05,0.19,"10",0.000511220861959976,1,1,"Dominican Republic (Santo Domingo)","Sovereign",10,0.116666666666667,1,1,"United States of America","Sovereign",10,0.194166666666667,1574132.52516951,622666.940620505
"2","501","2-501",0.0826624430985918,"0.000008241524526380835",0,1,0,"bridge",8.24152452638084e-06,1,1,"Kenya (British East Africa Protectorate)","Protectorate of",9,0.255,1,1,"United States of America","Sovereign",10,0.194166666666667,25377,NA
"2","51","2-51",1.7509453787311,"0.0004283501276476836|0.00007745383255980394",0.9,0.1,0.36,"10",0.000428350127647684,1,1,"Jamaica","Colony of",10,0.03,1,1,"United States of America","Sovereign",10,0.194166666666667,1318960,238493
"2","52","2-52",1.22631143464053,"0.0002463821895205638|0.0003111251016233389",0.9,0.1,0.36,"10",0.000311125101623339,1,1,"Trinidad and Tobago","Colony of",10,0.0514285714285714,1,1,"United States of America","Sovereign",10,0.194166666666667,758651,958005
"2","53","2-53",1.25619770028969,"0.00002521788940668605|0.00024366099576217842",0.9,0.1,0.36,"10",0.000243660995762178,1,1,"Barbados","Colony of",10,0.0705882352941176,1,1,"United States of America","Sovereign",10,0.194166666666667,77650,750272
"2","6","2-6",2.17792269850442,"0.0021251426828701736",0.95,0.05,0.19,"10",0.00212514268287017,1,1,"Puerto Rico","Colony of",10,0.215,1,1,"United States of America","Sovereign",10,0.194166666666667,6543661.39305527,NA
"2","65","2-65",0.757927042950818,"0.0000012238681436123417|0.00005465867921202166",0,1,0,"bridge",5.46586792120217e-05,1,1,"Guadeloupe","Colony of",2,0,1,1,"United States of America","Sovereign",10,0.194166666666667,3768.48989298454,168303
"2","66","2-66",0.306325717180546,"2.0698366357751398e-8|0.000030880141844619996",0,1,0,"bridge",3.088014184462e-05,1,1,"Martinique","Colony of",2,0,1,1,"United States of America","Sovereign",10,0.194166666666667,63.7336504161712,95085
"2","681","2-681",0.531018295974555,"0.00013114861356501242|0.00003548470473710853",0,1,0,"bridge",0.000131148613565012,1,1,"Aden","Dependency of",9,0.0864,1,1,"United States of America","Sovereign",10,0.194166666666667,403828,109263.201150606
"2","698","2-698",0.453850071294447,"0.000010234541242031168",0,1,0,"bridge",1.02345412420312e-05,1,1,"Oman (Sultanate of Muscat and Oman)","Sovereign (unrecognized)",9,0.147142857142857,1,1,"United States of America","Sovereign",10,0.194166666666667,31513.8239615333,NA
"2","713","2-713",1.49263176308035,"0.0001677303601829071",0,1,0,"bridge",0.000167730360182907,1,1,"Republic of China (Taiwan) (Formosa)","Colony of",5,0,1,1,"United States of America","Sovereign",10,0.194166666666667,516469.17226743,NA
"2","740","2-740",1.19021317465346,"0.00474987289070131|0.0014520838779970109",0,1,0,"bridge",0.00474987289070131,1,1,"Japan","Sovereign",5,0.171666666666667,1,1,"United States of America","Sovereign",10,0.194166666666667,14625634.3667353,4471203.41072529
"2","780","2-780",0.427822825095672,"0.0005303709491616575|0.000011855168511289987",0,1,0,"bridge",0.000530370949161658,1,1,"Sri Lanka (Ceylon)","Colony of",7,0.32875,1,1,"United States of America","Sovereign",10,0.194166666666667,1633098.77120342,36504
"2","80","2-80",1.90580071868909,"0.000044262023789275485|0.0000805377563050223",0.1,0.9,0.36,"bridge",8.05377563050223e-05,1,1,"Belize (British Honduras)","Colony of",3,0.072,1,1,"United States of America","Sovereign",10,0.194166666666667,136290,247988.904869529
"2","840","2-840",1.48654763504485,"0.0011433621324674218|0.0011189501463534852",0,1,0,"bridge",0.00114336213246742,1,1,"Philippines","Colony of",8,0.576470588235294,1,1,"United States of America","Sovereign",10,0.194166666666667,3520598.7366475,3445430.2445038
"2","900","2-900",0.130831016331128,"0.0005193300371669089|0.0018389505291764566",0,1,0,"bridge",0.00183895052917646,1,1,"Australia","Colony of",8,0.0941379310344827,1,1,"United States of America","Sovereign",10,0.194166666666667,1599102,5662429.01171153
"2","94","2-94",1.84229779477203,"0.00036184484435347906|0.00020227617588010157",0.1,0.9,0.36,"bridge",0.000361844844353479,1,1,"Costa Rica","Sovereign",3,0.225,1,1,"United States of America","Sovereign",10,0.194166666666667,1114179.37127594,622841.380727347
"2","960","2-960",1.78565200896854,"0.00004124650222187014|0.00003496176002454719",0,1,0,"bridge",4.12465022218701e-05,1,1,"French Polynesia","Colony of",2,0,1,1,"United States of America","Sovereign",10,0.194166666666667,127004.716607214,107652.968974728
"20","1032","1032-20",1.67311631903247,"9.284989802152661e-7",1,0,0,"10",9.28498980215266e-07,1,1,"Turks and Caicos Is.","Dependency of",10,0.072,1,1,"Canada (Province of Canada)","Colony of",10,0.091578947368421,2859,NA
"20","1055","1055-20",1.7661663777207,"0.000004747359602375884|0.000005810669378807814",1,0,0,"10",5.81066937880781e-06,1,NA,"Windward Is.","Colony of",10,0.036,1,1,"Canada (Province of Canada)","Colony of",10,0.091578947368421,14617.8955415179,17892
"20","1063","1063-20",3.08080850603992,"0.00008177057203962347|0.000008576355743100646",1,0,0,"10",8.17705720396235e-05,1,1,"Leeward Is.","Colony of",10,0.036,1,1,"Canada (Province of Canada)","Colony of",10,0.091578947368421,251784.945856465,26408
"20","110","110-20",2.74801244902197,"0.0001869998245207733|0.000039014963158871536",1,0,0,"10",0.000186999824520773,1,1,"Guyana (British Guiana)","Colony of",10,0.048,1,1,"Canada (Province of Canada)","Colony of",10,0.091578947368421,575803,120133.443383377
"20","200","20-200",0.993674007131745,"0.006380030214645273|0.009308302092201586",0,1,0,"bridge",0.00930830209220159,1,1,"United Kingdom","Sovereign",0,0.0678787878787879,1,1,"Canada (Province of Canada)","Colony of",10,0.091578947368421,19645155,28661782.3483602
"20","3","20-3",0.425427346248986,"0.00007413443609233744",0.9,0.1,0.36,"10",7.41344360923374e-05,1,1,"Alaska","Colony of",10,0.18,1,1,"Canada (Province of Canada)","Colony of",10,0.091578947368421,228272.036161907,NA
"20","31","20-31",2.13380511770409,"5.313131625156262e-7|0.000016359638904989092",1,0,0,"10",1.63596389049891e-05,1,1,"Bahamas","Colony of",10,0.087,1,1,"Canada (Province of Canada)","Colony of",10,0.091578947368421,1636,50374
"20","40","20-40",0.0244644909023446,"0.00008404129236895406|0.00011127276958652422",0.85,0.15,0.51,"10",0.000111272769586524,1,1,"Cuba","Sovereign",10,0.304444444444444,1,1,"Canada (Province of Canada)","Colony of",10,0.091578947368421,258776.864598315,342627.030321688
"20","51","20-51",1.76709353666378,"0.00007041880460967345|0.000021213879638559426",1,0,0,"10",7.04188046096734e-05,1,1,"Jamaica","Colony of",10,0.03,1,1,"Canada (Province of Canada)","Colony of",10,0.091578947368421,216831,65321
"20","53","20-53",3.30498731780536,"0.0001572206310997034|0.00006673631075284906",1,0,0,"10",0.000157220631099703,1,1,"Barbados","Colony of",10,0.0705882352941176,1,1,"Canada (Province of Canada)","Colony of",10,0.091578947368421,484108,205492
"200","1055","1055-200",1.33682314711106,"0.00010909002394130437|0.000023865573997936007",0,1,0,"bridge",0.000109090023941304,1,NA,"Windward Is.","Colony of",10,0.036,1,1,"United Kingdom","Sovereign",0,0.0678787878787879,335906,73486
"200","1063","1063-200",1.18842583376394,"0.00006058106725091834|0.000035225802863948605",0,1,0,"bridge",6.05810672509183e-05,1,1,"Leeward Is.","Colony of",10,0.036,1,1,"United Kingdom","Sovereign",0,0.0678787878787879,186539,108466
"200","1163","1163-200",1.92362435396622,"0.00007540749745160652|0.00003105648845051608",1,0,0,"0",7.54074974516065e-05,1,1,"Falkland Is.","Colony of",0,0.28,1,1,"United Kingdom","Sovereign",0,0.0678787878787879,232192,95628
"200","135","135-200",0.87713508690546,"0.000839870427771061|0.0004271949437118229",0,1,0,"bridge",0.000839870427771061,1,1,"Peru","Sovereign",3,0.146,1,1,"United Kingdom","Sovereign",0,0.0678787878787879,2586098.2124512,1315403
"200","220","200-220",0.112894189743363,"0.016413238148488066|0.007295199924610461",0,1,0,"bridge",0.0164132381484881,1,1,"France","Sovereign",2,0.0421153846153846,1,1,"United Kingdom","Sovereign",0,0.0678787878787879,50539040.8244154,22463112
"200","230","200-230",0.283345369859972,"0.003155090441997822|0.0015890277636655301",0,1,0,"bridge",0.00315509044199782,1,1,"Spain","Sovereign",3,0.430285714285714,1,1,"United Kingdom","Sovereign",0,0.0678787878787879,9715038.75166396,4892876
"200","235","200-235",0.570813309889513,"0.0000342013500224526|0.0009017134571683216",0,1,0,"bridge",0.000901713457168322,1,1,"Portugal","Sovereign",4,0.113461538461538,1,1,"United Kingdom","Sovereign",0,0.0678787878787879,105311.542390194,2776523
"200","31","200-31",0.376889354397772,"0.0000078151099894719|0.00002071893999328203",0,1,0,"bridge",2.0718939993282e-05,1,1,"Bahamas","Colony of",10,0.087,1,1,"United Kingdom","Sovereign",0,0.0678787878787879,24064,63797
"200","338","200-338",1.43152044512323,"0.000004939653546370828|0.000273076454010866",0,1,0,"bridge",0.000273076454010866,1,1,"Malta","Colony of",1,0.0146153846153846,1,1,"United Kingdom","Sovereign",0,0.0678787878787879,15210,840847
"200","342","200-342",0.056480311435809,"0.00002152591484851001|0.00011076840195101142",0,1,0,"bridge",0.000110768401951011,1,1,"Kingdom of Serbia","Sovereign",1,0,1,1,"United Kingdom","Sovereign",0,0.0678787878787879,66281.807372176,341074
"200","380","200-380",0.706311283566305,"0.00335021956896036|0.0021752555190680326",0,1,0,"bridge",0.00335021956896036,1,1,"Sweden","Sovereign",6,0.151666666666667,1,1,"United Kingdom","Sovereign",0,0.0678787878787879,10315873.2015376,6697967
"200","390","200-390",1.28264473737184,"0.0058177882014618845|0.0017551417197299816",0,1,0,"bridge",0.00581778820146188,1,1,"Denmark","Sovereign",6,0.0172727272727273,1,1,"United Kingdom","Sovereign",0,0.0678787878787879,17913920.0175786,5404368
"200","395","200-395",0.359726806938741,"0.00004665793466535134|0.000048482326079550894",0,1,0,"bridge",4.84823260795509e-05,1,1,"Iceland","Colony of",6,0.165,1,1,"United Kingdom","Sovereign",0,0.0678787878787879,143667.400881057,149285
"200","4050","200-4050",1.99870945508955,"5.842496206391269e-7|0.00000696455426048142",1,0,0,"0",6.96455426048142e-06,1,1,"St. Helena","Colony of",0,0,1,1,"United Kingdom","Sovereign",0,0.0678787878787879,1799,21445
"200","42","200-42",0.280964365391093,"0.00000947179189918904|0.00007272141613920164",0,1,0,"bridge",7.27214161392016e-05,1,1,"Dominican Republic (Santo Domingo)","Sovereign",10,0.116666666666667,1,1,"United Kingdom","Sovereign",0,0.0678787878787879,29165.1941647832,223921.116955643
"200","430","200-430",0.919152981828327,"0.00018104042386396074|0.0004703121759987343",0.7,0.3,0.84,"0",0.000470312175998734,1,1,"French West Africa","Colony of",0,0.105,1,1,"United Kingdom","Sovereign",0,0.0678787878787879,557453.032104637,1448168
"200","51","200-51",1.18668304607971,"0.00016964900727104234|0.00008712918814517407",0,1,0,"bridge",0.000169649007271042,1,1,"Jamaica","Colony of",10,0.03,1,1,"United Kingdom","Sovereign",0,0.0678787878787879,522377,268285
"200","52","200-52",1.14776141944128,"0.00018843592892458998|0.00034998988002884476",0,1,0,"bridge",0.000349989880028845,1,1,"Trinidad and Tobago","Colony of",10,0.0514285714285714,1,1,"United Kingdom","Sovereign",0,0.0678787878787879,580225,1077676
"200","522","200-522",0.937804855479429,"0.00003505622325940696|0.00006099286742822262",0,1,0,"bridge",6.09928674282226e-05,1,1,"Djibouti (Afar and Issas) (French Somaliland)","Colony of",9,0.038,1,1,"United Kingdom","Sovereign",0,0.0678787878787879,107943.836702338,187807
"200","53","200-53",1.17764692582121,"0.00003807300487848069|0.0002740981601290042",0,1,0,"bridge",0.000274098160129004,1,1,"Barbados","Colony of",10,0.0705882352941176,1,1,"United Kingdom","Sovereign",0,0.0678787878787879,117233,843993
"200","552","200-552",1.98539723270324,"0.0008575537338962785|0.00024627988900333126",0,1,0,"bridge",0.000857553733896279,1,1,"Zimbabwe (Rhodesia) (Southern Rhodesia)","Protectorate of",9,0.383333333333333,1,1,"United Kingdom","Sovereign",0,0.0678787878787879,2640548,758336
"200","580","200-580",1.3971443887711,"0.00004250737770582983|0.000012794384688548662",0,1,0,"bridge",4.25073777058298e-05,1,1,"Madagascar (Malagasy Republic)","Colony of",2,0.154285714285714,1,1,"United Kingdom","Sovereign",0,0.0678787878787879,130887.158145065,39396
"200","640","200-640",0.505871075529987,"0.0015269861206049357|0.002821060172834841",0,1,0,"bridge",0.00282106017283484,1,1,"Turkey (Ottoman Empire)","Sovereign",1,0.106,1,1,"United Kingdom","Sovereign",0,0.0678787878787879,4701839.64854476,8686505
"200","710","200-710",0.555093133452488,"0.0008177979079446247|0.0029786247285305736",0,1,0,"bridge",0.00297862472853057,1,1,"People's Republic of China (China)","Sovereign",5,0.219545454545455,1,1,"United Kingdom","Sovereign",0,0.0678787878787879,2518133.31908196,9171672
"200","750","200-750",1.55958155946513,"0.011080340821371775|0.014938636006097208",0,1,0,"bridge",0.0149386360060972,1,1,"India","Colony of",9,0.135294117647059,1,1,"United Kingdom","Sovereign",0,0.0678787878787879,34118179,45998500
"200","780","200-780",0.916476543983755,"0.0016786290106771966|0.0007539424709889831",0,1,0,"bridge",0.0016786290106772,1,1,"Sri Lanka (Ceylon)","Colony of",7,0.32875,1,1,"United Kingdom","Sovereign",0,0.0678787878787879,5168772.87297983,2321512
"200","840","200-840",0.133018583155493,"0.0004623469597375491|0.0003799002779228097",0,1,0,"bridge",0.000462346959737549,1,1,"Philippines","Colony of",8,0.576470588235294,1,1,"United Kingdom","Sovereign",0,0.0678787878787879,1423641.79827445,1169775
"200","900","200-900",1.52043022451283,"0.01224303751235989|0.00898048078350412",0,1,0,"bridge",0.0122430375123599,1,1,"Australia","Colony of",8,0.0941379310344827,1,1,"United Kingdom","Sovereign",0,0.0678787878787879,37698312,27652367
"200","94","200-94",0.645169030850773,"0.00021221269260392165|0.00007049512404316438",0,1,0,"bridge",0.000212212692603922,1,1,"Costa Rica","Sovereign",3,0.225,1,1,"United Kingdom","Sovereign",0,0.0678787878787879,653437.538524759,217066
"200","960","200-960",0.0204997374047001,"0.000013707132701106176|0.000008687424876095967",0,1,0,"bridge",1.37071327011062e-05,1,1,"French Polynesia","Colony of",2,0,1,1,"United Kingdom","Sovereign",0,0.0678787878787879,42206.5001981768,26750
"2003","200","200-2003",1.99870945508955,"0.00041408716220064126",1,0,0,"0",0.000414087162200641,1,1,"United Kingdom","Sovereign",0,0.0678787878787879,1,NA,"Channel Is.","Possession of",0,0,1275042,NA
"21","1055","1055-21",1.33166845303877,"5.453119193338714e-7",1,0,0,"10",5.45311919333871e-07,1,NA,"Windward Is.","Colony of",10,0.036,1,NA,"Newfoundland and Labrador (Newfoundland)","Colony of",10,0.0514285714285714,1679.1044584821,NA
"21","1063","1063-21",2.82601478821181,"0.0000026195603520928984",1,0,0,"10",2.6195603520929e-06,1,1,"Leeward Is.","Colony of",10,0.036,1,NA,"Newfoundland and Labrador (Newfoundland)","Colony of",10,0.0514285714285714,8066.05414353524,NA
"21","2","2-21",0.954203341130991,"0.00027114746737587456",0.9,0.1,0.36,"10",0.000271147467375875,1,1,"United States of America","Sovereign",10,0.194166666666667,1,NA,"Newfoundland and Labrador (Newfoundland)","Colony of",10,0.0514285714285714,834907.335114033,NA
"21","20","20-21",2.68597924113156,"0.0002540550914632031",1,0,0,"10",0.000254055091463203,1,1,"Canada (Province of Canada)","Colony of",10,0.091578947368421,1,NA,"Newfoundland and Labrador (Newfoundland)","Colony of",10,0.0514285714285714,782277.118198773,NA
"21","200","200-21",0.899361335761954,"0.0003123361448892441",0,1,0,"bridge",0.000312336144889244,1,1,"United Kingdom","Sovereign",0,0.0678787878787879,1,NA,"Newfoundland and Labrador (Newfoundland)","Colony of",10,0.0514285714285714,961734,NA
"21","52","21-52",2.54329225762908,"0.00000900406933419666",1,0,0,"10",9.00406933419666e-06,1,1,"Trinidad and Tobago","Colony of",10,0.0514285714285714,1,NA,"Newfoundland and Labrador (Newfoundland)","Colony of",10,0.0514285714285714,27725,NA
"21","53","21-53",4.38618139227091,"0.000019158126387505688",1,0,0,"10",1.91581263875057e-05,1,1,"Barbados","Colony of",10,0.0705882352941176,1,NA,"Newfoundland and Labrador (Newfoundland)","Colony of",10,0.0514285714285714,58991,NA
"210","200","200-210",0.0901884427617399,"0.004122897258746884|0.014224441632034813",0,1,0,"bridge",0.0142244416320348,1,1,"United Kingdom","Sovereign",0,0.0678787878787879,1,1,"Netherlands","Sovereign",5,0.277619047619048,12695074,43799378.8819876
"210","211","210-211",0.956806487729302,"0.004173546699501832|0.008871766797423842",0.4,0.6,0.96,"bridge",0.00887176679742384,1,1,"Belgium","Sovereign",4,0.1,1,1,"Netherlands","Sovereign",5,0.277619047619048,12851031.9000128,27317618.8819876
"210","230","210-230",0.288759106633091,"0.0006676287464329276|0.00016405822567459985",0,1,0,"bridge",0.000667628746432928,1,1,"Spain","Sovereign",3,0.430285714285714,1,1,"Netherlands","Sovereign",5,0.277619047619048,2055737.94557018,505162.070393375
"210","235","210-235",1.74873976714746,"0.000530130877244239|0.00020406446860518312",0.4,0.6,0.96,"bridge",0.000530130877244239,1,1,"Portugal","Sovereign",4,0.113461538461538,1,1,"Netherlands","Sovereign",5,0.277619047619048,1632359.5505618,628347.826086957
"210","255","210-255",1.2441462867736,"0.007929089433769236|0.03550598924525901",0,1,0,"bridge",0.035505989245259,1,1,"Germany (Zollverein)","Sovereign",0,0.0642307692307692,1,1,"Netherlands","Sovereign",5,0.277619047619048,24414961.323803,109328739.627329
"210","31","210-31",0.778350086612836,"0.000005230641684276696|1.0262528077930188e-7",0,1,0,"bridge",5.2306416842767e-06,1,1,"Bahamas","Colony of",10,0.087,1,1,"Netherlands","Sovereign",5,0.277619047619048,16106,316
"210","385","210-385",0.168970500903939,"0.00019786033641613655|0.00044601148205262645",0,1,0,"bridge",0.000446011482052627,1,1,"Norway","Sovereign",6,0.107058823529412,1,1,"Netherlands","Sovereign",5,0.277619047619048,609244.28983496,1373342.19461698
"210","420","210-420",0.111767853003706,"0.000005709343152215592",0,1,0,"bridge",5.70934315221559e-06,1,1,"Gambia","Colony of",0,0.12875,1,1,"Netherlands","Sovereign",5,0.277619047619048,17580,NA
"210","430","210-430",0.629140507143018,"0.00010270723755703808",0,1,0,"bridge",0.000102707237557038,1,1,"French West Africa","Colony of",0,0.105,1,1,"Netherlands","Sovereign",5,0.277619047619048,316252.358303607,NA
"210","850","210-850",1.80033375164156,"0.0024422601435084095|0.0030599837015387447",0.6,0.4,0.96,"5",0.00305998370153874,1,1,"Indonesia (Dutch East Indies)","Colony of",5,0.575555555555555,1,1,"Netherlands","Sovereign",5,0.277619047619048,7520117.84511784,9422189.56521739
"211","480","211-480",1.51968547271062,"0.00007174944530188648",1,0,0,"4",7.17494453018865e-05,1,1,"French Equatorial Africa","Colony of",4,0,1,1,"Belgium","Sovereign",4,0.1,220928.260007927,NA
"211","930","211-930",0.808251925684277,"0.000009047194148804904",0,1,0,"bridge",9.0471941488049e-06,1,1,"New Caledonia","Colony of",8,0,1,1,"Belgium","Sovereign",4,0.1,27857.7883472057,NA
"212","211","211-212",3.19867526823962,"0.00044668586829669046",1,0,0,"4",0.00044668586829669,1,1,"Belgium","Sovereign",4,0.1,1,NA,"Luxemburg","Sovereign (unrecognized)",4,0,1375418.74000137,NA
"220","1055","1055-220",0.644122416494293,"0.000022063785840456366|3.585389556340167e-7",0,1,0,"bridge",2.20637858404564e-05,1,NA,"Windward Is.","Colony of",10,0.036,1,1,"France","Sovereign",2,0.0421153846153846,67938,1104
"220","211","211-220",1.1488350132256,"0.008505806006827928|0.012919745219698431",0,1,0,"bridge",0.0129197452196984,1,1,"Belgium","Sovereign",4,0.1,1,1,"France","Sovereign",2,0.0421153846153846,26190765.8400261,39782005.5489497
"220","31","220-31",0.182272284422854,"0.0000055365689453339825|0.0000010100146304545217",0,1,0,"bridge",5.53656894533398e-06,1,1,"Bahamas","Colony of",10,0.087,1,1,"France","Sovereign",2,0.0421153846153846,17048,3110
"220","352","220-352",0.556335873964135,"0.000020836179633665983",0,1,0,"bridge",2.0836179633666e-05,1,1,"Cyprus","Protectorate of",1,0,1,1,"France","Sovereign",2,0.0421153846153846,64158,NA
"220","42","220-42",0.694072056152979,"0.000048299752848299705|0.00006372380409301107",0,1,0,"bridge",6.37238040930111e-05,1,1,"Dominican Republic (Santo Domingo)","Sovereign",10,0.116666666666667,1,1,"France","Sovereign",2,0.0421153846153846,148722.827203616,196216
"220","420","220-420",2.43948498970181,"0.00011247600867992779",0,1,0,"bridge",0.000112476008679928,1,1,"Gambia","Colony of",0,0.12875,1,1,"France","Sovereign",2,0.0421153846153846,346332,NA
"220","430","220-430",2.15499614998017,"0.0009074668655721144|0.0007990261465515866",0,1,0,"bridge",0.000907466865572114,1,1,"French West Africa","Colony of",0,0.105,1,1,"France","Sovereign",2,0.0421153846153846,2794238.68410622,2460332
"220","480","220-480",2.08812523166411,"0.000183342692341354",0,1,0,"bridge",0.000183342692341354,1,1,"French Equatorial Africa","Colony of",4,0,1,1,"France","Sovereign",2,0.0421153846153846,564542.09274673,NA
"220","501","220-501",1.0164622843187,"0.000016460315604487773",0,1,0,"bridge",1.64603156044878e-05,1,1,"Kenya (British East Africa Protectorate)","Protectorate of",9,0.255,1,1,"France","Sovereign",2,0.0421153846153846,50684,NA
"220","511","220-511",1.19524255607817,"0.00007175423231399144",0,1,0,"bridge",7.17542323139914e-05,1,1,"Zanzibar","Protectorate of",9,0.251578947368421,1,1,"France","Sovereign",2,0.0421153846153846,220943,NA
"220","52","220-52",0.957525981961613,"0.00014838219117435943|0.000005261494221219841",0,1,0,"bridge",0.000148382191174359,1,1,"Trinidad and Tobago","Colony of",10,0.0514285714285714,1,1,"France","Sovereign",2,0.0421153846153846,456893,16201
"220","580","220-580",2.19235880575419,"0.000388981901770256",0.9,0.1,0.36,"2",0.000388981901770256,1,1,"Madagascar (Malagasy Republic)","Colony of",2,0.154285714285714,1,1,"France","Sovereign",2,0.0421153846153846,1197738.80301229,NA
"220","6","220-6",1.28205943342649,"0.00003896895650578313|0.00005391204781799756",0,1,0,"bridge",5.39120478179976e-05,1,1,"Puerto Rico","Colony of",10,0.215,1,1,"France","Sovereign",2,0.0421153846153846,119991.781384837,166004
"220","681","220-681",0.262915311264159,"0.00007874346860402738",0,1,0,"bridge",7.87434686040274e-05,1,1,"Aden","Dependency of",9,0.0864,1,1,"France","Sovereign",2,0.0421153846153846,242464,NA
"220","840","220-840",0.920882397616262,"0.0005098060647584072|0.000007723271029011715",0,1,0,"bridge",0.000509806064758407,1,1,"Philippines","Colony of",8,0.576470588235294,1,1,"France","Sovereign",2,0.0421153846153846,1569776.13352506,23781.2128418549
"220","92","220-92",0.691943668609051,"0.00007070050863412323|0.0000047490173444168715",0,1,0,"bridge",7.07005086341232e-05,1,1,"El Salvador","Sovereign",3,0.156428571428571,1,1,"France","Sovereign",2,0.0421153846153846,217698.412698413,14623
"220","93","220-93",1.14702853770662,"0.00006657652708783825|7.112321674261744e-7",0,1,0,"bridge",6.65765270878383e-05,1,1,"Nicaragua","Sovereign",3,0.04,1,1,"France","Sovereign",2,0.0421153846153846,205000,2190
"220","930","220-930",2.14423866894646,"0.000049808147193199464",0,1,0,"bridge",4.98081471931995e-05,1,1,"New Caledonia","Colony of",8,0,1,1,"France","Sovereign",2,0.0421153846153846,153367.419738407,NA
"225","120","120-225",3.15285536690445,"0.0000664686716079181|4.6765950734871743e-7",0,1,0,"bridge",6.64686716079181e-05,1,1,"French Guiana","Colony of",10,0.06,1,1,"Switzerland","Sovereign",1,0.0535714285714286,204667.895362663,1440
"225","220","220-225",1.18656655952164,"0.004962201636140028|0.0016718405202819336",0,1,0,"bridge",0.00496220163614003,1,1,"France","Sovereign",2,0.0421153846153846,1,1,"Switzerland","Sovereign",1,0.0535714285714286,15279429.2508918,5147870.00237511
"225","230","225-230",0.625028231980708,"0.0000973946350600987|0.00026889416347978477",0,1,0,"bridge",0.000268894163479785,1,1,"Spain","Sovereign",3,0.430285714285714,1,1,"Switzerland","Sovereign",1,0.0535714285714286,299893.987575802,827969.044414536
"225","325","225-325",1.69840383919977,"0.0027707590469495547|0.0011003699505347463",1,0,0,"1",0.00277075904694955,1,1,"Italy","Sovereign",1,0.0202702702702703,1,1,"Switzerland","Sovereign",1,0.0535714285714286,8531619.61835673,3388218.78711108
"225","342","225-342",0.563965575828247,"7.504445016523051e-7|0.000020630828642496604",1,0,0,"1",2.06308286424966e-05,1,1,"Kingdom of Serbia","Sovereign",1,0,1,1,"Switzerland","Sovereign",1,0.0535714285714286,2310.74118113357,63525.6907608265
"230","150","150-230",1.91781905951024,"0.000021152669884132286",0.7,0.3,0.84,"3",2.11526698841323e-05,1,1,"Paraguay","Sovereign",3,0.24,1,1,"Spain","Sovereign",3,0.430285714285714,65132.5251695089,NA
"230","211","211-230",0.25252550379917,"0.000497696095366911|0.00041126517727573577",0,1,0,"bridge",0.000497696095366911,1,1,"Belgium","Sovereign",4,0.1,1,1,"Spain","Sovereign",3,0.430285714285714,1532487.56000153,1266352.64753735
"230","220","220-230",1.17789210034133,"0.0018111070563032474|0.0031206109144456358",0,1,0,"bridge",0.00312061091444564,1,1,"France","Sovereign",2,0.0421153846153846,1,1,"Spain","Sovereign",3,0.430285714285714,5576694.41141498,9608870.65522852
"230","395","230-395",3.14975357589301,"0.00005365036565582753",0.45,0.55,0.99,"bridge",5.36503656558275e-05,1,1,"Iceland","Colony of",6,0.165,1,1,"Spain","Sovereign",3,0.430285714285714,165198.237885463,NA
"230","616","230-616",0.0418141775681424,"0.000015223519734942336",0,1,0,"bridge",1.52235197349423e-05,1,1,"Tunisia (Regency of Tunis)","Protectorate of",1,0,1,1,"Spain","Sovereign",3,0.430285714285714,46875.7035275466,NA
"230","750","230-750",0.192526104279364,"0.0005079662359018818|0.0000030397867977666635",0,1,0,"bridge",0.000507966235901882,1,1,"India","Colony of",9,0.135294117647059,1,1,"Spain","Sovereign",3,0.430285714285714,1564111,9360
"230","840","230-840",1.64228354610701,"0.00013166513677678664|0.00010068825187747207",0,1,0,"bridge",0.000131665136776787,1,1,"Philippines","Colony of",8,0.576470588235294,1,1,"Spain","Sovereign",3,0.430285714285714,405418.459326213,310035.571660997
"231","200","200-231",0.424903743151051,"0.0001866705142843486",0,1,0,"bridge",0.000186670514284349,1,1,"United Kingdom","Sovereign",0,0.0678787878787879,1,NA,"Gibraltar","Colony of",1,0.15,574789,NA
"231","230","230-231",1.92701241708195,"0.00007878685107676973",0,1,0,"bridge",7.87868510767697e-05,1,1,"Spain","Sovereign",3,0.430285714285714,1,NA,"Gibraltar","Colony of",1,0.15,242597.581718681,NA
"231","300","231-300",0.0873716165715717,"0.00003076030409586189",1,0,0,"1",3.07603040958619e-05,1,1,"Austria-Hungary (Austrian Empire)","Sovereign",1,0.0394736842105263,1,NA,"Gibraltar","Colony of",1,0.15,94716,NA
"231","338","231-338",2.58743777252582,"7.485799753047179e-7",1,0,0,"1",7.48579975304718e-07,1,1,"Malta","Colony of",1,0.0146153846153846,1,NA,"Gibraltar","Colony of",1,0.15,2305,NA
"231","365","231-365",2.43619441219797,"0.0004951839000687099",0.75,0.25,0.75,"1",0.00049518390006871,1,1,"Russia (USSR)","Sovereign",1,0.393333333333333,1,NA,"Gibraltar","Colony of",1,0.15,1524752.10039349,NA
"232","230","230-232",4.36341711767428,"0.000011109653687099443",1,0,0,"3",1.11096536870994e-05,1,1,"Spain","Sovereign",3,0.430285714285714,1,NA,"Andorra","Sovereign (unrecognized)",3,0,34208.4381008726,NA
"235","155","155-235",0.163420432743952,"0.000020529344238865436",0,1,0,"bridge",2.05293442388654e-05,1,1,"Chile","Sovereign",3,0.195,1,1,"Portugal","Sovereign",4,0.113461538461538,63213.2037078906,NA
"235","211","211-235",0.398618655296443,"0.0002286371677827202|4.445180313296458e-7",0.95,0.05,0.19,"4",0.00022863716778272,1,1,"Belgium","Sovereign",4,0.1,1,1,"Portugal","Sovereign",4,0.113461538461538,704011.180000701,1368.74361593463
"235","220","220-235",0.234061382648876,"0.00037329143306889963|0.00004766294831451008",0,1,0,"bridge",0.0003732914330689,1,1,"France","Sovereign",2,0.0421153846153846,1,1,"Portugal","Sovereign",4,0.113461538461538,1149425.28735632,146762.002042901
"235","230","230-235",2.7134183131356,"0.0007221220256985227|0.00007446672214393947",0,1,0,"bridge",0.000722122025698523,1,1,"Spain","Sovereign",3,0.430285714285714,1,1,"Portugal","Sovereign",4,0.113461538461538,2223531.65212247,229295.19918284
"235","255","235-255",0.174315912744549,"0.0005246840812399936|0.0002187360444015984",0,1,0,"bridge",0.000524684081239994,1,1,"Germany (Zollverein)","Sovereign",0,0.0642307692307692,1,1,"Portugal","Sovereign",4,0.113461538461538,1615587.97610888,673524.004085802
"235","430","235-430",0.0874886266096324,"0.0000057203694088213444",0,1,0,"bridge",5.72036940882134e-06,1,1,"French West Africa","Colony of",0,0.105,1,1,"Portugal","Sovereign",4,0.113461538461538,17613.9516448672,NA
"235","553","235-553",1.80090892860342,"0.0000010951026797082468",0.3,0.7,0.84,"bridge",1.09510267970825e-06,1,1,"Malawi (Nyasaland) (British Central Africa Protectorate)","Protectorate of",9,0.431666666666667,1,1,"Portugal","Sovereign",4,0.113461538461538,3372,NA
"235","616","235-616",0.823137610960285,"0.000013200022725341268",0,1,0,"bridge",1.32000227253413e-05,1,1,"Tunisia (Regency of Tunis)","Protectorate of",1,0,1,1,"Portugal","Sovereign",4,0.113461538461538,40645.0257629806,NA
"255","135","135-255",0.280631642137762,"0.00011951225120702114|0.00020351382545066418",0,1,0,"bridge",0.000203513825450664,1,1,"Peru","Sovereign",3,0.146,1,1,"Germany (Zollverein)","Sovereign",0,0.0642307692307692,367997.73988083,626652.305884657
"255","211","211-255",0.514659980466804,"0.010032757050196309|0.006211941531529258",0,1,0,"bridge",0.0100327570501963,1,1,"Belgium","Sovereign",4,0.1,1,1,"Germany (Zollverein)","Sovereign",0,0.0642307692307692,30892497.4800308,19127582.4929012
"255","225","225-255",1.15807689833336,"0.0034731958996743906|0.007196121671794579",0,1,0,"bridge",0.00719612167179458,1,1,"Switzerland","Sovereign",1,0.0535714285714286,1,1,"Germany (Zollverein)","Sovereign",0,0.0642307692307692,10694537.4079645,22158033.8783903
"255","230","230-255",0.0249569601388788,"0.0006718667161771773|0.0011384054611146529",0,1,0,"bridge",0.00113840546111465,1,1,"Spain","Sovereign",3,0.430285714285714,1,1,"Germany (Zollverein)","Sovereign",0,0.0642307692307692,2068787.34654637,3505336.3360423
"255","325","255-325",0.30135530034588,"0.0037533851654547477|0.00514349394791327",0,1,0,"bridge",0.00514349394791327,1,1,"Italy","Sovereign",1,0.0202702702702703,1,1,"Germany (Zollverein)","Sovereign",0,0.0642307692307692,11557285.9170478,15837657.8870068
"255","342","255-342",1.21001892979669,"0.00028209053064477734|0.00030368078641466296",0,1,0,"bridge",0.000303680786414663,1,1,"Kingdom of Serbia","Sovereign",1,0,1,1,"Germany (Zollverein)","Sovereign",0,0.0642307692307692,868602.814110186,935082.737687261
"255","380","255-380",1.18235389748134,"0.0022198908877134856|0.003028858105339963",0.05,0.95,0.19,"bridge",0.00302885810533996,1,1,"Sweden","Sovereign",6,0.151666666666667,1,1,"Germany (Zollverein)","Sovereign",0,0.0642307692307692,6835406.58978583,9326348.771174
"255","42","255-42",0.285267489028086,"0.00013972993304567566|0.000047698552839999416",0,1,0,"bridge",0.000139729933045676,1,1,"Dominican Republic (Santo Domingo)","Sovereign",10,0.116666666666667,1,1,"Germany (Zollverein)","Sovereign",0,0.0642307692307692,430251.284158619,146871.634191716
"255","451","255-451",1.41701824722063,"0.00019008865061410224",0.95,0.05,0.19,"0",0.000190088650614102,1,1,"Sierra Leone","Protectorate of",0,0.12875,1,1,"Germany (Zollverein)","Sovereign",0,0.0642307692307692,585314,NA
"255","452","255-452",0.181431309178821,"0.00014918013520877316|0.000037338389735687076",0.65,0.35,0.91,"0",0.000149180135208773,1,1,"Ghana (Gold Coast)","Colony of",0,0.303333333333333,1,1,"Germany (Zollverein)","Sovereign",0,0.0642307692307692,459350,114971
"255","4783","255-4783",1.17791785804418,"0.000814198125166038",0.65,0.35,0.91,"0",0.000814198125166038,1,1,"Southern Nigeria (Niger Coast Protectorate)","Protectorate of",0,0.4375,1,1,"Germany (Zollverein)","Sovereign",0,0.0642307692307692,2507049,NA
"255","580","255-580",0.555457041984165,"0.00013457219235513902|0.000004769855283999942",0,1,0,"bridge",0.000134572192355139,1,1,"Madagascar (Malagasy Republic)","Colony of",2,0.154285714285714,1,1,"Germany (Zollverein)","Sovereign",0,0.0642307692307692,414369.758224336,14687.1634191716
"255","751","255-751",1.14808863727523,"6.500419782751528e-7|0.00001907942113599977",0,1,0,"bridge",1.90794211359998e-05,1,1,"French India","Colony of",7,0.291666666666667,1,1,"Germany (Zollverein)","Sovereign",0,0.0642307692307692,2001.58541418946,58748.6536766866
"255","94","255-94",0.0268400345132927,"0.000019723129747656867|0.00004133874579466616",0,1,0,"bridge",4.13387457946662e-05,1,1,"Costa Rica","Sovereign",3,0.225,1,1,"Germany (Zollverein)","Sovereign",0,0.0642307692307692,60730.7376207109,127288.749632821
"255","960","255-960",0.291600657944447,"0.000014151195041037588|0.0000031799035226666277",0,1,0,"bridge",1.41511950410376e-05,1,1,"French Polynesia","Colony of",2,0,1,1,"Germany (Zollverein)","Sovereign",0,0.0642307692307692,43573.840665874,9791.44227944776
"30","1032","1032-30",10.4075689746554,"8.768615762788452e-9|1.1691487683717936e-8",1,0,0,"10",1.16914876837179e-08,1,1,"Turks and Caicos Is.","Dependency of",10,0.072,1,1,"Bermuda","Colony of",10,0.036,27,36
"30","1063","1063-30",3.25536674257782,"2.763737783012212e-7|6.202983743305905e-8",1,0,0,"10",2.76373778301221e-07,1,1,"Leeward Is.","Colony of",10,0.036,1,1,"Bermuda","Colony of",10,0.036,851,191
"30","110","110-30",2.55092360502649,"4.118001773042873e-7|1.4971599506094357e-7",1,0,0,"10",4.11800177304287e-07,1,1,"Guyana (British Guiana)","Colony of",10,0.048,1,1,"Bermuda","Colony of",10,0.036,1268,461
"30","20","20-30",2.19249274941206,"0.0000319785612224223|2.3577833495497838e-7",1,0,0,"10",3.19785612224223e-05,1,1,"Canada (Province of Canada)","Colony of",10,0.091578947368421,1,1,"Bermuda","Colony of",10,0.036,98467.2126551057,726
"30","200","200-30",0.559920075849859,"0.00004586213378421099|6.342632068416981e-7",0,1,0,"bridge",4.5862133784211e-05,1,1,"United Kingdom","Sovereign",0,0.0678787878787879,1,1,"Bermuda","Colony of",10,0.036,141217,1953
"30","51","30-51",1.83409068648098,"9.362933053377448e-7",1,0,0,"10",9.36293305337745e-07,1,1,"Jamaica","Colony of",10,0.03,1,1,"Bermuda","Colony of",10,0.036,2883,NA
"30","52","30-52",1.77940996205374,"8.648453250483574e-7",1,0,0,"10",8.64845325048357e-07,1,1,"Trinidad and Tobago","Colony of",10,0.0514285714285714,1,1,"Bermuda","Colony of",10,0.036,2663,NA
"30","750","30-750",0.416040886380168,"0.000012964560787056111",0,1,0,"bridge",1.29645607870561e-05,1,1,"India","Colony of",9,0.135294117647059,1,1,"Bermuda","Colony of",10,0.036,39920,NA
"300","225","225-300",0.929200393397066,"0.0010293873635300007|0.001429909595864266",1,0,0,"1",0.00142990959586427,1,1,"Switzerland","Sovereign",1,0.0535714285714286,1,1,"Austria-Hungary (Austrian Empire)","Sovereign",1,0.0394736842105263,3169651.80904125,4402925.17459538
"300","235","235-300",0.279262982781389,"0.00008306516048130097|0.00006204446316012405",0,1,0,"bridge",8.3065160481301e-05,1,1,"Portugal","Sovereign",4,0.113461538461538,1,1,"Austria-Hungary (Austrian Empire)","Sovereign",1,0.0394736842105263,255771.195097038,191045.035002267
"300","255","255-300",1.42688645249722,"0.013063043671114508|0.013086062093054749",0,1,0,"bridge",0.0130860620930547,1,1,"Germany (Zollverein)","Sovereign",0,0.0642307692307692,1,1,"Austria-Hungary (Austrian Empire)","Sovereign",1,0.0394736842105263,40223244.8839714,40294122.3644312
"300","325","300-325",1.11082979939895,"0.0021073138815227857|0.0030852176939795257",1,0,0,"1",0.00308521769397953,1,1,"Italy","Sovereign",1,0.0202702702702703,1,1,"Austria-Hungary (Austrian Empire)","Sovereign",1,0.0394736842105263,6488763.60195553,9499889.14908928
"300","338","300-338",2.1067063416369,"0.000013748215225411984|0.000017986379510759736",1,0,0,"1",1.79863795107597e-05,1,1,"Malta","Colony of",1,0.0146153846153846,1,1,"Austria-Hungary (Austrian Empire)","Sovereign",1,0.0394736842105263,42333,55383
"300","342","300-342",2.26891129287724,"0.00022940525903937688|0.00023375757739310974",1,0,0,"1",0.00023375757739311,1,1,"Kingdom of Serbia","Sovereign",1,0,1,1,"Austria-Hungary (Austrian Empire)","Sovereign",1,0.0394736842105263,706376.258422513,719777.757442401
"300","352","300-352",0.848177854922289,"0.000009890673816878604",1,0,0,"1",9.8906738168786e-06,1,1,"Cyprus","Protectorate of",1,0,1,1,"Austria-Hungary (Austrian Empire)","Sovereign",1,0.0394736842105263,30455,NA
"300","365","300-365",0.441481153105824,"0.001717767721327502|0.00122926355954542",0.75,0.25,0.75,"1",0.0017177677213275,1,1,"Russia (USSR)","Sovereign",1,0.393333333333333,1,1,"Austria-Hungary (Austrian Empire)","Sovereign",1,0.0394736842105263,5289287.35509944,3785103.25980708
"300","640","300-640",1.71917556167928,"0.0007364784758724968|0.0017408687230226342",1,0,0,"1",0.00174086872302263,1,1,"Turkey (Ottoman Empire)","Sovereign",1,0.106,1,1,"Austria-Hungary (Austrian Empire)","Sovereign",1,0.0394736842105263,2267737.50686436,5360419.11211124
"300","651","300-651",0.639117505483466,"0.0004729958475319179|0.0004743086138616689",1,0,0,"1",0.000474308613861669,1,1,"Egypt Arab Republic (Egypt)","Occupied by",1,0.0447619047619048,1,1,"Austria-Hungary (Austrian Empire)","Sovereign",1,0.0394736842105263,1456431.46294058,1460473.68486729
"300","92","300-92",0.767669373740026,"0.00002703785401283094|0.0000016108271919789157",0,1,0,"bridge",2.70378540128309e-05,1,1,"El Salvador","Sovereign",3,0.156428571428571,1,1,"Austria-Hungary (Austrian Empire)","Sovereign",1,0.0394736842105263,83253.9682539683,4960
"31","110","110-31",3.45254113470048,"0.0000017488516993561413",1,0,0,"10",1.74885169935614e-06,1,1,"Guyana (British Guiana)","Colony of",10,0.048,1,1,"Bahamas","Colony of",10,0.087,5385,NA
"31","52","31-52",0.522355416394976,"1.3347781772244644e-7",1,0,0,"10",1.33477817722446e-07,1,1,"Trinidad and Tobago","Colony of",10,0.0514285714285714,1,1,"Bahamas","Colony of",10,0.087,411,NA
"31","53","31-53",2.90014377741913,"4.848719753275244e-7",1,0,0,"10",4.84871975327524e-07,1,1,"Barbados","Colony of",10,0.0705882352941176,1,1,"Bahamas","Colony of",10,0.087,1493,NA
"325","135","135-325",0.657108707316094,"3.7667767033415373e-7|0.00006651737208129049",0,1,0,"bridge",6.65173720812905e-05,1,1,"Peru","Sovereign",3,0.146,1,1,"Italy","Sovereign",1,0.0202702702702703,1159.85206492706,204817.852073805
"325","220","220-325",0.552336271566697,"0.004430583146976388|0.0027950868634951664",0,1,0,"bridge",0.00443058314697639,1,1,"France","Sovereign",2,0.0421153846153846,1,1,"Italy","Sovereign",1,0.0202702702702703,13642489.1002774,8606528.93865321
"325","342","325-342",0.519510451496692,"0.00001376875153179931|0.00003414857196165578",1,0,0,"1",3.41485719616558e-05,1,1,"Kingdom of Serbia","Sovereign",1,0,1,1,"Italy","Sovereign",1,0.0202702702702703,42396.2346413,105149.030121432
"325","395","325-395",1.00757352957294,"0.00002158533044886128",0,1,0,"bridge",2.15853304488613e-05,1,1,"Iceland","Colony of",6,0.165,1,1,"Italy","Sovereign",1,0.0202702702702703,66464.7577092511,NA
"325","640","325-640",1.27001645355946,"0.00029932878867264815|0.0014368904739816167",1,0,0,"1",0.00143689047398162,1,1,"Turkey (Ottoman Empire)","Sovereign",1,0.106,1,1,"Italy","Sovereign",1,0.0202702702702703,921682.225883214,4424420.43841665
"325","750","325-750",0.182887827251236,"0.0017241378429740423|0.0003612569017569344",0,1,0,"bridge",0.00172413784297404,1,1,"India","Colony of",9,0.135294117647059,1,1,"Italy","Sovereign",1,0.0202702702702703,5308902,1112369
"325","780","325-780",0.360058065497426,"0.0000053113826647975386|0.00010984444966045094",0,1,0,"bridge",0.000109844449660451,1,1,"Sri Lanka (Ceylon)","Colony of",7,0.32875,1,1,"Italy","Sovereign",1,0.0202702702702703,16354.6146654201,338229
"325","92","325-92",0.947693894112376,"0.0000392809242283645",0,1,0,"bridge",3.92809242283645e-05,1,1,"El Salvador","Sovereign",3,0.156428571428571,1,1,"Italy","Sovereign",1,0.0202702702702703,120952.380952381,NA
"325","93","325-93",0.395582706029761,"0.000013510163545629616",0,1,0,"bridge",1.35101635456296e-05,1,1,"Nicaragua","Sovereign",3,0.04,1,1,"Italy","Sovereign",1,0.0202702702702703,41600,NA
"338","210","210-338",0.91421395190286,"0.000008040849567173722|0.000006125365255627889",0.05,0.95,0.19,"bridge",8.04084956717372e-06,1,1,"Netherlands","Sovereign",5,0.277619047619048,1,1,"Malta","Colony of",1,0.0146153846153846,24759.0890269151,18861
"338","325","325-338",1.9658727699125,"0.00009040984875187531|0.000012029891299452217",1,0,0,"1",9.04098487518753e-05,1,1,"Italy","Sovereign",1,0.0202702702702703,1,1,"Malta","Colony of",1,0.0146153846153846,278386.689796562,37042
"338","352","338-352",1.14476601607597,"2.273344827389599e-9|1.0717197043408108e-8",1,0,0,"1",1.07171970434081e-08,1,1,"Cyprus","Protectorate of",1,0,1,1,"Malta","Colony of",1,0.0146153846153846,7,33
"338","616","338-616",3.2200609344901,"0.000018576359026175285|0.000002164549039221668",1,0,0,"1",1.85763590261753e-05,1,1,"Tunisia (Regency of Tunis)","Protectorate of",1,0,1,1,"Malta","Colony of",1,0.0146153846153846,57199.6432818074,6665
"338","780","338-780",0.206557975825885,"0.0000021295500955153685",0,1,0,"bridge",2.12955009551537e-06,1,1,"Sri Lanka (Ceylon)","Colony of",7,0.32875,1,1,"Malta","Colony of",1,0.0146153846153846,6557.23253639642,NA
"341","255","255-341",0.0418028057945949,"0.00000794975880666657",0,1,0,"bridge",7.94975880666657e-06,1,1,"Germany (Zollverein)","Sovereign",0,0.0642307692307692,1,1,"Montenegro","Sovereign",1,0,24478.6056986194,NA
"341","300","300-341",2.99119323986093,"0.000040526137635790275",1,0,0,"1",4.05261376357903e-05,1,1,"Austria-Hungary (Austrian Empire)","Sovereign",1,0.0394736842105263,1,1,"Montenegro","Sovereign",1,0,124786.596398697,NA
"341","325","325-341",2.13362175098312,"0.00001444304055971043",1,0,0,"1",1.44430405597104e-05,1,1,"Italy","Sovereign",1,0.0202702702702703,1,1,"Montenegro","Sovereign",1,0,44472.4806812806,NA
"341","342","341-342",1.58635687174459,"3.861635514505858e-7",1,0,0,"1",3.86163551450586e-07,1,1,"Kingdom of Serbia","Sovereign",1,0,1,1,"Montenegro","Sovereign",1,0,1189.06064209275,NA
"342","211","211-342",1.18752354035919,"0.0000071437198139705774|0.0002077204121452082",0,1,0,"bridge",0.000207720412145208,1,1,"Belgium","Sovereign",4,0.1,1,1,"Kingdom of Serbia","Sovereign",1,0,21996.6800000219,639605.073325406
"350","200","200-350",0.353407633492874,"0.0005020399507004239|0.0004279095175847823",0,1,0,"bridge",0.000502039950700424,1,1,"United Kingdom","Sovereign",0,0.0678787878787879,1,1,"Greece","Sovereign",1,0.0671428571428571,1545863,1317603.2896571
"350","210","210-350",0.571563784559375,"0.0001567587783376754|0.00012737659856991",0.05,0.95,0.19,"bridge",0.000156758778337675,1,1,"Netherlands","Sovereign",5,0.277619047619048,1,1,"Greece","Sovereign",1,0.0671428571428571,482685.879917184,392213.349794894
"350","211","211-350",0.272783045868029,"0.00009666901990257338|0.00012540505917484865",0,1,0,"bridge",0.000125405059174849,1,1,"Belgium","Sovereign",4,0.1,1,1,"Greece","Sovereign",1,0.0671428571428571,297659.700000296,386142.658011072
"350","220","220-350",0.370127026988941,"0.0002484318847665435|0.00020006255799488777",0,1,0,"bridge",0.000248431884766544,1,1,"France","Sovereign",2,0.0421153846153846,1,1,"Greece","Sovereign",1,0.0671428571428571,764962.346413,616025.289736748
"350","300","300-350",1.12411149504378,"0.00024814668837307315|0.0001507577114198926",1,0,0,"1",0.000248146688373073,1,1,"Austria-Hungary (Austrian Empire)","Sovereign",1,0.0394736842105263,1,1,"Greece","Sovereign",1,0.0671428571428571,764084.180140009,464207.614799474
"350","325","325-350",1.13731346340938,"0.00014472490021844592|0.0001853697657108181",1,0,0,"1",0.000185369765710818,1,1,"Italy","Sovereign",1,0.0202702702702703,1,1,"Greece","Sovereign",1,0.0671428571428571,445631.603847974,570783.782707396
"350","338","338-350",3.38878524393552,"0.00000481916627051918",1,0,0,"1",4.81916627051918e-06,1,1,"Malta","Colony of",1,0.0146153846153846,1,1,"Greece","Sovereign",1,0.0671428571428571,14839,NA
"350","352","350-352",2.6654929385956,"0.000005921088984709595",1,0,0,"1",5.9210889847096e-06,1,1,"Cyprus","Protectorate of",1,0,1,1,"Greece","Sovereign",1,0.0671428571428571,18232,NA
"350","365","350-365",1.62110111748251,"0.0006331242030933859|0.000051274006086643976",0.75,0.25,0.75,"1",0.000633124203093386,1,1,"Russia (USSR)","Sovereign",1,0.393333333333333,1,1,"Greece","Sovereign",1,0.0671428571428571,1949492.82143997,157881.038671393
"350","616","350-616",0.350684901155567,"0.000005694805381715316",1,0,0,"1",5.69480538171532e-06,1,1,"Tunisia (Regency of Tunis)","Protectorate of",1,0,1,1,"Greece","Sovereign",1,0.0671428571428571,17535.2358303607,NA
"350","640","350-640",2.31217548860415,"0.000129605207118889|0.00006660520209612966",1,0,0,"1",0.000129605207118889,1,1,"Turkey (Ottoman Empire)","Sovereign",1,0.106,1,1,"Greece","Sovereign",1,0.0671428571428571,399075.599487461,205088.295033653
"350","651","350-651",2.26092909354835,"0.00000891288093059724|0.00014049349414210546",1,0,0,"1",0.000140493494142105,1,1,"Egypt Arab Republic (Egypt)","Occupied by",1,0.0447619047619048,1,1,"Greece","Sovereign",1,0.0671428571428571,27444.2160126764,432602.413477239
"3504","140","140-3504",1.62555833813673,"1.8265666297522086e-7",0,1,0,"bridge",1.82656662975221e-07,1,1,"Brazil","Sovereign",3,0.202,1,NA,"Samos","Vassal of",1,0,562.429696287964,NA
"3504","325","325-3504",3.52956643509646,"0.0000015877101324504373",1,0,0,"1",1.58771013245044e-06,1,1,"Italy","Sovereign",1,0.0202702702702703,1,NA,"Samos","Vassal of",1,0,4888.8187982968,NA
"351","200","200-351",0.681002788305268,"0.000021681863909454914",0,1,0,"bridge",2.16818639094549e-05,1,1,"United Kingdom","Sovereign",0,0.0678787878787879,1,NA,"Crete","Sovereign (unrecognized)",1,0,66762,NA
"351","325","325-351",3.21135250394988,"0.00005282977424589116",1,0,0,"1",5.28297742458912e-05,1,1,"Italy","Sovereign",1,0.0202702702702703,1,NA,"Crete","Sovereign (unrecognized)",1,0,162671.502917521,NA
"351","338","338-351",5.10756291000051,"8.365908964793723e-7",1,0,0,"1",8.36590896479372e-07,1,1,"Malta","Colony of",1,0.0146153846153846,1,NA,"Crete","Sovereign (unrecognized)",1,0,2576,NA
"351","355","351-355",0.706739519428293,"2.650497895973004e-7",1,0,0,"1",2.650497895973e-07,1,1,"Bulgaria","Sovereign",1,0,1,NA,"Crete","Sovereign (unrecognized)",1,0,816.131589377725,NA
"352","200","200-352",1.51887133684059,"0.00003377281075569988|0.000043481941749934084",0,1,0,"bridge",4.34819417499341e-05,1,1,"United Kingdom","Sovereign",0,0.0678787878787879,1,1,"Cyprus","Protectorate of",1,0,103992,133888
"352","325","325-352",1.7393157254967,"0.000008169024713736927|0.000003865010970109088",1,0,0,"1",8.16902471373693e-06,1,1,"Italy","Sovereign",1,0.0202702702702703,1,1,"Cyprus","Protectorate of",1,0,25153.761236398,11901
"355","200","200-355",0.119163470916627,"0.00022983256394071427|0.00019713176894807798",0,1,0,"bridge",0.000229832563940714,1,1,"United Kingdom","Sovereign",0,0.0678787878787879,1,1,"Bulgaria","Sovereign",1,0,707692,607000.911613159
"355","211","211-355",1.16409334721539,"0.00005012043990477934|0.00026959082839211006",0,1,0,"bridge",0.00026959082839211,1,1,"Belgium","Sovereign",4,0.1,1,1,"Bulgaria","Sovereign",1,0,154329.020000154,830114.189456996
"355","255","255-355",0.537543225136636,"0.00030209083465332966|0.00018301960216997367",0,1,0,"bridge",0.00030209083465333,1,1,"Germany (Zollverein)","Sovereign",0,0.0642307692307692,1,1,"Bulgaria","Sovereign",1,0,930187.016547538,563547.245342846
"355","300","300-355",2.1914897262083,"0.0004216136470655612|0.00010076031677968966",1,0,0,"1",0.000421613647065561,1,1,"Austria-Hungary (Austrian Empire)","Sovereign",1,0.0394736842105263,1,1,"Bulgaria","Sovereign",1,0,1298217.27610404,310257.471264368
"355","325","325-355",0.405613096356248,"0.0000593854805992349|0.000023396838638932947",1,0,0,"1",5.93854805992349e-05,1,1,"Italy","Sovereign",1,0.0202702702702703,1,1,"Bulgaria","Sovereign",1,0,182857.593439521,72042.6872770511
"355","342","342-355",3.36983905037609,"0.00005318804367727071|0.000005202472597852582",1,0,0,"1",5.31880436772707e-05,1,1,"Kingdom of Serbia","Sovereign",1,0,1,1,"Bulgaria","Sovereign",1,0,163774.673008323,16019.2627824019
"355","350","350-355",2.9666643034154,"9.314656730329441e-7|0.00008160462232150982",1,0,0,"1",8.16046223215098e-05,1,1,"Greece","Sovereign",1,0.0671428571428571,1,1,"Bulgaria","Sovereign",1,0,2868.1349316978,251273.959571938
"355","360","355-360",1.78107349739157,"0.00007003358308103681|0.000011188290831941058",1,0,0,"1",7.00335830810368e-05,1,1,"Romania","Sovereign",1,0.0783333333333333,1,1,"Bulgaria","Sovereign",1,0,215644.84,34450.5747126437
"355","640","355-640",3.13574710996815,"0.00016888833940986064|0.0005700179104976118",1,0,0,"1",0.000570017910497612,1,1,"Turkey (Ottoman Empire)","Sovereign",1,0.106,1,1,"Bulgaria","Sovereign",1,0,520034.779425224,1755178.24019025
"360","210","210-360",1.43106527571949,"0.00010834596039818113|0.0012875028933239225",0.05,0.95,0.19,"bridge",0.00128750289332392,1,1,"Netherlands","Sovereign",5,0.277619047619048,1,1,"Romania","Sovereign",1,0.0783333333333333,333614.906832298,3964431.68
"360","211","211-360",1.97324892955124,"0.00022164598291139672|0.0029390015752811926",0,1,0,"bridge",0.00293900157528119,1,1,"Belgium","Sovereign",4,0.1,1,1,"Romania","Sovereign",1,0.0783333333333333,682484.18000068,9049665.84
"360","225","225-360",1.3937582130926,"0.00008681724608633461|0.0006089253497808352",1,0,0,"1",0.000608925349780835,1,1,"Switzerland","Sovereign",1,0.0535714285714286,1,1,"Romania","Sovereign",1,0.0783333333333333,267324.479455308,1874980.6
"360","255","255-360",0.658824836020074,"0.0010445983071959873|0.0004113755814432403",0,1,0,"bridge",0.00104459830719599,1,1,"Germany (Zollverein)","Sovereign",0,0.0642307692307692,1,1,"Romania","Sovereign",1,0.0783333333333333,3216488.78879859,1266692.6
"360","300","300-360",2.26538430789329,"0.0013904215917141553|0.0004843418183232353",1,0,0,"1",0.00139042159171416,1,1,"Austria-Hungary (Austrian Empire)","Sovereign",1,0.0394736842105263,1,1,"Romania","Sovereign",1,0.0783333333333333,4281335.16074422,1491367.56
"360","325","325-360",1.25470894027221,"0.00019295799754861365|0.0008920822954063958",1,0,0,"1",0.000892082295406396,1,1,"Italy","Sovereign",1,0.0202702702702703,1,1,"Romania","Sovereign",1,0.0783333333333333,594149.187825264,2746867.08
"360","342","342-360",2.7142813873179,"0.00008457631818746105|0.000009845869437966222",1,0,0,"1",8.4576318187461e-05,1,1,"Kingdom of Serbia","Sovereign",1,0,1,1,"Romania","Sovereign",1,0.0783333333333333,260424.296472453,30317.04
"360","350","350-360",0.651532819907797,"0.00001619985345506572|0.000011633458933181083",1,0,0,"1",1.61998534550657e-05,1,1,"Greece","Sovereign",1,0.0671428571428571,1,1,"Romania","Sovereign",1,0.0783333333333333,49881.9945039627,35821.32
"360","352","352-360",2.34369653890043,"0.0000076066117924455975",1,0,0,"1",7.6066117924456e-06,1,1,"Cyprus","Protectorate of",1,0,1,1,"Romania","Sovereign",1,0.0783333333333333,23422,NA
"360","365","360-365",0.85154216398533,"0.0005197778569821256|0.00008134481162311275",0.75,0.25,0.75,"1",0.000519777856982126,1,1,"Russia (USSR)","Sovereign",1,0.393333333333333,1,1,"Romania","Sovereign",1,0.0783333333333333,1600480.91034776,250473.96
"360","640","360-640",1.6122661089081,"0.00011407743146150126|0.00024162630017949725",1,0,0,"1",0.000241626300179497,1,1,"Turkey (Ottoman Empire)","Sovereign",1,0.106,1,1,"Romania","Sovereign",1,0.0783333333333333,351263.042284459,744006.84
"365","200","200-365",0.193722625539816,"0.003979183543557341|0.010895997422161813",0,1,0,"bridge",0.0108959974221618,1,1,"United Kingdom","Sovereign",0,0.0678787878787879,1,1,"Russia (USSR)","Sovereign",1,0.393333333333333,12252556,33550555.5673721
"365","210","210-365",1.2761190695484,"0.00041978172222379003|0.0067688961910702325",0.05,0.95,0.19,"bridge",0.00676889619107023,1,1,"Netherlands","Sovereign",5,0.277619047619048,1,1,"Russia (USSR)","Sovereign",1,0.393333333333333,1292576.48033126,20842536.8499415
"365","225","225-365",0.336841252859118,"0.0005375266083195117|0.000008163608525867354",0.75,0.25,0.75,"1",0.000537526608319512,1,1,"Switzerland","Sovereign",1,0.0535714285714286,1,1,"Russia (USSR)","Sovereign",1,0.393333333333333,1655132.21439316,25137.0839093906
"365","255","255-365",1.07764610336292,"0.00869862608625456|0.013492043963985768",0,1,0,"bridge",0.0134920439639858,1,1,"Germany (Zollverein)","Sovereign",0,0.0642307692307692,1,1,"Russia (USSR)","Sovereign",1,0.393333333333333,26784490.3554294,41544206.848878
"365","325","325-365",0.508738202495002,"0.0006485155685361468|0.002597143028936504",0.75,0.25,0.75,"1",0.0025971430289365,1,1,"Italy","Sovereign",1,0.0202702702702703,1,1,"Russia (USSR)","Sovereign",1,0.393333333333333,1996885.34931399,7997027.54440072
"365","385","365-385",0.235081118696528,"0.0001734948201328641|0.0002125330982905648",0,1,0,"bridge",0.000212533098290565,1,1,"Norway","Sovereign",6,0.107058823529412,1,1,"Russia (USSR)","Sovereign",1,0.393333333333333,534218.885889201,654424.119961714
"365","630","365-630",3.43082586451204,"0.0015697970503804118|0.001309147967977353",0.95,0.05,0.19,"1",0.00156979705038041,1,1,"Iran (Persia)","Sovereign",1,0.487777777777778,1,1,"Russia (USSR)","Sovereign",1,0.393333333333333,4833661.49308756,4031080.39987238
"365","640","365-640",0.315637890823193,"0.00017087984203054398|0.0009622062795702227",0.75,0.25,0.75,"1",0.000962206279570223,1,1,"Turkey (Ottoman Empire)","Sovereign",1,0.106,1,1,"Russia (USSR)","Sovereign",1,0.393333333333333,526166.941241076,2962790.27969797
"365","651","365-651",0.657282970491224,"0.0005471088737854545|0.00011430761581600354",0.75,0.25,0.75,"1",0.000547108873785455,1,1,"Egypt Arab Republic (Egypt)","Occupied by",1,0.0447619047619048,1,1,"Russia (USSR)","Sovereign",1,0.393333333333333,1684637.57471222,351971.817505052
"365","780","365-780",1.14303066541186,"0.0002849829619261503",0.15,0.85,0.51,"bridge",0.00028498296192615,1,1,"Sri Lanka (Ceylon)","Colony of",7,0.32875,1,1,"Russia (USSR)","Sovereign",1,0.393333333333333,877509.08240951,NA
"380","230","230-380",0.387000581398569,"0.000018428277789825157|0.00013486449208005233",0.45,0.55,0.99,"bridge",0.000134864492080052,1,1,"Spain","Sovereign",3,0.430285714285714,1,1,"Sweden","Sovereign",6,0.151666666666667,56743.6769708623,415269.796814937
"380","365","365-380",0.706026634966005,"0.0003076325891570165|0.0004947952048619457",0,1,0,"bridge",0.000494795204861946,1,1,"Russia (USSR)","Sovereign",1,0.393333333333333,1,1,"Sweden","Sovereign",6,0.151666666666667,947250.983728597,1523555.24437122
"380","390","380-390",2.19757229943802,"0.00021952403004856872|0.0008406040513183339",1,0,0,"6",0.000840604051318334,1,1,"Denmark","Sovereign",6,0.0172727272727273,1,1,"Sweden","Sovereign",6,0.151666666666667,675950.340584487,2588357.15916665
"380","395","380-395",4.08076819581836,"0.000012965505033491654|0.0001428907983187688",1,0,0,"6",0.000142890798318769,1,1,"Iceland","Colony of",6,0.165,1,1,"Sweden","Sovereign",6,0.151666666666667,39922.9074889868,439984.104558355
"385","200","200-385",0.580675869014961,"0.0013098347130147989|0.0016278087860354556",0,1,0,"bridge",0.00162780878603546,1,1,"United Kingdom","Sovereign",0,0.0678787878787879,1,1,"Norway","Sovereign",6,0.107058823529412,4033195,5012289.10148764
"385","230","230-385",1.1718169170684,"0.000027962869104703567|0.00016600802960347734",0.45,0.55,0.99,"bridge",0.000166008029603477,1,1,"Spain","Sovereign",3,0.430285714285714,1,1,"Norway","Sovereign",6,0.107058823529412,86102.2407927821,511165.83512704
"385","235","235-385",1.49340108366921,"0.000009713050714426887|0.00009089217008430917",0,1,0,"bridge",9.08921700843092e-05,1,1,"Portugal","Sovereign",4,0.113461538461538,1,1,"Norway","Sovereign",6,0.107058823529412,29908.0694586313,279871.835950528
"385","255","255-385",1.100969532087,"0.0019063521618386434|0.0010246110773007642",0.05,0.95,0.19,"bridge",0.00190635216183864,1,1,"Germany (Zollverein)","Sovereign",0,0.0642307692307692,1,1,"Norway","Sovereign",6,0.107058823529412,5869969.64652893,3154944.84369141
"385","380","380-385",2.28345159314674,"0.0005129979965633549|0.00040221564646045926",1,0,0,"6",0.000512997996563355,1,1,"Sweden","Sovereign",6,0.151666666666667,1,1,"Norway","Sovereign",6,0.107058823529412,1579604.61285008,1238487.66421246
"385","40","385-40",0.608999489001844,"1.8503581573722027e-7|0.00005870093303562817",0,1,0,"bridge",5.87009330356282e-05,1,1,"Cuba","Sovereign",10,0.304444444444444,1,1,"Norway","Sovereign",6,0.107058823529412,569.75549619889,180749.759692737
"385","92","385-92",0.678613600577721,"0.000005000327624870546",0,1,0,"bridge",5.00032762487055e-06,1,1,"El Salvador","Sovereign",3,0.156428571428571,1,1,"Norway","Sovereign",6,0.107058823529412,15396.8253968254,NA
"390","1063","1063-390",0.533996867353493,"0.0000027263899751336686",0,1,0,"bridge",2.72638997513367e-06,1,1,"Leeward Is.","Colony of",10,0.036,1,1,"Denmark","Sovereign",6,0.0172727272727273,8395,NA
"390","255","255-390",1.14934955324977,"0.0035726216077159563|0.0019470648610703566",0.05,0.95,0.19,"bridge",0.00357262160771596,1,1,"Germany (Zollverein)","Sovereign",0,0.0642307692307692,1,1,"Denmark","Sovereign",6,0.0172727272727273,11000685.4009596,5995330.69655021
"390","365","365-390",0.679478503863002,"0.0009164251536543023|0.00019404818162033986",0,1,0,"bridge",0.000916425153654302,1,1,"Russia (USSR)","Sovereign",1,0.393333333333333,1,1,"Denmark","Sovereign",6,0.0172727272727273,2821822.71615442,597506.042627994
"390","385","385-390",0.855362510587554,"0.00012332957751494283|0.00007225293146661545",1,0,0,"6",0.000123329577514943,1,1,"Norway","Sovereign",6,0.107058823529412,1,1,"Denmark","Sovereign",6,0.0172727272727273,379751.911018226,222478.576137113
"390","395","390-395",3.59190033725008,"0.00008510736338536108|0.00003578750136346435",1,0,0,"6",8.51073633853611e-05,1,1,"Iceland","Colony of",6,0.165,1,1,"Denmark","Sovereign",6,0.0172727272727273,262059.471365639,110195.561415074
"395","385","385-395",2.83633314378406,"0.000022492480768415097|0.00002239008593369869",1,0,0,"6",2.24924807684151e-05,1,1,"Norway","Sovereign",6,0.107058823529412,1,1,"Iceland","Colony of",6,0.165,69258.0216964696,68942.731277533
"4","20","20-4",0.12505922591347,"0.000005284692280346128|0.0000012678256397429446",0,1,0,"bridge",5.28469228034613e-06,1,1,"Canada (Province of Canada)","Colony of",10,0.091578947368421,1,1,"Hawaii (Sandwich Is.)","Colony of",5,0.11375,16272.4306126935,3903.84220258886
"4","200","200-4",0.106961766101914,"0.000038086644947445026|6.672766524962866e-8",0,1,0,"bridge",3.8086644947445e-05,1,1,"United Kingdom","Sovereign",0,0.0678787878787879,1,1,"Hawaii (Sandwich Is.)","Colony of",5,0.11375,117275,205.465379083624
"4","710","4-710",1.26160407966203,"0.000012445913402864514",1,0,0,"5",1.24459134028645e-05,1,1,"People's Republic of China (China)","Sovereign",5,0.219545454545455,1,1,"Hawaii (Sandwich Is.)","Colony of",5,0.11375,38323,NA
"4","740","4-740",3.54147051300432,"0.0001310265480281438|0.000014680086354918305",1,0,0,"5",0.000131026548028144,1,1,"Japan","Sovereign",5,0.171666666666667,1,1,"Hawaii (Sandwich Is.)","Colony of",5,0.11375,403452.140276572,45202.3833983974
"4","750","4-750",1.06310323852858,"0.00003234515020409921",0,1,0,"bridge",3.23451502040992e-05,1,1,"India","Colony of",9,0.135294117647059,1,1,"Hawaii (Sandwich Is.)","Colony of",5,0.11375,99596,NA
"4","840","4-840",2.27462376581587,"0.000006606632408957447|0.0000012678256397429446",0.65,0.35,0.91,"8",6.60663240895745e-06,1,1,"Philippines","Colony of",8,0.576470588235294,1,1,"Hawaii (Sandwich Is.)","Colony of",5,0.11375,20342.9001643386,3903.84220258886
"4","900","4-900",1.22068286007213,"0.0000203951507371524|0.0000010676426439940585",0,1,0,"bridge",2.03951507371524e-05,1,1,"Australia","Colony of",8,0.0941379310344827,1,1,"Hawaii (Sandwich Is.)","Colony of",5,0.11375,62800,3287.44606533799
"40","230","230-40",2.18911072300816,"0.000668522398587194|0.00004987205682457671",0.15,0.85,0.51,"bridge",0.000668522398587194,1,1,"Spain","Sovereign",3,0.430285714285714,1,1,"Cuba","Sovereign",10,0.304444444444444,2058489.646502,153564.207930964
"40","31","31-40",2.37227062919218,"0.000003855268063705989|1.851152216588673e-7",0.85,0.15,0.51,"10",3.85526806370599e-06,1,1,"Bahamas","Colony of",10,0.087,1,1,"Cuba","Sovereign",10,0.304444444444444,11871,570
"402","200","200-402",1.599990212467,"0.00011912976422615037",0,1,0,"bridge",0.00011912976422615,1,1,"United Kingdom","Sovereign",0,0.0678787878787879,1,NA,"Cape Verde","Colony of",4,0,366820,NA
"402","235","235-402",3.96733629994554,"0.00002202686364200633",1,0,0,"4",2.20268636420063e-05,1,1,"Portugal","Sovereign",4,0.113461538461538,1,NA,"Cape Verde","Colony of",4,0,67824.3105209397,NA
"402","255","255-402",0.266835166260633,"0.000027168419268586325",0,1,0,"bridge",2.71684192685863e-05,1,1,"Germany (Zollverein)","Sovereign",0,0.0642307692307692,1,NA,"Cape Verde","Colony of",4,0,83656,NA
"403","2","2-403",0.578983927563426,"0.000016337554983808736",0,1,0,"bridge",1.63375549838087e-05,1,1,"United States of America","Sovereign",10,0.194166666666667,1,NA,"Sao Tome-Principe","Colony of",4,0,50306,NA
"403","235","235-403",5.81155286411303,"0.00006452146051762395",1,0,0,"4",6.4521460517624e-05,1,1,"Portugal","Sovereign",4,0.113461538461538,1,NA,"Sao Tome-Principe","Colony of",4,0,198672.114402451,NA
"403","420","403-420",0.438015436047278,"1.6562940885267076e-8",0,1,0,"bridge",1.65629408852671e-08,1,1,"Gambia","Colony of",0,0.12875,1,NA,"Sao Tome-Principe","Colony of",4,0,51,NA
"403","430","403-430",0.0499859152263018,"1.2048727585164872e-7",0,1,0,"bridge",1.20487275851649e-07,1,1,"French West Africa","Colony of",0,0.105,1,NA,"Sao Tome-Principe","Colony of",4,0,371,NA
"404","200","200-404",1.69159656730246,"0.00023642786204851828",0.7,0.3,0.84,"0",0.000236427862048518,1,1,"United Kingdom","Sovereign",0,0.0678787878787879,1,NA,"Guinea-Bissau (Portuguese Guinea)","Colony of",0,0.206,728000,NA
"404","211","211-404",0.0659669244877799,"0.000014013871806669797",0,1,0,"bridge",1.40138718066698e-05,1,1,"Belgium","Sovereign",4,0.1,1,NA,"Guinea-Bissau (Portuguese Guinea)","Colony of",0,0.206,43151,NA
"404","235","235-404",2.01455235668834,"0.0000056593116525998184",0,1,0,"bridge",5.65931165259982e-06,1,1,"Portugal","Sovereign",4,0.113461538461538,1,NA,"Guinea-Bissau (Portuguese Guinea)","Colony of",0,0.206,17425.9448416752,NA
"404","255","255-404",0.35843696455278,"0.000053918867852479734",0.95,0.05,0.19,"0",5.39188678524797e-05,1,1,"Germany (Zollverein)","Sovereign",0,0.0642307692307692,1,NA,"Guinea-Bissau (Portuguese Guinea)","Colony of",0,0.206,166025,NA
"404","451","404-451",4.38965506148997,"0.000008127532521464586",1,0,0,"0",8.12753252146459e-06,1,1,"Sierra Leone","Protectorate of",0,0.12875,1,NA,"Guinea-Bissau (Portuguese Guinea)","Colony of",0,0.206,25026,NA
"4070","200","200-4070",1.99676470421587,"0.000179178219260366",1,0,0,"0",0.000179178219260366,1,1,"United Kingdom","Sovereign",0,0.0678787878787879,1,NA,"Ascension I.","Possession of",0,0,551719,NA
"4070","4050","4050-4070",7.64121807433239,"3.4879604923091845e-7",1,0,0,"0",3.48796049230918e-07,1,1,"St. Helena","Colony of",0,0,1,NA,"Ascension I.","Possession of",0,0,1074,NA
"41","1032","1032-41",4.84491872682129,"4.069287241027382e-7",1,0,0,"10",4.06928724102738e-07,1,1,"Turks and Caicos Is.","Dependency of",10,0.072,1,NA,"Haiti","Sovereign",10,0.09,1253,NA
"41","2","2-41",1.84017068333659,"0.0002923681327508962",0.9,0.1,0.36,"10",0.000292368132750896,1,1,"United States of America","Sovereign",10,0.194166666666667,1,NA,"Haiti","Sovereign",10,0.09,900249.229504828,NA
"41","220","220-41",0.113264295405879,"0.000036678145445103786",0,1,0,"bridge",3.66781454451038e-05,1,1,"France","Sovereign",2,0.0421153846153846,1,NA,"Haiti","Sovereign",10,0.09,112938,NA
"41","51","41-51",0.135269990090038,"3.6925615267742485e-7",1,0,0,"10",3.69256152677425e-07,1,1,"Jamaica","Colony of",10,0.03,1,NA,"Haiti","Sovereign",10,0.09,1137,NA
"411","451","411-451",8.06715371303088,"6.4952709353988534e-9",1,0,0,"0",6.49527093539885e-09,1,1,"Sierra Leone","Protectorate of",0,0.12875,NA,NA,"Equatorial Guinea (Spanish Guinea)","Colony of",0,0,20,NA
"42","230","230-42",0.426430977599996,"0.00000790420481678956",0.15,0.85,0.51,"bridge",7.90420481678956e-06,1,1,"Spain","Sovereign",3,0.430285714285714,1,1,"Dominican Republic (Santo Domingo)","Sovereign",10,0.116666666666667,24338.3375240349,NA
"420","2","2-420",1.01053416216466,"0.00012626676792996662",0,1,0,"bridge",0.000126266767929967,1,1,"United States of America","Sovereign",10,0.194166666666667,1,1,"Gambia","Colony of",0,0.12875,388796,NA
"420","255","255-420",1.44063748151342,"0.000204334078829619",0.95,0.05,0.19,"0",0.000204334078829619,1,1,"Germany (Zollverein)","Sovereign",0,0.0642307692307692,1,1,"Gambia","Colony of",0,0.12875,629178,NA
"420","4783","420-4783",1.77560851295601,"0.000004158272452842346",0.7,0.3,0.84,"0",4.15827245284235e-06,1,1,"Southern Nigeria (Niger Coast Protectorate)","Protectorate of",0,0.4375,1,1,"Gambia","Colony of",0,0.12875,12804,NA
"430","451","430-451",4.31345204297526,"0.00003243543447010126",1,0,0,"0",3.24354344701013e-05,1,1,"Sierra Leone","Protectorate of",0,0.12875,1,1,"French West Africa","Colony of",0,0.105,99874,NA
"450","200","200-450",1.14169427039687,"0.000021872175347862098",0.7,0.3,0.84,"0",2.18721753478621e-05,1,1,"United Kingdom","Sovereign",0,0.0678787878787879,1,NA,"Liberia","Sovereign (unrecognized)",0,0.2575,67348,NA
"450","255","255-450",1.23013507391527,"0.00002066937289733308",0.95,0.05,0.19,"0",2.06693728973331e-05,1,1,"Germany (Zollverein)","Sovereign",0,0.0642307692307692,1,NA,"Liberia","Sovereign (unrecognized)",0,0.2575,63644.3748164105,NA
"450","430","430-450",3.77474585869019,"0.0000031309239703326776",1,0,0,"0",3.13092397033268e-06,1,1,"French West Africa","Colony of",0,0.105,1,NA,"Liberia","Sovereign (unrecognized)",0,0.2575,9640.62623860484,NA
"450","451","450-451",2.14224349779247,"1.3769974383045568e-7",1,0,0,"0",1.37699743830456e-07,1,1,"Sierra Leone","Protectorate of",0,0.12875,1,NA,"Liberia","Sovereign (unrecognized)",0,0.2575,424,NA
"451","200","200-451",1.99525124694113,"0.00017474747019178367|0.00005733473083740599",0.7,0.3,0.84,"0",0.000174747470191784,1,1,"United Kingdom","Sovereign",0,0.0678787878787879,1,1,"Sierra Leone","Protectorate of",0,0.12875,538076,176543
"451","420","420-451",5.25884883951472,"3.153454039136143e-7|0.000024891502042182257",1,0,0,"0",2.48915020421823e-05,1,1,"Gambia","Colony of",0,0.12875,1,1,"Sierra Leone","Protectorate of",0,0.12875,971,76645
"452","200","200-452",1.87397609872418,"0.000543776937913563|0.0005957244910371493",1,0,0,"0",0.000595724491037149,1,1,"United Kingdom","Sovereign",0,0.0678787878787879,1,1,"Ghana (Gold Coast)","Colony of",0,0.303333333333333,1674378,1834333
"460","255","255-460",2.14371252110978,"0.00004133874579466616",1,0,0,"0",4.13387457946662e-05,1,1,"Germany (Zollverein)","Sovereign",0,0.0642307692307692,1,NA,"German Togoland","Protectorate of",0,0,127288.749632821,NA
"470","255","255-470",2.12154826326996,"0.00013832580323599832",1,0,0,"0",0.000138325803235998,1,1,"Germany (Zollverein)","Sovereign",0,0.0642307692307692,1,NA,"Kamerun","Colony of",0,0,425927.739155978,NA
"470","480","470-480",1.22592948017579,"1.450942503225469e-7",0,1,0,"bridge",1.45094250322547e-07,1,1,"French Equatorial Africa","Colony of",4,0,1,NA,"Kamerun","Colony of",0,0,446.768893139751,NA
"4783","200","200-4783",1.97045066792923,"0.0008772467458453144|0.0008396056764840377",1,0,0,"0",0.000877246745845314,1,1,"United Kingdom","Sovereign",0,0.0678787878787879,1,1,"Southern Nigeria (Niger Coast Protectorate)","Protectorate of",0,0.4375,2701186,2585283
"4783","452","452-4783",3.49345584329953,"0.000025143518554475733|0.000010921473314326402",1,0,0,"0",2.51435185544757e-05,1,1,"Ghana (Gold Coast)","Colony of",0,0.303333333333333,1,1,"Southern Nigeria (Niger Coast Protectorate)","Protectorate of",0,0.4375,77421,33629
"4784","200","200-4784",1.99870945508955,"0.00006074442331494362",1,0,0,"0",6.07444233149436e-05,1,1,"United Kingdom","Sovereign",0,0.0678787878787879,1,NA,"Northern Nigeria (British Nigeria)","Protectorate of",0,0,187042,NA
"480","490","480-490",7.07278451856476,"0.0000021040321700616218|1.9640278226776796e-7",1,0,0,"4",2.10403217006162e-06,1,1,"Democratic Republic of the Congo (Zaire) (Kinshasa) (Belgian Congo) (Congo Free State)","Colony of",4,0.395,1,1,"French Equatorial Africa","Colony of",4,0,6478.65867640645,604.756242568371
"484","220","220-484",2.54177851514183,"0.000028650964859591114",1,0,0,"2",2.86509648595911e-05,1,1,"France","Sovereign",2,0.0421153846153846,1,NA,"Congo (Brazzaville) (French Congo) (Middle Congo)","Colony of",2,0,88221,NA
"484","451","451-484",0.896944738464842,"2.20839211803561e-8",0,1,0,"bridge",2.20839211803561e-08,1,1,"Sierra Leone","Protectorate of",0,0.12875,1,NA,"Congo (Brazzaville) (French Congo) (Middle Congo)","Colony of",2,0,68,NA
"490","211","211-490",2.99105214597571,"0.0003046885479374995|0.0007458814181294252",1,0,0,"4",0.000745881418129425,1,1,"Belgium","Sovereign",4,0.1,1,1,"Democratic Republic of the Congo (Zaire) (Kinshasa) (Belgian Congo) (Congo Free State)","Colony of",4,0.395,938185.800000934,2296690.70173629
"5","110","110-5",2.43375160792709,"4.559680196649995e-7",1,0,0,"10",4.55968019665e-07,1,1,"Guyana (British Guiana)","Colony of",10,0.048,1,NA,"Virgin Islands (Danish West Indies)","Colony of",10,0.045,1404,NA
"5","135","135-5",1.32217900903372,"6.672766524962865e-7",0,1,0,"bridge",6.67276652496287e-07,1,1,"Peru","Sovereign",3,0.146,1,NA,"Virgin Islands (Danish West Indies)","Colony of",10,0.045,2054.65379083624,NA
"5","2","2-5",1.77557600696728,"0.00004979792238848437",0.9,0.1,0.36,"10",4.97979223884844e-05,1,1,"United States of America","Sovereign",10,0.194166666666667,1,NA,"Virgin Islands (Danish West Indies)","Colony of",10,0.045,153335.935894802,NA
"5","200","200-5",0.231155410952746,"0.000012933383486566197",0,1,0,"bridge",1.29333834865662e-05,1,1,"United Kingdom","Sovereign",0,0.0678787878787879,1,NA,"Virgin Islands (Danish West Indies)","Colony of",10,0.045,39824,NA
"5","390","390-5",1.98439701009664,"0.000004763341407799093",0,1,0,"bridge",4.76334140779909e-06,1,1,"Denmark","Sovereign",6,0.0172727272727273,1,NA,"Virgin Islands (Danish West Indies)","Colony of",10,0.045,14667.1061305208,NA
"5","51","5-51",0.935793782215992,"1.4939123151417362e-7",1,0,0,"10",1.49391231514174e-07,1,1,"Jamaica","Colony of",10,0.03,1,NA,"Virgin Islands (Danish West Indies)","Colony of",10,0.045,460,NA
"5","52","5-52",0.161983473395452,"6.722605418137814e-8",1,0,0,"10",6.72260541813781e-08,1,1,"Trinidad and Tobago","Colony of",10,0.0514285714285714,1,NA,"Virgin Islands (Danish West Indies)","Colony of",10,0.045,207,NA
"5","53","5-53",3.25664115351895,"5.001358620257117e-7",1,0,0,"10",5.00135862025712e-07,1,1,"Barbados","Colony of",10,0.0705882352941176,1,NA,"Virgin Islands (Danish West Indies)","Colony of",10,0.045,1540,NA
"500","200","200-500",0.447544452590414,"0.000010132947422768982",0,1,0,"bridge",1.0132947422769e-05,1,1,"United Kingdom","Sovereign",0,0.0678787878787879,1,1,"Uganda","Protectorate of",9,0.556666666666667,31201,NA
"500","210","210-500",1.07096021533259,"0.000009714327210982526",0.3,0.7,0.84,"bridge",9.71432721098253e-06,1,1,"Netherlands","Sovereign",5,0.277619047619048,1,1,"Uganda","Protectorate of",9,0.556666666666667,29912,NA
"500","385","385-500",0.174063799176056,"3.088501329782155e-7",0,1,0,"bridge",3.08850132978215e-07,1,1,"Norway","Sovereign",6,0.107058823529412,1,1,"Uganda","Protectorate of",9,0.556666666666667,951,NA
"500","490","490-500",5.09439471117445,"0.000006609892766738858",0.35,0.65,0.91,"bridge",6.60989276673886e-06,1,1,"Democratic Republic of the Congo (Zaire) (Kinshasa) (Belgian Congo) (Congo Free State)","Colony of",4,0.395,1,1,"Uganda","Protectorate of",9,0.556666666666667,20352.9393384203,NA
"500","501","500-501",5.42332773253864,"8.551024186452591e-7",0.75,0.25,0.75,"9",8.55102418645259e-07,1,1,"Kenya (British East Africa Protectorate)","Protectorate of",9,0.255,1,1,"Uganda","Protectorate of",9,0.556666666666667,2633,NA
"500","681","500-681",6.26554629986539,"0.00002017561057953592",0.7,0.3,0.84,"9",2.01756105795359e-05,1,1,"Aden","Dependency of",9,0.0864,1,1,"Uganda","Protectorate of",9,0.556666666666667,62124,NA
"501","200","200-501",1.47048758814403,"0.00011446388634970661|0.000025129553721964625",0,1,0,"bridge",0.000114463886349707,1,1,"United Kingdom","Sovereign",0,0.0678787878787879,1,1,"Kenya (British East Africa Protectorate)","Protectorate of",9,0.255,352453,77378
"501","521","501-521",2.53508155020109,"1.6952657141391007e-7",0.95,0.05,0.19,"9",1.6952657141391e-07,1,1,"Somaliland Republic (British Somaliland)","Protectorate of",9,0.0760000000000001,1,1,"Kenya (British East Africa Protectorate)","Protectorate of",9,0.255,522,NA
"501","681","501-681",4.39904112915477,"0.000012673247885603473",0.95,0.05,0.19,"9",1.26732478856035e-05,1,1,"Aden","Dependency of",9,0.0864,1,1,"Kenya (British East Africa Protectorate)","Protectorate of",9,0.255,39023,NA
"501","750","501-750",1.95271117594813,"0.00006051806312284497|0.0000030670669356953385",0.95,0.05,0.19,"9",6.0518063122845e-05,1,1,"India","Colony of",9,0.135294117647059,1,1,"Kenya (British East Africa Protectorate)","Protectorate of",9,0.255,186345,9444
"51","1032","1032-51",5.07571214548599,"2.412993152500674e-7",1,0,0,"10",2.41299315250067e-07,1,1,"Turks and Caicos Is.","Dependency of",10,0.072,1,1,"Jamaica","Colony of",10,0.03,743,NA
"51","31","31-51",1.80506105969106,"3.052777339637461e-8|4.934089460398204e-7",1,0,0,"10",4.9340894603982e-07,1,1,"Bahamas","Colony of",10,0.087,1,1,"Jamaica","Colony of",10,0.03,94,1519.2867270579
"510","255","255-510",1.67020537635554,"0.00020828368073466414|0.00020009542916379753",0,1,0,"bridge",0.000208283680734664,1,1,"Germany (Zollverein)","Sovereign",0,0.0642307692307692,1,1,"German East Africa","Colony of",9,0.105714285714286,641339.469303829,616126.50543425
"510","300","300-510",0.641881315338191,"0.000026267525189846505",0,1,0,"bridge",2.62675251898465e-05,1,1,"Austria-Hungary (Austrian Empire)","Sovereign",1,0.0394736842105263,1,1,"German East Africa","Colony of",9,0.105714285714286,80882,NA
"510","490","490-510",2.02196048237939,"0.0000028290060926473636",0.1,0.9,0.36,"bridge",2.82900609264736e-06,1,1,"Democratic Republic of the Congo (Zaire) (Kinshasa) (Belgian Congo) (Congo Free State)","Colony of",4,0.395,1,1,"German East Africa","Colony of",9,0.105714285714286,8710.97178480868,NA
"510","501","501-510",3.44037195395766,"0.000001087957881679308",1,0,0,"9",1.08795788167931e-06,1,1,"Kenya (British East Africa Protectorate)","Protectorate of",9,0.255,1,1,"German East Africa","Colony of",9,0.105714285714286,3350,NA
"510","511","510-511",6.76495830730693,"0.00007042172748159437|0.000044264257035519464",1,0,0,"9",7.04217274815944e-05,1,1,"Zanzibar","Protectorate of",9,0.251578947368421,1,1,"German East Africa","Colony of",9,0.105714285714286,216840,136296.876529913
"510","681","510-681",1.3635326724597,"0.0000013857660540673453",0.95,0.05,0.19,"9",1.38576605406735e-06,1,1,"Aden","Dependency of",9,0.0864,1,1,"German East Africa","Colony of",9,0.105714285714286,4267,NA
"510","750","510-750",1.24560313524484,"0.00006790448523058055|6.359807045333256e-7",0.95,0.05,0.19,"9",6.79044852305805e-05,1,1,"India","Colony of",9,0.135294117647059,1,1,"German East Africa","Colony of",9,0.105714285714286,209089,1958.28845588955
"511","501","501-511",6.5935426932509,"0.000011484288540878713",1,0,0,"9",1.14842885408787e-05,1,1,"Kenya (British East Africa Protectorate)","Protectorate of",9,0.255,1,1,"Zanzibar","Protectorate of",9,0.251578947368421,35362,NA
"511","521","511-521",0.345983567402926,"1.9485812806196562e-8",0.95,0.05,0.19,"9",1.94858128061966e-08,1,1,"Somaliland Republic (British Somaliland)","Protectorate of",9,0.0760000000000001,1,1,"Zanzibar","Protectorate of",9,0.251578947368421,60,NA
"511","552","511-552",2.99092500262826,"3.2476354676994265e-10|0.0000014296091328812877",0.75,0.25,0.75,"9",1.42960913288129e-06,1,1,"Zimbabwe (Rhodesia) (Southern Rhodesia)","Protectorate of",9,0.383333333333333,1,1,"Zanzibar","Protectorate of",9,0.251578947368421,1,4402
"511","681","511-681",4.70878247140835,"0.00001772559438270347",0.95,0.05,0.19,"9",1.77255943827035e-05,1,1,"Aden","Dependency of",9,0.0864,1,1,"Zanzibar","Protectorate of",9,0.251578947368421,54580,NA
"511","698","511-698",5.54147540209774,"0.0000034360000599057147",0.95,0.05,0.19,"9",3.43600005990571e-06,1,1,"Oman (Sultanate of Muscat and Oman)","Sovereign (unrecognized)",9,0.147142857142857,1,1,"Zanzibar","Protectorate of",9,0.251578947368421,10580.0053425938,NA
"52","1055","1055-52",1.72317159220115,"7.050616600375456e-7|4.741547782841163e-8",1,0,0,"10",7.05061660037546e-07,1,NA,"Windward Is.","Colony of",10,0.036,1,1,"Trinidad and Tobago","Colony of",10,0.0514285714285714,2171,146
"52","1063","1063-52",0.509082784929408,"2.2571066500511015e-7|6.982416255553767e-8",1,0,0,"10",2.2571066500511e-07,1,1,"Leeward Is.","Colony of",10,0.036,1,1,"Trinidad and Tobago","Colony of",10,0.0514285714285714,695,215
"52","20","20-52",1.81686407788692,"0.00008521405750987172|0.00010535816602537096",1,0,0,"10",0.000105358166025371,1,1,"Canada (Province of Canada)","Colony of",10,0.091578947368421,1,1,"Trinidad and Tobago","Colony of",10,0.0514285714285714,262388,324415
"52","51","51-52",0.155733636745588,"7.297895666534141e-8|1.7309897042837945e-7",1,0,0,"10",1.73098970428379e-07,1,1,"Jamaica","Colony of",10,0.03,1,1,"Trinidad and Tobago","Colony of",10,0.0514285714285714,224.714126296442,533
"5200","210","210-5200",0.681106492455461,"0.000005310533516782102",0,1,0,"bridge",5.3105335167821e-06,1,1,"Netherlands","Sovereign",5,0.277619047619048,1,NA,"Italian Somaliland","Colony of",9,0.171666666666667,16352,NA
"5200","325","325-5200",1.56246438181957,"0.0000048399550811795585",0,1,0,"bridge",4.83995508117956e-06,1,1,"Italy","Sovereign",1,0.0202702702702703,1,NA,"Italian Somaliland","Colony of",9,0.171666666666667,14903.0121431951,NA
"5200","511","511-5200",6.36882420988641,"0.000006478058467420046",0.95,0.05,0.19,"9",6.47805846742005e-06,1,1,"Zanzibar","Protectorate of",9,0.251578947368421,1,NA,"Italian Somaliland","Colony of",9,0.171666666666667,19947,NA
"5200","630","5200-630",1.64424077670131,"4.017325073544191e-7",0.3,0.7,0.84,"bridge",4.01732507354419e-07,1,1,"Iran (Persia)","Sovereign",1,0.487777777777778,1,NA,"Italian Somaliland","Colony of",9,0.171666666666667,1237,NA
"5200","681","5200-681",6.41780272590927,"0.000018966515894911423",1,0,0,"9",1.89665158949114e-05,1,1,"Aden","Dependency of",9,0.0864,1,NA,"Italian Somaliland","Colony of",9,0.171666666666667,58401,NA
"5200","750","5200-750",0.335119348635495,"0.000002386362541665539",1,0,0,"9",2.38636254166554e-06,1,1,"India","Colony of",9,0.135294117647059,1,NA,"Italian Somaliland","Colony of",9,0.171666666666667,7348,NA
"522","211","211-522",0.240259152025583,"0.000001652461878676468|0.000005613981350396709",0.05,0.95,0.19,"bridge",5.61398135039671e-06,1,1,"Belgium","Sovereign",4,0.1,1,1,"Djibouti (Afar and Issas) (French Somaliland)","Colony of",9,0.038,5088.20000000507,17286.3654379707
"522","220","220-522",1.65015269134417,"0.00003861635514505858|0.000033277811383793195",0,1,0,"bridge",3.86163551450586e-05,1,1,"France","Sovereign",2,0.0421153846153846,1,1,"Djibouti (Afar and Issas) (French Somaliland)","Colony of",9,0.038,118906.064209275,102467.816091954
"522","681","522-681",6.19645122945138,"0.00006941366143242047",1,0,0,"9",6.94136614324205e-05,1,1,"Aden","Dependency of",9,0.0864,1,1,"Djibouti (Afar and Issas) (French Somaliland)","Colony of",9,0.038,213736,NA
"53","1055","1055-53",2.73719458525658,"0.0000014773493742564693|1.7212467978806962e-7",1,0,0,"10",1.47734937425647e-06,1,NA,"Windward Is.","Colony of",10,0.036,1,1,"Barbados","Colony of",10,0.0705882352941176,4549,530
"53","1063","1063-53",2.81323693763246,"0.0000017183239259597667|2.5428985712086514e-7",1,0,0,"10",1.71832392595977e-06,1,1,"Leeward Is.","Colony of",10,0.036,1,1,"Barbados","Colony of",10,0.0705882352941176,5291,783
"53","30","30-53",2.88842731351105,"1.4939123151417362e-7|8.833568472142441e-7",1,0,0,"10",8.83356847214244e-07,1,1,"Bermuda","Colony of",10,0.036,1,1,"Barbados","Colony of",10,0.0705882352941176,460,2720
"53","51","51-53",2.53394665396793,"0.000004762143918596448|6.29066990093379e-7",1,0,0,"10",4.76214391859645e-06,1,1,"Jamaica","Colony of",10,0.03,1,1,"Barbados","Colony of",10,0.0705882352941176,14663.4188656952,1937
"53","52","52-53",2.49505720613549,"5.446284679331939e-7|0.000002526985157416924",1,0,0,"10",2.52698515741692e-06,1,1,"Trinidad and Tobago","Colony of",10,0.0514285714285714,1,1,"Barbados","Colony of",10,0.0705882352941176,1677,7781
"530","211","211-530",2.51283488502911,"0.00001004188372426469",0.05,0.95,0.19,"bridge",1.00418837242647e-05,1,1,"Belgium","Sovereign",4,0.1,1,NA,"Ethiopia (Abyssinia)","Sovereign",9,0.0633333333333333,30920.6000000308,NA
"530","255","255-530",0.7134233849517,"0.000004769855283999942",0,1,0,"bridge",4.76985528399994e-06,1,1,"Germany (Zollverein)","Sovereign",0,0.0642307692307692,1,NA,"Ethiopia (Abyssinia)","Sovereign",9,0.0633333333333333,14687.1634191716,NA
"530","681","530-681",5.29915079217515,"0.0000032018438076048647",1,0,0,"9",3.20184380760486e-06,1,1,"Aden","Dependency of",9,0.0864,1,NA,"Ethiopia (Abyssinia)","Sovereign",9,0.0633333333333333,9859,NA
"531","210","210-531",0.850451099642839,"0.0000328131344749947",0,1,0,"bridge",3.28131344749947e-05,1,1,"Netherlands","Sovereign",5,0.277619047619048,1,NA,"Eritrea","Colony of",9,0.14,101037,NA
"531","325","325-531",2.97786365417434,"0.0001039694054475609",0,1,0,"bridge",0.000103969405447561,1,1,"Italy","Sovereign",1,0.0202702702702703,1,NA,"Eritrea","Colony of",9,0.14,320138.779372339,NA
"531","625","531-625",4.26305759900198,"0.000004226797561210804",1,0,0,"9",4.2267975612108e-06,1,1,"Sudan (Anglo-Egyptian Sudan) (Mahdist State)","Protectorate of",9,0,1,NA,"Eritrea","Colony of",9,0.14,13015,NA
"531","630","531-630",1.81407313217168,"0.0000024834668421497514",0.3,0.7,0.84,"bridge",2.48346684214975e-06,1,1,"Iran (Persia)","Sovereign",1,0.487777777777778,1,NA,"Eritrea","Colony of",9,0.14,7647,NA
"531","681","531-681",5.55581992355844,"0.000041782778873233745",1,0,0,"9",4.17827788732337e-05,1,1,"Aden","Dependency of",9,0.0864,1,NA,"Eritrea","Colony of",9,0.14,128656,NA
"531","750","531-750",0.504433347337688,"0.000014744589786902167",1,0,0,"9",1.47445897869022e-05,1,1,"India","Colony of",9,0.135294117647059,1,NA,"Eritrea","Colony of",9,0.14,45401,NA
"540","2","2-540",1.1621652834484,"0.00018200041448179682",0,1,0,"bridge",0.000182000414481797,1,1,"United States of America","Sovereign",10,0.194166666666667,1,NA,"Angola","Colony of",4,0.0542857142857143,560409,NA
"540","225","225-540",0.529763206006708,"0.00001319351908752892",0,1,0,"bridge",1.31935190875289e-05,1,1,"Switzerland","Sovereign",1,0.0535714285714286,1,NA,"Angola","Colony of",4,0.0542857142857143,40625,NA
"540","235","235-540",5.34433737611,"0.0002514247061980337",1,0,0,"4",0.000251424706198034,1,1,"Portugal","Sovereign",4,0.113461538461538,1,NA,"Angola","Colony of",4,0.0542857142857143,774177.73237998,NA
"540","420","420-540",1.02270907332932,"1.847904581120974e-7",0,1,0,"bridge",1.84790458112097e-07,1,1,"Gambia","Colony of",0,0.12875,1,NA,"Angola","Colony of",4,0.0542857142857143,569,NA
"540","430","430-540",0.633181503010631,"0.0000013422477388001732",0,1,0,"bridge",1.34224773880017e-06,1,1,"French West Africa","Colony of",0,0.105,1,NA,"Angola","Colony of",4,0.0542857142857143,4133,NA
"540","490","490-540",4.5986473540019,"0.00004306347281408984",0.95,0.05,0.19,"4",4.30634728140898e-05,1,1,"Democratic Republic of the Congo (Zaire) (Kinshasa) (Belgian Congo) (Congo Free State)","Colony of",4,0.395,1,NA,"Angola","Colony of",4,0.0542857142857143,132599.465803332,NA
"540","511","511-540",3.76183871241181,"0.000006330291053639722",0.05,0.95,0.19,"bridge",6.33029105363972e-06,1,1,"Zanzibar","Protectorate of",9,0.251578947368421,1,NA,"Angola","Colony of",4,0.0542857142857143,19492,NA
"541","200","200-541",1.44535208003649,"0.0007111623432636189",0,1,0,"bridge",0.000711162343263619,1,1,"United Kingdom","Sovereign",0,0.0678787878787879,1,NA,"Mozambique (Portuguese East Africa)","Colony of",9,0.597142857142857,2189785,NA
"541","211","211-541",0.0183857611907187,"0.00005141698691727933",0.45,0.55,0.99,"bridge",5.14169869172793e-05,1,1,"Belgium","Sovereign",4,0.1,1,NA,"Mozambique (Portuguese East Africa)","Colony of",9,0.597142857142857,158321.300000158,NA
"541","235","235-541",3.19750396191471,"0.00007107644283036559",0.4,0.6,0.96,"bridge",7.10764428303656e-05,1,1,"Portugal","Sovereign",4,0.113461538461538,1,NA,"Mozambique (Portuguese East Africa)","Colony of",9,0.597142857142857,218855.975485189,NA
"541","501","501-541",1.38172140715501,"3.8874196548362136e-7",0.65,0.35,0.91,"9",3.88741965483621e-07,1,1,"Kenya (British East Africa Protectorate)","Protectorate of",9,0.255,1,NA,"Mozambique (Portuguese East Africa)","Colony of",9,0.597142857142857,1197,NA
"541","553","541-553",3.28514333090045,"0.0000015890680343453294",0.9,0.1,0.36,"9",1.58906803434533e-06,1,1,"Malawi (Nyasaland) (British Central Africa Protectorate)","Protectorate of",9,0.431666666666667,1,NA,"Mozambique (Portuguese East Africa)","Colony of",9,0.597142857142857,4893,NA
"541","750","541-750",0.568883178790026,"0.00009663014570592874",0.6,0.4,0.96,"9",9.66301457059287e-05,1,1,"India","Colony of",9,0.135294117647059,1,NA,"Mozambique (Portuguese East Africa)","Colony of",9,0.597142857142857,297540,NA
"541","900","541-900",1.11284417920796,"0.00008966721526318118",0,1,0,"bridge",8.96672152631812e-05,1,1,"Australia","Colony of",8,0.0941379310344827,1,NA,"Mozambique (Portuguese East Africa)","Colony of",9,0.597142857142857,276100,NA
"5518","511","511-5518",5.26293304320841,"3.2476354676994265e-10",0.75,0.25,0.75,"9",3.24763546769943e-10,1,1,"Zanzibar","Protectorate of",9,0.251578947368421,1,NA,"Northeastern Rhodesia","Protectorate of",9,0.25,1,NA
"5518","552","5518-552",6.41436053010466,"3.2476354676994267e-9",1,0,0,"9",3.24763546769943e-09,1,1,"Zimbabwe (Rhodesia) (Southern Rhodesia)","Protectorate of",9,0.383333333333333,1,NA,"Northeastern Rhodesia","Protectorate of",9,0.25,10,NA
"5518","553","5518-553",8.9977921292809,"2.273344827389599e-9",1,0,0,"9",2.2733448273896e-09,1,1,"Malawi (Nyasaland) (British Central Africa Protectorate)","Protectorate of",9,0.431666666666667,1,NA,"Northeastern Rhodesia","Protectorate of",9,0.25,7,NA
"5519","225","225-5519",1.16962465036585,"4.140735221316769e-7",0,1,0,"bridge",4.14073522131677e-07,1,1,"Switzerland","Sovereign",1,0.0535714285714286,1,NA,"Barotseland_North_Western Rhodesia (Northwestern Rhodesia)","Protectorate of",9,0.25,1275,NA
"5519","511","511-5519",6.64493864755023,"0.0000018722618471287196",0.75,0.25,0.75,"9",1.87226184712872e-06,1,1,"Zanzibar","Protectorate of",9,0.251578947368421,1,NA,"Barotseland_North_Western Rhodesia (Northwestern Rhodesia)","Protectorate of",9,0.25,5765,NA
"5519","552","5519-552",6.68715143766825,"0.00000617505407828369",1,0,0,"9",6.17505407828369e-06,1,1,"Zimbabwe (Rhodesia) (Southern Rhodesia)","Protectorate of",9,0.383333333333333,1,NA,"Barotseland_North_Western Rhodesia (Northwestern Rhodesia)","Protectorate of",9,0.25,19014,NA
"552","490","490-552",1.99417255998737,"0.0000015545232596012624|9.207046550927875e-7",0.35,0.65,0.91,"bridge",1.55452325960126e-06,1,1,"Democratic Republic of the Congo (Zaire) (Kinshasa) (Belgian Congo) (Congo Free State)","Colony of",4,0.395,1,1,"Zimbabwe (Rhodesia) (Southern Rhodesia)","Protectorate of",9,0.383333333333333,4786.63099680477,2835
"553","200","200-553",1.99735342918622,"0.000028241438027114213|0.000040758149883174575",0,1,0,"bridge",4.07581498831746e-05,1,1,"United Kingdom","Sovereign",0,0.0678787878787879,1,1,"Malawi (Nyasaland) (British Central Africa Protectorate)","Protectorate of",9,0.431666666666667,86960,125501
"553","511","511-553",1.35345623190954,"3.150206403668444e-8",0.75,0.25,0.75,"9",3.15020640366844e-08,1,1,"Zanzibar","Protectorate of",9,0.251578947368421,1,1,"Malawi (Nyasaland) (British Central Africa Protectorate)","Protectorate of",9,0.431666666666667,97,NA
"560","2","2-560",0.825983690275058,"0.0006409109504921923",0,1,0,"bridge",0.000640910950492192,1,1,"United States of America","Sovereign",10,0.194166666666667,1,1,"South Africa","Colony of",9,0.422,1973469.48839121,NA
"560","211","211-560",0.497802495733996,"0.00016918667388602916",0.05,0.95,0.19,"bridge",0.000169186673886029,1,1,"Belgium","Sovereign",4,0.1,1,1,"South Africa","Colony of",9,0.422,520953.400000519,NA
"560","255","255-560",1.06710988061871,"0.0008585739511199895",0.05,0.95,0.19,"bridge",0.00085857395111999,1,1,"Germany (Zollverein)","Sovereign",0,0.0642307692307692,1,1,"South Africa","Colony of",9,0.422,2643689.4154509,NA
"560","380","380-560",1.89515116608296,"0.00016209087727232088",0.8,0.2,0.64,"6",0.000162090877272321,1,1,"Sweden","Sovereign",6,0.151666666666667,1,1,"South Africa","Colony of",9,0.422,499104.283360791,NA
"560","385","385-560",1.26522274975245,"0.00004848129449789717",0.8,0.2,0.64,"6",4.84812944978972e-05,1,1,"Norway","Sovereign",6,0.107058823529412,1,1,"South Africa","Colony of",9,0.422,149281.823591613,NA
"560","501","501-560",0.0266616109441876,"2.0427627091829393e-7",0.2,0.8,0.64,"bridge",2.04276270918294e-07,1,1,"Kenya (British East Africa Protectorate)","Protectorate of",9,0.255,1,1,"South Africa","Colony of",9,0.422,629,NA
"560","511","511-560",1.50791975787754,"0.0000032755651327216418",0.2,0.8,0.64,"bridge",3.27556513272164e-06,1,1,"Zanzibar","Protectorate of",9,0.251578947368421,1,1,"South Africa","Colony of",9,0.422,10086,NA
"560","552","552-560",1.719811023453,"0.00001280120472303083",0.2,0.8,0.64,"bridge",1.28012047230308e-05,1,1,"Zimbabwe (Rhodesia) (Southern Rhodesia)","Protectorate of",9,0.383333333333333,1,1,"South Africa","Colony of",9,0.422,39417,NA
"560","553","553-560",1.22788192839015,"4.1374875858490696e-7",0.2,0.8,0.64,"bridge",4.13748758584907e-07,1,1,"Malawi (Nyasaland) (British Central Africa Protectorate)","Protectorate of",9,0.431666666666667,1,1,"South Africa","Colony of",9,0.422,1274,NA
"560","900","560-900",2.29036429856395,"0.0005930286288354119",0,1,0,"bridge",0.000593028628835412,1,1,"Australia","Colony of",8,0.0941379310344827,1,1,"South Africa","Colony of",9,0.422,1826032,NA
"561","140","140-561",0.543698310031818,"0.00009823275334807377",0.3,0.7,0.84,"bridge",9.82327533480738e-05,1,1,"Brazil","Sovereign",3,0.202,1,NA,"Cape Colony (Cape of Good Hope)","Colony of",0,0.4375,302474.690663667,NA
"561","200","200-561",1.92622438434391,"0.0026124622733996795",1,0,0,"0",0.00261246227339968,1,1,"United Kingdom","Sovereign",0,0.0678787878787879,1,NA,"Cape Colony (Cape of Good Hope)","Colony of",0,0.4375,8044198,NA
"561","511","511-561",1.04609323829238,"0.0000023009497288650437",0,1,0,"bridge",2.30094972886504e-06,1,1,"Zanzibar","Protectorate of",9,0.251578947368421,1,NA,"Cape Colony (Cape of Good Hope)","Colony of",0,0.4375,7085,NA
"561","565","561-565",0.876552741665656,"0.0000031004059345999625",0.65,0.35,0.91,"0",3.10040593459996e-06,1,1,"Namibia (South West Africa) (German South West Africa)","Colony of",0,0.455,1,NA,"Cape Colony (Cape of Good Hope)","Colony of",0,0.4375,9546.65622246157,NA
"562","200","200-562",1.91263357897178,"0.0016561063751966746",1,0,0,"0",0.00165610637519667,1,1,"United Kingdom","Sovereign",0,0.0678787878787879,1,NA,"Natal","Colony of",0,0,5099422,NA
"562","750","562-750",0.526426852003599,"0.00013516236623954214",0,1,0,"bridge",0.000135162366239542,1,1,"India","Colony of",9,0.135294117647059,1,NA,"Natal","Colony of",0,0,416187,NA
"562","780","562-780",0.505583574279883,"0.000010764955112727422",0,1,0,"bridge",1.07649551127274e-05,1,1,"Sri Lanka (Ceylon)","Colony of",7,0.32875,1,NA,"Natal","Colony of",0,0,33147.0548951516,NA
"563","200","200-563",1.99851474446313,"0.0018779734636257626",1,0,0,"0",0.00187797346362576,1,1,"United Kingdom","Sovereign",0,0.0678787878787879,1,NA,"Transvaal (South African Republic)","Colony of",0,0,5782587,NA
"564","200","200-564",1.99063144868244,"0.00017061582834977646",1,0,0,"0",0.000170615828349776,1,1,"United Kingdom","Sovereign",0,0.0678787878787879,1,NA,"Orange Free State (Orange River Colony)","Colony of",0,0,525354,NA
"564","511","511-564",1.54707936159854,"2.3253069948727894e-7",0,1,0,"bridge",2.32530699487279e-07,1,1,"Zanzibar","Protectorate of",9,0.251578947368421,1,NA,"Orange Free State (Orange River Colony)","Colony of",0,0,716,NA
"565","255","255-565",2.13845351785828,"0.0003084506416986629|0.00045590276804471447",1,0,0,"0",0.000455902768044714,1,1,"Germany (Zollverein)","Sovereign",0,0.0642307692307692,1,1,"Namibia (South West Africa) (German South West Africa)","Colony of",0,0.455,949769.901106433,1403799.07960443
"570","200","200-570",1.99060495327761,"0.000006465392689096019",1,0,0,"0",6.46539268909602e-06,1,1,"United Kingdom","Sovereign",0,0.0678787878787879,1,NA,"Lesotho (Basutoland)","Colony of",0,0,19908,NA
"570","511","511-570",1.54216022531852,"8.768615762788452e-9",0,1,0,"bridge",8.76861576278845e-09,1,1,"Zanzibar","Protectorate of",9,0.251578947368421,1,NA,"Lesotho (Basutoland)","Colony of",0,0,27,NA
"571","200","200-571",1.99730732362035,"0.000004629179595658763",1,0,0,"0",4.62917959565876e-06,1,1,"United Kingdom","Sovereign",0,0.0678787878787879,1,NA,"Botswana (Bechuanaland)","Protectorate of",0,0,14254,NA
"571","511","511-571",1.42032316562978,"5.520980295089025e-9",0,1,0,"bridge",5.52098029508903e-09,1,1,"Zanzibar","Protectorate of",9,0.251578947368421,1,NA,"Botswana (Bechuanaland)","Protectorate of",0,0,17,NA
"572","200","200-572",1.99738990354554,"7.378627782613098e-7",1,0,0,"0",7.3786277826131e-07,1,1,"United Kingdom","Sovereign",0,0.0678787878787879,1,NA,"Eswatini (Swaziland)","Protectorate of",0,0,2272,NA
"572","511","511-572",1.52218175838764,"9.74290640309828e-10",0,1,0,"bridge",9.74290640309828e-10,1,1,"Zanzibar","Protectorate of",9,0.251578947368421,1,NA,"Eswatini (Swaziland)","Protectorate of",0,0,3,NA
"580","211","211-580",0.101676204397102,"0.0000010550333533088219|0.000005126334017624908",0,1,0,"bridge",5.12633401762491e-06,1,1,"Belgium","Sovereign",4,0.1,1,1,"Madagascar (Malagasy Republic)","Colony of",2,0.154285714285714,3248.62000000324,15784.8196591359
"580","380","380-580",0.237938666070239,"2.8640185599003347e-7",0,1,0,"bridge",2.86401855990034e-07,1,1,"Sweden","Sovereign",6,0.151666666666667,1,1,"Madagascar (Malagasy Republic)","Colony of",2,0.154285714285714,881.878088962109,NA
"580","750","580-750",1.27786184607782,"0.0000037068511228321256",0.1,0.9,0.36,"bridge",3.70685112283213e-06,1,1,"India","Colony of",9,0.135294117647059,1,1,"Madagascar (Malagasy Republic)","Colony of",2,0.154285714285714,11414,NA
"580","780","580-780",0.96745018724427,"2.2100577945677282e-7",0.1,0.9,0.36,"bridge",2.21005779456773e-07,1,1,"Sri Lanka (Ceylon)","Colony of",7,0.32875,1,1,"Madagascar (Malagasy Republic)","Colony of",2,0.154285714285714,680.512889007613,NA
"585","220","220-585",2.57583317411903,"0.00009654088786264645|0.000198024553334795",0.25,0.75,0.75,"bridge",0.000198024553334795,1,1,"France","Sovereign",2,0.0421153846153846,1,1,"Reunion (Bourbon I.)","Colony of",9,0.75,297265.160523187,609749.940546968
"585","615","585-615",0.185714897690842,"8.109434580462302e-7",0.25,0.75,0.75,"bridge",8.1094345804623e-07,1,1,"Algeria (Regency of Algiers)","Colony of",2,0.123333333333333,1,1,"Reunion (Bourbon I.)","Colony of",9,0.75,2497.02734839477,NA
"585","681","585-681",2.99393317059095,"0.0000016355092215334312",0.75,0.25,0.75,"9",1.63550922153343e-06,1,1,"Aden","Dependency of",9,0.0864,1,1,"Reunion (Bourbon I.)","Colony of",9,0.75,5036,NA
"590","200","200-590",1.03474247523559,"0.00017921491754115102",0,1,0,"bridge",0.000179214917541151,1,1,"United Kingdom","Sovereign",0,0.0678787878787879,1,NA,"Mauritius","Colony of",9,0.038,551832,NA
"590","501","501-590",0.343257454128014,"5.228693102996077e-8",0.95,0.05,0.19,"9",5.22869310299608e-08,1,1,"Kenya (British East Africa Protectorate)","Protectorate of",9,0.255,1,NA,"Mauritius","Colony of",9,0.038,161,NA
"590","681","590-681",0.751386199667765,"7.992430886008289e-7",1,0,0,"9",7.99243088600829e-07,1,1,"Aden","Dependency of",9,0.0864,1,NA,"Mauritius","Colony of",9,0.038,2461,NA
"590","750","590-750",2.56031509395113,"0.0002689746904151616",1,0,0,"9",0.000268974690415162,1,1,"India","Colony of",9,0.135294117647059,1,NA,"Mauritius","Colony of",9,0.038,828217,NA
"590","900","590-900",0.236539407182539,"0.000014183723141630476",0,1,0,"bridge",1.41837231416305e-05,1,1,"Australia","Colony of",8,0.0941379310344827,1,NA,"Mauritius","Colony of",9,0.038,43674,NA
"591","200","200-591",1.20858191914261,"0.000008477952388429353",0,1,0,"bridge",8.47795238842935e-06,1,1,"United Kingdom","Sovereign",0,0.0678787878787879,1,NA,"Seychelles","Colony of",9,0,26105,NA
"591","681","591-681",3.8813572673209,"7.268208176711317e-7",1,0,0,"9",7.26820817671132e-07,1,1,"Aden","Dependency of",9,0.0864,1,NA,"Seychelles","Colony of",9,0,2238,NA
"591","750","591-750",2.43961673967168,"0.000009477899348934006",1,0,0,"9",9.47789934893401e-06,1,1,"India","Colony of",9,0.135294117647059,1,NA,"Seychelles","Colony of",9,0,29184,NA
"6","165","165-6",2.74290579751658,"0.000008408993749716466",0.15,0.85,0.51,"bridge",8.40899374971647e-06,1,1,"Uruguay","Sovereign",3,0.272307692307692,1,1,"Puerto Rico","Colony of",10,0.215,25892.6650892665,NA
"6","20","20-6",2.30229835338178,"0.000035150244137032856",0.85,0.15,0.51,"10",3.51502441370329e-05,1,1,"Canada (Province of Canada)","Colony of",10,0.091578947368421,1,1,"Puerto Rico","Colony of",10,0.215,108233.342339782,NA
"6","200","200-6",0.119424713216367,"0.0000290757555787662|8.674596482451725e-7",0,1,0,"bridge",2.90757555787662e-05,1,1,"United Kingdom","Sovereign",0,0.0678787878787879,1,1,"Puerto Rico","Colony of",10,0.215,89529,2671.04992808712
"6","230","230-6",2.85369171604696,"0.000042075432763287946|0.00007059786983410712",0.15,0.85,0.51,"bridge",7.05978698341071e-05,1,1,"Spain","Sovereign",3,0.430285714285714,1,1,"Puerto Rico","Colony of",10,0.215,129557.129122911,217382.371070475
"6","40","40-6",2.41513186621396,"0.0000050516178977231375|0.0001648173331665828",1,0,0,"10",0.000164817333166583,1,1,"Cuba","Sovereign",10,0.304444444444444,1,1,"Puerto Rico","Colony of",10,0.215,15554.7565235258,507499.486336552
"6","42","42-6",3.43699878755727,"0.000004233403266432191|0.0000058720345419673215",1,0,0,"10",5.87203454196732e-06,1,1,"Dominican Republic (Santo Domingo)","Sovereign",10,0.116666666666667,1,1,"Puerto Rico","Colony of",10,0.215,13035.3400452024,18080.9533593589
"600","200","200-600",0.819003940121274,"0.0002789562980251358|0.00013272599011167403",0,1,0,"bridge",0.000278956298025136,1,1,"United Kingdom","Sovereign",0,0.0678787878787879,1,1,"Morocco","Sovereign",2,0,858952,408685
"600","220","220-600",1.49904149902902,"0.0003192285358658176|0.00008128469986784287",1,0,0,"2",0.000319228535865818,1,1,"France","Sovereign",2,0.0421153846153846,1,1,"Morocco","Sovereign",2,0,982956.797463337,250288.866088236
"600","230","230-600",2.77921754066768,"0.000021698189414130788|0.00010006784829922847",0,1,0,"bridge",0.000100067848299228,1,1,"Spain","Sovereign",3,0.430285714285714,1,1,"Morocco","Sovereign",2,0,66812.2688951338,308125.247720967
"600","235","235-600",1.90426183510734,"0.000014310826769821582|7.851992212828578e-7",0,1,0,"bridge",1.43108267698216e-05,1,1,"Portugal","Sovereign",4,0.113461538461538,1,1,"Morocco","Sovereign",2,0,44065.3728294178,2417.75663892192
"600","255","255-600",0.239395125322664,"0.00007790763630533238|0.0001224267179282174",0,1,0,"bridge",0.000122426717928217,1,1,"Germany (Zollverein)","Sovereign",0,0.0642307692307692,1,1,"Morocco","Sovereign",2,0,239890.33584647,376971.858898137
"600","380","380-600",0.330817107250081,"0.000012215532277802945",0,1,0,"bridge",1.22155322778029e-05,1,1,"Sweden","Sovereign",6,0.151666666666667,1,1,"Morocco","Sovereign",2,0,37613.6188907194,NA
"600","615","600-615",3.7460177688794,"0.00010839610889217945|0.00018211473086409628",1,0,0,"2",0.000182114730864096,1,1,"Algeria (Regency of Algiers)","Colony of",2,0.123333333333333,1,1,"Morocco","Sovereign",2,0,333769.322235434,560760.998810939
"6067","230","230-6067",4.3479836229539,"0.00005696888679148515",1,0,0,"3",5.69688867914851e-05,1,1,"Spain","Sovereign",3,0.430285714285714,NA,NA,"Captaincy-general of north Africa","Colony of",3,0,175416.506433959,NA
"615","220","220-615",2.39510247354932,"0.005649572757722071|0.005282292603937418",1,0,0,"2",0.00564957275772207,1,1,"France","Sovereign",2,0.0421153846153846,1,1,"Algeria (Regency of Algiers)","Colony of",2,0.123333333333333,17395957.1938169,16265041.6171225
"615","616","615-616",2.8979632508731,"0.00008147780621121346|0.00019883561264190665",0,1,0,"bridge",0.000198835612641907,1,1,"Tunisia (Regency of Tunis)","Protectorate of",1,0,1,1,"Algeria (Regency of Algiers)","Colony of",2,0.123333333333333,250883.472057075,612247.324613555
"616","211","211-616",0.134448936553214,"0.00003101543833823525|0.0000919191022692285",0,1,0,"bridge",9.19191022692285e-05,1,1,"Belgium","Sovereign",4,0.1,1,1,"Tunisia (Regency of Tunis)","Protectorate of",1,0,95501.6000000951,283033.927863654
"616","220","220-616",2.15132571826305,"0.001122448722883036|0.0007643323331512534",0,1,0,"bridge",0.00112244872288304,1,1,"France","Sovereign",2,0.0421153846153846,1,1,"Tunisia (Regency of Tunis)","Protectorate of",1,0,3456202.93301625,2353504.08244154
"616","325","325-616",1.73252464046039,"0.00010248412822688144|0.0002829464750286859",1,0,0,"1",0.000282946475028686,1,1,"Italy","Sovereign",1,0.0202702702702703,1,1,"Tunisia (Regency of Tunis)","Protectorate of",1,0,315565.368238448,871238.40665874
"625","681","625-681",7.12802906024061,"0.000012790162762440652",1,0,0,"9",1.27901627624407e-05,1,1,"Aden","Dependency of",9,0.0864,1,1,"Sudan (Anglo-Egyptian Sudan) (Mahdist State)","Protectorate of",9,0,39383,NA
"630","211","211-630",0.0746560940891041,"0.00008346203611838223|0.0000027111260884354816",0,1,0,"bridge",8.34620361183822e-05,1,1,"Belgium","Sovereign",4,0.1,1,1,"Iran (Persia)","Sovereign",1,0.487777777777778,256993.240000256,8348
"640","220","220-640",1.06586158678105,"0.0009383774300249234|0.0010808538648682136",0,1,0,"bridge",0.00108085386486821,1,1,"France","Sovereign",2,0.0421153846153846,1,1,"Turkey (Ottoman Empire)","Sovereign",1,0.106,2889417.36028537,3328125.57203002
"640","338","338-640",1.25872928003737,"0.000003377865649954174",1,0,0,"1",3.37786564995417e-06,1,1,"Malta","Colony of",1,0.0146153846153846,1,1,"Turkey (Ottoman Empire)","Sovereign",1,0.106,10401,NA
"640","342","342-640",2.78504777665003,"0.0003021204865113229|0.000029346425931353138",1,0,0,"1",0.000302120486511323,1,1,"Kingdom of Serbia","Sovereign",1,0,1,1,"Turkey (Ottoman Empire)","Sovereign",1,0.106,930278.319460959,90362.4382207578
"640","352","352-640",1.97301914763519,"0.000017474552161050307",1,0,0,"1",1.74745521610503e-05,1,1,"Cyprus","Protectorate of",1,0,1,1,"Turkey (Ottoman Empire)","Sovereign",1,0.106,53807,NA
"640","630","630-640",2.04887121875208,"0.000239473024655778",0.7,0.3,0.84,"1",0.000239473024655778,1,1,"Iran (Persia)","Sovereign",1,0.487777777777778,1,1,"Turkey (Ottoman Empire)","Sovereign",1,0.106,737376.552995392,NA
"640","651","640-651",2.54607518928747,"0.0021976279234715034",1,0,0,"1",0.0021976279234715,1,1,"Egypt Arab Republic (Egypt)","Occupied by",1,0.0447619047619048,1,1,"Turkey (Ottoman Empire)","Sovereign",1,0.106,6766855.28695826,NA
"640","681","640-681",1.96073562063634,"0.00008747798404861705",0,1,0,"bridge",8.7477984048617e-05,1,1,"Aden","Dependency of",9,0.0864,1,1,"Turkey (Ottoman Empire)","Sovereign",1,0.106,269358.999551095,NA
"640","698","640-698",0.393604160066173,"0.000001538581942557749",0,1,0,"bridge",1.53858194255775e-06,1,1,"Oman (Sultanate of Muscat and Oman)","Sovereign (unrecognized)",9,0.147142857142857,1,1,"Turkey (Ottoman Empire)","Sovereign",1,0.106,4737.54507813543,NA
"65","220","220-65",2.57986525095009,"0.00015060378506572848|0.00030020609357712496",1,0,0,"2",0.000300206093577125,1,1,"France","Sovereign",2,0.0421153846153846,1,1,"Guadeloupe","Colony of",2,0,463733.650416171,924383.590963139
"65","53","53-65",1.84598009150501,"3.7055520686450457e-7",0,1,0,"bridge",3.70555206864505e-07,1,1,"Barbados","Colony of",10,0.0705882352941176,1,1,"Guadeloupe","Colony of",2,0,1141,NA
"65","615","615-65",1.03259904627776,"0.00000426067118433813",1,0,0,"2",4.26067118433813e-06,1,1,"Algeria (Regency of Algiers)","Colony of",2,0.123333333333333,1,1,"Guadeloupe","Colony of",2,0,13119.3024177566,NA
"651","200","200-651",0.960081729230068,"0.0028310710091640242|0.0047283665715571535",0,1,0,"bridge",0.00472836657155715,1,1,"United Kingdom","Sovereign",0,0.0678787878787879,1,1,"Egypt Arab Republic (Egypt)","Occupied by",1,0.0447619047619048,8717330,14559412.8977371
"651","220","220-651",0.137272089840079,"0.0007208386293744268|0.000809519906274817",0,1,0,"bridge",0.000809519906274817,1,1,"France","Sovereign",2,0.0421153846153846,1,1,"Egypt Arab Republic (Egypt)","Occupied by",1,0.0447619047619048,2219579.86523979,2492644
"651","225","225-651",0.362137517208751,"0.0000746431254728076|0.0003108929698307219",1,0,0,"1",0.000310892969830722,1,1,"Switzerland","Sovereign",1,0.0535714285714286,1,1,"Egypt Arab Republic (Egypt)","Occupied by",1,0.0447619047619048,229838.373842134,957290.228299402
"651","230","230-651",0.471932683401947,"0.000005740811735969463|0.00017045138935438878",0,1,0,"bridge",0.000170451389354389,1,1,"Spain","Sovereign",3,0.430285714285714,1,1,"Egypt Arab Republic (Egypt)","Occupied by",1,0.0447619047619048,17676.8969087413,524847.665477474
"651","235","235-651",2.88820513875162,"0.00033738918577920116",0,1,0,"bridge",0.000337389185779201,1,1,"Portugal","Sovereign",4,0.113461538461538,1,1,"Egypt Arab Republic (Egypt)","Occupied by",1,0.0447619047619048,1038876.40449438,NA
"651","325","325-651",1.00301741239374,"0.000573406635980064|0.00027224751983649496",1,0,0,"1",0.000573406635980064,1,1,"Italy","Sovereign",1,0.0202702702702703,1,1,"Egypt Arab Republic (Egypt)","Occupied by",1,0.0447619047619048,1765612.67938811,838294.576297847
"651","338","338-651",2.25106545336063,"0.0000047490173444168715|0.0000013016522954539303",1,0,0,"1",4.74901734441687e-06,1,1,"Malta","Colony of",1,0.0146153846153846,1,1,"Egypt Arab Republic (Egypt)","Occupied by",1,0.0447619047619048,14623,4008
"651","352","352-651",3.57366006256824,"0.000045138885365554336",1,0,0,"1",4.51388853655543e-05,1,1,"Cyprus","Protectorate of",1,0,1,1,"Egypt Arab Republic (Egypt)","Occupied by",1,0.0447619047619048,138990,NA
"651","355","355-651",0.428791199360979,"0.00001982749031652004",1,0,0,"1",1.982749031652e-05,1,1,"Bulgaria","Sovereign",1,0,1,1,"Egypt Arab Republic (Egypt)","Occupied by",1,0.0447619047619048,61052.0808561237,NA
"651","522","522-651",0.479433591505252,"0.000001094065701851418",0,1,0,"bridge",1.09406570185142e-06,1,1,"Djibouti (Afar and Issas) (French Somaliland)","Colony of",9,0.038,1,1,"Egypt Arab Republic (Egypt)","Occupied by",1,0.0447619047619048,3368.80697582243,NA
"651","600","600-651",0.762859116459362,"0.000011250231465593732",0,1,0,"bridge",1.12502314655937e-05,1,1,"Morocco","Sovereign",2,0,1,1,"Egypt Arab Republic (Egypt)","Occupied by",1,0.0447619047619048,34641.3000396354,NA
"651","616","616-651",0.605478156250668,"0.00002258767153322339",1,0,0,"1",2.25876715332234e-05,1,1,"Tunisia (Regency of Tunis)","Protectorate of",1,0,1,1,"Egypt Arab Republic (Egypt)","Occupied by",1,0.0447619047619048,69551.12960761,NA
"651","625","625-651",4.50295931179865,"0.0002135115718977908",0,1,0,"bridge",0.000213511571897791,1,1,"Sudan (Anglo-Egyptian Sudan) (Mahdist State)","Protectorate of",9,0,1,1,"Egypt Arab Republic (Egypt)","Occupied by",1,0.0447619047619048,657437,NA
"651","681","651-681",1.20349985820703,"0.000021381132865145946",0,1,0,"bridge",2.13811328651459e-05,1,1,"Aden","Dependency of",9,0.0864,1,1,"Egypt Arab Republic (Egypt)","Occupied by",1,0.0447619047619048,65836,NA
"651","710","651-710",0.498966762601731,"0.00018386130960478856",0,1,0,"bridge",0.000183861309604789,1,1,"People's Republic of China (China)","Sovereign",5,0.219545454545455,1,1,"Egypt Arab Republic (Egypt)","Occupied by",1,0.0447619047619048,566139,NA
"651","750","651-750",0.115776909872124,"0.0003972494713548068",0,1,0,"bridge",0.000397249471354807,1,1,"India","Colony of",9,0.135294117647059,1,1,"Egypt Arab Republic (Egypt)","Occupied by",1,0.0447619047619048,1223196,NA
"651","850","651-850",1.9328537228539,"0.0005678441408674452",0.05,0.95,0.19,"bridge",0.000567844140867445,1,1,"Indonesia (Dutch East Indies)","Colony of",5,0.575555555555555,1,1,"Egypt Arab Republic (Egypt)","Occupied by",1,0.0447619047619048,1748484.84848485,NA
"66","220","220-66",2.58362209303773,"0.0001596142679329088|0.000314339126059126",1,0,0,"2",0.000314339126059126,1,1,"France","Sovereign",2,0.0421153846153846,1,1,"Martinique","Colony of",2,0,491478.398731669,967901.50614348
"66","53","53-66",1.39341183992261,"2.0914772411984308e-7",0,1,0,"bridge",2.09147724119843e-07,1,1,"Barbados","Colony of",10,0.0705882352941176,1,1,"Martinique","Colony of",2,0,644,NA
"66","615","615-66",0.443624243882781,"0.0000020981552962148496",1,0,0,"2",2.09815529621485e-06,1,1,"Algeria (Regency of Algiers)","Colony of",2,0.123333333333333,1,1,"Martinique","Colony of",2,0,6460.56282203726,NA
"670","681","670-681",7.12802906024061,"0.000020420807057347226",1,0,0,"9",2.04208070573472e-05,1,1,"Aden","Dependency of",9,0.0864,NA,NA,"Saudi Arabia (Emirate of Nejd) (Emirate of Diriyah)","Sovereign (unrecognized)",9,0,62879,NA
"68","101","101-68",3.42375156924255,"0.000012652366063312589",0.9,0.1,0.36,"5",1.26523660633126e-05,1,1,"Venezuela","Sovereign",5,0.18,1,NA,"Netherlands Antilles","Colony of",5,0.06,38958.7014588042,NA
"68","110","110-68",1.42465179603221,"7.290941624985213e-7",0,1,0,"bridge",7.29094162498521e-07,1,1,"Guyana (British Guiana)","Colony of",10,0.048,1,NA,"Netherlands Antilles","Colony of",5,0.06,2245,NA
"68","2","2-68",0.164790098541197,"0.00004362661426787246",0,1,0,"bridge",4.36266142678725e-05,1,1,"United States of America","Sovereign",10,0.194166666666667,1,NA,"Netherlands Antilles","Colony of",5,0.06,134333.470310253,NA
"68","40","40-68",0.224412212527888,"0.000004182957151503472",0,1,0,"bridge",4.18295715150347e-06,1,1,"Cuba","Sovereign",10,0.304444444444444,1,NA,"Netherlands Antilles","Colony of",5,0.06,12880.0082186152,NA
"68","53","53-68",1.39612080150275,"3.4132648765520975e-7",0,1,0,"bridge",3.4132648765521e-07,1,1,"Barbados","Colony of",10,0.0705882352941176,1,NA,"Netherlands Antilles","Colony of",5,0.06,1051,NA
"68","810","68-810",5.2712833014903,"0.00022627802692131726",1,0,0,"5",0.000226278026921317,1,1,"French Indochina","Colony of",5,0.395384615384615,1,NA,"Netherlands Antilles","Colony of",5,0.06,696747,NA
"6802","521","521-6802",7.86964345669007,"5.491751575879731e-7",1,0,0,"9",5.49175157587973e-07,1,1,"Somaliland Republic (British Somaliland)","Protectorate of",9,0.0760000000000001,1,NA,"Perim I.","Possession of",9,0,1691,NA
"6802","681","6802-681",6.92822669401305,"0.0000024831420786029815",1,0,0,"9",2.48314207860298e-06,1,1,"Aden","Dependency of",9,0.0864,1,NA,"Perim I.","Possession of",9,0,7646,NA
"681","200","200-681",0.47393863191129,"0.00010981587046833518|0.00007255185158485842",0,1,0,"bridge",0.000109815870468335,1,1,"United Kingdom","Sovereign",0,0.0678787878787879,1,1,"Aden","Dependency of",9,0.0864,338141,223399
"681","325","325-681",1.12435840907899,"0.000040832319454713264|0.000014017768969231035",0,1,0,"bridge",4.08323194547133e-05,1,1,"Italy","Sovereign",1,0.0202702702702703,1,1,"Aden","Dependency of",9,0.0864,125729.380223939,43163
"681","521","521-681",7.58082785476074,"0.0000684494384620605|0.0000661156876149717",1,0,0,"9",6.84494384620605e-05,1,1,"Somaliland Republic (British Somaliland)","Protectorate of",9,0.0760000000000001,1,1,"Aden","Dependency of",9,0.0864,210767,203581
"681","710","681-710",1.68418939060175,"0.000037937578479477624",0,1,0,"bridge",3.79375784794776e-05,1,1,"People's Republic of China (China)","Sovereign",5,0.219545454545455,1,1,"Aden","Dependency of",9,0.0864,116816,NA
"681","750","681-750",2.07981137137084,"0.0001785978668022881|0.00005676996702957306",1,0,0,"9",0.000178597866802288,1,1,"India","Colony of",9,0.135294117647059,1,1,"Aden","Dependency of",9,0.0864,549932,174804
"692","750","692-750",3.11353072961391,"0.00008024777335266575",1,0,0,"9",8.02477733526658e-05,1,1,"India","Colony of",9,0.135294117647059,1,NA,"Bahrain","Protectorate of",9,0,247096,NA
"698","200","200-698",1.474380086131,"0.000009543501585381536|1.665676532117777e-8",0,1,0,"bridge",9.54350158538154e-06,1,1,"United Kingdom","Sovereign",0,0.0678787878787879,1,1,"Oman (Sultanate of Muscat and Oman)","Sovereign (unrecognized)",9,0.147142857142857,29386,51.2889007613196
"698","630","630-698",3.68542468547381,"0.0000012924032690989152|0.000002975596655950035",0.3,0.7,0.84,"bridge",2.97559665595003e-06,1,1,"Iran (Persia)","Sovereign",1,0.487777777777778,1,1,"Oman (Sultanate of Muscat and Oman)","Sovereign (unrecognized)",9,0.147142857142857,3979.52073732719,9162.34806998798
"698","681","681-698",6.01293438923768,"0.000005286176250774357|5.3245258936837797e-8",1,0,0,"9",5.28617625077436e-06,1,1,"Aden","Dependency of",9,0.0864,1,1,"Oman (Sultanate of Muscat and Oman)","Sovereign (unrecognized)",9,0.147142857142857,16277,163.95084813677
"70","2","2-70",2.07140683973218,"0.003826534597228178|0.006526687749235664",0.1,0.9,0.36,"bridge",0.00652668774923566,1,1,"United States of America","Sovereign",10,0.194166666666667,1,1,"Mexico","Sovereign",3,0.31,11782524.9640436,20096737.5007118
"70","220","220-70",0.0436777482431298,"0.0005329057010018084|0.00040725078130104177",0,1,0,"bridge",0.000532905701001808,1,1,"France","Sovereign",2,0.0421153846153846,1,1,"Mexico","Sovereign",3,0.31,1640903.68608799,1253991.66671108
"70","230","230-70",0.561712093224955,"0.0001450178155325324|0.00006799669101664252",0.55,0.45,0.99,"3",0.000145017815532532,1,1,"Spain","Sovereign",3,0.430285714285714,1,1,"Mexico","Sovereign",3,0.31,446533.537938175,209372.916674082
"70","40","40-70",0.116414258986086,"0.000005524983955004004|0.000056525771908032913",0.15,0.85,0.51,"bridge",5.65257719080329e-05,1,1,"Cuba","Sovereign",10,0.304444444444444,1,1,"Mexico","Sovereign",3,0.31,17012.327922745,174052.083339498
"70","80","70-80",1.1814584850152,"0.0000014491896683886255",1,0,0,"3",1.44918966838863e-06,1,1,"Belize (British Honduras)","Colony of",3,0.072,1,1,"Mexico","Sovereign",3,0.31,4462.29166666667,NA
"700","365","365-700",2.93892145269294,"0.00015194917185633344",0.95,0.05,0.19,"1",0.000151949171856333,1,1,"Russia (USSR)","Sovereign",1,0.393333333333333,1,NA,"Afghanistan","Protectorate of",1,0.0950000000000001,467876.31606934,NA
"700","630","630-700",3.7597220805302,"0.000014434940466209781",1,0,0,"1",1.44349404662098e-05,1,1,"Iran (Persia)","Sovereign",1,0.487777777777778,1,NA,"Afghanistan","Protectorate of",1,0.0950000000000001,44447.5391705069,NA
"710","2","2-710",0.0422603275211018,"0.0010844627533011977|0.0013993723476228188",0,1,0,"bridge",0.00139937234762282,1,1,"United States of America","Sovereign",10,0.194166666666667,1,1,"People's Republic of China (China)","Sovereign",5,0.219545454545455,3339237.92890898,4308896
"710","211","211-710",0.0867596544204244,"0.0005616717925621315|0.00028600135291001195",0,1,0,"bridge",0.000561671792562132,1,1,"Belgium","Sovereign",4,0.1,1,1,"People's Republic of China (China)","Sovereign",5,0.219545454545455,1729479.18000172,880644.874569654
"710","220","220-710",0.477607738554616,"0.00021496437697415943|0.0016978086832609594",0,1,0,"bridge",0.00169780868326096,1,1,"France","Sovereign",2,0.0421153846153846,1,1,"People's Republic of China (China)","Sovereign",5,0.219545454545455,661910.424098296,5227830.21723697
"710","325","325-710",0.0438937408980553,"0.000024033321924269924|0.0004733881716708622",0,1,0,"bridge",0.000473388171670862,1,1,"Italy","Sovereign",1,0.0202702702702703,1,1,"People's Republic of China (China)","Sovereign",5,0.219545454545455,74002.5232613152,1457639.49303769
"710","365","365-710",1.74056254093917,"0.0006962230006213646|0.002009670776822475",0,1,0,"bridge",0.00200967077682248,1,1,"Russia (USSR)","Sovereign",1,0.393333333333333,1,1,"People's Republic of China (China)","Sovereign",5,0.219545454545455,2143784.32415187,6188104.53577813
"710","713","710-713",3.15824031345136,"0.00011644949229155016",1,0,0,"5",0.00011644949229155,1,1,"Republic of China (Taiwan) (Formosa)","Colony of",5,0,1,1,"People's Republic of China (China)","Sovereign",5,0.219545454545455,358567.004978675,NA
"710","740","710-740",2.75320296473265,"0.002976056324039001",1,0,0,"5",0.002976056324039,1,1,"Japan","Sovereign",5,0.171666666666667,1,1,"People's Republic of China (China)","Sovereign",5,0.219545454545455,9163763.46310564,NA
"710","751","710-751",2.29518032041542,"0.000008324566294975423",0.35,0.65,0.91,"bridge",8.32456629497542e-06,1,1,"French India","Colony of",7,0.291666666666667,1,1,"People's Republic of China (China)","Sovereign",5,0.219545454545455,25632.6991676575,NA
"710","780","710-780",0.236304689847139,"0.00005748648780674269",0.05,0.95,0.19,"bridge",5.74864878067427e-05,1,1,"Sri Lanka (Ceylon)","Colony of",7,0.32875,1,1,"People's Republic of China (China)","Sovereign",5,0.219545454545455,177010.284493121,NA
"710","810","710-810",1.72381225962909,"0.0002465728419413869|0.00009234266670746943",0.9,0.1,0.36,"5",0.000246572841941387,1,1,"French Indochina","Colony of",5,0.395384615384615,1,1,"People's Republic of China (China)","Sovereign",5,0.219545454545455,759238.049940547,284338.151944385
"710","827","710-827",0.49714187320636,"0.00015391165862344505|0.000245658737412627",0.35,0.65,0.91,"bridge",0.000245658737412627,1,NA,"Straits Settlements","Colony of",7,0.295416666666667,1,1,"People's Republic of China (China)","Sovereign",5,0.219545454545455,473919.133333254,756423.37280744
"710","840","710-840",0.369606179308543,"0.00004912059412528189|0.000006880777271537656",0.65,0.35,0.91,"8",4.91205941252819e-05,1,1,"Philippines","Colony of",8,0.576470588235294,1,1,"People's Republic of China (China)","Sovereign",5,0.219545454545455,151250.331553,21187.0369688132
"710","850","710-850",0.525515698508388,"0.00021927006806748403|0.0000603297002657184",0.8,0.2,0.64,"5",0.000219270068067484,1,1,"Indonesia (Dutch East Indies)","Colony of",5,0.575555555555555,1,1,"People's Republic of China (China)","Sovereign",5,0.219545454545455,675168.35016835,185765
"7104","713","7104-713",2.98722469769225,"0.000004961804175484661",1,0,0,"5",4.96180417548466e-06,1,1,"Republic of China (Taiwan) (Formosa)","Colony of",5,0,1,NA,"Kwangtung Territory","Leased to",5,0,15278.2054046217,NA
"7104","740","7104-740",4.18987302283243,"0.0006329249033060495",1,0,0,"5",0.00063292490330605,1,1,"Japan","Sovereign",5,0.171666666666667,1,NA,"Kwangtung Territory","Leased to",5,0,1948879.14484566,NA
"7105","200","200-7105",1.99870945508955,"0.000002102843965335379",1,0,0,"0",2.10284396533538e-06,1,1,"United Kingdom","Sovereign",0,0.0678787878787879,1,NA,"Weihaiwei","Leased to",0,0,6475,NA
"7111","730","7111-730",7.34389420016293,"0.00003817687772416153",1,0,0,"5",3.81768777241615e-05,1,1,"Korea (Chosen)","Colony of",5,0,1,NA,"Manchuria","Occupied by",5,0,117552.841456081,NA
"7120","255","255-7120",2.14371252110978,"0.000058828215169332614",1,0,0,"0",5.88282151693326e-05,1,1,"Germany (Zollverein)","Sovereign",0,0.0642307692307692,1,NA,"Kiauchau","Leased to",0,0,181141.682169784,NA
"720","710","710-720",3.27566094192874,"0.004753874605919279",1,0,0,"5",0.00475387460591928,1,1,"People's Republic of China (China)","Sovereign",5,0.219545454545455,1,NA,"Hong Kong","Colony of",5,0.414444444444444,14637956.3014406,NA
"720","713","713-720",0.839324500127355,"0.000011688272548317837",1,0,0,"5",1.16882725483178e-05,1,1,"Republic of China (Taiwan) (Formosa)","Colony of",5,0,1,NA,"Hong Kong","Colony of",5,0.414444444444444,35990.100073016,NA
"720","740","720-740",1.38822721588391,"0.0007754338992785385",1,0,0,"5",0.000775433899278539,1,1,"Japan","Sovereign",5,0.171666666666667,1,NA,"Hong Kong","Colony of",5,0.414444444444444,2387687.6176249,NA
"720","750","720-750",1.4242167660086,"0.0023657342107018054",0,1,0,"bridge",0.00236573421070181,1,1,"India","Colony of",9,0.135294117647059,1,NA,"Hong Kong","Colony of",5,0.414444444444444,7284482,NA
"720","800","720-800",3.31180805127431,"0.0009537555914294517",0.35,0.65,0.91,"bridge",0.000953755591429452,1,1,"Thailand (Siam)","Sovereign",7,0.366923076923077,1,NA,"Hong Kong","Colony of",5,0.414444444444444,2936769.23076923,NA
"720","810","720-810",3.01537246620238,"0.0009186316004274168",0.9,0.1,0.36,"5",0.000918631600427417,1,1,"French Indochina","Colony of",5,0.395384615384615,1,NA,"Hong Kong","Colony of",5,0.414444444444444,2828616.7261197,NA
"720","827","720-827",0.00154898795999158,"0.00013000289107379263",0.35,0.65,0.91,"bridge",0.000130002891073793,1,NA,"Straits Settlements","Colony of",7,0.295416666666667,1,NA,"Hong Kong","Colony of",5,0.414444444444444,400300.133333267,NA
"720","840","720-840",0.774434870684341,"0.00007512483828448144",0.65,0.35,0.91,"8",7.51248382844814e-05,1,1,"Philippines","Colony of",8,0.576470588235294,1,NA,"Hong Kong","Colony of",5,0.414444444444444,231321.646261299,NA
"720","850","720-850",1.79156595399966,"0.0007934563926765644",0.8,0.2,0.64,"5",0.000793456392676564,1,1,"Indonesia (Dutch East Indies)","Colony of",5,0.575555555555555,1,NA,"Hong Kong","Colony of",5,0.414444444444444,2443181.81818182,NA
"721","235","235-721",0.828082698219853,"0.000001104520822564575",0,1,0,"bridge",1.10452082256458e-06,1,1,"Portugal","Sovereign",4,0.113461538461538,1,NA,"Macao","Colony of",5,0,3401,NA
"721","710","710-721",4.26284025143993,"0.0002036396741351114",1,0,0,"5",0.000203639674135111,1,1,"People's Republic of China (China)","Sovereign",5,0.219545454545455,1,NA,"Macao","Colony of",5,0,627039.814537333,NA
"730","710","710-730",2.50643221460448,"0.00011497110445351013|0.0001000201142799245",1,0,0,"5",0.00011497110445351,1,1,"People's Republic of China (China)","Sovereign",5,0.219545454545455,1,1,"Korea (Chosen)","Colony of",5,0,354014.807379086,307978.26687974
"730","713","713-730",1.97089049695143,"0.000002165670154534254",1,0,0,"5",2.16567015453425e-06,1,1,"Republic of China (Taiwan) (Formosa)","Colony of",5,0,1,1,"Korea (Chosen)","Colony of",5,0,6668.45209714494,NA
"740","211","211-740",0.0288968119947133,"0.0003252553427044113|0.00011452531154710487",0,1,0,"bridge",0.000325255342704411,1,1,"Belgium","Sovereign",4,0.1,1,1,"Japan","Sovereign",5,0.171666666666667,1001514.320001,352642.138214585
"740","220","220-740",0.269502075344444,"0.00014931657322755985|0.0014849393716562383",0,1,0,"bridge",0.00148493937165624,1,1,"France","Sovereign",2,0.0421153846153846,1,1,"Japan","Sovereign",5,0.171666666666667,459770.114942529,4572370.84157153
"740","255","255-740",0.447613779016735,"0.0014198269228706492|0.00036913480889367325",0,1,0,"bridge",0.00141982692287065,1,1,"Germany (Zollverein)","Sovereign",0,0.0642307692307692,1,1,"Japan","Sovereign",5,0.171666666666667,4371878.97777343,1136626.36267229
"740","325","325-740",0.131419331277153,"0.00003186943967475112|0.0005564528821707161",0,1,0,"bridge",0.000556452882170716,1,1,"Italy","Sovereign",1,0.0202702702702703,1,1,"Japan","Sovereign",5,0.171666666666667,98131.209588393,1713409.30256836
"740","338","338-740",0.434897225444265,"7.47605684664408e-7",0,1,0,"bridge",7.47605684664408e-07,1,1,"Malta","Colony of",1,0.0146153846153846,1,1,"Japan","Sovereign",5,0.171666666666667,2302,NA
"740","380","380-740",0.282147958712865,"0.00009925253733353595|0.00000846551605049665",0,1,0,"bridge",9.9252537333536e-05,1,1,"Sweden","Sovereign",6,0.151666666666667,1,1,"Japan","Sovereign",5,0.171666666666667,305614.77210324,26066.7064844365
"740","730","730-740",4.62063783585802,"0.0005083309112726235|0.0005767957702651668",1,0,0,"5",0.000576795770265167,1,1,"Korea (Chosen)","Colony of",5,0,1,1,"Japan","Sovereign",5,0.171666666666667,1565233.8950243,1776048.37735609
"740","750","740-750",2.14380206904647,"0.0029217573324369695|0.0006185288158859405",0,1,0,"bridge",0.00292175733243697,1,1,"India","Colony of",9,0.135294117647059,1,1,"Japan","Sovereign",5,0.171666666666667,8996568,1904551.24054947
"740","810","740-810",0.877553267880092,"0.00006514252161164488|0.00001127401210804345",0.9,0.1,0.36,"5",6.51425216116449e-05,1,1,"French Indochina","Colony of",5,0.395384615384615,1,1,"Japan","Sovereign",5,0.171666666666667,200584.462940943,34714.5245215276
"740","840","740-840",1.37420116186301,"0.00001773439849029187|0.00014578295245610653",0.65,0.35,0.91,"8",0.000145782952456107,1,1,"Philippines","Colony of",8,0.576470588235294,1,1,"Japan","Sovereign",5,0.171666666666667,54607.1092851275,448889.519485932
"750","211","211-750",0.0360773114730368,"0.0004607699280011022|0.002390836809049388",0.05,0.95,0.19,"bridge",0.00239083680904939,1,1,"Belgium","Sovereign",4,0.1,1,1,"India","Colony of",9,0.135294117647059,1418785.86000141,7361777
"750","300","300-750",0.301053288468188,"0.0009270057065852409|0.0015990600343888004",0,1,0,"bridge",0.0015990600343888,1,1,"Austria-Hungary (Austrian Empire)","Sovereign",1,0.0394736842105263,1,1,"India","Colony of",9,0.135294117647059,2854401.96661578,4923767
"750","511","511-750",2.27899454977934,"0.00005529326718241013|0.00008605616938664618",0.95,0.05,0.19,"9",8.60561693866462e-05,1,1,"Zanzibar","Protectorate of",9,0.251578947368421,1,1,"India","Colony of",9,0.135294117647059,170257,264981
"750","521","521-750",0.898561989743302,"2.2408684727126044e-8|0.000008294460984504335",1,0,0,"9",8.29446098450434e-06,1,1,"Somaliland Republic (British Somaliland)","Protectorate of",9,0.0760000000000001,1,1,"India","Colony of",9,0.135294117647059,69,25540
"750","630","630-750",1.04198554609505,"0.00013211973140016487|0.00010920044354720615",0.3,0.7,0.84,"bridge",0.000132119731400165,1,1,"Iran (Persia)","Sovereign",1,0.487777777777778,1,1,"India","Colony of",9,0.135294117647059,406818.230414747,336246
"750","698","698-750",3.44862384325334,"0.00004930543510295949",1,0,0,"9",4.93054351029595e-05,1,1,"Oman (Sultanate of Muscat and Oman)","Sovereign (unrecognized)",9,0.147142857142857,1,1,"India","Colony of",9,0.135294117647059,151819.487110992,NA
"750","710","710-750",1.15045889407801,"0.0001982747439109008|0.0017634751523400982",0,1,0,"bridge",0.0017634751523401,1,1,"People's Republic of China (China)","Sovereign",5,0.219545454545455,1,1,"India","Colony of",9,0.135294117647059,610520.318191239,5430028
"750","780","750-780",2.56794745214799,"0.00012485223759415432|0.001681034250756095",0.3,0.7,0.84,"bridge",0.0016810342507561,1,1,"Sri Lanka (Ceylon)","Colony of",7,0.32875,1,1,"India","Colony of",9,0.135294117647059,384440.430078803,5176179
"750","850","750-850",1.89536022311989,"0.0015846984884433338|0.0008375167973512134",0,1,0,"bridge",0.00158469848844333,1,1,"Indonesia (Dutch East Indies)","Colony of",5,0.575555555555555,1,1,"India","Colony of",9,0.135294117647059,4879545.45454545,2578851
"751","20","20-751",0.30611713525944,"0.0000012949798421532594",0,1,0,"bridge",1.29497984215326e-06,1,1,"Canada (Province of Canada)","Colony of",10,0.091578947368421,1,1,"French India","Colony of",7,0.291666666666667,3987.45442656039,NA
"751","220","220-751",2.40659470207099,"0.000012872118381686193|0.000055651059169014455",0,1,0,"bridge",5.56510591690145e-05,1,1,"France","Sovereign",2,0.0421153846153846,1,1,"French India","Colony of",7,0.291666666666667,39635.3547364249,171358.699960365
"751","827","751-827",3.15209277180175,"0.000012175883339174835",1,0,0,"7",1.21758833391748e-05,1,NA,"Straits Settlements","Colony of",7,0.295416666666667,1,1,"French India","Colony of",7,0.291666666666667,37491.5333333271,NA
"751","840","751-840",0.0984926804263717,"1.5328839407541295e-7",0.3,0.7,0.84,"bridge",1.53288394075413e-07,1,1,"Philippines","Colony of",8,0.576470588235294,1,1,"French India","Colony of",7,0.291666666666667,472,NA
"752","200","200-752",1.94534532086412,"0.000047064733197900094",0,1,0,"bridge",4.70647331979001e-05,1,1,"United Kingdom","Sovereign",0,0.0678787878787879,1,NA,"Portuguese India","Colony of",4,0,144920,NA
"752","235","235-752",2.88940295851504,"0.0000020965328044801205",1,0,0,"4",2.09653280448012e-06,1,1,"Portugal","Sovereign",4,0.113461538461538,1,NA,"Portuguese India","Colony of",4,0,6455.56690500511,NA
"780","900","780-900",1.31412953135928,"0.00020499886980985705|0.0001939556263451103",0,1,0,"bridge",0.000204998869809857,1,1,"Australia","Colony of",8,0.0941379310344827,1,1,"Sri Lanka (Ceylon)","Colony of",7,0.32875,631225,597221.049819687
"781","750","750-781",2.27304660549305,"0.0000028994889455620483",0.3,0.7,0.84,"bridge",2.89948894556205e-06,1,1,"India","Colony of",9,0.135294117647059,1,NA,"Maldive Islands","Protectorate of",7,0.42,8928,NA
"781","780","780-781",5.06639893513383,"0.0000038518336035293364",1,0,0,"7",3.85183360352934e-06,1,1,"Sri Lanka (Ceylon)","Colony of",7,0.32875,1,NA,"Maldive Islands","Protectorate of",7,0.42,11860.4247362094,NA
"80","200","200-80",0.740322938469991,"0.00003287873671144223|0.00001971510940203059",0,1,0,"bridge",3.28787367114422e-05,1,1,"United Kingdom","Sovereign",0,0.0678787878787879,1,1,"Belize (British Honduras)","Colony of",3,0.072,101239,60706.0416666667
"800","200","200-800",0.339665283513186,"0.00021689041183838527|0.000186838966637877",0,1,0,"bridge",0.000216890411838385,1,1,"United Kingdom","Sovereign",0,0.0678787878787879,1,1,"Thailand (Siam)","Sovereign",7,0.366923076923077,667841,575307.692307692
"800","210","210-800",0.0878877458321722,"0.000004562396645364179|0.00011581567714041956",0.1,0.9,0.36,"bridge",0.00011581567714042,1,1,"Netherlands","Sovereign",5,0.277619047619048,1,1,"Thailand (Siam)","Sovereign",7,0.366923076923077,14048.364389234,356615.384615385
"800","211","211-800",0.3147604756612,"0.00006372147229080872|0.000049214168241291314",0,1,0,"bridge",6.37214722908087e-05,1,1,"Belgium","Sovereign",4,0.1,1,1,"Thailand (Siam)","Sovereign",7,0.366923076923077,196208.820000195,151538.461538462
"800","390","390-800",0.00143585015204903,"0.000009865647185441566|0.000011141887835338033",0,1,0,"bridge",1.1141887835338e-05,1,1,"Denmark","Sovereign",6,0.0172727272727273,1,1,"Thailand (Siam)","Sovereign",7,0.366923076923077,30377.9389145243,34307.6923076923
"800","710","710-800",1.65176332263955,"0.00008296149387225931|0.000004296871541879242",0.35,0.65,0.91,"bridge",8.29614938722593e-05,1,1,"People's Republic of China (China)","Sovereign",5,0.219545454545455,1,1,"Thailand (Siam)","Sovereign",7,0.366923076923077,255451.988677251,13230.7692307692
"800","740","740-800",0.0283252403981865,"0.000017620794078783604|0.0000070198889724887614",0.35,0.65,0.91,"bridge",1.76207940787836e-05,1,1,"Japan","Sovereign",5,0.171666666666667,1,1,"Thailand (Siam)","Sovereign",7,0.366923076923077,54257.3027485314,21615.3846153846
"800","750","750-800",0.810122135150729,"0.00011333046157147951|0.00007899248729896605",0,1,0,"bridge",0.00011333046157148,1,1,"India","Colony of",9,0.135294117647059,1,1,"Thailand (Siam)","Sovereign",7,0.366923076923077,348963,243230.769230769
"800","780","780-800",0.739443052792149,"2.3163314274762838e-8|0.00001648799545139709",0.7,0.3,0.84,"7",1.64879954513971e-05,1,1,"Sri Lanka (Ceylon)","Colony of",7,0.32875,1,1,"Thailand (Siam)","Sovereign",7,0.366923076923077,71.3236276212101,50769.2307692308
"800","810","800-810",1.45530527480842,"0.000017088007466174437",0.3,0.7,0.84,"bridge",1.70880074661744e-05,1,1,"French Indochina","Colony of",5,0.395384615384615,1,1,"Thailand (Siam)","Sovereign",7,0.366923076923077,52616.7657550535,NA
"800","827","800-827",3.75735537786196,"0.0004922181429935558|0.0010292256433365283",1,0,0,"7",0.00102922564333653,1,NA,"Straits Settlements","Colony of",7,0.295416666666667,1,1,"Thailand (Siam)","Sovereign",7,0.366923076923077,1515620.04999975,3169153.84615385
"810","220","220-810",2.185885685421,"0.000825102788266085|0.0007963943472096596",0.1,0.9,0.36,"bridge",0.000825102788266085,1,1,"France","Sovereign",2,0.0421153846153846,1,1,"French Indochina","Colony of",5,0.395384615384615,2540626.23860484,2452228.26000793
"810","615","615-810",1.96008707474384,"0.00005527287633096051",0.1,0.9,0.36,"bridge",5.52728763309605e-05,1,1,"Algeria (Regency of Algiers)","Colony of",2,0.123333333333333,1,1,"French Indochina","Colony of",5,0.395384615384615,170194.213238208,NA
"810","630","630-810",0.770770875948802,"0.000005130366075241306",0,1,0,"bridge",5.13036607524131e-06,1,1,"Iran (Persia)","Sovereign",1,0.487777777777778,1,1,"French Indochina","Colony of",5,0.395384615384615,15797.2350230415,NA
"810","750","750-810",1.14810704651747,"0.00016457620067049584|0.0000038745076328875445",0,1,0,"bridge",0.000164576200670496,1,1,"India","Colony of",9,0.135294117647059,1,1,"French Indochina","Colony of",5,0.395384615384615,506757,11930.2417756639
"811","800","800-811",5.91427806994654,"0.0000010492360741798148",1,0,0,"7",1.04923607417981e-06,1,1,"Thailand (Siam)","Sovereign",7,0.366923076923077,1,NA,"Cambodia (Kampuchea)","Protectorate of",7,0,3230.76923076923,NA
"8151","800","800-8151",3.47149924603898,"0.000007094834406358748",1,0,0,"7",7.09483440635875e-06,1,1,"Thailand (Siam)","Sovereign",7,0.366923076923077,1,NA,"Cochin China","Colony of",7,0,21846.1538461538,NA
"8151","827","8151-827",4.4767220760957,"0.00007238492853453239",1,0,0,"7",7.23849285345324e-05,1,NA,"Straits Settlements","Colony of",7,0.295416666666667,1,NA,"Cochin China","Colony of",7,0,222885.01666663,NA
"821","200","200-821",0.29412950189622,"0.0001395265387810366|0.0009099732929458629",0,1,0,"bridge",0.000909973292945863,1,1,"United Kingdom","Sovereign",0,0.0678787878787879,1,1,"Federated Malay States","Colony of",7,0,429625,2801956.38333287
"821","824","821-824",0.419566803024861,"4.3311007869810286e-7",1,0,0,"7",4.33110078698103e-07,1,1,"Sarawak","Protectorate of",7,0.2,1,1,"Federated Malay States","Colony of",7,0,1333.61666666644,NA
"8218","780","780-8218",0.345530628140246,"7.437085221031687e-8",0.7,0.3,0.84,"7",7.43708522103169e-08,1,1,"Sri Lanka (Ceylon)","Colony of",7,0.32875,1,NA,"Manjung (Dindings)","Colony of",7,0.56,229,NA
"8218","827","8218-827",4.5682354835848,"0.000014221173791296463",1,0,0,"7",1.42211737912965e-05,1,NA,"Straits Settlements","Colony of",7,0.295416666666667,1,NA,"Manjung (Dindings)","Colony of",7,0.56,43789.3166666594,NA
"8218","840","8218-840",0.591453390236158,"7.112321674261745e-8",0.3,0.7,0.84,"bridge",7.11232167426175e-08,1,1,"Philippines","Colony of",8,0.576470588235294,1,NA,"Manjung (Dindings)","Colony of",7,0.56,219,NA
"8221","827","8221-827",4.5968697625497,"0.00001828295899439278",1,0,0,"7",1.82829589943928e-05,1,NA,"Straits Settlements","Colony of",7,0.295416666666667,1,NA,"Johore","Sovereign (unrecognized)",7,0,56296.2166666573,NA
"8222","827","8222-827",4.5968697625497,"0.000052970374263226174",1,0,0,"7",5.29703742632262e-05,1,NA,"Straits Settlements","Colony of",7,0.295416666666667,1,NA,"Kedah","Protectorate of",7,0,163104.433333306,NA
"8223","827","8223-827",4.5968697625497,"0.000005166782345529307",1,0,0,"7",5.16678234552931e-06,1,NA,"Straits Settlements","Colony of",7,0.295416666666667,1,NA,"Kelantan","Protectorate of",7,0,15909.366666664,NA
"8225","827","8225-827",4.5968697625497,"0.0000012742855539125709",1,0,0,"7",1.27428555391257e-06,1,NA,"Straits Settlements","Colony of",7,0.295416666666667,1,NA,"Trengganu","Protectorate of",7,0,3923.73333333268,NA
"823","200","200-823",1.34133909906809,"0.000009186911211028139",0,1,0,"bridge",9.18691121102814e-06,1,1,"United Kingdom","Sovereign",0,0.0678787878787879,1,NA,"Sabah (North Borneo)","Protectorate of",7,0.28,28288,NA
"823","780","780-823",1.14587196408887,"2.0057521574251567e-7",0.7,0.3,0.84,"7",2.00575215742516e-07,1,1,"Sri Lanka (Ceylon)","Colony of",7,0.32875,1,NA,"Sabah (North Borneo)","Protectorate of",7,0.28,617.603846667557,NA
"823","827","823-827",3.74560377485125,"0.000007567661817735061",1,0,0,"7",7.56766181773506e-06,1,NA,"Straits Settlements","Colony of",7,0.295416666666667,1,NA,"Sabah (North Borneo)","Protectorate of",7,0.28,23302.0666666628,NA
"824","200","200-824",1.5447601581518,"0.000006285148920638701",0,1,0,"bridge",6.2851489206387e-06,1,1,"United Kingdom","Sovereign",0,0.0678787878787879,1,1,"Sarawak","Protectorate of",7,0.2,19353,NA
"824","827","824-827",4.51754742759181,"0.0000032553161255799935|0.0002981861538546217",1,0,0,"7",0.000298186153854622,1,NA,"Straits Settlements","Colony of",7,0.295416666666667,1,1,"Sarawak","Protectorate of",7,0.2,10023.6499999983,918163.866666514
"827","2","2-827",0.144045230662867,"0.00011401168957749853|0.0011193655910800178",0,1,0,"bridge",0.00111936559108002,1,1,"United States of America","Sovereign",10,0.194166666666667,1,NA,"Straits Settlements","Colony of",7,0.295416666666667,351060.61228683,3446709.46666609
"827","200","200-827",0.564541878875769,"0.0013454408139920151|0.0033093805470414007",0,1,0,"bridge",0.0033093805470414,1,1,"United Kingdom","Sovereign",0,0.0678787878787879,1,NA,"Straits Settlements","Colony of",7,0.295416666666667,4142832,10190123.1833316
"827","681","681-827",1.52083471886046,"0.00000164200449246883|0.000023278747919821964",0,1,0,"bridge",2.3278747919822e-05,1,1,"Aden","Dependency of",9,0.0864,1,NA,"Straits Settlements","Colony of",7,0.295416666666667,5056,71679.0666666547
"827","740","740-827",0.816008726200562,"0.00021648970314433724|0.00017653655468182942",0.35,0.65,0.91,"bridge",0.000216489703144337,1,1,"Japan","Sovereign",5,0.171666666666667,1,NA,"Straits Settlements","Colony of",7,0.295416666666667,666607.152488377,543584.883333243
"827","750","750-827",1.24701160727863,"0.0016481119957293857|0.0001796699437465004",0,1,0,"bridge",0.00164811199572939,1,1,"India","Colony of",9,0.135294117647059,1,NA,"Straits Settlements","Colony of",7,0.295416666666667,5074806,553233.099999908
"827","780","780-827",0.786827576294124,"0.000018283055543629847|0.00006454904991624587",0.7,0.3,0.84,"7",6.45490499162459e-05,1,1,"Sri Lanka (Ceylon)","Colony of",7,0.32875,1,NA,"Straits Settlements","Colony of",7,0.295416666666667,56296.5139575264,198757.066666634
"827","810","810-827",1.82649950590655,"0.000232702156104123",0.3,0.7,0.84,"bridge",0.000232702156104123,1,1,"French Indochina","Colony of",5,0.395384615384615,1,NA,"Straits Settlements","Colony of",7,0.295416666666667,716527.942925089,NA
"827","821","821-827",4.41013816231912,"0.0027235284077444643|0.0007769626529981928",1,0,0,"7",0.00272352840774446,1,1,"Federated Malay States","Colony of",7,0,1,NA,"Straits Settlements","Colony of",7,0.295416666666667,8386188.76666527,2392394.8999996
"827","850","827-850",3.12520173822542,"0.0025043424679793307|0.0015614801613049267",0.5,0.5,1,"bridge",0.00250434246797933,1,1,"Indonesia (Dutch East Indies)","Colony of",5,0.575555555555555,1,NA,"Straits Settlements","Colony of",7,0.295416666666667,7711279.46127946,4808052.43333253
"835","824","824-835",4.670843417975,"0.000002152592327974396",1,0,0,"7",2.1525923279744e-06,1,1,"Sarawak","Protectorate of",7,0.2,1,NA,"Brunei","Protectorate of",7,0,6628.18333333223,NA
"835","827","827-835",4.55666248430455,"0.00006369309769965337",1,0,0,"7",6.36930976996534e-05,1,NA,"Straits Settlements","Colony of",7,0.295416666666667,1,NA,"Brunei","Protectorate of",7,0,196121.449999967,NA
"840","810","810-840",3.57274801674656,"0.0003058157885121006|4.6571092606809777e-7",0.65,0.35,0.91,"5",0.000305815788512101,1,1,"French Indochina","Colony of",5,0.395384615384615,1,1,"Philippines","Colony of",8,0.576470588235294,941656.757827982,1434
"840","827","827-840",0.229934045906089,"5.463605401825425e-8|0.00003624848327272715",0.3,0.7,0.84,"bridge",3.62484832727272e-05,1,NA,"Straits Settlements","Colony of",7,0.295416666666667,1,1,"Philippines","Colony of",8,0.576470588235294,168.233333333305,111615
"840","900","840-900",0.966401330491497,"0.00015370019425271723",0.35,0.65,0.91,"bridge",0.000153700194252717,1,1,"Australia","Colony of",8,0.0941379310344827,1,1,"Philippines","Colony of",8,0.576470588235294,473268,NA
"850","810","810-850",2.46886279541006,"0.00035046916717816997",0.75,0.25,0.75,"5",0.00035046916717817,1,1,"French Indochina","Colony of",5,0.395384615384615,1,1,"Indonesia (Dutch East Indies)","Colony of",5,0.575555555555555,1079151.80340864,NA
"850","824","824-850",0.0286107004408038,"0.00000265363752793098",0.5,0.5,1,"bridge",2.65363752793098e-06,1,1,"Sarawak","Protectorate of",7,0.2,1,1,"Indonesia (Dutch East Indies)","Colony of",5,0.575555555555555,8170.98333333197,NA
"860","235","235-860",4.43840168680719,"6.300412807336888e-8",1,0,0,"4",6.30041280733689e-08,1,1,"Portugal","Sovereign",4,0.113461538461538,1,NA,"East Timor (Portuguese Timor)","Colony of",4,0,194,NA
"860","900","860-900",3.47227347690426,"2.4324789653068705e-7",0,1,0,"bridge",2.43247896530687e-07,1,1,"Australia","Colony of",8,0.0941379310344827,1,NA,"East Timor (Portuguese Timor)","Colony of",4,0,749,NA
"90","2","2-90",1.40667120653649,"0.00012941797311332855",0.1,0.9,0.36,"bridge",0.000129417973113329,1,1,"United States of America","Sovereign",10,0.194166666666667,1,NA,"Guatemala","Sovereign",3,0.06,398499.075405794,NA
"90","200","200-90",0.713073317853816,"0.00007870514650550853",0,1,0,"bridge",7.87051465055085e-05,1,1,"United Kingdom","Sovereign",0,0.0678787878787879,1,NA,"Guatemala","Sovereign",3,0.06,242346,NA
"90","255","255-90",0.323367343592202,"0.0000461086010786661",0,1,0,"bridge",4.61086010786661e-05,1,1,"Germany (Zollverein)","Sovereign",0,0.0642307692307692,1,NA,"Guatemala","Sovereign",3,0.06,141975.913051993,NA
"90","70","70-90",2.0364051093031,"0.000018665108260541074",1,0,0,"3",1.86651082605411e-05,1,1,"Mexico","Sovereign",3,0.31,1,NA,"Guatemala","Sovereign",3,0.06,57472.9166687022,NA
"90","80","80-90",2.92949886335353,"3.6488537661047934e-7",1,0,0,"3",3.64885376610479e-07,1,1,"Belize (British Honduras)","Colony of",3,0.072,1,NA,"Guatemala","Sovereign",3,0.06,1123.54166666667,NA
"90","93","90-93",1.40398295895739,"3.247635467699427e-7",1,0,0,"3",3.24763546769943e-07,1,1,"Nicaragua","Sovereign",3,0.04,1,NA,"Guatemala","Sovereign",3,0.06,1000,NA
"900","211","211-900",0.44175574275138,"0.0002917866340386025|0.0019320378255471952",0,1,0,"bridge",0.0019320378255472,1,1,"Belgium","Sovereign",4,0.1,1,1,"Australia","Colony of",8,0.0941379310344827,898458.700000895,5949060
"900","220","220-900",0.434901308317142,"0.00013000839565503055|0.0027772411265233597",0,1,0,"bridge",0.00277724112652336,1,1,"France","Sovereign",2,0.0421153846153846,1,1,"Australia","Colony of",8,0.0941379310344827,400317.082837891,8551579
"900","380","380-900",0.124380365093664,"0.0001586338665141723|7.713134235786138e-7",0,1,0,"bridge",0.000158633866514172,1,1,"Sweden","Sovereign",6,0.151666666666667,1,1,"Australia","Colony of",8,0.0941379310344827,488459.582646897,2375
"900","385","385-900",0.744727743254041,"0.00016565304477732817|3.4164828754906663e-7",0,1,0,"bridge",0.000165653044777328,1,1,"Norway","Sovereign",6,0.107058823529412,1,1,"Australia","Colony of",8,0.0941379310344827,510072.778872175,1051.99087442866
"900","740","740-900",0.145720942710627,"0.0002165821209366461|0.00021338816175001823",0,1,0,"bridge",0.000216582120936646,1,1,"Japan","Sovereign",5,0.171666666666667,1,1,"Australia","Colony of",8,0.0941379310344827,666891.721964317,657057
"900","750","750-900",0.0706816944666798,"0.0006878144423592342|0.0004986328563312604",0,1,0,"bridge",0.000687814442359234,1,1,"India","Colony of",9,0.135294117647059,1,1,"Australia","Colony of",8,0.0941379310344827,2117893,1535372
"900","955","900-955",3.95601940760258,"0.00004293406564653319",1,0,0,"8",4.29340656465332e-05,1,1,"Tonga (Haʻapai)","Protectorate of",8,0,1,1,"Australia","Colony of",8,0.0941379310344827,132201,NA
"9002","900","900-9002",3.73699707980013,"0.000011174139353713417",1,0,0,"8",1.11741393537134e-05,1,1,"Australia","Colony of",8,0.0941379310344827,NA,NA,"Cocos (Keeling) Is.","Dependency of",8,0,34407,NA
"9004","900","900-9004",3.73699707980013,"0.000002044061763370019",1,0,0,"8",2.04406176337002e-06,1,1,"Australia","Colony of",8,0.0941379310344827,1,NA,"Norfolk I.","Colony of",8,0,6294,NA
"91","2","2-91",1.79152159262747,"0.00010537686278353558",0.1,0.9,0.36,"bridge",0.000105376862783536,1,1,"United States of America","Sovereign",10,0.194166666666667,1,NA,"Honduras","Sovereign",3,0.225,324472.570371892,NA
"91","200","200-91",0.329815607828982,"0.00002972820554422701",0,1,0,"bridge",2.9728205544227e-05,1,1,"United Kingdom","Sovereign",0,0.0678787878787879,1,NA,"Honduras","Sovereign",3,0.225,91538,NA
"91","230","230-91",0.999957170049009,"0.000005460444389185044",0.55,0.45,0.99,"3",5.46044438918504e-06,1,1,"Spain","Sovereign",3,0.430285714285714,1,NA,"Honduras","Sovereign",3,0.225,16813.6000591628,NA
"91","80","80-91",2.3764943338603,"1.1630594518698572e-7",1,0,0,"3",1.16305945186986e-07,1,1,"Belize (British Honduras)","Colony of",3,0.072,1,NA,"Honduras","Sovereign",3,0.225,358.125,NA
"91","92","91-92",3.36429574631838,"0.0000021393154271353365",1,0,0,"3",2.13931542713534e-06,1,1,"El Salvador","Sovereign",3,0.156428571428571,1,NA,"Honduras","Sovereign",3,0.225,6587.30158730159,NA
"91","93","91-93",2.78279487978281,"7.144798028938739e-7",1,0,0,"3",7.14479802893874e-07,1,1,"Nicaragua","Sovereign",3,0.04,1,NA,"Honduras","Sovereign",3,0.225,2200,NA
"911","200","200-911",0.0752218898734245,"0.00000702625933436771",0,1,0,"bridge",7.02625933436771e-06,1,1,"United Kingdom","Sovereign",0,0.0678787878787879,1,NA,"Papua (British New Guinea)","Dependency of",8,0.303333333333333,21635,NA
"911","840","840-911",2.63415908314306,"0.000001802437684573182",0.35,0.65,0.91,"bridge",1.80243768457318e-06,1,1,"Philippines","Colony of",8,0.576470588235294,1,NA,"Papua (British New Guinea)","Dependency of",8,0.303333333333333,5550,NA
"911","900","900-911",3.53417744098827,"0.00003926456233157961",1,0,0,"8",3.92645623315796e-05,1,1,"Australia","Colony of",8,0.0941379310344827,1,NA,"Papua (British New Guinea)","Dependency of",8,0.303333333333333,120902,NA
"912","255","255-912",1.70175197878911,"0.00001589951761333314",0,1,0,"bridge",1.58995176133331e-05,1,1,"Germany (Zollverein)","Sovereign",0,0.0642307692307692,1,NA,"New Guinea (German New Guinea) (Kaiser Wilhelmsland)","Colony of",8,0.4375,48957.2113972388,NA
"912","827","827-912",2.22464635281657,"0.000002307179776236863",0.3,0.7,0.84,"bridge",2.30717977623686e-06,1,NA,"Straits Settlements","Colony of",7,0.295416666666667,1,NA,"New Guinea (German New Guinea) (Kaiser Wilhelmsland)","Colony of",8,0.4375,7104.18333333215,NA
"912","840","840-912",2.72883952644163,"0.00000101910800976408",1,0,0,"8",1.01910800976408e-06,1,1,"Philippines","Colony of",8,0.576470588235294,1,NA,"New Guinea (German New Guinea) (Kaiser Wilhelmsland)","Colony of",8,0.4375,3138,NA
"912","900","900-912",1.73778594567233,"0.0000033502607484787285",0.35,0.65,0.91,"bridge",3.35026074847873e-06,1,1,"Australia","Colony of",8,0.0941379310344827,1,NA,"New Guinea (German New Guinea) (Kaiser Wilhelmsland)","Colony of",8,0.4375,10316,NA
"92","2","2-92",1.32335787464017,"0.00008739615919470964|0.00014689106770173838",0.1,0.9,0.36,"bridge",0.000146891067701738,1,1,"United States of America","Sovereign",10,0.194166666666667,1,1,"El Salvador","Sovereign",3,0.156428571428571,269107.047462503,452301.587301587
"92","200","200-92",1.1094374397688,"0.00008586618271178576|0.00003118761044378021",0,1,0,"bridge",8.58661827117858e-05,1,1,"United Kingdom","Sovereign",0,0.0678787878787879,1,1,"El Salvador","Sovereign",3,0.156428571428571,264396,96031.746031746
"92","230","230-92",0.907089870861763,"0.0000038792335575665004|0.000011005875751648058",0.55,0.45,0.99,"3",1.10058757516481e-05,1,1,"Spain","Sovereign",3,0.430285714285714,1,1,"El Salvador","Sovereign",3,0.156428571428571,11944.7936695755,33888.8888888889
"92","255","255-92",0.393323478476405,"0.000022259324658666397|0.00010212009303988197",0,1,0,"bridge",0.000102120093039882,1,1,"Germany (Zollverein)","Sovereign",0,0.0642307692307692,1,1,"El Salvador","Sovereign",3,0.156428571428571,68540.0959561343,314444.444444444
"92","93","92-93",2.18326918794857,"5.196216748319082e-7",1,0,0,"3",5.19621674831908e-07,1,1,"Nicaragua","Sovereign",3,0.04,1,1,"El Salvador","Sovereign",3,0.156428571428571,1600,NA
"920","200","200-920",1.5516372327026,"0.0028100867373530313",0,1,0,"bridge",0.00281008673735303,1,1,"United Kingdom","Sovereign",0,0.0678787878787879,1,NA,"New Zealand","Colony of",8,0.151666666666667,8652716,NA
"920","780","780-920",1.04839313719791,"0.00004509845236904697",0,1,0,"bridge",4.5098452369047e-05,1,1,"Sri Lanka (Ceylon)","Colony of",7,0.32875,1,NA,"New Zealand","Colony of",8,0.151666666666667,138865.500200347,NA
"920","840","840-920",0.932733840089169,"0.000030042576657500317",0.35,0.65,0.91,"bridge",3.00425766575003e-05,1,1,"Philippines","Colony of",8,0.576470588235294,1,NA,"New Zealand","Colony of",8,0.151666666666667,92506,NA
"920","850","850-920",0.232686776276677,"0.0000569791147536929",0,1,0,"bridge",5.69791147536929e-05,1,1,"Indonesia (Dutch East Indies)","Colony of",5,0.575555555555555,1,NA,"New Zealand","Colony of",8,0.151666666666667,175448,NA
"920","900","900-920",1.98337833088148,"0.0007608407734859235",1,0,0,"8",0.000760840773485923,1,1,"Australia","Colony of",8,0.0941379310344827,1,NA,"New Zealand","Colony of",8,0.151666666666667,2342753,NA
"920","955","920-955",3.9845617894523,"0.000013398769649087525",1,0,0,"8",1.33987696490875e-05,1,1,"Tonga (Haʻapai)","Protectorate of",8,0,1,NA,"New Zealand","Colony of",8,0.151666666666667,41257,NA
"9253","955","9253-955",9.77744175556694,"1.558865024495725e-8",1,0,0,"8",1.55886502449573e-08,1,1,"Tonga (Haʻapai)","Protectorate of",8,0,1,NA,"Niue I.","Colony of",8,0,48,NA
"93","2","2-93",1.78673854304731,"0.0001103377310565192|0.0001008715576267442",0.1,0.9,0.36,"bridge",0.000110337731056519,1,1,"United States of America","Sovereign",10,0.194166666666667,1,1,"Nicaragua","Sovereign",3,0.04,339747.893979864,310600
"93","200","200-93",0.610329138560106,"0.00004140475410479353|0.000042608977336216476",0,1,0,"bridge",4.26089773362165e-05,1,1,"United Kingdom","Sovereign",0,0.0678787878787879,1,1,"Nicaragua","Sovereign",3,0.04,127492,131200
"93","255","255-93",0.262434249590039,"0.000012719614090666511|0.00005352103250768655",0,1,0,"bridge",5.35210325076865e-05,1,1,"Germany (Zollverein)","Sovereign",0,0.0642307692307692,1,1,"Nicaragua","Sovereign",3,0.04,39165.769117791,164800
"930","615","615-930",2.37657285381082,"0.000003092723255890164",0,1,0,"bridge",3.09272325589016e-06,1,1,"Algeria (Regency of Algiers)","Colony of",2,0.123333333333333,1,1,"New Caledonia","Colony of",8,0,9523,NA
"930","900","900-930",3.65633267332709,"0.00004017065262706775",1,0,0,"8",4.01706526270677e-05,1,1,"Australia","Colony of",8,0.0941379310344827,1,1,"New Caledonia","Colony of",8,0,123692,NA
"935","900","900-935",3.69880256205888,"0.000024898971603757964",1,0,0,"8",2.4898971603758e-05,1,1,"Australia","Colony of",8,0.0941379310344827,1,NA,"Vanuatu (New Hebrides)","Colony of",8,0,76668,NA
"935","930","930-935",6.18326942123147,"9.693992353247872e-7",1,0,0,"8",9.69399235324787e-07,1,1,"New Caledonia","Colony of",8,0,1,NA,"Vanuatu (New Hebrides)","Colony of",8,0,2984.93856520016,NA
"94","230","230-94",0.961337620852548,"0.000011434020946447282",0.55,0.45,0.99,"3",1.14340209464473e-05,1,1,"Spain","Sovereign",3,0.430285714285714,1,1,"Costa Rica","Sovereign",3,0.225,35207.2178671794,NA
"94","92","92-94",2.92136275205308,"0.0000029898866210566153",1,0,0,"3",2.98988662105662e-06,1,1,"El Salvador","Sovereign",3,0.156428571428571,1,1,"Costa Rica","Sovereign",3,0.225,9206.34920634921,NA
"94","93","93-94",2.09212367919738,"7.794325122478624e-7",1,0,0,"3",7.79432512247862e-07,1,1,"Nicaragua","Sovereign",3,0.04,1,1,"Costa Rica","Sovereign",3,0.225,2400,NA
"9453","900","900-9453",3.73699707980013,"4.6213852705362845e-7",1,0,0,"8",4.62138527053628e-07,1,1,"Australia","Colony of",8,0.0941379310344827,1,NA,"Fanning I.","Possession of",8,0,1423,NA
"9462","900","900-9462",3.73699707980013,"1.087957881679308e-7",1,0,0,"8",1.08795788167931e-07,1,1,"Australia","Colony of",8,0.0941379310344827,1,NA,"Malden I.","Claimed by",8,0,335,NA
"95","135","135-95",0.870495661692672,"0.000009145693799114103",0.3,0.7,0.84,"bridge",9.1456937991141e-06,1,1,"Peru","Sovereign",3,0.146,1,1,"Panama","Sovereign",3,0.782,28161.0848572016,NA
"95","2","2-95",2.0186180469176,"0.001367216697315262",0.8,0.2,0.64,"10",0.00136721669731526,1,1,"United States of America","Sovereign",10,0.194166666666667,1,1,"Panama","Sovereign",3,0.782,4209883.50113006,NA
"95","230","230-95",0.941836731035732,"0.00005326622930224084",0.25,0.75,0.75,"bridge",5.32662293022408e-05,1,1,"Spain","Sovereign",3,0.430285714285714,1,1,"Panama","Sovereign",3,0.782,164015.419316669,NA
"95","53","53-95",2.08388689125232,"0.0000033330482804999217",0.7,0.3,0.84,"10",3.33304828049992e-06,1,1,"Barbados","Colony of",10,0.0705882352941176,1,1,"Panama","Sovereign",3,0.782,10263,NA
"95","92","92-95",2.48449307298218,"0.000009175858940484095",0.3,0.7,0.84,"bridge",9.1758589404841e-06,1,1,"El Salvador","Sovereign",3,0.156428571428571,1,1,"Panama","Sovereign",3,0.782,28253.9682539683,NA
"950","20","20-950",0.638257946096132,"0.000006513404924186675",0,1,0,"bridge",6.51340492418667e-06,1,1,"Canada (Province of Canada)","Colony of",10,0.091578947368421,1,NA,"Fiji","Colony of",8,0,20055.8375130712,NA
"950","200","200-950",0.236139730365138,"0.00003197297117950086",0,1,0,"bridge",3.19729711795009e-05,1,1,"United Kingdom","Sovereign",0,0.0678787878787879,1,NA,"Fiji","Colony of",8,0,98450,NA
"950","750","750-950",0.377887398471533,"0.000012026318900437747",0,1,0,"bridge",1.20263189004377e-05,1,1,"India","Colony of",9,0.135294117647059,1,NA,"Fiji","Colony of",8,0,37031,NA
"950","900","900-950",3.42011114773079,"0.00013571738714097196",1,0,0,"8",0.000135717387140972,1,1,"Australia","Colony of",8,0.0941379310344827,1,NA,"Fiji","Colony of",8,0,417896,NA
"950","955","950-955",2.13069605316333,"8.898521181496429e-8",1,0,0,"8",8.89852118149643e-08,1,1,"Tonga (Haʻapai)","Protectorate of",8,0,1,NA,"Fiji","Colony of",8,0,274,NA
"960","220","220-960",2.1382932249782,"0.00010297694705348954|0.0000028531951441294167",1,0,0,"2",0.00010297694705349,1,1,"France","Sovereign",2,0.0421153846153846,1,1,"French Polynesia","Colony of",2,0,317082.837891399,8785.45382481173
"983","900","900-983",3.73699707980013,"0.000006792429580693351",1,0,0,"8",6.79242958069335e-06,1,1,"Australia","Colony of",8,0.0941379310344827,1,NA,"Marshall Is.","Protectorate of",8,0,20915,NA
"985","200","200-985",1.75680903255663,"6.138031033951917e-7",0,1,0,"bridge",6.13803103395192e-07,1,1,"United Kingdom","Sovereign",0,0.0678787878787879,1,NA,"Guam","Colony of",8,0.303333333333333,1890,NA
"985","840","840-985",2.62316051133583,"2.8979075579053916e-8",1,0,0,"8",2.89790755790539e-08,1,1,"Philippines","Colony of",8,0.576470588235294,1,NA,"Guam","Colony of",8,0.303333333333333,89.2313064913724,NA
"985","900","900-985",2.00988774479532,"1.3899879801753546e-7",0.35,0.65,0.91,"bridge",1.38998798017535e-07,1,1,"Australia","Colony of",8,0.0941379310344827,1,NA,"Guam","Colony of",8,0.303333333333333,428,NA
"990","255","255-990",2.0874516024908,"0.000004769855283999942",0,1,0,"bridge",4.76985528399994e-06,1,1,"Germany (Zollverein)","Sovereign",0,0.0642307692307692,1,NA,"Samoa (Western Samoa) (German Samoa)","Colony of",8,0,14687.1634191716,NA
"990","955","955-990",6.87168803194989,"2.7604901475445125e-7",1,0,0,"8",2.76049014754451e-07,1,1,"Tonga (Haʻapai)","Protectorate of",8,0,1,NA,"Samoa (Western Samoa) (German Samoa)","Colony of",8,0,850,NA
