key,source,target,TIBI,proximity,maxObservedTradeValues,observedTradeValues,coMembershipScore,bridgeNessEdgeScore,ambiguityScore,maxObservedTradeValue,sourceCited,sourceReporting,sourceLabel,sourceGphStatus,sourceBlockLouvainTibi,sourceBlockLouvainProximity,sourceBlockLouvainMaxobservedtradevalues,sourceBlockIntraMax,sourceBlockAn,sourceMeanAmbiguityScore,targetCited,targetReporting,targetLabel,targetGphStatus,targetBlockLouvainTibi,targetBlockLouvainProximity,targetBlockLouvainMaxobservedtradevalues,targetBlockIntraMax,targetBlockAn,targetMeanAmbiguityScore
10-2,2,10,0.26641865882602855,0.17895721018841038,3294.3319569175173,3294.3319569175173,0,1,0,,,,United States of America,,3,4,3,3,AS,0.034503816793893125,,,Greenland,,1,0,2,4,WE,0.21600000000000003
10-200,10,200,0.7657811271413228,0.6483922858778054,8118,8118,0.9,0.09999999999999998,0.35999999999999993,,,,Greenland,,1,0,2,4,WE,0.21600000000000003,,,United Kingdom,,2,0,2,3,AS,0.05652694610778443
10-325,10,325,0.32407212710353794,0.19725424614309528,531,531,0.1,0.9,0.36000000000000004,,,,Greenland,,1,0,2,4,WE,0.21600000000000003,,,Italy,,1,0,1,4,WE,0.19471698113207533
10-385,10,385,1.540292487371331,3.301391502547759,2302.8203368965465,2302.8203368965465,0.1,0.9,0.36000000000000004,,,,Greenland,,1,0,2,4,WE,0.21600000000000003,,,Norway,,1,0,1,8,WE,0.0669767441860465
10-390,10,390,1.9958028331784536,62.21230720911508,96068.92638487225,96068.92638487225,1,0,0,,,,Greenland,,1,0,2,4,WE,0.21600000000000003,,,Denmark,,1,0,2,8,WE,0.20404040404040397
100-101,100,101,1.8976532748239978,16.663237844744618,1205057.3843810942,154200.43819838428|1205057.3843810942,0,1,0,,,,Colombia (New Granada) (Gran Colombia),,3,0,3,3,AS,0.03076923076923077,,,Venezuela,,3,3,5,3,AS,0
100-1055,100,1055,0.09369861864372209,0.049357556479092346,181,181,1,0,0,,,,Colombia (New Granada) (Gran Colombia),,3,0,3,3,AS,0.03076923076923077,,,Windward Is.,,3,4,3,1,AS,0.020000000000000004
100-1063,100,1063,0.0579398903834748,0.029959628029004648,75,75,0,1,0,,,,Colombia (New Granada) (Gran Colombia),,3,0,3,3,AS,0.03076923076923077,,,Leeward Is.,,3,4,2,1,AS,0
100-130,100,130,1.959323624729861,41.114175359202655,471665.97793166555,471665.97793166555|10954.889311679799,1,0,0,,,,Colombia (New Granada) (Gran Colombia),,3,0,3,3,AS,0.03076923076923077,,,Ecuador,,3,0,3,3,AS,0.02
100-135,100,135,1.478064105734327,2.8048915511827275,247665.40577209127,247665.40577209127|10914.533744542836,1,0,0,,,,Colombia (New Granada) (Gran Colombia),,3,0,3,3,AS,0.03076923076923077,,,Peru,,3,0,3,3,AS,0.03137254901960784
100-140,100,140,0.27333687831313147,0.1614427277412137,49571,49571|1583.132427122993,1,0,0,,,,Colombia (New Granada) (Gran Colombia),,3,0,3,3,AS,0.03076923076923077,,,Brazil,,0,0,3,3,AS,0.013913043478260868
100-155,100,155,0.25613809122321285,0.1486731235404124,18501.40042012604,18501.40042012604|604.715819802345,1,0,0,,,,Colombia (New Granada) (Gran Colombia),,3,0,3,3,AS,0.03076923076923077,,,Chile,,3,0,3,3,AS,0.04413793103448276
100-160,100,160,0.25455545955666314,0.1539855401179957,94377.87651805907,94377.87651805907|1500.602110542344,0,1,0,,,,Colombia (New Granada) (Gran Colombia),,3,0,3,3,AS,0.03076923076923077,,,Argentina (La Plata),,0,0,0,3,AS,0.14896551724137927
100-2,2,100,1.9023377632324885,6.548088330046444,19641230.77232237,9897408.573064066|19641230.77232237,1,0,0,,,,United States of America,,3,4,3,3,AS,0.034503816793893125,,,Colombia (New Granada) (Gran Colombia),,3,0,3,3,AS,0.03076923076923077
100-20,20,100,1.0713368179023592,1.198348157988251,1238335.6968792875,367279.61910989415|1238335.6968792875,1,0,0,,,,Canada (Province of Canada),,3,4,3,3,NAM,0.03476923076923077,,,Colombia (New Granada) (Gran Colombia),,3,0,3,3,AS,0.03076923076923077
100-200,100,200,1.1872491766345745,1.3919755657695092,3240655,3240655|1243232.5155181568,0,1,0,,,,Colombia (New Granada) (Gran Colombia),,3,0,3,3,AS,0.03076923076923077,,,United Kingdom,,2,0,2,3,AS,0.05652694610778443
100-205,100,205,0.08946679089622522,0.04750498754926169,7192,7192,0,1,0,,,,Colombia (New Granada) (Gran Colombia),,3,0,3,3,AS,0.03076923076923077,,,Ireland,,3,3,2,3,AS,0.017419354838709676
100-210,100,210,1.0980104304872784,1.238031922319171,1213775.628152933,192909.5183236969|1213775.628152933,0,1,0,,,,Colombia (New Granada) (Gran Colombia),,3,0,3,3,AS,0.03076923076923077,,,Netherlands,,5,5,1,6,AS,0.06528
100-211,100,211,0.5118115155498209,0.3537225760184868,352721.8635838527,352721.8635838527,0,1,0,,,,Colombia (New Granada) (Gran Colombia),,3,0,3,3,AS,0.03076923076923077,,,Belgium,,5,5,0,6,AS,0.05224489795918367
100-220,100,220,0.905116257632318,0.839844951457674,1095497.972532736,1095497.972532736|116508.99307341986,0,1,0,,,,Colombia (New Granada) (Gran Colombia),,3,0,3,3,AS,0.03076923076923077,,,France,,0,0,0,5,WE,0.039658119658119655
100-225,100,225,0.986566732021819,0.9779448049691046,261928.3366344719,261928.3366344719,0,1,0,,,,Colombia (New Granada) (Gran Colombia),,3,0,3,3,AS,0.03076923076923077,,,Switzerland,,1,0,1,5,WE,0.3393939393939395
100-230,100,230,0.5137959088278674,0.35082415341319506,103802.13681904407,91747.59340987424|103802.13681904407,0,1,0,,,,Colombia (New Granada) (Gran Colombia),,3,0,3,3,AS,0.03076923076923077,,,Spain,,0,0,0,1,AF,0.026168224299065415
100-255,100,255,1.1887435342753447,1.4016456688434356,2981897.5141193587,2981897.5141193587|555291.1625343526,0,1,0,,,,Colombia (New Granada) (Gran Colombia),,3,0,3,3,AS,0.03076923076923077,,,Germany (Zollverein),,1,0,1,8,WE,0.06266666666666668
100-30,30,100,0.05741972779834481,0.029687070919037883,243,243,1,0,0,,,,Bermuda,,3,4,3,3,AS,0,,,Colombia (New Granada) (Gran Colombia),,3,0,3,3,AS,0.03076923076923077
100-305,100,305,0.6107316688280464,0.44469447427937214,89664.23370242561,89664.23370242561|24.50159433315596,0,1,0,,,,Colombia (New Granada) (Gran Colombia),,3,0,3,3,AS,0.03076923076923077,,,Austria,,1,0,1,8,WE,0.08444444444444446
100-31,31,100,0.07072183462588333,0.03683452217197025,806,806,1,0,0,,,,Bahamas,,3,4,3,1,AS,0.02909090909090909,,,Colombia (New Granada) (Gran Colombia),,3,0,3,3,AS,0.03076923076923077
100-310,100,310,0.03847799277587871,0.01987294678100604,2332.0161786191225,2332.0161786191225,0,1,0,,,,Colombia (New Granada) (Gran Colombia),,3,0,3,3,AS,0.03076923076923077,,,Hungary,,1,0,1,8,WE,0.09393258426966293
100-325,100,325,1.2332383120482657,1.588334058323885,795060.1527022495,105171.75535269242|795060.1527022495,0,1,0,,,,Colombia (New Granada) (Gran Colombia),,3,0,3,3,AS,0.03076923076923077,,,Italy,,1,0,1,4,WE,0.19471698113207533
100-345,100,345,0.04062510834626587,0.02097975162616983,1946.862886524522,1946.862886524522,0,1,0,,,,Colombia (New Granada) (Gran Colombia),,3,0,3,3,AS,0.03076923076923077,,,"Yugoslavia (Kingdom of Serbs, Croats and Slovenes)",,1,0,1,3,NAM,0.0931578947368421
100-350,100,350,0.0001046398620951905,0.000052841729525687775,2.6645092196479148,2.6645092196479148,0,1,0,,,,Colombia (New Granada) (Gran Colombia),,3,0,3,3,AS,0.03076923076923077,,,Greece,,1,0,1,3,AS,0.11567567567567569
100-366,100,366,0.08210392732101446,0.04316347336244919,904.2107361266948,904.2107361266948,0,1,0,,,,Colombia (New Granada) (Gran Colombia),,3,0,3,3,AS,0.03076923076923077,,,Estonia,,1,0,1,8,EESU,0.06666666666666665
100-367,100,367,0.30219979315385026,0.17946583382875436,6308.669830949339,6308.669830949339,0,1,0,,,,Colombia (New Granada) (Gran Colombia),,3,0,3,3,AS,0.03076923076923077,,,Latvia,,1,0,1,8,EESU,0.08675324675324675
100-375,100,375,0.2806394795375122,0.1650655472832585,17511.44607053183,17511.44607053183|2771.7685959071055,0,1,0,,,,Colombia (New Granada) (Gran Colombia),,3,0,3,3,AS,0.03076923076923077,,,Finland,,1,0,1,8,EESU,0.07105263157894737
100-380,100,380,0.6017353126934056,0.4368568051190791,140784.4272737802,12077.021152988202|140784.4272737802,0,1,0,,,,Colombia (New Granada) (Gran Colombia),,3,0,3,3,AS,0.03076923076923077,,,Sweden,,1,0,1,8,WE,0.06709677419354838
100-385,100,385,0.6903854665526448,0.5317621328755974,68971.6179200638,68971.6179200638|17712.38784961407,0,1,0,,,,Colombia (New Granada) (Gran Colombia),,3,0,3,3,AS,0.03076923076923077,,,Norway,,1,0,1,8,WE,0.0669767441860465
100-390,100,390,0.42458549382840916,0.2740866726517459,78701.77493314477,78701.77493314477|18262.747191231938,0,1,0,,,,Colombia (New Granada) (Gran Colombia),,3,0,3,3,AS,0.03076923076923077,,,Denmark,,1,0,2,8,WE,0.20404040404040397
100-40,40,100,0.7487313472813905,0.6062884767940763,100931.33236705084,36064.90499410183|100931.33236705084,1,0,0,,,,Cuba,,3,3,3,3,LA,0.024242424242424242,,,Colombia (New Granada) (Gran Colombia),,3,0,3,3,AS,0.03076923076923077
100-41,41,100,0.32610915761836423,0.1962282516796121,2188.630650777993,2188.630650777993,0,1,0,,,,Haiti,,3,4,0,1,AS,0.027027027027027032,,,Colombia (New Granada) (Gran Colombia),,3,0,3,3,AS,0.03076923076923077
100-42,42,100,0.0891761119887774,0.04704285942243125,743.9013350214369,743.9013350214369,1,0,0,,,,Dominican Republic (Santo Domingo),,3,3,3,1,AS,0.037209302325581395,,,Colombia (New Granada) (Gran Colombia),,3,0,3,3,AS,0.03076923076923077
100-51,51,100,0.3044837994268179,0.18091635639435033,2687,2687|846,1,0,0,,,,Jamaica,,3,4,3,1,AS,0.011034482758620692,,,Colombia (New Granada) (Gran Colombia),,3,0,3,3,AS,0.03076923076923077
100-52,52,100,0.11567555466498036,0.06188608364978454,1186,1186|908,1,0,0,,,,Trinidad and Tobago,,3,4,3,1,AS,0.02684931506849315,,,Colombia (New Granada) (Gran Colombia),,3,0,3,3,AS,0.03076923076923077
100-53,53,100,0.14555483494376664,0.07882292364020849,596,596,1,0,0,,,,Barbados,,3,4,3,1,AS,0.01777777777777778,,,Colombia (New Granada) (Gran Colombia),,3,0,3,3,AS,0.03076923076923077
100-65,65,100,0.0010789853885219136,0.0005422240232627606,3,3,0,1,0,,,,Guadeloupe,,3,0,0,1,AS,0,,,Colombia (New Granada) (Gran Colombia),,3,0,3,3,AS,0.03076923076923077
100-651,100,651,0.0014427306437132525,0.0007336329427231059,130.2552727182767,130.2552727182767,0,1,0,,,,Colombia (New Granada) (Gran Colombia),,3,0,3,3,AS,0.03076923076923077,,,Egypt Arab Republic (Egypt),,1,0,1,3,AS,0.3750588235294118
100-66,66,100,0.002758981511492009,0.0013880073775180968,11,11,0,1,0,,,,Martinique,,3,4,0,1,AS,0,,,Colombia (New Granada) (Gran Colombia),,3,0,3,3,AS,0.03076923076923077
100-68,68,100,0.4347025029988816,0.2793080140915759,27633.47459703525,27633.47459703525,0,1,0,,,,Netherlands Antilles,,3,3,5,6,AS,0,,,Colombia (New Granada) (Gran Colombia),,3,0,3,3,AS,0.03076923076923077
100-70,70,100,0.012920405548973779,0.006611591177022702,1255.9340745896882,1255.9340745896882|0.8235830027951583,1,0,0,,,,Mexico,,3,4,3,3,LA,0.020253164556962026,,,Colombia (New Granada) (Gran Colombia),,3,0,3,3,AS,0.03076923076923077
100-710,100,710,0.012208888017552821,0.006309258302854448,2497,2497,0,1,0,,,,Colombia (New Granada) (Gran Colombia),,3,0,3,3,AS,0.03076923076923077,,,People's Republic of China (China),,4,1,4,3,AS,0.0496
100-740,100,740,0.33973830378796976,0.21133906039810824,136609,7.824038526554004|136609,0.6,0.4,0.96,,,,Colombia (New Granada) (Gran Colombia),,3,0,3,3,AS,0.03076923076923077,,,Japan,,4,1,4,3,AS,0.26739726027397276
100-750,100,750,0.06261195358363714,0.03374988958885927,25167.581678377992,25167.581678377992,0,1,0,,,,Colombia (New Granada) (Gran Colombia),,3,0,3,3,AS,0.03076923076923077,,,India,,4,0,2,1,AS,0.05248
100-800,100,800,0.007231510248748907,0.003664761650517434,184,184,0,1,0,,,,Colombia (New Granada) (Gran Colombia),,3,0,3,3,AS,0.03076923076923077,,,Thailand (Siam),,4,1,4,3,AS,0.03461538461538461
100-90,90,100,0.09954690649162035,0.052801016349330765,876.3818682447704,876.3818682447704,0.2,0.8,0.6400000000000001,,,,Guatemala,,3,0,1,5,WE,0.48756756756756775,,,Colombia (New Granada) (Gran Colombia),,3,0,3,3,AS,0.03076923076923077
100-900,100,900,0.0003304839735498444,0.00016983449839791387,68,68,0,1,0,,,,Colombia (New Granada) (Gran Colombia),,3,0,3,3,AS,0.03076923076923077,,,Australia,,2,0,2,1,AS,0.05283018867924528
100-920,100,920,0.00003278088254776712,0.00001665965593933283,3,3,0,1,0,,,,Colombia (New Granada) (Gran Colombia),,3,0,3,3,AS,0.03076923076923077,,,New Zealand,,2,0,2,1,AS,0.05431578947368421
100-93,93,100,0.2947424805750146,0.17407790086256236,1238.668836203918,1238.668836203918,1,0,0,,,,Nicaragua,,3,0,3,5,WE,0.020645161290322584,,,Colombia (New Granada) (Gran Colombia),,3,0,3,3,AS,0.03076923076923077
100-94,94,100,1.246077829210255,1.6554846105655856,20086.57142006264,20086.57142006264|4758.868485901124,0,1,0,,,,Costa Rica,,3,0,2,5,WE,0.01894736842105263,,,Colombia (New Granada) (Gran Colombia),,3,0,3,3,AS,0.03076923076923077
100-95,95,100,0.8187153469610317,0.6943070512843967,30376.417787844523,30376.417787844523,1,0,0,,,,Panama,,3,0,3,1,AS,0.021333333333333336,,,Colombia (New Granada) (Gran Colombia),,3,0,3,3,AS,0.03076923076923077
101-110,101,110,0.17497330105350162,0.09662206284962793,658.3333333333334,18.279424445938545|658.3333333333334,0,1,0,,,,Venezuela,,3,3,5,3,AS,0,,,Guyana (British Guiana),,3,4,3,3,AS,0.03404255319148936
101-120,101,120,1.8029181940191008,8.794900257107594,13832.755760067843,13832.755760067843,0,1,0,,,,Venezuela,,3,3,5,3,AS,0,,,French Guiana,,3,0,0,3,AS,0
101-130,101,130,0.09597507971611585,0.05081517201536212,498.2677084837745,427.8815884001911|498.2677084837745,0,1,0,,,,Venezuela,,3,3,5,3,AS,0,,,Ecuador,,3,0,3,3,AS,0.02
101-135,101,135,0.005612629108482814,0.0028482114375736334,214.955160188868,214.955160188868,0,1,0,,,,Venezuela,,3,3,5,3,AS,0,,,Peru,,3,0,3,3,AS,0.03137254901960784
101-145,101,145,0.0035706068679934866,0.001805246308470565,51.71205525864507,51.71205525864507,0,1,0,,,,Venezuela,,3,3,5,3,AS,0,,,Bolivia,,3,0,2,3,AS,0.021176470588235293
101-155,101,155,0.04385254876844413,0.022795553278046277,4131.149924782111,1033.9851955586676|4131.149924782111,0,1,0,,,,Venezuela,,3,3,5,3,AS,0,,,Chile,,3,0,3,3,AS,0.04413793103448276
101-160,101,160,0.026198380911614305,0.013776798115926914,7086.775141550973,1952.9180747731518|7086.775141550973,0,1,0,,,,Venezuela,,3,3,5,3,AS,0,,,Argentina (La Plata),,0,0,0,3,AS,0.14896551724137927
101-2,2,101,1.695339778139886,3.156700702786392,9235659.64121826,8582754.563898072|9235659.64121826,0,1,0,,,,United States of America,,3,4,3,3,AS,0.034503816793893125,,,Venezuela,,3,3,5,3,AS,0
101-20,20,101,0.6306589858711306,0.4748396572194644,366289.7952511341,22648.40557791401|366289.7952511341,0,1,0,,,,Canada (Province of Canada),,3,4,3,3,NAM,0.03476923076923077,,,Venezuela,,3,3,5,3,AS,0
101-200,101,200,1.1299746636952253,1.2612776143303654,2509795,359434.6610722269|2509795,0,1,0,,,,Venezuela,,3,3,5,3,AS,0,,,United Kingdom,,2,0,2,3,AS,0.05652694610778443
101-210,101,210,1.0868859411733474,1.1896796983596938,536971.4582057813,536971.4582057813|438530.10617276165,0,1,0,,,,Venezuela,,3,3,5,3,AS,0,,,Netherlands,,5,5,1,6,AS,0.06528
101-211,101,211,0.06764623862522268,0.03652504548042834,43116.57850359981,43116.57850359981,0,1,0,,,,Venezuela,,3,3,5,3,AS,0,,,Belgium,,5,5,0,6,AS,0.05224489795918367
101-220,101,220,0.7861025102127962,0.6663963363294076,881778.7338238904,742970.2744496685|881778.7338238904,0,1,0,,,,Venezuela,,3,3,5,3,AS,0,,,France,,0,0,0,5,WE,0.039658119658119655
101-225,101,225,0.9935638264620583,0.9922554908860414,227152.76481091967,227152.76481091967|177.03225197099178,0,1,0,,,,Venezuela,,3,3,5,3,AS,0,,,Switzerland,,1,0,1,5,WE,0.3393939393939395
101-230,101,230,1.3125392604389028,1.9011670920343862,819692.833605459,819692.833605459|161965.82501267773,0,1,0,,,,Venezuela,,3,3,5,3,AS,0,,,Spain,,0,0,0,1,AF,0.026168224299065415
101-231,101,231,0.031026415216671155,0.01583965642130103,184.42349750782782,184.42349750782782,0,1,0,,,,Venezuela,,3,3,5,3,AS,0,,,Gibraltar,,0,0,4,3,AS,0.056
101-255,101,255,0.9946014292153831,0.9952556480631303,1809737.142615203,1443891.4806753646|1809737.142615203,0,1,0,,,,Venezuela,,3,3,5,3,AS,0,,,Germany (Zollverein),,1,0,1,8,WE,0.06266666666666668
101-305,101,305,0.19315893245076865,0.10865712879602751,18725.87450144266,18725.87450144266,0,1,0,,,,Venezuela,,3,3,5,3,AS,0,,,Austria,,1,0,1,8,WE,0.08444444444444446
101-310,101,310,0.2050415979743384,0.11566640560026797,11601.199755458623,11601.199755458623,0,1,0,,,,Venezuela,,3,3,5,3,AS,0,,,Hungary,,1,0,1,8,WE,0.09393258426966293
101-325,101,325,1.0608888843624378,1.1312224930596948,483985.7185234332,146302.97380492743|483985.7185234332,0,1,0,,,,Venezuela,,3,3,5,3,AS,0,,,Italy,,1,0,1,4,WE,0.19471698113207533
101-345,101,345,0.00028419657602341,0.000143870149933778,11.411220446861384,11.411220446861384,0,1,0,,,,Venezuela,,3,3,5,3,AS,0,,,"Yugoslavia (Kingdom of Serbs, Croats and Slovenes)",,1,0,1,3,NAM,0.0931578947368421
101-366,101,366,0.20064070842444082,0.1124344203935348,2013.1629775468762,2013.1629775468762,0,1,0,,,,Venezuela,,3,3,5,3,AS,0,,,Estonia,,1,0,1,8,EESU,0.06666666666666665
101-367,101,367,0.006780613706823924,0.0034339507336804687,103.17546937147506,103.17546937147506,0,1,0,,,,Venezuela,,3,3,5,3,AS,0,,,Latvia,,1,0,1,8,EESU,0.08675324675324675
101-375,101,375,0.5317431077156292,0.3661111385710093,44567.26343103892,44567.26343103892|4105.958411056045,0,1,0,,,,Venezuela,,3,3,5,3,AS,0,,,Finland,,1,0,1,8,EESU,0.07105263157894737
101-380,101,380,0.31607578316580176,0.19151057302731433,52751.47945311251,12819.141805600935|52751.47945311251,0,1,0,,,,Venezuela,,3,3,5,3,AS,0,,,Sweden,,1,0,1,8,WE,0.06709677419354838
101-385,101,385,0.20475356582197368,0.11604397038745118,26358.538632932967,8042.449718424911|26358.538632932967,0,1,0,,,,Venezuela,,3,3,5,3,AS,0,,,Norway,,1,0,1,8,WE,0.0669767441860465
101-390,101,390,0.4374307628516997,0.2875682784289024,111277.61563322954,111277.61563322954|69028.93108661301,0,1,0,,,,Venezuela,,3,3,5,3,AS,0,,,Denmark,,1,0,2,8,WE,0.20404040404040397
101-40,40,101,0.9778166261676775,0.9655997430430756,190295.16654289712,190295.16654289712|3503.5220361817796,0,1,0,,,,Cuba,,3,3,3,3,LA,0.024242424242424242,,,Venezuela,,3,3,5,3,AS,0
101-41,41,101,0.00017135181912497632,0.00008639130951781926,0.8235830027951583,0.8235830027951583,0,1,0,,,,Haiti,,3,4,0,1,AS,0.027027027027027032,,,Venezuela,,3,3,5,3,AS,0
101-42,42,101,0.009022363332632288,0.004570046610493317,61.76872419220345,61.76872419220345|21.45845478436264,0,1,0,,,,Dominican Republic (Santo Domingo),,3,3,3,1,AS,0.037209302325581395,,,Venezuela,,3,3,5,3,AS,0
101-51,51,101,0.0012490511043392605,0.0006301932944585698,8,8,0,1,0,,,,Jamaica,,3,4,3,1,AS,0.011034482758620692,,,Venezuela,,3,3,5,3,AS,0
101-52,52,101,1.799977638517525,8.616300054702233,218235.3681401062,23395|218235.3681401062,0,1,0,,,,Trinidad and Tobago,,3,4,3,1,AS,0.02684931506849315,,,Venezuela,,3,3,5,3,AS,0
101-53,53,101,1.0568649880727352,1.1200677478869185,10025.86692980499,10025.86692980499,0,1,0,,,,Barbados,,3,4,3,1,AS,0.01777777777777778,,,Venezuela,,3,3,5,3,AS,0
101-560,101,560,0.0005563293914914169,0.00028423734376004095,67,67,0,1,0,,,,Venezuela,,3,3,5,3,AS,0,,,South Africa,,5,5,2,3,AS,0.05199999999999999
101-6,6,101,1.9076446819773216,18.77906377284801,128265.86697274733,128265.86697274733,0,1,0,,,,Puerto Rico,,3,3,3,4,WE,0,,,Venezuela,,3,3,5,3,AS,0
101-640,101,640,0.00297174639277209,0.001504529184422343,170.87288069029512,170.87288069029512,0,1,0,,,,Venezuela,,3,3,5,3,AS,0,,,Turkey (Ottoman Empire),,1,0,1,3,AS,0.08153846153846155
101-65,65,101,0.13164708244038004,0.07080865275188553,463.78078849684516,463.78078849684516,0,1,0,,,,Guadeloupe,,3,0,0,1,AS,0,,,Venezuela,,3,3,5,3,AS,0
101-651,101,651,0.003199393903644765,0.001628792536805923,247.17732854413134,247.17732854413134,0,1,0,,,,Venezuela,,3,3,5,3,AS,0,,,Egypt Arab Republic (Egypt),,1,0,1,3,AS,0.3750588235294118
101-66,66,101,0.9499321919883346,0.9053951529074553,8494.21011275226,8494.21011275226,0,1,0,,,,Martinique,,3,4,0,1,AS,0,,,Venezuela,,3,3,5,3,AS,0
101-68,68,101,1.9982990044218618,147.15733608304458,17235264.00158935,17235264.00158935,1,0,0,,,,Netherlands Antilles,,3,3,5,6,AS,0,,,Venezuela,,3,3,5,3,AS,0
101-70,70,101,0.022761500908711874,0.011708158540867819,1900.9724459156232,1900.9724459156232,0,1,0,,,,Mexico,,3,4,3,3,LA,0.020253164556962026,,,Venezuela,,3,3,5,3,AS,0
101-710,101,710,0.0045062218784509556,0.0023206147425408608,785,785,0,1,0,,,,Venezuela,,3,3,5,3,AS,0,,,People's Republic of China (China),,4,1,4,3,AS,0.0496
101-740,101,740,0.13940016189995885,0.0777676559427759,42966,42966,0,1,0,,,,Venezuela,,3,3,5,3,AS,0,,,Japan,,4,1,4,3,AS,0.26739726027397276
101-750,101,750,0.012128398135070051,0.006380447835305891,4066.7424406988343,4066.7424406988343,0,1,0,,,,Venezuela,,3,3,5,3,AS,0,,,India,,4,0,2,1,AS,0.05248
101-800,101,800,0.0026262134043150143,0.0013282395001309455,57,57,0,1,0,,,,Venezuela,,3,3,5,3,AS,0,,,Thailand (Siam),,4,1,4,3,AS,0.03461538461538461
101-90,90,101,0.019126506622792916,0.009716808230805452,198.68939615150595,198.68939615150595,0,1,0,,,,Guatemala,,3,0,1,5,WE,0.48756756756756775,,,Venezuela,,3,3,5,3,AS,0
101-92,92,101,0.5524309700734003,0.3831014072497432,5436.1418787052025,5436.1418787052025,0,1,0,,,,El Salvador,,3,0,1,5,WE,0.061111111111111116,,,Venezuela,,3,3,5,3,AS,0
101-94,94,101,0.04240266147939087,0.021839013709408328,226.48532203807932,226.48532203807932|198.68939615150595,0,1,0,,,,Costa Rica,,3,0,2,5,WE,0.01894736842105263,,,Venezuela,,3,3,5,3,AS,0
101-95,95,101,0.21779301516841232,0.12291159947180763,6365.92877693579,6365.92877693579,0,1,0,,,,Panama,,3,0,3,1,AS,0.021333333333333336,,,Venezuela,,3,3,5,3,AS,0
1029-2,2,1029,0.5452692816481266,0.41854413102125476,99859.43744406225,99859.43744406225,1,0,0,,,,United States of America,,3,4,3,3,AS,0.034503816793893125,,,St. Pierre and Miquelon,,0,4,3,8,WE,0
1029-20,20,1029,1.8659558701067134,8.865145529799596,557669.7045240918,557669.7045240918,1,0,0,,,,Canada (Province of Canada),,3,4,3,3,NAM,0.03476923076923077,,,St. Pierre and Miquelon,,0,4,3,8,WE,0
1029-200,200,1029,1.5498535793971362,2.69478837599754,437286,437286,0,1,0,,,,United Kingdom,,2,0,2,3,AS,0.05652694610778443,,,St. Pierre and Miquelon,,0,4,3,8,WE,0
1029-210,210,1029,0.35448026091680873,0.21990175855564198,8094,8094,0,1,0,,,,Netherlands,,5,5,1,6,AS,0.06528,,,St. Pierre and Miquelon,,0,4,3,8,WE,0
1029-220,220,1029,1.6172696795167194,3.5047473836459835,318646.3174892715,318646.3174892715,0,1,0,,,,France,,0,0,0,5,WE,0.039658119658119655,,,St. Pierre and Miquelon,,0,4,3,8,WE,0
1029-230,230,1029,0.030401426288123923,0.015635074077262834,285,285,0,1,0,,,,Spain,,0,0,0,1,AF,0.026168224299065415,,,St. Pierre and Miquelon,,0,4,3,8,WE,0
1029-325,325,1029,0.2951990664544133,0.17675678260719008,6167,6167,0,1,0,,,,Italy,,1,0,1,4,WE,0.19471698113207533,,,St. Pierre and Miquelon,,0,4,3,8,WE,0
1029-385,385,1029,0.008534995866110173,0.004313917940489298,39,39,0,1,0,,,,Norway,,1,0,1,8,WE,0.0669767441860465,,,St. Pierre and Miquelon,,0,4,3,8,WE,0
1029-615,615,1029,0.3904965307930761,0.24357107711530468,1718.2700158282234,1718.2700158282234,0,1,0,,,,Algeria (Regency of Algiers),,0,0,0,3,AS,0.029425287356321838,,,St. Pierre and Miquelon,,0,4,3,8,WE,0
1032-2,2,1032,1.5511400107496445,3.0986610965203716,12705,12705,1,0,0,,,,United States of America,,3,4,3,3,AS,0.034503816793893125,,,Turks and Caicos Is.,,3,4,3,3,LA,0
1032-20,20,1032,1.914892257112584,12.452006786600306,17589,17589,1,0,0,,,,Canada (Province of Canada),,3,4,3,3,NAM,0.03476923076923077,,,Turks and Caicos Is.,,3,4,3,3,LA,0
1032-200,200,1032,0.297014012178905,0.23464868387005566,1453,1453,0,1,0,,,,United Kingdom,,2,0,2,3,AS,0.05652694610778443,,,Turks and Caicos Is.,,3,4,3,3,LA,0
1032-21,21,1032,1.795878646884995,8.716690586584965,416,416,1,0,0,,,,Newfoundland and Labrador (Newfoundland),,3,4,3,5,AF,0,,,Turks and Caicos Is.,,3,4,3,3,LA,0
1032-31,31,1032,1.9996670441277886,4967.932029663871,766,68|766,1,0,0,,,,Bahamas,,3,4,3,1,AS,0.02909090909090909,,,Turks and Caicos Is.,,3,4,3,3,LA,0
1032-41,41,1032,1.9822491860925022,107.36120028618988,1388,1388,0,1,0,,,,Haiti,,3,4,0,1,AS,0.027027027027027032,,,Turks and Caicos Is.,,3,4,3,3,LA,0
1032-51,51,1032,1.9996014740459902,1083.1716427751835,1376,1376|309,1,0,0,,,,Jamaica,,3,4,3,1,AS,0.011034482758620692,,,Turks and Caicos Is.,,3,4,3,3,LA,0
1032-53,53,1032,1.992935897599093,269.98899352167626,17,17,1,0,0,,,,Barbados,,3,4,3,1,AS,0.01777777777777778,,,Turks and Caicos Is.,,3,4,3,3,LA,0
1033-2,2,1033,1.449316403757012,2.5787642388520085,3646,3646,1,0,0,,,,United States of America,,3,4,3,3,AS,0.034503816793893125,,,Cayman Is.,,3,4,3,3,LA,0
1033-200,200,1033,0.34795709403802844,0.2809954729294035,600,600,0,1,0,,,,United Kingdom,,2,0,2,3,AS,0.05652694610778443,,,Cayman Is.,,3,4,3,3,LA,0
1033-40,40,1033,0.6115965094105442,0.4460365992794112,35,35,1,0,0,,,,Cuba,,3,3,3,3,LA,0.024242424242424242,,,Cayman Is.,,3,4,3,3,LA,0
1033-51,51,1033,1.9996527367064738,1113.9516106200986,8027,8027|3308,1,0,0,,,,Jamaica,,3,4,3,1,AS,0.011034482758620692,,,Cayman Is.,,3,4,3,3,LA,0
1033-91,91,1033,1.9933545301811817,242.08634371614653,793.4195693688779,793.4195693688779,1,0,0,,,,Honduras,,3,4,3,5,WE,0.025600000000000005,,,Cayman Is.,,3,4,3,3,LA,0
1055-1063,1055,1063,1.8840302589308364,16.19700810019538,1063,1063,0,1,0,,,,Windward Is.,,3,4,3,1,AS,0.020000000000000004,,,Leeward Is.,,3,4,2,1,AS,0
1055-110,110,1055,1.9416418250340481,32.71794516507797,11304,1088|11304,1,0,0,,,,Guyana (British Guiana),,3,4,3,3,AS,0.03404255319148936,,,Windward Is.,,3,4,3,1,AS,0.020000000000000004
1055-115,115,1055,0.8781718400998699,0.7828378543559983,48,48,0.2,0.8,0.6400000000000001,,,,Surinam (Dutch Guiana),,5,4,1,6,AS,0.35500000000000004,,,Windward Is.,,3,4,3,1,AS,0.020000000000000004
1055-2,2,1055,1.5291095793565428,2.975222115485374,233963,233963|209414,1,0,0,,,,United States of America,,3,4,3,3,AS,0.034503816793893125,,,Windward Is.,,3,4,3,1,AS,0.020000000000000004
1055-20,20,1055,1.6591463354281637,4.158579724984582,162667,98352|162667,1,0,0,,,,Canada (Province of Canada),,3,4,3,3,NAM,0.03476923076923077,,,Windward Is.,,3,4,3,1,AS,0.020000000000000004
1055-200,200,1055,1.5830287507553709,2.881493120891559,290751.3486004962,269261|290751.3486004962,0,1,0,,,,United Kingdom,,2,0,2,3,AS,0.05652694610778443,,,Windward Is.,,3,4,3,1,AS,0.020000000000000004
1055-205,205,1055,0.1593367085915376,0.08717312091657103,572,572,0,1,0,,,,Ireland,,3,3,2,3,AS,0.017419354838709676,,,Windward Is.,,3,4,3,1,AS,0.020000000000000004
1055-21,21,1055,1.824066512139224,10.24710033494775,10308,10308,1,0,0,,,,Newfoundland and Labrador (Newfoundland),,3,4,3,5,AF,0,,,Windward Is.,,3,4,3,1,AS,0.020000000000000004
1055-210,210,1055,0.4064996872695953,0.2601423684786829,5954,5697|5954,0,1,0,,,,Netherlands,,5,5,1,6,AS,0.06528,,,Windward Is.,,3,4,3,1,AS,0.020000000000000004
1055-220,220,1055,1.4257547503721004,2.268746473340716,128263,3595|128263,0,1,0,,,,France,,0,0,0,5,WE,0.039658119658119655,,,Windward Is.,,3,4,3,1,AS,0.020000000000000004
1055-230,230,1055,0.016410894448110724,0.008381378347940283,95,95,0,1,0,,,,Spain,,0,0,0,1,AF,0.026168224299065415,,,Windward Is.,,3,4,3,1,AS,0.020000000000000004
1055-255,255,1055,0.13429859136459033,0.07966975586678249,7346,1276|7346,0,1,0,,,,Germany (Zollverein),,1,0,1,8,WE,0.06266666666666668,,,Windward Is.,,3,4,3,1,AS,0.020000000000000004
1055-30,30,1055,1.7729604475700507,7.786887629070339,1671,1671|32,1,0,0,,,,Bermuda,,3,4,3,3,AS,0,,,Windward Is.,,3,4,3,1,AS,0.020000000000000004
1055-305,305,1055,0.03735719549781957,0.019224223610989633,168,168,0,1,0,,,,Austria,,1,0,1,8,WE,0.08444444444444446,,,Windward Is.,,3,4,3,1,AS,0.020000000000000004
1055-31,31,1055,0.23650498798266728,0.13422614120861998,77,77,1,0,0,,,,Bahamas,,3,4,3,1,AS,0.02909090909090909,,,Windward Is.,,3,4,3,1,AS,0.020000000000000004
1055-40,40,1055,0.04223212465966053,0.02176510302901158,171,171,1,0,0,,,,Cuba,,3,3,3,3,LA,0.024242424242424242,,,Windward Is.,,3,4,3,1,AS,0.020000000000000004
1055-42,42,1055,0.32888907901391184,0.19697412415347226,135,135,1,0,0,,,,Dominican Republic (Santo Domingo),,3,3,3,1,AS,0.037209302325581395,,,Windward Is.,,3,4,3,1,AS,0.020000000000000004
1055-5,5,1055,0.7071876415686089,0.5470615620738488,30,30,1,0,0,,,,Virgin Islands (Danish West Indies),,3,3,3,3,LA,0,,,Windward Is.,,3,4,3,1,AS,0.020000000000000004
1055-51,51,1055,1.2546929928196717,1.6835113113070073,1043,1043|150,1,0,0,,,,Jamaica,,3,4,3,1,AS,0.011034482758620692,,,Windward Is.,,3,4,3,1,AS,0.020000000000000004
1055-52,52,1055,1.9738467383780387,70.68856664169563,39650,39650|16360,1,0,0,,,,Trinidad and Tobago,,3,4,3,1,AS,0.02684931506849315,,,Windward Is.,,3,4,3,1,AS,0.020000000000000004
1055-53,53,1055,1.9849475870375777,126.94212524313518,22405,22405|18036,1,0,0,,,,Barbados,,3,4,3,1,AS,0.01777777777777778,,,Windward Is.,,3,4,3,1,AS,0.020000000000000004
1055-560,560,1055,0,,0,0,0,1,0,,,,South Africa,,5,5,2,3,AS,0.05199999999999999,,,Windward Is.,,3,4,3,1,AS,0.020000000000000004
1055-615,615,1055,0,,0,0,0,1,0,,,,Algeria (Regency of Algiers),,0,0,0,3,AS,0.029425287356321838,,,Windward Is.,,3,4,3,1,AS,0.020000000000000004
1055-65,65,1055,0.18736512407202122,0.10341300085204852,15,15,0,1,0,,,,Guadeloupe,,3,0,0,1,AS,0,,,Windward Is.,,3,4,3,1,AS,0.020000000000000004
1055-66,66,1055,1.8643688715104392,13.678848646192215,2842,2842,0,1,0,,,,Martinique,,3,4,0,1,AS,0,,,Windward Is.,,3,4,3,1,AS,0.020000000000000004
1055-68,68,1055,0.6251886672784102,0.4557133578598368,1182,1182,0,1,0,,,,Netherlands Antilles,,3,3,5,6,AS,0,,,Windward Is.,,3,4,3,1,AS,0.020000000000000004
1055-750,750,1055,0.9073683892886272,0.8357040171324708,27010,27010,0,1,0,,,,India,,4,0,2,1,AS,0.05248,,,Windward Is.,,3,4,3,1,AS,0.020000000000000004
1055-780,780,1055,0.06341533180252079,0.03289324733796695,128,128,0,1,0,,,,Sri Lanka (Ceylon),,4,0,2,1,AS,0.03645569620253165,,,Windward Is.,,3,4,3,1,AS,0.020000000000000004
1055-840,840,1055,0.0008440942237661897,0.00042457945946383635,2,2,1,0,0,,,,Philippines,,4,1,3,3,AS,0.024,,,Windward Is.,,3,4,3,1,AS,0.020000000000000004
1055-900,900,1055,0.17821234113324746,0.10152765791042184,1300,1300,0,1,0,,,,Australia,,2,0,2,1,AS,0.05283018867924528,,,Windward Is.,,3,4,3,1,AS,0.020000000000000004
1055-920,920,1055,0.0015224989470555839,0.0007687640384999028,6,6,0,1,0,,,,New Zealand,,2,0,2,1,AS,0.05431578947368421,,,Windward Is.,,3,4,3,1,AS,0.020000000000000004
1063-110,110,1063,1.9056245560805318,20.008011392229594,4719,4719,0,1,0,,,,Guyana (British Guiana),,3,4,3,3,AS,0.03404255319148936,,,Leeward Is.,,3,4,2,1,AS,0
1063-2,2,1063,1.1721491708112912,1.607265264766014,105773,105773|87427,0,1,0,,,,United States of America,,3,4,3,3,AS,0.034503816793893125,,,Leeward Is.,,3,4,2,1,AS,0
1063-20,20,1063,1.4649305452738708,2.5432308175130296,67911,67911,0,1,0,,,,Canada (Province of Canada),,3,4,3,3,NAM,0.03476923076923077,,,Leeward Is.,,3,4,2,1,AS,0
1063-200,200,1063,1.8310654897138714,5.120008902452281,412845,412845|352675.0929721603,1,0,0,,,,United Kingdom,,2,0,2,3,AS,0.05652694610778443,,,Leeward Is.,,3,4,2,1,AS,0
1063-205,205,1063,0.10021700547466317,0.05313290975842533,238,238,1,0,0,,,,Ireland,,3,3,2,3,AS,0.017419354838709676,,,Leeward Is.,,3,4,2,1,AS,0
1063-21,21,1063,1.974863825254659,70.84862854534516,54270,54270|4303,0,1,0,,,,Newfoundland and Labrador (Newfoundland),,3,4,3,5,AF,0,,,Leeward Is.,,3,4,2,1,AS,0
1063-210,210,1063,0.26924258617719665,0.15904818960738487,2485,2485,0,1,0,,,,Netherlands,,5,5,1,6,AS,0.06528,,,Leeward Is.,,3,4,2,1,AS,0
1063-220,220,1063,1.1752132638968782,1.3874578398336426,53547,53547,0,1,0,,,,France,,0,0,0,5,WE,0.039658119658119655,,,Leeward Is.,,3,4,2,1,AS,0
1063-230,230,1063,0.009901585367505183,0.005040301605084285,39,39,0,1,0,,,,Spain,,0,0,0,1,AF,0.026168224299065415,,,Leeward Is.,,3,4,2,1,AS,0
1063-255,255,1063,0.08408014563656718,0.04872551248424284,3067,3067,0,1,0,,,,Germany (Zollverein),,1,0,1,8,WE,0.06266666666666668,,,Leeward Is.,,3,4,2,1,AS,0
1063-30,30,1063,0.9345411294248044,0.8772178360933325,13,13,0,1,0,,,,Bermuda,,3,4,3,3,AS,0,,,Leeward Is.,,3,4,2,1,AS,0
1063-305,305,1063,0.022968364525149054,0.011733771996367492,70,70,0,1,0,,,,Austria,,1,0,1,8,WE,0.08444444444444446,,,Leeward Is.,,3,4,2,1,AS,0
1063-40,40,1063,0.025900422779430388,0.013238020306433285,71,71,0,1,0,,,,Cuba,,3,3,3,3,LA,0.024242424242424242,,,Leeward Is.,,3,4,2,1,AS,0
1063-42,42,1063,0.024175940426531817,0.012247471304881352,5.730215350362222,5.730215350362222,0,1,0,,,,Dominican Republic (Santo Domingo),,3,3,3,1,AS,0.037209302325581395,,,Leeward Is.,,3,4,2,1,AS,0
1063-51,51,1063,0.6210099093829786,0.4505805799257103,198,198,0,1,0,,,,Jamaica,,3,4,3,1,AS,0.011034482758620692,,,Leeward Is.,,3,4,2,1,AS,0
1063-52,52,1063,1.8482902132801446,12.045535943902456,6830,6830,0,1,0,,,,Trinidad and Tobago,,3,4,3,1,AS,0.02684931506849315,,,Leeward Is.,,3,4,2,1,AS,0
1063-53,53,1063,1.9827681178906906,111.83435974594441,10847,10847,0,1,0,,,,Barbados,,3,4,3,1,AS,0.01777777777777778,,,Leeward Is.,,3,4,2,1,AS,0
1063-560,560,1063,0,,0,0,1,0,0,,,,South Africa,,5,5,2,3,AS,0.05199999999999999,,,Leeward Is.,,3,4,2,1,AS,0
1063-615,615,1063,0,,0,0,0,1,0,,,,Algeria (Regency of Algiers),,0,0,0,3,AS,0.029425287356321838,,,Leeward Is.,,3,4,2,1,AS,0
1063-750,750,1063,0.6682166409848069,0.5110731321735772,11276,11276,1,0,0,,,,India,,4,0,2,1,AS,0.05248,,,Leeward Is.,,3,4,2,1,AS,0
1063-780,780,1063,0.03895055563788452,0.019951370239552624,53,53,1,0,0,,,,Sri Lanka (Ceylon),,4,0,2,1,AS,0.03645569620253165,,,Leeward Is.,,3,4,2,1,AS,0
1063-840,840,1063,0,,0,0,0,1,0,,,,Philippines,,4,1,3,3,AS,0.024,,,Leeward Is.,,3,4,2,1,AS,0
1063-920,920,1063,0.0007437564613177461,0.0003753806501338719,2,2,1,0,0,,,,New Zealand,,2,0,2,1,AS,0.05431578947368421,,,Leeward Is.,,3,4,2,1,AS,0
11-200,11,200,1.7758184441112854,4.435702374894165,257258,257258,0.9,0.09999999999999998,0.35999999999999993,,,,Faeroe Is.,,1,0,2,1,WE,0.21600000000000003,,,United Kingdom,,2,0,2,3,AS,0.05652694610778443
11-380,11,380,1.5519472755906576,3.334079919303,26766.82274690184,26766.82274690184,0.1,0.9,0.36000000000000004,,,,Faeroe Is.,,1,0,2,1,WE,0.21600000000000003,,,Sweden,,1,0,1,8,WE,0.06709677419354838
11-385,11,385,1.805011084084704,8.7924108247833,28409.676096024956,28409.676096024956,0.1,0.9,0.36000000000000004,,,,Faeroe Is.,,1,0,2,1,WE,0.21600000000000003,,,Norway,,1,0,1,8,WE,0.0669767441860465
11-390,11,390,1.9487382679000782,25.008669636174332,178892.65182080044,178892.65182080044,1,0,0,,,,Faeroe Is.,,1,0,2,1,WE,0.21600000000000003,,,Denmark,,1,0,2,8,WE,0.20404040404040397
11-395,11,395,1.9740645553512879,72.79679758792643,19683.747178329573,19683.747178329573,0,1,0,,,,Faeroe Is.,,1,0,2,1,WE,0.21600000000000003,,,Iceland,,1,0,0,8,EESU,0.04
110-115,110,115,1.9248130774341141,25.303264254567218,5575.625,5575.625,0.2,0.8,0.6400000000000001,,,,Guyana (British Guiana),,3,4,3,3,AS,0.03404255319148936,,,Surinam (Dutch Guiana),,5,4,1,6,AS,0.35500000000000004
110-120,110,120,1.8943119056820592,17.791861790195064,2227.0833333333335,2227.0833333333335,0,1,0,,,,Guyana (British Guiana),,3,4,3,3,AS,0.03404255319148936,,,French Guiana,,3,0,0,3,AS,0
110-2,2,110,0.7692527303315885,0.6671008265060461,224014.5730703912,180257.5|224014.5730703912,1,0,0,,,,United States of America,,3,4,3,3,AS,0.034503816793893125,,,Guyana (British Guiana),,3,4,3,3,AS,0.03404255319148936
110-20,20,110,1.8672550520769193,9.528401495548119,927676.6666666667,927676.6666666667|457416.7313743921,1,0,0,,,,Canada (Province of Canada),,3,4,3,3,NAM,0.03476923076923077,,,Guyana (British Guiana),,3,4,3,3,AS,0.03404255319148936
110-200,110,200,1.7974981474305798,4.6848335415152,1069971,797899.375|1069971,0,1,0,,,,Guyana (British Guiana),,3,4,3,3,AS,0.03404255319148936,,,United Kingdom,,2,0,2,3,AS,0.05652694610778443
110-21,21,110,0.838297768164604,0.7227765286028046,2377.5,2377.5,1,0,0,,,,Newfoundland and Labrador (Newfoundland),,3,4,3,5,AF,0,,,Guyana (British Guiana),,3,4,3,3,AS,0.03404255319148936
110-210,110,210,1.219498246903895,1.569390488158907,144963.5416666667,144963.5416666667|6324,0,1,0,,,,Guyana (British Guiana),,3,4,3,3,AS,0.03404255319148936,,,Netherlands,,5,5,1,6,AS,0.06528
110-211,110,211,1.2707228810961584,1.6939562610024292,159145,159145,0,1,0,,,,Guyana (British Guiana),,3,4,3,3,AS,0.03404255319148936,,,Belgium,,5,5,0,6,AS,0.05224489795918367
110-220,110,220,1.0333365327091946,1.0646946698546764,136243,136243,0,1,0,,,,Guyana (British Guiana),,3,4,3,3,AS,0.03404255319148936,,,France,,0,0,0,5,WE,0.039658119658119655
110-230,110,230,0.05471856074907855,0.02889998279910433,991.6666666666667,991.6666666666667|101,0,1,0,,,,Guyana (British Guiana),,3,4,3,3,AS,0.03404255319148936,,,Spain,,0,0,0,1,AF,0.026168224299065415
110-255,110,255,0.06505099750902865,0.037392640250503706,7804,7804,0,1,0,,,,Guyana (British Guiana),,3,4,3,3,AS,0.03404255319148936,,,Germany (Zollverein),,1,0,1,8,WE,0.06266666666666668
110-30,30,110,1.550691523233185,3.4454428190488406,2657.0833333333335,2657.0833333333335,1,0,0,,,,Bermuda,,3,4,3,3,AS,0,,,Guyana (British Guiana),,3,4,3,3,AS,0.03404255319148936
110-31,31,110,1.9231063215354984,24.29975215166765,50096,50096,1,0,0,,,,Bahamas,,3,4,3,1,AS,0.02909090909090909,,,Guyana (British Guiana),,3,4,3,3,AS,0.03404255319148936
110-352,110,352,0,,0,0,0,1,0,,,,Guyana (British Guiana),,3,4,3,3,AS,0.03404255319148936,,,Cyprus,,1,0,1,3,AS,0.3379310344827586
110-366,110,366,0.04701865642584835,0.024116211603506743,49.56088078648144,49.56088078648144,0,1,0,,,,Guyana (British Guiana),,3,4,3,3,AS,0.03404255319148936,,,Estonia,,1,0,1,8,EESU,0.06666666666666665
110-367,110,367,0.011304818789626636,0.005698265743256603,19.650579968788055,19.650579968788055,0,1,0,,,,Guyana (British Guiana),,3,4,3,3,AS,0.03404255319148936,,,Latvia,,1,0,1,8,EESU,0.08675324675324675
110-380,110,380,0.0734684604094028,0.038747520767588695,1225,1225,0,1,0,,,,Guyana (British Guiana),,3,4,3,3,AS,0.03404255319148936,,,Sweden,,1,0,1,8,WE,0.06709677419354838
110-385,110,385,0.6132634321528729,0.44698991592175075,8080.416666666667,8080.416666666667|34.05917607364583,0,1,0,,,,Guyana (British Guiana),,3,4,3,3,AS,0.03404255319148936,,,Norway,,1,0,1,8,WE,0.0669767441860465
110-390,110,390,0.052141196964620384,0.027157398871352934,765,765,0,1,0,,,,Guyana (British Guiana),,3,4,3,3,AS,0.03404255319148936,,,Denmark,,1,0,2,8,WE,0.20404040404040397
110-402,110,402,0.02254948027968029,0.011408959243833117,3,3,0,1,0,,,,Guyana (British Guiana),,3,4,3,3,AS,0.03404255319148936,,,Cape Verde,,5,5,2,6,AS,0.05466666666666666
110-403,110,403,0.2635472547487906,0.15185050552156787,26,26,0,1,0,,,,Guyana (British Guiana),,3,4,3,3,AS,0.03404255319148936,,,Sao Tome-Principe,,5,5,1,6,AS,0.45333333333333325
110-404,110,404,0.024786432615213516,0.012555983555750383,4,4,0,1,0,,,,Guyana (British Guiana),,3,4,3,3,AS,0.03404255319148936,,,Guinea-Bissau (Portuguese Guinea),,5,5,2,6,AS,0.36666666666666675
110-420,110,420,0,,0,0,1,0,0,,,,Guyana (British Guiana),,3,4,3,3,AS,0.03404255319148936,,,Gambia,,5,0,3,1,AS,0
110-452,110,452,0.003746926710427867,0.0018819482582584923,2,2,0,1,0,,,,Guyana (British Guiana),,3,4,3,3,AS,0.03404255319148936,,,Ghana (Gold Coast),,5,0,1,1,AS,0.05499999999999999
110-475,110,475,0,,0,0,0,1,0,,,,Guyana (British Guiana),,3,4,3,3,AS,0.03404255319148936,,,Nigeria,,5,0,2,3,AS,0.02918918918918919
110-51,51,110,1.9210098175343506,23.62848820808459,52608,510|52608,1,0,0,,,,Jamaica,,3,4,3,1,AS,0.011034482758620692,,,Guyana (British Guiana),,3,4,3,3,AS,0.03404255319148936
110-52,52,110,1.9331837570541635,28.020517584554305,56483,37920|56483,1,0,0,,,,Trinidad and Tobago,,3,4,3,1,AS,0.02684931506849315,,,Guyana (British Guiana),,3,4,3,3,AS,0.03404255319148936
110-53,53,110,1.9635645940298425,52.049083613442704,37079,9759|37079,1,0,0,,,,Barbados,,3,4,3,1,AS,0.01777777777777778,,,Guyana (British Guiana),,3,4,3,3,AS,0.03404255319148936
110-540,110,540,0.157065595364139,0.08530588437013953,40,40,0,1,0,,,,Guyana (British Guiana),,3,4,3,3,AS,0.03404255319148936,,,Angola,,5,5,0,6,AS,0.2853333333333333
110-541,110,541,0.012551159584262228,0.006329458727136528,23,23,0,1,0,,,,Guyana (British Guiana),,3,4,3,3,AS,0.03404255319148936,,,Mozambique (Portuguese East Africa),,5,5,2,6,AS,0.06285714285714285
110-615,110,615,0,,0,0,0,1,0,,,,Guyana (British Guiana),,3,4,3,3,AS,0.03404255319148936,,,Algeria (Regency of Algiers),,0,0,0,3,AS,0.029425287356321838
110-65,65,110,1.7378128529754235,6.606925934164511,3444,3444,0,1,0,,,,Guadeloupe,,3,0,0,1,AS,0,,,Guyana (British Guiana),,3,4,3,3,AS,0.03404255319148936
110-651,110,651,0.00011665902186797084,0.000058884155056171394,1.025632068647848,1.025632068647848,0,1,0,,,,Guyana (British Guiana),,3,4,3,3,AS,0.03404255319148936,,,Egypt Arab Republic (Egypt),,1,0,1,3,AS,0.3750588235294118
110-66,66,110,1.8677642214311256,14.002382001876454,10455,10455,0,1,0,,,,Martinique,,3,4,0,1,AS,0,,,Guyana (British Guiana),,3,4,3,3,AS,0.03404255319148936
110-68,68,110,0.24666098392818436,0.14118752838341786,1316.0416666666667,1316.0416666666667,0,1,0,,,,Netherlands Antilles,,3,3,5,6,AS,0,,,Guyana (British Guiana),,3,4,3,3,AS,0.03404255319148936
110-710,110,710,0.0050357731720820365,0.002575627833732108,100,100,0,1,0,,,,Guyana (British Guiana),,3,4,3,3,AS,0.03404255319148936,,,People's Republic of China (China),,4,1,4,3,AS,0.0496
110-720,110,720,0.0011968426196254933,0.000604261573778353,12.916666666666668,12.916666666666668,0,1,0,,,,Guyana (British Guiana),,3,4,3,3,AS,0.03404255319148936,,,Hong Kong,,4,1,4,8,EESU,0.09517241379310344
110-721,110,721,0,,0,0,0,1,0,,,,Guyana (British Guiana),,3,4,3,3,AS,0.03404255319148936,,,Macao,,5,1,4,6,AS,0
110-740,110,740,0.15493381238643766,0.08652841814825807,5487,5487,0.6,0.4,0.96,,,,Guyana (British Guiana),,3,4,3,3,AS,0.03404255319148936,,,Japan,,4,1,4,3,AS,0.26739726027397276
110-750,110,750,0.8385023526266671,0.7296372837969722,53376.83322990928,53376.83322990928,0,1,0,,,,Guyana (British Guiana),,3,4,3,3,AS,0.03404255319148936,,,India,,4,0,2,1,AS,0.05248
110-752,110,752,0.0889857672880704,0.04658623967033748,4,4,0,1,0,,,,Guyana (British Guiana),,3,4,3,3,AS,0.03404255319148936,,,Portuguese India,,5,9,2,6,AS,0.0911111111111111
110-800,110,800,0.0028293989012434517,0.0014211806812458594,7,7,0,1,0,,,,Guyana (British Guiana),,3,4,3,3,AS,0.03404255319148936,,,Thailand (Siam),,4,1,4,3,AS,0.03461538461538461
110-860,110,860,0,,0,0,0,1,0,,,,Guyana (British Guiana),,3,4,3,3,AS,0.03404255319148936,,,East Timor (Portuguese Timor),,5,5,1,6,AS,0.12695652173913044
110-900,110,900,0.005274468909681529,0.0026986478062710484,106,106,0,1,0,,,,Guyana (British Guiana),,3,4,3,3,AS,0.03404255319148936,,,Australia,,2,0,2,1,AS,0.05283018867924528
115-120,115,120,0.23056771458803227,0.13031925939275124,2,2,0,1,0,,,,Surinam (Dutch Guiana),,5,4,1,6,AS,0.35500000000000004,,,French Guiana,,3,0,0,3,AS,0
115-160,115,160,0.19961061494172383,0.1138497680606666,1894,1894,0,1,0,,,,Surinam (Dutch Guiana),,5,4,1,6,AS,0.35500000000000004,,,Argentina (La Plata),,0,0,0,3,AS,0.14896551724137927
115-2,2,115,1.411080911413759,1.9431971151648841,183864.90234545895,183864.90234545895,0.2,0.8,0.6400000000000001,,,,United States of America,,3,4,3,3,AS,0.034503816793893125,,,Surinam (Dutch Guiana),,5,4,1,6,AS,0.35500000000000004
115-20,20,115,1.0063568492337394,1.0122240969339253,25252.360129143,25252.360129143,0.2,0.8,0.6400000000000001,,,,Canada (Province of Canada),,3,4,3,3,NAM,0.03476923076923077,,,Surinam (Dutch Guiana),,5,4,1,6,AS,0.35500000000000004
115-200,115,200,1.1695963265316613,1.3460251641262804,86622,86622,0,1,0,,,,Surinam (Dutch Guiana),,5,4,1,6,AS,0.35500000000000004,,,United Kingdom,,2,0,2,3,AS,0.05652694610778443
115-210,115,210,1.9203275829094775,15.101860198837473,220444.39599270292,220444.39599270292,0.8,0.19999999999999996,0.6399999999999999,,,,Surinam (Dutch Guiana),,5,4,1,6,AS,0.35500000000000004,,,Netherlands,,5,5,1,6,AS,0.06528
115-230,115,230,0.6157850746397092,0.4480556018755101,3239,3239,0,1,0,,,,Surinam (Dutch Guiana),,5,4,1,6,AS,0.35500000000000004,,,Spain,,0,0,0,1,AF,0.026168224299065415
115-338,115,338,0,,0,0,0,1,0,,,,Surinam (Dutch Guiana),,5,4,1,6,AS,0.35500000000000004,,,Malta,,1,0,2,3,AS,0.008999999999999998
115-345,115,345,0.9157705125391608,0.8452337528192478,2168.131884903663,2168.131884903663,0.8,0.19999999999999996,0.6399999999999999,,,,Surinam (Dutch Guiana),,5,4,1,6,AS,0.35500000000000004,,,"Yugoslavia (Kingdom of Serbs, Croats and Slovenes)",,1,0,1,3,NAM,0.0931578947368421
115-375,115,375,0.007878039093107692,0.003975430217217912,11.657986561822725,11.657986561822725,0.8,0.19999999999999996,0.6399999999999999,,,,Surinam (Dutch Guiana),,5,4,1,6,AS,0.35500000000000004,,,Finland,,1,0,1,8,EESU,0.07105263157894737
115-380,115,380,0.5033837213116675,0.33991201547883265,3028,3028,0.8,0.19999999999999996,0.6399999999999999,,,,Surinam (Dutch Guiana),,5,4,1,6,AS,0.35500000000000004,,,Sweden,,1,0,1,8,WE,0.06709677419354838
115-385,115,385,0.6678612470591456,0.5029533280262014,1803.2441554546933,1803.2441554546933,0.8,0.19999999999999996,0.6399999999999999,,,,Surinam (Dutch Guiana),,5,4,1,6,AS,0.35500000000000004,,,Norway,,1,0,1,8,WE,0.0669767441860465
115-390,115,390,0.3817832325327064,0.2384954865656822,1893,1893,0.1,0.9,0.36000000000000004,,,,Surinam (Dutch Guiana),,5,4,1,6,AS,0.35500000000000004,,,Denmark,,1,0,2,8,WE,0.20404040404040397
115-403,115,403,1.7173583463683955,6.069660844560792,411,411,0.7,0.30000000000000004,0.8400000000000001,,,,Surinam (Dutch Guiana),,5,4,1,6,AS,0.35500000000000004,,,Sao Tome-Principe,,5,5,1,6,AS,0.45333333333333325
115-404,115,404,1.34251329471853,2.0415564594608084,76,76,0.1,0.9,0.36000000000000004,,,,Surinam (Dutch Guiana),,5,4,1,6,AS,0.35500000000000004,,,Guinea-Bissau (Portuguese Guinea),,5,5,2,6,AS,0.36666666666666675
115-430,115,430,1.1811357161162728,1.441529352473802,1052,1052,0,1,0,,,,Surinam (Dutch Guiana),,5,4,1,6,AS,0.35500000000000004,,,French West Africa,,5,0,0,1,AS,0
115-461,115,461,0.9055916427654024,0.827496382390713,40,40,0,1,0,,,,Surinam (Dutch Guiana),,5,4,1,6,AS,0.35500000000000004,,,Togo (French Togoland),,5,0,0,1,AS,0
115-471,115,471,1.4148395949341026,2.4169293040486854,252,252,0,1,0,,,,Surinam (Dutch Guiana),,5,4,1,6,AS,0.35500000000000004,,,Cameroun (French Cameroon),,0,5,0,1,AS,0
115-480,115,480,1.3044630522912215,1.875069904613383,168,168,0,1,0,,,,Surinam (Dutch Guiana),,5,4,1,6,AS,0.35500000000000004,,,French Equatorial Africa,,5,5,0,1,AF,0.048
115-52,52,115,1.832358850844411,10.820333624770432,5732,5732,0.2,0.8,0.6400000000000001,,,,Trinidad and Tobago,,3,4,3,1,AS,0.02684931506849315,,,Surinam (Dutch Guiana),,5,4,1,6,AS,0.35500000000000004
115-53,53,115,0.8923087912468914,0.8055964085413573,73,73,0.2,0.8,0.6400000000000001,,,,Barbados,,3,4,3,1,AS,0.01777777777777778,,,Surinam (Dutch Guiana),,5,4,1,6,AS,0.35500000000000004
115-541,115,541,0.8028273658429541,0.6707103410113084,151,151,0,1,0,,,,Surinam (Dutch Guiana),,5,4,1,6,AS,0.35500000000000004,,,Mozambique (Portuguese East Africa),,5,5,2,6,AS,0.06285714285714285
115-580,115,580,0.10222126825651912,0.053893235077257184,15,15,0,1,0,,,,Surinam (Dutch Guiana),,5,4,1,6,AS,0.35500000000000004,,,Madagascar (Malagasy Republic),,0,0,0,5,AF,0.020000000000000004
115-630,115,630,0.004869097815032641,0.002445986852815829,3,3,0.8,0.19999999999999996,0.6399999999999999,,,,Surinam (Dutch Guiana),,5,4,1,6,AS,0.35500000000000004,,,Iran (Persia),,1,6,1,3,AS,0.07904761904761903
115-652,115,652,0.5511216443438051,0.3804309360979208,29,29,0.7,0.30000000000000004,0.8400000000000001,,,,Surinam (Dutch Guiana),,5,4,1,6,AS,0.35500000000000004,,,Syria,,1,0,1,4,ME,0.5333333333333332
115-710,115,710,0.04333987884362511,0.02257786530232231,247,247,0,1,0,,,,Surinam (Dutch Guiana),,5,4,1,6,AS,0.35500000000000004,,,People's Republic of China (China),,4,1,4,3,AS,0.0496
115-740,115,740,0.8592703362078324,0.7591828993681627,13565,13565,0.2,0.8,0.6400000000000001,,,,Surinam (Dutch Guiana),,5,4,1,6,AS,0.35500000000000004,,,Japan,,4,1,4,3,AS,0.26739726027397276
115-750,115,750,0.6047180195469277,0.44253941696738486,9122.102140904675,9122.102140904675,0,1,0,,,,Surinam (Dutch Guiana),,5,4,1,6,AS,0.35500000000000004,,,India,,4,0,2,1,AS,0.05248
115-800,115,800,0.02554377510388861,0.012969599794696252,18,18,0,1,0,,,,Surinam (Dutch Guiana),,5,4,1,6,AS,0.35500000000000004,,,Thailand (Siam),,4,1,4,3,AS,0.03461538461538461
115-860,115,860,1.8911467702570892,17.341588680406907,220,220,0.8,0.19999999999999996,0.6399999999999999,,,,Surinam (Dutch Guiana),,5,4,1,6,AS,0.35500000000000004,,,East Timor (Portuguese Timor),,5,5,1,6,AS,0.12695652173913044
1163-140,140,1163,1.8835033565574337,13.851662165633943,844429,844429|66,0,1,0,,,,Brazil,,0,0,3,3,AS,0.013913043478260868,,,Falkland Is.,,0,0,0,3,AS,0.01636363636363636
1163-155,155,1163,1.4199949894696138,2.4287259168039568,6802.065619685905,6802.065619685905,0,1,0,,,,Chile,,3,0,3,3,AS,0.04413793103448276,,,Falkland Is.,,0,0,0,3,AS,0.01636363636363636
1163-160,160,1163,0.26457132695613195,0.16046893682332763,20335,20335,0.9,0.09999999999999998,0.35999999999999993,,,,Argentina (La Plata),,0,0,0,3,AS,0.14896551724137927,,,Falkland Is.,,0,0,0,3,AS,0.01636363636363636
1163-165,165,1163,1.9683995906938687,49.48991448711777,952810,952810|588.2441597464418,1,0,0,,,,Uruguay,,0,0,0,3,AS,0.04622222222222221,,,Falkland Is.,,0,0,0,3,AS,0.01636363636363636
1163-2,2,1163,0.25221050912425147,0.19656580602285367,121906,121906|1029.4787365367242,0,1,0,,,,United States of America,,3,4,3,3,AS,0.034503816793893125,,,Falkland Is.,,0,0,0,3,AS,0.01636363636363636
1163-20,20,1163,0.005424278118686843,0.0028470728786188504,57.82827250807144,57.82827250807144,0,1,0,,,,Canada (Province of Canada),,3,4,3,3,NAM,0.03476923076923077,,,Falkland Is.,,0,0,0,3,AS,0.01636363636363636
1163-200,200,1163,1.9819826752040628,8.227015860604784,1429588,1429588|431056,0,1,0,,,,United Kingdom,,2,0,2,3,AS,0.05652694610778443,,,Falkland Is.,,0,0,0,3,AS,0.01636363636363636
1163-210,210,1163,0.1341191271757678,0.07370876872650722,876,876,0,1,0,,,,Netherlands,,5,5,1,6,AS,0.06528,,,Falkland Is.,,0,0,0,3,AS,0.01636363636363636
1163-220,220,1163,0.7711980927543741,0.6434033806163707,18888,18888,1,0,0,,,,France,,0,0,0,5,WE,0.039658119658119655,,,Falkland Is.,,0,0,0,3,AS,0.01636363636363636
1163-230,230,1163,1.9382237055964127,21.95753398602359,1653459,1653459|14,1,0,0,,,,Spain,,0,0,0,1,AF,0.026168224299065415,,,Falkland Is.,,0,0,0,3,AS,0.01636363636363636
1163-255,255,1163,0.03972067728033779,0.022577770127429897,1081,1081,0,1,0,,,,Germany (Zollverein),,1,0,1,8,WE,0.06266666666666668,,,Falkland Is.,,0,0,0,3,AS,0.01636363636363636
1163-352,352,1163,0,,0,0,0,1,0,,,,Cyprus,,1,0,1,3,AS,0.3379310344827586,,,Falkland Is.,,0,0,0,3,AS,0.01636363636363636
1163-380,380,1163,0.04481695932201757,0.023301346505168574,169,169,0,1,0,,,,Sweden,,1,0,1,8,WE,0.06709677419354838,,,Falkland Is.,,0,0,0,3,AS,0.01636363636363636
1163-385,385,1163,1.8203153926593187,9.485467943913045,376302,376302|33.18731551590956,0,1,0,,,,Norway,,1,0,1,8,WE,0.0669767441860465,,,Falkland Is.,,0,0,0,3,AS,0.01636363636363636
1163-390,390,1163,0.03180945642198696,0.016402841321563888,106,106,0,1,0,,,,Denmark,,1,0,2,8,WE,0.20404040404040397,,,Falkland Is.,,0,0,0,3,AS,0.01636363636363636
1163-52,52,1163,0.13790909487756364,0.07419388558022033,32,32,0,1,0,,,,Trinidad and Tobago,,3,4,3,1,AS,0.02684931506849315,,,Falkland Is.,,0,0,0,3,AS,0.01636363636363636
1163-560,560,1163,0.003963648264288522,0.0020146564550276302,12.504273504273504,12.504273504273504,0,1,0,,,,South Africa,,5,5,2,3,AS,0.05199999999999999,,,Falkland Is.,,0,0,0,3,AS,0.01636363636363636
1163-615,615,1163,0,,0,0,1,0,0,,,,Algeria (Regency of Algiers),,0,0,0,3,AS,0.029425287356321838,,,Falkland Is.,,0,0,0,3,AS,0.01636363636363636
1163-710,710,1163,0.0028560342455261623,0.0014595297256486672,13,13,0,1,0,,,,People's Republic of China (China),,4,1,4,3,AS,0.0496,,,Falkland Is.,,0,0,0,3,AS,0.01636363636363636
1163-740,740,1163,0.09638283747784859,0.05224249128362357,760,760,0,1,0,,,,Japan,,4,1,4,3,AS,0.26739726027397276,,,Falkland Is.,,0,0,0,3,AS,0.01636363636363636
1163-780,780,1163,0.0638862045192029,0.03316814448797978,67.02110823443175,67.02110823443175,0,1,0,,,,Sri Lanka (Ceylon),,4,0,2,1,AS,0.03645569620253165,,,Falkland Is.,,0,0,0,3,AS,0.01636363636363636
1163-800,800,1163,0.0017624560687916624,0.0008849887252071476,1,1,0,1,0,,,,Thailand (Siam),,4,1,4,3,AS,0.03461538461538461,,,Falkland Is.,,0,0,0,3,AS,0.01636363636363636
120-140,120,140,0.2434455084518944,0.140413080842702,677,677,0,1,0,,,,French Guiana,,3,0,0,3,AS,0,,,Brazil,,0,0,3,3,AS,0.013913043478260868
120-2,2,120,0.7567185229446134,0.6512027915544513,35002.27704224862,35002.27704224862,0,1,0,,,,United States of America,,3,4,3,3,AS,0.034503816793893125,,,French Guiana,,3,0,0,3,AS,0
120-20,20,120,0.8611870038074053,0.7644438029143964,10833.503616821285,10833.503616821285,0,1,0,,,,Canada (Province of Canada),,3,4,3,3,NAM,0.03476923076923077,,,French Guiana,,3,0,0,3,AS,0
120-200,120,200,0.12217292769692079,0.07279001031364307,2661,2661|806.6995379475228,0,1,0,,,,French Guiana,,3,0,0,3,AS,0,,,United Kingdom,,2,0,2,3,AS,0.05652694610778443
120-210,120,210,0.36212704908984183,0.22563533089727517,1871,504.18721121720176|1871,0,1,0,,,,French Guiana,,3,0,0,3,AS,0,,,Netherlands,,5,5,1,6,AS,0.06528
120-220,120,220,1.9985176252285641,17.303054377529467,244429.9599980994,244429.9599980994|169406.9029689798,1,0,0,,,,French Guiana,,3,0,0,3,AS,0,,,France,,0,0,0,5,WE,0.039658119658119655
120-230,120,230,0.03077603078563318,0.015828372206561747,65,65,1,0,0,,,,French Guiana,,3,0,0,3,AS,0,,,Spain,,0,0,0,1,AF,0.026168224299065415
120-380,120,380,0.26340966446156,0.15374187625460323,778,778,0,1,0,,,,French Guiana,,3,0,0,3,AS,0,,,Sweden,,1,0,1,8,WE,0.06709677419354838
120-385,120,385,0.011016552482915665,0.005574269605670756,11.353058691215278,11.353058691215278,0,1,0,,,,French Guiana,,3,0,0,3,AS,0,,,Norway,,1,0,1,8,WE,0.0669767441860465
120-390,120,390,0.19238662102475124,0.10778733988096656,486,486,0,1,0,,,,French Guiana,,3,0,0,3,AS,0,,,Denmark,,1,0,2,8,WE,0.20404040404040397
120-52,52,120,1.1779036456053513,1.4322329936470126,431,431,0,1,0,,,,Trinidad and Tobago,,3,4,3,1,AS,0.02684931506849315,,,French Guiana,,3,0,0,3,AS,0
120-615,120,615,1.5389254932342618,3.299341609991654,5243.546996658898,5243.546996658898,1,0,0,,,,French Guiana,,3,0,0,3,AS,0,,,Algeria (Regency of Algiers),,0,0,0,3,AS,0.029425287356321838
120-68,68,120,0.009164865321964366,0.004621080818022594,3,3,0,1,0,,,,Netherlands Antilles,,3,3,5,6,AS,0,,,French Guiana,,3,0,0,3,AS,0
120-710,120,710,0.01969024694654875,0.010137442596012125,63,63,0,1,0,,,,French Guiana,,3,0,0,3,AS,0,,,People's Republic of China (China),,4,1,4,3,AS,0.0496
120-740,120,740,0.5034808957759774,0.3436410435846635,3488,3488,0,1,0,,,,French Guiana,,3,0,0,3,AS,0,,,Japan,,4,1,4,3,AS,0.26739726027397276
120-800,120,800,0.010070728927246475,0.005073597322292844,4,4,0,1,0,,,,French Guiana,,3,0,0,3,AS,0,,,Thailand (Siam),,4,1,4,3,AS,0.03461538461538461
120-850,120,850,0.2762284112736957,0.16474034192392073,296,296,0,1,0,,,,French Guiana,,3,0,0,3,AS,0,,,Indonesia (Dutch East Indies),,4,5,4,6,AS,0.08693333333333332
120-935,120,935,1.948922073687382,38.047715072702154,322.57558201574363,322.57558201574363,0,1,0,,,,French Guiana,,3,0,0,3,AS,0,,,Vanuatu (New Hebrides),,3,0,3,3,LA,0.252
130-135,130,135,1.907008420278196,19.662120339206663,131270.89265327077,57025.70975723145|131270.89265327077,1,0,0,,,,Ecuador,,3,0,3,3,AS,0.02,,,Peru,,3,0,3,3,AS,0.03137254901960784
130-145,130,145,1.3550492329999766,2.1017983780616962,4356.7540130234165,4356.7540130234165,0,1,0,,,,Ecuador,,3,0,3,3,AS,0.02,,,Bolivia,,3,0,2,3,AS,0.021176470588235293
130-150,130,150,0.1673780710091589,0.09142782156234674,86.47621386908483,86.47621386908483,0,1,0,,,,Ecuador,,3,0,3,3,AS,0.02,,,Paraguay,,0,0,0,3,AS,0.11999999999999998
130-155,130,155,1.7219822083371663,6.029861386544482,125159.90687318878,22173.927178153448|125159.90687318878,1,0,0,,,,Ecuador,,3,0,3,3,AS,0.02,,,Chile,,3,0,3,3,AS,0.04413793103448276
130-160,130,160,0.16543287957173436,0.09504181179039384,7898.160866709748,7898.160866709748|194.70023467942696,0,1,0,,,,Ecuador,,3,0,3,3,AS,0.02,,,Argentina (La Plata),,0,0,0,3,AS,0.14896551724137927
130-165,130,165,0.0694093454775081,0.03620367695474591,457.08855902230556,457.08855902230556,0,1,0,,,,Ecuador,,3,0,3,3,AS,0.02,,,Uruguay,,0,0,0,3,AS,0.04622222222222221
130-2,2,130,1.676491225728102,3.9413528870432244,1602951.9256819794,1241345.460515982|1602951.9256819794,1,0,0,,,,United States of America,,3,4,3,3,AS,0.034503816793893125,,,Ecuador,,3,0,3,3,AS,0.02
130-20,20,130,0.3748725724410974,0.23897334955136107,28581.879112346236,28581.879112346236|16.471659784587587,1,0,0,,,,Canada (Province of Canada),,3,4,3,3,NAM,0.03476923076923077,,,Ecuador,,3,0,3,3,AS,0.02
130-200,130,200,1.358738713379732,1.8804119698090136,580155,95671.51794383086|580155,0,1,0,,,,Ecuador,,3,0,3,3,AS,0.02,,,United Kingdom,,2,0,2,3,AS,0.05652694610778443
130-210,130,210,0.8525609865438638,0.7703855305050493,102408.42679572718,20754.517402163703|102408.42679572718,0,1,0,,,,Ecuador,,3,0,3,3,AS,0.02,,,Netherlands,,5,5,1,6,AS,0.06528
130-211,130,211,0.217264464986213,0.1261638913746166,17057.904729914673,17057.904729914673,0,1,0,,,,Ecuador,,3,0,3,3,AS,0.02,,,Belgium,,5,5,0,6,AS,0.05224489795918367
130-212,130,212,0.4513305973942505,0.2916791605257799,661.4832833554226,661.4832833554226,0,1,0,,,,Ecuador,,3,0,3,3,AS,0.02,,,Luxemburg,,1,0,1,3,AS,0.08769230769230771
130-220,130,220,0.9441468081608881,0.9611890311527784,194452.0616720026,137945.62098902639|194452.0616720026,0,1,0,,,,Ecuador,,3,0,3,3,AS,0.02,,,France,,0,0,0,5,WE,0.039658119658119655
130-225,130,225,0.761563606362155,0.6184966023532824,21953.0721671511,21953.0721671511|399.437749776249,0,1,0,,,,Ecuador,,3,0,3,3,AS,0.02,,,Switzerland,,1,0,1,5,WE,0.3393939393939395
130-230,130,230,1.6232821065500969,4.162701939750999,205562.19619670694,6542.07126734194|205562.19619670694,0,1,0,,,,Ecuador,,3,0,3,3,AS,0.02,,,Spain,,0,0,0,1,AF,0.026168224299065415
130-231,130,231,0.8176177572230712,0.691700054452123,922.4129479369049,922.4129479369049,0,1,0,,,,Ecuador,,3,0,3,3,AS,0.02,,,Gibraltar,,0,0,4,3,AS,0.056
130-255,130,255,1.1105285294050096,1.2177071448738181,343310.5690597946,343310.5690597946|208634.16074653252,0,1,0,,,,Ecuador,,3,0,3,3,AS,0.02,,,Germany (Zollverein),,1,0,1,8,WE,0.06266666666666668
130-305,130,305,0.4354261455973628,0.28053705772779347,7496.1383243796745,7496.1383243796745,0,1,0,,,,Ecuador,,3,0,3,3,AS,0.02,,,Austria,,1,0,1,8,WE,0.08444444444444446
130-310,130,310,0.08575696148317213,0.04508950340535789,701.1881817380485,701.1881817380485,0,1,0,,,,Ecuador,,3,0,3,3,AS,0.02,,,Hungary,,1,0,1,8,WE,0.09393258426966293
130-315,130,315,0.00037510050118472194,0.00019345665445935634,8.235829892293793,8.235829892293793,0,1,0,,,,Ecuador,,3,0,3,3,AS,0.02,,,Czechoslovakia,,1,0,1,8,EESU,0.08153846153846155
130-325,130,325,1.344752324082408,2.0339980231973485,224739.32610091305,224739.32610091305|126153.17773899916,0,1,0,,,,Ecuador,,3,0,3,3,AS,0.02,,,Italy,,1,0,1,4,WE,0.19471698113207533
130-345,130,345,0.0005088717472532256,0.00025696961365739845,4.117914946146897,4.117914946146897,0,1,0,,,,Ecuador,,3,0,3,3,AS,0.02,,,"Yugoslavia (Kingdom of Serbs, Croats and Slovenes)",,1,0,1,3,NAM,0.0931578947368421
130-366,130,366,0.6913293200109416,0.5289260714164915,1468.3787624128086,1468.3787624128086|378.8481750455145,0,1,0,,,,Ecuador,,3,0,3,3,AS,0.02,,,Estonia,,1,0,1,8,EESU,0.06666666666666665
130-375,130,375,0.1503755315578802,0.08176704870280616,1149.5655575608544,185.30617257661035|1149.5655575608544,0,1,0,,,,Ecuador,,3,0,3,3,AS,0.02,,,Finland,,1,0,1,8,EESU,0.07105263157894737
130-380,130,380,0.9545211574641781,0.914794686706415,39068.70287948731,24328.641501835868|39068.70287948731,0,1,0,,,,Ecuador,,3,0,3,3,AS,0.02,,,Sweden,,1,0,1,8,WE,0.06709677419354838
130-385,130,385,0.6665273201347475,0.501818350956512,8625.601515351293,8625.601515351293|1494.8031254513235,0,1,0,,,,Ecuador,,3,0,3,3,AS,0.02,,,Norway,,1,0,1,8,WE,0.0669767441860465
130-390,130,390,0.673534287740748,0.5183580124067589,22973.84748455354,22973.84748455354|3765,0,1,0,,,,Ecuador,,3,0,3,3,AS,0.02,,,Denmark,,1,0,2,8,WE,0.20404040404040397
130-40,40,130,1.508375757269894,3.0514184300548814,68876.24538925299,139.39142092707246|68876.24538925299,1,0,0,,,,Cuba,,3,3,3,3,LA,0.024242424242424242,,,Ecuador,,3,0,3,3,AS,0.02
130-42,42,130,0.033599965425963996,0.017119942487443973,37.06123451532207,37.06123451532207,1,0,0,,,,Dominican Republic (Santo Domingo),,3,3,3,1,AS,0.037209302325581395,,,Ecuador,,3,0,3,3,AS,0.02
130-52,52,130,0.15182740080110557,0.08233110815081601,238.83906687652,153|238.83906687652,1,0,0,,,,Trinidad and Tobago,,3,4,3,1,AS,0.02684931506849315,,,Ecuador,,3,0,3,3,AS,0.02
130-53,53,130,0.21490715187855625,0.12049912660531015,123.5374483844069,123.5374483844069,1,0,0,,,,Barbados,,3,4,3,1,AS,0.01777777777777778,,,Ecuador,,3,0,3,3,AS,0.02
130-651,130,651,0.002931259731082325,0.0014820545011282604,34.87149033402683,34.87149033402683,0,1,0,,,,Ecuador,,3,0,3,3,AS,0.02,,,Egypt Arab Republic (Egypt),,1,0,1,3,AS,0.3750588235294118
130-652,130,652,0.016155885449772533,0.008157424381894374,28.825404623028277,28.825404623028277,0,1,0,,,,Ecuador,,3,0,3,3,AS,0.02,,,Syria,,1,0,1,4,ME,0.5333333333333332
130-68,68,130,0.034249021710462624,0.01749762567247959,234.7211519303731,234.7211519303731,0,1,0,,,,Netherlands Antilles,,3,3,5,6,AS,0,,,Ecuador,,3,0,3,3,AS,0.02
130-70,70,130,0.027756221686826454,0.014217198853237911,357.90250300066504,357.90250300066504|12.35374483844069,1,0,0,,,,Mexico,,3,4,3,3,LA,0.020253164556962026,,,Ecuador,,3,0,3,3,AS,0.02
130-710,130,710,0.018253511143417334,0.009399761599421352,584.7439223528594,584.7439223528594|493,0,1,0,,,,Ecuador,,3,0,3,3,AS,0.02,,,People's Republic of China (China),,4,1,4,3,AS,0.0496
130-740,130,740,0.4707501806613307,0.31496961246613875,26981,2330.7398595191435|26981,0.6,0.4,0.96,,,,Ecuador,,3,0,3,3,AS,0.02,,,Japan,,4,1,4,3,AS,0.26739726027397276
130-750,130,750,0.44755291023090527,0.2962076881881758,29272.195891026873,29272.195891026873,0,1,0,,,,Ecuador,,3,0,3,3,AS,0.02,,,India,,4,0,2,1,AS,0.05248
130-800,130,800,0.010726225983869409,0.005410539426396133,36,36,0,1,0,,,,Ecuador,,3,0,3,3,AS,0.02,,,Thailand (Siam),,4,1,4,3,AS,0.03461538461538461
130-840,130,840,0.055880845806455914,0.029032870498474916,436.49898429157105,35.95969226722778|436.49898429157105,1,0,0,,,,Ecuador,,3,0,3,3,AS,0.02,,,Philippines,,4,1,3,3,AS,0.024
130-900,130,900,0.196901288569737,0.11335943368412493,7506.958946825793,7506.958946825793,0,1,0,,,,Ecuador,,3,0,3,3,AS,0.02,,,Australia,,2,0,2,1,AS,0.05283018867924528
130-92,92,130,0.18796597357071876,0.10388362826968,168.83451279202276,168.83451279202276,0,1,0,,,,El Salvador,,3,0,1,5,WE,0.061111111111111116,,,Ecuador,,3,0,3,3,AS,0.02
130-920,130,920,0.08817406293509233,0.046555284646753736,1111,1111|284.1361312841359,0,1,0,,,,Ecuador,,3,0,3,3,AS,0.02,,,New Zealand,,2,0,2,1,AS,0.05431578947368421
130-94,94,130,1.166216574023683,1.3989614156483166,2297.7965399499685,1.0294787365367242|2297.7965399499685,0,1,0,,,,Costa Rica,,3,0,2,5,WE,0.01894736842105263,,,Ecuador,,3,0,3,3,AS,0.02
130-95,95,130,1.2946210329047474,1.8319380093996398,10867.17754288166,10867.17754288166,1,0,0,,,,Panama,,3,0,3,1,AS,0.021333333333333336,,,Ecuador,,3,0,3,3,AS,0.02
130-96,96,130,1.8289841335220167,10.631271588511973,2170.1411766194146,2170.1411766194146,0,1,0,,,,Panama Canal Zone,,2,0,2,1,AS,0,,,Ecuador,,3,0,3,3,AS,0.02
135-140,135,140,1.7043868243759177,5.449038069306662,1676661.7796350196,1676661.7796350196|2155,1,0,0,,,,Peru,,3,0,3,3,AS,0.03137254901960784,,,Brazil,,0,0,3,3,AS,0.013913043478260868
135-145,135,145,1.8456591353722875,11.371143538744978,181418.8608674477,3289.477709367068|181418.8608674477,0,1,0,,,,Peru,,3,0,3,3,AS,0.03137254901960784,,,Bolivia,,3,0,2,3,AS,0.021176470588235293
135-155,135,155,1.8763533566673927,13.390621093744766,2139266.6975191836,161723.49204761427|2139266.6975191836,1,0,0,,,,Peru,,3,0,3,3,AS,0.03137254901960784,,,Chile,,3,0,3,3,AS,0.04413793103448276
135-160,135,160,1.5341542073075431,3.186142097526436,2037899.2796218423,2037899.2796218423|478841.3303845628,0,1,0,,,,Peru,,3,0,3,3,AS,0.03137254901960784,,,Argentina (La Plata),,0,0,0,3,AS,0.14896551724137927
135-165,135,165,0.7267393662111369,0.5744112241183231,55818.33709502118,55818.33709502118,0,1,0,,,,Peru,,3,0,3,3,AS,0.03137254901960784,,,Uruguay,,0,0,0,3,AS,0.04622222222222221
135-2,2,135,1.6041343995474382,2.9355749246495906,9189135.438156692,9189135.438156692|5352259.951254429,1,0,0,,,,United States of America,,3,4,3,3,AS,0.034503816793893125,,,Peru,,3,0,3,3,AS,0.03137254901960784
135-20,20,135,1.295944254203877,1.8543587041797107,1999753.3863097052,1999753.3863097052|267944.54207364423,1,0,0,,,,Canada (Province of Canada),,3,4,3,3,NAM,0.03476923076923077,,,Peru,,3,0,3,3,AS,0.03137254901960784
135-200,135,200,1.2225206641971376,1.4812314776591289,5057250.053763498,5057250.053763498|2006870,0,1,0,,,,Peru,,3,0,3,3,AS,0.03137254901960784,,,United Kingdom,,2,0,2,3,AS,0.05652694610778443
135-205,135,205,0.11342568804277287,0.06091524616322286,5367,5367,0,1,0,,,,Peru,,3,0,3,3,AS,0.03137254901960784,,,Ireland,,3,3,2,3,AS,0.017419354838709676
135-210,135,210,1.1074224951908347,1.2605158888117118,1289680.7225708652,63586.54933172864|1289680.7225708652,0,1,0,,,,Peru,,3,0,3,3,AS,0.03137254901960784,,,Netherlands,,5,5,1,6,AS,0.06528
135-211,135,211,0.6447155193526148,0.48652374912012464,506291.87754783634,506291.87754783634,0,1,0,,,,Peru,,3,0,3,3,AS,0.03137254901960784,,,Belgium,,5,5,0,6,AS,0.05224489795918367
135-220,135,220,0.7010776320308139,0.5589718902554018,424323.956960397,424323.956960397|346455.0089131445,0,1,0,,,,Peru,,3,0,3,3,AS,0.03137254901960784,,,France,,0,0,0,5,WE,0.039658119658119655
135-225,135,225,0.8789822313213735,0.7900393165869997,123143.63447107181,123143.63447107181,0,1,0,,,,Peru,,3,0,3,3,AS,0.03137254901960784,,,Switzerland,,1,0,1,5,WE,0.3393939393939395
135-230,135,230,0.869968051273122,0.7758105891902705,118074.47414632908,37247.36427088791|118074.47414632908,0,1,0,,,,Peru,,3,0,3,3,AS,0.03137254901960784,,,Spain,,0,0,0,1,AF,0.026168224299065415
135-235,135,235,0.06637074641315133,0.03462394500512089,2953.3685993765544,2953.3685993765544,0,1,0,,,,Peru,,3,0,3,3,AS,0.03137254901960784,,,Portugal,,5,5,0,6,WE,0.25612903225806444
135-255,135,255,1.0054187231986131,1.0140970136950316,1680806.049236822,1680806.049236822|1255535.7954186774,0,1,0,,,,Peru,,3,0,3,3,AS,0.03137254901960784,,,Germany (Zollverein),,1,0,1,8,WE,0.06266666666666668
135-305,135,305,0.2805596513523845,0.16550370412867021,19420.497357755838,19420.497357755838,0,1,0,,,,Peru,,3,0,3,3,AS,0.03137254901960784,,,Austria,,1,0,1,8,WE,0.08444444444444446
135-310,135,310,0.04125682459043922,0.021313348071995142,1455.512999880209,1455.512999880209,0,1,0,,,,Peru,,3,0,3,3,AS,0.03137254901960784,,,Hungary,,1,0,1,8,WE,0.09393258426966293
135-325,135,325,1.3277502075915169,1.934002701985473,563391.5609322363,25701.554344881242|563391.5609322363,0,1,0,,,,Peru,,3,0,3,3,AS,0.03137254901960784,,,Italy,,1,0,1,4,WE,0.19471698113207533
135-345,135,345,0.02477574710433028,0.012678071606580188,684.673226811683,684.673226811683,0,1,0,,,,Peru,,3,0,3,3,AS,0.03137254901960784,,,"Yugoslavia (Kingdom of Serbs, Croats and Slovenes)",,1,0,1,3,NAM,0.0931578947368421
135-366,135,366,0.8426077071082132,0.7317506640728031,8920.958541566659,8920.958541566659,0,1,0,,,,Peru,,3,0,3,3,AS,0.03137254901960784,,,Estonia,,1,0,1,8,EESU,0.06666666666666665
135-367,135,367,0.05912250840555311,0.030701031336740403,628.064294315547,628.064294315547,0,1,0,,,,Peru,,3,0,3,3,AS,0.03137254901960784,,,Latvia,,1,0,1,8,EESU,0.08675324675324675
135-375,135,375,0.31839941727077314,0.19126030833390373,11808.250236613578,11808.250236613578,0,1,0,,,,Peru,,3,0,3,3,AS,0.03137254901960784,,,Finland,,1,0,1,8,EESU,0.07105263157894737
135-380,135,380,0.7811386805286408,0.6477528715429723,121484.25133881545,72508.24637175456|121484.25133881545,0,1,0,,,,Peru,,3,0,3,3,AS,0.03137254901960784,,,Sweden,,1,0,1,8,WE,0.06709677419354838
135-385,135,385,0.6518914861733782,0.48959830411986915,98035.20112291917,36362.93013389087|98035.20112291917,0,1,0,,,,Peru,,3,0,3,3,AS,0.03137254901960784,,,Norway,,1,0,1,8,WE,0.0669767441860465
135-390,135,390,0.27671707974613424,0.16345799512700632,35744.325315544294,35744.325315544294|27314.791998444798,0,1,0,,,,Peru,,3,0,3,3,AS,0.03137254901960784,,,Denmark,,1,0,2,8,WE,0.20404040404040397
135-40,40,135,0.3011430208391207,0.18044147831095803,31348.039319037867,31348.039319037867,1,0,0,,,,Cuba,,3,3,3,3,LA,0.024242424242424242,,,Peru,,3,0,3,3,AS,0.03137254901960784
135-42,42,135,0.10719783421266915,0.056942425210227965,948.767603592245,948.767603592245,1,0,0,,,,Dominican Republic (Santo Domingo),,3,3,3,1,AS,0.037209302325581395,,,Peru,,3,0,3,3,AS,0.03137254901960784
135-51,51,135,0.4404170588313908,0.283659713192574,6995.513910514348,6995.513910514348,1,0,0,,,,Jamaica,,3,4,3,1,AS,0.011034482758620692,,,Peru,,3,0,3,3,AS,0.03137254901960784
135-52,52,135,0.09982043683489028,0.05290116070853246,590,590,1,0,0,,,,Trinidad and Tobago,,3,4,3,1,AS,0.02684931506849315,,,Peru,,3,0,3,3,AS,0.03137254901960784
135-651,135,651,0.0002737684756339842,0.00013896582741323993,14.35884896106987,14.35884896106987,0,1,0,,,,Peru,,3,0,3,3,AS,0.03137254901960784,,,Egypt Arab Republic (Egypt),,1,0,1,3,AS,0.3750588235294118
135-68,68,135,0.08285152763732917,0.04355325293838663,4496.763121192411,4496.763121192411,0,1,0,,,,Netherlands Antilles,,3,3,5,6,AS,0,,,Peru,,3,0,3,3,AS,0.03137254901960784
135-70,70,135,0.049592343630734614,0.025818239022883716,2854.188097279569,2854.188097279569|1.6471659784587587,1,0,0,,,,Mexico,,3,4,3,3,LA,0.020253164556962026,,,Peru,,3,0,3,3,AS,0.03137254901960784
135-710,135,710,0.037864707370513284,0.019794030547616637,4559,4559,0,1,0,,,,Peru,,3,0,3,3,AS,0.03137254901960784,,,People's Republic of China (China),,4,1,4,3,AS,0.0496
135-713,135,713,0.1092696228588319,0.05817319449520286,343.97161537434584,343.97161537434584,0,1,0,,,,Peru,,3,0,3,3,AS,0.03137254901960784,,,Republic of China (Taiwan) (Formosa),,4,1,4,2,ME,0.04
135-720,135,720,0.0032836520033739935,0.00166613925799719,394.49625184087273,394.49625184087273,0,1,0,,,,Peru,,3,0,3,3,AS,0.03137254901960784,,,Hong Kong,,4,1,4,8,EESU,0.09517241379310344
135-740,135,740,0.7848348966416802,0.6564474453051284,246941.80833250718,246941.80833250718|8200.41582375693,0.6,0.4,0.96,,,,Peru,,3,0,3,3,AS,0.03137254901960784,,,Japan,,4,1,4,3,AS,0.26739726027397276
135-750,135,750,0.7087303183260281,0.5609448855112172,243435.7989060897,243435.7989060897,0,1,0,,,,Peru,,3,0,3,3,AS,0.03137254901960784,,,India,,4,0,2,1,AS,0.05248
135-780,135,780,0.24652064651339778,0.14196445430792914,7417.797852420422,7417.797852420422,0,1,0,,,,Peru,,3,0,3,3,AS,0.03137254901960784,,,Sri Lanka (Ceylon),,4,0,2,1,AS,0.03645569620253165
135-800,135,800,0.02254409758168563,0.011499317547514099,336,336,0,1,0,,,,Peru,,3,0,3,3,AS,0.03137254901960784,,,Thailand (Siam),,4,1,4,3,AS,0.03461538461538461
135-90,90,135,1.5711729077381429,3.619036244185848,65236.00857685914,876.879135330621|65236.00857685914,0.2,0.8,0.6400000000000001,,,,Guatemala,,3,0,1,5,WE,0.48756756756756775,,,Peru,,3,0,3,3,AS,0.03137254901960784
135-900,135,900,0.936895568925915,0.887353780477851,206764,77.41680098756166|206764,0,1,0,,,,Peru,,3,0,3,3,AS,0.03137254901960784,,,Australia,,2,0,2,1,AS,0.05283018867924528
135-91,91,135,0.9523364781057914,0.9101434674435464,14983.445323050099,240.8981175974016|14983.445323050099,1,0,0,,,,Honduras,,3,4,3,5,WE,0.025600000000000005,,,Peru,,3,0,3,3,AS,0.03137254901960784
135-92,92,135,1.7805976362427824,7.854594065634572,98252.62703207573,98252.62703207573,0,1,0,,,,El Salvador,,3,0,1,5,WE,0.061111111111111116,,,Peru,,3,0,3,3,AS,0.03137254901960784
135-920,135,920,0.7118521059442373,0.5602157981683611,97826.83462664414,529|97826.83462664414,0,1,0,,,,Peru,,3,0,3,3,AS,0.03137254901960784,,,New Zealand,,2,0,2,1,AS,0.05431578947368421
135-93,93,135,1.7775407150326281,7.742773082770453,69922.19578557431,1806.117525129782|69922.19578557431,1,0,0,,,,Nicaragua,,3,0,3,5,WE,0.020645161290322584,,,Peru,,3,0,3,3,AS,0.03137254901960784
135-94,94,135,1.5488361093162368,3.427107410002661,41332.33589746563,24199.338972526853|41332.33589746563,0,1,0,,,,Costa Rica,,3,0,2,5,WE,0.01894736842105263,,,Peru,,3,0,3,3,AS,0.03137254901960784
135-95,95,135,1.2274581543244367,1.583291800535733,72289.17329661954,72289.17329661954,1,0,0,,,,Panama,,3,0,3,1,AS,0.021333333333333336,,,Peru,,3,0,3,3,AS,0.03137254901960784
140-145,140,145,0.8451184082575723,0.7455206532722617,87069.28654936778,87069.28654936778|2957,0,1,0,,,,Brazil,,0,0,3,3,AS,0.013913043478260868,,,Bolivia,,3,0,2,3,AS,0.021176470588235293
140-150,140,150,0.4631747279730848,0.30471589807875854,7714,343.9576281810205|7714,0,1,0,,,,Brazil,,0,0,3,3,AS,0.013913043478260868,,,Paraguay,,0,0,0,3,AS,0.11999999999999998
140-155,140,155,0.8747373228788475,0.7857618903299722,436531,54006.90207062119|436531,1,0,0,,,,Brazil,,0,0,3,3,AS,0.013913043478260868,,,Chile,,3,0,3,3,AS,0.04413793103448276
140-160,140,160,1.585110980790498,3.484717705922909,7308326.3798222765,6023656|7308326.3798222765,0,1,0,,,,Brazil,,0,0,3,3,AS,0.013913043478260868,,,Argentina (La Plata),,0,0,0,3,AS,0.14896551724137927
140-165,140,165,1.8178112530532067,8.606522261762592,2908316,2908316|568529.8475127834,0,1,0,,,,Brazil,,0,0,3,3,AS,0.013913043478260868,,,Uruguay,,0,0,0,3,AS,0.04622222222222221
140-2,2,140,1.654114492067872,3.677802064608145,40034071,40034071|22340306.270088837,1,0,0,,,,United States of America,,3,4,3,3,AS,0.034503816793893125,,,Brazil,,0,0,3,3,AS,0.013913043478260868
140-20,20,140,0.5320677014175319,0.38157642726985985,1200077.6492705056,180208|1200077.6492705056,1,0,0,,,,Canada (Province of Canada),,3,4,3,3,NAM,0.03476923076923077,,,Brazil,,0,0,3,3,AS,0.013913043478260868
140-200,140,200,1.281465264036303,1.6495969967789805,13383059,6176614|13383059,0,1,0,,,,Brazil,,0,0,3,3,AS,0.013913043478260868,,,United Kingdom,,2,0,2,3,AS,0.05652694610778443
140-205,140,205,0.031430733619273954,0.01651698357068354,8714,8714,0,1,0,,,,Brazil,,0,0,3,3,AS,0.013913043478260868,,,Ireland,,3,3,2,3,AS,0.017419354838709676
140-21,21,140,1.8154897459876589,8.995456386594839,727562,727562,1,0,0,,,,Newfoundland and Labrador (Newfoundland),,3,4,3,5,AF,0,,,Brazil,,0,0,3,3,AS,0.013913043478260868
140-210,140,210,1.1295944922778,1.3113191181445076,4665543,587824.1602070987|4665543,0,1,0,,,,Brazil,,0,0,3,3,AS,0.013913043478260868,,,Netherlands,,5,5,1,6,AS,0.06528
140-211,140,211,0.8380764791557606,0.7320441178659266,2649074,2649074,0,1,0,,,,Brazil,,0,0,3,3,AS,0.013913043478260868,,,Belgium,,5,5,0,6,AS,0.05224489795918367
140-220,140,220,1.3232946924693947,1.9482520814174078,10549093,3706784.3768688673|10549093,0,1,0,,,,Brazil,,0,0,3,3,AS,0.013913043478260868,,,France,,0,0,0,5,WE,0.039658119658119655
140-225,140,225,0.8939818857852478,0.824459041728352,769508.7719494699,769508.7719494699|608,0,1,0,,,,Brazil,,0,0,3,3,AS,0.013913043478260868,,,Switzerland,,1,0,1,5,WE,0.3393939393939395
140-230,140,230,0.929022430873369,0.8834776176256407,805150.5528843199,780004|805150.5528843199,0,1,0,,,,Brazil,,0,0,3,3,AS,0.013913043478260868,,,Spain,,0,0,0,1,AF,0.026168224299065415
140-231,140,231,0.5650864695889014,0.3975093725343706,14188,14188,0,1,0,,,,Brazil,,0,0,3,3,AS,0.013913043478260868,,,Gibraltar,,0,0,4,3,AS,0.056
140-235,140,235,1.7018702509039039,5.464250523410731,574588.4526558891,508469|574588.4526558891,0,1,0,,,,Brazil,,0,0,3,3,AS,0.013913043478260868,,,Portugal,,5,5,0,6,WE,0.25612903225806444
140-255,140,255,1.1799758660401065,1.3905641321288196,10309125.945195546,10309125.945195546|8305107,0,1,0,,,,Brazil,,0,0,3,3,AS,0.013913043478260868,,,Germany (Zollverein),,1,0,1,8,WE,0.06266666666666668
140-290,140,290,0.000016922817344444674,0.000008739179851557921,6,6,0,1,0,,,,Brazil,,0,0,3,3,AS,0.013913043478260868,,,Poland,,1,0,1,3,AS,0.07673469387755102
140-291,140,291,0.6952147041335165,0.5371973676970934,80931,80931,0,1,0,,,,Brazil,,0,0,3,3,AS,0.013913043478260868,,,Danzig (Free City of Danzig),,1,0,1,3,AS,0.05647058823529412
140-305,140,305,0.34996362461323227,0.21901337171154278,153887.90529238118,153887.90529238118,0,1,0,,,,Brazil,,0,0,3,3,AS,0.013913043478260868,,,Austria,,1,0,1,8,WE,0.08444444444444446
140-310,140,310,0.09888991005858405,0.053686188366461995,21953.724458553315,21953.724458553315,0,1,0,,,,Brazil,,0,0,3,3,AS,0.013913043478260868,,,Hungary,,1,0,1,8,WE,0.09393258426966293
140-315,140,315,0.595078621990115,0.4374198196177751,555558.4735438155,555558.4735438155,0,1,0,,,,Brazil,,0,0,3,3,AS,0.013913043478260868,,,Czechoslovakia,,1,0,1,8,EESU,0.08153846153846155
140-325,140,325,1.2099426147571235,1.525697652249104,4423065,4423065|2661355.959919243,0,1,0,,,,Brazil,,0,0,3,3,AS,0.013913043478260868,,,Italy,,1,0,1,4,WE,0.19471698113207533
140-338,140,338,0.9063503607893366,0.8429930603964044,30753,30753|2150,0,1,0,,,,Brazil,,0,0,3,3,AS,0.013913043478260868,,,Malta,,1,0,2,3,AS,0.008999999999999998
140-345,140,345,0.5240412726523338,0.36122158513569147,154930,154930|14879.325810290828,0,1,0,,,,Brazil,,0,0,3,3,AS,0.013913043478260868,,,"Yugoslavia (Kingdom of Serbs, Croats and Slovenes)",,1,0,1,3,NAM,0.0931578947368421
140-350,140,350,0.32456270155030886,0.19734813545539542,89941,5728.6948222430165|89941,0,1,0,,,,Brazil,,0,0,3,3,AS,0.013913043478260868,,,Greece,,1,0,1,3,AS,0.11567567567567569
140-352,140,352,0.533222486042086,0.3671835705382873,9071,9071,0,1,0,,,,Brazil,,0,0,3,3,AS,0.013913043478260868,,,Cyprus,,1,0,1,3,AS,0.3379310344827586
140-355,140,355,0.08400483352906207,0.04460370706338812,5484,2.9655946536259585|5484,0,1,0,,,,Brazil,,0,0,3,3,AS,0.013913043478260868,,,Bulgaria,,1,0,1,3,AS,0.10952380952380951
140-360,140,360,0.10283959103015106,0.055581267131880274,27267,27267,0,1,0,,,,Brazil,,0,0,3,3,AS,0.013913043478260868,,,Romania,,1,0,1,3,AS,0.08095238095238096
140-365,140,365,0.5998284507995288,0.44553816390045553,464816,154.41630636195183|464816,0,1,0,,,,Brazil,,0,0,3,3,AS,0.013913043478260868,,,Russia (USSR),,1,6,1,2,EESU,0.06482758620689656
140-366,140,366,0.12915168571972513,0.07090791855693113,5176.358659921395,5176.358659921395,0,1,0,,,,Brazil,,0,0,3,3,AS,0.013913043478260868,,,Estonia,,1,0,1,8,EESU,0.06666666666666665
140-367,140,367,0.028397332857597934,0.014814825193485204,1814.8005318649411,1814.8005318649411|967,0,1,0,,,,Brazil,,0,0,3,3,AS,0.013913043478260868,,,Latvia,,1,0,1,8,EESU,0.08675324675324675
140-368,140,368,0.0008353507592894216,0.00042958835035367127,32.84448961047326,32.84448961047326,0,1,0,,,,Brazil,,0,0,3,3,AS,0.013913043478260868,,,Lithuania,,1,0,1,8,EESU,0.10952380952380954
140-375,140,375,0.950491462313303,0.9119926658657319,340328,340328|303962.19138502714,0,1,0,,,,Brazil,,0,0,3,3,AS,0.013913043478260868,,,Finland,,1,0,1,8,EESU,0.07105263157894737
140-380,140,380,1.3174816646263316,1.9131528778236284,2158626,2158626|824501.3981038734,0,1,0,,,,Brazil,,0,0,3,3,AS,0.013913043478260868,,,Sweden,,1,0,1,8,WE,0.06709677419354838
140-385,140,385,1.1058808538156493,1.2503647811705427,565153.0648464104,565153.0648464104|164881,0,1,0,,,,Brazil,,0,0,3,3,AS,0.013913043478260868,,,Norway,,1,0,1,8,WE,0.0669767441860465
140-390,140,390,0.9046588735870595,0.8417019868201511,998455,998455|242095.89286347956,0,1,0,,,,Brazil,,0,0,3,3,AS,0.013913043478260868,,,Denmark,,1,0,2,8,WE,0.20404040404040397
140-395,140,395,0.34987502215241917,0.21730607826230075,8219.367945823928,8219.367945823928,0,1,0,,,,Brazil,,0,0,3,3,AS,0.013913043478260868,,,Iceland,,1,0,0,8,EESU,0.04
140-40,40,140,0.46404072824029696,0.3094557186586808,186953,186953|3006.901493676464,1,0,0,,,,Cuba,,3,3,3,3,LA,0.024242424242424242,,,Brazil,,0,0,3,3,AS,0.013913043478260868
140-430,140,430,0.13781814262413727,0.07517397684774985,2693,2693,0,1,0,,,,Brazil,,0,0,3,3,AS,0.013913043478260868,,,French West Africa,,5,0,0,1,AS,0
140-52,52,140,0.3784068209070639,0.23917647116142093,15973,15973|492,1,0,0,,,,Trinidad and Tobago,,3,4,3,1,AS,0.02684931506849315,,,Brazil,,0,0,3,3,AS,0.013913043478260868
140-53,53,140,0.38205548104063425,0.23895946082593533,6557,6557,1,0,0,,,,Barbados,,3,4,3,1,AS,0.01777777777777778,,,Brazil,,0,0,3,3,AS,0.013913043478260868
140-541,140,541,0.6412339263884468,0.47624617627307586,66659,66659,0,1,0,,,,Brazil,,0,0,3,3,AS,0.013913043478260868,,,Mozambique (Portuguese East Africa),,5,5,2,6,AS,0.06285714285714285
140-560,140,560,0.7865625167168704,0.6630398383992947,659489,7004|659489,0,1,0,,,,Brazil,,0,0,3,3,AS,0.013913043478260868,,,South Africa,,5,5,2,3,AS,0.05199999999999999
140-600,140,600,0.749649015971084,0.6047879010646898,169832,169832,0,1,0,,,,Brazil,,0,0,3,3,AS,0.013913043478260868,,,Morocco,,0,0,0,3,AS,0.046486486486486484
140-601,140,601,1.5174997497664706,3.0471639242710604,8369,8369,0,1,0,,,,Brazil,,0,0,3,3,AS,0.013913043478260868,,,Tangier,,0,0,0,5,AF,0.045
140-602,140,602,1.4811241503806865,2.7767702634942695,33865,33865,0,1,0,,,,Brazil,,0,0,3,3,AS,0.013913043478260868,,,Spanish Morocco,,0,0,0,6,LA,0
140-615,140,615,1.082541448786225,1.1811253346327135,780643,780643|661.4936211169687,0,1,0,,,,Brazil,,0,0,3,3,AS,0.013913043478260868,,,Algeria (Regency of Algiers),,0,0,0,3,AS,0.029425287356321838
140-616,140,616,0.52045696355696,0.35627595296504166,60956,60956,0,1,0,,,,Brazil,,0,0,3,3,AS,0.013913043478260868,,,Tunisia (Regency of Tunis),,0,0,0,3,LA,0.06918918918918919
140-6203,140,6203,1.1036439386860784,1.2269925064806375,6807,6807,0,1,0,,,,Brazil,,0,0,3,3,AS,0.013913043478260868,,,Tripolitania (Regency of Tripoli),,0,0,0,1,ME,0.030000000000000002
140-640,140,640,0.6251289990664765,0.46045531316627264,160311,160311,0,1,0,,,,Brazil,,0,0,3,3,AS,0.013913043478260868,,,Turkey (Ottoman Empire),,1,0,1,3,AS,0.08153846153846155
140-651,140,651,0.4805492600904384,0.3245644982888076,301978,129.22964064962883|301978,0,1,0,,,,Brazil,,0,0,3,3,AS,0.013913043478260868,,,Egypt Arab Republic (Egypt),,1,0,1,3,AS,0.3750588235294118
140-652,140,652,0.2687270107820168,0.157362736775851,14883,14883,0,1,0,,,,Brazil,,0,0,3,3,AS,0.013913043478260868,,,Syria,,1,0,1,4,ME,0.5333333333333332
140-665,140,665,0.4137213671830048,0.2638515193322888,7811,7811,0,1,0,,,,Brazil,,0,0,3,3,AS,0.013913043478260868,,,Palestine,,1,0,1,4,ME,0.22375
140-70,70,140,0.7582726288348294,0.625000205130222,413730.3308716667,413730.3308716667,1,0,0,,,,Mexico,,3,4,3,3,LA,0.020253164556962026,,,Brazil,,0,0,3,3,AS,0.013913043478260868
140-710,140,710,0.018326117826315214,0.009686287755961365,13359,1876|13359,0,1,0,,,,Brazil,,0,0,3,3,AS,0.013913043478260868,,,People's Republic of China (China),,4,1,4,3,AS,0.0496
140-720,140,720,0.0002063080413833296,0.00010566417080493107,87,87,0,1,0,,,,Brazil,,0,0,3,3,AS,0.013913043478260868,,,Hong Kong,,4,1,4,8,EESU,0.09517241379310344
140-740,140,740,0.1178385124366167,0.06625687139683567,149247.41357120388,149247.41357120388|39593,0.6,0.4,0.96,,,,Brazil,,0,0,3,3,AS,0.013913043478260868,,,Japan,,4,1,4,3,AS,0.26739726027397276
140-750,140,750,0.3221081365608113,0.20280153376005206,527007.4009479556,527007.4009479556,0,1,0,,,,Brazil,,0,0,3,3,AS,0.013913043478260868,,,India,,4,0,2,1,AS,0.05248
140-780,140,780,0.017463168026386033,0.009085597735682627,2842.693968951187,2842.693968951187,0,1,0,,,,Brazil,,0,0,3,3,AS,0.013913043478260868,,,Sri Lanka (Ceylon),,4,0,2,1,AS,0.03645569620253165
140-800,140,800,0.01088857507176444,0.005635448397698362,986,986,0,1,0,,,,Brazil,,0,0,3,3,AS,0.013913043478260868,,,Thailand (Siam),,4,1,4,3,AS,0.03461538461538461
140-840,140,840,0.01771399129808937,0.009225929967387247,3494.2546685954762,3494.2546685954762,1,0,0,,,,Brazil,,0,0,3,3,AS,0.013913043478260868,,,Philippines,,4,1,3,3,AS,0.024
140-900,140,900,0.005737227504073128,0.0030381772558558673,5385,5385|3,0,1,0,,,,Brazil,,0,0,3,3,AS,0.013913043478260868,,,Australia,,2,0,2,1,AS,0.05283018867924528
140-920,140,920,0.07415143482185116,0.039869278061801405,25019,25019|359,0,1,0,,,,Brazil,,0,0,3,3,AS,0.013913043478260868,,,New Zealand,,2,0,2,1,AS,0.05431578947368421
145-155,145,155,1.8697926180989206,13.215492179520187,297155.9967990397,297155.9967990397|27578.63006435266,0,1,0,,,,Bolivia,,3,0,2,3,AS,0.021176470588235293,,,Chile,,3,0,3,3,AS,0.04413793103448276
145-160,145,160,1.6589834136177228,4.36804074476902,474995.70693641267,210211.79473169654|474995.70693641267,0.1,0.9,0.36000000000000004,,,,Bolivia,,3,0,2,3,AS,0.021176470588235293,,,Argentina (La Plata),,0,0,0,3,AS,0.14896551724137927
145-165,145,165,0.4016114236736915,0.2529947949973127,9331.366497057848,9331.366497057848,0,1,0,,,,Bolivia,,3,0,2,3,AS,0.021176470588235293,,,Uruguay,,0,0,0,3,AS,0.04622222222222221
145-2,2,145,1.4250475228359598,1.9897269156360309,1439787.431835841,1439787.431835841|1230638.8816560002,0,1,0,,,,United States of America,,3,4,3,3,AS,0.034503816793893125,,,Bolivia,,3,0,2,3,AS,0.021176470588235293
145-20,20,145,0.19039778887694547,0.10977343097894554,17901.017614123994,17901.017614123994,0,1,0,,,,Canada (Province of Canada),,3,4,3,3,NAM,0.03476923076923077,,,Bolivia,,3,0,2,3,AS,0.021176470588235293
145-200,145,200,1.86692082157755,4.451219112023083,7987061.755413228,7987061.755413228|673349,1,0,0,,,,Bolivia,,3,0,2,3,AS,0.021176470588235293,,,United Kingdom,,2,0,2,3,AS,0.05652694610778443
145-210,145,210,0.3483997193583127,0.21578162951578284,38350.32504909308,20589.142761509014|38350.32504909308,0,1,0,,,,Bolivia,,3,0,2,3,AS,0.021176470588235293,,,Netherlands,,5,5,1,6,AS,0.06528
145-211,145,211,0.961258957692417,0.9281607360892082,366606.18868643924,366606.18868643924,0,1,0,,,,Bolivia,,3,0,2,3,AS,0.021176470588235293,,,Belgium,,5,5,0,6,AS,0.05224489795918367
145-220,145,220,0.1487965618418402,0.08556779373618073,32782.41418503012,20167.48844868807|32782.41418503012,0,1,0,,,,Bolivia,,3,0,2,3,AS,0.021176470588235293,,,France,,0,0,0,5,WE,0.039658119658119655
145-225,145,225,0.7899884550232259,0.65706075533635,31798.21122222067,31798.21122222067,0,1,0,,,,Bolivia,,3,0,2,3,AS,0.021176470588235293,,,Switzerland,,1,0,1,5,WE,0.3393939393939395
145-230,145,230,0.08549866099169512,0.045309667046773416,2141.041505675544,177.07685207853177|2141.041505675544,0,1,0,,,,Bolivia,,3,0,2,3,AS,0.021176470588235293,,,Spain,,0,0,0,1,AF,0.026168224299065415
145-255,145,255,1.2438695279642566,1.543799906029202,593436.8408033593,140414.1868899869|593436.8408033593,0,1,0,,,,Bolivia,,3,0,2,3,AS,0.021176470588235293,,,Germany (Zollverein),,1,0,1,8,WE,0.06266666666666668
145-305,145,305,0.16439232409578441,0.09056411565388212,3299.458567487579,3299.458567487579|22.162309396562176,0,1,0,,,,Bolivia,,3,0,2,3,AS,0.021176470588235293,,,Austria,,1,0,1,8,WE,0.08444444444444446
145-310,145,310,0.043134784049530306,0.02221610245315675,471.0491010959138,471.0491010959138,0,1,0,,,,Bolivia,,3,0,2,3,AS,0.021176470588235293,,,Hungary,,1,0,1,8,WE,0.09393258426966293
145-325,145,325,0.659483088667107,0.4991115640211963,45142.41529236215,45142.41529236215,0,1,0,,,,Bolivia,,3,0,2,3,AS,0.021176470588235293,,,Italy,,1,0,1,4,WE,0.19471698113207533
145-345,145,345,0.0001115830668972917,0.00005617341737740311,0.941878513074273,0.941878513074273,0,1,0,,,,Bolivia,,3,0,2,3,AS,0.021176470588235293,,,"Yugoslavia (Kingdom of Serbs, Croats and Slovenes)",,1,0,1,3,NAM,0.0931578947368421
145-366,145,366,0.3165497903068085,0.1885904657508759,713.8418862612878,713.8418862612878,0,1,0,,,,Bolivia,,3,0,2,3,AS,0.021176470588235293,,,Estonia,,1,0,1,8,EESU,0.06666666666666665
145-367,145,367,0.04862029047111793,0.02501279478763041,158.8719616870501,158.8719616870501,0,1,0,,,,Bolivia,,3,0,2,3,AS,0.021176470588235293,,,Latvia,,1,0,1,8,EESU,0.08675324675324675
145-375,145,375,0.14587492596606144,0.07922554201411736,1518.6574121081617,1518.6574121081617,0,1,0,,,,Bolivia,,3,0,2,3,AS,0.021176470588235293,,,Finland,,1,0,1,8,EESU,0.07105263157894737
145-380,145,380,0.5902091240184444,0.4233515425493246,24651.63222422608,147.7487293104145|24651.63222422608,0,1,0,,,,Bolivia,,3,0,2,3,AS,0.021176470588235293,,,Sweden,,1,0,1,8,WE,0.06709677419354838
145-385,145,385,0.4944518714463553,0.3304929025147052,7745.405569674832,7745.405569674832|47.27959337933264,0,1,0,,,,Bolivia,,3,0,2,3,AS,0.021176470588235293,,,Norway,,1,0,1,8,WE,0.0669767441860465
145-390,145,390,0.22252007992234435,0.1270163960786388,6590,6590,0.9,0.09999999999999998,0.35999999999999993,,,,Bolivia,,3,0,2,3,AS,0.021176470588235293,,,Denmark,,1,0,2,8,WE,0.20404040404040397
145-40,40,145,0.000066084330982763,0.00003360944361785467,2.2162309396562176,2.2162309396562176,0,1,0,,,,Cuba,,3,3,3,3,LA,0.024242424242424242,,,Bolivia,,3,0,2,3,AS,0.021176470588235293
145-52,52,145,0.26740611096999345,0.15479042063738613,536,536,0,1,0,,,,Trinidad and Tobago,,3,4,3,1,AS,0.02684931506849315,,,Bolivia,,3,0,2,3,AS,0.021176470588235293
145-70,70,145,0.33432059720054563,0.20263685901236106,6955.179090481032,6955.179090481032,0,1,0,,,,Mexico,,3,4,3,3,LA,0.020253164556962026,,,Bolivia,,3,0,2,3,AS,0.021176470588235293
145-710,145,710,0.02334701154220209,0.012068173382463798,863,863,0,1,0,,,,Bolivia,,3,0,2,3,AS,0.021176470588235293,,,People's Republic of China (China),,4,1,4,3,AS,0.0496
145-740,145,740,0.5671507286853013,0.4043198033848576,47223,47223,0,1,0,,,,Bolivia,,3,0,2,3,AS,0.021176470588235293,,,Japan,,4,1,4,3,AS,0.26739726027397276
145-750,145,750,0.1281464273904317,0.071019351794122,9569.182881818899,9569.182881818899,1,0,0,,,,Bolivia,,3,0,2,3,AS,0.021176470588235293,,,India,,4,0,2,1,AS,0.05248
145-800,145,800,0.013729521745513784,0.006944475344754397,63,63,0,1,0,,,,Bolivia,,3,0,2,3,AS,0.021176470588235293,,,Thailand (Siam),,4,1,4,3,AS,0.03461538461538461
145-920,145,920,0.00036468316851701044,0.00018440258439533785,6,6,1,0,0,,,,Bolivia,,3,0,2,3,AS,0.021176470588235293,,,New Zealand,,2,0,2,1,AS,0.05431578947368421
150-155,150,155,0.7299897278085261,0.5765105347182462,5914.999499849955,5914.999499849955,0,1,0,,,,Paraguay,,0,0,0,3,AS,0.11999999999999998,,,Chile,,3,0,3,3,AS,0.04413793103448276
150-160,150,160,1.9867862690859996,33.5195103979385,1448850.0141030464,1448850.0141030464|916629.900823932,1,0,0,,,,Paraguay,,0,0,0,3,AS,0.11999999999999998,,,Argentina (La Plata),,0,0,0,3,AS,0.14896551724137927
150-165,150,165,1.9178876423772948,21.571497253088914,141658.43988968284,141658.43988968284|4020.9381153966615,0.9,0.09999999999999998,0.35999999999999993,,,,Paraguay,,0,0,0,3,AS,0.11999999999999998,,,Uruguay,,0,0,0,3,AS,0.04622222222222221
150-2,2,150,1.0544048542648345,1.0943472992689034,308843.62096101727,1092.0067067819982|308843.62096101727,0,1,0,,,,United States of America,,3,4,3,3,AS,0.034503816793893125,,,Paraguay,,0,0,0,3,AS,0.11999999999999998
150-20,20,150,0.406859006749021,0.26416481893805854,19656.299807920226,19656.299807920226,0,1,0,,,,Canada (Province of Canada),,3,4,3,3,NAM,0.03476923076923077,,,Paraguay,,0,0,0,3,AS,0.11999999999999998
150-200,150,200,0.7461115942668122,0.623960403969212,119766,9504.08204838912|119766,0.1,0.9,0.36000000000000004,,,,Paraguay,,0,0,0,3,AS,0.11999999999999998,,,United Kingdom,,2,0,2,3,AS,0.05652694610778443
150-210,150,210,0.4985946148920898,0.33805613048693317,14718.343018267487,14718.343018267487|2253.1575153566505,0,1,0,,,,Paraguay,,0,0,0,3,AS,0.11999999999999998,,,Netherlands,,5,5,1,6,AS,0.06528
150-211,150,211,0.9266176473682041,0.8678337595215833,61029.75742760437,61029.75742760437,0.9,0.09999999999999998,0.35999999999999993,,,,Paraguay,,0,0,0,3,AS,0.11999999999999998,,,Belgium,,5,5,0,6,AS,0.05224489795918367
150-220,150,220,0.9383605084303799,0.9506699186408577,100034.08236179015,100034.08236179015|65500,0.9,0.09999999999999998,0.35999999999999993,,,,Paraguay,,0,0,0,3,AS,0.11999999999999998,,,France,,0,0,0,5,WE,0.039658119658119655
150-225,150,225,0.3637721925104733,0.2247174085617737,4962.267668885872,4962.267668885872|185.49423342108562,0.1,0.9,0.36000000000000004,,,,Paraguay,,0,0,0,3,AS,0.11999999999999998,,,Switzerland,,1,0,1,5,WE,0.3393939393939395
150-230,150,230,1.1145424063324119,1.270235840129499,32626.22226400903,32626.22226400903|5630.146181591246,0.9,0.09999999999999998,0.35999999999999993,,,,Paraguay,,0,0,0,3,AS,0.11999999999999998,,,Spain,,0,0,0,1,AF,0.026168224299065415
150-255,150,255,0.9030153468081002,0.838842811129624,147133.10102562627,24389.847373699387|147133.10102562627,0,1,0,,,,Paraguay,,0,0,0,3,AS,0.11999999999999998,,,Germany (Zollverein),,1,0,1,8,WE,0.06266666666666668
150-305,150,305,0.5692672570592199,0.40043573560274615,6656.802373001256,6656.802373001256,0,1,0,,,,Paraguay,,0,0,0,3,AS,0.11999999999999998,,,Austria,,1,0,1,8,WE,0.08444444444444446
150-310,150,310,0.007289835308834758,0.0036812846429449264,35.61590764383738,35.61590764383738,0,1,0,,,,Paraguay,,0,0,0,3,AS,0.11999999999999998,,,Hungary,,1,0,1,8,WE,0.09393258426966293
150-325,150,325,0.7525609555521914,0.6094253967489431,25150.928109679222,19215.008775228784|25150.928109679222,0.1,0.9,0.36000000000000004,,,,Paraguay,,0,0,0,3,AS,0.11999999999999998,,,Italy,,1,0,1,4,WE,0.19471698113207533
150-375,150,375,1.0836485374429596,1.1817393452684197,10336.240314734789,10336.240314734789,0,1,0,,,,Paraguay,,0,0,0,3,AS,0.11999999999999998,,,Finland,,1,0,1,8,EESU,0.07105263157894737
150-380,150,380,0.23277400346735855,0.13360955333039082,3550,3550,0,1,0,,,,Paraguay,,0,0,0,3,AS,0.11999999999999998,,,Sweden,,1,0,1,8,WE,0.06709677419354838
150-385,150,385,0.007505905756625575,0.0037930971501733968,40.56227451944502,40.56227451944502,0,1,0,,,,Paraguay,,0,0,0,3,AS,0.11999999999999998,,,Norway,,1,0,1,8,WE,0.0669767441860465
150-390,150,390,0.1693209348020136,0.09373145660750426,2219,2219,0,1,0,,,,Paraguay,,0,0,0,3,AS,0.11999999999999998,,,Denmark,,1,0,2,8,WE,0.20404040404040397
150-40,40,150,0.015062326664055048,0.007659746930690714,114.47803550288373,114.47803550288373,0,1,0,,,,Cuba,,3,3,3,3,LA,0.024242424242424242,,,Paraguay,,0,0,0,3,AS,0.11999999999999998
150-710,150,710,0.017274769854046523,0.00888755774798955,290,290,0,1,0,,,,Paraguay,,0,0,0,3,AS,0.11999999999999998,,,People's Republic of China (China),,4,1,4,3,AS,0.0496
150-740,150,740,0.45155477541290867,0.29842245528202715,15904,319.66904851447913|15904,0,1,0,,,,Paraguay,,0,0,0,3,AS,0.11999999999999998,,,Japan,,4,1,4,3,AS,0.26739726027397276
150-750,150,750,0.18077388551616713,0.10278849679956137,6319.591016601274,6319.591016601274,0.1,0.9,0.36000000000000004,,,,Paraguay,,0,0,0,3,AS,0.11999999999999998,,,India,,4,0,2,1,AS,0.05248
150-800,150,800,0.010064899798732263,0.005073081951653569,21,21,0,1,0,,,,Paraguay,,0,0,0,3,AS,0.11999999999999998,,,Thailand (Siam),,4,1,4,3,AS,0.03461538461538461
150-920,150,920,0.0008003952341865128,0.0004041296323878951,6,6,0.1,0.9,0.36000000000000004,,,,Paraguay,,0,0,0,3,AS,0.11999999999999998,,,New Zealand,,2,0,2,1,AS,0.05431578947368421
155-160,155,160,1.1605546685720751,1.372494418199769,1494512.3416327026,966342.1026307893|1494512.3416327026,0,1,0,,,,Chile,,3,0,3,3,AS,0.04413793103448276,,,Argentina (La Plata),,0,0,0,3,AS,0.14896551724137927
155-165,155,165,0.6761643991877584,0.5147100758850857,70491.94758427529,70491.94758427529|3658.561594166792,0,1,0,,,,Chile,,3,0,3,3,AS,0.04413793103448276,,,Uruguay,,0,0,0,3,AS,0.04622222222222221
155-2,2,155,1.590008970582633,3.301714593617106,14566119.735920776,14566119.735920776|11440391.303385308,1,0,0,,,,United States of America,,3,4,3,3,AS,0.034503816793893125,,,Chile,,3,0,3,3,AS,0.04413793103448276
155-20,20,155,0.44754214820084104,0.300760662477084,491119.7842167641,14810.36811043313|491119.7842167641,1,0,0,,,,Canada (Province of Canada),,3,4,3,3,NAM,0.03476923076923077,,,Chile,,3,0,3,3,AS,0.04413793103448276
155-200,155,200,1.4406168531693035,2.1831118780875767,9195855,7663901.945583675|9195855,0,1,0,,,,Chile,,3,0,3,3,AS,0.04413793103448276,,,United Kingdom,,2,0,2,3,AS,0.05652694610778443
155-205,155,205,0.017399491824258262,0.008947833735612143,2451,2451,0,1,0,,,,Chile,,3,0,3,3,AS,0.04413793103448276,,,Ireland,,3,3,2,3,AS,0.017419354838709676
155-210,155,210,0.571691801856135,0.4221430119361027,608718.2904871461,315617.50168947753|608718.2904871461,0,1,0,,,,Chile,,3,0,3,3,AS,0.04413793103448276,,,Netherlands,,5,5,1,6,AS,0.06528
155-211,155,211,1.0790582688044237,1.1629078753689321,1705552.490747224,1705552.490747224,0,1,0,,,,Chile,,3,0,3,3,AS,0.04413793103448276,,,Belgium,,5,5,0,6,AS,0.05224489795918367
155-220,155,220,1.217546172801733,1.6021247840710202,3515841.2273682104,1985287.5628888535|3515841.2273682104,0,1,0,,,,Chile,,3,0,3,3,AS,0.04413793103448276,,,France,,0,0,0,5,WE,0.039658119658119655
155-225,155,225,0.8133154288621899,0.6936940135437075,336163.8609610045,336163.8609610045|20.556166850055018,0,1,0,,,,Chile,,3,0,3,3,AS,0.04413793103448276,,,Switzerland,,1,0,1,5,WE,0.3393939393939395
155-230,155,230,0.5264635898056017,0.36383210146851974,172155.59662302246,38219.26577973392|172155.59662302246,0,1,0,,,,Chile,,3,0,3,3,AS,0.04413793103448276,,,Spain,,0,0,0,1,AF,0.026168224299065415
155-255,155,255,1.1819723232200086,1.5441429411824252,4944267.355206562,4944267.355206562|4879914.517349938,0,1,0,,,,Chile,,3,0,3,3,AS,0.04413793103448276,,,Germany (Zollverein),,1,0,1,8,WE,0.06266666666666668
155-290,155,290,0.00017561820297529174,0.00008987249527359076,25.007502250675202,25.007502250675202,0,1,0,,,,Chile,,3,0,3,3,AS,0.04413793103448276,,,Poland,,1,0,1,3,AS,0.07673469387755102
155-305,155,305,0.27559234183549386,0.16295429937437556,59448.13945280251,59448.13945280251|205.4116234870461,0,1,0,,,,Chile,,3,0,3,3,AS,0.04413793103448276,,,Austria,,1,0,1,8,WE,0.08444444444444446
155-310,155,310,0.15763749894448886,0.08701198532570387,18474.10054613619,18474.10054613619,0,1,0,,,,Chile,,3,0,3,3,AS,0.04413793103448276,,,Hungary,,1,0,1,8,WE,0.09393258426966293
155-315,155,315,0.34060065136508266,0.21048149846951936,138798.19953142802,53.0409122736821|138798.19953142802,0,1,0,,,,Chile,,3,0,3,3,AS,0.04413793103448276,,,Czechoslovakia,,1,0,1,8,EESU,0.08153846153846155
155-325,155,325,1.1628651830211563,1.3813208731859143,1251029.78385383,1024281.9095728719|1251029.78385383,0,1,0,,,,Chile,,3,0,3,3,AS,0.04413793103448276,,,Italy,,1,0,1,4,WE,0.19471698113207533
155-338,155,338,0.7951353862148025,0.6653081769734221,881,881,0,1,0,,,,Chile,,3,0,3,3,AS,0.04413793103448276,,,Malta,,1,0,2,3,AS,0.008999999999999998
155-345,155,345,0.2626124783436602,0.15343676656384864,25761.989393882588,25761.989393882588,0,1,0,,,,Chile,,3,0,3,3,AS,0.04413793103448276,,,"Yugoslavia (Kingdom of Serbs, Croats and Slovenes)",,1,0,1,3,NAM,0.0931578947368421
155-350,155,350,0.022406852849739645,0.01148205202168262,2120.8362508752625,2120.8362508752625|26.645092196479148,0,1,0,,,,Chile,,3,0,3,3,AS,0.04413793103448276,,,Greece,,1,0,1,3,AS,0.11567567567567569
155-365,155,365,0.3014140073990459,0.18440246016724127,77969.69090727218,77969.69090727218,0,1,0,,,,Chile,,3,0,3,3,AS,0.04413793103448276,,,Russia (USSR),,1,6,1,2,EESU,0.06482758620689656
155-366,155,366,0.28766755528608867,0.17000237462892243,6443.520246341089,6443.520246341089,0,1,0,,,,Chile,,3,0,3,3,AS,0.04413793103448276,,,Estonia,,1,0,1,8,EESU,0.06666666666666665
155-367,155,367,0.02306005709141634,0.011824800711624617,752.0812878963428,752.0812878963428,0,1,0,,,,Chile,,3,0,3,3,AS,0.04413793103448276,,,Latvia,,1,0,1,8,EESU,0.08675324675324675
155-375,155,375,0.4292362590812441,0.2771684015908815,53201.54291717437,37.5112533760128|53201.54291717437,0,1,0,,,,Chile,,3,0,3,3,AS,0.04413793103448276,,,Finland,,1,0,1,8,EESU,0.07105263157894737
155-380,155,380,1.1817908867835718,1.4556740945690083,665663.6240872262,665663.6240872262|400021.123226173,0,1,0,,,,Chile,,3,0,3,3,AS,0.04413793103448276,,,Sweden,,1,0,1,8,WE,0.06709677419354838
155-385,155,385,1.2079246697865165,1.5245528595396398,357775.3607956042,357775.3607956042|6391.667500250075,0,1,0,,,,Chile,,3,0,3,3,AS,0.04413793103448276,,,Norway,,1,0,1,8,WE,0.0669767441860465
155-390,155,390,0.3233167146916587,0.1971859073700415,102444.20982917727,22050.440132039614|102444.20982917727,0,1,0,,,,Chile,,3,0,3,3,AS,0.04413793103448276,,,Denmark,,1,0,2,8,WE,0.20404040404040397
155-4,4,155,1.8954601864388279,16.37199941297983,144167.75032509753,144167.75032509753,0.6,0.4,0.96,,,,Hawaii (Sandwich Is.),,4,0,4,3,AS,0.34909090909090906,,,Chile,,3,0,3,3,AS,0.04413793103448276
155-40,40,155,0.895283159775787,0.8195897454779293,200675.05251575474,200675.05251575474|102320.09752013233,1,0,0,,,,Cuba,,3,3,3,3,LA,0.024242424242424242,,,Chile,,3,0,3,3,AS,0.04413793103448276
155-42,42,155,0.029266938049068547,0.015040320842842347,430.3221118723507,430.3221118723507,1,0,0,,,,Dominican Republic (Santo Domingo),,3,3,3,1,AS,0.037209302325581395,,,Chile,,3,0,3,3,AS,0.04413793103448276
155-52,52,155,0.36080775414349664,0.22264383592396197,7720,7720,1,0,0,,,,Trinidad and Tobago,,3,4,3,1,AS,0.02684931506849315,,,Chile,,3,0,3,3,AS,0.04413793103448276
155-560,155,560,0.8900578261561909,0.8155275155239675,328752.8258477543,328752.8258477543|1076,0,1,0,,,,Chile,,3,0,3,3,AS,0.04413793103448276,,,South Africa,,5,5,2,3,AS,0.05199999999999999
155-590,155,590,0.9393323943809923,0.88680266024703,17277.183154946484,17277.183154946484,0,1,0,,,,Chile,,3,0,3,3,AS,0.04413793103448276,,,Mauritius,,4,0,2,3,AS,0.05076923076923076
155-6,6,155,0.7055757095672517,0.5466518383134359,4638.89166750025,4638.89166750025,1,0,0,,,,Puerto Rico,,3,3,3,4,WE,0,,,Chile,,3,0,3,3,AS,0.04413793103448276
155-615,155,615,0.0023360200485719185,0.0011894184290923704,217.80887524583116,217.80887524583116,0,1,0,,,,Chile,,3,0,3,3,AS,0.04413793103448276,,,Algeria (Regency of Algiers),,0,0,0,3,AS,0.029425287356321838
155-651,155,651,1.3305142422382428,1.9737231501107804,744257.9273782135,15.384481029717719|744257.9273782135,0,1,0,,,,Chile,,3,0,3,3,AS,0.04413793103448276,,,Egypt Arab Republic (Egypt),,1,0,1,3,AS,0.3750588235294118
155-68,68,155,0.004912558490667629,0.002486775451736256,361.85855756727017,361.85855756727017,0,1,0,,,,Netherlands Antilles,,3,3,5,6,AS,0,,,Chile,,3,0,3,3,AS,0.04413793103448276
155-70,70,155,0.3967474948316989,0.25185577939362647,86562.08499154604,347.6042812843853|86562.08499154604,1,0,0,,,,Mexico,,3,4,3,3,LA,0.020253164556962026,,,Chile,,3,0,3,3,AS,0.04413793103448276
155-710,155,710,0.031877878790537495,0.016712065191783476,11967,2517.8553566069822|11967,0,1,0,,,,Chile,,3,0,3,3,AS,0.04413793103448276,,,People's Republic of China (China),,4,1,4,3,AS,0.0496
155-713,155,713,0.03461767431789975,0.01783328472419765,327.83162790163294,327.83162790163294,0,1,0,,,,Chile,,3,0,3,3,AS,0.04413793103448276,,,Republic of China (Taiwan) (Formosa),,4,1,4,2,ME,0.04
155-740,155,740,0.433166569985745,0.2925823982779294,298751.4754426328,298751.4754426328|258144.85846062555,0.6,0.4,0.96,,,,Chile,,3,0,3,3,AS,0.04413793103448276,,,Japan,,4,1,4,3,AS,0.26739726027397276
155-750,155,750,0.8859854006179398,0.807151687043458,1089028.4478754436,74723.81714514355|1089028.4478754436,0,1,0,,,,Chile,,3,0,3,3,AS,0.04413793103448276,,,India,,4,0,2,1,AS,0.05248
155-780,155,780,0.2771357879251616,0.1632501363038692,26519.708308019694,26519.708308019694,0,1,0,,,,Chile,,3,0,3,3,AS,0.04413793103448276,,,Sri Lanka (Ceylon),,4,0,2,1,AS,0.03645569620253165
155-800,155,800,0.018980532648326665,0.009720165942379566,883,883,0,1,0,,,,Chile,,3,0,3,3,AS,0.04413793103448276,,,Thailand (Siam),,4,1,4,3,AS,0.03461538461538461
155-90,90,155,0.37122591054722753,0.23050292943374728,6922.173591419059,189.73191957587275|6922.173591419059,0.2,0.8,0.6400000000000001,,,,Guatemala,,3,0,1,5,WE,0.48756756756756775,,,Chile,,3,0,3,3,AS,0.04413793103448276
155-900,155,900,0.12721565680434543,0.07095114530518654,50967.690307092125,50967.690307092125|250,0,1,0,,,,Chile,,3,0,3,3,AS,0.04413793103448276,,,Australia,,2,0,2,1,AS,0.05283018867924528
155-92,92,155,1.135882742094975,1.3198490067926238,26776.36093753734,157.17215164549364|26776.36093753734,0,1,0,,,,El Salvador,,3,0,1,5,WE,0.061111111111111116,,,Chile,,3,0,3,3,AS,0.04413793103448276
155-920,155,920,0.2999926130367526,0.17989177158258862,44272.78183455037,44272.78183455037|19881,0,1,0,,,,Chile,,3,0,3,3,AS,0.04413793103448276,,,New Zealand,,2,0,2,1,AS,0.05431578947368421
155-94,94,155,0.6076468663173291,0.44069337067958514,9674.579959498165,525.5326597979393|9674.579959498165,0,1,0,,,,Costa Rica,,3,0,2,5,WE,0.01894736842105263,,,Chile,,3,0,3,3,AS,0.04413793103448276
155-95,95,155,0.6615878592096536,0.49624964345928735,31932.679803941184,31932.679803941184,1,0,0,,,,Panama,,3,0,3,1,AS,0.021333333333333336,,,Chile,,3,0,3,3,AS,0.04413793103448276
160-165,160,165,1.7146315782266406,5.456480588045156,2403175.2583806366,2403175.2583806366|1179175.9198960979,0.9,0.09999999999999998,0.35999999999999993,,,,Argentina (La Plata),,0,0,0,3,AS,0.14896551724137927,,,Uruguay,,0,0,0,3,AS,0.04622222222222221
160-2,2,160,1.3370465966331329,1.7427361788010263,43212369.966129,43212369.966129|18325784.29176681,0,1,0,,,,United States of America,,3,4,3,3,AS,0.034503816793893125,,,Argentina (La Plata),,0,0,0,3,AS,0.14896551724137927
160-20,20,160,0.5936993658980576,0.4529998273290575,2961541.338019535,2961541.338019535|1443057.418042755,0,1,0,,,,Canada (Province of Canada),,3,4,3,3,NAM,0.03476923076923077,,,Argentina (La Plata),,0,0,0,3,AS,0.14896551724137927
160-200,160,200,1.3382062690194974,1.8652119965101115,60100944.200150594,29074250|60100944.200150594,0.1,0.9,0.36000000000000004,,,,Argentina (La Plata),,0,0,0,3,AS,0.14896551724137927,,,United Kingdom,,2,0,2,3,AS,0.05652694610778443
160-205,160,205,0.03732698888520114,0.020223819922100095,22179,22179,0.1,0.9,0.36000000000000004,,,,Argentina (La Plata),,0,0,0,3,AS,0.14896551724137927,,,Ireland,,3,3,2,3,AS,0.017419354838709676
160-21,21,160,0.08024907481760268,0.04311794244514433,10707.925280905667,10707.925280905667,0,1,0,,,,Newfoundland and Labrador (Newfoundland),,3,4,3,5,AF,0,,,Argentina (La Plata),,0,0,0,3,AS,0.14896551724137927
160-210,160,210,1.4761755077991374,2.583764228354023,18018202.972335465,2788299.1287584156|18018202.972335465,0,1,0,,,,Argentina (La Plata),,0,0,0,3,AS,0.14896551724137927,,,Netherlands,,5,5,1,6,AS,0.06528
160-211,160,211,1.526207382157442,2.818289974260238,19989747.146598235,19989747.146598235,0.9,0.09999999999999998,0.35999999999999993,,,,Argentina (La Plata),,0,0,0,3,AS,0.14896551724137927,,,Belgium,,5,5,0,6,AS,0.05224489795918367
160-212,160,212,0.00001597029779476511,0.000008232004640729151,0.9793774380252864,0.9793774380252864,0,1,0,,,,Argentina (La Plata),,0,0,0,3,AS,0.14896551724137927,,,Luxemburg,,1,0,1,3,AS,0.08769230769230771
160-220,160,220,1.088263931352151,1.252815903838345,13296031.036763603,8622811.361121072|13296031.036763603,0.9,0.09999999999999998,0.35999999999999993,,,,Argentina (La Plata),,0,0,0,3,AS,0.14896551724137927,,,France,,0,0,0,5,WE,0.039658119658119655
160-225,160,225,0.851580274681007,0.771391913298848,1496619.928935979,1496619.928935979|1354.283121301366,0.1,0.9,0.36000000000000004,,,,Argentina (La Plata),,0,0,0,3,AS,0.14896551724137927,,,Switzerland,,1,0,1,5,WE,0.3393939393939395
160-230,160,230,1.468515035956096,2.6744907854389717,5066576.478597316,5066576.478597316|4828859.829156684,0.9,0.09999999999999998,0.35999999999999993,,,,Argentina (La Plata),,0,0,0,3,AS,0.14896551724137927,,,Spain,,0,0,0,1,AF,0.026168224299065415
160-235,160,235,0.5040802131945719,0.35316972376876565,163727.42320187727,77197.2286374134|163727.42320187727,0.8,0.19999999999999996,0.6399999999999999,,,,Argentina (La Plata),,0,0,0,3,AS,0.14896551724137927,,,Portugal,,5,5,0,6,WE,0.25612903225806444
160-255,160,255,1.0793152263327734,1.2073962865961794,18696750.33136069,18210173.470271677|18696750.33136069,0,1,0,,,,Argentina (La Plata),,0,0,0,3,AS,0.14896551724137927,,,Germany (Zollverein),,1,0,1,8,WE,0.06266666666666668
160-290,160,290,0.2580415851836628,0.1571620611654524,223313.63427124702,223313.63427124702|2271.9597807310597,0,1,0,,,,Argentina (La Plata),,0,0,0,3,AS,0.14896551724137927,,,Poland,,1,0,1,3,AS,0.07673469387755102
160-291,160,291,0.9826610363936149,0.9673378193129639,285643.264819579,285643.264819579,0,1,0,,,,Argentina (La Plata),,0,0,0,3,AS,0.14896551724137927,,,Danzig (Free City of Danzig),,1,0,1,3,AS,0.05647058823529412
160-305,160,305,0.5144439189924679,0.3649281156693531,533007.2717443092,533007.2717443092|362.17377658175093,0,1,0,,,,Argentina (La Plata),,0,0,0,3,AS,0.14896551724137927,,,Austria,,1,0,1,8,WE,0.08444444444444446
160-310,160,310,0.12216639251763783,0.06896201205941921,58620.22957161849,58620.22957161849|84.22645967017463,0,1,0,,,,Argentina (La Plata),,0,0,0,3,AS,0.14896551724137927,,,Hungary,,1,0,1,8,WE,0.09393258426966293
160-315,160,315,0.5609861065420425,0.4122668188203257,1088432.88198462,1088432.88198462|284.0194570273331,0,1,0,,,,Argentina (La Plata),,0,0,0,3,AS,0.14896551724137927,,,Czechoslovakia,,1,0,1,8,EESU,0.08153846153846155
160-325,160,325,1.515008686733215,2.922755818731392,10734138.905660877,10597879.42996557|10734138.905660877,0.1,0.9,0.36000000000000004,,,,Argentina (La Plata),,0,0,0,3,AS,0.14896551724137927,,,Italy,,1,0,1,4,WE,0.19471698113207533
160-339,160,339,0.0008117199466887159,0.00041839804325427554,11.948404743908494,11.948404743908494,0.1,0.9,0.36000000000000004,,,,Argentina (La Plata),,0,0,0,3,AS,0.14896551724137927,,,Albania,,1,0,1,3,AS,0.28235294117647053
160-345,160,345,0.5191810284237316,0.36808600895169463,247430.15950947386,247430.15950947386|110.27789952164726,0,1,0,,,,Argentina (La Plata),,0,0,0,3,AS,0.14896551724137927,,,"Yugoslavia (Kingdom of Serbs, Croats and Slovenes)",,1,0,1,3,NAM,0.0931578947368421
160-350,160,350,0.8430804411350632,0.7373509084354983,658663.64652746,49184.175685480855|658663.64652746,0,1,0,,,,Argentina (La Plata),,0,0,0,3,AS,0.14896551724137927,,,Greece,,1,0,1,3,AS,0.11567567567567569
160-352,160,352,0.005713833214099129,0.003025427232232425,112,112,0,1,0,,,,Argentina (La Plata),,0,0,0,3,AS,0.14896551724137927,,,Cyprus,,1,0,1,3,AS,0.3379310344827586
160-355,160,355,0.002558667606592624,0.001354466353805317,298.04226268940886,298.04226268940886|244.4526085311115,0,1,0,,,,Argentina (La Plata),,0,0,0,3,AS,0.14896551724137927,,,Bulgaria,,1,0,1,3,AS,0.10952380952380951
160-360,160,360,0.0006117978325225204,0.0003188017727508985,306.5451381019147,306.5451381019147,0,1,0,,,,Argentina (La Plata),,0,0,0,3,AS,0.14896551724137927,,,Romania,,1,0,1,3,AS,0.08095238095238096
160-365,160,365,0.5553237926252206,0.4039550499409992,826026.5187792871,666409.3061560633|826026.5187792871,0,1,0,,,,Argentina (La Plata),,0,0,0,3,AS,0.14896551724137927,,,Russia (USSR),,1,6,1,2,EESU,0.06482758620689656
160-366,160,366,0.30948681240718745,0.18785955908034369,21120.470326502906,18282.45824567982|21120.470326502906,0,1,0,,,,Argentina (La Plata),,0,0,0,3,AS,0.14896551724137927,,,Estonia,,1,0,1,8,EESU,0.06666666666666665
160-367,160,367,0.2499185249515955,0.1469692148096119,47269.26029531524,7080.004717400958|47269.26029531524,0,1,0,,,,Argentina (La Plata),,0,0,0,3,AS,0.14896551724137927,,,Latvia,,1,0,1,8,EESU,0.08675324675324675
160-368,160,368,0.42011973196613583,0.2791357254957354,44362.6415607461,115.17478671177369|44362.6415607461,0,1,0,,,,Argentina (La Plata),,0,0,0,3,AS,0.14896551724137927,,,Lithuania,,1,0,1,8,EESU,0.10952380952380954
160-375,160,375,0.5826349238547104,0.4309703046843988,331193.0562919714,331193.0562919714|116680.08983401855,0,1,0,,,,Argentina (La Plata),,0,0,0,3,AS,0.14896551724137927,,,Finland,,1,0,1,8,EESU,0.07105263157894737
160-380,160,380,0.924227966958397,0.8779870736617524,1941693.337578222,1359746.6315899778|1941693.337578222,0,1,0,,,,Argentina (La Plata),,0,0,0,3,AS,0.14896551724137927,,,Sweden,,1,0,1,8,WE,0.06709677419354838
160-385,160,385,0.9090958281178401,0.843810776905107,1151627.2078173722,528349.2673376309|1151627.2078173722,0,1,0,,,,Argentina (La Plata),,0,0,0,3,AS,0.14896551724137927,,,Norway,,1,0,1,8,WE,0.0669767441860465
160-390,160,390,0.7348909475433656,0.5997528551583132,1394463.8435757419,424505.9424466552|1394463.8435757419,0,1,0,,,,Argentina (La Plata),,0,0,0,3,AS,0.14896551724137927,,,Denmark,,1,0,2,8,WE,0.20404040404040397
160-40,40,160,0.652983840462287,0.5081012211513128,667192.1977173706,667192.1977173706|89507.26281600697,0,1,0,,,,Cuba,,3,3,3,3,LA,0.024242424242424242,,,Argentina (La Plata),,0,0,0,3,AS,0.14896551724137927
160-402,160,402,0.19182448401932317,0.10895583029939282,2163,2163,0.1,0.9,0.36000000000000004,,,,Argentina (La Plata),,0,0,0,3,AS,0.14896551724137927,,,Cape Verde,,5,5,2,6,AS,0.05466666666666666
160-403,160,403,1.140423018209787,1.3142557676159674,16989,16989,0.3,0.7,0.84,,,,Argentina (La Plata),,0,0,0,3,AS,0.14896551724137927,,,Sao Tome-Principe,,5,5,1,6,AS,0.45333333333333325
160-404,160,404,0.20594031507797494,0.11787263477645149,2835,2835,0,1,0,,,,Argentina (La Plata),,0,0,0,3,AS,0.14896551724137927,,,Guinea-Bissau (Portuguese Guinea),,5,5,2,6,AS,0.36666666666666675
160-411,160,411,1.928130698982749,15.248789734169394,315310,315310,1,0,0,,,,Argentina (La Plata),,0,0,0,3,AS,0.14896551724137927,,,Equatorial Guinea (Spanish Guinea),,0,0,0,3,AS,0.13090909090909092
160-42,42,160,0.005990893052925661,0.0031743013088335603,363.61188974477096,363.61188974477096,0,1,0,,,,Dominican Republic (Santo Domingo),,3,3,3,1,AS,0.037209302325581395,,,Argentina (La Plata),,0,0,0,3,AS,0.14896551724137927
160-511,160,511,0.020385777545267048,0.010872275039326196,430.81854778589536,430.81854778589536,0.2,0.8,0.6400000000000001,,,,Argentina (La Plata),,0,0,0,3,AS,0.14896551724137927,,,Zanzibar,,4,5,2,8,WE,0.2688888888888889
160-52,52,160,0.27441400936112437,0.1673719540718358,23235,23235,0,1,0,,,,Trinidad and Tobago,,3,4,3,1,AS,0.02684931506849315,,,Argentina (La Plata),,0,0,0,3,AS,0.14896551724137927
160-540,160,540,0.8461859034850066,0.7395052007601285,26179,26179,0.8,0.19999999999999996,0.6399999999999999,,,,Argentina (La Plata),,0,0,0,3,AS,0.14896551724137927,,,Angola,,5,5,0,6,AS,0.2853333333333333
160-541,160,541,0.1023550781286795,0.0555802890106496,15248,15248,0.1,0.9,0.36000000000000004,,,,Argentina (La Plata),,0,0,0,3,AS,0.14896551724137927,,,Mozambique (Portuguese East Africa),,5,5,2,6,AS,0.06285714285714285
160-560,160,560,0.27381939959905677,0.16643617332208038,324474.40498435596,2609|324474.40498435596,0.1,0.9,0.36000000000000004,,,,Argentina (La Plata),,0,0,0,3,AS,0.14896551724137927,,,South Africa,,5,5,2,3,AS,0.05199999999999999
160-600,160,600,0.09855222776414374,0.053549750346352565,29473.972246395784,29473.972246395784,0.9,0.09999999999999998,0.35999999999999993,,,,Argentina (La Plata),,0,0,0,3,AS,0.14896551724137927,,,Morocco,,0,0,0,3,AS,0.046486486486486484
160-6090,160,6090,1.9721248934529476,23.21755889166727,161005,161005,1,0,0,,,,Argentina (La Plata),,0,0,0,3,AS,0.14896551724137927,,,Río de Oro,,1,0,0,3,AS,0.07200000000000001
160-615,160,615,0.06675431643005669,0.036607522182860563,26838.893627514084,26838.893627514084,0.9,0.09999999999999998,0.35999999999999993,,,,Argentina (La Plata),,0,0,0,3,AS,0.14896551724137927,,,Algeria (Regency of Algiers),,0,0,0,3,AS,0.029425287356321838
160-616,160,616,0.013095638997594472,0.006970360947517795,1847.3419418998271,1847.3419418998271,0.9,0.09999999999999998,0.35999999999999993,,,,Argentina (La Plata),,0,0,0,3,AS,0.14896551724137927,,,Tunisia (Regency of Tunis),,0,0,0,3,LA,0.06918918918918919
160-630,160,630,0.000006546938983276185,0.000003389756515148612,1.7628793884455156,1.7628793884455156,0,1,0,,,,Argentina (La Plata),,0,0,0,3,AS,0.14896551724137927,,,Iran (Persia),,1,6,1,3,AS,0.07904761904761903
160-640,160,640,0.438650177500264,0.28847266277692685,196854.47329210737,196854.47329210737,0,1,0,,,,Argentina (La Plata),,0,0,0,3,AS,0.14896551724137927,,,Turkey (Ottoman Empire),,1,0,1,3,AS,0.08153846153846155
160-651,160,651,0.011903628665045685,0.006286546232973311,11464.396414036399,1405.1159340475517|11464.396414036399,0,1,0,,,,Argentina (La Plata),,0,0,0,3,AS,0.14896551724137927,,,Egypt Arab Republic (Egypt),,1,0,1,3,AS,0.3750588235294118
160-652,160,652,0.026406072701063987,0.01379442476424253,2557.154490684023,2557.154490684023,0.3,0.7,0.84,,,,Argentina (La Plata),,0,0,0,3,AS,0.14896551724137927,,,Syria,,1,0,1,4,ME,0.5333333333333332
160-68,68,160,0.00965473439549458,0.005016150781994688,3530,3530,0,1,0,,,,Netherlands Antilles,,3,3,5,6,AS,0,,,Argentina (La Plata),,0,0,0,3,AS,0.14896551724137927
160-70,70,160,0.5584470480626793,0.40749749809352975,560730.3971900874,560730.3971900874|122193.3971836381,0,1,0,,,,Mexico,,3,4,3,3,LA,0.020253164556962026,,,Argentina (La Plata),,0,0,0,3,AS,0.14896551724137927
160-710,160,710,0.01111433590039701,0.006020905669935073,17261.17512714011,4741.557928455622|17261.17512714011,0,1,0,,,,Argentina (La Plata),,0,0,0,3,AS,0.14896551724137927,,,People's Republic of China (China),,4,1,4,3,AS,0.0496
160-721,160,721,0.034098555663446106,0.017862408603559254,285,285,0,1,0,,,,Argentina (La Plata),,0,0,0,3,AS,0.14896551724137927,,,Macao,,5,1,4,6,AS,0
160-740,160,740,0.2771075673897542,0.17394946545817325,814499.7207553169,814499.7207553169|234004.41414677014,0,1,0,,,,Argentina (La Plata),,0,0,0,3,AS,0.14896551724137927,,,Japan,,4,1,4,3,AS,0.26739726027397276
160-750,160,750,0.9735111665944096,0.9801296852849852,5294451.502498236,5294451.502498236,0.1,0.9,0.36000000000000004,,,,Argentina (La Plata),,0,0,0,3,AS,0.14896551724137927,,,India,,4,0,2,1,AS,0.05248
160-752,160,752,0.6472421406585834,0.4859341267574391,3150,3150,0.1,0.9,0.36000000000000004,,,,Argentina (La Plata),,0,0,0,3,AS,0.14896551724137927,,,Portuguese India,,5,9,2,6,AS,0.0911111111111111
160-780,160,780,0.38345325967763066,0.24983769500324682,162489.955812655,162489.955812655,0.1,0.9,0.36000000000000004,,,,Argentina (La Plata),,0,0,0,3,AS,0.14896551724137927,,,Sri Lanka (Ceylon),,4,0,2,1,AS,0.03645569620253165
160-800,160,800,0.02001267035141152,0.01069569995552122,3890,3890,0,1,0,,,,Argentina (La Plata),,0,0,0,3,AS,0.14896551724137927,,,Thailand (Siam),,4,1,4,3,AS,0.03461538461538461
160-840,160,840,0.00201632425744791,0.0010714076087461333,843.5116386112572,843.5116386112572,0,1,0,,,,Argentina (La Plata),,0,0,0,3,AS,0.14896551724137927,,,Philippines,,4,1,3,3,AS,0.024
160-850,160,850,0.0003322322441664527,0.00017642366064274384,343.61729059043535,343.61729059043535,0,1,0,,,,Argentina (La Plata),,0,0,0,3,AS,0.14896551724137927,,,Indonesia (Dutch East Indies),,4,5,4,6,AS,0.08693333333333332
160-860,160,860,0.21146663257760145,0.12137841693674256,199,199,0,1,0,,,,Argentina (La Plata),,0,0,0,3,AS,0.14896551724137927,,,East Timor (Portuguese Timor),,5,5,1,6,AS,0.12695652173913044
160-90,90,160,0.00010506467083781779,0.00005420506247799661,6.659766578571948,6.659766578571948,0,1,0,,,,Guatemala,,3,0,1,5,WE,0.48756756756756775,,,Argentina (La Plata),,0,0,0,3,AS,0.14896551724137927
160-900,160,900,0.03844150859456752,0.02099597496125094,72941.28932729686,14604|72941.28932729686,0.1,0.9,0.36000000000000004,,,,Argentina (La Plata),,0,0,0,3,AS,0.14896551724137927,,,Australia,,2,0,2,1,AS,0.05283018867924528
160-91,91,160,0.0017007193997680137,0.0008780546251307975,98.52537026534382,98.52537026534382,0,1,0,,,,Honduras,,3,4,3,5,WE,0.025600000000000005,,,Argentina (La Plata),,0,0,0,3,AS,0.14896551724137927
160-92,92,160,0.0003251895913838343,0.00016770955824607636,14.298910595169183,14.298910595169183,0,1,0,,,,El Salvador,,3,0,1,5,WE,0.061111111111111116,,,Argentina (La Plata),,0,0,0,3,AS,0.14896551724137927
160-920,160,920,0.10075601591286576,0.05642888769506482,73608,73608|3.329883289285974,0.1,0.9,0.36000000000000004,,,,Argentina (La Plata),,0,0,0,3,AS,0.14896551724137927,,,New Zealand,,2,0,2,1,AS,0.05431578947368421
160-93,93,160,0.0002098772976932839,0.00010819713758969396,6.659766578571948,6.659766578571948,0,1,0,,,,Nicaragua,,3,0,3,5,WE,0.020645161290322584,,,Argentina (La Plata),,0,0,0,3,AS,0.14896551724137927
160-935,160,935,1.778374765396539,6.651583615966106,61130,61130,0.1,0.9,0.36000000000000004,,,,Argentina (La Plata),,0,0,0,3,AS,0.14896551724137927,,,Vanuatu (New Hebrides),,3,0,3,3,LA,0.252
160-94,94,160,0.00022920459672570725,0.00011820792211569842,10.185525355462978,10.185525355462978,0.1,0.9,0.36000000000000004,,,,Costa Rica,,3,0,2,5,WE,0.01894736842105263,,,Argentina (La Plata),,0,0,0,3,AS,0.14896551724137927
160-945,160,945,1.7603435734108555,6.191080252337655,58386,58386,0.1,0.9,0.36000000000000004,,,,Argentina (La Plata),,0,0,0,3,AS,0.14896551724137927,,,Gilbert and Ellice Is.,,2,0,3,3,LA,0.7866666666666666
160-95,95,160,0.20072213688528528,0.11471750308712281,35699.874619922535,35699.874619922535,0,1,0,,,,Panama,,3,0,3,1,AS,0.021333333333333336,,,Argentina (La Plata),,0,0,0,3,AS,0.14896551724137927
160-950,160,950,0.713105649815575,0.561669406619394,20182,20182,0.1,0.9,0.36000000000000004,,,,Argentina (La Plata),,0,0,0,3,AS,0.14896551724137927,,,Fiji,,2,8,2,3,LA,0.0672
160-9620,160,9620,1.8466995432205644,9.097701545437332,2390,2390,0,1,0,,,,Argentina (La Plata),,0,0,0,3,AS,0.14896551724137927,,,Pitcairn Is.,,3,4,3,3,LA,0
165-2,2,165,1.2659826657147926,1.5400850361171572,5801730.3676263625,5801730.3676263625|2277432.252679877,0,1,0,,,,United States of America,,3,4,3,3,AS,0.034503816793893125,,,Uruguay,,0,0,0,3,AS,0.04622222222222221
165-20,20,165,0.3589557854361922,0.22787292201857745,226333.52405083986,226333.52405083986,0,1,0,,,,Canada (Province of Canada),,3,4,3,3,NAM,0.03476923076923077,,,Uruguay,,0,0,0,3,AS,0.04622222222222221
165-200,165,200,1.2126923421151727,1.4531618099586527,4408888.124237825,3723230|4408888.124237825,0,1,0,,,,Uruguay,,0,0,0,3,AS,0.04622222222222221,,,United Kingdom,,2,0,2,3,AS,0.05652694610778443
165-210,165,210,0.6719082657824131,0.5301644593074641,373507.86319989833,252940.51288134968|373507.86319989833,0,1,0,,,,Uruguay,,0,0,0,3,AS,0.04622222222222221,,,Netherlands,,5,5,1,6,AS,0.06528
165-211,165,211,1.324919497223703,1.8881992901150708,1353006.86448197,1353006.86448197,1,0,0,,,,Uruguay,,0,0,0,3,AS,0.04622222222222221,,,Belgium,,5,5,0,6,AS,0.05224489795918367
165-220,165,220,1.3655453077330364,2.1410687494409775,2295598.4347640313,2295598.4347640313|1589040,1,0,0,,,,Uruguay,,0,0,0,3,AS,0.04622222222222221,,,France,,0,0,0,5,WE,0.039658119658119655
165-225,165,225,0.9493533326767591,0.9077311235371048,267565.4727063262,267565.4727063262,0.2,0.8,0.6400000000000001,,,,Uruguay,,0,0,0,3,AS,0.04622222222222221,,,Switzerland,,1,0,1,5,WE,0.3393939393939395
165-230,165,230,1.6198442073922559,4.059495735997361,1168374.2794304988,1168374.2794304988|60063.2907065988,1,0,0,,,,Uruguay,,0,0,0,3,AS,0.04622222222222221,,,Spain,,0,0,0,1,AF,0.026168224299065415
165-235,165,235,0.29208147962476116,0.1722457032962691,5720.092378752887,5720.092378752887|774.991605630244,0.9,0.09999999999999998,0.35999999999999993,,,,Uruguay,,0,0,0,3,AS,0.04622222222222221,,,Portugal,,5,5,0,6,WE,0.25612903225806444
165-255,165,255,1.2589613306361225,1.7765060376457307,2779159.8415656905,1888208.1298288703|2779159.8415656905,0,1,0,,,,Uruguay,,0,0,0,3,AS,0.04622222222222221,,,Germany (Zollverein),,1,0,1,8,WE,0.06266666666666668
165-305,165,305,0.4429802865930237,0.2881186243768178,63934.2453998251,63934.2453998251,0,1,0,,,,Uruguay,,0,0,0,3,AS,0.04622222222222221,,,Austria,,1,0,1,8,WE,0.08444444444444446
165-310,165,310,0.3377921574983229,0.20534638354637713,26519.23861964772,26519.23861964772,0,1,0,,,,Uruguay,,0,0,0,3,AS,0.04622222222222221,,,Hungary,,1,0,1,8,WE,0.09393258426966293
165-325,165,325,1.386130696096766,2.2173798499505994,1298464.8742261098,1298464.8742261098|1064902.144566782,0.1,0.9,0.36000000000000004,,,,Uruguay,,0,0,0,3,AS,0.04622222222222221,,,Italy,,1,0,1,4,WE,0.19471698113207533
165-345,165,345,0.007981860304178245,0.004051575821592546,413.77447601285945,413.77447601285945,0,1,0,,,,Uruguay,,0,0,0,3,AS,0.04622222222222221,,,"Yugoslavia (Kingdom of Serbs, Croats and Slovenes)",,1,0,1,3,NAM,0.0931578947368421
165-365,165,365,1.4546267199225427,2.66858768149055,551280.9309979923,1955.939880584723|551280.9309979923,0,1,0,,,,Uruguay,,0,0,0,3,AS,0.04622222222222221,,,Russia (USSR),,1,6,1,2,EESU,0.06482758620689656
165-366,165,366,0.1385554683581025,0.0749749197285775,1728.5183188965177,1728.5183188965177,0,1,0,,,,Uruguay,,0,0,0,3,AS,0.04622222222222221,,,Estonia,,1,0,1,8,EESU,0.06666666666666665
165-367,165,367,0.021584988857729193,0.011000292631495934,425.5640752836524,425.5640752836524,0,1,0,,,,Uruguay,,0,0,0,3,AS,0.04622222222222221,,,Latvia,,1,0,1,8,EESU,0.08675324675324675
165-368,165,368,0.003537326553932685,0.0017853503518533431,43.108392613746155,43.108392613746155,0,1,0,,,,Uruguay,,0,0,0,3,AS,0.04622222222222221,,,Lithuania,,1,0,1,8,EESU,0.10952380952380954
165-375,165,375,0.12605106576701752,0.06802085387000878,7941.67951228168,7941.67951228168,0,1,0,,,,Uruguay,,0,0,0,3,AS,0.04622222222222221,,,Finland,,1,0,1,8,EESU,0.07105263157894737
165-380,165,380,0.9667040815430629,0.9514108709843148,212564.71406392337,212564.71406392337|149909.44037238648,0,1,0,,,,Uruguay,,0,0,0,3,AS,0.04622222222222221,,,Sweden,,1,0,1,8,WE,0.06709677419354838
165-385,165,385,0.6336960857578859,0.46766650779294294,66756.56437420406,66756.56437420406|439.79332349261455,0,1,0,,,,Uruguay,,0,0,0,3,AS,0.04622222222222221,,,Norway,,1,0,1,8,WE,0.0669767441860465
165-390,165,390,0.04367360413753785,0.02278303060105491,7199.673544861707,7199.673544861707|2780.828008937852,0,1,0,,,,Uruguay,,0,0,0,3,AS,0.04622222222222221,,,Denmark,,1,0,2,8,WE,0.20404040404040397
165-40,40,165,1.1318116953924393,1.311528261859785,224135.8456655552,224135.8456655552|156894.20919848324,0,1,0,,,,Cuba,,3,3,3,3,LA,0.024242424242424242,,,Uruguay,,0,0,0,3,AS,0.04622222222222221
165-42,42,165,0.4233968279868463,0.2702079557396334,4702.452972752449,4702.452972752449,0,1,0,,,,Dominican Republic (Santo Domingo),,3,3,3,1,AS,0.037209302325581395,,,Uruguay,,0,0,0,3,AS,0.04622222222222221
165-52,52,165,0.3685854280287424,0.22739597987356086,4796,4796,0,1,0,,,,Trinidad and Tobago,,3,4,3,1,AS,0.02684931506849315,,,Uruguay,,0,0,0,3,AS,0.04622222222222221
165-560,165,560,0.006206684863061418,0.0031989359344049006,630.0409971382961,373|630.0409971382961,0,1,0,,,,Uruguay,,0,0,0,3,AS,0.04622222222222221,,,South Africa,,5,5,2,3,AS,0.05199999999999999
165-6,6,165,0.04367910923365215,0.022396910592871078,92.85898356515409,92.85898356515409,0,1,0,,,,Puerto Rico,,3,3,3,4,WE,0,,,Uruguay,,0,0,0,3,AS,0.04622222222222221
165-615,165,615,0.02809735500535937,0.01441233034827838,1605.3320805155704,1605.3320805155704,1,0,0,,,,Uruguay,,0,0,0,3,AS,0.04622222222222221,,,Algeria (Regency of Algiers),,0,0,0,3,AS,0.029425287356321838
165-651,165,651,0.0010746267046204405,0.0005458882418601929,106.66573513937618,106.66573513937618,0,1,0,,,,Uruguay,,0,0,0,3,AS,0.04622222222222221,,,Egypt Arab Republic (Egypt),,1,0,1,3,AS,0.3750588235294118
165-70,70,165,0.11619104758556642,0.06261789988711697,13090.73564358561,13090.73564358561,0,1,0,,,,Mexico,,3,4,3,3,LA,0.020253164556962026,,,Uruguay,,0,0,0,3,AS,0.04622222222222221
165-710,165,710,0.031066843063209615,0.016190764889316145,7052,150.0980022594176|7052,0,1,0,,,,Uruguay,,0,0,0,3,AS,0.04622222222222221,,,People's Republic of China (China),,4,1,4,3,AS,0.0496
165-740,165,740,0.7386613756944189,0.5960308620657363,424006.9650184456,424006.9650184456|12028.223860072589,0,1,0,,,,Uruguay,,0,0,0,3,AS,0.04622222222222221,,,Japan,,4,1,4,3,AS,0.26739726027397276
165-750,165,750,0.43792696405148657,0.2895174361113414,237601.1604023527,237601.1604023527,0,1,0,,,,Uruguay,,0,0,0,3,AS,0.04622222222222221,,,India,,4,0,2,1,AS,0.05248
165-800,165,800,0.018481310267649653,0.009410800175742473,520,520,0,1,0,,,,Uruguay,,0,0,0,3,AS,0.04622222222222221,,,Thailand (Siam),,4,1,4,3,AS,0.03461538461538461
165-840,165,840,0.08312743421442004,0.04386817114933883,5247.13555365597,5247.13555365597,0,1,0,,,,Uruguay,,0,0,0,3,AS,0.04622222222222221,,,Philippines,,4,1,3,3,AS,0.024
165-900,165,900,0.0004994038863475048,0.0002564429362056364,113,113,0,1,0,,,,Uruguay,,0,0,0,3,AS,0.04622222222222221,,,Australia,,2,0,2,1,AS,0.05283018867924528
165-920,165,920,0.1711452019302243,0.09492378357182485,18812,18812,0,1,0,,,,Uruguay,,0,0,0,3,AS,0.04622222222222221,,,New Zealand,,2,0,2,1,AS,0.05431578947368421
2-20,2,20,1.8839826021418458,4.443054948293204,185747613.0588373,102090838.40778127|185747613.0588373,1,0,0,,,,United States of America,,3,4,3,3,AS,0.034503816793893125,,,Canada (Province of Canada),,3,4,3,3,NAM,0.03476923076923077
2-200,2,200,0.869881108395252,0.9451094540507697,173208562.04782,173208562.04782|45557553.27927025,0,1,0,,,,United States of America,,3,4,3,3,AS,0.034503816793893125,,,United Kingdom,,2,0,2,3,AS,0.05652694610778443
2-205,2,205,0.52698328097495,0.40593581810793555,2958721.888806545,993320|2958721.888806545,0,1,0,,,,United States of America,,3,4,3,3,AS,0.034503816793893125,,,Ireland,,3,3,2,3,AS,0.017419354838709676
2-21,2,21,1.512053690319876,2.8804354014083984,2548783.455917622,2370068|2548783.455917622,1,0,0,,,,United States of America,,3,4,3,3,AS,0.034503816793893125,,,Newfoundland and Labrador (Newfoundland),,3,4,3,5,AF,0
2-210,2,210,0.7412875496106166,0.660285100462729,26189321.37025234,5886262.27214274|26189321.37025234,0,1,0,,,,United States of America,,3,4,3,3,AS,0.034503816793893125,,,Netherlands,,5,5,1,6,AS,0.06528
2-211,2,211,0.6896036937314101,0.5817487932574266,23468820.861080393,23468820.861080393,0,1,0,,,,United States of America,,3,4,3,3,AS,0.034503816793893125,,,Belgium,,5,5,0,6,AS,0.05224489795918367
2-220,2,220,0.8888240512191176,0.8954455892587881,54051545.68737686,26900202.792398095|54051545.68737686,0,1,0,,,,United States of America,,3,4,3,3,AS,0.034503816793893125,,,France,,0,0,0,5,WE,0.039658119658119655
2-225,2,225,0.815571396906264,0.8675619215590368,8237602.519198654,8237602.519198654|2522428.8002622817,0,1,0,,,,United States of America,,3,4,3,3,AS,0.034503816793893125,,,Switzerland,,1,0,1,5,WE,0.3393939393939395
2-230,2,230,1.0700021299067388,1.134574089266324,16717293.41112525,10214512.534410303|16717293.41112525,0,1,0,,,,United States of America,,3,4,3,3,AS,0.034503816793893125,,,Spain,,0,0,0,1,AF,0.026168224299065415
2-231,2,231,0.11745765969666044,0.07399641222366005,29443.09186495031,29443.09186495031,0,1,0,,,,United States of America,,3,4,3,3,AS,0.034503816793893125,,,Gibraltar,,0,0,4,3,AS,0.056
2-235,2,235,0.9579008390044821,0.9333596929701252,3086377.252137099,715477.1362586605|3086377.252137099,0,1,0,,,,United States of America,,3,4,3,3,AS,0.034503816793893125,,,Portugal,,5,5,0,6,WE,0.25612903225806444
2-255,2,255,0.8865975834704061,0.9390576924123393,82707086.31887658,48607872.14216606|82707086.31887658,0,1,0,,,,United States of America,,3,4,3,3,AS,0.034503816793893125,,,Germany (Zollverein),,1,0,1,8,WE,0.06266666666666668
2-290,2,290,0.3707621282791904,0.2657906820095015,2034320,709964.9033397461|2034320,0,1,0,,,,United States of America,,3,4,3,3,AS,0.034503816793893125,,,Poland,,1,0,1,3,AS,0.07673469387755102
2-291,2,291,0.8606180684780229,0.788111403267358,1323633,1323633,0,1,0,,,,United States of America,,3,4,3,3,AS,0.034503816793893125,,,Danzig (Free City of Danzig),,1,0,1,3,AS,0.05647058823529412
2-30,2,30,1.9674639692715092,7.8893625393249165,805052.3719717183,140090|805052.3719717183,1,0,0,,,,United States of America,,3,4,3,3,AS,0.034503816793893125,,,Bermuda,,3,4,3,3,AS,0
2-305,2,305,0.36916144590887934,0.30717357170840365,2195702.8488059444,2195702.8488059444|1068393.0327778123,0,1,0,,,,United States of America,,3,4,3,3,AS,0.034503816793893125,,,Austria,,1,0,1,8,WE,0.08444444444444446
2-31,2,31,1.6842255457572823,4.007158990006674,928032,101235|928032,1,0,0,,,,United States of America,,3,4,3,3,AS,0.034503816793893125,,,Bahamas,,3,4,3,1,AS,0.02909090909090909
2-310,2,310,0.1470957428107077,0.09849520732783801,478707.61248957674,478707.61248957674|409747.7691863807,0,1,0,,,,United States of America,,3,4,3,3,AS,0.034503816793893125,,,Hungary,,1,0,1,8,WE,0.09393258426966293
2-315,2,315,0.6980760022120875,0.6943056341914062,8970938.289210724,8970938.289210724|1247522.3329352024,0,1,0,,,,United States of America,,3,4,3,3,AS,0.034503816793893125,,,Czechoslovakia,,1,0,1,8,EESU,0.08153846153846155
2-325,2,325,0.9547692522606206,1.0426122747335187,31406101.919778537,31406101.919778537|18501765.935484134,0,1,0,,,,United States of America,,3,4,3,3,AS,0.034503816793893125,,,Italy,,1,0,1,4,WE,0.19471698113207533
2-338,2,338,0.32887787276250846,0.22737884646419992,128782,917|128782,0,1,0,,,,United States of America,,3,4,3,3,AS,0.034503816793893125,,,Malta,,1,0,2,3,AS,0.008999999999999998
2-339,2,339,1.0632786920938877,1.3375303568089756,89437.90642347344,89437.90642347344|32770.84577684157,0,1,0,,,,United States of America,,3,4,3,3,AS,0.034503816793893125,,,Albania,,1,0,1,3,AS,0.28235294117647053
2-345,2,345,0.1826168273282731,0.13844627072002746,455458.16816745215,455458.16816745215|235305.4172173214,0,1,0,,,,United States of America,,3,4,3,3,AS,0.034503816793893125,,,"Yugoslavia (Kingdom of Serbs, Croats and Slovenes)",,1,0,1,3,NAM,0.0931578947368421
2-350,2,350,0.7588246558352204,0.6566681955906077,3336334.689368216,3336334.689368216,0,1,0,,,,United States of America,,3,4,3,3,AS,0.034503816793893125,,,Greece,,1,0,1,3,AS,0.11567567567567569
2-352,2,352,0.6196358567577787,0.49456363550965654,136205,36207|136205,0,1,0,,,,United States of America,,3,4,3,3,AS,0.034503816793893125,,,Cyprus,,1,0,1,3,AS,0.3379310344827586
2-355,2,355,0.23246272353509145,0.15427387384342417,211454.93248464316,158680.07313156416|211454.93248464316,0,1,0,,,,United States of America,,3,4,3,3,AS,0.034503816793893125,,,Bulgaria,,1,0,1,3,AS,0.10952380952380951
2-360,2,360,0.5799607232454254,0.5359587836800156,2211312.3147230255,2015719.366138906|2211312.3147230255,0,1,0,,,,United States of America,,3,4,3,3,AS,0.034503816793893125,,,Romania,,1,0,1,3,AS,0.08095238095238096
2-365,2,365,1.2330284157577351,1.4847690880523932,17268476.32666701,7663526.868437307|17268476.32666701,0,1,0,,,,United States of America,,3,4,3,3,AS,0.034503816793893125,,,Russia (USSR),,1,6,1,2,EESU,0.06482758620689656
2-366,2,366,0.36971147121954673,0.2608122315455389,166775.5553189493,130400.18411376451|166775.5553189493,0,1,0,,,,United States of America,,3,4,3,3,AS,0.034503816793893125,,,Estonia,,1,0,1,8,EESU,0.06666666666666665
2-367,2,367,0.366407164327507,0.25853645263794256,472942.5315649711,160504.2698631241|472942.5315649711,0,1,0,,,,United States of America,,3,4,3,3,AS,0.034503816793893125,,,Latvia,,1,0,1,8,EESU,0.08675324675324675
2-368,2,368,0.1564072322041563,0.11669075746972402,90761.64147734155,37884.81750455145|90761.64147734155,0,1,0,,,,United States of America,,3,4,3,3,AS,0.034503816793893125,,,Lithuania,,1,0,1,8,EESU,0.10952380952380954
2-375,2,375,0.8151344095526445,0.7305633428001865,3039227.126003717,3039227.126003717|2342879.310725103,0,1,0,,,,United States of America,,3,4,3,3,AS,0.034503816793893125,,,Finland,,1,0,1,8,EESU,0.07105263157894737
2-380,2,380,0.9649834396601173,0.9588764616043417,12061166.981516954,12061166.981516954|10942301.108004214,0,1,0,,,,United States of America,,3,4,3,3,AS,0.034503816793893125,,,Sweden,,1,0,1,8,WE,0.06709677419354838
2-385,2,385,0.8241759921495188,0.8793853110484435,4846991.787362205,4043564.942361902|4846991.787362205,0,1,0,,,,United States of America,,3,4,3,3,AS,0.034503816793893125,,,Norway,,1,0,1,8,WE,0.0669767441860465
2-390,2,390,0.8573998144381784,0.7969003660936103,10538362.03443183,971406.3351559594|10538362.03443183,0,1,0,,,,United States of America,,3,4,3,3,AS,0.034503816793893125,,,Denmark,,1,0,2,8,WE,0.20404040404040397
2-395,2,395,0.39178870397495047,0.27904966705752166,103749.84198645598,103749.84198645598|92241.29479369048,0,1,0,,,,United States of America,,3,4,3,3,AS,0.034503816793893125,,,Iceland,,1,0,0,8,EESU,0.04
2-40,2,40,1.9129434200213447,6.688317317773609,42981493.0936966,42981493.0936966|25794413.326916855,1,0,0,,,,United States of America,,3,4,3,3,AS,0.034503816793893125,,,Cuba,,3,3,3,3,LA,0.024242424242424242
2-402,2,402,0.6880884540404182,0.6737200947740385,20989,2623.556581986143|20989,0,1,0,,,,United States of America,,3,4,3,3,AS,0.034503816793893125,,,Cape Verde,,5,5,2,6,AS,0.05466666666666666
2-403,2,403,1.498081509633895,2.242188608372902,164852,125071.59353348729|164852,0,1,0,,,,United States of America,,3,4,3,3,AS,0.034503816793893125,,,Sao Tome-Principe,,5,5,1,6,AS,0.45333333333333325
2-404,2,404,0.2954347598099296,0.2010946781959564,27509,1570.4387990762125|27509,0,1,0,,,,United States of America,,3,4,3,3,AS,0.034503816793893125,,,Guinea-Bissau (Portuguese Guinea),,5,5,2,6,AS,0.36666666666666675
2-41,2,41,1.887133273126265,4.61369616552039,1765350.1374131746,268974.2611369217|1765350.1374131746,0,1,0,,,,United States of America,,3,4,3,3,AS,0.034503816793893125,,,Haiti,,3,4,0,1,AS,0.027027027027027032
2-411,2,411,0.8297035807468973,0.7451794864079202,87639,87639,0,1,0,,,,United States of America,,3,4,3,3,AS,0.034503816793893125,,,Equatorial Guinea (Spanish Guinea),,0,0,0,3,AS,0.13090909090909092
2-42,2,42,1.859722071377067,4.35140085480442,2810682.8464925643,1117417.222003186|2810682.8464925643,1,0,0,,,,United States of America,,3,4,3,3,AS,0.034503816793893125,,,Dominican Republic (Santo Domingo),,3,3,3,1,AS,0.037209302325581395
2-420,2,420,1.7431402686675153,3.4518854011747013,784874.5887355985,784874.5887355985,1,0,0,,,,United States of America,,3,4,3,3,AS,0.034503816793893125,,,Gambia,,5,0,3,1,AS,0
2-450,2,450,1.2330331005737807,1.4596269025282544,82358.29892293793,82358.29892293793,0,1,0,,,,United States of America,,3,4,3,3,AS,0.034503816793893125,,,Liberia,,5,0,2,9,AF,0
2-451,2,451,0.3439087786347327,0.2798879822404978,42421,42421,0,1,0,,,,United States of America,,3,4,3,3,AS,0.034503816793893125,,,Sierra Leone,,5,0,2,5,AF,0.04761904761904761
2-452,2,452,1.5176255852345995,2.766386918322264,3663368,3663368|1058098.2454124452,0,1,0,,,,United States of America,,3,4,3,3,AS,0.034503816793893125,,,Ghana (Gold Coast),,5,0,1,1,AS,0.05499999999999999
2-475,2,475,1.0304135621041075,1.2644330655259641,2552538,2552538|704163.4557911194,0,1,0,,,,United States of America,,3,4,3,3,AS,0.034503816793893125,,,Nigeria,,5,0,2,3,AS,0.02918918918918919
2-490,2,490,0.8478953560151496,0.7709947625837963,346591.7551298456,346591.7551298456|284547.9227787506,0,1,0,,,,United States of America,,3,4,3,3,AS,0.034503816793893125,,,Democratic Republic of the Congo (Zaire) (Kinshasa) (Belgian Congo) (Congo Free State),,5,5,0,6,AS,0.09619047619047619
2-5,2,5,1.9683671604639257,5.547337780409716,469442.3038607462,469442.3038607462,1,0,0,,,,United States of America,,3,4,3,3,AS,0.034503816793893125,,,Virgin Islands (Danish West Indies),,3,3,3,3,LA,0
2-501,2,501,0.8609662139850295,0.7882078260605645,1115337.263163887,1115337.263163887,0,1,0,,,,United States of America,,3,4,3,3,AS,0.034503816793893125,,,Kenya (British East Africa Protectorate),,4,5,2,3,AS,0.042499999999999996
2-51,2,51,1.5300976415959897,2.9781093016718256,1863562.408878778,1568060|1863562.408878778,1,0,0,,,,United States of America,,3,4,3,3,AS,0.034503816793893125,,,Jamaica,,3,4,3,1,AS,0.011034482758620692
2-511,2,511,0.6090725844150757,0.5698594689685518,110511.0332488445,110511.0332488445,0,1,0,,,,United States of America,,3,4,3,3,AS,0.034503816793893125,,,Zanzibar,,4,5,2,8,WE,0.2688888888888889
2-512,2,512,0.42712188382994365,0.3625346788560063,153190,153190,0,1,0,,,,United States of America,,3,4,3,3,AS,0.034503816793893125,,,Tanzania (Tanganyika),,4,5,2,1,AF,0.46142857142857163
2-52,2,52,1.5444649708483789,3.056726319178984,2076732,1382589.9431688206|2076732,1,0,0,,,,United States of America,,3,4,3,3,AS,0.034503816793893125,,,Trinidad and Tobago,,3,4,3,1,AS,0.02684931506849315
2-53,2,53,0.9576526892244177,0.9315444197490319,284959.7142733653,284959.7142733653|58221,1,0,0,,,,United States of America,,3,4,3,3,AS,0.034503816793893125,,,Barbados,,3,4,3,1,AS,0.01777777777777778
2-530,2,530,0.2764243491498867,0.18651484854411415,5147.393682683621,5147.393682683621,0,1,0,,,,United States of America,,3,4,3,3,AS,0.034503816793893125,,,Ethiopia (Abyssinia),,1,2,2,3,AS,0.4693333333333334
2-540,2,540,1.141947652863071,1.2616553785088527,254031,589.3775979124949|254031,0,1,0,,,,United States of America,,3,4,3,3,AS,0.034503816793893125,,,Angola,,5,5,0,6,AS,0.2853333333333333
2-541,2,541,0.8678403368299051,0.7981871367180092,1245463.375462129,79.77777777777777|1245463.375462129,0,1,0,,,,United States of America,,3,4,3,3,AS,0.034503816793893125,,,Mozambique (Portuguese East Africa),,5,5,2,6,AS,0.06285714285714285
2-551,2,551,0.17702050676756464,0.1331506397506529,13375,13375,0,1,0,,,,United States of America,,3,4,3,3,AS,0.034503816793893125,,,Zambia (Northern Rhodesia),,5,5,2,6,AF,0.01894736842105263
2-552,2,552,0.6840974600927634,0.6686278606641399,501618,501618,0,1,0,,,,United States of America,,3,4,3,3,AS,0.034503816793893125,,,Zimbabwe (Rhodesia) (Southern Rhodesia),,5,5,2,3,AS,0.010909090909090906
2-553,2,553,0.0012514418268579908,0.0008717390036863115,59,59,0,1,0,,,,United States of America,,3,4,3,3,AS,0.034503816793893125,,,Malawi (Nyasaland) (British Central Africa Protectorate),,5,5,2,1,WE,0.07999999999999999
2-560,2,560,1.0689866268330224,1.1339693297842899,12573847.392312242,1666580|12573847.392312242,0,1,0,,,,United States of America,,3,4,3,3,AS,0.034503816793893125,,,South Africa,,5,5,2,3,AS,0.05199999999999999
2-580,2,580,0.311166706070226,0.21352021802122312,134655.81873900353,134655.81873900353,0,1,0,,,,United States of America,,3,4,3,3,AS,0.034503816793893125,,,Madagascar (Malagasy Republic),,0,0,0,5,AF,0.020000000000000004
2-590,2,590,0.06456145153650528,0.04623287029400058,20138,20138,0,1,0,,,,United States of America,,3,4,3,3,AS,0.034503816793893125,,,Mauritius,,4,0,2,3,AS,0.05076923076923076
2-591,2,591,1.3030229729912366,2.003722207636222,36955.742389355975,36955.742389355975,0,1,0,,,,United States of America,,3,4,3,3,AS,0.034503816793893125,,,Seychelles,,4,0,2,3,AS,0.05499999999999999
2-600,2,600,0.44912037407644156,0.32983971019496794,1032567.1727463343,265809.6435744797|1032567.1727463343,0,1,0,,,,United States of America,,3,4,3,3,AS,0.034503816793893125,,,Morocco,,0,0,0,3,AS,0.046486486486486484
2-601,2,601,0.20462154022936196,0.15584410300427576,4112.7962543178555,4112.7962543178555,0,1,0,,,,United States of America,,3,4,3,3,AS,0.034503816793893125,,,Tangier,,0,0,0,5,AF,0.045
2-6090,2,6090,1.0766615915483202,1.1346078477856565,44751,44751,0,1,0,,,,United States of America,,3,4,3,3,AS,0.034503816793893125,,,Río de Oro,,1,0,0,3,AS,0.07200000000000001
2-615,2,615,0.28739410304782675,0.19728921719375925,1453646.4043612073,645424.166321054|1453646.4043612073,0,1,0,,,,United States of America,,3,4,3,3,AS,0.034503816793893125,,,Algeria (Regency of Algiers),,0,0,0,3,AS,0.029425287356321838
2-616,2,616,0.533445236078554,0.40825122645399925,778675.2879450255,196052.18870738646|778675.2879450255,0,1,0,,,,United States of America,,3,4,3,3,AS,0.034503816793893125,,,Tunisia (Regency of Tunis),,0,0,0,3,LA,0.06918918918918919
2-625,2,625,0.39370219359945025,0.32870623116301845,250909.60364194086,250909.60364194086,0,1,0,,,,United States of America,,3,4,3,3,AS,0.034503816793893125,,,Sudan (Anglo-Egyptian Sudan) (Mahdist State),,4,2,2,3,AS,0.12
2-630,2,630,0.2520106401235094,0.16907782074340938,500120.7702095406,500120.7702095406,0,1,0,,,,United States of America,,3,4,3,3,AS,0.034503816793893125,,,Iran (Persia),,1,6,1,3,AS,0.07904761904761903
2-640,2,640,0.8253447320785137,0.8801210083569819,1527088.2864915256,1527088.2864915256|1182253.381038774,0,1,0,,,,United States of America,,3,4,3,3,AS,0.034503816793893125,,,Turkey (Ottoman Empire),,1,0,1,3,AS,0.08153846153846155
2-645,2,645,0.3168329560366512,0.21790268106853872,201571.9366138906,201571.9366138906,0,1,0,,,,United States of America,,3,4,3,3,AS,0.034503816793893125,,,Iraq (Mesopotamia),,4,6,2,3,AS,0.045714285714285714
2-65,2,65,0.8430711617981577,0.7634406234714454,170885,1613.377565630612|170885,0,1,0,,,,United States of America,,3,4,3,3,AS,0.034503816793893125,,,Guadeloupe,,3,0,0,1,AS,0
2-651,2,651,1.0004457870304673,1.2012089487511315,7560791.406412677,7560791.406412677|2880893.296324369,0,1,0,,,,United States of America,,3,4,3,3,AS,0.034503816793893125,,,Egypt Arab Republic (Egypt),,1,0,1,3,AS,0.3750588235294118
2-652,2,652,0.7943195183680378,0.6989104743086129,736900.8796129872,736900.8796129872,0,1,0,,,,United States of America,,3,4,3,3,AS,0.034503816793893125,,,Syria,,1,0,1,4,ME,0.5333333333333332
2-66,2,66,1.2971967410101275,1.6176882463209692,518659,1610.9173422557697|518659,0,1,0,,,,United States of America,,3,4,3,3,AS,0.034503816793893125,,,Martinique,,3,4,0,1,AS,0
2-665,2,665,0.9214954569302041,0.8759281865992812,289077.62921951216,289077.62921951216,0,1,0,,,,United States of America,,3,4,3,3,AS,0.034503816793893125,,,Palestine,,1,0,1,4,ME,0.22375
2-68,2,68,1.1319283730028336,1.2399329997419737,4962911.09309624,4962911.09309624,0,1,0,,,,United States of America,,3,4,3,3,AS,0.034503816793893125,,,Netherlands Antilles,,3,3,5,6,AS,0
2-681,2,681,0.8480707184575088,0.9171763787829627,357256.3529219333,357256.3529219333|125184.61436286566,0,1,0,,,,United States of America,,3,4,3,3,AS,0.034503816793893125,,,Aden,,4,2,2,3,AS,0.4050000000000002
2-70,2,70,1.8677406497998816,5.287355603629714,35606688.2003467,35606688.2003467|27217152.940810606,1,0,0,,,,United States of America,,3,4,3,3,AS,0.034503816793893125,,,Mexico,,3,4,3,3,LA,0.020253164556962026
2-710,2,710,1.1438547765726523,1.2824939933034587,25528601.917143073,25528601.917143073|16481744,0,1,0,,,,United States of America,,3,4,3,3,AS,0.034503816793893125,,,People's Republic of China (China),,4,1,4,3,AS,0.0496
2-7104,2,7104,0.927170836435109,0.8845369322331846,2436570.2736351187,2436570.2736351187,0.6,0.4,0.96,,,,United States of America,,3,4,3,3,AS,0.034503816793893125,,,Kwangtung Territory,,4,1,4,1,WE,0.576
2-713,2,713,0.9351278483210722,1.0721306752715873,386175.3090879205,386175.3090879205,0,1,0,,,,United States of America,,3,4,3,3,AS,0.034503816793893125,,,Republic of China (Taiwan) (Formosa),,4,1,4,2,ME,0.04
2-720,2,720,0.5599561164274083,0.43539402469513444,3996436.455235563,3996436.455235563,0,1,0,,,,United States of America,,3,4,3,3,AS,0.034503816793893125,,,Hong Kong,,4,1,4,8,EESU,0.09517241379310344
2-740,2,740,1.6841246021989158,3.7871161894044443,86784142.99416052,86784142.99416052|53233933.674819395,0.6,0.4,0.96,,,,United States of America,,3,4,3,3,AS,0.034503816793893125,,,Japan,,4,1,4,3,AS,0.26739726027397276
2-750,2,750,0.9056338838161738,1.0244573110246227,27082902.485268846,11385828.930348862|27082902.485268846,0,1,0,,,,United States of America,,3,4,3,3,AS,0.034503816793893125,,,India,,4,0,2,1,AS,0.05248
2-780,2,780,1.2132488440522604,1.7185905380335211,5470221.105684296,5470221.105684296|586185.1925840108,0,1,0,,,,United States of America,,3,4,3,3,AS,0.034503816793893125,,,Sri Lanka (Ceylon),,4,0,2,1,AS,0.03645569620253165
2-80,2,80,1.9317652795222249,7.129232229018125,716118.234496363,716118.234496363|386054.52620127157,1,0,0,,,,United States of America,,3,4,3,3,AS,0.034503816793893125,,,Belize (British Honduras),,3,0,3,5,AF,0.03555555555555556
2-800,2,800,0.595962641553303,0.47119780036032743,650836.457238517,87432.14995516681|650836.457238517,0,1,0,,,,United States of America,,3,4,3,3,AS,0.034503816793893125,,,Thailand (Siam),,4,1,4,3,AS,0.03461538461538461
2-810,2,810,0.3594391844246605,0.2532969377685669,519680.8662037384,250076.85676373207|519680.8662037384,0,1,0,,,,United States of America,,3,4,3,3,AS,0.034503816793893125,,,French Indochina,,4,1,4,3,AS,0.06428571428571428
2-840,2,840,1.908131748928474,6.637836492313608,25575657.754142556,25575657.754142556|17586379.360509552,1,0,0,,,,United States of America,,3,4,3,3,AS,0.034503816793893125,,,Philippines,,4,1,3,3,AS,0.024
2-850,2,850,0.9037193457276371,1.0176048369969226,13652714.853986045,13652714.853986045|9397905.490096448,0,1,0,,,,United States of America,,3,4,3,3,AS,0.034503816793893125,,,Indonesia (Dutch East Indies),,4,5,4,6,AS,0.08693333333333332
2-90,2,90,1.7304276524626911,3.980992365837275,2354623.7662067953,2342473.334566227|2354623.7662067953,0.2,0.8,0.6400000000000001,,,,United States of America,,3,4,3,3,AS,0.034503816793893125,,,Guatemala,,3,0,1,5,WE,0.48756756756756775
2-900,2,900,1.2700842150721017,1.5616849973911042,30857801.544699077,5233772|30857801.544699077,0,1,0,,,,United States of America,,3,4,3,3,AS,0.034503816793893125,,,Australia,,2,0,2,1,AS,0.05283018867924528
2-91,2,91,1.8960309709620558,6.474502615992845,3762373.4034065465,3762373.4034065465|2618788.010002119,1,0,0,,,,United States of America,,3,4,3,3,AS,0.034503816793893125,,,Honduras,,3,4,3,5,WE,0.025600000000000005
2-911,2,911,1.28059084028992,1.9288849307444194,249227.52342286616,249227.52342286616,0,1,0,,,,United States of America,,3,4,3,3,AS,0.034503816793893125,,,Papua (British New Guinea),,2,0,2,3,AS,0
2-912,2,912,1.9494310791622698,7.490021685711583,251748,251748,0,1,0,,,,United States of America,,3,4,3,3,AS,0.034503816793893125,,,New Guinea (German New Guinea) (Kaiser Wilhelmsland),,2,0,2,8,WE,0
2-92,2,92,1.7335145038606896,3.3894889014247447,1643665.7507545338,622736.1917685464|1643665.7507545338,0,1,0,,,,United States of America,,3,4,3,3,AS,0.034503816793893125,,,El Salvador,,3,0,1,5,WE,0.061111111111111116
2-920,2,920,1.1047379799762098,1.1963382181598017,8098703.324587102,3653427|8098703.324587102,0,1,0,,,,United States of America,,3,4,3,3,AS,0.034503816793893125,,,New Zealand,,2,0,2,1,AS,0.05431578947368421
2-93,2,93,1.8294974335045513,4.69652165992257,1431387.2352806614,1184731.9735593616|1431387.2352806614,1,0,0,,,,United States of America,,3,4,3,3,AS,0.034503816793893125,,,Nicaragua,,3,0,3,5,WE,0.020645161290322584
2-935,2,935,1.5440024469475024,2.421633737597275,126582,126582,0.9,0.09999999999999998,0.35999999999999993,,,,United States of America,,3,4,3,3,AS,0.034503816793893125,,,Vanuatu (New Hebrides),,3,0,3,3,LA,0.252
2-94,2,94,1.7460378296833894,3.470635413107029,1700904.7685059756,1039738.0624775325|1700904.7685059756,0,1,0,,,,United States of America,,3,4,3,3,AS,0.034503816793893125,,,Costa Rica,,3,0,2,5,WE,0.01894736842105263
2-945,2,945,1.5012738689641374,2.2539789594157797,120900,120900,0.4,0.6,0.96,,,,United States of America,,3,4,3,3,AS,0.034503816793893125,,,Gilbert and Ellice Is.,,2,0,3,3,LA,0.7866666666666666
2-95,2,95,1.901640313352943,4.755284234268282,8416812.25417695,8416812.25417695,1,0,0,,,,United States of America,,3,4,3,3,AS,0.034503816793893125,,,Panama,,3,0,3,1,AS,0.021333333333333336
2-950,2,950,1.0663774173727025,1.344558300849815,252653,252653|41791,0,1,0,,,,United States of America,,3,4,3,3,AS,0.034503816793893125,,,Fiji,,2,8,2,3,LA,0.0672
2-960,2,960,1.0572627826122527,1.0991808447387488,198071.70890966573,198071.70890966573,0,1,0,,,,United States of America,,3,4,3,3,AS,0.034503816793893125,,,French Polynesia,,0,0,0,5,AF,0
2-9620,2,9620,1.7210378432517088,3.3122040544616564,4949,4949,1,0,0,,,,United States of America,,3,4,3,3,AS,0.034503816793893125,,,Pitcairn Is.,,3,4,3,3,LA,0
2-990,2,990,1.8570228260144552,5.8761767384544585,76882,76882,0,1,0,,,,United States of America,,3,4,3,3,AS,0.034503816793893125,,,Samoa (Western Samoa) (German Samoa),,2,7,2,1,WE,0
20-200,20,200,1.3265765372705087,1.8172696525053313,87811207.03747599,87811207.03747599|35007873,0,1,0,,,,Canada (Province of Canada),,3,4,3,3,NAM,0.03476923076923077,,,United Kingdom,,2,0,2,3,AS,0.05652694610778443
20-205,20,205,0.5960898800310797,0.4407185137853862,846937.5536392988,85483|846937.5536392988,0,1,0,,,,Canada (Province of Canada),,3,4,3,3,NAM,0.03476923076923077,,,Ireland,,3,3,2,3,AS,0.017419354838709676
20-21,20,21,1.77928774498309,6.123687822629373,2280540.6841309415,584990|2280540.6841309415,1,0,0,,,,Canada (Province of Canada),,3,4,3,3,NAM,0.03476923076923077,,,Newfoundland and Labrador (Newfoundland),,3,4,3,5,AF,0
20-210,20,210,0.9088922661707266,0.8669153227037716,9065938.125791818,1672185.6789799067|9065938.125791818,0,1,0,,,,Canada (Province of Canada),,3,4,3,3,NAM,0.03476923076923077,,,Netherlands,,5,5,1,6,AS,0.06528
20-211,20,211,0.6696041527970584,0.5244925743646951,5578769.872083045,5578769.872083045,0,1,0,,,,Canada (Province of Canada),,3,4,3,3,NAM,0.03476923076923077,,,Belgium,,5,5,0,6,AS,0.05224489795918367
20-220,20,220,0.30045835473335103,0.207113255827022,3296249.948914954,3296249.948914954,0,1,0,,,,Canada (Province of Canada),,3,4,3,3,NAM,0.03476923076923077,,,France,,0,0,0,5,WE,0.039658119658119655
20-225,20,225,0.5952538830830054,0.4577019100775441,1497215.4010562454,1497215.4010562454|98884.09824676122,0,1,0,,,,Canada (Province of Canada),,3,4,3,3,NAM,0.03476923076923077,,,Switzerland,,1,0,1,5,WE,0.3393939393939395
20-230,20,230,0.44212575139123844,0.30003801758136994,1165608.5250725409,289952.5283519492|1165608.5250725409,0,1,0,,,,Canada (Province of Canada),,3,4,3,3,NAM,0.03476923076923077,,,Spain,,0,0,0,1,AF,0.026168224299065415
20-231,20,231,0.24753400336090348,0.1468443402578169,15405.410928113124,15405.410928113124,0,1,0,,,,Canada (Province of Canada),,3,4,3,3,NAM,0.03476923076923077,,,Gibraltar,,0,0,4,3,AS,0.056
20-235,20,235,1.1544342216708854,1.344208248400772,1171952.0617924721,1171952.0617924721,0,1,0,,,,Canada (Province of Canada),,3,4,3,3,NAM,0.03476923076923077,,,Portugal,,5,5,0,6,WE,0.25612903225806444
20-255,20,255,0.500672977610046,0.4110160296733891,9544485.675752994,4158962.322324369|9544485.675752994,0,1,0,,,,Canada (Province of Canada),,3,4,3,3,NAM,0.03476923076923077,,,Germany (Zollverein),,1,0,1,8,WE,0.06266666666666668
20-290,20,290,0.06384915859281382,0.03504891940949373,70728.99286862071,20565.32745921457|70728.99286862071,0,1,0,,,,Canada (Province of Canada),,3,4,3,3,NAM,0.03476923076923077,,,Poland,,1,0,1,3,AS,0.07673469387755102
20-291,20,291,0.009313718924935044,0.004903181939523327,2171.20738476112,2171.20738476112,0,1,0,,,,Canada (Province of Canada),,3,4,3,3,NAM,0.03476923076923077,,,Danzig (Free City of Danzig),,1,0,1,3,AS,0.05647058823529412
20-3,3,20,1.998974107566857,22.477902709647644,84154.64465241735,84154.64465241735,1,0,0,,,,Alaska,,3,4,3,8,WE,0,,,Canada (Province of Canada),,3,4,3,3,NAM,0.03476923076923077
20-30,20,30,1.6282539060060914,3.8101367119904688,332666.4350811231,13878|332666.4350811231,1,0,0,,,,Canada (Province of Canada),,3,4,3,3,NAM,0.03476923076923077,,,Bermuda,,3,4,3,3,AS,0
20-305,20,305,0.11837652489729644,0.06915435955405602,170298.37027277995,170298.37027277995|71457.96722383425,0,1,0,,,,Canada (Province of Canada),,3,4,3,3,NAM,0.03476923076923077,,,Austria,,1,0,1,8,WE,0.08444444444444446
20-31,20,31,1.5478272449654724,3.0885117397584687,720873,9734|720873,1,0,0,,,,Canada (Province of Canada),,3,4,3,3,NAM,0.03476923076923077,,,Bahamas,,3,4,3,1,AS,0.02909090909090909
20-310,20,310,0.03824263892900581,0.020596759572246603,27386.89770730312,27386.89770730312,0,1,0,,,,Canada (Province of Canada),,3,4,3,3,NAM,0.03476923076923077,,,Hungary,,1,0,1,8,WE,0.09393258426966293
20-315,20,315,0.17660276214811577,0.10395528673119303,348159.9166292043,348159.9166292043,0,1,0,,,,Canada (Province of Canada),,3,4,3,3,NAM,0.03476923076923077,,,Czechoslovakia,,1,0,1,8,EESU,0.08153846153846155
20-325,20,325,0.6739531516388024,0.5412706459906956,4704912.133720217,4704912.133720217|676985.4315295283,0,1,0,,,,Canada (Province of Canada),,3,4,3,3,NAM,0.03476923076923077,,,Italy,,1,0,1,4,WE,0.19471698113207533
20-338,20,338,1.217731527528018,1.5190927031700128,226846.82659691857,226846.82659691857|81,0,1,0,,,,Canada (Province of Canada),,3,4,3,3,NAM,0.03476923076923077,,,Malta,,1,0,2,3,AS,0.008999999999999998
20-345,20,345,0.014883642556121623,0.007968308563796933,9977.726919776043,9977.726919776043|9030.973898203729,0,1,0,,,,Canada (Province of Canada),,3,4,3,3,NAM,0.03476923076923077,,,"Yugoslavia (Kingdom of Serbs, Croats and Slovenes)",,1,0,1,3,NAM,0.0931578947368421
20-350,20,350,1.3056399131567789,1.8077294656308496,2421588.7449425803,6288.2417583690785|2421588.7449425803,0,1,0,,,,Canada (Province of Canada),,3,4,3,3,NAM,0.03476923076923077,,,Greece,,1,0,1,3,AS,0.11567567567567569
20-352,20,352,0.02377016401272869,0.013121620469734308,819,819,0,1,0,,,,Canada (Province of Canada),,3,4,3,3,NAM,0.03476923076923077,,,Cyprus,,1,0,1,3,AS,0.3379310344827586
20-355,20,355,0.04707590645705961,0.025259248221230934,9128.28476848257,9128.28476848257,0,1,0,,,,Canada (Province of Canada),,3,4,3,3,NAM,0.03476923076923077,,,Bulgaria,,1,0,1,3,AS,0.10952380952380951
20-360,20,360,0.1420217536856071,0.08055288872089161,116153.50034737833,116153.50034737833,0,1,0,,,,Canada (Province of Canada),,3,4,3,3,NAM,0.03476923076923077,,,Romania,,1,0,1,3,AS,0.08095238095238096
20-365,20,365,0.264278795750825,0.16375986430138822,502164.3712452491,502164.3712452491,0,1,0,,,,Canada (Province of Canada),,3,4,3,3,NAM,0.03476923076923077,,,Russia (USSR),,1,6,1,2,EESU,0.06482758620689656
20-366,20,366,0.18688122141873764,0.10748100123596904,18120.88765376599,18120.88765376599|147.58128945307809,0,1,0,,,,Canada (Province of Canada),,3,4,3,3,NAM,0.03476923076923077,,,Estonia,,1,0,1,8,EESU,0.06666666666666665
20-367,20,367,0.027336400697070662,0.014538107519824983,7011.933466835589,1002.298672832244|7011.933466835589,0,1,0,,,,Canada (Province of Canada),,3,4,3,3,NAM,0.03476923076923077,,,Latvia,,1,0,1,8,EESU,0.08675324675324675
20-368,20,368,0.015244016886215572,0.008045693742893767,1479.2186031304918,1479.2186031304918|6.158341801963736,0,1,0,,,,Canada (Province of Canada),,3,4,3,3,NAM,0.03476923076923077,,,Lithuania,,1,0,1,8,EESU,0.10952380952380954
20-375,20,375,0.5524013165843709,0.39534564568063535,433636.23360170017,433636.23360170017,0,1,0,,,,Canada (Province of Canada),,3,4,3,3,NAM,0.03476923076923077,,,Finland,,1,0,1,8,EESU,0.07105263157894737
20-380,20,380,0.4340719708032098,0.29364407359652045,973848.1343741061,973848.1343741061,0,1,0,,,,Canada (Province of Canada),,3,4,3,3,NAM,0.03476923076923077,,,Sweden,,1,0,1,8,WE,0.06709677419354838
20-385,20,385,0.8421460076174722,0.7423723628509875,1519379.0101761413,1519379.0101761413|233092.12282830925,0,1,0,,,,Canada (Province of Canada),,3,4,3,3,NAM,0.03476923076923077,,,Norway,,1,0,1,8,WE,0.0669767441860465
20-390,20,390,0.49899203761926125,0.35052396475046144,1222165.801626548,1222165.801626548,0,1,0,,,,Canada (Province of Canada),,3,4,3,3,NAM,0.03476923076923077,,,Denmark,,1,0,2,8,WE,0.20404040404040397
20-395,20,395,0.15354598073994463,0.08672631803979503,7558.543463157465,7558.543463157465|58.82618510158014,0,1,0,,,,Canada (Province of Canada),,3,4,3,3,NAM,0.03476923076923077,,,Iceland,,1,0,0,8,EESU,0.04
20-4,4,20,0.20556681636514607,0.11922689096892758,7614.123993624587,7614.123993624587,0.6,0.4,0.96,,,,Hawaii (Sandwich Is.),,4,0,4,3,AS,0.34909090909090906,,,Canada (Province of Canada),,3,4,3,3,NAM,0.03476923076923077
20-40,20,40,0.6610877248126601,0.5112688208044249,907873.8403694471,907873.8403694471|710530.5758808517,1,0,0,,,,Canada (Province of Canada),,3,4,3,3,NAM,0.03476923076923077,,,Cuba,,3,3,3,3,LA,0.024242424242424242
20-402,20,402,0.3514124269175193,0.22082395148138823,6574,6574,0,1,0,,,,Canada (Province of Canada),,3,4,3,3,NAM,0.03476923076923077,,,Cape Verde,,5,5,2,6,AS,0.05466666666666666
20-403,20,403,1.4851167974776538,2.663556764267241,51633,51633,0,1,0,,,,Canada (Province of Canada),,3,4,3,3,NAM,0.03476923076923077,,,Sao Tome-Principe,,5,5,1,6,AS,0.45333333333333325
20-404,20,404,0.3749883827549172,0.23888459293779973,8616,8616,0,1,0,,,,Canada (Province of Canada),,3,4,3,3,NAM,0.03476923076923077,,,Guinea-Bissau (Portuguese Guinea),,5,5,2,6,AS,0.36666666666666675
20-41,20,41,0.8838198488154941,0.799642444131808,80671.6661898729,14753.954166123443|80671.6661898729,0,1,0,,,,Canada (Province of Canada),,3,4,3,3,NAM,0.03476923076923077,,,Haiti,,3,4,0,1,AS,0.027027027027027032
20-411,20,411,0.43486526172024853,0.28698642898129245,8899,8899,0,1,0,,,,Canada (Province of Canada),,3,4,3,3,NAM,0.03476923076923077,,,Equatorial Guinea (Spanish Guinea),,0,0,0,3,AS,0.13090909090909092
20-42,20,42,1.2679247262109539,1.7574516639410804,339420.78660213645,339420.78660213645|68004.82242837877,1,0,0,,,,Canada (Province of Canada),,3,4,3,3,NAM,0.03476923076923077,,,Dominican Republic (Santo Domingo),,3,3,3,1,AS,0.037209302325581395
20-420,20,420,0.18140569276338658,0.10389867731556379,6228.697535657363,6228.697535657363,1,0,0,,,,Canada (Province of Canada),,3,4,3,3,NAM,0.03476923076923077,,,Gambia,,5,0,3,1,AS,0
20-450,20,450,0.7215949522255201,0.5754906118191083,8561.445093792147,8561.445093792147,0,1,0,,,,Canada (Province of Canada),,3,4,3,3,NAM,0.03476923076923077,,,Liberia,,5,0,2,9,AF,0
20-451,20,451,0.599669171056942,0.4394109455364641,15660.836160039235,15660.836160039235|440,0,1,0,,,,Canada (Province of Canada),,3,4,3,3,NAM,0.03476923076923077,,,Sierra Leone,,5,0,2,5,AF,0.04761904761904761
20-452,20,452,1.0050934897755452,1.0116212919657184,215784,215784|121716.25321835793,0,1,0,,,,Canada (Province of Canada),,3,4,3,3,NAM,0.03476923076923077,,,Ghana (Gold Coast),,5,0,1,1,AS,0.05499999999999999
20-475,20,475,0.39806019844262086,0.25802934207910866,110606.07299031428,110606.07299031428,0,1,0,,,,Canada (Province of Canada),,3,4,3,3,NAM,0.03476923076923077,,,Nigeria,,5,0,2,3,AS,0.02918918918918919
20-490,20,490,0.5569257876761264,0.3972662664061988,38657.07630062528,38657.07630062528,0,1,0,,,,Canada (Province of Canada),,3,4,3,3,NAM,0.03476923076923077,,,Democratic Republic of the Congo (Zaire) (Kinshasa) (Belgian Congo) (Congo Free State),,5,5,0,6,AS,0.09619047619047619
20-5,5,20,0.19890949750835696,0.11494528899729117,2564.673668723691,2564.673668723691,1,0,0,,,,Virgin Islands (Danish West Indies),,3,3,3,3,LA,0,,,Canada (Province of Canada),,3,4,3,3,NAM,0.03476923076923077
20-501,20,501,0.9207746251066534,0.858891704375671,320440.35309984063,320440.35309984063,0,1,0,,,,Canada (Province of Canada),,3,4,3,3,NAM,0.03476923076923077,,,Kenya (British East Africa Protectorate),,4,5,2,3,AS,0.042499999999999996
20-51,20,51,1.7606550201599702,6.074225979246453,1101829,1101829|1076072.3772937187,1,0,0,,,,Canada (Province of Canada),,3,4,3,3,NAM,0.03476923076923077,,,Jamaica,,3,4,3,1,AS,0.011034482758620692
20-511,20,511,0.07581306891567718,0.042932012351013515,2868.271954674221,2868.271954674221,0,1,0,,,,Canada (Province of Canada),,3,4,3,3,NAM,0.03476923076923077,,,Zanzibar,,4,5,2,8,WE,0.2688888888888889
20-52,20,52,1.6195332221030707,3.7189943870063193,848741.4687972537,848741.4687972537|588985,1,0,0,,,,Canada (Province of Canada),,3,4,3,3,NAM,0.03476923076923077,,,Trinidad and Tobago,,3,4,3,1,AS,0.02684931506849315
20-53,20,53,1.9773725063865133,19.962129084908664,799230,343689.97507049737|799230,1,0,0,,,,Canada (Province of Canada),,3,4,3,3,NAM,0.03476923076923077,,,Barbados,,3,4,3,1,AS,0.01777777777777778
20-530,20,530,0.319638310132087,0.19725180635266037,1435.2854632392007,1435.2854632392007,0,1,0,,,,Canada (Province of Canada),,3,4,3,3,NAM,0.03476923076923077,,,Ethiopia (Abyssinia),,1,2,2,3,AS,0.4693333333333334
20-540,20,540,1.2105688912651016,1.4987623291679582,79565,79565,0,1,0,,,,Canada (Province of Canada),,3,4,3,3,NAM,0.03476923076923077,,,Angola,,5,5,0,6,AS,0.2853333333333333
20-541,20,541,0.28226334507046513,0.17810814610743897,46342,17716.80099871914|46342,0,1,0,,,,Canada (Province of Canada),,3,4,3,3,NAM,0.03476923076923077,,,Mozambique (Portuguese East Africa),,5,5,2,6,AS,0.06285714285714285
20-551,20,551,0.00026474396254227983,0.00014448350235973795,5,5,0,1,0,,,,Canada (Province of Canada),,3,4,3,3,NAM,0.03476923076923077,,,Zambia (Northern Rhodesia),,5,5,2,6,AF,0.01894736842105263
20-560,20,560,0.9105854833766498,0.8549348003502165,2499442.7643140303,171257|2499442.7643140303,0,1,0,,,,Canada (Province of Canada),,3,4,3,3,NAM,0.03476923076923077,,,South Africa,,5,5,2,3,AS,0.05199999999999999
20-580,20,580,0.08214345342102314,0.044763485887194476,7443.091258326863,7443.091258326863,0,1,0,,,,Canada (Province of Canada),,3,4,3,3,NAM,0.03476923076923077,,,Madagascar (Malagasy Republic),,0,0,0,5,AF,0.020000000000000004
20-590,20,590,1.3215909417490315,1.9597415452922384,294080,294080,0,1,0,,,,Canada (Province of Canada),,3,4,3,3,NAM,0.03476923076923077,,,Mauritius,,4,0,2,3,AS,0.05076923076923076
20-6,6,20,1.5674262789475846,3.247076923091226,199836.73219175285,199836.73219175285,1,0,0,,,,Puerto Rico,,3,3,3,4,WE,0,,,Canada (Province of Canada),,3,4,3,3,NAM,0.03476923076923077
20-600,20,600,0.16647571462728517,0.0949917203463676,78405.12485185337,78405.12485185337,0,1,0,,,,Canada (Province of Canada),,3,4,3,3,NAM,0.03476923076923077,,,Morocco,,0,0,0,3,AS,0.046486486486486484
20-6090,20,6090,0.5973872422513002,0.436956332228825,4544,4544,0,1,0,,,,Canada (Province of Canada),,3,4,3,3,NAM,0.03476923076923077,,,Río de Oro,,1,0,0,3,AS,0.07200000000000001
20-615,20,615,0.009946189580689824,0.005481907468940284,6776.276118759191,6776.276118759191,0,1,0,,,,Canada (Province of Canada),,3,4,3,3,NAM,0.03476923076923077,,,Algeria (Regency of Algiers),,0,0,0,3,AS,0.029425287356321838
20-6203,20,6203,0.017392164090863083,0.009172944295430252,149.57701581593037,149.57701581593037,0,1,0,,,,Canada (Province of Canada),,3,4,3,3,NAM,0.03476923076923077,,,Tripolitania (Regency of Tripoli),,0,0,0,1,ME,0.030000000000000002
20-625,20,625,0.4428571789435166,0.29405372540436614,32838.28517716294,32838.28517716294,0,1,0,,,,Canada (Province of Canada),,3,4,3,3,NAM,0.03476923076923077,,,Sudan (Anglo-Egyptian Sudan) (Mahdist State),,4,2,2,3,AS,0.12
20-630,20,630,0.0408435209771052,0.021898228725865332,17078.139686950835,17078.139686950835,0,1,0,,,,Canada (Province of Canada),,3,4,3,3,NAM,0.03476923076923077,,,Iran (Persia),,1,6,1,3,AS,0.07904761904761903
20-640,20,640,0.05431187080606459,0.029343650224311624,30028.403285790184,30028.403285790184,0,1,0,,,,Canada (Province of Canada),,3,4,3,3,NAM,0.03476923076923077,,,Turkey (Ottoman Empire),,1,0,1,3,AS,0.08153846153846155
20-645,20,645,0.19947356113937387,0.11539004935343589,28143.56941436103,28143.56941436103,0,1,0,,,,Canada (Province of Canada),,3,4,3,3,NAM,0.03476923076923077,,,Iraq (Mesopotamia),,4,6,2,3,AS,0.045714285714285714
20-65,20,65,0.5990657499268868,0.4387940047024852,25896,25896,0,1,0,,,,Canada (Province of Canada),,3,4,3,3,NAM,0.03476923076923077,,,Guadeloupe,,3,0,0,1,AS,0
20-651,20,651,0.335677793624373,0.21265127954993868,581546.650864359,61390.233100985584|581546.650864359,0,1,0,,,,Canada (Province of Canada),,3,4,3,3,NAM,0.03476923076923077,,,Egypt Arab Republic (Egypt),,1,0,1,3,AS,0.3750588235294118
20-652,20,652,0.5070301069006438,0.3500570042690354,97312.72221995179,97312.72221995179,0,1,0,,,,Canada (Province of Canada),,3,4,3,3,NAM,0.03476923076923077,,,Syria,,1,0,1,4,ME,0.5333333333333332
20-66,20,66,0.9618132790919477,0.9297818898553428,78598,78598,0,1,0,,,,Canada (Province of Canada),,3,4,3,3,NAM,0.03476923076923077,,,Martinique,,3,4,0,1,AS,0
20-665,20,665,0.6060835133412161,0.44607547582724427,38814.82692386285,38814.82692386285,0,1,0,,,,Canada (Province of Canada),,3,4,3,3,NAM,0.03476923076923077,,,Palestine,,1,0,1,4,ME,0.22375
20-68,20,68,0.06609426648503969,0.035830031541559726,37811.92529322817,37811.92529322817,0,1,0,,,,Canada (Province of Canada),,3,4,3,3,NAM,0.03476923076923077,,,Netherlands Antilles,,3,3,5,6,AS,0
20-681,20,681,0.1283503930157791,0.07157545895219031,8358.739629735584,52.18551252959091|8358.739629735584,0,1,0,,,,Canada (Province of Canada),,3,4,3,3,NAM,0.03476923076923077,,,Aden,,4,2,2,3,AS,0.4050000000000002
20-70,20,70,0.4868553663468851,0.33620892079352094,546811.2714046345,71427.05709773727|546811.2714046345,1,0,0,,,,Canada (Province of Canada),,3,4,3,3,NAM,0.03476923076923077,,,Mexico,,3,4,3,3,LA,0.020253164556962026
20-710,20,710,0.9588989601955454,0.9438789432075434,4953718.378356288,259785.96788860732|4953718.378356288,0,1,0,,,,Canada (Province of Canada),,3,4,3,3,NAM,0.03476923076923077,,,People's Republic of China (China),,4,1,4,3,AS,0.0496
20-713,20,713,0.01804218519490386,0.009934779548847916,1232.8102196069226,1232.8102196069226,0,1,0,,,,Canada (Province of Canada),,3,4,3,3,NAM,0.03476923076923077,,,Republic of China (Taiwan) (Formosa),,4,1,4,2,ME,0.04
20-720,20,720,0.37381947904030066,0.23957981162102815,579807.715885406,579807.715885406,0,1,0,,,,Canada (Province of Canada),,3,4,3,3,NAM,0.03476923076923077,,,Hong Kong,,4,1,4,8,EESU,0.09517241379310344
20-721,20,721,0.0021550700265170475,0.0011284477265027792,27,27,0,1,0,,,,Canada (Province of Canada),,3,4,3,3,NAM,0.03476923076923077,,,Macao,,5,1,4,6,AS,0
20-730,20,730,0.25183229215797864,0.14980250313541177,34736.809841023336,34736.809841023336,0,1,0,,,,Canada (Province of Canada),,3,4,3,3,NAM,0.03476923076923077,,,Korea (Chosen),,4,1,4,2,ME,0
20-740,20,740,1.0636850247611085,1.1617009946581869,8602715.272385469,2572524.120944873|8602715.272385469,0.6,0.4,0.96,,,,Canada (Province of Canada),,3,4,3,3,NAM,0.03476923076923077,,,Japan,,4,1,4,3,AS,0.26739726027397276
20-750,20,750,0.4645177333349185,0.3306703970711291,2423155.0124647515,2423155.0124647515|1789696.859100335,0,1,0,,,,Canada (Province of Canada),,3,4,3,3,NAM,0.03476923076923077,,,India,,4,0,2,1,AS,0.05248
20-751,20,751,0.09919443428176211,0.05446144777043105,1432,1432,0,1,0,,,,Canada (Province of Canada),,3,4,3,3,NAM,0.03476923076923077,,,French India,,1,0,1,3,AS,0
20-752,20,752,0.05682746562099117,0.03055243423229459,297,297,0,1,0,,,,Canada (Province of Canada),,3,4,3,3,NAM,0.03476923076923077,,,Portuguese India,,5,9,2,6,AS,0.0911111111111111
20-780,20,780,0.5750829660564309,0.4340456440525817,475958.48888125917,475958.48888125917|135230.90440966122,0,1,0,,,,Canada (Province of Canada),,3,4,3,3,NAM,0.03476923076923077,,,Sri Lanka (Ceylon),,4,0,2,1,AS,0.03645569620253165
20-80,20,80,1.5177732071213086,2.874955724316588,183913.11455310803,48015.24678420252|183913.11455310803,1,0,0,,,,Canada (Province of Canada),,3,4,3,3,NAM,0.03476923076923077,,,Belize (British Honduras),,3,0,3,5,AF,0.03555555555555556
20-800,20,800,0.23748714721121567,0.14059814164686224,51202.54199190813,8940.817352715892|51202.54199190813,0,1,0,,,,Canada (Province of Canada),,3,4,3,3,NAM,0.03476923076923077,,,Thailand (Siam),,4,1,4,3,AS,0.03461538461538461
20-810,20,810,0.0276487482744473,0.014733577426316868,7970,7970,0,1,0,,,,Canada (Province of Canada),,3,4,3,3,NAM,0.03476923076923077,,,French Indochina,,4,1,4,3,AS,0.06428571428571428
20-8151,20,8151,1.5655198080589359,3.2329133994043433,1233,1233,0,1,0,,,,Canada (Province of Canada),,3,4,3,3,NAM,0.03476923076923077,,,Cochin China,,5,5,2,3,AS,0
20-827,20,827,0.15664174904725514,0.08937960426420266,246006.98843434552,246006.98843434552,0,1,0,,,,Canada (Province of Canada),,3,4,3,3,NAM,0.03476923076923077,,,Straits Settlements,,4,1,4,1,AS,0.08347826086956521
20-840,20,840,0.10006058170456056,0.055494923156446,65637.95005925866,60739.0024986849|65637.95005925866,1,0,0,,,,Canada (Province of Canada),,3,4,3,3,NAM,0.03476923076923077,,,Philippines,,4,1,3,3,AS,0.024
20-850,20,850,0.39115153555554927,0.25853283087791,755111.9784216764,57162.34876364878|755111.9784216764,0,1,0,,,,Canada (Province of Canada),,3,4,3,3,NAM,0.03476923076923077,,,Indonesia (Dutch East Indies),,4,5,4,6,AS,0.08693333333333332
20-860,20,860,0.013904914379051725,0.007321219364537335,18,18,0,1,0,,,,Canada (Province of Canada),,3,4,3,3,NAM,0.03476923076923077,,,East Timor (Portuguese Timor),,5,5,1,6,AS,0.12695652173913044
20-90,20,90,0.3404356831625849,0.21286291758902387,39219.01181086273,39219.01181086273,0.2,0.8,0.6400000000000001,,,,Canada (Province of Canada),,3,4,3,3,NAM,0.03476923076923077,,,Guatemala,,3,0,1,5,WE,0.48756756756756775
20-900,20,900,0.8481069584974195,0.7636804460142007,3978565.736237689,3978565.736237689|774005,0,1,0,,,,Canada (Province of Canada),,3,4,3,3,NAM,0.03476923076923077,,,Australia,,2,0,2,1,AS,0.05283018867924528
20-91,20,91,0.4339173725502562,0.2865382674044148,48215.497159671424,47735.24885084392|48215.497159671424,1,0,0,,,,Canada (Province of Canada),,3,4,3,3,NAM,0.03476923076923077,,,Honduras,,3,4,3,5,WE,0.025600000000000005
20-92,20,92,0.2084039695838752,0.12114836671367335,15489.59908455597,15489.59908455597|2164.14717668526,0,1,0,,,,Canada (Province of Canada),,3,4,3,3,NAM,0.03476923076923077,,,El Salvador,,3,0,1,5,WE,0.061111111111111116
20-920,20,920,1.3498849196690677,1.9872051343361277,3546888.5119947693,3353975|3546888.5119947693,0,1,0,,,,Canada (Province of Canada),,3,4,3,3,NAM,0.03476923076923077,,,New Zealand,,2,0,2,1,AS,0.05431578947368421
20-93,20,93,0.24822001083479373,0.14735315264347404,13601.29142997262,5559.5970603687165|13601.29142997262,1,0,0,,,,Canada (Province of Canada),,3,4,3,3,NAM,0.03476923076923077,,,Nicaragua,,3,0,3,5,WE,0.020645161290322584
20-935,20,935,0.7255040244130739,0.5802568515527826,7997,7997,0.9,0.09999999999999998,0.35999999999999993,,,,Canada (Province of Canada),,3,4,3,3,NAM,0.03476923076923077,,,Vanuatu (New Hebrides),,3,0,3,3,LA,0.252
20-94,20,94,0.44079891818878314,0.29219848822897165,37756.549102946585,37756.549102946585,0,1,0,,,,Canada (Province of Canada),,3,4,3,3,NAM,0.03476923076923077,,,Costa Rica,,3,0,2,5,WE,0.01894736842105263
20-945,20,945,0.691848277544193,0.540082228292901,7638,7638,0.4,0.6,0.96,,,,Canada (Province of Canada),,3,4,3,3,NAM,0.03476923076923077,,,Gilbert and Ellice Is.,,2,0,3,3,LA,0.7866666666666666
20-95,20,95,0.6150022066118315,0.45560587454374757,212619.84551881975,212619.84551881975,1,0,0,,,,Canada (Province of Canada),,3,4,3,3,NAM,0.03476923076923077,,,Panama,,3,0,3,1,AS,0.021333333333333336
20-950,20,950,1.8417484238377313,8.440539814616438,546407,546407|67390.7801708284,0,1,0,,,,Canada (Province of Canada),,3,4,3,3,NAM,0.03476923076923077,,,Fiji,,2,8,2,3,LA,0.0672
20-960,20,960,0.2845446799257164,0.17221577225962847,8182.189709428257,8182.189709428257,0,1,0,,,,Canada (Province of Canada),,3,4,3,3,NAM,0.03476923076923077,,,French Polynesia,,0,0,0,5,AF,0
20-9620,20,9620,0.8792148961071737,0.7919739570258012,312,312,1,0,0,,,,Canada (Province of Canada),,3,4,3,3,NAM,0.03476923076923077,,,Pitcairn Is.,,3,4,3,3,LA,0
20-985,20,985,0.013325782877871672,0.007014160118510193,11.851730761371533,11.851730761371533,1,0,0,,,,Canada (Province of Canada),,3,4,3,3,NAM,0.03476923076923077,,,Guam,,4,1,3,3,NAM,0
200-2003,200,2003,1.9999983594418873,8.81091222062456,3646814,3646814,1,0,0,,,,United Kingdom,,2,0,2,3,AS,0.05652694610778443,,,Channel Is.,,2,0,2,1,AS,0
200-205,200,205,1.965555460685756,7.277860333991963,43465250,43465250|36078090,1,0,0,,,,United Kingdom,,2,0,2,3,AS,0.05652694610778443,,,Ireland,,3,3,2,3,AS,0.017419354838709676
200-21,21,200,1.0621767148173717,1.2451240072824128,1547256,1547256|908885,0,1,0,,,,Newfoundland and Labrador (Newfoundland),,3,4,3,5,AF,0,,,United Kingdom,,2,0,2,3,AS,0.05652694610778443
200-210,200,210,1.0354831065845274,1.1918407233701518,33697067.52908112,33697067.52908112|21818198,0,1,0,,,,United Kingdom,,2,0,2,3,AS,0.05652694610778443,,,Netherlands,,5,5,1,6,AS,0.06528
200-211,200,211,0.8046569305916088,0.7075272240346648,19412970,19412970,0,1,0,,,,United Kingdom,,2,0,2,3,AS,0.05652694610778443,,,Belgium,,5,5,0,6,AS,0.05224489795918367
200-212,200,212,0.059832436049498394,0.034674225493797506,15958,15958,0,1,0,,,,United Kingdom,,2,0,2,3,AS,0.05652694610778443,,,Luxemburg,,1,0,1,3,AS,0.08769230769230771
200-220,200,220,0.8403088695751174,0.8794873150562169,61421604,31663321|61421604,0,1,0,,,,United Kingdom,,2,0,2,3,AS,0.05652694610778443,,,France,,0,0,0,5,WE,0.039658119658119655
200-223,200,223,1.416507563253746,2.089132611301912,1916,1916,0,1,0,,,,United Kingdom,,2,0,2,3,AS,0.05652694610778443,,,Liechtenstein,,2,0,1,1,WE,0
200-225,200,225,0.7925771763806168,0.7975624010423736,11436994.825106807,11436994.825106807|6424257,0,1,0,,,,United Kingdom,,2,0,2,3,AS,0.05652694610778443,,,Switzerland,,1,0,1,5,WE,0.3393939393939395
200-230,200,230,1.0995042784577116,1.202960792974519,15828799.149292842,15828799.149292842|12055289,0,1,0,,,,United Kingdom,,2,0,2,3,AS,0.05652694610778443,,,Spain,,0,0,0,1,AF,0.026168224299065415
200-231,200,231,1.547318888633247,2.680715124164834,725465,725465,0,1,0,,,,United Kingdom,,2,0,2,3,AS,0.05652694610778443,,,Gibraltar,,0,0,4,3,AS,0.056
200-235,200,235,1.2736993649652741,1.6148151263926354,3631749,2317301.6166281756|3631749,0,1,0,,,,United Kingdom,,2,0,2,3,AS,0.05652694610778443,,,Portugal,,5,5,0,6,WE,0.25612903225806444
200-255,200,255,0.6607676517727039,0.6171180597036056,64027421.129651695,64027421.129651695|36966791,0,1,0,,,,United Kingdom,,2,0,2,3,AS,0.05652694610778443,,,Germany (Zollverein),,1,0,1,8,WE,0.06266666666666668
200-290,200,290,0.6693998380188217,0.6319592431907416,6636932.551523722,6636932.551523722|2729087,0,1,0,,,,United Kingdom,,2,0,2,3,AS,0.05652694610778443,,,Poland,,1,0,1,3,AS,0.07673469387755102
200-291,200,291,1.252103720027181,1.5545060362047531,1775683,1775683|0,0,1,0,,,,United Kingdom,,2,0,2,3,AS,0.05652694610778443,,,Danzig (Free City of Danzig),,1,0,1,3,AS,0.05647058823529412
200-3,3,200,0.10505583309730038,0.06209791693851141,599.7207297490181,599.7207297490181,0,1,0,,,,Alaska,,3,4,3,8,WE,0,,,United Kingdom,,2,0,2,3,AS,0.05652694610778443
200-30,30,200,1.5460419027707384,2.6742050989794484,602300,2|602300,0,1,0,,,,Bermuda,,3,4,3,3,AS,0,,,United Kingdom,,2,0,2,3,AS,0.05652694610778443
200-305,200,305,0.39509562345447047,0.2749699335006561,2855218.308256291,2855218.308256291|2520532,0,1,0,,,,United Kingdom,,2,0,2,3,AS,0.05652694610778443,,,Austria,,1,0,1,8,WE,0.08444444444444446
200-31,31,200,0.983561481441488,1.098493193722149,442406,41912|442406,0,1,0,,,,Bahamas,,3,4,3,1,AS,0.02909090909090909,,,United Kingdom,,2,0,2,3,AS,0.05652694610778443
200-310,200,310,0.43840072439438094,0.30872976917590045,1334124.1850747827,1334124.1850747827|1058942,0,1,0,,,,United Kingdom,,2,0,2,3,AS,0.05652694610778443,,,Hungary,,1,0,1,8,WE,0.09393258426966293
200-315,200,315,0.5045607929757229,0.44354649139500846,8655122.714365765,8655122.714365765|2100970,0,1,0,,,,United Kingdom,,2,0,2,3,AS,0.05652694610778443,,,Czechoslovakia,,1,0,1,8,EESU,0.08153846153846155
200-325,200,325,0.7945377699167562,0.7109202920821001,15940710.622409545,15732675.678797005|15940710.622409545,0,1,0,,,,United Kingdom,,2,0,2,3,AS,0.05652694610778443,,,Italy,,1,0,1,4,WE,0.19471698113207533
200-3353,200,3353,1.6259591066498833,3.1501790987427327,58890.37759045653,58890.37759045653,0,1,0,,,,United Kingdom,,2,0,2,3,AS,0.05652694610778443,,,Dodecanese Is. (Aegean Is.),,1,0,1,1,WE,0.336
200-338,200,338,1.6511271394912401,3.321555056446112,1279498,7465|1279498,1,0,0,,,,United Kingdom,,2,0,2,3,AS,0.05652694610778443,,,Malta,,1,0,2,3,AS,0.008999999999999998
200-339,200,339,0.4247422735186407,0.2940686690325758,32486,2100.1586042823155|32486,0,1,0,,,,United Kingdom,,2,0,2,3,AS,0.05652694610778443,,,Albania,,1,0,1,3,AS,0.28235294117647053
200-345,200,345,0.6067479116311244,0.4687793588692536,1524482,385747.61656556115|1524482,0,1,0,,,,United Kingdom,,2,0,2,3,AS,0.05652694610778443,,,"Yugoslavia (Kingdom of Serbs, Croats and Slovenes)",,1,0,1,3,NAM,0.0931578947368421
200-350,200,350,1.2015878690460584,1.4239631045278707,4920570,2173370.8932270934|4920570,0,1,0,,,,United Kingdom,,2,0,2,3,AS,0.05652694610778443,,,Greece,,1,0,1,3,AS,0.11567567567567569
200-352,200,352,1.5112946471009336,2.4986963566976805,468034,468034|303315,0,1,0,,,,United Kingdom,,2,0,2,3,AS,0.05652694610778443,,,Cyprus,,1,0,1,3,AS,0.3379310344827586
200-355,200,355,0.949547137963212,0.9153781998517675,853334,148422.08122467197|853334,0,1,0,,,,United Kingdom,,2,0,2,3,AS,0.05652694610778443,,,Bulgaria,,1,0,1,3,AS,0.10952380952380951
200-360,200,360,0.7413521063181836,0.6228239849023921,2652268.9508015933,2316681|2652268.9508015933,0,1,0,,,,United Kingdom,,2,0,2,3,AS,0.05652694610778443,,,Romania,,1,0,1,3,AS,0.08095238095238096
200-365,200,365,1.140449637349948,1.3980150006128165,36337759.93411571,36337759.93411571|3743489,0,1,0,,,,United Kingdom,,2,0,2,3,AS,0.05652694610778443,,,Russia (USSR),,1,6,1,2,EESU,0.06482758620689656
200-366,200,366,1.4335988938066009,2.1950258995913434,2461909.2192458063,2461909.2192458063|463774,0,1,0,,,,United Kingdom,,2,0,2,3,AS,0.05652694610778443,,,Estonia,,1,0,1,8,EESU,0.06666666666666665
200-367,200,367,1.217668851046858,1.5821960467004454,2977799.305491594,2977799.305491594|1496447,0,1,0,,,,United Kingdom,,2,0,2,3,AS,0.05652694610778443,,,Latvia,,1,0,1,8,EESU,0.08675324675324675
200-368,200,368,0.9283914555953181,1.0036514913629924,1178950.901787337,380006|1178950.901787337,0,1,0,,,,United Kingdom,,2,0,2,3,AS,0.05652694610778443,,,Lithuania,,1,0,1,8,EESU,0.10952380952380954
200-375,200,375,1.4444238978284711,2.223739724774104,12630735.499376342,3362573|12630735.499376342,0,1,0,,,,United Kingdom,,2,0,2,3,AS,0.05652694610778443,,,Finland,,1,0,1,8,EESU,0.07105263157894737
200-380,200,380,1.1530109260574348,1.4277578799214599,24634808.484587766,10547903|24634808.484587766,0,1,0,,,,United Kingdom,,2,0,2,3,AS,0.05652694610778443,,,Sweden,,1,0,1,8,WE,0.06709677419354838
200-385,200,385,1.3549616020726098,1.8672551271856563,11160419.652509924,11160419.652509924|9858202,0,1,0,,,,United Kingdom,,2,0,2,3,AS,0.05652694610778443,,,Norway,,1,0,1,8,WE,0.0669767441860465
200-390,200,390,1.7279768449678683,3.442554319799554,52924470.47223819,52924470.47223819|10412825,0.9,0.09999999999999998,0.35999999999999993,,,,United Kingdom,,2,0,2,3,AS,0.05652694610778443,,,Denmark,,1,0,2,8,WE,0.20404040404040397
200-395,200,395,1.591129072093421,2.929814897744564,658684,562784.9661399549|658684,0,1,0,,,,United Kingdom,,2,0,2,3,AS,0.05652694610778443,,,Iceland,,1,0,0,8,EESU,0.04
200-4,4,200,0.2523481717359507,0.15995641057038734,26351,26351,0,1,0,,,,Hawaii (Sandwich Is.),,4,0,4,3,AS,0.34909090909090906,,,United Kingdom,,2,0,2,3,AS,0.05652694610778443
200-40,40,200,0.7421477215250937,0.7264264238528619,7050228.02871656,7050228.02871656|2026988,0,1,0,,,,Cuba,,3,3,3,3,LA,0.024242424242424242,,,United Kingdom,,2,0,2,3,AS,0.05652694610778443
200-402,200,402,1.7397628659692614,4.06259238348464,311987,110.85450346420323|311987,1,0,0,,,,United Kingdom,,2,0,2,3,AS,0.05652694610778443,,,Cape Verde,,5,5,2,6,AS,0.05466666666666666
200-403,200,403,0.3527265652010825,0.2854736520958565,37441.10854503464,37441.10854503464,0,1,0,,,,United Kingdom,,2,0,2,3,AS,0.05652694610778443,,,Sao Tome-Principe,,5,5,1,6,AS,0.45333333333333325
200-404,200,404,1.7721176248848503,4.394800995734898,408890,80905.311778291|408890,0.8,0.19999999999999996,0.6399999999999999,,,,United Kingdom,,2,0,2,3,AS,0.05652694610778443,,,Guinea-Bissau (Portuguese Guinea),,5,5,2,6,AS,0.36666666666666675
200-4050,200,4050,1.9682813531256116,5.406089128208852,36175,36175|35657,0.3,0.7,0.84,,,,United Kingdom,,2,0,2,3,AS,0.05652694610778443,,,St. Helena,,2,0,1,3,AS,0.568
200-41,41,200,0.7992020702181881,0.6922903533572283,180162,167721.9784736816|180162,0,1,0,,,,Haiti,,3,4,0,1,AS,0.027027027027027032,,,United Kingdom,,2,0,2,3,AS,0.05652694610778443
200-42,42,200,0.7123566641133692,0.5834062963707374,457941.79099914717,457941.79099914717|256299,0,1,0,,,,Dominican Republic (Santo Domingo),,3,3,3,1,AS,0.037209302325581395,,,United Kingdom,,2,0,2,3,AS,0.05652694610778443
200-420,200,420,1.1089449325848326,1.211015813170605,187278,124472|187278,0,1,0,,,,United Kingdom,,2,0,2,3,AS,0.05652694610778443,,,Gambia,,5,0,3,1,AS,0
200-430,200,430,1.257681764628704,1.572074620603698,596957.6580811669,596957.6580811669|427006,0,1,0,,,,United Kingdom,,2,0,2,3,AS,0.05652694610778443,,,French West Africa,,5,0,0,1,AS,0
200-450,200,450,1.6717875944015503,3.4774951174595556,133452,133452,1,0,0,,,,United Kingdom,,2,0,2,3,AS,0.05652694610778443,,,Liberia,,5,0,2,9,AF,0
200-451,200,451,1.9898524175612782,8.473169359714392,779004,779004|404501,1,0,0,,,,United Kingdom,,2,0,2,3,AS,0.05652694610778443,,,Sierra Leone,,5,0,2,5,AF,0.04761904761904761
200-452,200,452,1.0956797608730318,1.311952727704805,2623812,2623812,0,1,0,,,,United Kingdom,,2,0,2,3,AS,0.05652694610778443,,,Ghana (Gold Coast),,5,0,1,1,AS,0.05499999999999999
200-461,200,461,0.8387602714384643,0.8616138081042599,80669.95379475228,80669.95379475228,0,1,0,,,,United Kingdom,,2,0,2,3,AS,0.05652694610778443,,,Togo (French Togoland),,5,0,0,1,AS,0
200-471,200,471,0.8500989884613754,0.87880521445777,177473.89834845503,177473.89834845503,0,1,0,,,,United Kingdom,,2,0,2,3,AS,0.05652694610778443,,,Cameroun (French Cameroon),,0,5,0,1,AS,0
200-472,200,472,1.9762556596117393,8.055027118703636,36325,10000|36325,0,1,0,,,,United Kingdom,,2,0,2,3,AS,0.05652694610778443,,,British Cameroons,,2,0,1,1,AS,0
200-475,200,475,1.9261396104372341,6.7693070156658495,7763789,7763789|7485207,1,0,0,,,,United Kingdom,,2,0,2,3,AS,0.05652694610778443,,,Nigeria,,5,0,2,3,AS,0.02918918918918919
200-480,200,480,1.465749640909384,2.288086975373914,1702440,8873.69491742275|1702440,0,1,0,,,,United Kingdom,,2,0,2,3,AS,0.05652694610778443,,,French Equatorial Africa,,5,5,0,1,AF,0.048
200-490,200,490,0.03918116834565255,0.02793867541796924,40109.18457059054,40109.18457059054,0,1,0,,,,United Kingdom,,2,0,2,3,AS,0.05652694610778443,,,Democratic Republic of the Congo (Zaire) (Kinshasa) (Belgian Congo) (Congo Free State),,5,5,0,6,AS,0.09619047619047619
200-5,5,200,0.5331532367631607,0.3917922891983544,22550,22550,0,1,0,,,,Virgin Islands (Danish West Indies),,3,3,3,3,LA,0,,,United Kingdom,,2,0,2,3,AS,0.05652694610778443
200-500,200,500,1.9347635165568313,6.973441649566053,374968,374968,1,0,0,,,,United Kingdom,,2,0,2,3,AS,0.05652694610778443,,,Uganda,,4,5,2,1,AF,0.09142857142857141
200-501,200,501,1.6300458781156748,3.170996041398096,3051787,3051787,1,0,0,,,,United Kingdom,,2,0,2,3,AS,0.05652694610778443,,,Kenya (British East Africa Protectorate),,4,5,2,3,AS,0.042499999999999996
200-51,51,200,1.548157780315838,2.684832080366614,1745786,830323|1745786,0,1,0,,,,Jamaica,,3,4,3,1,AS,0.011034482758620692,,,United Kingdom,,2,0,2,3,AS,0.05652694610778443
200-511,200,511,1.488409532939991,2.391347535097168,233076,114538.84001789175|233076,0.9,0.09999999999999998,0.35999999999999993,,,,United Kingdom,,2,0,2,3,AS,0.05652694610778443,,,Zanzibar,,4,5,2,8,WE,0.2688888888888889
200-512,200,512,1.7460071158849713,4.123022837433355,1105062,603626|1105062,0.8,0.19999999999999996,0.6399999999999999,,,,United Kingdom,,2,0,2,3,AS,0.05652694610778443,,,Tanzania (Tanganyika),,4,5,2,1,AF,0.46142857142857163
200-515,200,515,0.00019097529239253674,0.00013393213907275658,1.7876432112018172,1.7876432112018172,0,1,0,,,,United Kingdom,,2,0,2,3,AS,0.05652694610778443,,,Ruanda-Urundi,,4,5,0,1,AF,0.14285714285714288
200-52,52,200,1.592958362960486,2.9395561937837624,1851405,1730539|1851405,0,1,0,,,,Trinidad and Tobago,,3,4,3,1,AS,0.02684931506849315,,,United Kingdom,,2,0,2,3,AS,0.05652694610778443
200-521,200,521,0.7116587709393571,0.581981840284012,20589,20589,0.4,0.6,0.96,,,,United Kingdom,,2,0,2,3,AS,0.05652694610778443,,,Somaliland Republic (British Somaliland),,4,2,2,8,WE,0.48
200-522,200,522,1.356986191830458,1.8738701560469286,278567,278567,0.4,0.6,0.96,,,,United Kingdom,,2,0,2,3,AS,0.05652694610778443,,,Djibouti (Afar and Issas) (French Somaliland),,4,2,2,3,AS,0.6
200-53,53,200,1.4704721961553504,2.310477157772526,480700.5584273436,78381|480700.5584273436,0,1,0,,,,Barbados,,3,4,3,1,AS,0.01777777777777778,,,United Kingdom,,2,0,2,3,AS,0.05652694610778443
200-530,200,530,1.3345199196638287,1.7999353261463962,33785,33785,0.4,0.6,0.96,,,,United Kingdom,,2,0,2,3,AS,0.05652694610778443,,,Ethiopia (Abyssinia),,1,2,2,3,AS,0.4693333333333334
200-540,200,540,0.0585322985365041,0.04199795198359946,18851.795010729194,18851.795010729194,0,1,0,,,,United Kingdom,,2,0,2,3,AS,0.05652694610778443,,,Angola,,5,5,0,6,AS,0.2853333333333333
200-541,200,541,1.5998703054788717,2.9775637082511395,3159951,3159951|329600.92245676194,1,0,0,,,,United Kingdom,,2,0,2,3,AS,0.05652694610778443,,,Mozambique (Portuguese East Africa),,5,5,2,6,AS,0.06285714285714285
200-551,200,551,1.6362497596477077,3.011625111384196,456876,456876|411290,1,0,0,,,,United Kingdom,,2,0,2,3,AS,0.05652694610778443,,,Zambia (Northern Rhodesia),,5,5,2,6,AF,0.01894736842105263
200-552,200,552,1.499653719090059,2.442115469046122,2570612,2570612|2024370,1,0,0,,,,United Kingdom,,2,0,2,3,AS,0.05652694610778443,,,Zimbabwe (Rhodesia) (Southern Rhodesia),,5,5,2,3,AS,0.010909090909090906
200-553,200,553,1.9965858730085069,8.321879248190996,585066,585066|203687,1,0,0,,,,United Kingdom,,2,0,2,3,AS,0.05652694610778443,,,Malawi (Nyasaland) (British Central Africa Protectorate),,5,5,2,1,WE,0.07999999999999999
200-560,200,560,1.7833912077961305,4.314297804056008,55899554,55899554|32536441,1,0,0,,,,United Kingdom,,2,0,2,3,AS,0.05652694610778443,,,South Africa,,5,5,2,3,AS,0.05199999999999999
200-565,200,565,0.9459008083204871,0.9079641028829101,249136,249136,1,0,0,,,,United Kingdom,,2,0,2,3,AS,0.05652694610778443,,,Namibia (South West Africa) (German South West Africa),,5,5,2,6,AF,0
200-570,200,570,1.9921883863537708,8.549116697413023,32926,32926,1,0,0,,,,United Kingdom,,2,0,2,3,AS,0.05652694610778443,,,Lesotho (Basutoland),,2,0,2,3,AS,0.02571428571428571
200-572,200,572,1.9999016207330598,8.807584742301222,3013,3013,1,0,0,,,,United Kingdom,,2,0,2,3,AS,0.05652694610778443,,,Eswatini (Swaziland),,2,0,2,1,AF,0
200-580,200,580,0.5950657951519164,0.5387062739409871,290411.8336611082,101997|290411.8336611082,0,1,0,,,,United Kingdom,,2,0,2,3,AS,0.05652694610778443,,,Madagascar (Malagasy Republic),,0,0,0,5,AF,0.020000000000000004
200-585,200,585,0.1844717738167928,0.11317689123556185,8153,8153|1613.3990758950456,0,1,0,,,,United Kingdom,,2,0,2,3,AS,0.05652694610778443,,,Reunion (Bourbon I.),,0,0,0,8,WE,0
200-590,200,590,1.951930869305643,5.232890342657438,3442342,3442342|669109,1,0,0,,,,United Kingdom,,2,0,2,3,AS,0.05652694610778443,,,Mauritius,,4,0,2,3,AS,0.05076923076923076
200-591,200,591,1.4094270379696012,2.0620427920312574,38598,17182.24295560739|38598,1,0,0,,,,United Kingdom,,2,0,2,3,AS,0.05652694610778443,,,Seychelles,,4,0,2,3,AS,0.05499999999999999
200-6,6,200,0.7518105346436292,0.630845228513891,100151,100151,0,1,0,,,,Puerto Rico,,3,3,3,4,WE,0,,,United Kingdom,,2,0,2,3,AS,0.05652694610778443
200-600,200,600,0.970350665286936,0.9501791412812076,2023084,2023084|733448,0,1,0,,,,United Kingdom,,2,0,2,3,AS,0.05652694610778443,,,Morocco,,0,0,0,3,AS,0.046486486486486484
200-601,200,601,1.1008172626620965,1.322912444004026,52726,52726,0,1,0,,,,United Kingdom,,2,0,2,3,AS,0.05652694610778443,,,Tangier,,0,0,0,5,AF,0.045
200-615,200,615,0.5073816691742326,0.3712045262700123,1860209,1860209|1597950.7797433506,0,1,0,,,,United Kingdom,,2,0,2,3,AS,0.05652694610778443,,,Algeria (Regency of Algiers),,0,0,0,3,AS,0.029425287356321838
200-616,200,616,0.45349257646690544,0.3844641615816159,753110.4876416689,340405|753110.4876416689,0,1,0,,,,United Kingdom,,2,0,2,3,AS,0.05652694610778443,,,Tunisia (Regency of Tunis),,0,0,0,3,LA,0.06918918918918919
200-625,200,625,1.8968899276491935,6.182797718422793,5344613.837534956,5344613.837534956|1781101,1,0,0,,,,United Kingdom,,2,0,2,3,AS,0.05652694610778443,,,Sudan (Anglo-Egyptian Sudan) (Mahdist State),,4,2,2,3,AS,0.12
200-630,200,630,1.0651953551656668,1.12374254089171,2260727,2260727,0,1,0,,,,United Kingdom,,2,0,2,3,AS,0.05652694610778443,,,Iran (Persia),,1,6,1,3,AS,0.07904761904761903
200-640,200,640,1.0371620078102313,1.0701040957742605,2824840,1483572.6646213452|2824840,0,1,0,,,,United Kingdom,,2,0,2,3,AS,0.05652694610778443,,,Turkey (Ottoman Empire),,1,0,1,3,AS,0.08153846153846155
200-645,200,645,1.7180727907635605,3.855381981239831,2425649,2425649,1,0,0,,,,United Kingdom,,2,0,2,3,AS,0.05652694610778443,,,Iraq (Mesopotamia),,4,6,2,3,AS,0.045714285714285714
200-65,65,200,0.03573254463666342,0.02048115216909574,3118,3118,0,1,0,,,,Guadeloupe,,3,0,0,1,AS,0,,,United Kingdom,,2,0,2,3,AS,0.05652694610778443
200-651,200,651,1.3547639728150882,1.9376605942149623,18419307.859469466,18419307.859469466|12576232,0,1,0,,,,United Kingdom,,2,0,2,3,AS,0.05652694610778443,,,Egypt Arab Republic (Egypt),,1,0,1,3,AS,0.3750588235294118
200-652,200,652,1.3781557877749715,1.9460357834426563,1395505,1395505|161339.90758950455,0,1,0,,,,United Kingdom,,2,0,2,3,AS,0.05652694610778443,,,Syria,,1,0,1,4,ME,0.5333333333333332
200-66,66,200,0.07440068830419388,0.043400486118312265,9464,9464,0,1,0,,,,Martinique,,3,4,0,1,AS,0,,,United Kingdom,,2,0,2,3,AS,0.05652694610778443
200-665,200,665,1.3245055963354524,1.8615114259344723,456000,456000,0,1,0,,,,United Kingdom,,2,0,2,3,AS,0.05652694610778443,,,Palestine,,1,0,1,4,ME,0.22375
200-68,68,200,0.3110219287311189,0.2036167740781123,554300,554300,0,1,0,,,,Netherlands Antilles,,3,3,5,6,AS,0,,,United Kingdom,,2,0,2,3,AS,0.05652694610778443
200-681,200,681,1.367710246693142,1.9111199798405856,575724,138489.31674517086|575724,0.4,0.6,0.96,,,,United Kingdom,,2,0,2,3,AS,0.05652694610778443,,,Aden,,4,2,2,3,AS,0.4050000000000002
200-70,70,200,0.7246479557442238,0.6048589541865018,6023192.139244459,6023192.139244459|2537652,0,1,0,,,,Mexico,,3,4,3,3,LA,0.020253164556962026,,,United Kingdom,,2,0,2,3,AS,0.05652694610778443
200-700,200,700,0.04714056079439233,0.027151720583392214,3897,3897,0,1,0,,,,United Kingdom,,2,0,2,3,AS,0.05652694610778443,,,Afghanistan,,1,6,1,3,AS,0
200-710,200,710,1.0093037366702509,1.0362426143027856,14028983,8939036.543694241|14028983,0,1,0,,,,United Kingdom,,2,0,2,3,AS,0.05652694610778443,,,People's Republic of China (China),,4,1,4,3,AS,0.0496
200-7104,200,7104,0.9624602802712678,0.9354777384765612,1752626.915916863,1752626.915916863,0,1,0,,,,United Kingdom,,2,0,2,3,AS,0.05652694610778443,,,Kwangtung Territory,,4,1,4,1,WE,0.576
200-7105,200,7105,1.9999321486879411,8.80863457684942,26414,26414,1,0,0,,,,United Kingdom,,2,0,2,3,AS,0.05652694610778443,,,Weihaiwei,,2,0,2,1,WE,0
200-713,200,713,1.7891638993393684,4.58612463895991,1139075,97486.37880511087|1139075,0,1,0,,,,United Kingdom,,2,0,2,3,AS,0.05652694610778443,,,Republic of China (Taiwan) (Formosa),,4,1,4,2,ME,0.04
200-720,200,720,0.9925899470578664,0.9870489494633238,6162007,6162007,0,1,0,,,,United Kingdom,,2,0,2,3,AS,0.05652694610778443,,,Hong Kong,,4,1,4,8,EESU,0.09517241379310344
200-721,200,721,0.09477603200012508,0.05576719778476591,3442,3442,0,1,0,,,,United Kingdom,,2,0,2,3,AS,0.05652694610778443,,,Macao,,5,1,4,6,AS,0
200-730,200,730,0.46226373677599797,0.32673122842341484,195439,195439,0,1,0,,,,United Kingdom,,2,0,2,3,AS,0.05652694610778443,,,Korea (Chosen),,4,1,4,2,ME,0
200-740,200,740,0.6631204269057976,0.5519139844808713,10542954,5998663.696990697|10542954,0,1,0,,,,United Kingdom,,2,0,2,3,AS,0.05652694610778443,,,Japan,,4,1,4,3,AS,0.26739726027397276
200-750,200,750,1.7596848772701696,4.138302413555013,78227208,78227208|49618316.391422205,1,0,0,,,,United Kingdom,,2,0,2,3,AS,0.05652694610778443,,,India,,4,0,2,1,AS,0.05248
200-751,200,751,0.36248188603836284,0.24283786507261196,16471,16471,0,1,0,,,,United Kingdom,,2,0,2,3,AS,0.05652694610778443,,,French India,,1,0,1,3,AS,0
200-752,200,752,1.9796145402490077,8.154889666631133,204493,499.4899056403701|204493,1,0,0,,,,United Kingdom,,2,0,2,3,AS,0.05652694610778443,,,Portuguese India,,5,9,2,6,AS,0.0911111111111111
200-780,200,780,1.5711158970514507,2.8109630685691434,11967213.193694768,11967213.193694768|5920176,1,0,0,,,,United Kingdom,,2,0,2,3,AS,0.05652694610778443,,,Sri Lanka (Ceylon),,4,0,2,1,AS,0.03645569620253165
200-80,80,200,1.096646471300809,1.1853011487676397,195596,66578.10380964122|195596,0,1,0,,,,Belize (British Honduras),,3,0,3,5,AF,0.03555555555555556,,,United Kingdom,,2,0,2,3,AS,0.05652694610778443
200-800,200,800,1.5149773029360853,2.5178619155547026,2365340,302130.14401852153|2365340,0,1,0,,,,United Kingdom,,2,0,2,3,AS,0.05652694610778443,,,Thailand (Siam),,4,1,4,3,AS,0.03461538461538461
200-810,200,810,0.4174896133236543,0.2893334960029288,516287.7042864146,516287.7042864146|403737,0,1,0,,,,United Kingdom,,2,0,2,3,AS,0.05652694610778443,,,French Indochina,,4,1,4,3,AS,0.06428571428571428
200-821,200,821,1.920985750417755,6.661505881509385,3221816,3221816,1,0,0,,,,United Kingdom,,2,0,2,3,AS,0.05652694610778443,,,Federated Malay States,,2,0,2,3,LA,0
200-823,200,823,1.9993713577375476,8.789380789980248,70435,70435,1,0,0,,,,United Kingdom,,2,0,2,3,AS,0.05652694610778443,,,Sabah (North Borneo),,2,0,2,1,WE,0
200-824,200,824,,8.810968961722514,143270,143270,1,0,0,,,,United Kingdom,,2,0,2,3,AS,0.05652694610778443,,,Sarawak,,2,0,2,1,WE,0
200-827,200,827,1.3155221497758816,1.7284239263890322,12271821,12271821,0,1,0,,,,United Kingdom,,2,0,2,3,AS,0.05652694610778443,,,Straits Settlements,,4,1,4,1,AS,0.08347826086956521
200-835,200,835,,8.810968961722514,1503,1503,1,0,0,,,,United Kingdom,,2,0,2,3,AS,0.05652694610778443,,,Brunei,,2,0,2,1,WE,0
200-840,200,840,0.49504968410980765,0.35918866010750783,1446474.2035441874,1446474.2035441874|1095908,0,1,0,,,,United Kingdom,,2,0,2,3,AS,0.05652694610778443,,,Philippines,,4,1,3,3,AS,0.024
200-850,200,850,0.9182710858951832,0.8815311521115098,10532473,6641758|10532473,0,1,0,,,,United Kingdom,,2,0,2,3,AS,0.05652694610778443,,,Indonesia (Dutch East Indies),,4,5,4,6,AS,0.08693333333333332
200-860,200,860,0.5320392754859311,0.39071761942980954,2478.0028804608737,1348.729792147806|2478.0028804608737,0,1,0,,,,United Kingdom,,2,0,2,3,AS,0.05652694610778443,,,East Timor (Portuguese Timor),,5,5,1,6,AS,0.12695652173913044
200-90,90,200,0.9525632706661755,0.9196709273930623,437098,32170.975629803146|437098,0,1,0,,,,Guatemala,,3,0,1,5,WE,0.48756756756756775,,,United Kingdom,,2,0,2,3,AS,0.05652694610778443
200-900,200,900,1.7468777201274972,4.03568389503628,66148919,66148919|54235261,1,0,0,,,,United Kingdom,,2,0,2,3,AS,0.05652694610778443,,,Australia,,2,0,2,1,AS,0.05283018867924528
200-9002,200,9002,1.9872860032824653,8.391620888451746,3602,3602,1,0,0,,,,United Kingdom,,2,0,2,3,AS,0.05652694610778443,,,Cocos (Keeling) Is.,,2,0,2,1,WE,0
200-91,91,200,1.3116876101222412,1.7286000263678631,750323,407423.31976136676|750323,0,1,0,,,,Honduras,,3,4,3,5,WE,0.025600000000000005,,,United Kingdom,,2,0,2,3,AS,0.05652694610778443
200-911,200,911,1.6179561480232654,3.0977751080863483,140214,40437.05380670508|140214,1,0,0,,,,United Kingdom,,2,0,2,3,AS,0.05652694610778443,,,Papua (British New Guinea),,2,0,2,3,AS,0
200-912,200,912,0.800114304769135,0.8046734593678926,40846,40846,1,0,0,,,,United Kingdom,,2,0,2,3,AS,0.05652694610778443,,,New Guinea (German New Guinea) (Kaiser Wilhelmsland),,2,0,2,8,WE,0
200-92,92,200,1.2144525241698325,1.4562462579058095,480294,41248.23351744022|480294,0,1,0,,,,El Salvador,,3,0,1,5,WE,0.061111111111111116,,,United Kingdom,,2,0,2,3,AS,0.05652694610778443
200-920,200,920,1.8452459269865138,4.646494980225458,40957043,40957043|21393411,1,0,0,,,,United Kingdom,,2,0,2,3,AS,0.05652694610778443,,,New Zealand,,2,0,2,1,AS,0.05431578947368421
200-93,93,200,1.0574812937981997,1.106994108583183,263582,82252.67575940736|263582,0,1,0,,,,Nicaragua,,3,0,3,5,WE,0.020645161290322584,,,United Kingdom,,2,0,2,3,AS,0.05652694610778443
200-935,200,935,0.835306917935793,0.7409837566297647,26343,26343,0.1,0.9,0.36000000000000004,,,,United Kingdom,,2,0,2,3,AS,0.05652694610778443,,,Vanuatu (New Hebrides),,3,0,3,3,LA,0.252
200-94,94,200,1.6858396682951478,3.261921476062745,2119011.330706521,2119011.330706521|403661,1,0,0,,,,Costa Rica,,3,0,2,5,WE,0.01894736842105263,,,United Kingdom,,2,0,2,3,AS,0.05652694610778443
200-945,200,945,0.7975742127931276,0.689669697067645,25160,25160,0.6,0.4,0.96,,,,United Kingdom,,2,0,2,3,AS,0.05652694610778443,,,Gilbert and Ellice Is.,,2,0,3,3,LA,0.7866666666666666
200-95,95,200,0.16116158508031708,0.0979318166609553,117893,117893,0,1,0,,,,Panama,,3,0,3,1,AS,0.021333333333333336,,,United Kingdom,,2,0,2,3,AS,0.05652694610778443
200-950,200,950,1.6353280086202089,3.2131603059669316,446625,409465|446625,1,0,0,,,,United Kingdom,,2,0,2,3,AS,0.05652694610778443,,,Fiji,,2,8,2,3,LA,0.0672
200-955,200,955,0.14809506004931894,0.11001504777780946,104,104,1,0,0,,,,United Kingdom,,2,0,2,3,AS,0.05652694610778443,,,Tonga (Haʻapai),,2,7,2,1,AS,0
200-96,96,200,1.9593409547524048,7.581559478027381,314065,314065,1,0,0,,,,Panama Canal Zone,,2,0,2,1,AS,0,,,United Kingdom,,2,0,2,3,AS,0.05652694610778443
200-960,200,960,0.7912587156997841,0.6813598448948281,83507,83507,0,1,0,,,,United Kingdom,,2,0,2,3,AS,0.05652694610778443,,,French Polynesia,,0,0,0,5,AF,0
200-9620,200,9620,1.007595712905576,1.0135467981431976,1030,1030,0,1,0,,,,United Kingdom,,2,0,2,3,AS,0.05652694610778443,,,Pitcairn Is.,,3,4,3,3,LA,0
200-970,200,970,1.3186110412232368,1.74947459303068,19449,19449,1,0,0,,,,United Kingdom,,2,0,2,3,AS,0.05652694610778443,,,Nauru,,2,0,2,8,WE,0
200-990,200,990,0.8889633570755919,0.8187117898598812,14670,1491|14670,1,0,0,,,,United Kingdom,,2,0,2,3,AS,0.05652694610778443,,,Samoa (Western Samoa) (German Samoa),,2,7,2,1,WE,0
2003-750,750,2003,0.0003411510129238682,0.00017714536418200755,23.484995106894694,23.484995106894694,1,0,0,,,,India,,4,0,2,1,AS,0.05248,,,Channel Is.,,2,0,2,1,AS,0
205-21,21,205,0.07466694103776816,0.039153686793942044,2446,2446,0,1,0,,,,Newfoundland and Labrador (Newfoundland),,3,4,3,5,AF,0,,,Ireland,,3,3,2,3,AS,0.017419354838709676
205-210,205,210,0.5549717547461925,0.3948933254513034,444030.910157845,444030.910157845|138979,0,1,0,,,,Ireland,,3,3,2,3,AS,0.017419354838709676,,,Netherlands,,5,5,1,6,AS,0.06528
205-211,205,211,0.16363846214572375,0.0929668381277865,165877,165877,0,1,0,,,,Ireland,,3,3,2,3,AS,0.017419354838709676,,,Belgium,,5,5,0,6,AS,0.05224489795918367
205-220,205,220,0.11236480295592777,0.06797180514622136,181468,181468|89238,0,1,0,,,,Ireland,,3,3,2,3,AS,0.017419354838709676,,,France,,0,0,0,5,WE,0.039658119658119655
205-225,205,225,0.20227369122103456,0.11541119157742441,65819.51836010221,65819.51836010221|54037,0,1,0,,,,Ireland,,3,3,2,3,AS,0.017419354838709676,,,Switzerland,,1,0,1,5,WE,0.3393939393939395
205-230,205,230,0.13812494553793808,0.07667701923175574,49969,49969|237.89350063061602,0,1,0,,,,Ireland,,3,3,2,3,AS,0.017419354838709676,,,Spain,,0,0,0,1,AF,0.026168224299065415
205-231,205,231,0.6999449932103764,0.5403308494464142,9509,9509,0,1,0,,,,Ireland,,3,3,2,3,AS,0.017419354838709676,,,Gibraltar,,0,0,4,3,AS,0.056
205-235,205,235,0.03242515165080739,0.016676676340993568,2439,2439,0,1,0,,,,Ireland,,3,3,2,3,AS,0.017419354838709676,,,Portugal,,5,5,0,6,WE,0.25612903225806444
205-255,205,255,0.3937349949535456,0.2695847822848484,1221204.738512698,331857|1221204.738512698,0,1,0,,,,Ireland,,3,3,2,3,AS,0.017419354838709676,,,Germany (Zollverein),,1,0,1,8,WE,0.06266666666666668
205-290,205,290,0.2644823512596547,0.15581443182114263,52746,52746|8872.904480646688,0,1,0,,,,Ireland,,3,3,2,3,AS,0.017419354838709676,,,Poland,,1,0,1,3,AS,0.07673469387755102
205-291,205,291,0,,0,0,0,1,0,,,,Ireland,,3,3,2,3,AS,0.017419354838709676,,,Danzig (Free City of Danzig),,1,0,1,3,AS,0.05647058823529412
205-30,30,205,0.004443076156950387,0.0022437640949488635,32.862804878048784,32.862804878048784,0,1,0,,,,Bermuda,,3,4,3,3,AS,0,,,Ireland,,3,3,2,3,AS,0.017419354838709676
205-31,31,205,0.12073405984866026,0.06474547953826959,2535,2535,0,1,0,,,,Bahamas,,3,4,3,1,AS,0.02909090909090909,,,Ireland,,3,3,2,3,AS,0.017419354838709676
205-310,205,310,0.019967602135613105,0.01026673927784838,2290,2290,0,1,0,,,,Ireland,,3,3,2,3,AS,0.017419354838709676,,,Hungary,,1,0,1,8,WE,0.09393258426966293
205-315,205,315,0.002899034805148415,0.0015076211189165578,847,847,0,1,0,,,,Ireland,,3,3,2,3,AS,0.017419354838709676,,,Czechoslovakia,,1,0,1,8,EESU,0.08153846153846155
205-325,205,325,0.280724640368905,0.16894863159991047,180074.1825000502,174379|180074.1825000502,0,1,0,,,,Ireland,,3,3,2,3,AS,0.017419354838709676,,,Italy,,1,0,1,4,WE,0.19471698113207533
205-350,205,350,0.059401433385639524,0.031053103002535276,6978,6978,0,1,0,,,,Ireland,,3,3,2,3,AS,0.017419354838709676,,,Greece,,1,0,1,3,AS,0.11567567567567569
205-360,205,360,0.033286362975026185,0.017235413359907414,4169,4169,0,1,0,,,,Ireland,,3,3,2,3,AS,0.017419354838709676,,,Romania,,1,0,1,3,AS,0.08095238095238096
205-365,205,365,0.5565237356138266,0.39950557522485,205504,10037.059913526868|205504,0,1,0,,,,Ireland,,3,3,2,3,AS,0.017419354838709676,,,Russia (USSR),,1,6,1,2,EESU,0.06482758620689656
205-367,205,367,0.0006599873096311271,0.000333714321648082,27,27,0,1,0,,,,Ireland,,3,3,2,3,AS,0.017419354838709676,,,Latvia,,1,0,1,8,EESU,0.08675324675324675
205-368,205,368,0.0036560673172567615,0.001848191566151236,57,57,0,1,0,,,,Ireland,,3,3,2,3,AS,0.017419354838709676,,,Lithuania,,1,0,1,8,EESU,0.10952380952380954
205-375,205,375,0.19206419129577768,0.10788297111714629,19850,19850,0,1,0,,,,Ireland,,3,3,2,3,AS,0.017419354838709676,,,Finland,,1,0,1,8,EESU,0.07105263157894737
205-380,205,380,0.6891301409461761,0.5353824979817531,367382.3745153516,23458|367382.3745153516,0,1,0,,,,Ireland,,3,3,2,3,AS,0.017419354838709676,,,Sweden,,1,0,1,8,WE,0.06709677419354838
205-385,205,385,0.14375808201708362,0.07901880359322022,27129,27129,0,1,0,,,,Ireland,,3,3,2,3,AS,0.017419354838709676,,,Norway,,1,0,1,8,WE,0.0669767441860465
205-390,205,390,0.11076564616343587,0.06061349410432815,35452,35452,0.9,0.09999999999999998,0.35999999999999993,,,,Ireland,,3,3,2,3,AS,0.017419354838709676,,,Denmark,,1,0,2,8,WE,0.20404040404040397
205-395,205,395,0.0016575539418948182,0.0008419275210350685,19.45823927765237,19.45823927765237,0,1,0,,,,Ireland,,3,3,2,3,AS,0.017419354838709676,,,Iceland,,1,0,0,8,EESU,0.04
205-40,40,205,0.048002954458051805,0.02515142327115283,7492,7492|431.7633821035021,0,1,0,,,,Cuba,,3,3,3,3,LA,0.024242424242424242,,,Ireland,,3,3,2,3,AS,0.017419354838709676
205-42,42,205,1.9660091999695721,40.83957960955614,1375122.9279969723,1375122.9279969723,0,1,0,,,,Dominican Republic (Santo Domingo),,3,3,3,1,AS,0.037209302325581395,,,Ireland,,3,3,2,3,AS,0.017419354838709676
205-501,205,501,0.16717385332393586,0.09193948257010032,5754,5754,1,0,0,,,,Ireland,,3,3,2,3,AS,0.017419354838709676,,,Kenya (British East Africa Protectorate),,4,5,2,3,AS,0.042499999999999996
205-51,51,205,0.11754621290029577,0.06297787534592425,2663,2663,0,1,0,,,,Jamaica,,3,4,3,1,AS,0.011034482758620692,,,Ireland,,3,3,2,3,AS,0.017419354838709676
205-511,205,511,0.18345074569082753,0.10240410960555835,1192.7836588638736,1192.7836588638736,0.9,0.09999999999999998,0.35999999999999993,,,,Ireland,,3,3,2,3,AS,0.017419354838709676,,,Zanzibar,,4,5,2,8,WE,0.2688888888888889
205-52,52,205,0.13787784773940182,0.07468016132985744,2859,2859,0,1,0,,,,Trinidad and Tobago,,3,4,3,1,AS,0.02684931506849315,,,Ireland,,3,3,2,3,AS,0.017419354838709676
205-53,53,205,0.24209919961658855,0.13865981077031775,1876,1876,0,1,0,,,,Barbados,,3,4,3,1,AS,0.01777777777777778,,,Ireland,,3,3,2,3,AS,0.017419354838709676
205-560,205,560,0.12050205676022385,0.0661084838064061,32421,32421,1,0,0,,,,Ireland,,3,3,2,3,AS,0.017419354838709676,,,South Africa,,5,5,2,3,AS,0.05199999999999999
205-600,205,600,0.15846294331230626,0.08700118186718209,12046,12046,0,1,0,,,,Ireland,,3,3,2,3,AS,0.017419354838709676,,,Morocco,,0,0,0,3,AS,0.046486486486486484
205-615,205,615,0.11816140261160335,0.0639719020054057,13786.495103523164,4016|13786.495103523164,0,1,0,,,,Ireland,,3,3,2,3,AS,0.017419354838709676,,,Algeria (Regency of Algiers),,0,0,0,3,AS,0.029425287356321838
205-616,205,616,0.0026929390325282077,0.0013632220855961386,115,115,0,1,0,,,,Ireland,,3,3,2,3,AS,0.017419354838709676,,,Tunisia (Regency of Tunis),,0,0,0,3,LA,0.06918918918918919
205-640,205,640,0.1110120895295773,0.0595293701748314,10219,10219,0,1,0,,,,Ireland,,3,3,2,3,AS,0.017419354838709676,,,Turkey (Ottoman Empire),,1,0,1,3,AS,0.08153846153846155
205-651,205,651,0.3101194361398093,0.18777569723912513,86142,86142,0,1,0,,,,Ireland,,3,3,2,3,AS,0.017419354838709676,,,Egypt Arab Republic (Egypt),,1,0,1,3,AS,0.3750588235294118
205-70,70,205,0.039997476074643434,0.020870373844292023,5694,1.9850388408245427|5694,0,1,0,,,,Mexico,,3,4,3,3,LA,0.020253164556962026,,,Ireland,,3,3,2,3,AS,0.017419354838709676
205-710,205,710,0.030681204186880584,0.016315536989320645,14364,14364,0,1,0,,,,Ireland,,3,3,2,3,AS,0.017419354838709676,,,People's Republic of China (China),,4,1,4,3,AS,0.0496
205-720,205,720,0.04698841182830338,0.02444275817786057,9923,9923,0,1,0,,,,Ireland,,3,3,2,3,AS,0.017419354838709676,,,Hong Kong,,4,1,4,8,EESU,0.09517241379310344
205-750,205,750,0.11572397309620674,0.06589394228132461,81001,81001,1,0,0,,,,Ireland,,3,3,2,3,AS,0.017419354838709676,,,India,,4,0,2,1,AS,0.05248
205-780,205,780,0.006305957093375225,0.003222967173475033,616.1618015100984,616.1618015100984,1,0,0,,,,Ireland,,3,3,2,3,AS,0.017419354838709676,,,Sri Lanka (Ceylon),,4,0,2,1,AS,0.03645569620253165
205-800,205,800,0.27919483298598313,0.16383992423594407,10009,10009,0,1,0,,,,Ireland,,3,3,2,3,AS,0.017419354838709676,,,Thailand (Siam),,4,1,4,3,AS,0.03461538461538461
205-810,205,810,0.14218051058047076,0.07745021582486711,7028,7028,0,1,0,,,,Ireland,,3,3,2,3,AS,0.017419354838709676,,,French Indochina,,4,1,4,3,AS,0.06428571428571428
205-821,205,821,0.5997073849623187,0.4302534756805426,13532,13532,1,0,0,,,,Ireland,,3,3,2,3,AS,0.017419354838709676,,,Federated Malay States,,2,0,2,3,LA,0
205-827,205,827,0.2543220176661586,0.14786597061027051,68271,68271,0,1,0,,,,Ireland,,3,3,2,3,AS,0.017419354838709676,,,Straits Settlements,,4,1,4,1,AS,0.08347826086956521
205-840,205,840,0.23970640420811762,0.1382953303654163,27439,53.63131246712257|27439,0,1,0,,,,Ireland,,3,3,2,3,AS,0.017419354838709676,,,Philippines,,4,1,3,3,AS,0.024
205-850,205,850,0.03608956859966472,0.018988992196698695,15302,15302,0,1,0,,,,Ireland,,3,3,2,3,AS,0.017419354838709676,,,Indonesia (Dutch East Indies),,4,5,4,6,AS,0.08693333333333332
205-900,205,900,0.3259385181645513,0.20291800458831122,177335,177335|494,1,0,0,,,,Ireland,,3,3,2,3,AS,0.017419354838709676,,,Australia,,2,0,2,1,AS,0.05283018867924528
205-920,205,920,0.32558571941237935,0.19839128896453517,59400,407|59400,1,0,0,,,,Ireland,,3,3,2,3,AS,0.017419354838709676,,,New Zealand,,2,0,2,1,AS,0.05431578947368421
21-210,21,210,1.0239827523450427,1.0747721488843474,289049,289049|84310,0,1,0,,,,Newfoundland and Labrador (Newfoundland),,3,4,3,5,AF,0,,,Netherlands,,5,5,1,6,AS,0.06528
21-220,21,220,1.6025146529904113,3.3742214716119507,1816182,1816182,0,1,0,,,,Newfoundland and Labrador (Newfoundland),,3,4,3,5,AF,0,,,France,,0,0,0,5,WE,0.039658119658119655
21-230,21,230,1.6875177496796112,5.127334253961886,512256,512256|20696.734554863593,0,1,0,,,,Newfoundland and Labrador (Newfoundland),,3,4,3,5,AF,0,,,Spain,,0,0,0,1,AF,0.026168224299065415
21-235,21,235,1.9112069560525424,19.846193821939778,444979,444979,0,1,0,,,,Newfoundland and Labrador (Newfoundland),,3,4,3,5,AF,0,,,Portugal,,5,5,0,6,WE,0.25612903225806444
21-255,21,255,0.26354318958313294,0.1840485261123329,109912,109912|104031,0,1,0,,,,Newfoundland and Labrador (Newfoundland),,3,4,3,5,AF,0,,,Germany (Zollverein),,1,0,1,8,WE,0.06266666666666668
21-30,21,30,1.7222405976705497,6.154449262108703,13819,13819,1,0,0,,,,Newfoundland and Labrador (Newfoundland),,3,4,3,5,AF,0,,,Bermuda,,3,4,3,3,AS,0
21-31,21,31,1.7703968240187045,7.610726535374186,45683,45683,1,0,0,,,,Newfoundland and Labrador (Newfoundland),,3,4,3,5,AF,0,,,Bahamas,,3,4,3,1,AS,0.02909090909090909
21-310,21,310,0.06067535199428409,0.031538146902130415,1527.1397496276443,1527.1397496276443,0,1,0,,,,Newfoundland and Labrador (Newfoundland),,3,4,3,5,AF,0,,,Hungary,,1,0,1,8,WE,0.09393258426966293
21-325,21,325,1.1402515220612306,1.344911211677062,300642,300642|29902,0,1,0,,,,Newfoundland and Labrador (Newfoundland),,3,4,3,5,AF,0,,,Italy,,1,0,1,4,WE,0.19471698113207533
21-350,21,350,1.3337058969543019,1.9947320367970602,68718,68718,0,1,0,,,,Newfoundland and Labrador (Newfoundland),,3,4,3,5,AF,0,,,Greece,,1,0,1,3,AS,0.11567567567567569
21-352,21,352,0.0047179974913499345,0.0023710115765978035,5,5,0,1,0,,,,Newfoundland and Labrador (Newfoundland),,3,4,3,5,AF,0,,,Cyprus,,1,0,1,3,AS,0.3379310344827586
21-367,21,367,0.0033683061366428513,0.0016940705194486982,24.573149496322838,24.573149496322838,0,1,0,,,,Newfoundland and Labrador (Newfoundland),,3,4,3,5,AF,0,,,Latvia,,1,0,1,8,EESU,0.08675324675324675
21-375,21,375,0.9080905894659986,0.8335093812375718,36487.94354029688,36487.94354029688,0,1,0,,,,Newfoundland and Labrador (Newfoundland),,3,4,3,5,AF,0,,,Finland,,1,0,1,8,EESU,0.07105263157894737
21-380,21,380,1.562963169506601,3.4301418048025516,456142.8878704148,456142.8878704148,0,1,0,,,,Newfoundland and Labrador (Newfoundland),,3,4,3,5,AF,0,,,Sweden,,1,0,1,8,WE,0.06709677419354838
21-385,21,385,0.012302492447881175,0.006243916103436442,334.18225495098096,334.18225495098096,0,1,0,,,,Newfoundland and Labrador (Newfoundland),,3,4,3,5,AF,0,,,Norway,,1,0,1,8,WE,0.0669767441860465
21-390,21,390,0.35781872438335294,0.22078955961871483,26160.64585766544,26160.64585766544,0,1,0,,,,Newfoundland and Labrador (Newfoundland),,3,4,3,5,AF,0,,,Denmark,,1,0,2,8,WE,0.20404040404040397
21-51,21,51,1.764502487327758,7.40052929772734,47974,2331|47974,1,0,0,,,,Newfoundland and Labrador (Newfoundland),,3,4,3,5,AF,0,,,Jamaica,,3,4,3,1,AS,0.011034482758620692
21-52,21,52,1.7980318011627787,8.776015071862693,51507,51507,1,0,0,,,,Newfoundland and Labrador (Newfoundland),,3,4,3,5,AF,0,,,Trinidad and Tobago,,3,4,3,1,AS,0.02684931506849315
21-53,21,53,1.8867519491335043,16.301540316357038,33812,18407|33812,1,0,0,,,,Newfoundland and Labrador (Newfoundland),,3,4,3,5,AF,0,,,Barbados,,3,4,3,1,AS,0.01777777777777778
21-560,21,560,0.0017453028894157674,0.0008875253413616058,101,101,0,1,0,,,,Newfoundland and Labrador (Newfoundland),,3,4,3,5,AF,0,,,South Africa,,5,5,2,3,AS,0.05199999999999999
21-615,21,615,0.00023764165435957718,0.0001197211033261425,5,5,0,1,0,,,,Newfoundland and Labrador (Newfoundland),,3,4,3,5,AF,0,,,Algeria (Regency of Algiers),,0,0,0,3,AS,0.029425287356321838
21-780,21,780,1.2325568321742386,1.6023293267183463,59364.3007346258,59364.3007346258,0,1,0,,,,Newfoundland and Labrador (Newfoundland),,3,4,3,5,AF,0,,,Sri Lanka (Ceylon),,4,0,2,1,AS,0.03645569620253165
210-211,210,211,1.5069444901472313,2.7143837324780686,16893267.604837656,16893267.604837656,0,1,0,,,,Netherlands,,5,5,1,6,AS,0.06528,,,Belgium,,5,5,0,6,AS,0.05224489795918367
210-212,210,212,1.4506917287683283,2.531514430089409,264268.675766196,264268.675766196,1,0,0,,,,Netherlands,,5,5,1,6,AS,0.06528,,,Luxemburg,,1,0,1,3,AS,0.08769230769230771
210-220,210,220,0.9857421416645097,1.040425318372857,10139406.492462413,10139406.492462413|9688721.384716047,0,1,0,,,,Netherlands,,5,5,1,6,AS,0.06528,,,France,,0,0,0,5,WE,0.039658119658119655
210-225,210,225,0.9359141920866845,0.8956103407342163,2645841.422908596,2204113.21064572|2645841.422908596,0.8,0.19999999999999996,0.6399999999999999,,,,Netherlands,,5,5,1,6,AS,0.06528,,,Switzerland,,1,0,1,5,WE,0.3393939393939395
210-230,210,230,1.1431278487722487,1.3463989914374983,4080032.131482152,1722459.569738933|4080032.131482152,0,1,0,,,,Netherlands,,5,5,1,6,AS,0.06528,,,Spain,,0,0,0,1,AF,0.026168224299065415
210-231,210,231,1.084228725145511,1.1782923847572564,72329,72329,0,1,0,,,,Netherlands,,5,5,1,6,AS,0.06528,,,Gibraltar,,0,0,4,3,AS,0.056
210-235,210,235,0.9718969397312334,0.9482179613990336,483720.8239149708,483720.8239149708|318673.44110854506,0.1,0.9,0.36000000000000004,,,,Netherlands,,5,5,1,6,AS,0.06528,,,Portugal,,5,5,0,6,WE,0.25612903225806444
210-255,210,255,1.5568007498195389,2.772157253761665,66464926.169976234,37666472.34139534|66464926.169976234,1,0,0,,,,Netherlands,,5,5,1,6,AS,0.06528,,,Germany (Zollverein),,1,0,1,8,WE,0.06266666666666668
210-290,210,290,0.8733110201923204,0.8042866077892715,1828077.7797854065,1828077.7797854065|888963,1,0,0,,,,Netherlands,,5,5,1,6,AS,0.06528,,,Poland,,1,0,1,3,AS,0.07673469387755102
210-291,210,291,1.3959831910193476,2.2323661306764144,578405,578405,1,0,0,,,,Netherlands,,5,5,1,6,AS,0.06528,,,Danzig (Free City of Danzig),,1,0,1,3,AS,0.05647058823529412
210-30,30,210,0.26507855850708284,0.15624278918236256,7982,7982,0,1,0,,,,Bermuda,,3,4,3,3,AS,0,,,Netherlands,,5,5,1,6,AS,0.06528
210-305,210,305,0.6771213853211642,0.5268917778384593,1095524.3070169997,881158.0358522749|1095524.3070169997,1,0,0,,,,Netherlands,,5,5,1,6,AS,0.06528,,,Austria,,1,0,1,8,WE,0.08444444444444446
210-31,31,210,0.9546330103246247,0.9404828324844775,26386,7766|26386,0,1,0,,,,Bahamas,,3,4,3,1,AS,0.02909090909090909,,,Netherlands,,5,5,1,6,AS,0.06528
210-310,210,310,0.8557290427434837,0.7579891641330558,589725.9685746277,589725.9685746277|478115.2684499449,1,0,0,,,,Netherlands,,5,5,1,6,AS,0.06528,,,Hungary,,1,0,1,8,WE,0.09393258426966293
210-315,210,315,0.8672852963089055,0.7865613826611676,2691986.6308611264,1541374.3382220464|2691986.6308611264,1,0,0,,,,Netherlands,,5,5,1,6,AS,0.06528,,,Czechoslovakia,,1,0,1,8,EESU,0.08153846153846155
210-325,210,325,0.6373034889099611,0.49463990242184797,2515761.720959485,1989831.5650285187|2515761.720959485,0.9,0.09999999999999998,0.35999999999999993,,,,Netherlands,,5,5,1,6,AS,0.06528,,,Italy,,1,0,1,4,WE,0.19471698113207533
210-338,210,338,1.8520212185286549,8.89579394115194,75441,75441|53417,0,1,0,,,,Netherlands,,5,5,1,6,AS,0.06528,,,Malta,,1,0,2,3,AS,0.008999999999999998
210-339,210,339,0.17091178041553368,0.09569645325580467,2397.932289493018,2397.932289493018,0.9,0.09999999999999998,0.35999999999999993,,,,Netherlands,,5,5,1,6,AS,0.06528,,,Albania,,1,0,1,3,AS,0.28235294117647053
210-345,210,345,0.4654652507015813,0.31129159004504003,229622.68854903828,229622.68854903828|194398.13903442546,1,0,0,,,,Netherlands,,5,5,1,6,AS,0.06528,,,"Yugoslavia (Kingdom of Serbs, Croats and Slovenes)",,1,0,1,3,NAM,0.0931578947368421
210-350,210,350,1.1466565512932405,1.3600926617237923,794681.8812323316,606263.4326400968|794681.8812323316,1,0,0,,,,Netherlands,,5,5,1,6,AS,0.06528,,,Greece,,1,0,1,3,AS,0.11567567567567569
210-352,210,352,1.1457307355206043,1.3297199693631119,61497,61497|56496,0.7,0.30000000000000004,0.8400000000000001,,,,Netherlands,,5,5,1,6,AS,0.06528,,,Cyprus,,1,0,1,3,AS,0.3379310344827586
210-355,210,355,0.9077004335806536,0.8360544147573211,176785.49085986454,134964.2126865174|176785.49085986454,1,0,0,,,,Netherlands,,5,5,1,6,AS,0.06528,,,Bulgaria,,1,0,1,3,AS,0.10952380952380951
210-360,210,360,0.6901124282622402,0.5377487139307588,664893.5410730841,453705.3266361444|664893.5410730841,1,0,0,,,,Netherlands,,5,5,1,6,AS,0.06528,,,Romania,,1,0,1,3,AS,0.08095238095238096
210-365,210,365,0.9842741104295347,0.9965516377614476,5605981.058266419,5605981.058266419|212341.03860062308,1,0,0,,,,Netherlands,,5,5,1,6,AS,0.06528,,,Russia (USSR),,1,6,1,2,EESU,0.06482758620689656
210-366,210,366,0.947999581244819,0.9044181790392567,151380.95698004164,89219.61863320573|151380.95698004164,1,0,0,,,,Netherlands,,5,5,1,6,AS,0.06528,,,Estonia,,1,0,1,8,EESU,0.06666666666666665
210-367,210,367,1.2545626781432078,1.681312933529889,684840.0996981754,213085.22448356918|684840.0996981754,1,0,0,,,,Netherlands,,5,5,1,6,AS,0.06528,,,Latvia,,1,0,1,8,EESU,0.08675324675324675
210-368,210,368,1.1033777380790069,1.2244541174118837,219883.5940391152,219883.5940391152|131720.90128146127,1,0,0,,,,Netherlands,,5,5,1,6,AS,0.06528,,,Lithuania,,1,0,1,8,EESU,0.10952380952380954
210-375,210,375,1.3530158228819957,2.036298771658502,2308368.432172507,1306873.0977736947|2308368.432172507,1,0,0,,,,Netherlands,,5,5,1,6,AS,0.06528,,,Finland,,1,0,1,8,EESU,0.07105263157894737
210-380,210,380,1.177086547898572,1.4299527135753816,3837828.775018338,2774821.095545058|3837828.775018338,1,0,0,,,,Netherlands,,5,5,1,6,AS,0.06528,,,Sweden,,1,0,1,8,WE,0.06709677419354838
210-385,210,385,1.3314903395022721,1.9410090984457729,2324423.2617220078,2324423.2617220078|1025377.111476725,1,0,0,,,,Netherlands,,5,5,1,6,AS,0.06528,,,Norway,,1,0,1,8,WE,0.0669767441860465
210-390,210,390,1.1676482834527921,1.401102821376608,2858417.976396004,2858417.976396004|629559.2401251211,0.1,0.9,0.36000000000000004,,,,Netherlands,,5,5,1,6,AS,0.06528,,,Denmark,,1,0,2,8,WE,0.20404040404040397
210-395,210,395,1.1330189859485693,1.2971744443055073,66149.85626187635,66149.85626187635|9037.2460496614,0,1,0,,,,Netherlands,,5,5,1,6,AS,0.06528,,,Iceland,,1,0,0,8,EESU,0.04
210-40,40,210,0.6308538775319994,0.4731199572592584,491576.1193460686,491576.1193460686|283234.513806677,0,1,0,,,,Cuba,,3,3,3,3,LA,0.024242424242424242,,,Netherlands,,5,5,1,6,AS,0.06528
210-403,210,403,1.7709799205395966,6.298830417669484,178792,178792,0.7,0.30000000000000004,0.8400000000000001,,,,Netherlands,,5,5,1,6,AS,0.06528,,,Sao Tome-Principe,,5,5,1,6,AS,0.45333333333333325
210-404,210,404,1.3657995428956806,2.1162487229851545,33024,18108.52315168865|33024,0.1,0.9,0.36000000000000004,,,,Netherlands,,5,5,1,6,AS,0.06528,,,Guinea-Bissau (Portuguese Guinea),,5,5,2,6,AS,0.36666666666666675
210-41,41,210,0.8615493532170673,0.7620251648862882,56493.676076733886,44981.90225807592|56493.676076733886,0,1,0,,,,Haiti,,3,4,0,1,AS,0.027027027027027032,,,Netherlands,,5,5,1,6,AS,0.06528
210-42,42,210,0.8915075286925863,0.8090477307787535,102529.49349514389,102529.49349514389|80620.1373191618,0,1,0,,,,Dominican Republic (Santo Domingo),,3,3,3,1,AS,0.037209302325581395,,,Netherlands,,5,5,1,6,AS,0.06528
210-420,210,420,1.5109613512465354,2.934297605045533,86294,86294|40991,0,1,0,,,,Netherlands,,5,5,1,6,AS,0.06528,,,Gambia,,5,0,3,1,AS,0
210-430,210,430,1.656372113199728,4.388663270412663,432474.7652788798,270387.5374704196|432474.7652788798,0,1,0,,,,Netherlands,,5,5,1,6,AS,0.06528,,,French West Africa,,5,0,0,1,AS,0
210-450,210,450,1.5639947451462048,3.362714777027868,29271.311395880286,29271.311395880286,0,1,0,,,,Netherlands,,5,5,1,6,AS,0.06528,,,Liberia,,5,0,2,9,AF,0
210-451,210,451,1.378382693925139,2.1735107652023147,107674,107674,0,1,0,,,,Netherlands,,5,5,1,6,AS,0.06528,,,Sierra Leone,,5,0,2,5,AF,0.04761904761904761
210-452,210,452,1.8500950720861233,9.538778938975831,1493472,1493472|671532,1,0,0,,,,Netherlands,,5,5,1,6,AS,0.06528,,,Ghana (Gold Coast),,5,0,1,1,AS,0.05499999999999999
210-461,210,461,0.9154502122362191,0.8716361299318337,17662,17662,0,1,0,,,,Netherlands,,5,5,1,6,AS,0.06528,,,Togo (French Togoland),,5,0,0,1,AS,0
210-471,210,471,1.443603255825201,2.508291982795566,109629,109629,0,1,0,,,,Netherlands,,5,5,1,6,AS,0.06528,,,Cameroun (French Cameroon),,0,5,0,1,AS,0
210-475,210,475,1.3817191682964896,2.182899980455338,1440332,1440332|225646,0,1,0,,,,Netherlands,,5,5,1,6,AS,0.06528,,,Nigeria,,5,0,2,3,AS,0.02918918918918919
210-480,210,480,1.325864995729657,1.9459496812937214,73086,38614.97859287032|73086,0,1,0,,,,Netherlands,,5,5,1,6,AS,0.06528,,,French Equatorial Africa,,5,5,0,1,AF,0.048
210-490,210,490,1.4775251067630335,2.7026802020770826,153881.10312918987,153881.10312918987|33835.94919831166,0,1,0,,,,Netherlands,,5,5,1,6,AS,0.06528,,,Democratic Republic of the Congo (Zaire) (Kinshasa) (Belgian Congo) (Congo Free State),,5,5,0,6,AS,0.09619047619047619
210-501,210,501,1.5562321886918584,3.284778418013364,717064.4418787396,717064.4418787396,0,1,0,,,,Netherlands,,5,5,1,6,AS,0.06528,,,Kenya (British East Africa Protectorate),,4,5,2,3,AS,0.042499999999999996
210-51,51,210,0.9999442059860078,1.026313849797868,176626,176626|27709,0,1,0,,,,Jamaica,,3,4,3,1,AS,0.011034482758620692,,,Netherlands,,5,5,1,6,AS,0.06528
210-511,210,511,0.8091265287634767,0.7061773927956478,44761.44326822722,44761.44326822722,0,1,0,,,,Netherlands,,5,5,1,6,AS,0.06528,,,Zanzibar,,4,5,2,8,WE,0.2688888888888889
210-512,210,512,0.997630755240689,1.021760600191782,141118,141118,0,1,0,,,,Netherlands,,5,5,1,6,AS,0.06528,,,Tanzania (Tanganyika),,4,5,2,1,AF,0.46142857142857163
210-52,52,210,1.081902093703027,1.2011003215280283,266720,266720|29750,0,1,0,,,,Trinidad and Tobago,,3,4,3,1,AS,0.02684931506849315,,,Netherlands,,5,5,1,6,AS,0.06528
210-5200,210,5200,1.0649056210009316,1.1347603972539402,6976,6976,0,1,0,,,,Netherlands,,5,5,1,6,AS,0.06528,,,Italian Somaliland,,4,2,2,1,AS,0.26399999999999996
210-53,53,210,0.5789329838885104,0.41384308826000926,19530,5837|19530,0,1,0,,,,Barbados,,3,4,3,1,AS,0.01777777777777778,,,Netherlands,,5,5,1,6,AS,0.06528
210-530,210,530,1.2649889627813808,1.6896531341423096,7193.796868479053,7193.796868479053,0.1,0.9,0.36000000000000004,,,,Netherlands,,5,5,1,6,AS,0.06528,,,Ethiopia (Abyssinia),,1,2,2,3,AS,0.4693333333333334
210-531,210,531,0.9286931284156639,0.8698617798407423,2532,2532,0,1,0,,,,Netherlands,,5,5,1,6,AS,0.06528,,,Eritrea,,4,2,2,1,AS,0.45999999999999996
210-540,210,540,1.2565395108016468,1.6610813195316247,58252.60833367622,51596.88788426355|58252.60833367622,0.1,0.9,0.36000000000000004,,,,Netherlands,,5,5,1,6,AS,0.06528,,,Angola,,5,5,0,6,AS,0.2853333333333333
210-541,210,541,0.8029010172276564,0.6956677357504765,162976.70836519785,162976.70836519785|65653,0,1,0,,,,Netherlands,,5,5,1,6,AS,0.06528,,,Mozambique (Portuguese East Africa),,5,5,2,6,AS,0.06285714285714285
210-551,210,551,0.7602815960077293,0.6390329468645136,20981,20981,0,1,0,,,,Netherlands,,5,5,1,6,AS,0.06528,,,Zambia (Northern Rhodesia),,5,5,2,6,AF,0.01894736842105263
210-552,210,552,0.0661158699806208,0.03648685185723799,8947,8947,0,1,0,,,,Netherlands,,5,5,1,6,AS,0.06528,,,Zimbabwe (Rhodesia) (Southern Rhodesia),,5,5,2,3,AS,0.010909090909090906
210-560,210,560,0.8255534363542173,0.7203274438704914,1476861,1232206.4475181017|1476861,0,1,0,,,,Netherlands,,5,5,1,6,AS,0.06528,,,South Africa,,5,5,2,3,AS,0.05199999999999999
210-580,210,580,0.10961834327841025,0.05949277109631845,5788.112422914181,5788.112422914181|1075.5993839300304,0,1,0,,,,Netherlands,,5,5,1,6,AS,0.06528,,,Madagascar (Malagasy Republic),,0,0,0,5,AF,0.020000000000000004
210-590,210,590,0.4392813616472597,0.2870464796907587,23731.26093394814,23731.26093394814,0,1,0,,,,Netherlands,,5,5,1,6,AS,0.06528,,,Mauritius,,4,0,2,3,AS,0.05076923076923076
210-600,210,600,0.8108124008174182,0.7088645933499109,250902.8122196504,248806.1468649824|250902.8122196504,0,1,0,,,,Netherlands,,5,5,1,6,AS,0.06528,,,Morocco,,0,0,0,3,AS,0.046486486486486484
210-601,210,601,0.28606345403812605,0.1770029890034116,1526.7918135009995,1526.7918135009995,0,1,0,,,,Netherlands,,5,5,1,6,AS,0.06528,,,Tangier,,0,0,0,5,AF,0.045
210-602,210,602,1.7909966561877075,7.1669782021356365,150325.548355114,150325.548355114,0,1,0,,,,Netherlands,,5,5,1,6,AS,0.06528,,,Spanish Morocco,,0,0,0,6,LA,0
210-615,210,615,0.7128989273723768,0.5797643615376615,679926.7055590696,679926.7055590696|58391.45167009176,0,1,0,,,,Netherlands,,5,5,1,6,AS,0.06528,,,Algeria (Regency of Algiers),,0,0,0,3,AS,0.029425287356321838
210-616,210,616,0.8573522774323155,0.7779782912521892,329819.1060898447,329819.1060898447|209515.4661905075,0,1,0,,,,Netherlands,,5,5,1,6,AS,0.06528,,,Tunisia (Regency of Tunis),,0,0,0,3,LA,0.06918918918918919
210-6203,210,6203,0.6151415306399363,0.4506535932886868,4299.740657021963,4299.740657021963,0,1,0,,,,Netherlands,,5,5,1,6,AS,0.06528,,,Tripolitania (Regency of Tripoli),,0,0,0,1,ME,0.030000000000000002
210-625,210,625,0.37942353911797233,0.2391683034733827,21017.2523507317,15627.903541868287|21017.2523507317,0,1,0,,,,Netherlands,,5,5,1,6,AS,0.06528,,,Sudan (Anglo-Egyptian Sudan) (Mahdist State),,4,2,2,3,AS,0.12
210-630,210,630,0.07890022896851301,0.04232012182308176,19311.75744008842,19311.75744008842|1644,1,0,0,,,,Netherlands,,5,5,1,6,AS,0.06528,,,Iran (Persia),,1,6,1,3,AS,0.07904761904761903
210-640,210,640,1.0657303362817439,1.138730179305953,681839.6434192904,400473.90653357387|681839.6434192904,1,0,0,,,,Netherlands,,5,5,1,6,AS,0.06528,,,Turkey (Ottoman Empire),,1,0,1,3,AS,0.08153846153846155
210-645,210,645,1.4459981907057855,2.503044272195224,357209.2238141323,357209.2238141323,0,1,0,,,,Netherlands,,5,5,1,6,AS,0.06528,,,Iraq (Mesopotamia),,4,6,2,3,AS,0.045714285714285714
210-65,65,210,0.16128705541435895,0.08986000933344163,3103,3103,0,1,0,,,,Guadeloupe,,3,0,0,1,AS,0,,,Netherlands,,5,5,1,6,AS,0.06528
210-651,210,651,1.0099266384922871,1.0460186932120117,2151991.462757601,2151991.462757601|549291.8689345557,0.7,0.30000000000000004,0.8400000000000001,,,,Netherlands,,5,5,1,6,AS,0.06528,,,Egypt Arab Republic (Egypt),,1,0,1,3,AS,0.3750588235294118
210-652,210,652,0.658014215204969,0.4971685039115754,80868.19928014383,80868.19928014383|12790,0.7,0.30000000000000004,0.8400000000000001,,,,Netherlands,,5,5,1,6,AS,0.06528,,,Syria,,1,0,1,4,ME,0.5333333333333332
210-66,66,210,0.31418145694491895,0.19046855039524124,9421,9421,0,1,0,,,,Martinique,,3,4,0,1,AS,0,,,Netherlands,,5,5,1,6,AS,0.06528
210-665,210,665,1.246621393765552,1.6273239563473196,82852.69496800013,82852.69496800013|34000,0.9,0.09999999999999998,0.35999999999999993,,,,Netherlands,,5,5,1,6,AS,0.06528,,,Palestine,,1,0,1,4,ME,0.22375
210-68,68,210,1.2394549644937374,1.6000942455067395,988030.7905914506,988030.7905914506,0,1,0,,,,Netherlands Antilles,,3,3,5,6,AS,0,,,Netherlands,,5,5,1,6,AS,0.06528
210-681,210,681,0.06414427231213649,0.034013453044280384,2324.185003412176,2324.185003412176,0,1,0,,,,Netherlands,,5,5,1,6,AS,0.06528,,,Aden,,4,2,2,3,AS,0.4050000000000002
210-70,70,210,0.5075001357709055,0.36041587133453534,793321.7652549489,227720.88018150933|793321.7652549489,0,1,0,,,,Mexico,,3,4,3,3,LA,0.020253164556962026,,,Netherlands,,5,5,1,6,AS,0.06528
210-700,210,700,0.007141632868090109,0.0036787090007736056,119.76283683775763,119.76283683775763,1,0,0,,,,Netherlands,,5,5,1,6,AS,0.06528,,,Afghanistan,,1,6,1,3,AS,0
210-710,210,710,1.0053950285860238,1.0369115127067798,4755175.401033617,634873.2454733583|4755175.401033617,0,1,0,,,,Netherlands,,5,5,1,6,AS,0.06528,,,People's Republic of China (China),,4,1,4,3,AS,0.0496
210-713,210,713,0.03978691861226602,0.02166224359278901,2550.3079028941975,2550.3079028941975,0,1,0,,,,Netherlands,,5,5,1,6,AS,0.06528,,,Republic of China (Taiwan) (Formosa),,4,1,4,2,ME,0.04
210-720,210,720,0.20433170633230824,0.11737021196957742,166201.51385796434,166201.51385796434,0,1,0,,,,Netherlands,,5,5,1,6,AS,0.06528,,,Hong Kong,,4,1,4,8,EESU,0.09517241379310344
210-730,210,730,0.0866568420441951,0.04646981195373168,6305,6305,0,1,0,,,,Netherlands,,5,5,1,6,AS,0.06528,,,Korea (Chosen),,4,1,4,2,ME,0
210-740,210,740,0.18595775537384096,0.11123185914527967,656707.6079338532,656707.6079338532|481963,0,1,0,,,,Netherlands,,5,5,1,6,AS,0.06528,,,Japan,,4,1,4,3,AS,0.26739726027397276
210-750,210,750,0.8565576420071247,0.7835954351563931,6770888.123275692,2710903.79693202|6770888.123275692,0,1,0,,,,Netherlands,,5,5,1,6,AS,0.06528,,,India,,4,0,2,1,AS,0.05248
210-780,210,780,0.773909214686408,0.640770138558596,306108.4598518328,306108.4598518328|294336.72776939865,0,1,0,,,,Netherlands,,5,5,1,6,AS,0.06528,,,Sri Lanka (Ceylon),,4,0,2,1,AS,0.03645569620253165
210-80,80,210,0.6727412786487559,0.5135126248395548,19221,19221,0,1,0,,,,Belize (British Honduras),,3,0,3,5,AF,0.03555555555555556,,,Netherlands,,5,5,1,6,AS,0.06528
210-800,210,800,1.2232511518586566,1.5545138862461056,331245.4052313458,155029.61865118874|331245.4052313458,0,1,0,,,,Netherlands,,5,5,1,6,AS,0.06528,,,Thailand (Siam),,4,1,4,3,AS,0.03461538461538461
210-840,210,840,0.37205897213994177,0.24281326135329673,305791.2570686481,97074.91406430354|305791.2570686481,0,1,0,,,,Netherlands,,5,5,1,6,AS,0.06528,,,Philippines,,4,1,3,3,AS,0.024
210-850,210,850,1.8336223143787014,8.336141106745405,19108084.560704097,14246363.793839|19108084.560704097,0,1,0,,,,Netherlands,,5,5,1,6,AS,0.06528,,,Indonesia (Dutch East Indies),,4,5,4,6,AS,0.08693333333333332
210-860,210,860,1.9623405482878453,18.008241827200905,95767,95767,1,0,0,,,,Netherlands,,5,5,1,6,AS,0.06528,,,East Timor (Portuguese Timor),,5,5,1,6,AS,0.12695652173913044
210-90,90,210,1.3532022817302447,2.0590504807583425,396006.8569432458,26046.50590311381|396006.8569432458,0.8,0.19999999999999996,0.6399999999999999,,,,Guatemala,,3,0,1,5,WE,0.48756756756756775,,,Netherlands,,5,5,1,6,AS,0.06528
210-900,210,900,0.47389831403311844,0.32689164595249764,996464.8972648398,996464.8972648398|451603,0,1,0,,,,Netherlands,,5,5,1,6,AS,0.06528,,,Australia,,2,0,2,1,AS,0.05283018867924528
210-91,91,210,0.45135625318608186,0.307733814703097,58449.810318469375,9012.917915680653|58449.810318469375,0,1,0,,,,Honduras,,3,4,3,5,WE,0.025600000000000005,,,Netherlands,,5,5,1,6,AS,0.06528
210-911,210,911,1.6458583132655331,4.180299800325654,176542.59734716016,176542.59734716016,0,1,0,,,,Netherlands,,5,5,1,6,AS,0.06528,,,Papua (British New Guinea),,2,0,2,3,AS,0
210-92,92,210,1.4843925811837957,2.753039576100239,357692.1696435222,13229.97125237527|357692.1696435222,1,0,0,,,,El Salvador,,3,0,1,5,WE,0.061111111111111116,,,Netherlands,,5,5,1,6,AS,0.06528
210-920,210,920,0.3053965624480949,0.1867749834919924,195059.38865220788,195059.38865220788|155490,0,1,0,,,,Netherlands,,5,5,1,6,AS,0.06528,,,New Zealand,,2,0,2,1,AS,0.05431578947368421
210-93,93,210,1.3787267288822584,2.1747833682875415,179313.16801332094,5953.487063568871|179313.16801332094,0,1,0,,,,Nicaragua,,3,0,3,5,WE,0.020645161290322584,,,Netherlands,,5,5,1,6,AS,0.06528
210-94,94,210,0.6333030948970972,0.47027265837233156,49434.56209828916,35555.547740758535|49434.56209828916,0,1,0,,,,Costa Rica,,3,0,2,5,WE,0.01894736842105263,,,Netherlands,,5,5,1,6,AS,0.06528
210-95,95,210,0.18202093002113806,0.10265516798922458,28031.001590970103,28031.001590970103,0,1,0,,,,Panama,,3,0,3,1,AS,0.021333333333333336,,,Netherlands,,5,5,1,6,AS,0.06528
211-220,211,220,1.6821818860121898,3.7875741899574815,58226576,58226576,1,0,0,,,,Belgium,,5,5,0,6,AS,0.05224489795918367,,,France,,0,0,0,5,WE,0.039658119658119655
211-225,211,225,0.8188344866497348,0.7042375075318725,2222976.8212368176,2222976.8212368176,0.2,0.8,0.6400000000000001,,,,Belgium,,5,5,0,6,AS,0.05224489795918367,,,Switzerland,,1,0,1,5,WE,0.3393939393939395
211-230,211,230,0.9586027634657353,0.9242064473075622,2848536.776550996,2848536.776550996,1,0,0,,,,Belgium,,5,5,0,6,AS,0.05224489795918367,,,Spain,,0,0,0,1,AF,0.026168224299065415
211-235,211,235,1.2261498560821142,1.5486601848824022,550749,550749,0.9,0.09999999999999998,0.35999999999999993,,,,Belgium,,5,5,0,6,AS,0.05224489795918367,,,Portugal,,5,5,0,6,WE,0.25612903225806444
211-255,211,255,1.0321111585284655,1.0566970644729605,26494310.15885276,26494310.15885276,0,1,0,,,,Belgium,,5,5,0,6,AS,0.05224489795918367,,,Germany (Zollverein),,1,0,1,8,WE,0.06266666666666668
211-290,211,290,0.7932250353951158,0.6681880641139565,1544705.0894253098,1544705.0894253098,0,1,0,,,,Belgium,,5,5,0,6,AS,0.05224489795918367,,,Poland,,1,0,1,3,AS,0.07673469387755102
211-305,211,305,0.28346455389033165,0.17202453273609786,408785.5509403032,408785.5509403032,0,1,0,,,,Belgium,,5,5,0,6,AS,0.05224489795918367,,,Austria,,1,0,1,8,WE,0.08444444444444446
211-31,31,211,0.9136011390987481,0.846088238518056,7106,7106,0,1,0,,,,Bahamas,,3,4,3,1,AS,0.02909090909090909,,,Belgium,,5,5,0,6,AS,0.05224489795918367
211-310,211,310,0.43158871570798163,0.2842082721368049,393055.28979448864,393055.28979448864,0,1,0,,,,Belgium,,5,5,0,6,AS,0.05224489795918367,,,Hungary,,1,0,1,8,WE,0.09393258426966293
211-315,211,315,0.4076353252730416,0.2670765573288334,1147198,1147198,0,1,0,,,,Belgium,,5,5,0,6,AS,0.05224489795918367,,,Czechoslovakia,,1,0,1,8,EESU,0.08153846153846155
211-325,211,325,0.6627862137529399,0.5116766823442678,3018571.0810650326,3018571.0810650326,0.1,0.9,0.36000000000000004,,,,Belgium,,5,5,0,6,AS,0.05224489795918367,,,Italy,,1,0,1,4,WE,0.19471698113207533
211-338,211,338,0.7266149162538771,0.5801383129355138,5004,5004,0,1,0,,,,Belgium,,5,5,0,6,AS,0.05224489795918367,,,Malta,,1,0,2,3,AS,0.008999999999999998
211-345,211,345,0.31940873852667406,0.19686230944522998,215300.60042795265,215300.60042795265,0,1,0,,,,Belgium,,5,5,0,6,AS,0.05224489795918367,,,"Yugoslavia (Kingdom of Serbs, Croats and Slovenes)",,1,0,1,3,NAM,0.0931578947368421
211-350,211,350,0.9845353863622806,0.9707409052646235,576887.5621275307,576887.5621275307,0,1,0,,,,Belgium,,5,5,0,6,AS,0.05224489795918367,,,Greece,,1,0,1,3,AS,0.11567567567567569
211-352,211,352,0.3052439439568785,0.1859713937700902,11201,11201,0,1,0,,,,Belgium,,5,5,0,6,AS,0.05224489795918367,,,Cyprus,,1,0,1,3,AS,0.3379310344827586
211-355,211,355,1.104144021123774,1.2212574098320155,437216.13698674826,437216.13698674826,0,1,0,,,,Belgium,,5,5,0,6,AS,0.05224489795918367,,,Bulgaria,,1,0,1,3,AS,0.10952380952380951
211-360,211,360,0.9032887700520517,0.8300287049195866,1138484.7970423878,1138484.7970423878,0,1,0,,,,Belgium,,5,5,0,6,AS,0.05224489795918367,,,Romania,,1,0,1,3,AS,0.08095238095238096
211-365,211,365,0.7381570795368682,0.6002574276427557,3434412,3434412,0,1,0,,,,Belgium,,5,5,0,6,AS,0.05224489795918367,,,Russia (USSR),,1,6,1,2,EESU,0.06482758620689656
211-366,211,366,0.7809766994994529,0.6498074222666246,160430,160430,0,1,0,,,,Belgium,,5,5,0,6,AS,0.05224489795918367,,,Estonia,,1,0,1,8,EESU,0.06666666666666665
211-367,211,367,1.3990960320594206,2.2115267419579347,916211.7447830406,916211.7447830406,0,1,0,,,,Belgium,,5,5,0,6,AS,0.05224489795918367,,,Latvia,,1,0,1,8,EESU,0.08675324675324675
211-368,211,368,0.503191406715122,0.3451682003551628,89250.79495525977,89250.79495525977,0,1,0,,,,Belgium,,5,5,0,6,AS,0.05224489795918367,,,Lithuania,,1,0,1,8,EESU,0.10952380952380954
211-375,211,375,1.3747730483617577,2.091170573946344,2614584.459508868,2614584.459508868,0,1,0,,,,Belgium,,5,5,0,6,AS,0.05224489795918367,,,Finland,,1,0,1,8,EESU,0.07105263157894737
211-380,211,380,0.8989692061787806,0.8245609679813809,3131741.6458467767,3131741.6458467767,0,1,0,,,,Belgium,,5,5,0,6,AS,0.05224489795918367,,,Sweden,,1,0,1,8,WE,0.06709677419354838
211-385,211,385,1.0685419908124187,1.1397512439868955,1742251,1742251,0,1,0,,,,Belgium,,5,5,0,6,AS,0.05224489795918367,,,Norway,,1,0,1,8,WE,0.0669767441860465
211-390,211,390,0.1977496885112381,0.11506337638498154,389386.9241629404,389386.9241629404,0,1,0,,,,Belgium,,5,5,0,6,AS,0.05224489795918367,,,Denmark,,1,0,2,8,WE,0.20404040404040397
211-40,40,211,0.23596175271953612,0.13943657819322963,297890.58489150845,297890.58489150845,0,1,0,,,,Cuba,,3,3,3,3,LA,0.024242424242424242,,,Belgium,,5,5,0,6,AS,0.05224489795918367
211-402,211,402,1.091006714808678,1.191126831432002,1542,1542,0,1,0,,,,Belgium,,5,5,0,6,AS,0.05224489795918367,,,Cape Verde,,5,5,2,6,AS,0.05466666666666666
211-403,211,403,0.8026787942464129,0.6789678135774654,19602,19602,0.3,0.7,0.84,,,,Belgium,,5,5,0,6,AS,0.05224489795918367,,,Sao Tome-Principe,,5,5,1,6,AS,0.45333333333333325
211-41,41,211,1.1978292886436865,1.4652643095806934,192608.10371084264,192608.10371084264,1,0,0,,,,Haiti,,3,4,0,1,AS,0.027027027027027032,,,Belgium,,5,5,0,6,AS,0.05224489795918367
211-42,42,211,0.14521927286999303,0.08121059926724783,15134.984593068304,15134.984593068304,0,1,0,,,,Dominican Republic (Santo Domingo),,3,3,3,1,AS,0.037209302325581395,,,Belgium,,5,5,0,6,AS,0.05224489795918367
211-420,211,420,0.8174695277294963,0.6995616510781959,20925,20925,0,1,0,,,,Belgium,,5,5,0,6,AS,0.05224489795918367,,,Gambia,,5,0,3,1,AS,0
211-430,211,430,1.1552690065620888,1.3480871446938607,419453.6884556688,419453.6884556688,1,0,0,,,,Belgium,,5,5,0,6,AS,0.05224489795918367,,,French West Africa,,5,0,0,1,AS,0
211-451,211,451,0.05181020121299529,0.027626581728248722,1392,1392,0,1,0,,,,Belgium,,5,5,0,6,AS,0.05224489795918367,,,Sierra Leone,,5,0,2,5,AF,0.04761904761904761
211-452,211,452,0.44990128769534155,0.2987187689291063,131506,131506,0,1,0,,,,Belgium,,5,5,0,6,AS,0.05224489795918367,,,Ghana (Gold Coast),,5,0,1,1,AS,0.05499999999999999
211-461,211,461,0.07173101478848953,0.038622944470405374,796,796,1,0,0,,,,Belgium,,5,5,0,6,AS,0.05224489795918367,,,Togo (French Togoland),,5,0,0,1,AS,0
211-471,211,471,0.7546567848365301,0.6152846514482305,27351.83547875507,27351.83547875507,1,0,0,,,,Belgium,,5,5,0,6,AS,0.05224489795918367,,,Cameroun (French Cameroon),,0,5,0,1,AS,0
211-475,211,475,0.25377583438087237,0.15059892358909244,101068,101068,0,1,0,,,,Belgium,,5,5,0,6,AS,0.05224489795918367,,,Nigeria,,5,0,2,3,AS,0.02918918918918919
211-480,211,480,1.482041901354059,2.670769988495817,102023.94353809004,102023.94353809004,1,0,0,,,,Belgium,,5,5,0,6,AS,0.05224489795918367,,,French Equatorial Africa,,5,5,0,1,AF,0.048
211-490,211,490,1.9420256926486403,14.825539565593091,4685080.515352199,4685080.515352199,1,0,0,,,,Belgium,,5,5,0,6,AS,0.05224489795918367,,,Democratic Republic of the Congo (Zaire) (Kinshasa) (Belgian Congo) (Congo Free State),,5,5,0,6,AS,0.09619047619047619
211-51,51,211,0.3094228743163685,0.1890367172518711,33089,33089,0,1,0,,,,Jamaica,,3,4,3,1,AS,0.011034482758620692,,,Belgium,,5,5,0,6,AS,0.05224489795918367
211-511,211,511,0.12401108692692675,0.06856678605396205,4420.456239749516,4420.456239749516,0.1,0.9,0.36000000000000004,,,,Belgium,,5,5,0,6,AS,0.05224489795918367,,,Zanzibar,,4,5,2,8,WE,0.2688888888888889
211-512,211,512,1.8235132111817771,7.595954818759029,1067035,1067035,0.2,0.8,0.6400000000000001,,,,Belgium,,5,5,0,6,AS,0.05224489795918367,,,Tanzania (Tanganyika),,4,5,2,1,AF,0.46142857142857163
211-515,211,515,1.9737821767312849,19.620416655432113,57646.480138791296,57646.480138791296,1,0,0,,,,Belgium,,5,5,0,6,AS,0.05224489795918367,,,Ruanda-Urundi,,4,5,0,1,AF,0.14285714285714288
211-52,52,211,0.2247242257888622,0.1310634886032681,29602,29602,0,1,0,,,,Trinidad and Tobago,,3,4,3,1,AS,0.02684931506849315,,,Belgium,,5,5,0,6,AS,0.05224489795918367
211-540,211,540,1.8569810151730426,8.88782226766822,878190,878190,0.9,0.09999999999999998,0.35999999999999993,,,,Belgium,,5,5,0,6,AS,0.05224489795918367,,,Angola,,5,5,0,6,AS,0.2853333333333333
211-541,211,541,1.4859353577589407,2.6942296225067053,258613,258613,0,1,0,,,,Belgium,,5,5,0,6,AS,0.05224489795918367,,,Mozambique (Portuguese East Africa),,5,5,2,6,AS,0.06285714285714285
211-551,211,551,1.3173950837042625,1.8635489911681573,62231,62231,0,1,0,,,,Belgium,,5,5,0,6,AS,0.05224489795918367,,,Zambia (Northern Rhodesia),,5,5,2,6,AF,0.01894736842105263
211-552,211,552,0.01952382358368676,0.010256435774116057,2558,2558,0,1,0,,,,Belgium,,5,5,0,6,AS,0.05224489795918367,,,Zimbabwe (Rhodesia) (Southern Rhodesia),,5,5,2,3,AS,0.010909090909090906
211-560,211,560,1.1669240273314896,1.3727254338604167,4461682,4461682,0,1,0,,,,Belgium,,5,5,0,6,AS,0.05224489795918367,,,South Africa,,5,5,2,3,AS,0.05199999999999999
211-580,211,580,0.09840980360000584,0.05372165500466164,6375,6375,1,0,0,,,,Belgium,,5,5,0,6,AS,0.05224489795918367,,,Madagascar (Malagasy Republic),,0,0,0,5,AF,0.020000000000000004
211-590,211,590,0.17244633417048538,0.09779418033041964,14161,14161,0,1,0,,,,Belgium,,5,5,0,6,AS,0.05224489795918367,,,Mauritius,,4,0,2,3,AS,0.05076923076923076
211-600,211,600,1.1572030626034584,1.3530619682187004,487105.4211041214,487105.4211041214,1,0,0,,,,Belgium,,5,5,0,6,AS,0.05224489795918367,,,Morocco,,0,0,0,3,AS,0.046486486486486484
211-601,211,601,0.7587062957491381,0.620442384828067,5443.318070236222,5443.318070236222,1,0,0,,,,Belgium,,5,5,0,6,AS,0.05224489795918367,,,Tangier,,0,0,0,5,AF,0.045
211-615,211,615,0.6339885632971691,0.47507207628504267,566673.7815385716,566673.7815385716,1,0,0,,,,Belgium,,5,5,0,6,AS,0.05224489795918367,,,Algeria (Regency of Algiers),,0,0,0,3,AS,0.029425287356321838
211-616,211,616,1.056565349518862,1.1145813862578988,480599.3167276162,480599.3167276162,1,0,0,,,,Belgium,,5,5,0,6,AS,0.05224489795918367,,,Tunisia (Regency of Tunis),,0,0,0,3,LA,0.06918918918918919
211-625,211,625,0.2466701015536129,0.1455950768951063,36946.344008901426,36946.344008901426,0,1,0,,,,Belgium,,5,5,0,6,AS,0.05224489795918367,,,Sudan (Anglo-Egyptian Sudan) (Mahdist State),,4,2,2,3,AS,0.12
211-630,211,630,1.1907858146634667,1.4441369917859759,755178,755178,0,1,0,,,,Belgium,,5,5,0,6,AS,0.05224489795918367,,,Iran (Persia),,1,6,1,3,AS,0.07904761904761903
211-640,211,640,0.6641768628616256,0.507546692086117,292760.97977643483,292760.97977643483,0,1,0,,,,Belgium,,5,5,0,6,AS,0.05224489795918367,,,Turkey (Ottoman Empire),,1,0,1,3,AS,0.08153846153846155
211-651,211,651,0.3574866467718071,0.2259122844985344,472720,472720,0,1,0,,,,Belgium,,5,5,0,6,AS,0.05224489795918367,,,Egypt Arab Republic (Egypt),,1,0,1,3,AS,0.3750588235294118
211-652,211,652,0.7333603921221561,0.5884752186302645,19126,19126,0.3,0.7,0.84,,,,Belgium,,5,5,0,6,AS,0.05224489795918367,,,Syria,,1,0,1,4,ME,0.5333333333333332
211-66,66,211,0.036526954080871255,0.01933431215850523,1593,1593,1,0,0,,,,Martinique,,3,4,0,1,AS,0,,,Belgium,,5,5,0,6,AS,0.05224489795918367
211-665,211,665,1.037944411603955,1.0756236114525846,58000,58000,0,1,0,,,,Belgium,,5,5,0,6,AS,0.05224489795918367,,,Palestine,,1,0,1,4,ME,0.22375
211-681,211,681,0.14953656747443633,0.08379279410802509,10850.486315884727,10850.486315884727,0,1,0,,,,Belgium,,5,5,0,6,AS,0.05224489795918367,,,Aden,,4,2,2,3,AS,0.4050000000000002
211-70,70,211,1.2742265244156044,1.6956493524731686,3796160.2901451997,3796160.2901451997,0,1,0,,,,Mexico,,3,4,3,3,LA,0.020253164556962026,,,Belgium,,5,5,0,6,AS,0.05224489795918367
211-710,211,710,0.17030415307889513,0.09819025086519473,457990.2638007257,457990.2638007257,0,1,0,,,,Belgium,,5,5,0,6,AS,0.05224489795918367,,,People's Republic of China (China),,4,1,4,3,AS,0.0496
211-713,211,713,0.00016004946912806517,0.00008325136406939215,9.968815791969725,9.968815791969725,0,1,0,,,,Belgium,,5,5,0,6,AS,0.05224489795918367,,,Republic of China (Taiwan) (Formosa),,4,1,4,2,ME,0.04
211-740,211,740,0.06500094595702366,0.03601678414627174,274379.7870361191,274379.7870361191,0,1,0,,,,Belgium,,5,5,0,6,AS,0.05224489795918367,,,Japan,,4,1,4,3,AS,0.26739726027397276
211-750,211,750,1.0166261394137377,1.0312650072495269,9063314.564634234,9063314.564634234,0,1,0,,,,Belgium,,5,5,0,6,AS,0.05224489795918367,,,India,,4,0,2,1,AS,0.05248
211-752,211,752,0.3254970769854023,0.20056416978690517,2859.989738818137,2859.989738818137,0,1,0,,,,Belgium,,5,5,0,6,AS,0.05224489795918367,,,Portuguese India,,5,9,2,6,AS,0.0911111111111111
211-780,211,780,0.4920814911921899,0.3359523611986117,355488.5314096273,355488.5314096273,0,1,0,,,,Belgium,,5,5,0,6,AS,0.05224489795918367,,,Sri Lanka (Ceylon),,4,0,2,1,AS,0.03645569620253165
211-800,211,800,0.36019979432636273,0.22685045514626023,134233.02749881268,134233.02749881268,0,1,0,,,,Belgium,,5,5,0,6,AS,0.05224489795918367,,,Thailand (Siam),,4,1,4,3,AS,0.03461538461538461
211-810,211,810,0.3437725256496804,0.21460830230765393,169251,169251,0,1,0,,,,Belgium,,5,5,0,6,AS,0.05224489795918367,,,French Indochina,,4,1,4,3,AS,0.06428571428571428
211-840,211,840,0.27544846460095185,0.16577471267797472,212341.05816017886,212341.05816017886,0,1,0,,,,Belgium,,5,5,0,6,AS,0.05224489795918367,,,Philippines,,4,1,3,3,AS,0.024
211-850,211,850,0.3304861880790131,0.20734831724756364,924817,924817,0,1,0,,,,Belgium,,5,5,0,6,AS,0.05224489795918367,,,Indonesia (Dutch East Indies),,4,5,4,6,AS,0.08693333333333332
211-860,211,860,0.7225495189833557,0.5751649476007366,3111,3111,0,1,0,,,,Belgium,,5,5,0,6,AS,0.05224489795918367,,,East Timor (Portuguese Timor),,5,5,1,6,AS,0.12695652173913044
211-90,90,211,0.024887962372409977,0.013105420829780945,2563.596761599474,2563.596761599474,0,1,0,,,,Guatemala,,3,0,1,5,WE,0.48756756756756775,,,Belgium,,5,5,0,6,AS,0.05224489795918367
211-900,211,900,1.0849224218115394,1.173231085622772,5536231,5536231,0,1,0,,,,Belgium,,5,5,0,6,AS,0.05224489795918367,,,Australia,,2,0,2,1,AS,0.05283018867924528
211-92,92,211,0.29213859473335146,0.1767293273849213,23354.39569960782,23354.39569960782,0,1,0,,,,El Salvador,,3,0,1,5,WE,0.061111111111111116,,,Belgium,,5,5,0,6,AS,0.05224489795918367
211-920,211,920,0.20193337376893183,0.11718759679531665,248705,248705,0,1,0,,,,Belgium,,5,5,0,6,AS,0.05224489795918367,,,New Zealand,,2,0,2,1,AS,0.05431578947368421
211-93,93,211,0.26085709307381644,0.15507089491765425,13004.37561413555,13004.37561413555,0,1,0,,,,Nicaragua,,3,0,3,5,WE,0.020645161290322584,,,Belgium,,5,5,0,6,AS,0.05224489795918367
211-94,94,211,0.00005051544587098,0.000026277372548899613,3.7575973883590432,3.7575973883590432,0,1,0,,,,Costa Rica,,3,0,2,5,WE,0.01894736842105263,,,Belgium,,5,5,0,6,AS,0.05224489795918367
211-950,211,950,0.2341499102002783,0.13717339568635578,8569,8569,0,1,0,,,,Belgium,,5,5,0,6,AS,0.05224489795918367,,,Fiji,,2,8,2,3,LA,0.0672
212-220,212,220,0.32847730670988784,0.20720594275114224,53430,53430,0,1,0,,,,Luxemburg,,1,0,1,3,AS,0.08769230769230771,,,France,,0,0,0,5,WE,0.039658119658119655
212-235,212,235,0.15582353648801972,0.08465857042484048,505,505,0.1,0.9,0.36000000000000004,,,,Luxemburg,,1,0,1,3,AS,0.08769230769230771,,,Portugal,,5,5,0,6,WE,0.25612903225806444
212-255,212,255,1.9537827294498755,7.9986770034459616,3363900.475947664,3363900.475947664,1,0,0,,,,Luxemburg,,1,0,1,3,AS,0.08769230769230771,,,Germany (Zollverein),,1,0,1,8,WE,0.06266666666666668
212-305,212,305,1.2823966983482706,1.77246469758775,70648.93301085246,70648.93301085246,1,0,0,,,,Luxemburg,,1,0,1,3,AS,0.08769230769230771,,,Austria,,1,0,1,8,WE,0.08444444444444446
212-310,212,310,0.763402351178343,0.6188467767640222,14355.652193490438,14355.652193490438,1,0,0,,,,Luxemburg,,1,0,1,3,AS,0.08769230769230771,,,Hungary,,1,0,1,8,WE,0.09393258426966293
212-315,212,315,0.028267409888557027,0.01460125765876441,1052,1052,1,0,0,,,,Luxemburg,,1,0,1,3,AS,0.08769230769230771,,,Czechoslovakia,,1,0,1,8,EESU,0.08153846153846155
212-325,212,325,1.0388481730367176,1.0786545535203147,106736.02509327407,106736.02509327407,0.9,0.09999999999999998,0.35999999999999993,,,,Luxemburg,,1,0,1,3,AS,0.08769230769230771,,,Italy,,1,0,1,4,WE,0.19471698113207533
212-355,212,355,0.006875642352618616,0.003456988985227283,20.759162575381712,20.759162575381712,1,0,0,,,,Luxemburg,,1,0,1,3,AS,0.08769230769230771,,,Bulgaria,,1,0,1,3,AS,0.10952380952380951
212-365,212,365,0.062129154075700965,0.03283300929862254,3151,3151,1,0,0,,,,Luxemburg,,1,0,1,3,AS,0.08769230769230771,,,Russia (USSR),,1,6,1,2,EESU,0.06482758620689656
212-366,212,366,0.06845447198902432,0.03549715570512746,147,147,1,0,0,,,,Luxemburg,,1,0,1,3,AS,0.08769230769230771,,,Estonia,,1,0,1,8,EESU,0.06666666666666665
212-367,212,367,0.011874931700832092,0.005986940385291684,41.60365213593915,41.60365213593915,1,0,0,,,,Luxemburg,,1,0,1,3,AS,0.08769230769230771,,,Latvia,,1,0,1,8,EESU,0.08675324675324675
212-380,212,380,0.11560330784110262,0.06230385095593616,3969.1810475575926,3969.1810475575926,1,0,0,,,,Luxemburg,,1,0,1,3,AS,0.08769230769230771,,,Sweden,,1,0,1,8,WE,0.06709677419354838
212-385,212,385,0.11661291111852479,0.06232370511771135,1598,1598,1,0,0,,,,Luxemburg,,1,0,1,3,AS,0.08769230769230771,,,Norway,,1,0,1,8,WE,0.0669767441860465
212-390,212,390,0.06465641579359205,0.033887727026784775,1923.5769012989294,1923.5769012989294,0.1,0.9,0.36000000000000004,,,,Luxemburg,,1,0,1,3,AS,0.08769230769230771,,,Denmark,,1,0,2,8,WE,0.20404040404040397
212-490,212,490,0.016657642906064085,0.008415025819151989,44.6051358948915,44.6051358948915,0,1,0,,,,Luxemburg,,1,0,1,3,AS,0.08769230769230771,,,Democratic Republic of the Congo (Zaire) (Kinshasa) (Belgian Congo) (Congo Free State),,5,5,0,6,AS,0.09619047619047619
212-540,212,540,0.6536075374686203,0.4857131827965887,805,805,0.1,0.9,0.36000000000000004,,,,Luxemburg,,1,0,1,3,AS,0.08769230769230771,,,Angola,,5,5,0,6,AS,0.2853333333333333
212-615,212,615,1.7019636040833914,5.564918635303923,111341.04611556238,111341.04611556238,0,1,0,,,,Luxemburg,,1,0,1,3,AS,0.08769230769230771,,,Algeria (Regency of Algiers),,0,0,0,3,AS,0.029425287356321838
212-651,212,651,0.024151729204951677,0.012336753958738567,433,433,0.7,0.30000000000000004,0.8400000000000001,,,,Luxemburg,,1,0,1,3,AS,0.08769230769230771,,,Egypt Arab Republic (Egypt),,1,0,1,3,AS,0.3750588235294118
212-710,212,710,0.6612823828147281,0.49899908232115864,39040.06088712053,39040.06088712053,0,1,0,,,,Luxemburg,,1,0,1,3,AS,0.08769230769230771,,,People's Republic of China (China),,4,1,4,3,AS,0.0496
212-810,212,810,0.023074695354456165,0.011717207218914671,155,155,0,1,0,,,,Luxemburg,,1,0,1,3,AS,0.08769230769230771,,,French Indochina,,4,1,4,3,AS,0.06428571428571428
212-850,212,850,0.021997220696838626,0.011334900175250406,848,848,0,1,0,,,,Luxemburg,,1,0,1,3,AS,0.08769230769230771,,,Indonesia (Dutch East Indies),,4,5,4,6,AS,0.08693333333333332
212-920,212,920,0.00038950084342637137,0.00019664020048193454,7,7,0,1,0,,,,Luxemburg,,1,0,1,3,AS,0.08769230769230771,,,New Zealand,,2,0,2,1,AS,0.05431578947368421
220-225,220,225,1.7202492547794717,4.488664328758063,27286611.87107496,27286611.87107496|7218352.740009496,0.2,0.8,0.6400000000000001,,,,France,,0,0,0,5,WE,0.039658119658119655,,,Switzerland,,1,0,1,5,WE,0.3393939393939395
220-230,220,230,1.6497548476184059,3.975000188819058,18331716.318344325,12811195.36214461|18331716.318344325,1,0,0,,,,France,,0,0,0,5,WE,0.039658119658119655,,,Spain,,0,0,0,1,AF,0.026168224299065415
220-231,220,231,0.8905430711358239,0.8129412874469925,123264,123264,0,1,0,,,,France,,0,0,0,5,WE,0.039658119658119655,,,Gibraltar,,0,0,4,3,AS,0.056
220-235,220,235,1.3483979459388493,2.071634799449504,2102258.9958912446,2102258.9958912446|1102361.2009237874,0.9,0.09999999999999998,0.35999999999999993,,,,France,,0,0,0,5,WE,0.039658119658119655,,,Portugal,,5,5,0,6,WE,0.25612903225806444
220-255,220,255,1.081473190324731,1.2217986976447899,45836865.40618344,38265792.58254074|45836865.40618344,0,1,0,,,,France,,0,0,0,5,WE,0.039658119658119655,,,Germany (Zollverein),,1,0,1,8,WE,0.06266666666666668
220-290,220,290,1.1350979139842774,1.2963519327426938,3781000.7343600392,3781000.7343600392|1396228.9584417427,0,1,0,,,,France,,0,0,0,5,WE,0.039658119658119655,,,Poland,,1,0,1,3,AS,0.07673469387755102
220-30,30,220,1.1656595704478963,1.3625740864307312,171945,171945,0,1,0,,,,Bermuda,,3,4,3,3,AS,0,,,France,,0,0,0,5,WE,0.039658119658119655
220-305,220,305,0.7205708872828351,0.6207331675493338,2207106.240697086,1420597.8863255878|2207106.240697086,0,1,0,,,,France,,0,0,0,5,WE,0.039658119658119655,,,Austria,,1,0,1,8,WE,0.08444444444444446
220-31,31,220,1.2775030144510773,1.6849603194699547,568408,20432|568408,0,1,0,,,,Bahamas,,3,4,3,1,AS,0.02909090909090909,,,France,,0,0,0,5,WE,0.039658119658119655
220-310,220,310,0.3317467268554626,0.22441814318635012,464395.532542934,333973.60871027445|464395.532542934,0,1,0,,,,France,,0,0,0,5,WE,0.039658119658119655,,,Hungary,,1,0,1,8,WE,0.09393258426966293
220-315,220,315,0.5325742452598623,0.38847304675079786,1971289.1385018383,1880416.6229556757|1971289.1385018383,0,1,0,,,,France,,0,0,0,5,WE,0.039658119658119655,,,Czechoslovakia,,1,0,1,8,EESU,0.08153846153846155
220-325,220,325,1.2188658158825967,1.5908242913224,17821606.192336675,17821606.192336675|14042393.28324608,0.1,0.9,0.36000000000000004,,,,France,,0,0,0,5,WE,0.039658119658119655,,,Italy,,1,0,1,4,WE,0.19471698113207533
220-338,220,338,0.5772235656532926,0.4217879753488518,91034,5030|91034,0,1,0,,,,France,,0,0,0,5,WE,0.039658119658119655,,,Malta,,1,0,2,3,AS,0.008999999999999998
220-339,220,339,0.7156654954378475,0.5734634260739778,35494.779669691,35494.779669691|2.9738302934179224,0.1,0.9,0.36000000000000004,,,,France,,0,0,0,5,WE,0.039658119658119655,,,Albania,,1,0,1,3,AS,0.28235294117647053
220-345,220,345,0.7804239470644192,0.6999175251226354,1145361.7369274783,824446.9277823683|1145361.7369274783,0,1,0,,,,France,,0,0,0,5,WE,0.039658119658119655,,,"Yugoslavia (Kingdom of Serbs, Croats and Slovenes)",,1,0,1,3,NAM,0.0931578947368421
220-350,220,350,1.2997562973863894,1.7583134806879892,3404272.050138546,3404272.050138546|1133969.8272254185,0,1,0,,,,France,,0,0,0,5,WE,0.039658119658119655,,,Greece,,1,0,1,3,AS,0.11567567567567569
220-352,220,352,1.2075866196005,1.5768103356177208,142103,142103|96280,0,1,0,,,,France,,0,0,0,5,WE,0.039658119658119655,,,Cyprus,,1,0,1,3,AS,0.3379310344827586
220-355,220,355,1.1285765291427237,1.2726508141787791,664720.4192687587,664720.4192687587|487837.3549268166,0,1,0,,,,France,,0,0,0,5,WE,0.039658119658119655,,,Bulgaria,,1,0,1,3,AS,0.10952380952380951
220-360,220,360,0.9550305477323617,0.9816336091252644,2014636.4182164057,1206822.508769494|2014636.4182164057,0,1,0,,,,France,,0,0,0,5,WE,0.039658119658119655,,,Romania,,1,0,1,3,AS,0.08095238095238096
220-365,220,365,0.9023800555173912,0.8914324062695406,7631614.165122503,2061924.0189938683|7631614.165122503,0,1,0,,,,France,,0,0,0,5,WE,0.039658119658119655,,,Russia (USSR),,1,6,1,2,EESU,0.06482758620689656
220-366,220,366,0.6332982653034873,0.5118971884066561,189102.29402308585,107291.03854702054|189102.29402308585,0,1,0,,,,France,,0,0,0,5,WE,0.039658119658119655,,,Estonia,,1,0,1,8,EESU,0.06666666666666665
220-367,220,367,0.6957349786749725,0.5868470838630288,363782.45337107603,200868.18494893317|363782.45337107603,0,1,0,,,,France,,0,0,0,5,WE,0.039658119658119655,,,Latvia,,1,0,1,8,EESU,0.08675324675324675
220-368,220,368,0.3512720425006137,0.22465374577954278,80898.0306911963,59695.76580811669|80898.0306911963,0,1,0,,,,France,,0,0,0,5,WE,0.039658119658119655,,,Lithuania,,1,0,1,8,EESU,0.10952380952380954
220-375,220,375,1.0400282633637754,1.1506155190535838,2152566.519466921,408189.96620144654|2152566.519466921,0,1,0,,,,France,,0,0,0,5,WE,0.039658119658119655,,,Finland,,1,0,1,8,EESU,0.07105263157894737
220-380,220,380,0.9603810058454512,0.9923261632029663,5639371.873569495,2094998.7000497167|5639371.873569495,0,1,0,,,,France,,0,0,0,5,WE,0.039658119658119655,,,Sweden,,1,0,1,8,WE,0.06709677419354838
220-385,220,385,0.9178560448697974,0.9151484925141515,2093174.1058573767,801859.3407198377|2093174.1058573767,0,1,0,,,,France,,0,0,0,5,WE,0.039658119658119655,,,Norway,,1,0,1,8,WE,0.0669767441860465
220-390,220,390,0.6448215994276728,0.5028128079420133,2533843.248693169,2533843.248693169|626316.6390629314,0,1,0,,,,France,,0,0,0,5,WE,0.039658119658119655,,,Denmark,,1,0,2,8,WE,0.20404040404040397
220-395,220,395,0.07856587642271018,0.04640699099512868,8882.483069977427,8882.483069977427,1,0,0,,,,France,,0,0,0,5,WE,0.039658119658119655,,,Iceland,,1,0,0,8,EESU,0.04
220-40,40,220,0.5415229326320736,0.39195938433351163,1197832.6886545317,1005954.3238205609|1197832.6886545317,0,1,0,,,,Cuba,,3,3,3,3,LA,0.024242424242424242,,,France,,0,0,0,5,WE,0.039658119658119655
220-4050,220,4050,1.577509028450328,3.180782470342822,19732,19732,0,1,0,,,,France,,0,0,0,5,WE,0.039658119658119655,,,St. Helena,,2,0,1,3,AS,0.568
220-41,41,220,1.9006952826665562,9.679620160944337,1903838.2015187363,1903838.2015187363|80323,1,0,0,,,,Haiti,,3,4,0,1,AS,0.027027027027027032,,,France,,0,0,0,5,WE,0.039658119658119655
220-42,42,220,1.3366906690546019,2.0250858361193975,564710.472035602,564710.472035602|251230,0,1,0,,,,Dominican Republic (Santo Domingo),,3,3,3,1,AS,0.037209302325581395,,,France,,0,0,0,5,WE,0.039658119658119655
220-420,220,420,1.7712157899056375,5.855286186764051,262060,262060|14739,0,1,0,,,,France,,0,0,0,5,WE,0.039658119658119655,,,Gambia,,5,0,3,1,AS,0
220-430,220,430,1.9383929579944716,11.695973976116548,5445221.881145779,5445221.881145779|1095299,1,0,0,,,,France,,0,0,0,5,WE,0.039658119658119655,,,French West Africa,,5,0,0,1,AS,0
220-451,220,451,0.4336969055052644,0.3093962539549202,23326,23326,0,1,0,,,,France,,0,0,0,5,WE,0.039658119658119655,,,Sierra Leone,,5,0,2,5,AF,0.04761904761904761
220-452,220,452,1.1747881029532714,1.3885131099612114,446783,446783|241458,0,1,0,,,,France,,0,0,0,5,WE,0.039658119658119655,,,Ghana (Gold Coast),,5,0,1,1,AS,0.05499999999999999
220-461,220,461,1.9426973273013162,12.033412781224557,371081.78745586047,371081.78745586047|95529,1,0,0,,,,France,,0,0,0,5,WE,0.039658119658119655,,,Togo (French Togoland),,5,0,0,1,AS,0
220-471,220,471,1.9411925913288446,10.871853179905068,484019.72276851366,484019.72276851366|414305,1,0,0,,,,France,,0,0,0,5,WE,0.039658119658119655,,,Cameroun (French Cameroon),,0,5,0,1,AS,0
220-475,220,475,1.1653480215206582,1.4542953266309508,1460352,1460352|81134,0,1,0,,,,France,,0,0,0,5,WE,0.039658119658119655,,,Nigeria,,5,0,2,3,AS,0.02918918918918919
220-480,220,480,1.934819999149082,10.475119973543155,4366863,419483.7597327118|4366863,1,0,0,,,,France,,0,0,0,5,WE,0.039658119658119655,,,French Equatorial Africa,,5,5,0,1,AF,0.048
220-490,220,490,0.019428717447430688,0.011165903996041782,5279.752657653475,5279.752657653475,1,0,0,,,,France,,0,0,0,5,WE,0.039658119658119655,,,Democratic Republic of the Congo (Zaire) (Kinshasa) (Belgian Congo) (Congo Free State),,5,5,0,6,AS,0.09619047619047619
220-501,220,501,1.0088964704388863,1.0167690363834496,548267,548267,0,1,0,,,,France,,0,0,0,5,WE,0.039658119658119655,,,Kenya (British East Africa Protectorate),,4,5,2,3,AS,0.042499999999999996
220-51,51,220,1.262646347952716,1.6384196812133516,596912,224837|596912,0,1,0,,,,Jamaica,,3,4,3,1,AS,0.011034482758620692,,,France,,0,0,0,5,WE,0.039658119658119655
220-511,220,511,0.9534186655521447,0.9781837623691294,94359.77337110482,94359.77337110482,0.1,0.9,0.36000000000000004,,,,France,,0,0,0,5,WE,0.039658119658119655,,,Zanzibar,,4,5,2,8,WE,0.2688888888888889
220-512,220,512,0.7705055752439813,0.6849986622958979,143979,143979,0.2,0.8,0.6400000000000001,,,,France,,0,0,0,5,WE,0.039658119658119655,,,Tanzania (Tanganyika),,4,5,2,1,AF,0.46142857142857163
220-515,220,515,0.10609653907676864,0.06348174278116225,279.07860747185293,279.07860747185293,1,0,0,,,,France,,0,0,0,5,WE,0.039658119658119655,,,Ruanda-Urundi,,4,5,0,1,AF,0.14285714285714288
220-52,52,220,1.3497070295091185,1.9429657321591038,640879,168043|640879,0,1,0,,,,Trinidad and Tobago,,3,4,3,1,AS,0.02684931506849315,,,France,,0,0,0,5,WE,0.039658119658119655
220-522,220,522,1.402103381926434,2.1598083856037085,179893.9969622976,179893.9969622976,0,1,0,,,,France,,0,0,0,5,WE,0.039658119658119655,,,Djibouti (Afar and Issas) (French Somaliland),,4,2,2,3,AS,0.6
220-53,53,220,1.6288773822769327,3.6091060564690367,420711,420711,0,1,0,,,,Barbados,,3,4,3,1,AS,0.01777777777777778,,,France,,0,0,0,5,WE,0.039658119658119655
220-540,220,540,0.005808830661125808,0.003313744494871873,489.9201282647614,489.9201282647614,0.9,0.09999999999999998,0.35999999999999993,,,,France,,0,0,0,5,WE,0.039658119658119655,,,Angola,,5,5,0,6,AS,0.2853333333333333
220-551,220,551,0.038698580109026604,0.0224150091273424,1120,1120,0,1,0,,,,France,,0,0,0,5,WE,0.039658119658119655,,,Zambia (Northern Rhodesia),,5,5,2,6,AF,0.01894736842105263
220-552,220,552,0.8753506254590324,0.7904820237944049,367136,2215|367136,0,1,0,,,,France,,0,0,0,5,WE,0.039658119658119655,,,Zimbabwe (Rhodesia) (Southern Rhodesia),,5,5,2,3,AS,0.010909090909090906
220-560,220,560,0.8888783617308097,0.8672605103673494,4217719,4217719,0,1,0,,,,France,,0,0,0,5,WE,0.039658119658119655,,,South Africa,,5,5,2,3,AS,0.05199999999999999
220-570,220,570,0.19130401018284027,0.11214666467030132,242,242,0,1,0,,,,France,,0,0,0,5,WE,0.039658119658119655,,,Lesotho (Basutoland),,2,0,2,3,AS,0.02571428571428571
220-580,220,580,1.9817175198224628,15.310795864050316,3285687.21806026,3285687.21806026|2718577.442883152,1,0,0,,,,France,,0,0,0,5,WE,0.039658119658119655,,,Madagascar (Malagasy Republic),,0,0,0,5,AF,0.020000000000000004
220-585,220,585,1.9998051500689282,17.474361221658846,1072910.3854702052,605024.6534606421|1072910.3854702052,1,0,0,,,,France,,0,0,0,5,WE,0.039658119658119655,,,Reunion (Bourbon I.),,0,0,0,8,WE,0
220-590,220,590,1.384886763960957,2.0855683319408813,425903,10387|425903,0,1,0,,,,France,,0,0,0,5,WE,0.039658119658119655,,,Mauritius,,4,0,2,3,AS,0.05076923076923076
220-591,220,591,1.4236134627303303,2.2587508248569375,23689,3107.7077692694234|23689,0,1,0,,,,France,,0,0,0,5,WE,0.039658119658119655,,,Seychelles,,4,0,2,3,AS,0.05499999999999999
220-600,220,600,1.8990311927533141,8.730082580213733,10414491.034902519,10414491.034902519|4338124.248804666,1,0,0,,,,France,,0,0,0,5,WE,0.039658119658119655,,,Morocco,,0,0,0,3,AS,0.046486486486486484
220-601,220,601,1.7294444776999955,5.135686580773556,67417.69546023486,67417.69546023486,1,0,0,,,,France,,0,0,0,5,WE,0.039658119658119655,,,Tangier,,0,0,0,5,AF,0.045
220-615,220,615,1.973476098144919,12.931287555260687,36307932.80394211,36307932.80394211|22523034.965504076,1,0,0,,,,France,,0,0,0,5,WE,0.039658119658119655,,,Algeria (Regency of Algiers),,0,0,0,3,AS,0.029425287356321838
220-616,220,616,1.947046495523609,11.171008144323004,8119430.849441817,8119430.849441817|5402507.140611458,1,0,0,,,,France,,0,0,0,5,WE,0.039658119658119655,,,Tunisia (Regency of Tunis),,0,0,0,3,LA,0.06918918918918919
220-625,220,625,0.5387426449058618,0.4097907562725206,155596.5898704277,155596.5898704277,0,1,0,,,,France,,0,0,0,5,WE,0.039658119658119655,,,Sudan (Anglo-Egyptian Sudan) (Mahdist State),,4,2,2,3,AS,0.12
220-640,220,640,1.390962889303216,2.2558097531319508,2797633.997602009,2797633.997602009|1946941.0303452304,0,1,0,,,,France,,0,0,0,5,WE,0.039658119658119655,,,Turkey (Ottoman Empire),,1,0,1,3,AS,0.08153846153846155
220-65,65,220,1.9998006432626436,17.473756113273215,1110018.5642157914,1110018.5642157914|1048709.3993317797,1,0,0,,,,Guadeloupe,,3,0,0,1,AS,0,,,France,,0,0,0,5,WE,0.039658119658119655
220-651,220,651,1.3602681519185094,2.1066262872115202,6595758.808540887,5380685.918109977|6595758.808540887,0,1,0,,,,France,,0,0,0,5,WE,0.039658119658119655,,,Egypt Arab Republic (Egypt),,1,0,1,3,AS,0.3750588235294118
220-652,220,652,1.9252276249064917,10.94829860516467,1446412.2715399084,1446412.2715399084|532421.695045365,0.3,0.7,0.84,,,,France,,0,0,0,5,WE,0.039658119658119655,,,Syria,,1,0,1,4,ME,0.5333333333333332
220-66,66,220,1.999782370275577,17.47120592486256,2153887.766319886,1229410.0958320247|2153887.766319886,1,0,0,,,,Martinique,,3,4,0,1,AS,0,,,France,,0,0,0,5,WE,0.039658119658119655
220-665,220,665,0.875460988635049,0.8428069511666766,68000,68000,0,1,0,,,,France,,0,0,0,5,WE,0.039658119658119655,,,Palestine,,1,0,1,4,ME,0.22375
220-68,68,220,0.09523758144482919,0.05341836366103703,81476.6533326998,81476.6533326998,0,1,0,,,,Netherlands Antilles,,3,3,5,6,AS,0,,,France,,0,0,0,5,WE,0.039658119658119655
220-681,220,681,1.107267025185558,1.305232672652424,252896.95777697235,252896.95777697235,0,1,0,,,,France,,0,0,0,5,WE,0.039658119658119655,,,Aden,,4,2,2,3,AS,0.4050000000000002
220-70,70,220,0.765114671438154,0.679899582153158,2277542.055671518,1297172.8570196168|2277542.055671518,0,1,0,,,,Mexico,,3,4,3,3,LA,0.020253164556962026,,,France,,0,0,0,5,WE,0.039658119658119655
220-710,220,710,0.9481994732242076,0.9704133364290154,6772636.5459041875,1952212.8818330052|6772636.5459041875,0,1,0,,,,France,,0,0,0,5,WE,0.039658119658119655,,,People's Republic of China (China),,4,1,4,3,AS,0.0496
220-713,220,713,0.19370228312332982,0.12117772720282094,21711.416207190596,21711.416207190596,0,1,0,,,,France,,0,0,0,5,WE,0.039658119658119655,,,Republic of China (Taiwan) (Formosa),,4,1,4,2,ME,0.04
220-740,220,740,0.4905850383717669,0.37059145690348405,4224309.427122866,1901390.8109423113|4224309.427122866,0,1,0,,,,France,,0,0,0,5,WE,0.039658119658119655,,,Japan,,4,1,4,3,AS,0.26739726027397276
220-750,220,750,0.9373648411373184,0.9529955601584428,12532011.553599082,3633374.7189156427|12532011.553599082,0,1,0,,,,France,,0,0,0,5,WE,0.039658119658119655,,,India,,4,0,2,1,AS,0.05248
220-751,220,751,1.2547033142076893,1.6132830234259905,61309.164884011734,61309.164884011734,0,1,0,,,,France,,0,0,0,5,WE,0.039658119658119655,,,French India,,1,0,1,3,AS,0
220-780,220,780,0.26739917286418835,0.17450232437478264,276288.1446088431,276288.1446088431,0,1,0,,,,France,,0,0,0,5,WE,0.039658119658119655,,,Sri Lanka (Ceylon),,4,0,2,1,AS,0.03645569620253165
220-80,80,220,1.7087733929078581,4.478377904504382,414060,414060,0,1,0,,,,Belize (British Honduras),,3,0,3,5,AF,0.03555555555555556,,,France,,0,0,0,5,WE,0.039658119658119655
220-800,220,800,0.47798483062066055,0.32951662074826804,173440.4006587174,173440.4006587174|29048.925129380637,0,1,0,,,,France,,0,0,0,5,WE,0.039658119658119655,,,Thailand (Siam),,4,1,4,3,AS,0.03461538461538461
220-810,220,810,1.934820981858874,10.454322100071666,8173479.718484301,8173479.718484301|4646589.3385777315,0,1,0,,,,France,,0,0,0,5,WE,0.039658119658119655,,,French Indochina,,4,1,4,3,AS,0.06428571428571428
220-840,220,840,0.35326044067836027,0.24173492089677517,463306.3190426092,187960.9923417728|463306.3190426092,0,1,0,,,,France,,0,0,0,5,WE,0.039658119658119655,,,Philippines,,4,1,3,3,AS,0.024
220-850,220,850,0.8037952103089249,0.7368988900216195,4917861.898329234,721189.3869250853|4917861.898329234,0,1,0,,,,France,,0,0,0,5,WE,0.039658119658119655,,,Indonesia (Dutch East Indies),,4,5,4,6,AS,0.08693333333333332
220-90,90,220,0.752851413325334,0.6199404538761107,165085,16005.2891135495|165085,0,1,0,,,,Guatemala,,3,0,1,5,WE,0.48756756756756775,,,France,,0,0,0,5,WE,0.039658119658119655
220-900,220,900,1.1616491972171856,1.435363475204264,10134578,1915104.703087419|10134578,0,1,0,,,,France,,0,0,0,5,WE,0.039658119658119655,,,Australia,,2,0,2,1,AS,0.05283018867924528
220-91,91,220,0.7653273598664943,0.6358819244428685,154647,12383.213313224174|154647,0,1,0,,,,Honduras,,3,4,3,5,WE,0.025600000000000005,,,France,,0,0,0,5,WE,0.039658119658119655
220-911,220,911,1.6475335509389453,4.075724727868016,261952.83042064775,261952.83042064775,0,1,0,,,,France,,0,0,0,5,WE,0.039658119658119655,,,Papua (British New Guinea),,2,0,2,3,AS,0
220-92,92,220,0.8941256403221618,0.8190118816228428,151347,67035.39128823827|151347,0,1,0,,,,El Salvador,,3,0,1,5,WE,0.061111111111111116,,,France,,0,0,0,5,WE,0.039658119658119655
220-920,220,920,0.6696072862148776,0.5568833777868823,1768399,1768399,0,1,0,,,,France,,0,0,0,5,WE,0.039658119658119655,,,New Zealand,,2,0,2,1,AS,0.05431578947368421
220-93,93,220,1.1696904601670757,1.4675970330684782,184153.1594249974,184153.1594249974|76367,0,1,0,,,,Nicaragua,,3,0,3,5,WE,0.020645161290322584,,,France,,0,0,0,5,WE,0.039658119658119655
220-94,94,220,0.7857689587986205,0.6624942796675369,123725,7628.320077161161|123725,0,1,0,,,,Costa Rica,,3,0,2,5,WE,0.01894736842105263,,,France,,0,0,0,5,WE,0.039658119658119655
220-950,220,950,1.0089019210972499,1.085896348920475,101499,101499,0,1,0,,,,France,,0,0,0,5,WE,0.039658119658119655,,,Fiji,,2,8,2,3,LA,0.0672
220-960,220,960,1.9319680718652619,10.349755600828244,710702.2929317675,710702.2929317675,1,0,0,,,,France,,0,0,0,5,WE,0.039658119658119655,,,French Polynesia,,0,0,0,5,AF,0
221-230,221,230,1.9999868070533164,78.39671502946454,3885.593843633395,3885.593843633395,1,0,0,,,,Monaco,,0,0,0,5,WE,0,,,Spain,,0,0,0,1,AF,0.026168224299065415
221-367,221,367,0.4586714991081209,0.29794068964027287,1.984907067554349,1.984907067554349,0,1,0,,,,Monaco,,0,0,0,5,WE,0,,,Latvia,,1,0,1,8,EESU,0.08675324675324675
223-305,223,305,1.9938489379418853,77.61248936377824,6164.777849779423,6164.777849779423,1,0,0,,,,Liechtenstein,,2,0,1,1,WE,0,,,Austria,,1,0,1,8,WE,0.08444444444444446
225-230,225,230,1.3125724075631429,1.8876955044865558,2176331.5051492904,2176331.5051492904|186904.99366212066,0.2,0.8,0.6400000000000001,,,,Switzerland,,1,0,1,5,WE,0.3393939393939395,,,Spain,,0,0,0,1,AF,0.026168224299065415
225-235,225,235,1.095264100389215,1.2082610208596323,312622.8631398099,312622.8631398099|6697.459584295612,0.3,0.7,0.84,,,,Switzerland,,1,0,1,5,WE,0.3393939393939395,,,Portugal,,5,5,0,6,WE,0.25612903225806444
225-255,225,255,1.6145535264182471,3.1020688940866847,30755722.551056743,14085932.703040788|30755722.551056743,0.8,0.19999999999999996,0.6399999999999999,,,,Switzerland,,1,0,1,5,WE,0.3393939393939395,,,Germany (Zollverein),,1,0,1,8,WE,0.06266666666666668
225-290,225,290,1.4946518033073275,2.872495994717908,1720279.257308003,1720279.257308003|932517.7127162016,0.8,0.19999999999999996,0.6399999999999999,,,,Switzerland,,1,0,1,5,WE,0.3393939393939395,,,Poland,,1,0,1,3,AS,0.07673469387755102
225-305,225,305,1.6070086776901582,3.849746129106263,3617509.0078219734,3617509.0078219734|2718250.8327329787,0.8,0.19999999999999996,0.6399999999999999,,,,Switzerland,,1,0,1,5,WE,0.3393939393939395,,,Austria,,1,0,1,8,WE,0.08444444444444446
225-310,225,310,1.4751476628336733,2.744150572297412,1500711.633158803,684197.4661859841|1500711.633158803,0.8,0.19999999999999996,0.6399999999999999,,,,Switzerland,,1,0,1,5,WE,0.3393939393939395,,,Hungary,,1,0,1,8,WE,0.09393258426966293
225-315,225,315,1.3816956099472486,2.2064727088017224,3407522.0052348557,2193044.422658098|3407522.0052348557,0.8,0.19999999999999996,0.6399999999999999,,,,Switzerland,,1,0,1,5,WE,0.3393939393939395,,,Czechoslovakia,,1,0,1,8,EESU,0.08153846153846155
225-325,225,325,1.6985745316811325,4.850511146041173,11315289.458152754,6285922.795955165|11315289.458152754,0.9,0.09999999999999998,0.35999999999999993,,,,Switzerland,,1,0,1,5,WE,0.3393939393939395,,,Italy,,1,0,1,4,WE,0.19471698113207533
225-338,225,338,0.20032394876570003,0.11434218137796859,390,390,0,1,0,,,,Switzerland,,1,0,1,5,WE,0.3393939393939395,,,Malta,,1,0,2,3,AS,0.008999999999999998
225-345,225,345,1.188493904273218,1.4704156227614171,635909.2672342664,441046.3504105763|635909.2672342664,0.8,0.19999999999999996,0.6399999999999999,,,,Switzerland,,1,0,1,5,WE,0.3393939393939395,,,"Yugoslavia (Kingdom of Serbs, Croats and Slovenes)",,1,0,1,3,NAM,0.0931578947368421
225-350,225,350,1.005708328072497,1.0137670016184348,403015.53099623503,403015.53099623503|37849.353465098626,0.8,0.19999999999999996,0.6399999999999999,,,,Switzerland,,1,0,1,5,WE,0.3393939393939395,,,Greece,,1,0,1,3,AS,0.11567567567567569
225-352,225,352,0.02187261546200625,0.011378532627029037,271,271,0.6,0.4,0.96,,,,Switzerland,,1,0,1,5,WE,0.3393939393939395,,,Cyprus,,1,0,1,3,AS,0.3379310344827586
225-355,225,355,1.3485432406374325,2.0417802204090596,218974.94769259577,198687.42780630518|218974.94769259577,0.8,0.19999999999999996,0.6399999999999999,,,,Switzerland,,1,0,1,5,WE,0.3393939393939395,,,Bulgaria,,1,0,1,3,AS,0.10952380952380951
225-360,225,360,1.2298904004042275,1.588852600467224,781230.5087818599,679910.0669200667|781230.5087818599,0.8,0.19999999999999996,0.6399999999999999,,,,Switzerland,,1,0,1,5,WE,0.3393939393939395,,,Romania,,1,0,1,3,AS,0.08095238095238096
225-365,225,365,0.5965401424143211,0.44159515982773523,401864.2848970535,401864.2848970535|177578.7523162446,0.8,0.19999999999999996,0.6399999999999999,,,,Switzerland,,1,0,1,5,WE,0.3393939393939395,,,Russia (USSR),,1,6,1,2,EESU,0.06482758620689656
225-366,225,366,1.2580347725618144,1.6812997096208135,84121.99855971006,47.523377909703875|84121.99855971006,0.8,0.19999999999999996,0.6399999999999999,,,,Switzerland,,1,0,1,5,WE,0.3393939393939395,,,Estonia,,1,0,1,8,EESU,0.06666666666666665
225-367,225,367,1.0045018104142254,1.01064129012318,144658.3900466042,30024.418870371403|144658.3900466042,0.8,0.19999999999999996,0.6399999999999999,,,,Switzerland,,1,0,1,5,WE,0.3393939393939395,,,Latvia,,1,0,1,8,EESU,0.08675324675324675
225-368,225,368,0.960244925888473,0.9254900257912656,50496.035798582634,50496.035798582634|22833.07862108088,0.8,0.19999999999999996,0.6399999999999999,,,,Switzerland,,1,0,1,5,WE,0.3393939393939395,,,Lithuania,,1,0,1,8,EESU,0.10952380952380954
225-375,225,375,0.8677435332548205,0.7734480128086657,251765.6124485936,251765.6124485936|9936.682255305917,0.8,0.19999999999999996,0.6399999999999999,,,,Switzerland,,1,0,1,5,WE,0.3393939393939395,,,Finland,,1,0,1,8,EESU,0.07105263157894737
225-380,225,380,1.1051405389143152,1.2473236654680298,1227625.3231410137,1227625.3231410137|371615.1822498718,0.8,0.19999999999999996,0.6399999999999999,,,,Switzerland,,1,0,1,5,WE,0.3393939393939395,,,Sweden,,1,0,1,8,WE,0.06709677419354838
225-385,225,385,0.9089731528637276,0.8413083479430478,510994.4754711916,510994.4754711916|35466.96144618087,0.8,0.19999999999999996,0.6399999999999999,,,,Switzerland,,1,0,1,5,WE,0.3393939393939395,,,Norway,,1,0,1,8,WE,0.0669767441860465
225-390,225,390,0.8490755507694439,0.7533069734815885,816695.7929514883,779473.0054285928|816695.7929514883,0,1,0,,,,Switzerland,,1,0,1,5,WE,0.3393939393939395,,,Denmark,,1,0,2,8,WE,0.20404040404040397
225-40,40,225,0.6108806089185772,0.4485997900484885,236402.43174572295,236402.43174572295|8000.902844616113,0,1,0,,,,Cuba,,3,3,3,3,LA,0.024242424242424242,,,Switzerland,,1,0,1,5,WE,0.3393939393939395
225-41,41,225,0.016072599818916733,0.00833971170356973,433.49291352123157,433.49291352123157,0.2,0.8,0.6400000000000001,,,,Haiti,,3,4,0,1,AS,0.027027027027027032,,,Switzerland,,1,0,1,5,WE,0.3393939393939395
225-452,225,452,0.03982647910415049,0.020938332637625234,3645,3645,0.8,0.19999999999999996,0.6399999999999999,,,,Switzerland,,1,0,1,5,WE,0.3393939393939395,,,Ghana (Gold Coast),,5,0,1,1,AS,0.05499999999999999
225-490,225,490,0.00005126252392151365,0.000026410085201211686,3.3002643899110473,3.3002643899110473,0.2,0.8,0.6400000000000001,,,,Switzerland,,1,0,1,5,WE,0.3393939393939395,,,Democratic Republic of the Congo (Zaire) (Kinshasa) (Belgian Congo) (Congo Free State),,5,5,0,6,AS,0.09619047619047619
225-51,51,225,0.732390193607342,0.5816207546522045,43509.16292079133,43509.16292079133,0,1,0,,,,Jamaica,,3,4,3,1,AS,0.011034482758620692,,,Switzerland,,1,0,1,5,WE,0.3393939393939395
225-551,225,551,0.011123847427606082,0.005755396476311514,76,76,0,1,0,,,,Switzerland,,1,0,1,5,WE,0.3393939393939395,,,Zambia (Northern Rhodesia),,5,5,2,6,AF,0.01894736842105263
225-560,225,560,0.7978415525935214,0.678142246657704,588366.1529644601,588366.1529644601|379,0,1,0,,,,Switzerland,,1,0,1,5,WE,0.3393939393939395,,,South Africa,,5,5,2,3,AS,0.05199999999999999
225-600,225,600,0.7073250689983046,0.5520004604715323,135211.86944180224,135211.86944180224,0.2,0.8,0.6400000000000001,,,,Switzerland,,1,0,1,5,WE,0.3393939393939395,,,Morocco,,0,0,0,3,AS,0.046486486486486484
225-615,225,615,0.36379483017054404,0.2269930142550589,130866.33033590016,3589.8129438664764|130866.33033590016,0.2,0.8,0.6400000000000001,,,,Switzerland,,1,0,1,5,WE,0.3393939393939395,,,Algeria (Regency of Algiers),,0,0,0,3,AS,0.029425287356321838
225-616,225,616,0.3702199002267881,0.23021337866275116,34357.333967323844,1064.84339009073|34357.333967323844,0.2,0.8,0.6400000000000001,,,,Switzerland,,1,0,1,5,WE,0.3393939393939395,,,Tunisia (Regency of Tunis),,0,0,0,3,LA,0.06918918918918919
225-630,225,630,0.5000226055340676,0.33765032291426544,78147.56005482795,10049.342133432117|78147.56005482795,0.8,0.19999999999999996,0.6399999999999999,,,,Switzerland,,1,0,1,5,WE,0.3393939393939395,,,Iran (Persia),,1,6,1,3,AS,0.07904761904761903
225-640,225,640,0.8954960845407256,0.8152881602949947,247597.30760672948,247597.30760672948|7151.955970033862,0.8,0.19999999999999996,0.6399999999999999,,,,Switzerland,,1,0,1,5,WE,0.3393939393939395,,,Turkey (Ottoman Empire),,1,0,1,3,AS,0.08153846153846155
225-645,225,645,0.05314453304252942,0.02767264709214845,2002.987333016651,2002.987333016651,0,1,0,,,,Switzerland,,1,0,1,5,WE,0.3393939393939395,,,Iraq (Mesopotamia),,4,6,2,3,AS,0.045714285714285714
225-651,225,651,1.4260200852264973,2.4315886571844727,2011993.7110192385,2011993.7110192385|735765.351801046,0.6,0.4,0.96,,,,Switzerland,,1,0,1,5,WE,0.3393939393939395,,,Egypt Arab Republic (Egypt),,1,0,1,3,AS,0.3750588235294118
225-70,70,225,0.7751502718415297,0.6432614931355634,310479.16350685124,310479.16350685124|663.3999806035622,0,1,0,,,,Mexico,,3,4,3,3,LA,0.020253164556962026,,,Switzerland,,1,0,1,5,WE,0.3393939393939395
225-710,225,710,0.8253422906214245,0.7234049469720509,1126712.6478265505,1126712.6478265505|8845.690446530863,0,1,0,,,,Switzerland,,1,0,1,5,WE,0.3393939393939395,,,People's Republic of China (China),,4,1,4,3,AS,0.0496
225-740,225,740,0.8738985474384559,0.8086500105299425,1777126.9957227597,1777126.9957227597|61426.89349908964,0,1,0,,,,Switzerland,,1,0,1,5,WE,0.3393939393939395,,,Japan,,4,1,4,3,AS,0.26739726027397276
225-750,225,750,0.7277558342221572,0.604111184194888,1313770.2898728724,1313770.2898728724|3015.0552617632075,0,1,0,,,,Switzerland,,1,0,1,5,WE,0.3393939393939395,,,India,,4,0,2,1,AS,0.05248
225-780,225,780,0.010657335143214874,0.005536773390396821,2316.7385533850957,2316.7385533850957,0,1,0,,,,Switzerland,,1,0,1,5,WE,0.3393939393939395,,,Sri Lanka (Ceylon),,4,0,2,1,AS,0.03645569620253165
225-800,225,800,1.1031760779823439,1.2290441634194489,132829.98096073704,11904.393170338464|132829.98096073704,0,1,0,,,,Switzerland,,1,0,1,5,WE,0.3393939393939395,,,Thailand (Siam),,4,1,4,3,AS,0.03461538461538461
225-810,225,810,0.9697202326086516,0.9451354764959153,151726.29624385442,151726.29624385442,0,1,0,,,,Switzerland,,1,0,1,5,WE,0.3393939393939395,,,French Indochina,,4,1,4,3,AS,0.06428571428571428
225-827,225,827,0.9529756342243494,0.912044836685186,744975.3205944982,744975.3205944982,0,1,0,,,,Switzerland,,1,0,1,5,WE,0.3393939393939395,,,Straits Settlements,,4,1,4,1,AS,0.08347826086956521
225-840,225,840,0.8130982528339903,0.6924939742805628,243071.71949270557,243071.71949270557|8873.0026959495,0,1,0,,,,Switzerland,,1,0,1,5,WE,0.3393939393939395,,,Philippines,,4,1,3,3,AS,0.024
225-850,225,850,0.8879236371637997,0.8173782172463929,708492.7286928493,708492.7286928493,0,1,0,,,,Switzerland,,1,0,1,5,WE,0.3393939393939395,,,Indonesia (Dutch East Indies),,4,5,4,6,AS,0.08693333333333332
225-900,225,900,0.9450666136551468,0.9167596717757472,1417382.4387992094,1417382.4387992094|17553,0,1,0,,,,Switzerland,,1,0,1,5,WE,0.3393939393939395,,,Australia,,2,0,2,1,AS,0.05283018867924528
225-920,225,920,0.654665575260679,0.4959179083767776,262682.6013201425,262682.6013201425|1640,0,1,0,,,,Switzerland,,1,0,1,5,WE,0.3393939393939395,,,New Zealand,,2,0,2,1,AS,0.05431578947368421
225-94,94,225,0.0007759731025493988,0.0003996236830283717,22.597058266981097,22.597058266981097,0,1,0,,,,Costa Rica,,3,0,2,5,WE,0.01894736842105263,,,Switzerland,,1,0,1,5,WE,0.3393939393939395
230-231,230,231,1.9172822877995546,17.97911408127921,546560.3176988403,546560.3176988403,0,1,0,,,,Spain,,0,0,0,1,AF,0.026168224299065415,,,Gibraltar,,0,0,4,3,AS,0.056
230-232,230,232,,78.43676301183152,23511.807645659217,23511.807645659217,1,0,0,,,,Spain,,0,0,0,1,AF,0.026168224299065415,,,Andorra,,0,0,0,5,WE,0
230-235,230,235,1.5974955230914913,3.797169008452994,959305.5412929591,959305.5412929591|422887.7598152425,0.9,0.09999999999999998,0.35999999999999993,,,,Spain,,0,0,0,1,AF,0.026168224299065415,,,Portugal,,5,5,0,6,WE,0.25612903225806444
230-255,230,255,1.0816387533088325,1.1685961195227845,10701480.881263884,10701480.881263884|6236774.608199317,0,1,0,,,,Spain,,0,0,0,1,AF,0.026168224299065415,,,Germany (Zollverein),,1,0,1,8,WE,0.06266666666666668
230-290,230,290,0.00013159118490968513,0.00006780391196059554,39.648916771769336,39.648916771769336,0,1,0,,,,Spain,,0,0,0,1,AF,0.026168224299065415,,,Poland,,1,0,1,3,AS,0.07673469387755102
230-30,30,230,0.009859901155314321,0.005019743910453123,127,127,0,1,0,,,,Bermuda,,3,4,3,3,AS,0,,,Spain,,0,0,0,1,AF,0.026168224299065415
230-305,230,305,0.4469935309920109,0.29662059756351244,257444.5961210703,257444.5961210703|49640.44379825521,0,1,0,,,,Spain,,0,0,0,1,AF,0.026168224299065415,,,Austria,,1,0,1,8,WE,0.08444444444444446
230-31,31,230,0.012234735849469103,0.006239491735712699,422,422,0,1,0,,,,Bahamas,,3,4,3,1,AS,0.02909090909090909,,,Spain,,0,0,0,1,AF,0.026168224299065415
230-310,230,310,0.28029592615149534,0.16789339455637986,84806.25121662664,1784.2012547296201|84806.25121662664,0,1,0,,,,Spain,,0,0,0,1,AF,0.026168224299065415,,,Hungary,,1,0,1,8,WE,0.09393258426966293
230-315,230,315,0.6216576927115572,0.46501395514161836,729534.6482967858,729534.6482967858|9476.09110845287,0,1,0,,,,Spain,,0,0,0,1,AF,0.026168224299065415,,,Czechoslovakia,,1,0,1,8,EESU,0.08153846153846155
230-325,230,325,1.1919234378029089,1.480642264984362,3729416.7604693957,3729416.7604693957|2798678.9502705494,0.1,0.9,0.36000000000000004,,,,Spain,,0,0,0,1,AF,0.026168224299065415,,,Italy,,1,0,1,4,WE,0.19471698113207533
230-338,230,338,0.5107626203697643,0.34600123883941003,14972,88|14972,0,1,0,,,,Spain,,0,0,0,1,AF,0.026168224299065415,,,Malta,,1,0,2,3,AS,0.008999999999999998
230-345,230,345,0.10205689928941031,0.0554482583181396,22148.68258983375,1189.46750315308|22148.68258983375,0,1,0,,,,Spain,,0,0,0,1,AF,0.026168224299065415,,,"Yugoslavia (Kingdom of Serbs, Croats and Slovenes)",,1,0,1,3,NAM,0.0931578947368421
230-350,230,350,0.08608913984889266,0.045862421469943015,17802.363630524433,1803.8727417016382|17802.363630524433,0,1,0,,,,Spain,,0,0,0,1,AF,0.026168224299065415,,,Greece,,1,0,1,3,AS,0.11567567567567569
230-352,230,352,1.4341492929667048,2.511837077280681,55256,55256|15835,0,1,0,,,,Spain,,0,0,0,1,AF,0.026168224299065415,,,Cyprus,,1,0,1,3,AS,0.3379310344827586
230-355,230,355,0.05370611336467013,0.02801822077170779,2934.019841110931,1149.167928280059|2934.019841110931,0,1,0,,,,Spain,,0,0,0,1,AF,0.026168224299065415,,,Bulgaria,,1,0,1,3,AS,0.10952380952380951
230-360,230,360,0.2673475092142069,0.15896231256433013,79635.30006525105,6264.528849939556|79635.30006525105,0,1,0,,,,Spain,,0,0,0,1,AF,0.026168224299065415,,,Romania,,1,0,1,3,AS,0.08095238095238096
230-365,230,365,0.9931366096817124,0.9996191776282523,2088943.7924644842,2088943.7924644842|592989.1992385822,0,1,0,,,,Spain,,0,0,0,1,AF,0.026168224299065415,,,Russia (USSR),,1,6,1,2,EESU,0.06482758620689656
230-366,230,366,0.06994433001895384,0.03725187189495138,3359.1263644170754,3359.1263644170754,0,1,0,,,,Spain,,0,0,0,1,AF,0.026168224299065415,,,Estonia,,1,0,1,8,EESU,0.06666666666666665
230-367,230,367,0.05326775346729773,0.027801853985274905,3885.593843633395,687.4924119181243|3885.593843633395,0,1,0,,,,Spain,,0,0,0,1,AF,0.026168224299065415,,,Latvia,,1,0,1,8,EESU,0.08675324675324675
230-368,230,368,1.3513835279889772,2.076243132137248,196081.60297452536,21370.766139983672|196081.60297452536,0,1,0,,,,Spain,,0,0,0,1,AF,0.026168224299065415,,,Lithuania,,1,0,1,8,EESU,0.10952380952380954
230-375,230,375,1.1480845247162659,1.3559711719520768,619214.3292867839,65618.95725727825|619214.3292867839,0,1,0,,,,Spain,,0,0,0,1,AF,0.026168224299065415,,,Finland,,1,0,1,8,EESU,0.07105263157894737
230-380,230,380,1.2664477069592905,1.7118666726469425,2374709.100635903,416511.8706874369|2374709.100635903,0,1,0,,,,Spain,,0,0,0,1,AF,0.026168224299065415,,,Sweden,,1,0,1,8,WE,0.06709677419354838
230-385,230,385,1.1248267070024498,1.294320826100289,722636.529774519,722636.529774519|577248.5792801898,0,1,0,,,,Spain,,0,0,0,1,AF,0.026168224299065415,,,Norway,,1,0,1,8,WE,0.0669767441860465
230-390,230,390,0.5136903310415443,0.3564858583261684,384110.82751937764,360170.75995475263|384110.82751937764,0,1,0,,,,Spain,,0,0,0,1,AF,0.026168224299065415,,,Denmark,,1,0,2,8,WE,0.20404040404040397
230-395,230,395,1.9487234237449247,25.06676961642954,1171152.7313769753,52059.027721333136|1171152.7313769753,1,0,0,,,,Spain,,0,0,0,1,AF,0.026168224299065415,,,Iceland,,1,0,0,8,EESU,0.04
230-40,40,230,1.7347722286094185,5.976316642153233,3075130.335901658,3075130.335901658|673925.1945500681,0,1,0,,,,Cuba,,3,3,3,3,LA,0.024242424242424242,,,Spain,,0,0,0,1,AF,0.026168224299065415
230-4050,230,4050,0.009480530120383523,0.004824156404807378,6,6,0,1,0,,,,Spain,,0,0,0,1,AF,0.026168224299065415,,,St. Helena,,2,0,1,3,AS,0.568
230-41,41,230,1.3069988349364088,1.8858513052809414,90540.59741228573,90540.59741228573,1,0,0,,,,Haiti,,3,4,0,1,AS,0.027027027027027032,,,Spain,,0,0,0,1,AF,0.026168224299065415
230-411,230,411,1.8896077244470626,14.182200422430443,127431.61850446665,127431.61850446665,0.9,0.09999999999999998,0.35999999999999993,,,,Spain,,0,0,0,1,AF,0.026168224299065415,,,Equatorial Guinea (Spanish Guinea),,0,0,0,3,AS,0.13090909090909092
230-42,42,230,0.7210174706173531,0.5747597988145597,39123.074528857825,39123.074528857825|20458.841054232977,0,1,0,,,,Dominican Republic (Santo Domingo),,3,3,3,1,AS,0.037209302325581395,,,Spain,,0,0,0,1,AF,0.026168224299065415
230-420,230,420,0.006039354776772643,0.00311216145504134,34,34|4,0,1,0,,,,Spain,,0,0,0,1,AF,0.026168224299065415,,,Gambia,,5,0,3,1,AS,0
230-450,230,450,0.6356167704952835,0.4690713804761528,2022.0947553602361,2022.0947553602361,0,1,0,,,,Spain,,0,0,0,1,AF,0.026168224299065415,,,Liberia,,5,0,2,9,AF,0
230-451,230,451,0.012507137333239937,0.006466325372462389,119,119,0,1,0,,,,Spain,,0,0,0,1,AF,0.026168224299065415,,,Sierra Leone,,5,0,2,5,AF,0.04761904761904761
230-452,230,452,0.1324311329643313,0.07290853685364329,11723,11723|77,0,1,0,,,,Spain,,0,0,0,1,AF,0.026168224299065415,,,Ghana (Gold Coast),,5,0,1,1,AS,0.05499999999999999
230-475,230,475,0.0033678967117991565,0.001737962775364199,426,426|26,0,1,0,,,,Spain,,0,0,0,1,AF,0.026168224299065415,,,Nigeria,,5,0,2,3,AS,0.02918918918918919
230-480,230,480,0.6756188358138473,0.5203689489779366,7260.295841527705,7260.295841527705,1,0,0,,,,Spain,,0,0,0,1,AF,0.026168224299065415,,,French Equatorial Africa,,5,5,0,1,AF,0.048
230-501,230,501,0.003205025332404521,0.0016279840296936632,176,176,0,1,0,,,,Spain,,0,0,0,1,AF,0.026168224299065415,,,Kenya (British East Africa Protectorate),,4,5,2,3,AS,0.042499999999999996
230-51,51,230,0.05640994015189127,0.02982880758740858,1907,1907|443,0,1,0,,,,Jamaica,,3,4,3,1,AS,0.011034482758620692,,,Spain,,0,0,0,1,AF,0.026168224299065415
230-511,230,511,0.2450692121270691,0.14322356079508058,3372.4466974802444,3372.4466974802444,0.1,0.9,0.36000000000000004,,,,Spain,,0,0,0,1,AF,0.026168224299065415,,,Zanzibar,,4,5,2,8,WE,0.2688888888888889
230-52,52,230,0.29227850430356705,0.1755544682202328,14482,14482|475,0,1,0,,,,Trinidad and Tobago,,3,4,3,1,AS,0.02684931506849315,,,Spain,,0,0,0,1,AF,0.026168224299065415
230-53,53,230,0.02600927029664135,0.013349888482428685,312,312,0,1,0,,,,Barbados,,3,4,3,1,AS,0.01777777777777778,,,Spain,,0,0,0,1,AF,0.026168224299065415
230-541,230,541,0.00038843886960782115,0.00019966639172064315,7,7,0,1,0,,,,Spain,,0,0,0,1,AF,0.026168224299065415,,,Mozambique (Portuguese East Africa),,5,5,2,6,AS,0.06285714285714285
230-552,230,552,0.0024935337908454924,0.001267226658072329,118,118,0,1,0,,,,Spain,,0,0,0,1,AF,0.026168224299065415,,,Zimbabwe (Rhodesia) (Southern Rhodesia),,5,5,2,3,AS,0.010909090909090906
230-560,230,560,0.14729555277310347,0.08263910471511426,98102,98102|3687.3492597745485,0,1,0,,,,Spain,,0,0,0,1,AF,0.026168224299065415,,,South Africa,,5,5,2,3,AS,0.05199999999999999
230-570,230,570,0,,0,0,0,1,0,,,,Spain,,0,0,0,1,AF,0.026168224299065415,,,Lesotho (Basutoland),,2,0,2,3,AS,0.02571428571428571
230-590,230,590,0.006578102885074877,0.0033461203601666822,137,137,0,1,0,,,,Spain,,0,0,0,1,AF,0.026168224299065415,,,Mauritius,,4,0,2,3,AS,0.05076923076923076
230-591,230,591,0.006551718914038274,0.003329100477659108,7,7,0,1,0,,,,Spain,,0,0,0,1,AF,0.026168224299065415,,,Seychelles,,4,0,2,3,AS,0.05499999999999999
230-6,6,230,1.7968219924480753,8.02827682003342,143172.23846285907,143172.23846285907,0,1,0,,,,Puerto Rico,,3,3,3,4,WE,0,,,Spain,,0,0,0,1,AF,0.026168224299065415
230-600,230,600,1.8768026595269727,12.660903476610164,1664743.387932616,387290.6190266429|1664743.387932616,1,0,0,,,,Spain,,0,0,0,1,AF,0.026168224299065415,,,Morocco,,0,0,0,3,AS,0.046486486486486484
230-601,230,601,1.9910770244078282,58.204674584570824,136154.3801942559,136154.3801942559|80468.39991519609,1,0,0,,,,Spain,,0,0,0,1,AF,0.026168224299065415,,,Tangier,,0,0,0,5,AF,0.045
230-602,230,602,1.9865222219621135,51.304537332501134,532921.0903293516,532921.0903293516,1,0,0,,,,Spain,,0,0,0,1,AF,0.026168224299065415,,,Spanish Morocco,,0,0,0,6,LA,0
230-615,230,615,1.0241566453374558,1.0536841161970025,593147.7949056693,593147.7949056693|349720.38369101007,1,0,0,,,,Spain,,0,0,0,1,AF,0.026168224299065415,,,Algeria (Regency of Algiers),,0,0,0,3,AS,0.029425287356321838
230-616,230,616,1.5149204558378493,3.035113588806535,442283.66658908693,442283.66658908693|98465.74560187463,1,0,0,,,,Spain,,0,0,0,1,AF,0.026168224299065415,,,Tunisia (Regency of Tunis),,0,0,0,3,LA,0.06918918918918919
230-625,230,625,0.13766870908867024,0.0759457518712553,7038.91288713018,7038.91288713018,0,1,0,,,,Spain,,0,0,0,1,AF,0.026168224299065415,,,Sudan (Anglo-Egyptian Sudan) (Mahdist State),,4,2,2,3,AS,0.12
230-630,230,630,1.2167539031289087,1.5594925555515058,297852.71812675777,297852.71812675777,0,1,0,,,,Spain,,0,0,0,1,AF,0.026168224299065415,,,Iran (Persia),,1,6,1,3,AS,0.07904761904761903
230-640,230,640,0.10440047554071508,0.05667229456331757,11939.477241512834,11939.477241512834|10031.175943257642,0,1,0,,,,Spain,,0,0,0,1,AF,0.026168224299065415,,,Turkey (Ottoman Empire),,1,0,1,3,AS,0.08153846153846155
230-65,65,230,0.01250271962617533,0.006373834205963713,109,109,1,0,0,,,,Guadeloupe,,3,0,0,1,AS,0,,,Spain,,0,0,0,1,AF,0.026168224299065415
230-651,230,651,1.227119531006536,1.5870512429721422,1212920.6894394942,1212920.6894394942|11855.026114759032,0,1,0,,,,Spain,,0,0,0,1,AF,0.026168224299065415,,,Egypt Arab Republic (Egypt),,1,0,1,3,AS,0.3750588235294118
230-66,66,230,0.026395801706330047,0.01355357730724871,332,332,1,0,0,,,,Martinique,,3,4,0,1,AS,0,,,Spain,,0,0,0,1,AF,0.026168224299065415
230-68,68,230,0.03810942289098207,0.019745028907336204,6038,6038,0,1,0,,,,Netherlands Antilles,,3,3,5,6,AS,0,,,Spain,,0,0,0,1,AF,0.026168224299065415
230-681,230,681,0.5807311688619783,0.4180833664717385,19773.46345112292,19773.46345112292,0,1,0,,,,Spain,,0,0,0,1,AF,0.026168224299065415,,,Aden,,4,2,2,3,AS,0.4050000000000002
230-70,70,230,0.9686972384781056,0.9491513340203587,447319.0790191016,277564.6065464664|447319.0790191016,0,1,0,,,,Mexico,,3,4,3,3,LA,0.020253164556962026,,,Spain,,0,0,0,1,AF,0.026168224299065415
230-710,230,710,0.10740502083013792,0.05936760706179256,101138.08938613559,1189.46750315308|101138.08938613559,0,1,0,,,,Spain,,0,0,0,1,AF,0.026168224299065415,,,People's Republic of China (China),,4,1,4,3,AS,0.0496
230-740,230,740,0.07785865819995608,0.04292501015043704,119435.90729807537,119435.90729807537|23194.61631148506,0,1,0,,,,Spain,,0,0,0,1,AF,0.026168224299065415,,,Japan,,4,1,4,3,AS,0.26739726027397276
230-750,230,750,0.9002780218497903,0.8368810732314381,2686320.6025113934,31758.78233418724|2686320.6025113934,0,1,0,,,,Spain,,0,0,0,1,AF,0.026168224299065415,,,India,,4,0,2,1,AS,0.05248
230-780,230,780,0.36633820772456616,0.2304552711018104,89065.98339377121,89065.98339377121,0,1,0,,,,Spain,,0,0,0,1,AF,0.026168224299065415,,,Sri Lanka (Ceylon),,4,0,2,1,AS,0.03645569620253165
230-80,80,230,0.03216990533748343,0.01656163095266172,307,307,0,1,0,,,,Belize (British Honduras),,3,0,3,5,AF,0.03555555555555556,,,Spain,,0,0,0,1,AF,0.026168224299065415
230-800,230,800,0.12296683965310051,0.06740318088144637,14567.245772725775,14567.245772725775|396.48916771769336,0,1,0,,,,Spain,,0,0,0,1,AF,0.026168224299065415,,,Thailand (Siam),,4,1,4,3,AS,0.03461538461538461
230-840,230,840,1.472483492231636,2.7329581671232814,1278574.3934113625,1278574.3934113625|219734.29674914567,0,1,0,,,,Spain,,0,0,0,1,AF,0.026168224299065415,,,Philippines,,4,1,3,3,AS,0.024
230-850,230,850,0.34480082596612804,0.2166220197561397,352886.6386102711,352886.6386102711,0,1,0,,,,Spain,,0,0,0,1,AF,0.026168224299065415,,,Indonesia (Dutch East Indies),,4,5,4,6,AS,0.08693333333333332
230-90,90,230,1.5120679899027807,3.0166218709866968,161053.89992692706,8169.892738256688|161053.89992692706,0,1,0,,,,Guatemala,,3,0,1,5,WE,0.48756756756756775,,,Spain,,0,0,0,1,AF,0.026168224299065415
230-900,230,900,0.08786486615841294,0.048099584568046305,82899,34415.25975789579|82899,0,1,0,,,,Spain,,0,0,0,1,AF,0.026168224299065415,,,Australia,,2,0,2,1,AS,0.05283018867924528
230-91,91,230,0.030011678600207925,0.015449953435197727,753.3294186636174,753.3294186636174,0,1,0,,,,Honduras,,3,4,3,5,WE,0.025600000000000005,,,Spain,,0,0,0,1,AF,0.026168224299065415
230-92,92,230,1.0142824340575023,1.0418237328020437,50284.20416953901,4995.763513242937|50284.20416953901,0,1,0,,,,El Salvador,,3,0,1,5,WE,0.061111111111111116,,,Spain,,0,0,0,1,AF,0.026168224299065415
230-920,230,920,0.0007164790708986679,0.0003715457470919725,288,288,0,1,0,,,,Spain,,0,0,0,1,AF,0.026168224299065415,,,New Zealand,,2,0,2,1,AS,0.05431578947368421
230-93,93,230,0.9595812414536817,0.9352651536578359,28646.48169047329,28646.48169047329|396.48916771769336,0,1,0,,,,Nicaragua,,3,0,3,5,WE,0.020645161290322584,,,Spain,,0,0,0,1,AF,0.026168224299065415
230-94,94,230,0.161468411973275,0.08894930308929849,3330.5090088286242,2922.379230449326|3330.5090088286242,0,1,0,,,,Costa Rica,,3,0,2,5,WE,0.01894736842105263,,,Spain,,0,0,0,1,AF,0.026168224299065415
230-95,95,230,1.8139756475256053,8.670786500239895,1172537.4156915345,1172537.4156915345,0,1,0,,,,Panama,,3,0,3,1,AS,0.021333333333333336,,,Spain,,0,0,0,1,AF,0.026168224299065415
230-950,230,950,1.1963461036890404,1.497333091821738,34163,34163,0,1,0,,,,Spain,,0,0,0,1,AF,0.026168224299065415,,,Fiji,,2,8,2,3,LA,0.0672
231-255,231,255,0.7142523568858041,0.5824572099230593,144040,144040,0,1,0,,,,Gibraltar,,0,0,4,3,AS,0.056,,,Germany (Zollverein),,1,0,1,8,WE,0.06266666666666668
231-310,231,310,0.3389454437386097,0.20504942852597996,2797,2797,0,1,0,,,,Gibraltar,,0,0,4,3,AS,0.056,,,Hungary,,1,0,1,8,WE,0.09393258426966293
231-325,231,325,0.5248140669568432,0.3615318981640614,21036.30089858823,21036.30089858823,0,1,0,,,,Gibraltar,,0,0,4,3,AS,0.056,,,Italy,,1,0,1,4,WE,0.19471698113207533
231-338,231,338,1.6437831368405447,4.607690945459704,392,392,0,1,0,,,,Gibraltar,,0,0,4,3,AS,0.056,,,Malta,,1,0,2,3,AS,0.008999999999999998
231-352,231,352,0.0033589301214049794,0.001683342067204996,1,1,0.3,0.7,0.84,,,,Gibraltar,,0,0,4,3,AS,0.056,,,Cyprus,,1,0,1,3,AS,0.3379310344827586
231-385,231,385,0.32700952915881243,0.19652329265273327,2963,2963,0,1,0,,,,Gibraltar,,0,0,4,3,AS,0.056,,,Norway,,1,0,1,8,WE,0.0669767441860465
231-390,231,390,0.498500287907337,0.3352201005223747,11189,11189,0,1,0,,,,Gibraltar,,0,0,4,3,AS,0.056,,,Denmark,,1,0,2,8,WE,0.20404040404040397
231-51,51,231,0.012648461016736001,0.00637144938978873,11,11,0,1,0,,,,Jamaica,,3,4,3,1,AS,0.011034482758620692,,,Gibraltar,,0,0,4,3,AS,0.056
231-52,52,231,0.4573200871378308,0.2967188635063601,661,661,0,1,0,,,,Trinidad and Tobago,,3,4,3,1,AS,0.02684931506849315,,,Gibraltar,,0,0,4,3,AS,0.056
231-560,231,560,0.0003075798963749765,0.00015596893238034593,5,5,0,1,0,,,,Gibraltar,,0,0,4,3,AS,0.056,,,South Africa,,5,5,2,3,AS,0.05199999999999999
231-600,231,600,0.3046331262020524,0.1799610880701339,639,639,0,1,0,,,,Gibraltar,,0,0,4,3,AS,0.056,,,Morocco,,0,0,0,3,AS,0.046486486486486484
231-601,231,601,0.6841523197452113,0.5200358549888936,45,45,0,1,0,,,,Gibraltar,,0,0,4,3,AS,0.056,,,Tangier,,0,0,0,5,AF,0.045
231-615,231,615,1.0483325974728461,1.1009808835562411,12953,12953,0,1,0,,,,Gibraltar,,0,0,4,3,AS,0.056,,,Algeria (Regency of Algiers),,0,0,0,3,AS,0.029425287356321838
231-651,231,651,1.3381360940302833,2.003294668790202,41345.27995133204,41345.27995133204,0.3,0.7,0.84,,,,Gibraltar,,0,0,4,3,AS,0.056,,,Egypt Arab Republic (Egypt),,1,0,1,3,AS,0.3750588235294118
231-710,231,710,0.20584335326001635,0.1167630413740417,5371.681405257318,5371.681405257318,1,0,0,,,,Gibraltar,,0,0,4,3,AS,0.056,,,People's Republic of China (China),,4,1,4,3,AS,0.0496
231-750,231,750,0.1138413097029215,0.06251365820112909,5418.869070340535,5418.869070340535,0,1,0,,,,Gibraltar,,0,0,4,3,AS,0.056,,,India,,4,0,2,1,AS,0.05248
231-780,231,780,0.39239341755481383,0.24496564884827687,2556.6428095568435,2556.6428095568435,0,1,0,,,,Gibraltar,,0,0,4,3,AS,0.056,,,Sri Lanka (Ceylon),,4,0,2,1,AS,0.03645569620253165
231-840,231,840,0.1903192747336856,0.1057040894313831,1335.4402288269332,1335.4402288269332,0,1,0,,,,Gibraltar,,0,0,4,3,AS,0.056,,,Philippines,,4,1,3,3,AS,0.024
231-850,231,850,1.8887664605201713,13.06778308335596,574876,574876,1,0,0,,,,Gibraltar,,0,0,4,3,AS,0.056,,,Indonesia (Dutch East Indies),,4,5,4,6,AS,0.08693333333333332
231-900,231,900,0.5867336361885797,0.420048219669098,19550,19550,0,1,0,,,,Gibraltar,,0,0,4,3,AS,0.056,,,Australia,,2,0,2,1,AS,0.05283018867924528
235-255,235,255,1.2359912095390402,1.5201353636910888,3124126.178444131,3124126.178444131|1090253.11778291,0.1,0.9,0.36000000000000004,,,,Portugal,,5,5,0,6,WE,0.25612903225806444,,,Germany (Zollverein),,1,0,1,8,WE,0.06266666666666668
235-290,235,290,0.1773965537697253,0.09905794357045639,6683.602771362586,6683.602771362586,0.1,0.9,0.36000000000000004,,,,Portugal,,5,5,0,6,WE,0.25612903225806444,,,Poland,,1,0,1,3,AS,0.07673469387755102
235-291,235,291,0.6211458023211816,0.4514283715581502,6683.602771362586,6683.602771362586,0.1,0.9,0.36000000000000004,,,,Portugal,,5,5,0,6,WE,0.25612903225806444,,,Danzig (Free City of Danzig),,1,0,1,3,AS,0.05647058823529412
235-305,235,305,0.34266513058960224,0.20921419335770397,40751.207570372906,40751.207570372906|5071.593533487298,0.1,0.9,0.36000000000000004,,,,Portugal,,5,5,0,6,WE,0.25612903225806444,,,Austria,,1,0,1,8,WE,0.08444444444444446
235-310,235,310,0.016577610406908416,0.008444622447411954,957.2852273262461,957.2852273262461,0.1,0.9,0.36000000000000004,,,,Portugal,,5,5,0,6,WE,0.25612903225806444,,,Hungary,,1,0,1,8,WE,0.09393258426966293
235-315,235,315,0.025442519080378867,0.013298616496215221,1489.1454965357968,1489.1454965357968,0.1,0.9,0.36000000000000004,,,,Portugal,,5,5,0,6,WE,0.25612903225806444,,,Czechoslovakia,,1,0,1,8,EESU,0.08153846153846155
235-325,235,325,0.9577897463080769,0.9445447465674394,419024.1564551354,274509.93071593536|419024.1564551354,0.2,0.8,0.6400000000000001,,,,Portugal,,5,5,0,6,WE,0.25612903225806444,,,Italy,,1,0,1,4,WE,0.19471698113207533
235-345,235,345,0.013154998433509868,0.00668168125645785,598.9803951702526,598.9803951702526,0.1,0.9,0.36000000000000004,,,,Portugal,,5,5,0,6,WE,0.25612903225806444,,,"Yugoslavia (Kingdom of Serbs, Croats and Slovenes)",,1,0,1,3,NAM,0.0931578947368421
235-350,235,350,0.006280701445709358,0.00317258442059154,154.54153473957905,154.54153473957905,0.1,0.9,0.36000000000000004,,,,Portugal,,5,5,0,6,WE,0.25612903225806444,,,Greece,,1,0,1,3,AS,0.11567567567567569
235-360,235,360,0.5329081280296202,0.3658285935088881,41129.73956277496,41129.73956277496,0.1,0.9,0.36000000000000004,,,,Portugal,,5,5,0,6,WE,0.25612903225806444,,,Romania,,1,0,1,3,AS,0.08095238095238096
235-365,235,365,0.38049263591889826,0.24301452732747064,24915.473441108545,24915.473441108545,0.1,0.9,0.36000000000000004,,,,Portugal,,5,5,0,6,WE,0.25612903225806444,,,Russia (USSR),,1,6,1,2,EESU,0.06482758620689656
235-366,235,366,0.10748159653098288,0.05710046957905057,1155.539469359474,1155.539469359474,0.1,0.9,0.36000000000000004,,,,Portugal,,5,5,0,6,WE,0.25612903225806444,,,Estonia,,1,0,1,8,EESU,0.06666666666666665
235-367,235,367,0.2312046743696864,0.13145992248368665,4464.175089353784,4464.175089353784,0.1,0.9,0.36000000000000004,,,,Portugal,,5,5,0,6,WE,0.25612903225806444,,,Latvia,,1,0,1,8,EESU,0.08675324675324675
235-368,235,368,0.11185767470597574,0.05956513731486335,1262.460069402566,1262.460069402566,0.1,0.9,0.36000000000000004,,,,Portugal,,5,5,0,6,WE,0.25612903225806444,,,Lithuania,,1,0,1,8,EESU,0.10952380952380954
235-375,235,375,0.2585991067793041,0.14977945570826867,15350.044999315176,15350.044999315176,0.1,0.9,0.36000000000000004,,,,Portugal,,5,5,0,6,WE,0.25612903225806444,,,Finland,,1,0,1,8,EESU,0.07105263157894737
235-380,235,380,1.1785928108358512,1.449199082324897,162260.7918727974,160692.84064665128|162260.7918727974,0.1,0.9,0.36000000000000004,,,,Portugal,,5,5,0,6,WE,0.25612903225806444,,,Sweden,,1,0,1,8,WE,0.06709677419354838
235-385,235,385,1.7411983583498083,6.395660614993846,801364.7702240463,135213.85681293302|801364.7702240463,0.1,0.9,0.36000000000000004,,,,Portugal,,5,5,0,6,WE,0.25612903225806444,,,Norway,,1,0,1,8,WE,0.0669767441860465
235-390,235,390,1.1854934709560392,1.4666779791614228,170980.13856812933,52101.45435518243|170980.13856812933,0,1,0,,,,Portugal,,5,5,0,6,WE,0.25612903225806444,,,Denmark,,1,0,2,8,WE,0.20404040404040397
235-395,235,395,1.8837473110570029,15.376954536848292,161232.41534988713,161232.41534988713,0.9,0.09999999999999998,0.35999999999999993,,,,Portugal,,5,5,0,6,WE,0.25612903225806444,,,Iceland,,1,0,0,8,EESU,0.04
235-40,40,235,0.2122168166537719,0.12014744141241773,21039.66283434834,21039.66283434834,0,1,0,,,,Cuba,,3,3,3,3,LA,0.024242424242424242,,,Portugal,,5,5,0,6,WE,0.25612903225806444
235-402,235,402,1.9985657043738083,260.03796763274886,59103.00230946882,27593.533487297922|59103.00230946882,0,1,0,,,,Portugal,,5,5,0,6,WE,0.25612903225806444,,,Cape Verde,,5,5,2,6,AS,0.05466666666666666
235-403,235,403,1.9902596821430716,155.99122493583047,101103.00230946882,101103.00230946882|86799.07621247113,0.4,0.6,0.96,,,,Portugal,,5,5,0,6,WE,0.25612903225806444,,,Sao Tome-Principe,,5,5,1,6,AS,0.45333333333333325
235-404,235,404,1.9928899276015963,148.88773272810403,193699.76905311778,193699.76905311778|69199.07621247113,0.2,0.8,0.6400000000000001,,,,Portugal,,5,5,0,6,WE,0.25612903225806444,,,Guinea-Bissau (Portuguese Guinea),,5,5,2,6,AS,0.36666666666666675
235-420,235,420,0.02801885669246762,0.01427527171298193,35,35,0,1,0,,,,Portugal,,5,5,0,6,WE,0.25612903225806444,,,Gambia,,5,0,3,1,AS,0
235-475,235,475,0.5163879580787794,0.34992275104860227,19249,19249,0,1,0,,,,Portugal,,5,5,0,6,WE,0.25612903225806444,,,Nigeria,,5,0,2,3,AS,0.02918918918918919
235-490,235,490,0.11715814032978289,0.0625765374335413,1620.9225632545401,1620.9225632545401,0.9,0.09999999999999998,0.35999999999999993,,,,Portugal,,5,5,0,6,WE,0.25612903225806444,,,Democratic Republic of the Congo (Zaire) (Kinshasa) (Belgian Congo) (Congo Free State),,5,5,0,6,AS,0.09619047619047619
235-511,235,511,0.09623134152126844,0.05078631567413827,268.3763232443716,268.3763232443716,0.1,0.9,0.36000000000000004,,,,Portugal,,5,5,0,6,WE,0.25612903225806444,,,Zanzibar,,4,5,2,8,WE,0.2688888888888889
235-512,235,512,0.08647909868896453,0.04542147238333005,523,523,0.2,0.8,0.6400000000000001,,,,Portugal,,5,5,0,6,WE,0.25612903225806444,,,Tanzania (Tanganyika),,4,5,2,1,AF,0.46142857142857163
235-540,235,540,1.9980709731372686,397.82746903622814,982996.1893858449,982996.1893858449|706126.558891455,1,0,0,,,,Portugal,,5,5,0,6,WE,0.25612903225806444,,,Angola,,5,5,0,6,AS,0.2853333333333333
235-541,235,541,1.967329045508964,50.025278626168245,393594.8888888889,393594.8888888889|289423.55658198614,0,1,0,,,,Portugal,,5,5,0,6,WE,0.25612903225806444,,,Mozambique (Portuguese East Africa),,5,5,2,6,AS,0.06285714285714285
235-560,235,560,0.06650041072549184,0.03500550035434258,9326,9326,0,1,0,,,,Portugal,,5,5,0,6,WE,0.25612903225806444,,,South Africa,,5,5,2,3,AS,0.05199999999999999
235-600,235,600,1.030748204807411,1.0647018069832148,31417.921879788708,31417.921879788708,0.9,0.09999999999999998,0.35999999999999993,,,,Portugal,,5,5,0,6,WE,0.25612903225806444,,,Morocco,,0,0,0,3,AS,0.046486486486486484
235-601,235,601,1.9242878914412924,24.51936241720172,6618.013856812933,775.2382559675694|6618.013856812933,0.9,0.09999999999999998,0.35999999999999993,,,,Portugal,,5,5,0,6,WE,0.25612903225806444,,,Tangier,,0,0,0,5,AF,0.045
235-615,235,615,0.40586338825834223,0.25651615796656024,25080.288634788485,25080.288634788485,0.9,0.09999999999999998,0.35999999999999993,,,,Portugal,,5,5,0,6,WE,0.25612903225806444,,,Algeria (Regency of Algiers),,0,0,0,3,AS,0.029425287356321838
235-616,235,616,1.3709210042541067,2.1699001535850377,76692.92507267099,76692.92507267099,0.9,0.09999999999999998,0.35999999999999993,,,,Portugal,,5,5,0,6,WE,0.25612903225806444,,,Tunisia (Regency of Tunis),,0,0,0,3,LA,0.06918918918918919
235-640,235,640,0.3203665681707135,0.19199335141178564,6569.05311778291,6569.05311778291,0.1,0.9,0.36000000000000004,,,,Portugal,,5,5,0,6,WE,0.25612903225806444,,,Turkey (Ottoman Empire),,1,0,1,3,AS,0.08153846153846155
235-651,235,651,0.8317136081881344,0.7204863573553133,65878.06004618938,43089.88010010203|65878.06004618938,0.1,0.9,0.36000000000000004,,,,Portugal,,5,5,0,6,WE,0.25612903225806444,,,Egypt Arab Republic (Egypt),,1,0,1,3,AS,0.3750588235294118
235-70,70,235,0.0004585896208814111,0.0002325705858178262,42.67833507772767,42.67833507772767,0,1,0,,,,Mexico,,3,4,3,3,LA,0.020253164556962026,,,Portugal,,5,5,0,6,WE,0.25612903225806444
235-710,235,710,0.11385675853801047,0.06277411021460733,11015.242494226328,3849.2306139781726|11015.242494226328,0,1,0,,,,Portugal,,5,5,0,6,WE,0.25612903225806444,,,People's Republic of China (China),,4,1,4,3,AS,0.0496
235-721,235,721,0.3294197931953756,0.19744585832004813,157.95334514922033,157.95334514922033,0,1,0,,,,Portugal,,5,5,0,6,WE,0.25612903225806444,,,Macao,,5,1,4,6,AS,0
235-740,235,740,0.004970798088715589,0.0025847100008521418,1613.9987472712887,1613.9987472712887,0,1,0,,,,Portugal,,5,5,0,6,WE,0.25612903225806444,,,Japan,,4,1,4,3,AS,0.26739726027397276
235-750,235,750,0.38617802611920693,0.2470731780593407,177986.29465685267,177986.29465685267,0,1,0,,,,Portugal,,5,5,0,6,WE,0.25612903225806444,,,India,,4,0,2,1,AS,0.05248
235-752,235,752,1.9281900920187718,25.847463582924735,8400.923787528869,80.51479075994025|8400.923787528869,0,1,0,,,,Portugal,,5,5,0,6,WE,0.25612903225806444,,,Portuguese India,,5,9,2,6,AS,0.0911111111111111
235-780,235,780,0.005448741096950815,0.0027565050223521403,239.08419811771148,239.08419811771148,0,1,0,,,,Portugal,,5,5,0,6,WE,0.25612903225806444,,,Sri Lanka (Ceylon),,4,0,2,1,AS,0.03645569620253165
235-800,235,800,0.5877129668438188,0.4181186876754025,20279.792057245268,20279.792057245268,0,1,0,,,,Portugal,,5,5,0,6,WE,0.25612903225806444,,,Thailand (Siam),,4,1,4,3,AS,0.03461538461538461
235-860,235,860,1.9948273380976542,245.95249405588996,20218.0281791002,868.3602771362587|20218.0281791002,0.1,0.9,0.36000000000000004,,,,Portugal,,5,5,0,6,WE,0.25612903225806444,,,East Timor (Portuguese Timor),,5,5,1,6,AS,0.12695652173913044
235-920,235,920,0.00007939878720852889,0.00004023935244434895,7,7,0,1,0,,,,Portugal,,5,5,0,6,WE,0.25612903225806444,,,New Zealand,,2,0,2,1,AS,0.05431578947368421
255-256,255,256,1.9954494256437103,9.453753145347706,7003535.60881981,7003535.60881981,1,0,0,,,,Germany (Zollverein),,1,0,1,8,WE,0.06266666666666668,,,Saar,,1,0,1,8,WE,0
255-290,255,290,1.670261737322135,4.006722336410875,20222310.708162785,16841835.630733352|20222310.708162785,1,0,0,,,,Germany (Zollverein),,1,0,1,8,WE,0.06266666666666668,,,Poland,,1,0,1,3,AS,0.07673469387755102
255-291,255,291,1.7049248116110445,3.8528018608329506,4021638.094700451,4021638.094700451,1,0,0,,,,Germany (Zollverein),,1,0,1,8,WE,0.06266666666666668,,,Danzig (Free City of Danzig),,1,0,1,3,AS,0.05647058823529412
255-30,30,255,0.08261918423079073,0.04785427046972612,9849,9849,0,1,0,,,,Bermuda,,3,4,3,3,AS,0,,,Germany (Zollverein),,1,0,1,8,WE,0.06266666666666668
255-305,255,305,1.523863260275151,2.5832375420273266,21638374.72416877,9943641.958599145|21638374.72416877,1,0,0,,,,Germany (Zollverein),,1,0,1,8,WE,0.06266666666666668,,,Austria,,1,0,1,8,WE,0.08444444444444446
255-31,31,255,0.5107998465316665,0.4076138014907762,32558,7474|32558,0,1,0,,,,Bahamas,,3,4,3,1,AS,0.02909090909090909,,,Germany (Zollverein),,1,0,1,8,WE,0.06266666666666668
255-310,255,310,1.4600581729575828,2.29703830136247,7199713.076853978,7199713.076853978|4351360.48354866,1,0,0,,,,Germany (Zollverein),,1,0,1,8,WE,0.06266666666666668,,,Hungary,,1,0,1,8,WE,0.09393258426966293
255-315,255,315,1.7332439340881787,4.085222704095097,32251575.744817276,24215154.17320014|32251575.744817276,1,0,0,,,,Germany (Zollverein),,1,0,1,8,WE,0.06266666666666668,,,Czechoslovakia,,1,0,1,8,EESU,0.08153846153846155
255-325,255,325,1.28744931592649,1.8432823665741012,29544326.685945753,29544326.685945753|23740634.247440074,0.9,0.09999999999999998,0.35999999999999993,,,,Germany (Zollverein),,1,0,1,8,WE,0.06266666666666668,,,Italy,,1,0,1,4,WE,0.19471698113207533
255-338,255,338,1.3332028856721188,2.040963155097676,106378,38434|106378,0,1,0,,,,Germany (Zollverein),,1,0,1,8,WE,0.06266666666666668,,,Malta,,1,0,2,3,AS,0.008999999999999998
255-339,255,339,0.7921182626652814,0.6801683173164437,68662.11381195892,68662.11381195892,0.9,0.09999999999999998,0.35999999999999993,,,,Germany (Zollverein),,1,0,1,8,WE,0.06266666666666668,,,Albania,,1,0,1,3,AS,0.28235294117647053
255-345,255,345,1.5078020758919668,2.5184687141579616,7484170.405503523,7484170.405503523|2445734.7929219916,1,0,0,,,,Germany (Zollverein),,1,0,1,8,WE,0.06266666666666668,,,"Yugoslavia (Kingdom of Serbs, Croats and Slovenes)",,1,0,1,3,NAM,0.0931578947368421
255-350,255,350,1.578318586338861,3.3127423465902357,4298037.222428242,4298037.222428242|3766607.386256032,1,0,0,,,,Germany (Zollverein),,1,0,1,8,WE,0.06266666666666668,,,Greece,,1,0,1,3,AS,0.11567567567567569
255-352,255,352,1.0568268934146545,1.2362634883081123,162561,162561|112509,0.7,0.30000000000000004,0.8400000000000001,,,,Germany (Zollverein),,1,0,1,8,WE,0.06266666666666668,,,Cyprus,,1,0,1,3,AS,0.3379310344827586
255-355,255,355,1.618578322219912,3.6267598935905307,2834669.5808576797,2834669.5808576797|2192283.2052818313,1,0,0,,,,Germany (Zollverein),,1,0,1,8,WE,0.06266666666666668,,,Bulgaria,,1,0,1,3,AS,0.10952380952380951
255-360,255,360,1.5217549234504109,2.925762262045364,8761285.352749381,8048180.6261017565|8761285.352749381,1,0,0,,,,Germany (Zollverein),,1,0,1,8,WE,0.06266666666666668,,,Romania,,1,0,1,3,AS,0.08095238095238096
255-365,255,365,1.5624242137744813,3.0893758835147187,38590487.9555281,38590487.9555281|17356801.484323043,1,0,0,,,,Germany (Zollverein),,1,0,1,8,WE,0.06266666666666668,,,Russia (USSR),,1,6,1,2,EESU,0.06482758620689656
255-366,255,366,1.811441077904985,5.072010908151808,2015723.4840510797,2015723.4840510797|1722350.7426208667,1,0,0,,,,Germany (Zollverein),,1,0,1,8,WE,0.06266666666666668,,,Estonia,,1,0,1,8,EESU,0.06666666666666665
255-367,255,367,1.7289622053836453,4.085132904010485,4644501.5557089355,2875817.9165138183|4644501.5557089355,1,0,0,,,,Germany (Zollverein),,1,0,1,8,WE,0.06266666666666668,,,Latvia,,1,0,1,8,EESU,0.08675324675324675
255-368,255,368,1.8864790091522994,7.124402176121055,4021836.49173086,2746484.5524783568|4021836.49173086,1,0,0,,,,Germany (Zollverein),,1,0,1,8,WE,0.06266666666666668,,,Lithuania,,1,0,1,8,EESU,0.10952380952380954
255-375,255,375,1.672627387193811,3.56990892592438,9230149.871007621,9230149.871007621|4709098.39241042,1,0,0,,,,Germany (Zollverein),,1,0,1,8,WE,0.06266666666666668,,,Finland,,1,0,1,8,EESU,0.07105263157894737
255-380,255,380,1.5926112670093637,2.9843467102408523,23330405.38596347,23330405.38596347|15190858.165533293,1,0,0,,,,Germany (Zollverein),,1,0,1,8,WE,0.06266666666666668,,,Sweden,,1,0,1,8,WE,0.06709677419354838
255-385,255,385,1.462768412324415,2.3035715173008904,11113453.564135637,5382870.400841361|11113453.564135637,1,0,0,,,,Germany (Zollverein),,1,0,1,8,WE,0.06266666666666668,,,Norway,,1,0,1,8,WE,0.0669767441860465
255-390,255,390,1.5770648894894201,2.8839684477509757,23703142.57522839,23703142.57522839|18375765.260088563,0.1,0.9,0.36000000000000004,,,,Germany (Zollverein),,1,0,1,8,WE,0.06266666666666668,,,Denmark,,1,0,2,8,WE,0.20404040404040397
255-395,255,395,0.8612853206670876,0.8635740733387403,241174.89841986456,241174.89841986456,0,1,0,,,,Germany (Zollverein),,1,0,1,8,WE,0.06266666666666668,,,Iceland,,1,0,0,8,EESU,0.04
255-40,40,255,0.5175645499015409,0.379625116066844,1589037.4910767637,1589037.4910767637|463529.8015810685,0,1,0,,,,Cuba,,3,3,3,3,LA,0.024242424242424242,,,Germany (Zollverein),,1,0,1,8,WE,0.06266666666666668
255-402,255,402,1.4464343493618306,2.2382402879878023,157070,332.5635103926097|157070,0,1,0,,,,Germany (Zollverein),,1,0,1,8,WE,0.06266666666666668,,,Cape Verde,,5,5,2,6,AS,0.05466666666666666
255-403,255,403,1.6439857949524543,3.8538907974747967,242909.93071593533,242909.93071593533,0.7,0.30000000000000004,0.8400000000000001,,,,Germany (Zollverein),,1,0,1,8,WE,0.06266666666666668,,,Sao Tome-Principe,,5,5,1,6,AS,0.45333333333333325
255-404,255,404,1.4869489894897994,2.7381936464811147,205857,94882.21709006929|205857,0.1,0.9,0.36000000000000004,,,,Germany (Zollverein),,1,0,1,8,WE,0.06266666666666668,,,Guinea-Bissau (Portuguese Guinea),,5,5,2,6,AS,0.36666666666666675
255-41,41,255,0.586121600094974,0.4893328359896555,140429.26134405285,140429.26134405285|78470.98721366734,0,1,0,,,,Haiti,,3,4,0,1,AS,0.027027027027027032,,,Germany (Zollverein),,1,0,1,8,WE,0.06266666666666668
255-42,42,255,0.6751793595589841,0.537542396788997,215795.2148375852,193638.361678644|215795.2148375852,0,1,0,,,,Dominican Republic (Santo Domingo),,3,3,3,1,AS,0.037209302325581395,,,Germany (Zollverein),,1,0,1,8,WE,0.06266666666666668
255-420,255,420,1.6148341689128003,3.605767787569331,257645.36626083084,235468|257645.36626083084,0,1,0,,,,Germany (Zollverein),,1,0,1,8,WE,0.06266666666666668,,,Gambia,,5,0,3,1,AS,0
255-430,255,430,1.2098689956550426,1.6269404503599045,1105178.3669881062,358023.87916235725|1105178.3669881062,0,1,0,,,,Germany (Zollverein),,1,0,1,8,WE,0.06266666666666668,,,French West Africa,,5,0,0,1,AS,0
255-450,255,450,1.446275755541153,2.2376763481487196,78470.98721366734,78470.98721366734,0,1,0,,,,Germany (Zollverein),,1,0,1,8,WE,0.06266666666666668,,,Liberia,,5,0,2,9,AF,0
255-451,255,451,1.667643870803913,4.073404435753667,448089,448089,0,1,0,,,,Germany (Zollverein),,1,0,1,8,WE,0.06266666666666668,,,Sierra Leone,,5,0,2,5,AF,0.04761904761904761
255-452,255,452,1.364423253241084,2.1605579651445046,2076556,2076556|389146.87869607745,1,0,0,,,,Germany (Zollverein),,1,0,1,8,WE,0.06266666666666668,,,Ghana (Gold Coast),,5,0,1,1,AS,0.05499999999999999
255-461,255,461,1.1325446319077774,1.4163694265437405,63729.2634978543,63729.2634978543,0,1,0,,,,Germany (Zollverein),,1,0,1,8,WE,0.06266666666666668,,,Togo (French Togoland),,5,0,0,1,AS,0
255-471,255,471,1.5781486403923757,3.324809277274273,322679.8151790091,322679.8151790091|138901,0,1,0,,,,Germany (Zollverein),,1,0,1,8,WE,0.06266666666666668,,,Cameroun (French Cameroon),,0,5,0,1,AS,0
255-472,255,472,1.9926260245093879,11.576312305490598,277000,277000|3326,1,0,0,,,,Germany (Zollverein),,1,0,1,8,WE,0.06266666666666668,,,British Cameroons,,2,0,1,1,AS,0
255-475,255,475,1.4053004437761762,2.332769689761172,3417892,3417892|809825.4551967917,0,1,0,,,,Germany (Zollverein),,1,0,1,8,WE,0.06266666666666668,,,Nigeria,,5,0,2,3,AS,0.02918918918918919
255-480,255,480,1.5864272181316859,3.3854746465643433,282344.838281633,282344.838281633,0,1,0,,,,Germany (Zollverein),,1,0,1,8,WE,0.06266666666666668,,,French Equatorial Africa,,5,5,0,1,AF,0.048
255-490,255,490,1.28705076487381,1.6677594431452403,382546.0626666283,77471.83869519115|382546.0626666283,0,1,0,,,,Germany (Zollverein),,1,0,1,8,WE,0.06266666666666668,,,Democratic Republic of the Congo (Zaire) (Kinshasa) (Belgian Congo) (Congo Free State),,5,5,0,6,AS,0.09619047619047619
255-501,255,501,0.612025425083325,0.468442849363905,411972.6828717535,411972.6828717535,0,1,0,,,,Germany (Zollverein),,1,0,1,8,WE,0.06266666666666668,,,Kenya (British East Africa Protectorate),,4,5,2,3,AS,0.042499999999999996
255-51,51,255,1.1316833308659098,1.413918986563173,540327,540327|34191,0,1,0,,,,Jamaica,,3,4,3,1,AS,0.011034482758620692,,,Germany (Zollverein),,1,0,1,8,WE,0.06266666666666668
255-511,255,511,0.2368255638804595,0.16302964243336804,22946.399284329804,22946.399284329804,0,1,0,,,,Germany (Zollverein),,1,0,1,8,WE,0.06266666666666668,,,Zanzibar,,4,5,2,8,WE,0.2688888888888889
255-512,255,512,0.7617989926772312,0.7120915337843614,218387,218387,0,1,0,,,,Germany (Zollverein),,1,0,1,8,WE,0.06266666666666668,,,Tanzania (Tanganyika),,4,5,2,1,AF,0.46142857142857163
255-52,52,255,0.4987655043879744,0.3955150089070125,195028,195028|36709,0,1,0,,,,Trinidad and Tobago,,3,4,3,1,AS,0.02684931506849315,,,Germany (Zollverein),,1,0,1,8,WE,0.06266666666666668
255-53,53,255,0.20638514049681755,0.12675198394595322,24098,151|24098,0,1,0,,,,Barbados,,3,4,3,1,AS,0.01777777777777778,,,Germany (Zollverein),,1,0,1,8,WE,0.06266666666666668
255-530,255,530,1.517652886441543,2.5734239208561265,44139.93030768788,44139.93030768788,0.1,0.9,0.36000000000000004,,,,Germany (Zollverein),,1,0,1,8,WE,0.06266666666666668,,,Ethiopia (Abyssinia),,1,2,2,3,AS,0.4693333333333334
255-540,255,540,1.1514088093717822,1.4650130684352731,316030.71431815694,316030.71431815694,0.1,0.9,0.36000000000000004,,,,Germany (Zollverein),,1,0,1,8,WE,0.06266666666666668,,,Angola,,5,5,0,6,AS,0.2853333333333333
255-541,255,541,0.9689801259961558,1.0545050651980432,613054.587606776,220983.11111111112|613054.587606776,0,1,0,,,,Germany (Zollverein),,1,0,1,8,WE,0.06266666666666668,,,Mozambique (Portuguese East Africa),,5,5,2,6,AS,0.06285714285714285
255-551,255,551,0.8800718023093024,0.8946094448575473,65222,65222,0,1,0,,,,Germany (Zollverein),,1,0,1,8,WE,0.06266666666666668,,,Zambia (Northern Rhodesia),,5,5,2,6,AF,0.01894736842105263
255-552,255,552,0.03666711365966335,0.022958632270524415,12501,12501,0,1,0,,,,Germany (Zollverein),,1,0,1,8,WE,0.06266666666666668,,,Zimbabwe (Rhodesia) (Southern Rhodesia),,5,5,2,3,AS,0.010909090909090906
255-560,255,560,0.78431239895642,0.6817755617312008,4698450.359418332,4310207|4698450.359418332,0,1,0,,,,Germany (Zollverein),,1,0,1,8,WE,0.06266666666666668,,,South Africa,,5,5,2,3,AS,0.05199999999999999
255-565,255,565,1.3176063169103454,1.7603967068726356,441399.3030768788,441399.3030768788,0,1,0,,,,Germany (Zollverein),,1,0,1,8,WE,0.06266666666666668,,,Namibia (South West Africa) (German South West Africa),,5,5,2,6,AF,0
255-580,255,580,0.5823922675673605,0.43795019203897034,171655.2845298973,171655.2845298973|88736.94917422751,0,1,0,,,,Germany (Zollverein),,1,0,1,8,WE,0.06266666666666668,,,Madagascar (Malagasy Republic),,0,0,0,5,AF,0.020000000000000004
255-591,255,591,0.8934759785181301,0.9173297563906673,12279.480698701747,12279.480698701747,0,1,0,,,,Germany (Zollverein),,1,0,1,8,WE,0.06266666666666668,,,Seychelles,,4,0,2,3,AS,0.05499999999999999
255-600,255,600,1.154407590516562,1.472374900352108,1157226.443702582,362928.31586321146|1157226.443702582,0,1,0,,,,Germany (Zollverein),,1,0,1,8,WE,0.06266666666666668,,,Morocco,,0,0,0,3,AS,0.046486486486486484
255-601,255,601,0.20235963183959405,0.1369013494739305,2622.192982089182,2622.192982089182,0,1,0,,,,Germany (Zollverein),,1,0,1,8,WE,0.06266666666666668,,,Tangier,,0,0,0,5,AF,0.045
255-615,255,615,0.28339864579815555,0.20068951887853248,691525.5748204434,691525.5748204434|522628.36265468213,0,1,0,,,,Germany (Zollverein),,1,0,1,8,WE,0.06266666666666668,,,Algeria (Regency of Algiers),,0,0,0,3,AS,0.029425287356321838
255-616,255,616,0.46438213369205394,0.36133346164224833,340152.92717095243,132419.79092306364|340152.92717095243,0,1,0,,,,Germany (Zollverein),,1,0,1,8,WE,0.06266666666666668,,,Tunisia (Regency of Tunis),,0,0,0,3,LA,0.06918918918918919
255-625,255,625,0.37744042320955795,0.27975249709131644,154986.33878958225,154986.33878958225,0,1,0,,,,Germany (Zollverein),,1,0,1,8,WE,0.06266666666666668,,,Sudan (Anglo-Egyptian Sudan) (Mahdist State),,4,2,2,3,AS,0.12
255-630,255,630,0.9229684485559837,0.9693221970750168,1106633.3718480528,1106633.3718480528|833754.2391452155,1,0,0,,,,Germany (Zollverein),,1,0,1,8,WE,0.06266666666666668,,,Iran (Persia),,1,6,1,3,AS,0.07904761904761903
255-640,255,640,1.2182755846145579,1.6219666574115912,3555716.6081193015,2042555.0976100327|3555716.6081193015,1,0,0,,,,Germany (Zollverein),,1,0,1,8,WE,0.06266666666666668,,,Turkey (Ottoman Empire),,1,0,1,3,AS,0.08153846153846155
255-651,255,651,0.7472714634214255,0.6797455170751352,4065778.025008139,3105311.3424054324|4065778.025008139,0.7,0.30000000000000004,0.8400000000000001,,,,Germany (Zollverein),,1,0,1,8,WE,0.06266666666666668,,,Egypt Arab Republic (Egypt),,1,0,1,3,AS,0.3750588235294118
255-652,255,652,1.2355370318954935,1.7053456858563552,121004.93069212842,121004.93069212842,0.7,0.30000000000000004,0.8400000000000001,,,,Germany (Zollverein),,1,0,1,8,WE,0.06266666666666668,,,Syria,,1,0,1,4,ME,0.5333333333333332
255-665,255,665,1.5588543570355746,2.79758104399112,573819.0939999424,573819.0939999424|117000,0.9,0.09999999999999998,0.35999999999999993,,,,Germany (Zollverein),,1,0,1,8,WE,0.06266666666666668,,,Palestine,,1,0,1,4,ME,0.22375
255-681,255,681,0.11532906837076651,0.07485256252289674,21161.374432213484,21161.374432213484,0,1,0,,,,Germany (Zollverein),,1,0,1,8,WE,0.06266666666666668,,,Aden,,4,2,2,3,AS,0.4050000000000002
255-70,70,255,0.8886846463804966,0.9109184640882072,4452282.026586937,4452282.026586937|2893617.6535039833,0,1,0,,,,Mexico,,3,4,3,3,LA,0.020253164556962026,,,Germany (Zollverein),,1,0,1,8,WE,0.06266666666666668
255-710,255,710,0.8181718766411569,0.7337996912806601,9078112.33328114,2700642.758536625|9078112.33328114,0,1,0,,,,Germany (Zollverein),,1,0,1,8,WE,0.06266666666666668,,,People's Republic of China (China),,4,1,4,3,AS,0.0496
255-713,255,713,0.006966595811227383,0.004300996810375768,1124.3874802314044,1124.3874802314044,0,1,0,,,,Germany (Zollverein),,1,0,1,8,WE,0.06266666666666668,,,Republic of China (Taiwan) (Formosa),,4,1,4,2,ME,0.04
255-740,255,740,0.7758406072685475,0.6877907756696969,12006061.043691102,1276578.0679888087|12006061.043691102,0,1,0,,,,Germany (Zollverein),,1,0,1,8,WE,0.06266666666666668,,,Japan,,4,1,4,3,AS,0.26739726027397276
255-750,255,750,0.9564808966476455,1.0338708481244254,19837079.30556333,10809378.488682676|19837079.30556333,0,1,0,,,,Germany (Zollverein),,1,0,1,8,WE,0.06266666666666668,,,India,,4,0,2,1,AS,0.05248
255-751,255,751,1.958548095278514,8.150223348952135,505156.9801879835,505156.9801879835,1,0,0,,,,Germany (Zollverein),,1,0,1,8,WE,0.06266666666666668,,,French India,,1,0,1,3,AS,0
255-780,255,780,0.6531989249899741,0.569781842698847,1316288.7507671292,1316288.7507671292|456112.6131794414,0,1,0,,,,Germany (Zollverein),,1,0,1,8,WE,0.06266666666666668,,,Sri Lanka (Ceylon),,4,0,2,1,AS,0.03645569620253165
255-80,80,255,0.25060636258336144,0.1572806165135363,23717,23717,0,1,0,,,,Belize (British Honduras),,3,0,3,5,AF,0.03555555555555556,,,Germany (Zollverein),,1,0,1,8,WE,0.06266666666666668
255-800,255,800,0.9060506643680863,0.8455433822517019,725856.6317264229,234019.7363664397|725856.6317264229,0,1,0,,,,Germany (Zollverein),,1,0,1,8,WE,0.06266666666666668,,,Thailand (Siam),,4,1,4,3,AS,0.03461538461538461
255-810,255,810,0.07338362767168471,0.046852461881555896,80669.95379475228,80669.95379475228,0,1,0,,,,Germany (Zollverein),,1,0,1,8,WE,0.06266666666666668,,,French Indochina,,4,1,4,3,AS,0.06428571428571428
255-840,255,840,0.5050438746206445,0.3658876085872277,1020122.8337776754,730617.6231259863|1020122.8337776754,0,1,0,,,,Germany (Zollverein),,1,0,1,8,WE,0.06266666666666668,,,Philippines,,4,1,3,3,AS,0.024
255-850,255,850,1.1547422443306887,1.3356471307588733,9195818.814101642,3095027.2882606825|9195818.814101642,0,1,0,,,,Germany (Zollverein),,1,0,1,8,WE,0.06266666666666668,,,Indonesia (Dutch East Indies),,4,5,4,6,AS,0.08693333333333332
255-860,255,860,0.33224608887760987,0.24016416264059803,2836.027713625866,2836.027713625866,1,0,0,,,,Germany (Zollverein),,1,0,1,8,WE,0.06266666666666668,,,East Timor (Portuguese Timor),,5,5,1,6,AS,0.12695652173913044
255-90,90,255,1.7324123613088735,4.776746406002927,2039978.5291579335,2039978.5291579335|632672.3344101929,0.8,0.19999999999999996,0.6399999999999999,,,,Guatemala,,3,0,1,5,WE,0.48756756756756775,,,Germany (Zollverein),,1,0,1,8,WE,0.06266666666666668
255-900,255,900,0.6784914603988468,0.6063779714842517,6246960,4149153.4489226607|6246960,0,1,0,,,,Germany (Zollverein),,1,0,1,8,WE,0.06266666666666668,,,Australia,,2,0,2,1,AS,0.05283018867924528
255-91,91,255,1.1414182145911733,1.4387932205019014,606825.7030055644,606825.7030055644|112802.0441196468,0,1,0,,,,Honduras,,3,4,3,5,WE,0.025600000000000005,,,Germany (Zollverein),,1,0,1,8,WE,0.06266666666666668
255-912,255,912,0.05364520071800283,0.030657009342309638,1246,1246,0,1,0,,,,Germany (Zollverein),,1,0,1,8,WE,0.06266666666666668,,,New Guinea (German New Guinea) (Kaiser Wilhelmsland),,2,0,2,8,WE,0
255-92,92,255,1.668783103317122,4.081496485163345,1177535.7587649054,250126.27174356463|1177535.7587649054,1,0,0,,,,El Salvador,,3,0,1,5,WE,0.061111111111111116,,,Germany (Zollverein),,1,0,1,8,WE,0.06266666666666668
255-920,255,920,0.3568053249126859,0.2634260686131137,1220552,1220552|588532.4041025051,0,1,0,,,,Germany (Zollverein),,1,0,1,8,WE,0.06266666666666668,,,New Zealand,,2,0,2,1,AS,0.05431578947368421
255-93,93,255,1.1471656421721783,1.4539226687187947,266192.1153951794,266192.1153951794|156941.97442733467,0,1,0,,,,Nicaragua,,3,0,3,5,WE,0.020645161290322584,,,Germany (Zollverein),,1,0,1,8,WE,0.06266666666666668
255-94,94,255,1.239226887867018,1.5296617175190415,465921.48658114986,407546.09108076757|465921.48658114986,0,1,0,,,,Costa Rica,,3,0,2,5,WE,0.01894736842105263,,,Germany (Zollverein),,1,0,1,8,WE,0.06266666666666668
255-95,95,255,0.2797169966008851,0.17833296473774474,196177.46803416836,196177.46803416836,0,1,0,,,,Panama,,3,0,3,1,AS,0.021333333333333336,,,Germany (Zollverein),,1,0,1,8,WE,0.06266666666666668
255-950,255,950,0.4149485721481905,0.313686631670279,42781,42781,0,1,0,,,,Germany (Zollverein),,1,0,1,8,WE,0.06266666666666668,,,Fiji,,2,8,2,3,LA,0.0672
255-970,255,970,0.11949763257165802,0.07038224544833394,715,715,0,1,0,,,,Germany (Zollverein),,1,0,1,8,WE,0.06266666666666668,,,Nauru,,2,0,2,8,WE,0
255-990,255,990,1.1805981285600966,1.377826740122752,22560.408823929363,8651|22560.408823929363,0,1,0,,,,Germany (Zollverein),,1,0,1,8,WE,0.06266666666666668,,,Samoa (Western Samoa) (German Samoa),,2,7,2,1,WE,0
256-305,256,305,1.114223013648092,1.2543642337613607,88072.3896567079,88072.3896567079,1,0,0,,,,Saar,,1,0,1,8,WE,0,,,Austria,,1,0,1,8,WE,0.08444444444444446
256-315,256,315,0.5721519841969727,0.4052969943810041,51438.342146537834,51438.342146537834,1,0,0,,,,Saar,,1,0,1,8,WE,0,,,Czechoslovakia,,1,0,1,8,EESU,0.08153846153846155
290-305,290,305,1.82582743135672,8.796870191830088,6794120.199889041,3063315.7389601124|6794120.199889041,1,0,0,,,,Poland,,1,0,1,3,AS,0.07673469387755102,,,Austria,,1,0,1,8,WE,0.08444444444444446
290-31,31,290,0.39806875601982417,0.2522857783625474,402,402,0,1,0,,,,Bahamas,,3,4,3,1,AS,0.02909090909090909,,,Poland,,1,0,1,3,AS,0.07673469387755102
290-310,290,310,1.651651901705193,4.527917502012524,1308549.6531419747,625943.0783734223|1308549.6531419747,1,0,0,,,,Poland,,1,0,1,3,AS,0.07673469387755102,,,Hungary,,1,0,1,8,WE,0.09393258426966293
290-315,290,315,1.8357237939053759,9.383383047247182,6830293.965341403,5410667.567243798|6830293.965341403,1,0,0,,,,Poland,,1,0,1,3,AS,0.07673469387755102,,,Czechoslovakia,,1,0,1,8,EESU,0.08153846153846155
290-325,290,325,0.8532995947671229,0.7574860694036197,925670.2886630774,925670.2886630774|847821,0.9,0.09999999999999998,0.35999999999999993,,,,Poland,,1,0,1,3,AS,0.07673469387755102,,,Italy,,1,0,1,4,WE,0.19471698113207533
290-345,290,345,1.2233936562290089,1.5797645605656325,327792.31740526087,327792.31740526087,1,0,0,,,,Poland,,1,0,1,3,AS,0.07673469387755102,,,"Yugoslavia (Kingdom of Serbs, Croats and Slovenes)",,1,0,1,3,NAM,0.0931578947368421
290-350,290,350,1.1119244144179696,1.2610421517367665,142180.87646963238,142180.87646963238,1,0,0,,,,Poland,,1,0,1,3,AS,0.07673469387755102,,,Greece,,1,0,1,3,AS,0.11567567567567569
290-352,290,352,0.3603897152529446,0.2232420844462012,2551,2551,0.7,0.30000000000000004,0.8400000000000001,,,,Poland,,1,0,1,3,AS,0.07673469387755102,,,Cyprus,,1,0,1,3,AS,0.3379310344827586
290-355,290,355,1.8565122775102108,11.836513353536734,803963.8138140365,803963.8138140365,1,0,0,,,,Poland,,1,0,1,3,AS,0.07673469387755102,,,Bulgaria,,1,0,1,3,AS,0.10952380952380951
290-360,290,360,1.7685263887919618,7.112002189830557,1850758.462056778,1850758.462056778|1498317.8261428662,1,0,0,,,,Poland,,1,0,1,3,AS,0.07673469387755102,,,Romania,,1,0,1,3,AS,0.08095238095238096
290-365,290,365,1.4795785025325008,2.8046039719775333,2384753.963351863,2384753.963351863|1869208.4347038358,1,0,0,,,,Poland,,1,0,1,3,AS,0.07673469387755102,,,Russia (USSR),,1,6,1,2,EESU,0.06482758620689656
290-366,290,366,1.3956012983447499,2.30622203395771,108025.37219725364,108025.37219725364,1,0,0,,,,Poland,,1,0,1,3,AS,0.07673469387755102,,,Estonia,,1,0,1,8,EESU,0.06666666666666665
290-367,290,367,1.9176034465057317,18.724112591609327,1962812.952063041,149684.18415461318|1962812.952063041,1,0,0,,,,Poland,,1,0,1,3,AS,0.07673469387755102,,,Latvia,,1,0,1,8,EESU,0.08675324675324675
290-368,290,368,0.03358517819335016,0.017387773648416593,853,853,1,0,0,,,,Poland,,1,0,1,3,AS,0.07673469387755102,,,Lithuania,,1,0,1,8,EESU,0.10952380952380954
290-375,290,375,0.1591239600790222,0.08828470119896625,20942.20498789127,20942.20498789127,1,0,0,,,,Poland,,1,0,1,3,AS,0.07673469387755102,,,Finland,,1,0,1,8,EESU,0.07105263157894737
290-380,290,380,1.561740929185068,3.431979177982334,2473787.5624650284,2473787.5624650284|950736.6656187782,1,0,0,,,,Poland,,1,0,1,3,AS,0.07673469387755102,,,Sweden,,1,0,1,8,WE,0.06709677419354838
290-385,290,385,1.0945201196585321,1.216977777467378,352945,352945,1,0,0,,,,Poland,,1,0,1,3,AS,0.07673469387755102,,,Norway,,1,0,1,8,WE,0.0669767441860465
290-390,290,390,1.554831629092082,3.3582178103699096,2544890.107178277,2544890.107178277|186909.32247966356,0.1,0.9,0.36000000000000004,,,,Poland,,1,0,1,3,AS,0.07673469387755102,,,Denmark,,1,0,2,8,WE,0.20404040404040397
290-452,290,452,0.12422606505230405,0.06744239051635648,5633,5633,1,0,0,,,,Poland,,1,0,1,3,AS,0.07673469387755102,,,Ghana (Gold Coast),,5,0,1,1,AS,0.05499999999999999
290-560,290,560,0.0004905354892189573,0.0002529798478423384,156,156,0,1,0,,,,Poland,,1,0,1,3,AS,0.07673469387755102,,,South Africa,,5,5,2,3,AS,0.05199999999999999
290-615,290,615,0.6044844019285405,0.44041003327840156,99667.72791341644,99667.72791341644,0,1,0,,,,Poland,,1,0,1,3,AS,0.07673469387755102,,,Algeria (Regency of Algiers),,0,0,0,3,AS,0.029425287356321838
290-616,290,616,0.0454074338710867,0.023666168291765155,1936.0788910740548,1936.0788910740548,0,1,0,,,,Poland,,1,0,1,3,AS,0.07673469387755102,,,Tunisia (Regency of Tunis),,0,0,0,3,LA,0.06918918918918919
290-630,290,630,0.011432001789857593,0.005859708026369259,581.3539827053181,581.3539827053181,1,0,0,,,,Poland,,1,0,1,3,AS,0.07673469387755102,,,Iran (Persia),,1,6,1,3,AS,0.07904761904761903
290-640,290,640,0.6922005900288057,0.5368517021899337,58751,58751,1,0,0,,,,Poland,,1,0,1,3,AS,0.07673469387755102,,,Turkey (Ottoman Empire),,1,0,1,3,AS,0.08153846153846155
290-651,290,651,0.7433027807706523,0.6011170024734804,238642,238642,0.7,0.30000000000000004,0.8400000000000001,,,,Poland,,1,0,1,3,AS,0.07673469387755102,,,Egypt Arab Republic (Egypt),,1,0,1,3,AS,0.3750588235294118
290-665,290,665,0.6506337583167803,0.4887408045833297,5000,5000,0.9,0.09999999999999998,0.35999999999999993,,,,Poland,,1,0,1,3,AS,0.07673469387755102,,,Palestine,,1,0,1,4,ME,0.22375
290-70,70,290,0.0008330589273100042,0.0004278535360926483,181.73030587748687,181.73030587748687,0,1,0,,,,Mexico,,3,4,3,3,LA,0.020253164556962026,,,Poland,,1,0,1,3,AS,0.07673469387755102
290-710,290,710,0.48244998517363535,0.33068754877778594,377207.76071772375,9.019097630302818|377207.76071772375,0,1,0,,,,Poland,,1,0,1,3,AS,0.07673469387755102,,,People's Republic of China (China),,4,1,4,3,AS,0.0496
290-740,290,740,0.3426959781048591,0.22001118806213604,354106.35027587065,1234.2343361486326|354106.35027587065,0,1,0,,,,Poland,,1,0,1,3,AS,0.07673469387755102,,,Japan,,4,1,4,3,AS,0.26739726027397276
290-750,290,750,0.07839796104118435,0.04390455134568583,69926.72442129797,69926.72442129797|59328,0,1,0,,,,Poland,,1,0,1,3,AS,0.07673469387755102,,,India,,4,0,2,1,AS,0.05248
290-780,290,780,0.18762219565436233,0.10563308348793488,21206.626726649858,21206.626726649858,0,1,0,,,,Poland,,1,0,1,3,AS,0.07673469387755102,,,Sri Lanka (Ceylon),,4,0,2,1,AS,0.03645569620253165
290-850,290,850,0.035764504816932274,0.01886407376908783,15963,15963,0,1,0,,,,Poland,,1,0,1,3,AS,0.07673469387755102,,,Indonesia (Dutch East Indies),,4,5,4,6,AS,0.08693333333333332
290-900,290,900,0.0061085898017659845,0.0032171049821043685,3642.7373750626707,30|3642.7373750626707,0,1,0,,,,Poland,,1,0,1,3,AS,0.07673469387755102,,,Australia,,2,0,2,1,AS,0.05283018867924528
290-920,290,920,0.000058078513361259354,0.00002980263331342492,12,12,0,1,0,,,,Poland,,1,0,1,3,AS,0.07673469387755102,,,New Zealand,,2,0,2,1,AS,0.05431578947368421
290-94,94,290,0.00022368941565686917,0.00011383782520302255,3.0884362096101725,3.0884362096101725,0,1,0,,,,Costa Rica,,3,0,2,5,WE,0.01894736842105263,,,Poland,,1,0,1,3,AS,0.07673469387755102
291-305,291,305,0.5760964087362856,0.40753001314746595,40317.06828517717,40317.06828517717,1,0,0,,,,Danzig (Free City of Danzig),,1,0,1,3,AS,0.05647058823529412,,,Austria,,1,0,1,8,WE,0.08444444444444446
291-310,291,310,0.8541806896531502,0.7471787631147231,43019.52854216737,43019.52854216737,1,0,0,,,,Danzig (Free City of Danzig),,1,0,1,3,AS,0.05647058823529412,,,Hungary,,1,0,1,8,WE,0.09393258426966293
291-315,291,315,0.739692698123813,0.5918920583517832,105844.74977001452,105844.74977001452,1,0,0,,,,Danzig (Free City of Danzig),,1,0,1,3,AS,0.05647058823529412,,,Czechoslovakia,,1,0,1,8,EESU,0.08153846153846155
291-325,291,325,1.3979613568306621,2.24606656978359,551636,551636,0.9,0.09999999999999998,0.35999999999999993,,,,Danzig (Free City of Danzig),,1,0,1,3,AS,0.05647058823529412,,,Italy,,1,0,1,4,WE,0.19471698113207533
291-345,291,345,0.008108705527353544,0.004097527805586809,186.56439778201946,186.56439778201946,1,0,0,,,,Danzig (Free City of Danzig),,1,0,1,3,AS,0.05647058823529412,,,"Yugoslavia (Kingdom of Serbs, Croats and Slovenes)",,1,0,1,3,NAM,0.0931578947368421
291-366,291,366,0.6112870134758515,0.44101212657041955,4532.894833377547,4532.894833377547,1,0,0,,,,Danzig (Free City of Danzig),,1,0,1,3,AS,0.05647058823529412,,,Estonia,,1,0,1,8,EESU,0.06666666666666665
291-367,291,367,0.5995533951147772,0.4291065132944809,7401.043586507199,7401.043586507199,1,0,0,,,,Danzig (Free City of Danzig),,1,0,1,3,AS,0.05647058823529412,,,Latvia,,1,0,1,8,EESU,0.08675324675324675
291-368,291,368,0.097783917779669,0.051556980260496044,555,555,1,0,0,,,,Danzig (Free City of Danzig),,1,0,1,3,AS,0.05647058823529412,,,Lithuania,,1,0,1,8,EESU,0.10952380952380954
291-375,291,375,0.4230935548673852,0.26975353309172556,14041.21062001038,14041.21062001038,1,0,0,,,,Danzig (Free City of Danzig),,1,0,1,3,AS,0.05647058823529412,,,Finland,,1,0,1,8,EESU,0.07105263157894737
291-380,291,380,0.8835790809232553,0.7946367403532796,125648.11904013414,125648.11904013414,1,0,0,,,,Danzig (Free City of Danzig),,1,0,1,3,AS,0.05647058823529412,,,Sweden,,1,0,1,8,WE,0.06709677419354838
291-385,291,385,1.5729489506390981,3.608529495160056,229644,229644,1,0,0,,,,Danzig (Free City of Danzig),,1,0,1,3,AS,0.05647058823529412,,,Norway,,1,0,1,8,WE,0.0669767441860465
291-390,291,390,1.9980541851866147,74.09173200709684,2466544,608187.4498372396|2466544,0.1,0.9,0.36000000000000004,,,,Danzig (Free City of Danzig),,1,0,1,3,AS,0.05647058823529412,,,Denmark,,1,0,2,8,WE,0.20404040404040397
291-395,291,395,1.980368226617081,94.14935974950815,78345,78345,0,1,0,,,,Danzig (Free City of Danzig),,1,0,1,3,AS,0.05647058823529412,,,Iceland,,1,0,0,8,EESU,0.04
291-511,291,511,0.18831005169272297,0.10415867997804074,279.55867004622036,279.55867004622036,0,1,0,,,,Danzig (Free City of Danzig),,1,0,1,3,AS,0.05647058823529412,,,Zanzibar,,4,5,2,8,WE,0.2688888888888889
291-600,291,600,1.4667314716648132,2.73833157778148,21580,21580,0,1,0,,,,Danzig (Free City of Danzig),,1,0,1,3,AS,0.05647058823529412,,,Morocco,,0,0,0,3,AS,0.046486486486486484
291-615,291,615,0.9450381104882261,0.9009423010510956,16711,16711,0,1,0,,,,Danzig (Free City of Danzig),,1,0,1,3,AS,0.05647058823529412,,,Algeria (Regency of Algiers),,0,0,0,3,AS,0.029425287356321838
291-616,291,616,1.1286996164742673,1.2968804385731754,6227,6227,0,1,0,,,,Danzig (Free City of Danzig),,1,0,1,3,AS,0.05647058823529412,,,Tunisia (Regency of Tunis),,0,0,0,3,LA,0.06918918918918919
291-640,291,640,1.2292644095954994,1.5918328736728733,38226,38226,1,0,0,,,,Danzig (Free City of Danzig),,1,0,1,3,AS,0.05647058823529412,,,Turkey (Ottoman Empire),,1,0,1,3,AS,0.08153846153846155
291-651,291,651,1.2847347734822707,1.7824100345266314,155273,155273,0.7,0.30000000000000004,0.8400000000000001,,,,Danzig (Free City of Danzig),,1,0,1,3,AS,0.05647058823529412,,,Egypt Arab Republic (Egypt),,1,0,1,3,AS,0.3750588235294118
291-70,70,291,0.03660391873891855,0.018851816041128067,1757.057129955844,1757.057129955844,0,1,0,,,,Mexico,,3,4,3,3,LA,0.020253164556962026,,,Danzig (Free City of Danzig),,1,0,1,3,AS,0.05647058823529412
291-710,291,710,0.0159194568773251,0.008196841008447309,1591.6903497958415,1591.6903497958415,0,1,0,,,,Danzig (Free City of Danzig),,1,0,1,3,AS,0.05647058823529412,,,People's Republic of China (China),,4,1,4,3,AS,0.0496
291-750,291,750,0.980674011267926,0.9994258920417215,69926.72442129797,69926.72442129797|38602,0,1,0,,,,Danzig (Free City of Danzig),,1,0,1,3,AS,0.05647058823529412,,,India,,4,0,2,1,AS,0.05248
291-850,291,850,0.10399637462885325,0.05593309267516555,10386,10386,0,1,0,,,,Danzig (Free City of Danzig),,1,0,1,3,AS,0.05647058823529412,,,Indonesia (Dutch East Indies),,4,5,4,6,AS,0.08693333333333332
291-900,291,900,0.09342676335718669,0.05002767392667329,9828,9828,0,1,0,,,,Danzig (Free City of Danzig),,1,0,1,3,AS,0.05647058823529412,,,Australia,,2,0,2,1,AS,0.05283018867924528
291-92,92,291,0.6832718953646418,0.5196687844917831,2858.978148301104,2858.978148301104,1,0,0,,,,El Salvador,,3,0,1,5,WE,0.061111111111111116,,,Danzig (Free City of Danzig),,1,0,1,3,AS,0.05647058823529412
3-325,3,325,0.271491011141588,0.1603670913098748,333,333,0,1,0,,,,Alaska,,3,4,3,8,WE,0,,,Italy,,1,0,1,4,WE,0.19471698113207533
3-385,3,385,0.00736011376822443,0.003717116285064548,2,2,0,1,0,,,,Alaska,,3,4,3,8,WE,0,,,Norway,,1,0,1,8,WE,0.0669767441860465
3-920,3,920,0.010559662163037276,0.005354684936500487,4,4,0,1,0,,,,Alaska,,3,4,3,8,WE,0,,,New Zealand,,2,0,2,1,AS,0.05431578947368421
30-305,30,305,0.022579774048975376,0.011534746272800378,225,225,0,1,0,,,,Bermuda,,3,4,3,3,AS,0,,,Austria,,1,0,1,8,WE,0.08444444444444446
30-31,30,31,1.0529079287948946,1.1116586157051827,144,37|144,1,0,0,,,,Bermuda,,3,4,3,3,AS,0,,,Bahamas,,3,4,3,1,AS,0.02909090909090909
30-338,30,338,1.3674353321775343,2.1609083868610672,153,153,0,1,0,,,,Bermuda,,3,4,3,3,AS,0,,,Malta,,1,0,2,3,AS,0.008999999999999998
30-40,30,40,0.056384362489718565,0.029270823290980963,513.3154320611907,513.3154320611907,1,0,0,,,,Bermuda,,3,4,3,3,AS,0,,,Cuba,,3,3,3,3,LA,0.024242424242424242
30-42,30,42,0.2114096436463313,0.1183150480710663,181,181,1,0,0,,,,Bermuda,,3,4,3,3,AS,0,,,Dominican Republic (Santo Domingo),,3,3,3,1,AS,0.037209302325581395
30-51,30,51,1.5861547107596288,3.8215948751221727,5491,5491|151,1,0,0,,,,Bermuda,,3,4,3,3,AS,0,,,Jamaica,,3,4,3,1,AS,0.011034482758620692
30-52,30,52,1.8713490853926051,14.305321337264234,26522,26522|162,1,0,0,,,,Bermuda,,3,4,3,3,AS,0,,,Trinidad and Tobago,,3,4,3,1,AS,0.02684931506849315
30-53,30,53,1.4119579901008872,2.399585313126071,761,761|106,1,0,0,,,,Bermuda,,3,4,3,3,AS,0,,,Barbados,,3,4,3,1,AS,0.01777777777777778
30-560,30,560,0,,0,0,0,1,0,,,,Bermuda,,3,4,3,3,AS,0,,,South Africa,,5,5,2,3,AS,0.05199999999999999
30-615,30,615,0,,0,0,0,1,0,,,,Bermuda,,3,4,3,3,AS,0,,,Algeria (Regency of Algiers),,0,0,0,3,AS,0.029425287356321838
30-651,30,651,0.015618611592063902,0.007941632396092801,136.40906513016378,136.40906513016378,0,1,0,,,,Bermuda,,3,4,3,3,AS,0,,,Egypt Arab Republic (Egypt),,1,0,1,3,AS,0.3750588235294118
30-750,30,750,0.0028828811578613944,0.0014984208968640278,108.09856166843831,108.09856166843831,0,1,0,,,,Bermuda,,3,4,3,3,AS,0,,,India,,4,0,2,1,AS,0.05248
30-780,30,780,0.038659138027128837,0.019802099027538156,172,172,0,1,0,,,,Bermuda,,3,4,3,3,AS,0,,,Sri Lanka (Ceylon),,4,0,2,1,AS,0.03645569620253165
30-840,30,840,0.00037821484973910025,0.00019021509560224192,2,2,1,0,0,,,,Bermuda,,3,4,3,3,AS,0,,,Philippines,,4,1,3,3,AS,0.024
30-900,30,900,0.08771301529789932,0.046753969210882707,1811,1811,0,1,0,,,,Bermuda,,3,4,3,3,AS,0,,,Australia,,2,0,2,1,AS,0.05283018867924528
30-920,30,920,0.0000015539238045203518,7.841109226358611e-7,0.013659968390155791,0.013659968390155791,0,1,0,,,,Bermuda,,3,4,3,3,AS,0,,,New Zealand,,2,0,2,1,AS,0.05431578947368421
305-31,31,305,0.027878389038895057,0.01428698940925488,745,745,0,1,0,,,,Bahamas,,3,4,3,1,AS,0.02909090909090909,,,Austria,,1,0,1,8,WE,0.08444444444444446
305-310,305,310,1.9516968406454747,24.52047337903663,11329323.031724438,4759555.811457871|11329323.031724438,1,0,0,,,,Austria,,1,0,1,8,WE,0.08444444444444446,,,Hungary,,1,0,1,8,WE,0.09393258426966293
305-315,305,315,1.9030680344252158,13.055466434179252,18734977.8035652,8527711.151242765|18734977.8035652,1,0,0,,,,Austria,,1,0,1,8,WE,0.08444444444444446,,,Czechoslovakia,,1,0,1,8,EESU,0.08153846153846155
305-325,305,325,1.5126690134291945,2.9281491505696096,5686385.300112737,5686385.300112737,0.9,0.09999999999999998,0.35999999999999993,,,,Austria,,1,0,1,8,WE,0.08444444444444446,,,Italy,,1,0,1,4,WE,0.19471698113207533
305-338,305,338,0.5879538887827498,0.42371294448667407,1221,1221,0,1,0,,,,Austria,,1,0,1,8,WE,0.08444444444444446,,,Malta,,1,0,2,3,AS,0.008999999999999998
305-339,305,339,1.6496253053682919,4.540615364587169,43442.87113858645,43442.87113858645|5733.862014274386,0.9,0.09999999999999998,0.35999999999999993,,,,Austria,,1,0,1,8,WE,0.08444444444444446,,,Albania,,1,0,1,3,AS,0.28235294117647053
305-345,305,345,1.9142598306158416,17.372543703092607,4892981.285108027,4892981.285108027|4484076.561359001,1,0,0,,,,Austria,,1,0,1,8,WE,0.08444444444444446,,,"Yugoslavia (Kingdom of Serbs, Croats and Slovenes)",,1,0,1,3,NAM,0.0931578947368421
305-350,305,350,1.411989800517178,2.374261202285237,471383.6550663519,460158.69968846504|471383.6550663519,1,0,0,,,,Austria,,1,0,1,8,WE,0.08444444444444446,,,Greece,,1,0,1,3,AS,0.11567567567567569
305-352,305,352,1.091072876187343,1.2091307859574487,24330,24330,0.7,0.30000000000000004,0.8400000000000001,,,,Austria,,1,0,1,8,WE,0.08444444444444446,,,Cyprus,,1,0,1,3,AS,0.3379310344827586
305-355,305,355,1.8373012557429065,9.95128698494918,1190217.6894755494,719426.6808073574|1190217.6894755494,1,0,0,,,,Austria,,1,0,1,8,WE,0.08444444444444446,,,Bulgaria,,1,0,1,3,AS,0.10952380952380951
305-360,305,360,1.8431850531762826,10.103119878496145,4562029.076634337,3254713.2784934053|4562029.076634337,1,0,0,,,,Austria,,1,0,1,8,WE,0.08444444444444446,,,Romania,,1,0,1,3,AS,0.08095238095238096
305-365,305,365,1.4465870681192619,2.5893036045006053,1773893.1193097692,1773893.1193097692|1503242.7424336008,1,0,0,,,,Austria,,1,0,1,8,WE,0.08444444444444446,,,Russia (USSR),,1,6,1,2,EESU,0.06482758620689656
305-366,305,366,0.876169870002017,0.7822251847071713,29463.586155283818,29463.586155283818|1762.1646501860068,1,0,0,,,,Austria,,1,0,1,8,WE,0.08444444444444446,,,Estonia,,1,0,1,8,EESU,0.06666666666666665
305-367,305,367,0.704758977487026,0.5479387796526999,59042.94278661983,59042.94278661983|17651.89764618488,1,0,0,,,,Austria,,1,0,1,8,WE,0.08444444444444446,,,Latvia,,1,0,1,8,EESU,0.08675324675324675
305-368,305,368,0.8300342259099458,0.7123838638074813,29260.987822192474,29260.987822192474|1001.7569331194344,1,0,0,,,,Austria,,1,0,1,8,WE,0.08444444444444446,,,Lithuania,,1,0,1,8,EESU,0.10952380952380954
305-375,305,375,0.6021217690210507,0.43641294052860735,106942.97725321582,106942.97725321582|7243.511194394601,1,0,0,,,,Austria,,1,0,1,8,WE,0.08444444444444446,,,Finland,,1,0,1,8,EESU,0.07105263157894737
305-380,305,380,0.952479347976597,0.9256287294181511,685824.3001332076,685824.3001332076|255852.51245057,1,0,0,,,,Austria,,1,0,1,8,WE,0.08444444444444446,,,Sweden,,1,0,1,8,WE,0.06709677419354838
305-385,305,385,0.762037433502212,0.6236082573183047,285142.6825165581,285142.6825165581|105283.87743320582,1,0,0,,,,Austria,,1,0,1,8,WE,0.08444444444444446,,,Norway,,1,0,1,8,WE,0.0669767441860465
305-390,305,390,0.649816512707804,0.49390380702576864,384734.2345404595,384734.2345404595|125142.41726450463,0.1,0.9,0.36000000000000004,,,,Austria,,1,0,1,8,WE,0.08444444444444446,,,Denmark,,1,0,2,8,WE,0.20404040404040397
305-40,40,305,0.1883334482518998,0.10644147371608681,42227.2811400384,42227.2811400384|2574.7263200783473,0,1,0,,,,Cuba,,3,3,3,3,LA,0.024242424242424242,,,Austria,,1,0,1,8,WE,0.08444444444444446
305-402,305,402,0.061203579904388405,0.03187471360052874,212,212,0,1,0,,,,Austria,,1,0,1,8,WE,0.08444444444444446,,,Cape Verde,,5,5,2,6,AS,0.05466666666666666
305-403,305,403,0.5533617940801074,0.38491439246452763,1667,1667,0.7,0.30000000000000004,0.8400000000000001,,,,Austria,,1,0,1,8,WE,0.08444444444444446,,,Sao Tome-Principe,,5,5,1,6,AS,0.45333333333333325
305-404,305,404,0.06607460095176176,0.034500167148309724,278,278,0.1,0.9,0.36000000000000004,,,,Austria,,1,0,1,8,WE,0.08444444444444446,,,Guinea-Bissau (Portuguese Guinea),,5,5,2,6,AS,0.36666666666666675
305-4050,305,4050,1.522996617130116,3.1253924553950263,2997,2997,0.7,0.30000000000000004,0.8400000000000001,,,,Austria,,1,0,1,8,WE,0.08444444444444446,,,St. Helena,,2,0,1,3,AS,0.568
305-41,41,305,0.1104815164228975,0.059069653531847344,1331.360474600251,1331.360474600251,0,1,0,,,,Haiti,,3,4,0,1,AS,0.027027027027027032,,,Austria,,1,0,1,8,WE,0.08444444444444446
305-411,305,411,1.4701987857746164,2.726899012315928,18891,18891,0,1,0,,,,Austria,,1,0,1,8,WE,0.08444444444444446,,,Equatorial Guinea (Spanish Guinea),,0,0,0,3,AS,0.13090909090909092
305-42,42,305,0.03836976903579459,0.019777848888352212,752.5080943392724,752.5080943392724,0,1,0,,,,Dominican Republic (Santo Domingo),,3,3,3,1,AS,0.037209302325581395,,,Austria,,1,0,1,8,WE,0.08444444444444446
305-420,305,420,0.28425634462851,0.16709629172185436,2238,2238,0,1,0,,,,Austria,,1,0,1,8,WE,0.08444444444444446,,,Gambia,,5,0,3,1,AS,0
305-452,305,452,1.1550710764268124,1.3644112876223642,36676,36676,1,0,0,,,,Austria,,1,0,1,8,WE,0.08444444444444446,,,Ghana (Gold Coast),,5,0,1,1,AS,0.05499999999999999
305-475,305,475,0.22546086614711602,0.12868732238433334,12324,12324,0,1,0,,,,Austria,,1,0,1,8,WE,0.08444444444444446,,,Nigeria,,5,0,2,3,AS,0.02918918918918919
305-490,305,490,0.17765053056514601,0.09851813569699086,2141.753806965621,2.864812838464451|2141.753806965621,0,1,0,,,,Austria,,1,0,1,8,WE,0.08444444444444446,,,Democratic Republic of the Congo (Zaire) (Kinshasa) (Belgian Congo) (Congo Free State),,5,5,0,6,AS,0.09619047619047619
305-501,305,501,0.9995644167234687,0.9991389187737227,83280,83280,0,1,0,,,,Austria,,1,0,1,8,WE,0.08444444444444446,,,Kenya (British East Africa Protectorate),,4,5,2,3,AS,0.042499999999999996
305-51,51,305,0.1950063884043356,0.1104509944633375,6459,6459|783,0,1,0,,,,Jamaica,,3,4,3,1,AS,0.011034482758620692,,,Austria,,1,0,1,8,WE,0.08444444444444446
305-52,52,305,0.0320518704554118,0.01647492097391301,840,694|840,0,1,0,,,,Trinidad and Tobago,,3,4,3,1,AS,0.02684931506849315,,,Austria,,1,0,1,8,WE,0.08444444444444446
305-53,53,305,0.058872355690430145,0.030634430332927787,552,552,0,1,0,,,,Barbados,,3,4,3,1,AS,0.01777777777777778,,,Austria,,1,0,1,8,WE,0.08444444444444446
305-530,305,530,1.7636310313759722,7.014725895970487,11403.39189114128,11403.39189114128,0.1,0.9,0.36000000000000004,,,,Austria,,1,0,1,8,WE,0.08444444444444446,,,Ethiopia (Abyssinia),,1,2,2,3,AS,0.4693333333333334
305-540,305,540,0.3535418250274376,0.21652082544558093,2568,2568,0.1,0.9,0.36000000000000004,,,,Austria,,1,0,1,8,WE,0.08444444444444446,,,Angola,,5,5,0,6,AS,0.2853333333333333
305-541,305,541,0.03166806640206432,0.016276311246512076,1496,1496,0,1,0,,,,Austria,,1,0,1,8,WE,0.08444444444444446,,,Mozambique (Portuguese East Africa),,5,5,2,6,AS,0.06285714285714285
305-552,305,552,0.8726278637292442,0.7767646889238106,55766,55766,0,1,0,,,,Austria,,1,0,1,8,WE,0.08444444444444446,,,Zimbabwe (Rhodesia) (Southern Rhodesia),,5,5,2,3,AS,0.010909090909090906
305-570,305,570,0.1932804957271721,0.1079265887938139,36,36,0,1,0,,,,Austria,,1,0,1,8,WE,0.08444444444444446,,,Lesotho (Basutoland),,2,0,2,3,AS,0.02571428571428571
305-590,305,590,1.3487105356938185,2.0493964030292284,64693,64693,0,1,0,,,,Austria,,1,0,1,8,WE,0.08444444444444446,,,Mauritius,,4,0,2,3,AS,0.05076923076923076
305-591,305,591,1.3839749231194935,2.2194108725590502,3598,3598,0,1,0,,,,Austria,,1,0,1,8,WE,0.08444444444444446,,,Seychelles,,4,0,2,3,AS,0.05499999999999999
305-6090,305,6090,1.6216745690392922,4.15184302710758,9646,9646,0,1,0,,,,Austria,,1,0,1,8,WE,0.08444444444444446,,,Río de Oro,,1,0,0,3,AS,0.07200000000000001
305-615,305,615,0.00027556824717167583,0.0001417026768346652,56.4689676563266,56.4689676563266,0,1,0,,,,Austria,,1,0,1,8,WE,0.08444444444444446,,,Algeria (Regency of Algiers),,0,0,0,3,AS,0.029425287356321838
305-616,305,616,0.004796475850687987,0.0024639673175753662,354.94779669691,354.94779669691,0,1,0,,,,Austria,,1,0,1,8,WE,0.08444444444444446,,,Tunisia (Regency of Tunis),,0,0,0,3,LA,0.06918918918918919
305-630,305,630,0.7822040935639406,0.6521988306414083,113940.76508439516,113940.76508439516|15050.161886785447,1,0,0,,,,Austria,,1,0,1,8,WE,0.08444444444444446,,,Iran (Persia),,1,6,1,3,AS,0.07904761904761903
305-640,305,640,1.403132628771305,2.3143944695359413,529128.9607965606,529128.9607965606|84285.2245122804,1,0,0,,,,Austria,,1,0,1,8,WE,0.08444444444444446,,,Turkey (Ottoman Empire),,1,0,1,3,AS,0.08153846153846155
305-645,305,645,0.6235974770450186,0.45573066292814246,24832.767113195987,24832.767113195987,0,1,0,,,,Austria,,1,0,1,8,WE,0.08444444444444446,,,Iraq (Mesopotamia),,4,6,2,3,AS,0.045714285714285714
305-651,305,651,0.9949661583753713,0.9988236743067892,610255.1218901369,295298.9595730197|610255.1218901369,0.7,0.30000000000000004,0.8400000000000001,,,,Austria,,1,0,1,8,WE,0.08444444444444446,,,Egypt Arab Republic (Egypt),,1,0,1,3,AS,0.3750588235294118
305-652,305,652,1.1364958968663301,1.3118353518458683,81473.47252173275,81473.47252173275,0.7,0.30000000000000004,0.8400000000000001,,,,Austria,,1,0,1,8,WE,0.08444444444444446,,,Syria,,1,0,1,4,ME,0.5333333333333332
305-665,305,665,1.590596933749477,3.7756499549555214,73398.4818170921,73398.4818170921,0.9,0.09999999999999998,0.35999999999999993,,,,Austria,,1,0,1,8,WE,0.08444444444444446,,,Palestine,,1,0,1,4,ME,0.22375
305-68,68,305,0.029356072297383573,0.015099247072316024,3559.942138605019,3559.942138605019,0,1,0,,,,Netherlands Antilles,,3,3,5,6,AS,0,,,Austria,,1,0,1,8,WE,0.08444444444444446
305-70,70,305,0.35267420862848964,0.21880750539741634,79505.37442884543,79505.37442884543|738.6329526708123,0,1,0,,,,Mexico,,3,4,3,3,LA,0.020253164556962026,,,Austria,,1,0,1,8,WE,0.08444444444444446
305-700,305,700,0.09657240678878798,0.05122372260051922,636.7376182870767,636.7376182870767,1,0,0,,,,Austria,,1,0,1,8,WE,0.08444444444444446,,,Afghanistan,,1,6,1,3,AS,0
305-710,305,710,0.33609120621919597,0.21087600811279483,247256.79422847705,247256.79422847705|15248.16747233023,0,1,0,,,,Austria,,1,0,1,8,WE,0.08444444444444446,,,People's Republic of China (China),,4,1,4,3,AS,0.0496
305-740,305,740,0.1798933238382946,0.10562912972211391,174755.53360078947,174755.53360078947|5886.348372401171,0,1,0,,,,Austria,,1,0,1,8,WE,0.08444444444444446,,,Japan,,4,1,4,3,AS,0.26739726027397276
305-750,305,750,0.7384731946005683,0.617015699572199,1010155.2887934339,1010155.2887934339|33759.329910517656,0,1,0,,,,Austria,,1,0,1,8,WE,0.08444444444444446,,,India,,4,0,2,1,AS,0.05248
305-780,305,780,0.00022323160362347494,0.00011472147910518427,40.55559830871065,40.55559830871065,0,1,0,,,,Austria,,1,0,1,8,WE,0.08444444444444446,,,Sri Lanka (Ceylon),,4,0,2,1,AS,0.03645569620253165
305-800,305,800,0.1831761677940965,0.10209435638611875,8306.531656745045,8306.531656745045,0,1,0,,,,Austria,,1,0,1,8,WE,0.08444444444444446,,,Thailand (Siam),,4,1,4,3,AS,0.03461538461538461
305-810,305,810,0.014520052019850627,0.007424092306952734,897.2211894045171,897.2211894045171,0,1,0,,,,Austria,,1,0,1,8,WE,0.08444444444444446,,,French Indochina,,4,1,4,3,AS,0.06428571428571428
305-827,305,827,0.10967593599392156,0.05911700222822813,36351.929480389466,36351.929480389466,0,1,0,,,,Austria,,1,0,1,8,WE,0.08444444444444446,,,Straits Settlements,,4,1,4,1,AS,0.08347826086956521
305-840,305,840,0.08756212990211898,0.04665945107357661,12329.555699558847,12329.555699558847,0,1,0,,,,Austria,,1,0,1,8,WE,0.08444444444444446,,,Philippines,,4,1,3,3,AS,0.024
305-850,305,850,0.5828830549329154,0.42420490940360034,276807.2082408,276807.2082408,0,1,0,,,,Austria,,1,0,1,8,WE,0.08444444444444446,,,Indonesia (Dutch East Indies),,4,5,4,6,AS,0.08693333333333332
305-90,90,305,0.46799395963601553,0.307970597188137,12676.867127715434,12676.867127715434|612.3371553034973,0.8,0.19999999999999996,0.6399999999999999,,,,Guatemala,,3,0,1,5,WE,0.48756756756756775,,,Austria,,1,0,1,8,WE,0.08444444444444446
305-900,305,900,0.18794856900809997,0.10861743509856203,126421.35984899776,126421.35984899776|1797,0,1,0,,,,Austria,,1,0,1,8,WE,0.08444444444444446,,,Australia,,2,0,2,1,AS,0.05283018867924528
305-91,91,305,0.04028767208434081,0.02078698613398189,781.4507133523213,781.4507133523213,0,1,0,,,,Honduras,,3,4,3,5,WE,0.025600000000000005,,,Austria,,1,0,1,8,WE,0.08444444444444446
305-92,92,305,0.28718500669609826,0.16920984918977355,4833.417375179172,4833.417375179172,1,0,0,,,,El Salvador,,3,0,1,5,WE,0.061111111111111116,,,Austria,,1,0,1,8,WE,0.08444444444444446
305-920,305,920,0.11798977682865508,0.06423477607420858,25614.21782654831,25614.21782654831|1590,0,1,0,,,,Austria,,1,0,1,8,WE,0.08444444444444446,,,New Zealand,,2,0,2,1,AS,0.05431578947368421
305-93,93,305,0.15157995996135643,0.0828062425602023,1707.6145217698872,1707.6145217698872,0,1,0,,,,Nicaragua,,3,0,3,5,WE,0.020645161290322584,,,Austria,,1,0,1,8,WE,0.08444444444444446
305-94,94,305,0.15560330150817703,0.08521898902274283,2460.1226161091595,2460.1226161091595|1.0809526733635604,0,1,0,,,,Costa Rica,,3,0,2,5,WE,0.01894736842105263,,,Austria,,1,0,1,8,WE,0.08444444444444446
305-95,95,305,0.15553467372728524,0.08522277535573086,8885.384037006024,8885.384037006024,0,1,0,,,,Panama,,3,0,3,1,AS,0.021333333333333336,,,Austria,,1,0,1,8,WE,0.08444444444444446
31-325,31,325,0.19038701094531763,0.11102160131540972,762,762,0,1,0,,,,Bahamas,,3,4,3,1,AS,0.02909090909090909,,,Italy,,1,0,1,4,WE,0.19471698113207533
31-350,31,350,0.26553249096835796,0.15410268641264468,163,163,0,1,0,,,,Bahamas,,3,4,3,1,AS,0.02909090909090909,,,Greece,,1,0,1,3,AS,0.11567567567567569
31-390,31,390,0.13651975068127853,0.07518781969223465,207,207,0,1,0,,,,Bahamas,,3,4,3,1,AS,0.02909090909090909,,,Denmark,,1,0,2,8,WE,0.20404040404040397
31-40,31,40,1.8739180276916534,13.76197150470255,79632.33402709271,19296|79632.33402709271,1,0,0,,,,Bahamas,,3,4,3,1,AS,0.02909090909090909,,,Cuba,,3,3,3,3,LA,0.024242424242424242
31-41,31,41,1.0317766357031113,1.0655794693324807,3073.6529455816703,31|3073.6529455816703,0,1,0,,,,Bahamas,,3,4,3,1,AS,0.02909090909090909,,,Haiti,,3,4,0,1,AS,0.027027027027027032
31-42,31,42,0.25594328009607914,0.1469585316145604,601,601,1,0,0,,,,Bahamas,,3,4,3,1,AS,0.02909090909090909,,,Dominican Republic (Santo Domingo),,3,3,3,1,AS,0.037209302325581395
31-51,31,51,1.3338933298574325,1.999462873527412,7680,276|7680,1,0,0,,,,Bahamas,,3,4,3,1,AS,0.02909090909090909,,,Jamaica,,3,4,3,1,AS,0.011034482758620692
31-52,31,52,1.8749053450850268,14.628111965756307,72500,72500,1,0,0,,,,Bahamas,,3,4,3,1,AS,0.02909090909090909,,,Trinidad and Tobago,,3,4,3,1,AS,0.02684931506849315
31-53,31,53,0.0070450174838553314,0.003538601973289701,3,3,1,0,0,,,,Bahamas,,3,4,3,1,AS,0.02909090909090909,,,Barbados,,3,4,3,1,AS,0.01777777777777778
31-560,31,560,0.00005527897984802799,0.00002804172090797863,2,2,0,1,0,,,,Bahamas,,3,4,3,1,AS,0.02909090909090909,,,South Africa,,5,5,2,3,AS,0.05199999999999999
31-615,31,615,0.00007596269878606954,0.00003820462882475617,1,1,0,1,0,,,,Bahamas,,3,4,3,1,AS,0.02909090909090909,,,Algeria (Regency of Algiers),,0,0,0,3,AS,0.029425287356321838
31-70,31,70,1.9771682077831432,47.243691509736045,2320933.6152047543,2320933.6152047543,1,0,0,,,,Bahamas,,3,4,3,1,AS,0.02909090909090909,,,Mexico,,3,4,3,3,LA,0.020253164556962026
31-740,31,740,0.6613720172805211,0.517337248346394,3025,3025,0.6,0.4,0.96,,,,Bahamas,,3,4,3,1,AS,0.02909090909090909,,,Japan,,4,1,4,3,AS,0.26739726027397276
31-780,31,780,0.04759844051371587,0.024504958411442068,569,569,0,1,0,,,,Bahamas,,3,4,3,1,AS,0.02909090909090909,,,Sri Lanka (Ceylon),,4,0,2,1,AS,0.03645569620253165
31-840,31,840,0.000636239603198252,0.00032019637871771867,9,9,1,0,0,,,,Bahamas,,3,4,3,1,AS,0.02909090909090909,,,Philippines,,4,1,3,3,AS,0.024
31-920,31,920,0.001190164047833564,0.0006012357038477356,28,28,0,1,0,,,,Bahamas,,3,4,3,1,AS,0.02909090909090909,,,New Zealand,,2,0,2,1,AS,0.05431578947368421
310-315,310,315,1.909352324971921,14.819622642102477,7957645.611056041,7957645.611056041|6107030.063604314,1,0,0,,,,Hungary,,1,0,1,8,WE,0.09393258426966293,,,Czechoslovakia,,1,0,1,8,EESU,0.08153846153846155
310-325,310,325,1.398822439616493,2.272143453430466,2567973.9722694363,2567973.9722694363|1251094.4115063604,0.9,0.09999999999999998,0.35999999999999993,,,,Hungary,,1,0,1,8,WE,0.09393258426966293,,,Italy,,1,0,1,4,WE,0.19471698113207533
310-338,310,338,0.944021473227612,0.8995828009925652,2066,970|2066,0,1,0,,,,Hungary,,1,0,1,8,WE,0.09393258426966293,,,Malta,,1,0,2,3,AS,0.008999999999999998
310-339,310,339,1.397944721232439,2.304277872993735,12830.702534957827,12830.702534957827,0.9,0.09999999999999998,0.35999999999999993,,,,Hungary,,1,0,1,8,WE,0.09393258426966293,,,Albania,,1,0,1,3,AS,0.28235294117647053
310-345,310,345,1.8832072753879152,14.266272260869727,2200316.343132009,1950464.3220366966|2200316.343132009,1,0,0,,,,Hungary,,1,0,1,8,WE,0.09393258426966293,,,"Yugoslavia (Kingdom of Serbs, Croats and Slovenes)",,1,0,1,3,NAM,0.0931578947368421
310-350,310,350,1.4098327597327758,2.36036467937057,411115.5349299288,58304.79074433567|411115.5349299288,1,0,0,,,,Hungary,,1,0,1,8,WE,0.09393258426966293,,,Greece,,1,0,1,3,AS,0.11567567567567569
310-352,310,352,0.374389245493572,0.23142987390166292,2185,163|2185,0.7,0.30000000000000004,0.8400000000000001,,,,Hungary,,1,0,1,8,WE,0.09393258426966293,,,Cyprus,,1,0,1,3,AS,0.3379310344827586
310-355,310,355,1.732002318742628,6.234538344434438,292948.23641589977,256553.5934851817|292948.23641589977,1,0,0,,,,Hungary,,1,0,1,8,WE,0.09393258426966293,,,Bulgaria,,1,0,1,3,AS,0.10952380952380951
310-360,310,360,1.8419018292763623,10.567211043752987,1811921.348748368,1689845.2791972824|1811921.348748368,1,0,0,,,,Hungary,,1,0,1,8,WE,0.09393258426966293,,,Romania,,1,0,1,3,AS,0.08095238095238096
310-365,310,365,0.12910259166275662,0.07182396931422508,39839.407041383565,39839.407041383565|28636.877192882414,1,0,0,,,,Hungary,,1,0,1,8,WE,0.09393258426966293,,,Russia (USSR),,1,6,1,2,EESU,0.06482758620689656
310-366,310,366,0.4619756621770962,0.3020144124298778,6620.537670890739,1782.4846113084643|6620.537670890739,1,0,0,,,,Hungary,,1,0,1,8,WE,0.09393258426966293,,,Estonia,,1,0,1,8,EESU,0.06666666666666665
310-367,310,367,0.31619377044193975,0.18987157664258647,11456.22290559389,9833.507499653702|11456.22290559389,1,0,0,,,,Hungary,,1,0,1,8,WE,0.09393258426966293,,,Latvia,,1,0,1,8,EESU,0.08675324675324675
310-368,310,368,0.26461760375446064,0.15347779554643792,3668.869324907716,3668.869324907716|10.263903003272894,1,0,0,,,,Hungary,,1,0,1,8,WE,0.09393258426966293,,,Lithuania,,1,0,1,8,EESU,0.10952380952380954
310-375,310,375,1.0076210800785743,1.020485922064591,145537.01054120413,145537.01054120413|394.66170507290525,1,0,0,,,,Hungary,,1,0,1,8,WE,0.09393258426966293,,,Finland,,1,0,1,8,EESU,0.07105263157894737
310-380,310,380,0.344427659342209,0.21440042020576622,100087.96748236514,92451.3924886664|100087.96748236514,1,0,0,,,,Hungary,,1,0,1,8,WE,0.09393258426966293,,,Sweden,,1,0,1,8,WE,0.06709677419354838
310-385,310,385,0.4877531546747941,0.32686035736265684,62460.82785486086,62460.82785486086|54916.13927352669,1,0,0,,,,Hungary,,1,0,1,8,WE,0.09393258426966293,,,Norway,,1,0,1,8,WE,0.0669767441860465
310-390,310,390,0.4342615451686027,0.2850968510141765,129247.65152332917,26435.442557851|129247.65152332917,0.1,0.9,0.36000000000000004,,,,Hungary,,1,0,1,8,WE,0.09393258426966293,,,Denmark,,1,0,2,8,WE,0.20404040404040397
310-40,40,310,0.03858055615449807,0.020085368690994976,4637.392232770778,4637.392232770778,0,1,0,,,,Cuba,,3,3,3,3,LA,0.024242424242424242,,,Hungary,,1,0,1,8,WE,0.09393258426966293
310-402,310,402,0.015798858380561276,0.008008668968572441,31,31,0,1,0,,,,Hungary,,1,0,1,8,WE,0.09393258426966293,,,Cape Verde,,5,5,2,6,AS,0.05466666666666666
310-403,310,403,0.17632010583010704,0.09720371277491224,245,245,0.7,0.30000000000000004,0.8400000000000001,,,,Hungary,,1,0,1,8,WE,0.09393258426966293,,,Sao Tome-Principe,,5,5,1,6,AS,0.45333333333333325
310-404,310,404,0.01723318357374659,0.008742758430811404,41,41,0.1,0.9,0.36000000000000004,,,,Hungary,,1,0,1,8,WE,0.09393258426966293,,,Guinea-Bissau (Portuguese Guinea),,5,5,2,6,AS,0.36666666666666675
310-4050,310,4050,0.39282620692824,0.2454859281411489,137,137,0.7,0.30000000000000004,0.8400000000000001,,,,Hungary,,1,0,1,8,WE,0.09393258426966293,,,St. Helena,,2,0,1,3,AS,0.568
310-411,310,411,0.02098489022191785,0.01066524363554111,43,43,0,1,0,,,,Hungary,,1,0,1,8,WE,0.09393258426966293,,,Equatorial Guinea (Spanish Guinea),,0,0,0,3,AS,0.13090909090909092
310-42,42,310,0.00452963629979275,0.0022861649084994218,50.62341711472854,50.62341711472854,0,1,0,,,,Dominican Republic (Santo Domingo),,3,3,3,1,AS,0.037209302325581395,,,Hungary,,1,0,1,8,WE,0.09393258426966293
310-420,310,420,0.02592921146012983,0.013213935212225913,103,103,0,1,0,,,,Hungary,,1,0,1,8,WE,0.09393258426966293,,,Gambia,,5,0,3,1,AS,0
310-450,310,450,0.03267764191183231,0.016705065889061177,32.31281943493311,32.31281943493311,0,1,0,,,,Hungary,,1,0,1,8,WE,0.09393258426966293,,,Liberia,,5,0,2,9,AF,0
310-452,310,452,0.19339346034107485,0.10783671282455787,1687,1687,1,0,0,,,,Hungary,,1,0,1,8,WE,0.09393258426966293,,,Ghana (Gold Coast),,5,0,1,1,AS,0.05499999999999999
310-475,310,475,0.01994273737648633,0.010173147760494605,567,567,0,1,0,,,,Hungary,,1,0,1,8,WE,0.09393258426966293,,,Nigeria,,5,0,2,3,AS,0.02918918918918919
310-490,310,490,0.0225710674815921,0.011498379467719921,145.47949372260996,145.47949372260996,0,1,0,,,,Hungary,,1,0,1,8,WE,0.09393258426966293,,,Democratic Republic of the Congo (Zaire) (Kinshasa) (Belgian Congo) (Congo Free State),,5,5,0,6,AS,0.09619047619047619
310-501,310,501,0.14553982862338088,0.07899486817147805,3832,3832,0,1,0,,,,Hungary,,1,0,1,8,WE,0.09393258426966293,,,Kenya (British East Africa Protectorate),,4,5,2,3,AS,0.042499999999999996
310-530,310,530,0.15142469001667058,0.08234873888865368,77.90979797089427,77.90979797089427,0.1,0.9,0.36000000000000004,,,,Hungary,,1,0,1,8,WE,0.09393258426966293,,,Ethiopia (Abyssinia),,1,2,2,3,AS,0.4693333333333334
310-540,310,540,0.10324817602769643,0.05476267742031049,378,378,0.1,0.9,0.36000000000000004,,,,Hungary,,1,0,1,8,WE,0.09393258426966293,,,Angola,,5,5,0,6,AS,0.2853333333333333
310-541,310,541,0.008130142736138435,0.004112778230752179,220,220,0,1,0,,,,Hungary,,1,0,1,8,WE,0.09393258426966293,,,Mozambique (Portuguese East Africa),,5,5,2,6,AS,0.06285714285714285
310-552,310,552,0.11490388615186609,0.0614136417149731,2566,2566,0,1,0,,,,Hungary,,1,0,1,8,WE,0.09393258426966293,,,Zimbabwe (Rhodesia) (Southern Rhodesia),,5,5,2,3,AS,0.010909090909090906
310-570,310,570,0.010191645583144338,0.005151268278579035,1,1,0,1,0,,,,Hungary,,1,0,1,8,WE,0.09393258426966293,,,Lesotho (Basutoland),,2,0,2,3,AS,0.02571428571428571
310-590,310,590,0.2774975824518814,0.16204503608987408,2977,2977,0,1,0,,,,Hungary,,1,0,1,8,WE,0.09393258426966293,,,Mauritius,,4,0,2,3,AS,0.05076923076923076
310-591,310,591,0.2964934962569904,0.17488345037751718,165,165,0,1,0,,,,Hungary,,1,0,1,8,WE,0.09393258426966293,,,Seychelles,,4,0,2,3,AS,0.05499999999999999
310-600,310,600,0.3221995271414315,0.19368372362156905,20785.93916417483,20785.93916417483,0,1,0,,,,Hungary,,1,0,1,8,WE,0.09393258426966293,,,Morocco,,0,0,0,3,AS,0.046486486486486484
310-6090,310,6090,0.03184178327722231,0.01627063742136714,22,22,0,1,0,,,,Hungary,,1,0,1,8,WE,0.09393258426966293,,,Río de Oro,,1,0,0,3,AS,0.07200000000000001
310-615,310,615,0.21600917608385384,0.12306181397545712,31084.21423375154,31084.21423375154|40.33497689737614,0,1,0,,,,Hungary,,1,0,1,8,WE,0.09393258426966293,,,Algeria (Regency of Algiers),,0,0,0,3,AS,0.029425287356321838
310-616,310,616,0.1872189923783827,0.1041659200813232,6811.075596158728,6811.075596158728,0,1,0,,,,Hungary,,1,0,1,8,WE,0.09393258426966293,,,Tunisia (Regency of Tunis),,0,0,0,3,LA,0.06918918918918919
310-6203,310,6203,0.44965477995755676,0.2912301624299316,617.4620762688662,617.4620762688662,0,1,0,,,,Hungary,,1,0,1,8,WE,0.09393258426966293,,,Tripolitania (Regency of Tripoli),,0,0,0,1,ME,0.030000000000000002
310-630,310,630,0.03937533745881039,0.020296419453876835,2058.111179209006,2058.111179209006,1,0,0,,,,Hungary,,1,0,1,8,WE,0.09393258426966293,,,Iran (Persia),,1,6,1,3,AS,0.07904761904761903
310-640,310,640,1.4962392633257569,2.9233593125984467,388971.811093098,5332.358480086164|388971.811093098,1,0,0,,,,Hungary,,1,0,1,8,WE,0.09393258426966293,,,Turkey (Ottoman Empire),,1,0,1,3,AS,0.08153846153846155
310-645,310,645,0.0817836277914129,0.04290619369649962,1360.6569232723277,1360.6569232723277,0,1,0,,,,Hungary,,1,0,1,8,WE,0.09393258426966293,,,Iraq (Mesopotamia),,4,6,2,3,AS,0.045714285714285714
310-651,310,651,0.9584354290027908,0.926478442983048,242350.70402907458,242350.70402907458|217500.28035148766,0.7,0.30000000000000004,0.8400000000000001,,,,Hungary,,1,0,1,8,WE,0.09393258426966293,,,Egypt Arab Republic (Egypt),,1,0,1,3,AS,0.3750588235294118
310-652,310,652,0.734104427377092,0.5816281619446899,21022.971646296417,21022.971646296417,0.7,0.30000000000000004,0.8400000000000001,,,,Hungary,,1,0,1,8,WE,0.09393258426966293,,,Syria,,1,0,1,4,ME,0.5333333333333332
310-665,310,665,1.1547540461431542,1.3634684080909272,15425.960482573539,15425.960482573539,0.9,0.09999999999999998,0.35999999999999993,,,,Hungary,,1,0,1,8,WE,0.09393258426966293,,,Palestine,,1,0,1,4,ME,0.22375
310-68,68,310,0.002174675981628349,0.0010989608111698912,150.79315736302118,150.79315736302118,0,1,0,,,,Netherlands Antilles,,3,3,5,6,AS,0,,,Hungary,,1,0,1,8,WE,0.09393258426966293
310-70,70,310,0.1424250406087617,0.07823186453233233,16543.589100562465,44.861877802634666|16543.589100562465,0,1,0,,,,Mexico,,3,4,3,3,LA,0.020253164556962026,,,Hungary,,1,0,1,8,WE,0.09393258426966293
310-710,310,710,0.07396764680043133,0.04012595157400545,27381.560060967968,264.80070642569075|27381.560060967968,0,1,0,,,,Hungary,,1,0,1,8,WE,0.09393258426966293,,,People's Republic of China (China),,4,1,4,3,AS,0.0496
310-740,310,740,0.05755425135394454,0.03161717662875896,30442.62525230459,30442.62525230459,0,1,0,,,,Hungary,,1,0,1,8,WE,0.09393258426966293,,,Japan,,4,1,4,3,AS,0.26739726027397276
310-750,310,750,0.6345835446807103,0.49100259057273776,467829.37996115163,291.1206091829321|467829.37996115163,0,1,0,,,,Hungary,,1,0,1,8,WE,0.09393258426966293,,,India,,4,0,2,1,AS,0.05248
310-780,310,780,0.004585533437189149,0.002332676991902094,308.5654805142525,308.5654805142525,0,1,0,,,,Hungary,,1,0,1,8,WE,0.09393258426966293,,,Sri Lanka (Ceylon),,4,0,2,1,AS,0.03645569620253165
310-800,310,800,0.004759384573780667,0.0024081474099686417,114.0283494726084,114.0283494726084,0,1,0,,,,Hungary,,1,0,1,8,WE,0.09393258426966293,,,Thailand (Siam),,4,1,4,3,AS,0.03461538461538461
310-840,310,840,0.027108545208277324,0.01395157859943652,2145.5712104795584,2145.5712104795584,0,1,0,,,,Hungary,,1,0,1,8,WE,0.09393258426966293,,,Philippines,,4,1,3,3,AS,0.024
310-850,310,850,0.03200514228460283,0.01684204927027788,6395.999478950659,6395.999478950659,0,1,0,,,,Hungary,,1,0,1,8,WE,0.09393258426966293,,,Indonesia (Dutch East Indies),,4,5,4,6,AS,0.08693333333333332
310-90,90,310,0.11791692675020926,0.06308074381084416,1511.162855573705,1511.162855573705,0.8,0.19999999999999996,0.6399999999999999,,,,Guatemala,,3,0,1,5,WE,0.48756756756756775,,,Hungary,,1,0,1,8,WE,0.09393258426966293
310-900,310,900,0.007477038477606279,0.003924652881540647,2658.4833643100633,12|2658.4833643100633,0,1,0,,,,Hungary,,1,0,1,8,WE,0.09393258426966293,,,Australia,,2,0,2,1,AS,0.05283018867924528
310-92,92,310,0.06838502818742331,0.03563492480241959,592.4016896404403,592.4016896404403,1,0,0,,,,El Salvador,,3,0,1,5,WE,0.061111111111111116,,,Hungary,,1,0,1,8,WE,0.09393258426966293
310-920,310,920,0.0005543356848024539,0.0002826920256073784,75,75,0,1,0,,,,Hungary,,1,0,1,8,WE,0.09393258426966293,,,New Zealand,,2,0,2,1,AS,0.05431578947368421
310-93,93,310,0.0017818550296843094,0.0008974599083158008,10.77093981164437,10.77093981164437,0,1,0,,,,Nicaragua,,3,0,3,5,WE,0.020645161290322584,,,Hungary,,1,0,1,8,WE,0.09393258426966293
315-325,315,325,0.9725075230444192,0.9727450029768105,3414597.8245751555,3414597.8245751555|1751937.1760647604,0.9,0.09999999999999998,0.35999999999999993,,,,Czechoslovakia,,1,0,1,8,EESU,0.08153846153846155,,,Italy,,1,0,1,4,WE,0.19471698113207533
315-345,315,345,1.9002071613294338,13.821863032207759,7036783.489417281,7036783.489417281|1542910.2906651238,1,0,0,,,,Czechoslovakia,,1,0,1,8,EESU,0.08153846153846155,,,"Yugoslavia (Kingdom of Serbs, Croats and Slovenes)",,1,0,1,3,NAM,0.0931578947368421
315-350,315,350,1.0402193740323415,1.1020558116933603,206217.0265454307,206217.0265454307,1,0,0,,,,Czechoslovakia,,1,0,1,8,EESU,0.08153846153846155,,,Greece,,1,0,1,3,AS,0.11567567567567569
315-352,315,352,0.0001022863275185193,0.000052729816810148655,1,1,0.7,0.30000000000000004,0.8400000000000001,,,,Czechoslovakia,,1,0,1,8,EESU,0.08153846153846155,,,Cyprus,,1,0,1,3,AS,0.3379310344827586
315-355,315,355,1.782453683569604,7.22229521473987,1054016.730550793,451311.60837543244|1054016.730550793,1,0,0,,,,Czechoslovakia,,1,0,1,8,EESU,0.08153846153846155,,,Bulgaria,,1,0,1,3,AS,0.10952380952380951
315-360,315,360,1.8637305953980956,11.428733046683739,4935888.020605376,4690908.641790975|4935888.020605376,1,0,0,,,,Czechoslovakia,,1,0,1,8,EESU,0.08153846153846155,,,Romania,,1,0,1,3,AS,0.08095238095238096
315-365,315,365,1.112046993815469,1.2733398589796625,1576835.0649937552,1503242.7424336008|1576835.0649937552,1,0,0,,,,Czechoslovakia,,1,0,1,8,EESU,0.08153846153846155,,,Russia (USSR),,1,6,1,2,EESU,0.06482758620689656
315-366,315,366,0.03508262022318598,0.0184177194190579,1431.7587782761304,1431.7587782761304,1,0,0,,,,Czechoslovakia,,1,0,1,8,EESU,0.08153846153846155,,,Estonia,,1,0,1,8,EESU,0.06666666666666665
315-367,315,367,0.5493186404221483,0.3888898068250527,50729.818152999185,50729.818152999185,1,0,0,,,,Czechoslovakia,,1,0,1,8,EESU,0.08153846153846155,,,Latvia,,1,0,1,8,EESU,0.08675324675324675
315-368,315,368,0.3520655079961095,0.21980876113903847,17896.141276506616,17896.141276506616,1,0,0,,,,Czechoslovakia,,1,0,1,8,EESU,0.08153846153846155,,,Lithuania,,1,0,1,8,EESU,0.10952380952380954
315-375,315,375,0.01453757935123301,0.007586299837776034,2986.5948106813535,2986.5948106813535,1,0,0,,,,Czechoslovakia,,1,0,1,8,EESU,0.08153846153846155,,,Finland,,1,0,1,8,EESU,0.07105263157894737
315-380,315,380,1.165822046444468,1.4032260536484047,1879321.7708488458,1879321.7708488458|1048839.104992913,1,0,0,,,,Czechoslovakia,,1,0,1,8,EESU,0.08153846153846155,,,Sweden,,1,0,1,8,WE,0.06709677419354838
315-385,315,385,0.9030158578151131,0.8321214142131625,687756.231778478,83966.10977960553|687756.231778478,1,0,0,,,,Czechoslovakia,,1,0,1,8,EESU,0.08153846153846155,,,Norway,,1,0,1,8,WE,0.0669767441860465
315-390,315,390,1.1303971376542887,1.3064359465232174,1839518.0015882964,1839518.0015882964|240392.15332232908,0.1,0.9,0.36000000000000004,,,,Czechoslovakia,,1,0,1,8,EESU,0.08153846153846155,,,Denmark,,1,0,2,8,WE,0.20404040404040397
315-4050,315,4050,1.9177974084094367,16.700286269796983,28947,28947,0.7,0.30000000000000004,0.8400000000000001,,,,Czechoslovakia,,1,0,1,8,EESU,0.08153846153846155,,,St. Helena,,2,0,1,3,AS,0.568
315-590,315,590,1.861246416606074,10.949864929264944,624795,624795,0,1,0,,,,Czechoslovakia,,1,0,1,8,EESU,0.08153846153846155,,,Mauritius,,4,0,2,3,AS,0.05076923076923076
315-591,315,591,1.8731099251778316,11.858954281129746,34751,34751,0,1,0,,,,Czechoslovakia,,1,0,1,8,EESU,0.08153846153846155,,,Seychelles,,4,0,2,3,AS,0.05499999999999999
315-601,315,601,0.002037794067815457,0.0010512813719517622,2.904118336611082,2.904118336611082,0,1,0,,,,Czechoslovakia,,1,0,1,8,EESU,0.08153846153846155,,,Tangier,,0,0,0,5,AF,0.045
315-615,315,615,0.0028984442479995653,0.0015034990113409474,564.689676563266,564.689676563266,0,1,0,,,,Czechoslovakia,,1,0,1,8,EESU,0.08153846153846155,,,Algeria (Regency of Algiers),,0,0,0,3,AS,0.029425287356321838
315-630,315,630,0.006268304265645397,0.0032476397252403366,534.739010503579,534.739010503579,1,0,0,,,,Czechoslovakia,,1,0,1,8,EESU,0.08153846153846155,,,Iran (Persia),,1,6,1,3,AS,0.07904761904761903
315-640,315,640,1.51944749279772,3.0299495121771485,1252151.861259791,361745.0120008709|1252151.861259791,1,0,0,,,,Czechoslovakia,,1,0,1,8,EESU,0.08153846153846155,,,Turkey (Ottoman Empire),,1,0,1,3,AS,0.08153846153846155
315-651,315,651,1.1121440163535672,1.2685722718411498,1237616.263390183,835819.3673352593|1237616.263390183,0.7,0.30000000000000004,0.8400000000000001,,,,Czechoslovakia,,1,0,1,8,EESU,0.08153846153846155,,,Egypt Arab Republic (Egypt),,1,0,1,3,AS,0.3750588235294118
315-70,70,315,0.0011323729759349366,0.0005895225125251979,415.567881326618,415.567881326618,0,1,0,,,,Mexico,,3,4,3,3,LA,0.020253164556962026,,,Czechoslovakia,,1,0,1,8,EESU,0.08153846153846155
315-710,315,710,0.36779942710413704,0.23660013969109217,501456.79543542495,562.0701643204717|501456.79543542495,0,1,0,,,,Czechoslovakia,,1,0,1,8,EESU,0.08153846153846155,,,People's Republic of China (China),,4,1,4,3,AS,0.0496
315-740,315,740,0.2532412881915216,0.155785193963474,465876.57725396904,1329.1754389292967|465876.57725396904,0,1,0,,,,Czechoslovakia,,1,0,1,8,EESU,0.08153846153846155,,,Japan,,4,1,4,3,AS,0.26739726027397276
315-750,315,750,0.013628973895765117,0.007344592987271414,20324.39336197103,20324.39336197103,0,1,0,,,,Czechoslovakia,,1,0,1,8,EESU,0.08153846153846155,,,India,,4,0,2,1,AS,0.05248
315-780,315,780,0.003130910345586435,0.001623335728536568,540.8655620031172,540.8655620031172,0,1,0,,,,Czechoslovakia,,1,0,1,8,EESU,0.08153846153846155,,,Sri Lanka (Ceylon),,4,0,2,1,AS,0.03645569620253165
315-850,315,850,0.41354209504062844,0.27133380733300183,320039.1259240515,320039.1259240515,0,1,0,,,,Czechoslovakia,,1,0,1,8,EESU,0.08153846153846155,,,Indonesia (Dutch East Indies),,4,5,4,6,AS,0.08693333333333332
315-900,315,900,0.02692792894531615,0.014349060701014493,21320,21320,0,1,0,,,,Czechoslovakia,,1,0,1,8,EESU,0.08153846153846155,,,Australia,,2,0,2,1,AS,0.05283018867924528
315-920,315,920,0.00008056608347872807,0.000041900777032255476,28,28,0,1,0,,,,Czechoslovakia,,1,0,1,8,EESU,0.08153846153846155,,,New Zealand,,2,0,2,1,AS,0.05431578947368421
315-94,94,315,0.000022169258920734514,0.000011432099404240503,0.5147393682683621,0.5147393682683621,0,1,0,,,,Costa Rica,,3,0,2,5,WE,0.01894736842105263,,,Czechoslovakia,,1,0,1,8,EESU,0.08153846153846155
325-338,325,338,1.781397904281828,6.797052237882127,471566.4379622083,47912|471566.4379622083,0,1,0,,,,Italy,,1,0,1,4,WE,0.19471698113207533,,,Malta,,1,0,2,3,AS,0.008999999999999998
325-339,325,339,1.966627190322417,24.379794052061534,579074.5379462375,351678.3505154639|579074.5379462375,1,0,0,,,,Italy,,1,0,1,4,WE,0.19471698113207533,,,Albania,,1,0,1,3,AS,0.28235294117647053
325-345,325,345,1.8244315155473358,7.989916294212528,7141062.496568979,7141062.496568979|2881283.8614795986,0.9,0.09999999999999998,0.35999999999999993,,,,Italy,,1,0,1,4,WE,0.19471698113207533,,,"Yugoslavia (Kingdom of Serbs, Croats and Slovenes)",,1,0,1,3,NAM,0.0931578947368421
325-350,325,350,1.79077994294237,6.981239068954655,3390457.4210502086,3390457.4210502086|2576553.708524166,0.9,0.09999999999999998,0.35999999999999993,,,,Italy,,1,0,1,4,WE,0.19471698113207533,,,Greece,,1,0,1,3,AS,0.11567567567567569
325-352,325,352,1.679649395427091,4.7281645496197315,232724,95713.5533972632|232724,0.7,0.30000000000000004,0.8400000000000001,,,,Italy,,1,0,1,4,WE,0.19471698113207533,,,Cyprus,,1,0,1,3,AS,0.3379310344827586
325-355,325,355,1.63647588769144,4.137385740563045,994025.8095702706,994025.8095702706|829280.4947170035,0.9,0.09999999999999998,0.35999999999999993,,,,Italy,,1,0,1,4,WE,0.19471698113207533,,,Bulgaria,,1,0,1,3,AS,0.10952380952380951
325-360,325,360,1.400651984523422,2.2612284782621366,2492930.812136549,2492930.812136549|1808432.5156515988,0.9,0.09999999999999998,0.35999999999999993,,,,Italy,,1,0,1,4,WE,0.19471698113207533,,,Romania,,1,0,1,3,AS,0.08095238095238096
325-365,325,365,1.110024023528485,1.2612066104940696,5897107.26786082,5897107.26786082|760376.645844362,0.9,0.09999999999999998,0.35999999999999993,,,,Italy,,1,0,1,4,WE,0.19471698113207533,,,Russia (USSR),,1,6,1,2,EESU,0.06482758620689656
325-366,325,366,0.22014951601670008,0.12659320087052217,11837.631688452875,660.8117438197526|11837.631688452875,0.9,0.09999999999999998,0.35999999999999993,,,,Italy,,1,0,1,4,WE,0.19471698113207533,,,Estonia,,1,0,1,8,EESU,0.06666666666666665
325-367,325,367,0.40121825429194446,0.2564091963813613,68591.48188541211,17953.881407442597|68591.48188541211,0.9,0.09999999999999998,0.35999999999999993,,,,Italy,,1,0,1,4,WE,0.19471698113207533,,,Latvia,,1,0,1,8,EESU,0.08675324675324675
325-368,325,368,1.0849217211549278,1.181377645248513,120465.94431633936,120465.94431633936|320.23377370211426,0.9,0.09999999999999998,0.35999999999999993,,,,Italy,,1,0,1,4,WE,0.19471698113207533,,,Lithuania,,1,0,1,8,EESU,0.10952380952380954
325-375,325,375,0.42800534847343186,0.28685366403045176,293097.12407453865,293097.12407453865|138206.2349358861,0.9,0.09999999999999998,0.35999999999999993,,,,Italy,,1,0,1,4,WE,0.19471698113207533,,,Finland,,1,0,1,8,EESU,0.07105263157894737
325-380,325,380,0.6560978161382104,0.5055009925413761,1482413.7284424517,929819.5795031902|1482413.7284424517,0.9,0.09999999999999998,0.35999999999999993,,,,Italy,,1,0,1,4,WE,0.19471698113207533,,,Sweden,,1,0,1,8,WE,0.06709677419354838
325-385,325,385,0.8780887984167587,0.8089839723666513,1010598.1621058785,1010598.1621058785|559039.9656618678,0.9,0.09999999999999998,0.35999999999999993,,,,Italy,,1,0,1,4,WE,0.19471698113207533,,,Norway,,1,0,1,8,WE,0.0669767441860465
325-390,325,390,0.4806992017662207,0.32929297553739323,636797.8029311502,438520.5741561188|636797.8029311502,0.1,0.9,0.36000000000000004,,,,Italy,,1,0,1,4,WE,0.19471698113207533,,,Denmark,,1,0,2,8,WE,0.20404040404040397
325-395,325,395,1.6157285275459432,3.9036850131719945,408084.92099322804,408084.92099322804,0.1,0.9,0.36000000000000004,,,,Italy,,1,0,1,4,WE,0.19471698113207533,,,Iceland,,1,0,0,8,EESU,0.04
325-40,40,325,0.5369354699194466,0.3776752868248239,371964.45413770986,8452.638114208428|371964.45413770986,0,1,0,,,,Cuba,,3,3,3,3,LA,0.024242424242424242,,,Italy,,1,0,1,4,WE,0.19471698113207533
325-41,41,325,1.4107649152077637,2.347718568710356,252198.5342363866,252198.5342363866|15402.923853036953,0.1,0.9,0.36000000000000004,,,,Haiti,,3,4,0,1,AS,0.027027027027027032,,,Italy,,1,0,1,4,WE,0.19471698113207533
325-411,325,411,1.7771271289710615,6.810357891789783,117126.84893561108,117126.84893561108,0.1,0.9,0.36000000000000004,,,,Italy,,1,0,1,4,WE,0.19471698113207533,,,Equatorial Guinea (Spanish Guinea),,0,0,0,3,AS,0.13090909090909092
325-42,42,325,0.6073356419983494,0.4426800084255369,41814.091187055565,29080.50945394208|41814.091187055565,0,1,0,,,,Dominican Republic (Santo Domingo),,3,3,3,1,AS,0.037209302325581395,,,Italy,,1,0,1,4,WE,0.19471698113207533
325-452,325,452,0.6090995244185786,0.4575714961807624,164619,164619,0.9,0.09999999999999998,0.35999999999999993,,,,Italy,,1,0,1,4,WE,0.19471698113207533,,,Ghana (Gold Coast),,5,0,1,1,AS,0.05499999999999999
325-475,325,475,0.9669172150398594,0.9615039861316078,527328,527328,0,1,0,,,,Italy,,1,0,1,4,WE,0.19471698113207533,,,Nigeria,,5,0,2,3,AS,0.02918918918918919
325-480,325,480,0.8952140716098311,0.8143606215281792,130278.57622551186,130278.57622551186,0.1,0.9,0.36000000000000004,,,,Italy,,1,0,1,4,WE,0.19471698113207533,,,French Equatorial Africa,,5,5,0,1,AF,0.048
325-490,325,490,0.8159175563618706,0.6953305062189542,37527.12356921731,314.934604958074|37527.12356921731,0.1,0.9,0.36000000000000004,,,,Italy,,1,0,1,4,WE,0.19471698113207533,,,Democratic Republic of the Congo (Zaire) (Kinshasa) (Belgian Congo) (Congo Free State),,5,5,0,6,AS,0.09619047619047619
325-501,325,501,1.3663894410318222,2.0943288295000535,433371.4953168453,433371.4953168453,0,1,0,,,,Italy,,1,0,1,4,WE,0.19471698113207533,,,Kenya (British East Africa Protectorate),,4,5,2,3,AS,0.042499999999999996
325-51,51,325,0.20874852369220076,0.12300946759014497,17596,17596,0,1,0,,,,Jamaica,,3,4,3,1,AS,0.011034482758620692,,,Italy,,1,0,1,4,WE,0.19471698113207533
325-511,325,511,1.7299042670086209,5.591441209389811,294587.9677948412,294587.9677948412|6365.82377422716,0.1,0.9,0.36000000000000004,,,,Italy,,1,0,1,4,WE,0.19471698113207533,,,Zanzibar,,4,5,2,8,WE,0.2688888888888889
325-512,325,512,0.8708995182864657,0.7965471444271782,91442,91442,0.1,0.9,0.36000000000000004,,,,Italy,,1,0,1,4,WE,0.19471698113207533,,,Tanzania (Tanganyika),,4,5,2,1,AF,0.46142857142857163
325-515,325,515,0.000855998477430453,0.00045339564353463757,1.0886288786164913,1.0886288786164913,0.1,0.9,0.36000000000000004,,,,Italy,,1,0,1,4,WE,0.19471698113207533,,,Ruanda-Urundi,,4,5,0,1,AF,0.14285714285714288
325-52,52,325,0.3276740515827866,0.2063042928813511,38079,38079,0,1,0,,,,Trinidad and Tobago,,3,4,3,1,AS,0.02684931506849315,,,Italy,,1,0,1,4,WE,0.19471698113207533
325-53,53,325,0.010532873306948742,0.005606039946432162,177,177,0,1,0,,,,Barbados,,3,4,3,1,AS,0.01777777777777778,,,Italy,,1,0,1,4,WE,0.19471698113207533
325-540,325,540,0.14039488285055401,0.07977564128893311,6441.712964684222,6441.712964684222,0.2,0.8,0.6400000000000001,,,,Italy,,1,0,1,4,WE,0.19471698113207533,,,Angola,,5,5,0,6,AS,0.2853333333333333
325-5403,325,5403,,40.97950599431357,13981.115497372004,13981.115497372004,1,0,0,,,,Italy,,1,0,1,4,WE,0.19471698113207533,,,Cabinda (Portuguese Congo),,1,0,1,4,WE,0
325-551,325,551,0.8561371938435475,0.7734328354845275,21107,21107,0,1,0,,,,Italy,,1,0,1,4,WE,0.19471698113207533,,,Zambia (Northern Rhodesia),,5,5,2,6,AF,0.01894736842105263
325-552,325,552,1.7433384084650339,5.926849465393463,1056342,6110|1056342,0,1,0,,,,Italy,,1,0,1,4,WE,0.19471698113207533,,,Zimbabwe (Rhodesia) (Southern Rhodesia),,5,5,2,3,AS,0.010909090909090906
325-560,325,560,0.650663710803637,0.5062113017003519,1344574,1344574,0,1,0,,,,Italy,,1,0,1,4,WE,0.19471698113207533,,,South Africa,,5,5,2,3,AS,0.05199999999999999
325-570,325,570,0.9113591388154206,0.8404938856885017,696,696,0,1,0,,,,Italy,,1,0,1,4,WE,0.19471698113207533,,,Lesotho (Basutoland),,2,0,2,3,AS,0.02571428571428571
325-6,6,325,0.14846806134656887,0.08204479964073141,2800.5316096430824,2800.5316096430824,0,1,0,,,,Puerto Rico,,3,3,3,4,WE,0,,,Italy,,1,0,1,4,WE,0.19471698113207533
325-600,325,600,1.4942591265530298,2.8096103275880298,1286208.769381116,373615.59036957676|1286208.769381116,0.1,0.9,0.36000000000000004,,,,Italy,,1,0,1,4,WE,0.19471698113207533,,,Morocco,,0,0,0,3,AS,0.046486486486486484
325-601,325,601,1.18329416443393,1.4640570705047387,10496.830856740822,10496.830856740822,0.1,0.9,0.36000000000000004,,,,Italy,,1,0,1,4,WE,0.19471698113207533,,,Tangier,,0,0,0,5,AF,0.045
325-615,325,615,0.8162361847623503,0.7149717180741408,696948.0658097623,696948.0658097623|335632.94214030175,0.1,0.9,0.36000000000000004,,,,Italy,,1,0,1,4,WE,0.19471698113207533,,,Algeria (Regency of Algiers),,0,0,0,3,AS,0.029425287356321838
325-616,325,616,1.7515943503628315,6.010256742529517,2117884.765941288,2117884.765941288|499345.5572747833,0.1,0.9,0.36000000000000004,,,,Italy,,1,0,1,4,WE,0.19471698113207533,,,Tunisia (Regency of Tunis),,0,0,0,3,LA,0.06918918918918919
325-625,325,625,0.5089320646853472,0.3576442588706449,74167.55741220048,74167.55741220048,0,1,0,,,,Italy,,1,0,1,4,WE,0.19471698113207533,,,Sudan (Anglo-Egyptian Sudan) (Mahdist State),,4,2,2,3,AS,0.12
325-630,325,630,0.23708218446928653,0.13803008573950348,59705.179662506176,59705.179662506176,0.9,0.09999999999999998,0.35999999999999993,,,,Italy,,1,0,1,4,WE,0.19471698113207533,,,Iran (Persia),,1,6,1,3,AS,0.07904761904761903
325-640,325,640,1.7956216892058088,7.125385036509592,3358794.7585900817,3358794.7585900817|2888726.812795996,0.9,0.09999999999999998,0.35999999999999993,,,,Italy,,1,0,1,4,WE,0.19471698113207533,,,Turkey (Ottoman Empire),,1,0,1,3,AS,0.08153846153846155
325-645,325,645,1.6470886828661047,4.272520110399304,577965.096577802,577965.096577802,0,1,0,,,,Italy,,1,0,1,4,WE,0.19471698113207533,,,Iraq (Mesopotamia),,4,6,2,3,AS,0.045714285714285714
325-651,325,651,1.629090142356163,3.977692232438714,6033292.959408309,3602438.2829752504|6033292.959408309,0.7,0.30000000000000004,0.8400000000000001,,,,Italy,,1,0,1,4,WE,0.19471698113207533,,,Egypt Arab Republic (Egypt),,1,0,1,3,AS,0.3750588235294118
325-652,325,652,1.6900186682699958,4.9010398318047415,755658.8272096555,755658.8272096555,0.8,0.19999999999999996,0.6399999999999999,,,,Italy,,1,0,1,4,WE,0.19471698113207533,,,Syria,,1,0,1,4,ME,0.5333333333333332
325-665,325,665,1.691606806816847,4.939600295746625,238389.86763315654,238389.86763315654,0.9,0.09999999999999998,0.35999999999999993,,,,Italy,,1,0,1,4,WE,0.19471698113207533,,,Palestine,,1,0,1,4,ME,0.22375
325-670,325,670,0.5743388062098775,0.40882293998809627,2046.542330123791,2046.542330123791,0,1,0,,,,Italy,,1,0,1,4,WE,0.19471698113207533,,,Saudi Arabia (Emirate of Nejd) (Emirate of Diriyah),,4,2,2,1,ME,0
325-678,325,678,0.015635210443739722,0.008075754542719693,161.56913132556247,161.56913132556247,0,1,0,,,,Italy,,1,0,1,4,WE,0.19471698113207533,,,Yemen Arab Republic (North Yemen) (Kingdom of Yemen),,4,2,2,1,ME,0
325-681,325,681,0.6404540609819993,0.47760430483420535,30935.103011134357,19375.809845647436|30935.103011134357,0,1,0,,,,Italy,,1,0,1,4,WE,0.19471698113207533,,,Aden,,4,2,2,3,AS,0.4050000000000002
325-70,70,325,0.4572990725851118,0.30575528222694026,275809.27844815684,228374.0537955877|275809.27844815684,0,1,0,,,,Mexico,,3,4,3,3,LA,0.020253164556962026,,,Italy,,1,0,1,4,WE,0.19471698113207533
325-710,325,710,0.8658312981953371,0.7865622666125457,2289574.6174637023,1969448.6400361462|2289574.6174637023,0,1,0,,,,Italy,,1,0,1,4,WE,0.19471698113207533,,,People's Republic of China (China),,4,1,4,3,AS,0.0496
325-713,325,713,0.002884318973016664,0.0015300154394084498,149.7221190851072,149.7221190851072,0,1,0,,,,Italy,,1,0,1,4,WE,0.19471698113207533,,,Republic of China (Taiwan) (Formosa),,4,1,4,2,ME,0.04
325-720,325,720,0.35468880222911037,0.22131211898108105,297061.0048551791,297061.0048551791,0,1,0,,,,Italy,,1,0,1,4,WE,0.19471698113207533,,,Hong Kong,,4,1,4,8,EESU,0.09517241379310344
325-740,325,740,0.23177778780259617,0.14182078551620259,582489.0322549178,579900.255784296|582489.0322549178,0,1,0,,,,Italy,,1,0,1,4,WE,0.19471698113207533,,,Japan,,4,1,4,3,AS,0.26739726027397276
325-750,325,750,1.089444587105985,1.2102572247648156,8692253.727184312,4565803.624679913|8692253.727184312,0,1,0,,,,Italy,,1,0,1,4,WE,0.19471698113207533,,,India,,4,0,2,1,AS,0.05248
325-780,325,780,0.9844560358031342,0.9947415022629248,860193.3353170794,860193.3353170794,0,1,0,,,,Italy,,1,0,1,4,WE,0.19471698113207533,,,Sri Lanka (Ceylon),,4,0,2,1,AS,0.03645569620253165
325-80,80,325,0.9381452857362932,0.886161768671096,31441.352955954455,31441.352955954455,0,1,0,,,,Belize (British Honduras),,3,0,3,5,AF,0.03555555555555556,,,Italy,,1,0,1,4,WE,0.19471698113207533
325-800,325,800,1.030380630062803,1.06355701510844,214822.31701046784,63855.15577488821|214822.31701046784,0,1,0,,,,Italy,,1,0,1,4,WE,0.19471698113207533,,,Thailand (Siam),,4,1,4,3,AS,0.03461538461538461
325-810,325,810,0.12677248049238654,0.06961264737886508,20885.503042684373,20885.503042684373,0,1,0,,,,Italy,,1,0,1,4,WE,0.19471698113207533,,,French Indochina,,4,1,4,3,AS,0.06428571428571428
325-827,325,827,0.5079248382532404,0.34827138127571367,531659.3835398958,531659.3835398958,0,1,0,,,,Italy,,1,0,1,4,WE,0.19471698113207533,,,Straits Settlements,,4,1,4,1,AS,0.08347826086956521
325-840,325,840,0.5671540613463344,0.4150909560007281,434507.1261835876,434507.1261835876|68354.51382613463,0,1,0,,,,Italy,,1,0,1,4,WE,0.19471698113207533,,,Philippines,,4,1,3,3,AS,0.024
325-850,325,850,1.1211848033855305,1.2872714818084896,2085318.921641926,912449.8619122318|2085318.921641926,0,1,0,,,,Italy,,1,0,1,4,WE,0.19471698113207533,,,Indonesia (Dutch East Indies),,4,5,4,6,AS,0.08693333333333332
325-90,90,325,0.9222249291567866,0.8594775236949047,87828.97978857574,372.25167468047505|87828.97978857574,0.7,0.30000000000000004,0.8400000000000001,,,,Guatemala,,3,0,1,5,WE,0.48756756756756775,,,Italy,,1,0,1,4,WE,0.19471698113207533
325-900,325,900,0.8146846362564093,0.7160480747484106,2761282,2761282|1115462.5113962614,0,1,0,,,,Italy,,1,0,1,4,WE,0.19471698113207533,,,Australia,,2,0,2,1,AS,0.05283018867924528
325-91,91,325,0.48223499568837547,0.32350390847765753,30191.88500703677,3084.5253843817723|30191.88500703677,0,1,0,,,,Honduras,,3,4,3,5,WE,0.025600000000000005,,,Italy,,1,0,1,4,WE,0.19471698113207533
325-92,92,325,1.5073353574374768,2.9393504941810717,317430.9903980268,317430.9903980268|67158.90225432545,0.9,0.09999999999999998,0.35999999999999993,,,,El Salvador,,3,0,1,5,WE,0.061111111111111116,,,Italy,,1,0,1,4,WE,0.19471698113207533
325-920,325,920,0.14895675968837085,0.08571315439863458,148658,148658|39875.26161114882,0,1,0,,,,Italy,,1,0,1,4,WE,0.19471698113207533,,,New Zealand,,2,0,2,1,AS,0.05431578947368421
325-93,93,325,0.8701974695979271,0.7748925004395082,39670.60737813643,38999.53772286053|39670.60737813643,0,1,0,,,,Nicaragua,,3,0,3,5,WE,0.020645161290322584,,,Italy,,1,0,1,4,WE,0.19471698113207533
325-94,94,325,0.9516245343876121,0.9103401506951778,65241.61522926212,4097.26360269197|65241.61522926212,0,1,0,,,,Costa Rica,,3,0,2,5,WE,0.01894736842105263,,,Italy,,1,0,1,4,WE,0.19471698113207533
325-95,95,325,0.42687976391976357,0.2766124024722799,71596.66772806758,71596.66772806758,0,1,0,,,,Panama,,3,0,3,1,AS,0.021333333333333336,,,Italy,,1,0,1,4,WE,0.19471698113207533
3353-345,345,3353,1.8506955930464655,11.784628189944382,8781.300017436068,8781.300017436068,0.7,0.30000000000000004,0.8400000000000001,,,,"Yugoslavia (Kingdom of Serbs, Croats and Slovenes)",,1,0,1,3,NAM,0.0931578947368421,,,Dodecanese Is. (Aegean Is.),,1,0,1,1,WE,0.336
3353-350,350,3353,1.9860514724908183,105.44841431811665,42696.095735638184,42696.095735638184,0.7,0.30000000000000004,0.8400000000000001,,,,Greece,,1,0,1,3,AS,0.11567567567567569,,,Dodecanese Is. (Aegean Is.),,1,0,1,1,WE,0.336
3353-352,352,3353,1.9928920579965625,260.47506838531683,10689,10689,1,0,0,,,,Cyprus,,1,0,1,3,AS,0.3379310344827586,,,Dodecanese Is. (Aegean Is.),,1,0,1,1,WE,0.336
3353-651,651,3353,1.9527607783815695,30.62247158313591,43658.08026613294,43658.08026613294,1,0,0,,,,Egypt Arab Republic (Egypt),,1,0,1,3,AS,0.3750588235294118,,,Dodecanese Is. (Aegean Is.),,1,0,1,1,WE,0.336
338-345,338,345,1.6090434463561047,4.052044981143383,62216.59664568621,62216.59664568621,0,1,0,,,,Malta,,1,0,2,3,AS,0.008999999999999998,,,"Yugoslavia (Kingdom of Serbs, Croats and Slovenes)",,1,0,1,3,NAM,0.0931578947368421
338-350,338,350,1.7593593980559796,7.111232617664374,7725,7725,0,1,0,,,,Malta,,1,0,2,3,AS,0.008999999999999998,,,Greece,,1,0,1,3,AS,0.11567567567567569
338-352,338,352,0.7319183530169207,0.5774017186669114,34,34|2,0,1,0,,,,Malta,,1,0,2,3,AS,0.008999999999999998,,,Cyprus,,1,0,1,3,AS,0.3379310344827586
338-355,338,355,0.05943061378239067,0.030710515022351115,9,9,0,1,0,,,,Malta,,1,0,2,3,AS,0.008999999999999998,,,Bulgaria,,1,0,1,3,AS,0.10952380952380951
338-360,338,360,0.15460534692986327,0.08466372285589607,99,99,0,1,0,,,,Malta,,1,0,2,3,AS,0.008999999999999998,,,Romania,,1,0,1,3,AS,0.08095238095238096
338-380,338,380,0.19253883450050302,0.10809737593181379,5764.048599965806,165|5764.048599965806,0,1,0,,,,Malta,,1,0,2,3,AS,0.008999999999999998,,,Sweden,,1,0,1,8,WE,0.06709677419354838
338-385,338,385,0.25984893323687785,0.15123166866837945,2188,251|2188,0,1,0,,,,Malta,,1,0,2,3,AS,0.008999999999999998,,,Norway,,1,0,1,8,WE,0.0669767441860465
338-390,338,390,0.29328123129390415,0.1739389046929939,8264,448|8264,0.9,0.09999999999999998,0.35999999999999993,,,,Malta,,1,0,2,3,AS,0.008999999999999998,,,Denmark,,1,0,2,8,WE,0.20404040404040397
338-52,52,338,1.1987068813639012,1.4967291588839564,277,277,0,1,0,,,,Trinidad and Tobago,,3,4,3,1,AS,0.02684931506849315,,,Malta,,1,0,2,3,AS,0.008999999999999998
338-552,338,552,0.006253374656499777,0.003141516044931625,11,11,1,0,0,,,,Malta,,1,0,2,3,AS,0.008999999999999998,,,Zimbabwe (Rhodesia) (Southern Rhodesia),,5,5,2,3,AS,0.010909090909090906
338-560,338,560,0.0005616407326577422,0.00028489123748653977,13,13,1,0,0,,,,Malta,,1,0,2,3,AS,0.008999999999999998,,,South Africa,,5,5,2,3,AS,0.05199999999999999
338-615,338,615,0.7260020475499587,0.5712252990068444,9566,175|9566,0,1,0,,,,Malta,,1,0,2,3,AS,0.008999999999999998,,,Algeria (Regency of Algiers),,0,0,0,3,AS,0.029425287356321838
338-616,338,616,1.9571705366952015,42.29656061096402,240598.13719284866,17249|240598.13719284866,0,1,0,,,,Malta,,1,0,2,3,AS,0.008999999999999998,,,Tunisia (Regency of Tunis),,0,0,0,3,LA,0.06918918918918919
338-640,338,640,0.854411823350512,0.748319129056511,621,621,0,1,0,,,,Malta,,1,0,2,3,AS,0.008999999999999998,,,Turkey (Ottoman Empire),,1,0,1,3,AS,0.08153846153846155
338-651,338,651,1.3734128447302574,2.1851446973758963,4846,4498.422253089461|4846,0,1,0,,,,Malta,,1,0,2,3,AS,0.008999999999999998,,,Egypt Arab Republic (Egypt),,1,0,1,3,AS,0.3750588235294118
338-68,68,338,0,,0,0,0,1,0,,,,Netherlands Antilles,,3,3,5,6,AS,0,,,Malta,,1,0,2,3,AS,0.008999999999999998
338-740,338,740,0.2035188080161986,0.11989599000022488,720,720,0,1,0,,,,Malta,,1,0,2,3,AS,0.008999999999999998,,,Japan,,4,1,4,3,AS,0.26739726027397276
338-750,338,750,0.04836239577745649,0.026419653742552396,2535.8431552771926,157|2535.8431552771926,1,0,0,,,,Malta,,1,0,2,3,AS,0.008999999999999998,,,India,,4,0,2,1,AS,0.05248
338-780,338,780,1.819503519794182,9.858190570135596,15804.233368122235,15804.233368122235|6527,1,0,0,,,,Malta,,1,0,2,3,AS,0.008999999999999998,,,Sri Lanka (Ceylon),,4,0,2,1,AS,0.03645569620253165
338-840,338,840,0.00215597600490236,0.0010855166821771567,19.520975802209364,19.520975802209364,0,1,0,,,,Malta,,1,0,2,3,AS,0.008999999999999998,,,Philippines,,4,1,3,3,AS,0.024
338-850,338,850,1.7682592505954648,6.780106311379816,424562,35|424562,0,1,0,,,,Malta,,1,0,2,3,AS,0.008999999999999998,,,Indonesia (Dutch East Indies),,4,5,4,6,AS,0.08693333333333332
338-900,338,900,1.5415546482690128,3.210805983529777,212713,212713,1,0,0,,,,Malta,,1,0,2,3,AS,0.008999999999999998,,,Australia,,2,0,2,1,AS,0.05283018867924528
338-920,338,920,0.0005982898125852509,0.0003020579797828882,9,9,1,0,0,,,,Malta,,1,0,2,3,AS,0.008999999999999998,,,New Zealand,,2,0,2,1,AS,0.05431578947368421
3386-380,380,3386,1.2340008204488406,1.5956466243141363,1033.7695858634327,1033.7695858634327,1,0,0,,,,Sweden,,1,0,1,8,WE,0.06709677419354838,,,Svalbard Is.,,1,0,1,8,WE,0
3386-385,385,3386,1.9996731422013643,154.18636849153165,40204.114913305864,40204.114913305864,1,0,0,,,,Norway,,1,0,1,8,WE,0.0669767441860465,,,Svalbard Is.,,1,0,1,8,WE,0
339-345,339,345,1.9152177208969667,20.525223622442468,90379.35104937281,8883.068992862807|90379.35104937281,0.9,0.09999999999999998,0.35999999999999993,,,,Albania,,1,0,1,3,AS,0.28235294117647053,,,"Yugoslavia (Kingdom of Serbs, Croats and Slovenes)",,1,0,1,3,NAM,0.0931578947368421
339-350,339,350,1.9633067274177767,42.67136176840286,119464.19508326726,44310.788322744826|119464.19508326726,0.9,0.09999999999999998,0.35999999999999993,,,,Albania,,1,0,1,3,AS,0.28235294117647053,,,Greece,,1,0,1,3,AS,0.11567567567567569
339-355,339,355,1.3102403399226892,1.896946507772678,2734.278270643134,2734.278270643134,0.9,0.09999999999999998,0.35999999999999993,,,,Albania,,1,0,1,3,AS,0.28235294117647053,,,Bulgaria,,1,0,1,3,AS,0.10952380952380951
339-367,339,367,0.005731751469215229,0.002879739668693815,4.803475103481524,4.803475103481524,0.9,0.09999999999999998,0.35999999999999993,,,,Albania,,1,0,1,3,AS,0.28235294117647053,,,Latvia,,1,0,1,8,EESU,0.08675324675324675
339-390,339,390,0.007921352786679603,0.004033653636281942,54.95934003711227,54.95934003711227,0.1,0.9,0.36000000000000004,,,,Albania,,1,0,1,3,AS,0.28235294117647053,,,Denmark,,1,0,2,8,WE,0.20404040404040397
339-651,339,651,1.550956835417623,3.3811717928121,28485.905074625327,28485.905074625327|4803.291038858049,0.7,0.30000000000000004,0.8400000000000001,,,,Albania,,1,0,1,3,AS,0.28235294117647053,,,Egypt Arab Republic (Egypt),,1,0,1,3,AS,0.3750588235294118
339-70,70,339,0.021942657887285333,0.011198318535529661,100.93922505592799,100.93922505592799,0,1,0,,,,Mexico,,3,4,3,3,LA,0.020253164556962026,,,Albania,,1,0,1,3,AS,0.28235294117647053
339-850,339,850,0.0121674126467336,0.006236832458380692,112,112,0,1,0,,,,Albania,,1,0,1,3,AS,0.28235294117647053,,,Indonesia (Dutch East Indies),,4,5,4,6,AS,0.08693333333333332
345-350,345,350,1.8926753802873677,15.371728191559491,2117255.215746618,83740.19575509467|2117255.215746618,1,0,0,,,,"Yugoslavia (Kingdom of Serbs, Croats and Slovenes)",,1,0,1,3,NAM,0.0931578947368421,,,Greece,,1,0,1,3,AS,0.11567567567567569
345-352,345,352,0.8974238590843692,0.8183628561284421,5842,3026.266530336636|5842,0.7,0.30000000000000004,0.8400000000000001,,,,"Yugoslavia (Kingdom of Serbs, Croats and Slovenes)",,1,0,1,3,NAM,0.0931578947368421,,,Cyprus,,1,0,1,3,AS,0.3379310344827586
345-355,345,355,1.815121060393901,9.356011940136154,347650.68473138724,25145.277068094503|347650.68473138724,1,0,0,,,,"Yugoslavia (Kingdom of Serbs, Croats and Slovenes)",,1,0,1,3,NAM,0.0931578947368421,,,Bulgaria,,1,0,1,3,AS,0.10952380952380951
345-360,345,360,1.939375633732817,25.05536200517097,3714799.915820206,3714799.915820206|338776.97318316845,1,0,0,,,,"Yugoslavia (Kingdom of Serbs, Croats and Slovenes)",,1,0,1,3,NAM,0.0931578947368421,,,Romania,,1,0,1,3,AS,0.08095238095238096
345-365,345,365,0.09643747255883561,0.05268526715052024,23522.750669137327,23522.750669137327|16611.588922830706,1,0,0,,,,"Yugoslavia (Kingdom of Serbs, Croats and Slovenes)",,1,0,1,3,NAM,0.0931578947368421,,,Russia (USSR),,1,6,1,2,EESU,0.06482758620689656
345-366,345,366,0.21206237728591726,0.1192682153856145,2067.5501275363276,2067.5501275363276|1550.0991480651846,1,0,0,,,,"Yugoslavia (Kingdom of Serbs, Croats and Slovenes)",,1,0,1,3,NAM,0.0931578947368421,,,Estonia,,1,0,1,8,EESU,0.06666666666666665
345-367,345,367,0.22190450687391117,0.12605756658874312,6189.813595744184,6189.813595744184|14.85269962924815,1,0,0,,,,"Yugoslavia (Kingdom of Serbs, Croats and Slovenes)",,1,0,1,3,NAM,0.0931578947368421,,,Latvia,,1,0,1,8,EESU,0.08675324675324675
345-368,345,368,0.013948963998759334,0.007067405802311466,133.60184446991994,133.60184446991994|6.158341801963736,1,0,0,,,,"Yugoslavia (Kingdom of Serbs, Croats and Slovenes)",,1,0,1,3,NAM,0.0931578947368421,,,Lithuania,,1,0,1,8,EESU,0.10952380952380954
345-375,345,375,0.0030285379417980263,0.0015384220656342595,227.97840387564437,47.52863881359408|227.97840387564437,1,0,0,,,,"Yugoslavia (Kingdom of Serbs, Croats and Slovenes)",,1,0,1,3,NAM,0.0931578947368421,,,Finland,,1,0,1,8,EESU,0.07105263157894737
345-380,345,380,0.25403569464257014,0.14874244291152272,66958.08997501613,5574.290623050144|66958.08997501613,1,0,0,,,,"Yugoslavia (Kingdom of Serbs, Croats and Slovenes)",,1,0,1,3,NAM,0.0931578947368421,,,Sweden,,1,0,1,8,WE,0.06709677419354838
345-385,345,385,0.05479363717559682,0.028599448821740925,5181.593065819149,5181.593065819149|2339.528416015521,1,0,0,,,,"Yugoslavia (Kingdom of Serbs, Croats and Slovenes)",,1,0,1,3,NAM,0.0931578947368421,,,Norway,,1,0,1,8,WE,0.0669767441860465
345-390,345,390,0.054574581411291456,0.0289371136435137,10374.118016115302,8738.53506590085|10374.118016115302,0.1,0.9,0.36000000000000004,,,,"Yugoslavia (Kingdom of Serbs, Croats and Slovenes)",,1,0,1,3,NAM,0.0931578947368421,,,Denmark,,1,0,2,8,WE,0.20404040404040397
345-430,345,430,1.1697283358318402,1.4078419382225902,15242.231601378344,15242.231601378344,0,1,0,,,,"Yugoslavia (Kingdom of Serbs, Croats and Slovenes)",,1,0,1,3,NAM,0.0931578947368421,,,French West Africa,,5,0,0,1,AS,0
345-450,345,450,0.30453661156234635,0.18029553695605682,275.78927384747846,275.78927384747846,0,1,0,,,,"Yugoslavia (Kingdom of Serbs, Croats and Slovenes)",,1,0,1,3,NAM,0.0931578947368421,,,Liberia,,5,0,2,9,AF,0
345-452,345,452,0.2933375579800198,0.17290230772742454,2139.0205936303364,2139.0205936303364,1,0,0,,,,"Yugoslavia (Kingdom of Serbs, Croats and Slovenes)",,1,0,1,3,NAM,0.0931578947368421,,,Ghana (Gold Coast),,5,0,1,1,AS,0.05499999999999999
345-475,345,475,0.39648701025471234,0.24908942308999493,10978.644626683696,10978.644626683696,0,1,0,,,,"Yugoslavia (Kingdom of Serbs, Croats and Slovenes)",,1,0,1,3,NAM,0.0931578947368421,,,Nigeria,,5,0,2,3,AS,0.02918918918918919
345-480,345,480,0.22899327992398877,0.12995069720237595,3854.000235455304,3854.000235455304,0,1,0,,,,"Yugoslavia (Kingdom of Serbs, Croats and Slovenes)",,1,0,1,3,NAM,0.0931578947368421,,,French Equatorial Africa,,5,5,0,1,AF,0.048
345-490,345,490,0.14149112904466532,0.07657638754343843,766.1710764602674,766.1710764602674,0,1,0,,,,"Yugoslavia (Kingdom of Serbs, Croats and Slovenes)",,1,0,1,3,NAM,0.0931578947368421,,,Democratic Republic of the Congo (Zaire) (Kinshasa) (Belgian Congo) (Congo Free State),,5,5,0,6,AS,0.09619047619047619
345-512,345,512,1.1209697998626906,1.2742584190954278,13613.263580845387,13613.263580845387,0,1,0,,,,"Yugoslavia (Kingdom of Serbs, Croats and Slovenes)",,1,0,1,3,NAM,0.0931578947368421,,,Tanzania (Tanganyika),,4,5,2,1,AF,0.46142857142857163
345-521,345,521,1.7957910464251043,8.491647366954059,11974.340628951166,11974.340628951166,0,1,0,,,,"Yugoslavia (Kingdom of Serbs, Croats and Slovenes)",,1,0,1,3,NAM,0.0931578947368421,,,Somaliland Republic (British Somaliland),,4,2,2,8,WE,0.48
345-531,345,531,1.7581974455154497,7.069871353450153,3616.3063248520143,3616.3063248520143,0,1,0,,,,"Yugoslavia (Kingdom of Serbs, Croats and Slovenes)",,1,0,1,3,NAM,0.0931578947368421,,,Eritrea,,4,2,2,1,AS,0.45999999999999996
345-560,345,560,0.0020094614950454392,0.001035192083958858,311.1821702810771,311.1821702810771,0,1,0,,,,"Yugoslavia (Kingdom of Serbs, Croats and Slovenes)",,1,0,1,3,NAM,0.0931578947368421,,,South Africa,,5,5,2,3,AS,0.05199999999999999
345-600,345,600,1.0778375074478206,1.1690814938782246,99217.21811673832,99217.21811673832,0,1,0,,,,"Yugoslavia (Kingdom of Serbs, Croats and Slovenes)",,1,0,1,3,NAM,0.0931578947368421,,,Morocco,,0,0,0,3,AS,0.046486486486486484
345-6090,345,6090,1.1202369049243512,1.2717537853910668,1359.8371032509815,1359.8371032509815,0,1,0,,,,"Yugoslavia (Kingdom of Serbs, Croats and Slovenes)",,1,0,1,3,NAM,0.0931578947368421,,,Río de Oro,,1,0,0,3,AS,0.07200000000000001
345-615,345,615,0.9717515832156656,0.95034313596114,189829.08636750217,189829.08636750217|28121.545892850645,0,1,0,,,,"Yugoslavia (Kingdom of Serbs, Croats and Slovenes)",,1,0,1,3,NAM,0.0931578947368421,,,Algeria (Regency of Algiers),,0,0,0,3,AS,0.029425287356321838
345-616,345,616,1.0498301992972099,1.1061265509047449,57195.33361419729,57195.33361419729|6550.400248133885,0,1,0,,,,"Yugoslavia (Kingdom of Serbs, Croats and Slovenes)",,1,0,1,3,NAM,0.0931578947368421,,,Tunisia (Regency of Tunis),,0,0,0,3,LA,0.06918918918918919
345-6203,345,6203,1.9232138390432976,22.563338789152507,37830.58308111516,37830.58308111516,0,1,0,,,,"Yugoslavia (Kingdom of Serbs, Croats and Slovenes)",,1,0,1,3,NAM,0.0931578947368421,,,Tripolitania (Regency of Tripoli),,0,0,0,1,ME,0.030000000000000002
345-640,345,640,0.7659841480433395,0.6241521450918764,65673.79795402198,35022.41364617087|65673.79795402198,1,0,0,,,,"Yugoslavia (Kingdom of Serbs, Croats and Slovenes)",,1,0,1,3,NAM,0.0931578947368421,,,Turkey (Ottoman Empire),,1,0,1,3,AS,0.08153846153846155
345-651,345,651,0.8295522379292307,0.7179544441423785,201881.72608176715,4784.573600242211|201881.72608176715,0.7,0.30000000000000004,0.8400000000000001,,,,"Yugoslavia (Kingdom of Serbs, Croats and Slovenes)",,1,0,1,3,NAM,0.0931578947368421,,,Egypt Arab Republic (Egypt),,1,0,1,3,AS,0.3750588235294118
345-652,345,652,0.8650984264221013,0.7633714750381317,21819.778613068214,21819.778613068214,0.7,0.30000000000000004,0.8400000000000001,,,,"Yugoslavia (Kingdom of Serbs, Croats and Slovenes)",,1,0,1,3,NAM,0.0931578947368421,,,Syria,,1,0,1,4,ME,0.5333333333333332
345-665,345,665,1.0720994611756065,1.1547933778683814,10331.827670878267,10331.827670878267,0.9,0.09999999999999998,0.35999999999999993,,,,"Yugoslavia (Kingdom of Serbs, Croats and Slovenes)",,1,0,1,3,NAM,0.0931578947368421,,,Palestine,,1,0,1,4,ME,0.22375
345-681,345,681,0.0001609723897942894,0.00008093607322234853,0.9718569578590247,0.9718569578590247,0,1,0,,,,"Yugoslavia (Kingdom of Serbs, Croats and Slovenes)",,1,0,1,3,NAM,0.0931578947368421,,,Aden,,4,2,2,3,AS,0.4050000000000002
345-70,70,345,0.002200775317446446,0.0011236369225228193,187.90476335831747,9.925194204122713|187.90476335831747,0,1,0,,,,Mexico,,3,4,3,3,LA,0.020253164556962026,,,"Yugoslavia (Kingdom of Serbs, Croats and Slovenes)",,1,0,1,3,NAM,0.0931578947368421
345-710,345,710,0.0006816604362792633,0.00035613654268107364,192.18306537347405,192.18306537347405,0,1,0,,,,"Yugoslavia (Kingdom of Serbs, Croats and Slovenes)",,1,0,1,3,NAM,0.0931578947368421,,,People's Republic of China (China),,4,1,4,3,AS,0.0496
345-740,345,740,0.09008631258609023,0.05023990664188083,38253.711135284786,38253.711135284786,0,1,0,,,,"Yugoslavia (Kingdom of Serbs, Croats and Slovenes)",,1,0,1,3,NAM,0.0931578947368421,,,Japan,,4,1,4,3,AS,0.26739726027397276
345-750,345,750,0.3728313565777268,0.24378004286578658,183682.41979466646,183682.41979466646|11003.911722721725,0,1,0,,,,"Yugoslavia (Kingdom of Serbs, Croats and Slovenes)",,1,0,1,3,NAM,0.0931578947368421,,,India,,4,0,2,1,AS,0.05248
345-780,345,780,0.1587929525958579,0.08721977003673742,7321.975184936783,7321.975184936783,0,1,0,,,,"Yugoslavia (Kingdom of Serbs, Croats and Slovenes)",,1,0,1,3,NAM,0.0931578947368421,,,Sri Lanka (Ceylon),,4,0,2,1,AS,0.03645569620253165
345-810,345,810,0.04760697034868655,0.024619524868594533,1369.346453623366,1369.346453623366,0,1,0,,,,"Yugoslavia (Kingdom of Serbs, Croats and Slovenes)",,1,0,1,3,NAM,0.0931578947368421,,,French Indochina,,4,1,4,3,AS,0.06428571428571428
345-827,345,827,0.1715528866167494,0.09506499566016136,26903.774376137546,26903.774376137546,0,1,0,,,,"Yugoslavia (Kingdom of Serbs, Croats and Slovenes)",,1,0,1,3,NAM,0.0931578947368421,,,Straits Settlements,,4,1,4,1,AS,0.08347826086956521
345-850,345,850,0.24751369017881464,0.14474495558503464,76518.019100441,76518.019100441,0,1,0,,,,"Yugoslavia (Kingdom of Serbs, Croats and Slovenes)",,1,0,1,3,NAM,0.0931578947368421,,,Indonesia (Dutch East Indies),,4,5,4,6,AS,0.08693333333333332
345-90,90,345,0.0001900592739311202,0.00009561176760974899,1.8113048328351402,1.8113048328351402,0.8,0.19999999999999996,0.6399999999999999,,,,Guatemala,,3,0,1,5,WE,0.48756756756756775,,,"Yugoslavia (Kingdom of Serbs, Croats and Slovenes)",,1,0,1,3,NAM,0.0931578947368421
345-900,345,900,0.00003473752738292202,0.000017879870404358122,10,10,0,1,0,,,,"Yugoslavia (Kingdom of Serbs, Croats and Slovenes)",,1,0,1,3,NAM,0.0931578947368421,,,Australia,,2,0,2,1,AS,0.05283018867924528
345-91,91,345,0.0511172220117837,0.026381804975161516,456.44881787445536,456.44881787445536,0,1,0,,,,Honduras,,3,4,3,5,WE,0.025600000000000005,,,"Yugoslavia (Kingdom of Serbs, Croats and Slovenes)",,1,0,1,3,NAM,0.0931578947368421
345-920,345,920,0.0004216118077743358,0.0002146771887869825,54,54|2.825635539222819,0,1,0,,,,"Yugoslavia (Kingdom of Serbs, Croats and Slovenes)",,1,0,1,3,NAM,0.0931578947368421,,,New Zealand,,2,0,2,1,AS,0.05431578947368421
345-93,93,345,0.004659605629488417,0.0023474285418909613,22.279049443872225,22.279049443872225,0,1,0,,,,Nicaragua,,3,0,3,5,WE,0.020645161290322584,,,"Yugoslavia (Kingdom of Serbs, Croats and Slovenes)",,1,0,1,3,NAM,0.0931578947368421
345-94,94,345,0.025273802312852922,0.012869617782066634,170.98717621963723,170.98717621963723,0,1,0,,,,Costa Rica,,3,0,2,5,WE,0.01894736842105263,,,"Yugoslavia (Kingdom of Serbs, Croats and Slovenes)",,1,0,1,3,NAM,0.0931578947368421
345-95,95,345,0.04986278928638299,0.02572425413361812,1234.3571496514944,1234.3571496514944,0,1,0,,,,Panama,,3,0,3,1,AS,0.021333333333333336,,,"Yugoslavia (Kingdom of Serbs, Croats and Slovenes)",,1,0,1,3,NAM,0.0931578947368421
350-352,350,352,1.9304955670629518,24.531994912006393,186085,69903.39937746304|186085,0.7,0.30000000000000004,0.8400000000000001,,,,Greece,,1,0,1,3,AS,0.11567567567567569,,,Cyprus,,1,0,1,3,AS,0.3379310344827586
350-355,350,355,1.8922278626692033,15.96423116660793,719788.3751655173,719788.3751655173|84134.54311960256,1,0,0,,,,Greece,,1,0,1,3,AS,0.11567567567567569,,,Bulgaria,,1,0,1,3,AS,0.10952380952380951
350-360,350,360,1.528728633081573,3.2073808044298433,295024.28253344994,258398.77510301548|295024.28253344994,1,0,0,,,,Greece,,1,0,1,3,AS,0.11567567567567569,,,Romania,,1,0,1,3,AS,0.08095238095238096
350-365,350,365,1.186705759246111,1.4439144640998824,1040457.0722668313,13229.288275551897|1040457.0722668313,1,0,0,,,,Greece,,1,0,1,3,AS,0.11567567567567569,,,Russia (USSR),,1,6,1,2,EESU,0.06482758620689656
350-366,350,366,1.0846500082626005,1.1865950815612172,36895.322363269515,36895.322363269515|3292.363751744184,1,0,0,,,,Greece,,1,0,1,3,AS,0.11567567567567569,,,Estonia,,1,0,1,8,EESU,0.06666666666666665
350-367,350,367,0.1340960197551334,0.07227139154278495,1947.5340939960086,1380.9395450389115|1947.5340939960086,1,0,0,,,,Greece,,1,0,1,3,AS,0.11567567567567569,,,Latvia,,1,0,1,8,EESU,0.08675324675324675
350-368,350,368,0.1790083216535091,0.09868567342151069,1013.705292773463,1013.705292773463,1,0,0,,,,Greece,,1,0,1,3,AS,0.11567567567567569,,,Lithuania,,1,0,1,8,EESU,0.10952380952380954
350-375,350,375,0.3407990365360939,0.20755499963824886,32682.42439625741,4780.129540048359|32682.42439625741,1,0,0,,,,Greece,,1,0,1,3,AS,0.11567567567567569,,,Finland,,1,0,1,8,EESU,0.07105263157894737
350-380,350,380,1.5471657440436748,3.353686151538945,621414.175697067,621414.175697067|387997.595371642,1,0,0,,,,Greece,,1,0,1,3,AS,0.11567567567567569,,,Sweden,,1,0,1,8,WE,0.06709677419354838
350-385,350,385,0.8119835833334288,0.6875869399078225,132371.99559306182,132371.99559306182|47897.21773239091,1,0,0,,,,Greece,,1,0,1,3,AS,0.11567567567567569,,,Norway,,1,0,1,8,WE,0.0669767441860465
350-390,350,390,0.14512868076958374,0.07982153194833341,34019.83148297249,719.417489304937|34019.83148297249,0.1,0.9,0.36000000000000004,,,,Greece,,1,0,1,3,AS,0.11567567567567569,,,Denmark,,1,0,2,8,WE,0.20404040404040397
350-395,350,395,0.20965728702503128,0.11795042347977613,1900.2257336343116,1900.2257336343116,0,1,0,,,,Greece,,1,0,1,3,AS,0.11567567567567569,,,Iceland,,1,0,0,8,EESU,0.04
350-40,40,350,0.0006329718659965344,0.00032228013523971644,31.974110635774977,31.974110635774977,0,1,0,,,,Cuba,,3,3,3,3,LA,0.024242424242424242,,,Greece,,1,0,1,3,AS,0.11567567567567569
350-402,350,402,0.002395801056033431,0.0012024242619986802,2,2,0,1,0,,,,Greece,,1,0,1,3,AS,0.11567567567567569,,,Cape Verde,,5,5,2,6,AS,0.05466666666666666
350-403,350,403,0.030827938393848897,0.015696209131676797,17,17,0.7,0.30000000000000004,0.8400000000000001,,,,Greece,,1,0,1,3,AS,0.11567567567567569,,,Sao Tome-Principe,,5,5,1,6,AS,0.45333333333333325
350-404,350,404,0.0019777494775418125,0.0009924844329370908,2,2,0.1,0.9,0.36000000000000004,,,,Greece,,1,0,1,3,AS,0.11567567567567569,,,Guinea-Bissau (Portuguese Guinea),,5,5,2,6,AS,0.36666666666666675
350-4050,350,4050,0.2975551083557363,0.17513962342645584,42,42,0.7,0.30000000000000004,0.8400000000000001,,,,Greece,,1,0,1,3,AS,0.11567567567567569,,,St. Helena,,2,0,1,3,AS,0.568
350-420,350,420,0.018290266237049102,0.009255198299364054,31,31,0,1,0,,,,Greece,,1,0,1,3,AS,0.11567567567567569,,,Gambia,,5,0,3,1,AS,0
350-452,350,452,0.14172400680496777,0.07661042529523843,1489,1489|515,1,0,0,,,,Greece,,1,0,1,3,AS,0.11567567567567569,,,Ghana (Gold Coast),,5,0,1,1,AS,0.05499999999999999
350-475,350,475,0.014247334320396376,0.0072234967664477345,173,173,0,1,0,,,,Greece,,1,0,1,3,AS,0.11567567567567569,,,Nigeria,,5,0,2,3,AS,0.02918918918918919
350-490,350,490,0.01837707776812847,0.009311824244425004,71.41978406291875,71.41978406291875|50.62567517331038,0,1,0,,,,Greece,,1,0,1,3,AS,0.11567567567567569,,,Democratic Republic of the Congo (Zaire) (Kinshasa) (Belgian Congo) (Congo Free State),,5,5,0,6,AS,0.09619047619047619
350-501,350,501,0.10601704848865212,0.05617710559275413,1171,1171,0,1,0,,,,Greece,,1,0,1,3,AS,0.11567567567567569,,,Kenya (British East Africa Protectorate),,4,5,2,3,AS,0.042499999999999996
350-530,350,530,1.8817353787279212,15.343081836779104,6237.616083195769,6237.616083195769,0.1,0.9,0.36000000000000004,,,,Greece,,1,0,1,3,AS,0.11567567567567569,,,Ethiopia (Abyssinia),,1,2,2,3,AS,0.4693333333333334
350-540,350,540,0.01732712730187358,0.008765875685420088,26,26,0.1,0.9,0.36000000000000004,,,,Greece,,1,0,1,3,AS,0.11567567567567569,,,Angola,,5,5,0,6,AS,0.2853333333333333
350-541,350,541,0.001298662761397229,0.0006525787930415916,15,15,0,1,0,,,,Greece,,1,0,1,3,AS,0.11567567567567569,,,Mozambique (Portuguese East Africa),,5,5,2,6,AS,0.06285714285714285
350-552,350,552,0.08332016099221184,0.043666999145148044,784,784,0,1,0,,,,Greece,,1,0,1,3,AS,0.11567567567567569,,,Zimbabwe (Rhodesia) (Southern Rhodesia),,5,5,2,3,AS,0.010909090909090906
350-570,350,570,0,,0,0,0,1,0,,,,Greece,,1,0,1,3,AS,0.11567567567567569,,,Lesotho (Basutoland),,2,0,2,3,AS,0.02571428571428571
350-590,350,590,0.20591605671456026,0.11514626795039618,909,909,0,1,0,,,,Greece,,1,0,1,3,AS,0.11567567567567569,,,Mauritius,,4,0,2,3,AS,0.05076923076923076
350-591,350,591,0.21914619404576197,0.12332861639957449,50,50,0,1,0,,,,Greece,,1,0,1,3,AS,0.11567567567567569,,,Seychelles,,4,0,2,3,AS,0.05499999999999999
350-600,350,600,0.6093945123388891,0.44021796409812697,20300.895744497462,20300.895744497462,0,1,0,,,,Greece,,1,0,1,3,AS,0.11567567567567569,,,Morocco,,0,0,0,3,AS,0.046486486486486484
350-615,350,615,0.42264412466918977,0.27053814421632105,40641.5227217962,3658.371158576587|40641.5227217962,0,1,0,,,,Greece,,1,0,1,3,AS,0.11567567567567569,,,Algeria (Regency of Algiers),,0,0,0,3,AS,0.029425287356321838
350-616,350,616,1.183367566613228,1.448362298096963,78653.20494988347,3170.7659713810185|78653.20494988347,0,1,0,,,,Greece,,1,0,1,3,AS,0.11567567567567569,,,Tunisia (Regency of Tunis),,0,0,0,3,LA,0.06918918918918919
350-630,350,630,0.09073602455528684,0.04796047401645065,3158.582706161942,3158.582706161942,1,0,0,,,,Greece,,1,0,1,3,AS,0.11567567567567569,,,Iran (Persia),,1,6,1,3,AS,0.07904761904761903
350-640,350,640,1.8807586339478584,14.320453560268103,1040307.7002358135,35882.94566099847|1040307.7002358135,1,0,0,,,,Greece,,1,0,1,3,AS,0.11567567567567569,,,Turkey (Ottoman Empire),,1,0,1,3,AS,0.08153846153846155
350-651,350,651,1.6954549121368512,5.3181315711730415,812576.725151487,565991.980187109|812576.725151487,0.7,0.30000000000000004,0.8400000000000001,,,,Greece,,1,0,1,3,AS,0.11567567567567569,,,Egypt Arab Republic (Egypt),,1,0,1,3,AS,0.3750588235294118
350-652,350,652,0.9911536346215959,0.9826540412564468,15262.308810143255,15262.308810143255,0.7,0.30000000000000004,0.8400000000000001,,,,Greece,,1,0,1,3,AS,0.11567567567567569,,,Syria,,1,0,1,4,ME,0.5333333333333332
350-665,350,665,1.095711463036731,1.211243479716872,5888.565375421892,5888.565375421892,0.9,0.09999999999999998,0.35999999999999993,,,,Greece,,1,0,1,3,AS,0.11567567567567569,,,Palestine,,1,0,1,4,ME,0.22375
350-681,350,681,1.1406448240483533,1.3267880169478852,8656.990454636076,8656.990454636076,0,1,0,,,,Greece,,1,0,1,3,AS,0.11567567567567569,,,Aden,,4,2,2,3,AS,0.4050000000000002
350-70,70,350,0.0010365408639737561,0.0005278041062962702,47.961165953662466,47.961165953662466|32.65388893156373,0,1,0,,,,Mexico,,3,4,3,3,LA,0.020253164556962026,,,Greece,,1,0,1,3,AS,0.11567567567567569
350-710,350,710,0.022001407850630317,0.011423412617028395,6710.449146215439,6710.449146215439|1841.1758707767092,0,1,0,,,,Greece,,1,0,1,3,AS,0.11567567567567569,,,People's Republic of China (China),,4,1,4,3,AS,0.0496
350-740,350,740,0.007354734971342425,0.003928412933276393,1625.350623985228,1625.350623985228,0,1,0,,,,Greece,,1,0,1,3,AS,0.11567567567567569,,,Japan,,4,1,4,3,AS,0.26739726027397276
350-750,350,750,0.5060922670747027,0.3491171692891515,386416.6481639503,12632.438210350763|386416.6481639503,0,1,0,,,,Greece,,1,0,1,3,AS,0.11567567567567569,,,India,,4,0,2,1,AS,0.05248
350-780,350,780,0.480842795695271,0.3193077646789231,42552.514221021534,42552.514221021534,0,1,0,,,,Greece,,1,0,1,3,AS,0.11567567567567569,,,Sri Lanka (Ceylon),,4,0,2,1,AS,0.03645569620253165
350-810,350,810,0.004190560488639861,0.002115873089580833,63.948221271549954,63.948221271549954,0,1,0,,,,Greece,,1,0,1,3,AS,0.11567567567567569,,,French Indochina,,4,1,4,3,AS,0.06428571428571428
350-840,350,840,0.01652175424126312,0.008434970174952872,1360.714755391899,1360.714755391899,0,1,0,,,,Greece,,1,0,1,3,AS,0.11567567567567569,,,Philippines,,4,1,3,3,AS,0.024
350-850,350,850,0.02854472547946718,0.014856044864504203,8345,852.6429502873327|8345,0,1,0,,,,Greece,,1,0,1,3,AS,0.11567567567567569,,,Indonesia (Dutch East Indies),,4,5,4,6,AS,0.08693333333333332
350-900,350,900,0.022842861540867898,0.011867941390427794,7053,1699.9568821353696|7053,0,1,0,,,,Greece,,1,0,1,3,AS,0.11567567567567569,,,Australia,,2,0,2,1,AS,0.05283018867924528
350-920,350,920,0.0647833288263765,0.03406699546924152,3397.2492550510915,3397.2492550510915|10,0,1,0,,,,Greece,,1,0,1,3,AS,0.11567567567567569,,,New Zealand,,2,0,2,1,AS,0.05431578947368421
352-355,352,355,0.14464468559591237,0.07818792270842745,160,160,0.7,0.30000000000000004,0.8400000000000001,,,,Cyprus,,1,0,1,3,AS,0.3379310344827586,,,Bulgaria,,1,0,1,3,AS,0.10952380952380951
352-360,352,360,0.967734942941015,0.9431578685222778,7701,7701,0.7,0.30000000000000004,0.8400000000000001,,,,Cyprus,,1,0,1,3,AS,0.3379310344827586,,,Romania,,1,0,1,3,AS,0.08095238095238096
352-368,352,368,0.5206408883714737,0.3525215354579896,367,367,0.7,0.30000000000000004,0.8400000000000001,,,,Cyprus,,1,0,1,3,AS,0.3379310344827586,,,Lithuania,,1,0,1,8,EESU,0.10952380952380954
352-380,352,380,0.2622808693718812,0.15304745045436974,3968.2986151326136,3968.2986151326136|88,0.7,0.30000000000000004,0.8400000000000001,,,,Cyprus,,1,0,1,3,AS,0.3379310344827586,,,Sweden,,1,0,1,8,WE,0.06709677419354838
352-385,352,385,0.006614896253207103,0.0033651833517853724,39,39,0.7,0.30000000000000004,0.8400000000000001,,,,Cyprus,,1,0,1,3,AS,0.3379310344827586,,,Norway,,1,0,1,8,WE,0.0669767441860465
352-390,352,390,0.5452932190573632,0.3783137195758355,8740,8740,0.1,0.9,0.36000000000000004,,,,Cyprus,,1,0,1,3,AS,0.3379310344827586,,,Denmark,,1,0,2,8,WE,0.20404040404040397
352-4050,352,4050,0,,0,0,0.7,0.30000000000000004,0.8400000000000001,,,,Cyprus,,1,0,1,3,AS,0.3379310344827586,,,St. Helena,,2,0,1,3,AS,0.568
352-420,352,420,0,,0,0,0,1,0,,,,Cyprus,,1,0,1,3,AS,0.3379310344827586,,,Gambia,,5,0,3,1,AS,0
352-452,352,452,0.008746191782184054,0.004403308288996155,3,3,0.7,0.30000000000000004,0.8400000000000001,,,,Cyprus,,1,0,1,3,AS,0.3379310344827586,,,Ghana (Gold Coast),,5,0,1,1,AS,0.05499999999999999
352-475,352,475,0.0008198683025292253,0.0004119823147820112,1,1,0,1,0,,,,Cyprus,,1,0,1,3,AS,0.3379310344827586,,,Nigeria,,5,0,2,3,AS,0.02918918918918919
352-490,352,490,0.0021714887042421083,0.0010889011702374107,2.3491465275408494,2.3491465275408494,0,1,0,,,,Cyprus,,1,0,1,3,AS,0.3379310344827586,,,Democratic Republic of the Congo (Zaire) (Kinshasa) (Belgian Congo) (Congo Free State),,5,5,0,6,AS,0.09619047619047619
352-501,352,501,0.26705358059214157,0.1543111323472386,326,326,0,1,0,,,,Cyprus,,1,0,1,3,AS,0.3379310344827586,,,Kenya (British East Africa Protectorate),,4,5,2,3,AS,0.042499999999999996
352-52,52,352,0.5010910507077765,0.3346534291862475,516,516,0,1,0,,,,Trinidad and Tobago,,3,4,3,1,AS,0.02684931506849315,,,Cyprus,,1,0,1,3,AS,0.3379310344827586
352-552,352,552,0.005467247568852529,0.002747795975588385,5,5,0,1,0,,,,Cyprus,,1,0,1,3,AS,0.3379310344827586,,,Zimbabwe (Rhodesia) (Southern Rhodesia),,5,5,2,3,AS,0.010909090909090906
352-560,352,560,0.00470459197184625,0.0024162298334775567,40,40,0,1,0,,,,Cyprus,,1,0,1,3,AS,0.3379310344827586,,,South Africa,,5,5,2,3,AS,0.05199999999999999
352-570,352,570,0,,0,0,0,1,0,,,,Cyprus,,1,0,1,3,AS,0.3379310344827586,,,Lesotho (Basutoland),,2,0,2,3,AS,0.02571428571428571
352-590,352,590,0.012404356142936668,0.006249326012797485,5,5,0,1,0,,,,Cyprus,,1,0,1,3,AS,0.3379310344827586,,,Mauritius,,4,0,2,3,AS,0.05076923076923076
352-591,352,591,0,,0,0,0,1,0,,,,Cyprus,,1,0,1,3,AS,0.3379310344827586,,,Seychelles,,4,0,2,3,AS,0.05499999999999999
352-615,352,615,1.1086513490831555,1.2425273826208745,10118,10118,0,1,0,,,,Cyprus,,1,0,1,3,AS,0.3379310344827586,,,Algeria (Regency of Algiers),,0,0,0,3,AS,0.029425287356321838
352-625,352,625,1.0615492354194476,1.132263975125804,716,716,0,1,0,,,,Cyprus,,1,0,1,3,AS,0.3379310344827586,,,Sudan (Anglo-Egyptian Sudan) (Mahdist State),,4,2,2,3,AS,0.12
352-630,352,630,0.0018004760603658188,0.000905767782557354,4,4,0.7,0.30000000000000004,0.8400000000000001,,,,Cyprus,,1,0,1,3,AS,0.3379310344827586,,,Iran (Persia),,1,6,1,3,AS,0.07904761904761903
352-640,352,640,1.5728801558601653,3.6528316639188856,21167,21167,0.7,0.30000000000000004,0.8400000000000001,,,,Cyprus,,1,0,1,3,AS,0.3379310344827586,,,Turkey (Ottoman Empire),,1,0,1,3,AS,0.08153846153846155
352-651,352,651,1.8862336611329282,14.446838605835431,223718,49585.20799084885|223718,1,0,0,,,,Cyprus,,1,0,1,3,AS,0.3379310344827586,,,Egypt Arab Republic (Egypt),,1,0,1,3,AS,0.3750588235294118
352-652,352,652,1.9390487231556102,30.646642774913595,48242,48242,0.7,0.30000000000000004,0.8400000000000001,,,,Cyprus,,1,0,1,3,AS,0.3379310344827586,,,Syria,,1,0,1,4,ME,0.5333333333333332
352-665,352,665,1.9748101942397462,75.18051504824506,37043,37043,0.8,0.19999999999999996,0.6399999999999999,,,,Cyprus,,1,0,1,3,AS,0.3379310344827586,,,Palestine,,1,0,1,4,ME,0.22375
352-750,352,750,0.7461862644149273,0.6042395344350784,36252.75369918151,36252.75369918151|89,0,1,0,,,,Cyprus,,1,0,1,3,AS,0.3379310344827586,,,India,,4,0,2,1,AS,0.05248
352-80,80,352,0.005502663187392232,0.0027606217996913873,1,1,0,1,0,,,,Belize (British Honduras),,3,0,3,5,AF,0.03555555555555556,,,Cyprus,,1,0,1,3,AS,0.3379310344827586
352-850,352,850,1.9045487978925557,14.747076869415695,449031,449031,0.3,0.7,0.84,,,,Cyprus,,1,0,1,3,AS,0.3379310344827586,,,Indonesia (Dutch East Indies),,4,5,4,6,AS,0.08693333333333332
352-900,352,900,0.9080311375323402,0.8345419146159629,26884,26884|1699,0,1,0,,,,Cyprus,,1,0,1,3,AS,0.3379310344827586,,,Australia,,2,0,2,1,AS,0.05283018867924528
352-920,352,920,0.0005468919411334427,0.0002760845041157589,4,4,0,1,0,,,,Cyprus,,1,0,1,3,AS,0.3379310344827586,,,New Zealand,,2,0,2,1,AS,0.05431578947368421
352-935,352,935,0.18591438213481037,0.10251127137230265,8,8,0,1,0,,,,Cyprus,,1,0,1,3,AS,0.3379310344827586,,,Vanuatu (New Hebrides),,3,0,3,3,LA,0.252
352-945,352,945,0.18160569997246734,0.09989843194169712,8,8,0,1,0,,,,Cyprus,,1,0,1,3,AS,0.3379310344827586,,,Gilbert and Ellice Is.,,2,0,3,3,LA,0.7866666666666666
352-950,352,950,0.013015138966322781,0.006554771195983133,2,2,0,1,0,,,,Cyprus,,1,0,1,3,AS,0.3379310344827586,,,Fiji,,2,8,2,3,LA,0.0672
352-9620,352,9620,0,,0,0,0,1,0,,,,Cyprus,,1,0,1,3,AS,0.3379310344827586,,,Pitcairn Is.,,3,4,3,3,LA,0
355-360,355,360,1.2788947326425393,1.766627883728024,82328.24563344731,40100.77090633021|82328.24563344731,1,0,0,,,,Bulgaria,,1,0,1,3,AS,0.10952380952380951,,,Romania,,1,0,1,3,AS,0.08095238095238096
355-365,355,365,0.6037426792463498,0.43927226629259786,85392.21741815936,947.5074918334938|85392.21741815936,1,0,0,,,,Bulgaria,,1,0,1,3,AS,0.10952380952380951,,,Russia (USSR),,1,6,1,2,EESU,0.06482758620689656
355-366,355,366,0.48901098929468845,0.32462611002901287,2723.0399933452454,609.4297013201345|2723.0399933452454,1,0,0,,,,Bulgaria,,1,0,1,3,AS,0.10952380952380951,,,Estonia,,1,0,1,8,EESU,0.06666666666666665
355-367,355,367,0.6955353602230712,0.5347392501557025,7526.8866945901445,38.55273049713746|7526.8866945901445,1,0,0,,,,Bulgaria,,1,0,1,3,AS,0.10952380952380951,,,Latvia,,1,0,1,8,EESU,0.08675324675324675
355-368,355,368,0.7584003090946226,0.6119894796683402,3787.064372680349,3787.064372680349|30.791709009818682,1,0,0,,,,Bulgaria,,1,0,1,3,AS,0.10952380952380951,,,Lithuania,,1,0,1,8,EESU,0.10952380952380954
355-375,355,375,0.2401911060465135,0.13784486796731787,5088.960425622145,5088.960425622145|2105.7743406709974,1,0,0,,,,Bulgaria,,1,0,1,3,AS,0.10952380952380951,,,Finland,,1,0,1,8,EESU,0.07105263157894737
355-380,355,380,0.7587337159258083,0.616241803057161,79521.39071350178,9492.868486256693|79521.39071350178,1,0,0,,,,Bulgaria,,1,0,1,3,AS,0.10952380952380951,,,Sweden,,1,0,1,8,WE,0.06709677419354838
355-385,355,385,0.33708127083535677,0.2042477640985656,10607.855983670743,2654.207214995233|10607.855983670743,1,0,0,,,,Bulgaria,,1,0,1,3,AS,0.10952380952380951,,,Norway,,1,0,1,8,WE,0.0669767441860465
355-390,355,390,0.14074376839763747,0.0777944595522112,9129.583141187513,9129.583141187513|8298.860345603953,0.1,0.9,0.36000000000000004,,,,Bulgaria,,1,0,1,3,AS,0.10952380952380951,,,Denmark,,1,0,2,8,WE,0.20404040404040397
355-452,355,452,0.016500557815757766,0.00835713272159766,125,125,1,0,0,,,,Bulgaria,,1,0,1,3,AS,0.10952380952380951,,,Ghana (Gold Coast),,5,0,1,1,AS,0.05499999999999999
355-615,355,615,0.7362803912353314,0.5850165100392429,23708.899420277696,177.93567921755752|23708.899420277696,0,1,0,,,,Bulgaria,,1,0,1,3,AS,0.10952380952380951,,,Algeria (Regency of Algiers),,0,0,0,3,AS,0.029425287356321838
355-640,355,640,1.777520530935203,7.801604772297268,239052.13663680808,239052.13663680808|152894.1229209541,1,0,0,,,,Bulgaria,,1,0,1,3,AS,0.10952380952380951,,,Turkey (Ottoman Empire),,1,0,1,3,AS,0.08153846153846155
355-651,355,651,1.3626955424076836,2.1293370010709283,195997.63345546642,19950.594999337936|195997.63345546642,0.7,0.30000000000000004,0.8400000000000001,,,,Bulgaria,,1,0,1,3,AS,0.10952380952380951,,,Egypt Arab Republic (Egypt),,1,0,1,3,AS,0.3750588235294118
355-652,355,652,0.6372430605545103,0.4682939658537866,4381.666100732354,4381.666100732354,0.7,0.30000000000000004,0.8400000000000001,,,,Bulgaria,,1,0,1,3,AS,0.10952380952380951,,,Syria,,1,0,1,4,ME,0.5333333333333332
355-665,355,665,1.715559659581246,5.978823631310825,17510.353632334474,17510.353632334474,0.9,0.09999999999999998,0.35999999999999993,,,,Bulgaria,,1,0,1,3,AS,0.10952380952380951,,,Palestine,,1,0,1,4,ME,0.22375
355-70,70,355,0.000028360723258513687,0.000014353359037655444,1.0917713624534984,1.0917713624534984,0,1,0,,,,Mexico,,3,4,3,3,LA,0.020253164556962026,,,Bulgaria,,1,0,1,3,AS,0.10952380952380951
355-710,355,710,0.000016123068989348788,0.000008394153581448016,1.4827973268129793,1.4827973268129793,0,1,0,,,,Bulgaria,,1,0,1,3,AS,0.10952380952380951,,,People's Republic of China (China),,4,1,4,3,AS,0.0496
355-750,355,750,0.39071604075363964,0.2502929208876201,74736.88536339614,11.862378614503834|74736.88536339614,0,1,0,,,,Bulgaria,,1,0,1,3,AS,0.10952380952380951,,,India,,4,0,2,1,AS,0.05248
355-850,355,850,0.01067848843435304,0.005483730186141678,831,831,0,1,0,,,,Bulgaria,,1,0,1,3,AS,0.10952380952380951,,,Indonesia (Dutch East Indies),,4,5,4,6,AS,0.08693333333333332
355-900,355,900,0.00012195807412973547,0.00006237344078119378,10,10,0,1,0,,,,Bulgaria,,1,0,1,3,AS,0.10952380952380951,,,Australia,,2,0,2,1,AS,0.05283018867924528
360-365,360,365,0.22683204134787527,0.13300675887759406,52595.32678131051,38552.6044883673|52595.32678131051,1,0,0,,,,Romania,,1,0,1,3,AS,0.08095238095238096,,,Russia (USSR),,1,6,1,2,EESU,0.06482758620689656
360-366,360,366,0.11543517466865949,0.06196506219634679,2073.9576579782934,2073.9576579782934,1,0,0,,,,Romania,,1,0,1,3,AS,0.08095238095238096,,,Estonia,,1,0,1,8,EESU,0.06666666666666665
360-367,360,367,0.7679671423374185,0.6285294193124856,35300.540044778965,35300.540044778965,1,0,0,,,,Romania,,1,0,1,3,AS,0.08095238095238096,,,Latvia,,1,0,1,8,EESU,0.08675324675324675
360-368,360,368,0.000809756417647689,0.00040992761920766174,14.369464204582052,14.369464204582052,1,0,0,,,,Romania,,1,0,1,3,AS,0.08095238095238096,,,Lithuania,,1,0,1,8,EESU,0.10952380952380954
360-375,360,375,0.001451763912715065,0.0007382320078083149,125.1290557635639,125.1290557635639,1,0,0,,,,Romania,,1,0,1,3,AS,0.08095238095238096,,,Finland,,1,0,1,8,EESU,0.07105263157894737
360-380,360,380,0.6726748268859764,0.515006686398201,265172.267354964,115527.73326762608|265172.267354964,1,0,0,,,,Romania,,1,0,1,3,AS,0.08095238095238096,,,Sweden,,1,0,1,8,WE,0.06709677419354838
360-385,360,385,0.46056287552442543,0.30333987465197265,62861.13675023469,62861.13675023469|56208.02439263445,1,0,0,,,,Romania,,1,0,1,3,AS,0.08095238095238096,,,Norway,,1,0,1,8,WE,0.0669767441860465
360-390,360,390,0.12666031462903793,0.06924254433242372,31766.498541450892,31766.498541450892|14768.835544321204,0.1,0.9,0.36000000000000004,,,,Romania,,1,0,1,3,AS,0.08095238095238096,,,Denmark,,1,0,2,8,WE,0.20404040404040397
360-615,360,615,0.057342794865992364,0.02998199899129672,4848.2642230646115,4848.2642230646115,0,1,0,,,,Romania,,1,0,1,3,AS,0.08095238095238096,,,Algeria (Regency of Algiers),,0,0,0,3,AS,0.029425287356321838
360-616,360,616,0.010572444607076847,0.0053821149908370725,314.6128197995339,314.6128197995339,0,1,0,,,,Romania,,1,0,1,3,AS,0.08095238095238096,,,Tunisia (Regency of Tunis),,0,0,0,3,LA,0.06918918918918919
360-640,360,640,1.4749074499148997,2.7689290626327927,365396.97957959276,174827.54213302615|365396.97957959276,1,0,0,,,,Romania,,1,0,1,3,AS,0.08095238095238096,,,Turkey (Ottoman Empire),,1,0,1,3,AS,0.08153846153846155
360-651,360,651,1.2567987791308874,1.6877100614827087,595181.4936920984,205660.7680373351|595181.4936920984,0.7,0.30000000000000004,0.8400000000000001,,,,Romania,,1,0,1,3,AS,0.08095238095238096,,,Egypt Arab Republic (Egypt),,1,0,1,3,AS,0.3750588235294118
360-70,70,360,0.00008972098779724824,0.00004578323493298342,13.895271885771798,13.895271885771798,0,1,0,,,,Mexico,,3,4,3,3,LA,0.020253164556962026,,,Romania,,1,0,1,3,AS,0.08095238095238096
360-740,360,740,0.005628595442309647,0.003014188039418886,2878.369544848167,2878.369544848167,0,1,0,,,,Romania,,1,0,1,3,AS,0.08095238095238096,,,Japan,,4,1,4,3,AS,0.26739726027397276
360-750,360,750,0.06643913797053169,0.036009185358047646,42902.455357898536,42902.455357898536,0,1,0,,,,Romania,,1,0,1,3,AS,0.08095238095238096,,,India,,4,0,2,1,AS,0.05248
360-780,360,780,0.6348524696162678,0.47011042114088775,67437.25042148915,67437.25042148915,0,1,0,,,,Romania,,1,0,1,3,AS,0.08095238095238096,,,Sri Lanka (Ceylon),,4,0,2,1,AS,0.03645569620253165
360-850,360,850,0.007195650145109034,0.003719478789457775,2249,2249,0,1,0,,,,Romania,,1,0,1,3,AS,0.08095238095238096,,,Indonesia (Dutch East Indies),,4,5,4,6,AS,0.08693333333333332
360-900,360,900,0.000009094373000451128,0.000004689629505505444,3,3,0,1,0,,,,Romania,,1,0,1,3,AS,0.08095238095238096,,,Australia,,2,0,2,1,AS,0.05283018867924528
360-92,92,360,0.10588799757124956,0.056529962341968276,1012.7232618183224,1012.7232618183224,1,0,0,,,,El Salvador,,3,0,1,5,WE,0.061111111111111116,,,Romania,,1,0,1,3,AS,0.08095238095238096
365-366,365,366,1.3641853821266712,2.1670522167204185,154244.47453659392,154244.47453659392,1,0,0,,,,Russia (USSR),,1,6,1,2,EESU,0.06482758620689656,,,Estonia,,1,0,1,8,EESU,0.06666666666666665
365-367,365,367,1.8780346563452794,13.321242338274754,1591064.2287968374,1591064.2287968374,1,0,0,,,,Russia (USSR),,1,6,1,2,EESU,0.06482758620689656,,,Latvia,,1,0,1,8,EESU,0.08675324675324675
365-368,365,368,0.5064703348768231,0.3501922800466991,26105.210898524278,26105.210898524278,1,0,0,,,,Russia (USSR),,1,6,1,2,EESU,0.06482758620689656,,,Lithuania,,1,0,1,8,EESU,0.10952380952380954
365-375,365,375,1.5002659627373767,2.977147843810129,1254632.4891908586,1254632.4891908586|1073131.4971598352,1,0,0,,,,Russia (USSR),,1,6,1,2,EESU,0.06482758620689656,,,Finland,,1,0,1,8,EESU,0.07105263157894737
365-380,365,380,1.1423278173440168,1.3520061727782247,1480407.0771080484,390724.72719785874|1480407.0771080484,1,0,0,,,,Russia (USSR),,1,6,1,2,EESU,0.06482758620689656,,,Sweden,,1,0,1,8,WE,0.06709677419354838
365-385,365,385,1.3802109175855142,2.232691562582511,983940.1946494946,983940.1946494946|633930.4097179328,1,0,0,,,,Russia (USSR),,1,6,1,2,EESU,0.06482758620689656,,,Norway,,1,0,1,8,WE,0.0669767441860465
365-390,365,390,1.264384153383185,1.6990162595346892,3186586.3701873585,3186586.3701873585|250999.30594949174,0.1,0.9,0.36000000000000004,,,,Russia (USSR),,1,6,1,2,EESU,0.06482758620689656,,,Denmark,,1,0,2,8,WE,0.20404040404040397
365-452,365,452,0.018325824976158644,0.009596766047550886,1218,1218,1,0,0,,,,Russia (USSR),,1,6,1,2,EESU,0.06482758620689656,,,Ghana (Gold Coast),,5,0,1,1,AS,0.05499999999999999
365-560,365,560,0.30507670101481876,0.18777198925887428,295295.4498661725,295295.4498661725,0,1,0,,,,Russia (USSR),,1,6,1,2,EESU,0.06482758620689656,,,South Africa,,5,5,2,3,AS,0.05199999999999999
365-600,365,600,0.16935590475600115,0.09494702513022246,42155.65163681284,42155.65163681284,0,1,0,,,,Russia (USSR),,1,6,1,2,EESU,0.06482758620689656,,,Morocco,,0,0,0,3,AS,0.046486486486486484
365-615,365,615,0.2627088256774992,0.15604238446208174,163063.61951822112,163063.61951822112|24426.86200905099,0,1,0,,,,Russia (USSR),,1,6,1,2,EESU,0.06482758620689656,,,Algeria (Regency of Algiers),,0,0,0,3,AS,0.029425287356321838
365-616,365,616,0.05019738392884021,0.026448359544637534,7154.622194770434,7154.622194770434|1339.1212329928878,0,1,0,,,,Russia (USSR),,1,6,1,2,EESU,0.06482758620689656,,,Tunisia (Regency of Tunis),,0,0,0,3,LA,0.06918918918918919
365-630,365,630,1.9814844841916817,29.77141731176264,12489551.163269507,2732294.669712779|12489551.163269507,1,0,0,,,,Russia (USSR),,1,6,1,2,EESU,0.06482758620689656,,,Iran (Persia),,1,6,1,3,AS,0.07904761904761903
365-640,365,640,1.7313233122159408,5.633811535658463,3101245.6248713196,538125.0920740521|3101245.6248713196,1,0,0,,,,Russia (USSR),,1,6,1,2,EESU,0.06482758620689656,,,Turkey (Ottoman Empire),,1,0,1,3,AS,0.08153846153846155
365-645,365,645,0.8417760456177195,0.7316850400214483,95995.47045501338,95995.47045501338,0,1,0,,,,Russia (USSR),,1,6,1,2,EESU,0.06482758620689656,,,Iraq (Mesopotamia),,4,6,2,3,AS,0.045714285714285714
365-651,365,651,1.5907565464258586,3.766276982211029,2272038.619496626,2272038.619496626|1621268.2725962528,0.7,0.30000000000000004,0.8400000000000001,,,,Russia (USSR),,1,6,1,2,EESU,0.06482758620689656,,,Egypt Arab Republic (Egypt),,1,0,1,3,AS,0.3750588235294118
365-652,365,652,0.007358371685537435,0.0037863259094667034,566.1931233271566,566.1931233271566,0.7,0.30000000000000004,0.8400000000000001,,,,Russia (USSR),,1,6,1,2,EESU,0.06482758620689656,,,Syria,,1,0,1,4,ME,0.5333333333333332
365-665,365,665,1.4961267338183657,2.836078147278328,132746.5513691579,132746.5513691579,0.9,0.09999999999999998,0.35999999999999993,,,,Russia (USSR),,1,6,1,2,EESU,0.06482758620689656,,,Palestine,,1,0,1,4,ME,0.22375
365-678,365,678,1.660944407024275,4.4830570016007965,86987.85258389953,86987.85258389953,0,1,0,,,,Russia (USSR),,1,6,1,2,EESU,0.06482758620689656,,,Yemen Arab Republic (North Yemen) (Kingdom of Yemen),,4,2,2,1,ME,0
365-681,365,681,0.09134500775513033,0.04957660803465147,1850.796477228034,1850.796477228034,0,1,0,,,,Russia (USSR),,1,6,1,2,EESU,0.06482758620689656,,,Aden,,4,2,2,3,AS,0.4050000000000002
365-70,70,365,0.12376005631608522,0.06848270603481332,59913.52686843731,177.26396848563166|59913.52686843731,0,1,0,,,,Mexico,,3,4,3,3,LA,0.020253164556962026,,,Russia (USSR),,1,6,1,2,EESU,0.06482758620689656
365-700,365,700,1.9954651172752311,38.60561602750755,1155445.7484043648,1155445.7484043648,1,0,0,,,,Russia (USSR),,1,6,1,2,EESU,0.06482758620689656,,,Afghanistan,,1,6,1,3,AS,0
365-710,365,710,1.6948951271290005,5.006762843548465,6732621.81608441,4188336.4216594603|6732621.81608441,0,1,0,,,,Russia (USSR),,1,6,1,2,EESU,0.06482758620689656,,,People's Republic of China (China),,4,1,4,3,AS,0.0496
365-712,365,712,,42.25300970569543,1802089.7673460983,1802089.7673460983,1,0,0,,,,Russia (USSR),,1,6,1,2,EESU,0.06482758620689656,,,Mongolia,,1,6,1,2,AS,0
365-713,365,713,0.7286341154694228,0.5899708091206053,20366.76536850805,20366.76536850805,0,1,0,,,,Russia (USSR),,1,6,1,2,EESU,0.06482758620689656,,,Republic of China (Taiwan) (Formosa),,4,1,4,2,ME,0.04
365-730,365,730,0.16031024038591712,0.08913310756984871,11117.97405806053,11117.97405806053,0,1,0,,,,Russia (USSR),,1,6,1,2,EESU,0.06482758620689656,,,Korea (Chosen),,4,1,4,2,ME,0
365-740,365,740,0.9090629918953035,0.8678249341471828,3456917.8505250155,218649.3597038693|3456917.8505250155,0,1,0,,,,Russia (USSR),,1,6,1,2,EESU,0.06482758620689656,,,Japan,,4,1,4,3,AS,0.26739726027397276
365-750,365,750,0.35327468724824707,0.2320503053774553,914710.7267860819,914710.7267860819|561470.6388717652,0,1,0,,,,Russia (USSR),,1,6,1,2,EESU,0.06482758620689656,,,India,,4,0,2,1,AS,0.05248
365-780,365,780,0.7985625511266078,0.6843937078250909,208782.08386154706,208782.08386154706,0,1,0,,,,Russia (USSR),,1,6,1,2,EESU,0.06482758620689656,,,Sri Lanka (Ceylon),,4,0,2,1,AS,0.03645569620253165
365-840,365,840,0.001505334961405036,0.0007845886362910504,289.73237769594954,289.73237769594954,0,1,0,,,,Russia (USSR),,1,6,1,2,EESU,0.06482758620689656,,,Philippines,,4,1,3,3,AS,0.024
365-850,365,850,0.1338369861140234,0.07557182408725083,97174.99290348556,97174.99290348556,0,1,0,,,,Russia (USSR),,1,6,1,2,EESU,0.06482758620689656,,,Indonesia (Dutch East Indies),,4,5,4,6,AS,0.08693333333333332
365-900,365,900,0.38754138364015434,0.25214669266654544,343023,5456.042824788964|343023,0,1,0,,,,Russia (USSR),,1,6,1,2,EESU,0.06482758620689656,,,Australia,,2,0,2,1,AS,0.05283018867924528
365-920,365,920,0.0003091198993926403,0.0001608320418490239,154.41630636195183,154.41630636195183,0,1,0,,,,Russia (USSR),,1,6,1,2,EESU,0.06482758620689656,,,New Zealand,,2,0,2,1,AS,0.05431578947368421
366-367,366,367,1.9327043381951803,26.758618211627063,299567.99053162115,161129.15830613155|299567.99053162115,1,0,0,,,,Estonia,,1,0,1,8,EESU,0.06666666666666665,,,Latvia,,1,0,1,8,EESU,0.08675324675324675
366-368,366,368,1.7948446365958088,8.64570939245855,36895.322363269515,36895.322363269515|5189.429358454775,1,0,0,,,,Estonia,,1,0,1,8,EESU,0.06666666666666665,,,Lithuania,,1,0,1,8,EESU,0.10952380952380954
366-375,366,375,1.8139466763605825,9.39368340693556,239158.7836174321,239158.7836174321|118134.09802399472,1,0,0,,,,Estonia,,1,0,1,8,EESU,0.06666666666666665,,,Finland,,1,0,1,8,EESU,0.07105263157894737
366-380,366,380,1.7396248691595677,6.1220272076273305,368559.0430020351,215755.0343571492|368559.0430020351,1,0,0,,,,Estonia,,1,0,1,8,EESU,0.06666666666666665,,,Sweden,,1,0,1,8,WE,0.06709677419354838
366-385,366,385,1.129648927924412,1.3029167818321437,61896.03333778349,9981.892458367614|61896.03333778349,1,0,0,,,,Estonia,,1,0,1,8,EESU,0.06666666666666665,,,Norway,,1,0,1,8,WE,0.0669767441860465
366-390,366,390,1.6485611018001518,4.528929862183128,366530.2472386894,115579.4920980471|366530.2472386894,0.1,0.9,0.36000000000000004,,,,Estonia,,1,0,1,8,EESU,0.06666666666666665,,,Denmark,,1,0,2,8,WE,0.20404040404040397
366-40,40,366,0.16196695717607512,0.08951448190693512,3689.532236326952,3689.532236326952,0,1,0,,,,Cuba,,3,3,3,3,LA,0.024242424242424242,,,Estonia,,1,0,1,8,EESU,0.06666666666666665
366-402,366,402,0.02568546044623099,0.013024383449548704,9,9,0,1,0,,,,Estonia,,1,0,1,8,EESU,0.06666666666666665,,,Cape Verde,,5,5,2,6,AS,0.05466666666666666
366-404,366,404,0.025907104844164697,0.01313933309000026,11,11,0.1,0.9,0.36000000000000004,,,,Estonia,,1,0,1,8,EESU,0.06666666666666665,,,Guinea-Bissau (Portuguese Guinea),,5,5,2,6,AS,0.36666666666666675
366-41,41,366,0.4367259429721133,0.27979726770474944,655.1948439972847,655.1948439972847,0,1,0,,,,Haiti,,3,4,0,1,AS,0.027027027027027032,,,Estonia,,1,0,1,8,EESU,0.06666666666666665
366-42,42,366,0.2998447180517331,0.17673703261162532,698.6432161534334,698.6432161534334,0,1,0,,,,Dominican Republic (Santo Domingo),,3,3,3,1,AS,0.037209302325581395,,,Estonia,,1,0,1,8,EESU,0.06666666666666665
366-501,366,501,0.0841278804228518,0.04401034259790071,381.1231732480423,381.1231732480423,0,1,0,,,,Estonia,,1,0,1,8,EESU,0.06666666666666665,,,Kenya (British East Africa Protectorate),,4,5,2,3,AS,0.042499999999999996
366-541,366,541,0.005733531315224583,0.002883335223581751,27.533822659156357,27.533822659156357,0,1,0,,,,Estonia,,1,0,1,8,EESU,0.06666666666666665,,,Mozambique (Portuguese East Africa),,5,5,2,6,AS,0.06285714285714285
366-560,366,560,0.10928852896830066,0.05924219610367343,4020.1583788181015,5|4020.1583788181015,0,1,0,,,,Estonia,,1,0,1,8,EESU,0.06666666666666665,,,South Africa,,5,5,2,3,AS,0.05199999999999999
366-630,366,630,0.018508958030136635,0.009396822601704935,170.10395638826796,170.10395638826796,1,0,0,,,,Estonia,,1,0,1,8,EESU,0.06666666666666665,,,Iran (Persia),,1,6,1,3,AS,0.07904761904761903
366-640,366,640,0.34495389555752964,0.20970518515606695,4981.143857267976,4981.143857267976,1,0,0,,,,Estonia,,1,0,1,8,EESU,0.06666666666666665,,,Turkey (Ottoman Empire),,1,0,1,3,AS,0.08153846153846155
366-651,366,651,0.9596657725664277,0.9240660087232877,30648.96310740364,30648.96310740364|1879.3485994233763,0.7,0.30000000000000004,0.8400000000000001,,,,Estonia,,1,0,1,8,EESU,0.06666666666666665,,,Egypt Arab Republic (Egypt),,1,0,1,3,AS,0.3750588235294118
366-652,366,652,0.020832327027721753,0.010548296153972792,68.06360961343451,68.06360961343451,0.7,0.30000000000000004,0.8400000000000001,,,,Estonia,,1,0,1,8,EESU,0.06666666666666665,,,Syria,,1,0,1,4,ME,0.5333333333333332
366-70,70,366,0.07986551206709847,0.04226296231265336,1595.4748878074743,1595.4748878074743|0.012605438309990499,0,1,0,,,,Mexico,,3,4,3,3,LA,0.020253164556962026,,,Estonia,,1,0,1,8,EESU,0.06666666666666665
366-710,366,710,0.2019573246575035,0.11662707511430481,14207.45249212468,14207.45249212468,0,1,0,,,,Estonia,,1,0,1,8,EESU,0.06666666666666665,,,People's Republic of China (China),,4,1,4,3,AS,0.0496
366-740,366,740,0.0017305662581975634,0.0009204265375767351,158.20934499951244,158.20934499951244,0,1,0,,,,Estonia,,1,0,1,8,EESU,0.06666666666666665,,,Japan,,4,1,4,3,AS,0.26739726027397276
366-750,366,750,0.23492331925050813,0.14159725193748662,24084.770829934478,24084.770829934478|705.6226801322542,0,1,0,,,,Estonia,,1,0,1,8,EESU,0.06666666666666665,,,India,,4,0,2,1,AS,0.05248
366-780,366,780,0.061730971781262634,0.032111938216913494,608.5525484126738,608.5525484126738,0,1,0,,,,Estonia,,1,0,1,8,EESU,0.06666666666666665,,,Sri Lanka (Ceylon),,4,0,2,1,AS,0.03645569620253165
366-80,80,366,0.11564531233017628,0.061451949297942954,91.24708829244416,91.24708829244416,0,1,0,,,,Belize (British Honduras),,3,0,3,5,AF,0.03555555555555556,,,Estonia,,1,0,1,8,EESU,0.06666666666666665
366-800,366,800,0.11900667067020654,0.06356221992258626,537.2950153707772,537.2950153707772,0,1,0,,,,Estonia,,1,0,1,8,EESU,0.06666666666666665,,,Thailand (Siam),,4,1,4,3,AS,0.03461538461538461
366-810,366,810,0.04052610660217748,0.02081041776453807,261.29597703539383,261.29597703539383,0,1,0,,,,Estonia,,1,0,1,8,EESU,0.06666666666666665,,,French Indochina,,4,1,4,3,AS,0.06428571428571428
366-850,366,850,0.03487855978624088,0.01829307463327834,1240.1784402137207,1240.1784402137207,0,1,0,,,,Estonia,,1,0,1,8,EESU,0.06666666666666665,,,Indonesia (Dutch East Indies),,4,5,4,6,AS,0.08693333333333332
366-90,90,366,0.4030465942152286,0.2529074676483276,1081.58362169698,1081.58362169698,0.8,0.19999999999999996,0.6399999999999999,,,,Guatemala,,3,0,1,5,WE,0.48756756756756775,,,Estonia,,1,0,1,8,EESU,0.06666666666666665
366-900,366,900,0.0412628451005298,0.02151179949005566,1609,1609|398.4694815233108,0,1,0,,,,Estonia,,1,0,1,8,EESU,0.06666666666666665,,,Australia,,2,0,2,1,AS,0.05283018867924528
366-92,92,366,0.7782703655740453,0.6377145701977754,1892.5648342997713,1892.5648342997713,1,0,0,,,,El Salvador,,3,0,1,5,WE,0.061111111111111116,,,Estonia,,1,0,1,8,EESU,0.06666666666666665
366-920,366,920,0.00017648960720295648,0.00008918046343886488,3,3,0,1,0,,,,Estonia,,1,0,1,8,EESU,0.06666666666666665,,,New Zealand,,2,0,2,1,AS,0.05431578947368421
366-93,93,366,0.09134197167981539,0.04793500926415284,102.70115851865322,102.70115851865322,0,1,0,,,,Nicaragua,,3,0,3,5,WE,0.020645161290322584,,,Estonia,,1,0,1,8,EESU,0.06666666666666665
366-94,94,366,0.15429411558453965,0.08375980270194905,251.2185979421426,251.2185979421426,0,1,0,,,,Costa Rica,,3,0,2,5,WE,0.01894736842105263,,,Estonia,,1,0,1,8,EESU,0.06666666666666665
366-95,95,366,0.04895770657840526,0.025159248478503593,272.52977668032963,272.52977668032963,0,1,0,,,,Panama,,3,0,3,1,AS,0.021333333333333336,,,Estonia,,1,0,1,8,EESU,0.06666666666666665
367-368,367,368,1.9682911981068596,53.358729196696906,625630.0492226973,257504.13757345863|625630.0492226973,1,0,0,,,,Latvia,,1,0,1,8,EESU,0.08675324675324675,,,Lithuania,,1,0,1,8,EESU,0.10952380952380954
367-375,367,375,1.3085234439430788,1.892625817944087,85232.06306754937,80857.05520946991|85232.06306754937,1,0,0,,,,Latvia,,1,0,1,8,EESU,0.08675324675324675,,,Finland,,1,0,1,8,EESU,0.07105263157894737
367-380,367,380,1.3441739444336676,2.016248683887014,347246.64537798445,108715.02741188844|347246.64537798445,1,0,0,,,,Latvia,,1,0,1,8,EESU,0.08675324675324675,,,Sweden,,1,0,1,8,WE,0.06709677419354838
367-385,367,385,0.9491438150467365,0.9097594117564349,72522.94650864675,21511.8218421732|72522.94650864675,1,0,0,,,,Latvia,,1,0,1,8,EESU,0.08675324675324675,,,Norway,,1,0,1,8,WE,0.0669767441860465
367-390,367,390,1.2012208790452927,1.4945650994953703,229345.3259748695,124457.52385536874|229345.3259748695,0.1,0.9,0.36000000000000004,,,,Latvia,,1,0,1,8,EESU,0.08675324675324675,,,Denmark,,1,0,2,8,WE,0.20404040404040397
367-40,40,367,0.10461699894011278,0.05612052042981186,3881.5254687438805,3881.5254687438805,0,1,0,,,,Cuba,,3,3,3,3,LA,0.024242424242424242,,,Latvia,,1,0,1,8,EESU,0.08675324675324675
367-402,367,402,0.008571490355065547,0.004312031503432734,5,5,0,1,0,,,,Latvia,,1,0,1,8,EESU,0.08675324675324675,,,Cape Verde,,5,5,2,6,AS,0.05466666666666666
367-403,367,403,0.10758034599209554,0.05695062524776451,43,43,0.7,0.30000000000000004,0.8400000000000001,,,,Latvia,,1,0,1,8,EESU,0.08675324675324675,,,Sao Tome-Principe,,5,5,1,6,AS,0.45333333333333325
367-404,367,404,0.00989750158470637,0.004982828430398323,7,7,0.1,0.9,0.36000000000000004,,,,Latvia,,1,0,1,8,EESU,0.08675324675324675,,,Guinea-Bissau (Portuguese Guinea),,5,5,2,6,AS,0.36666666666666675
367-41,41,367,0.03179218123575733,0.016194738906149975,63.636120585792426,63.636120585792426,0,1,0,,,,Haiti,,3,4,0,1,AS,0.027027027027027032,,,Latvia,,1,0,1,8,EESU,0.08675324675324675
367-490,367,490,0.0015229122393659589,0.0007646120916473542,2.8979643186293496,2.8979643186293496,0,1,0,,,,Latvia,,1,0,1,8,EESU,0.08675324675324675,,,Democratic Republic of the Congo (Zaire) (Kinshasa) (Belgian Congo) (Congo Free State),,5,5,0,6,AS,0.09619047619047619
367-51,51,367,0.003331160679283407,0.0016739473946496553,16.435030519350008,16.435030519350008,0,1,0,,,,Jamaica,,3,4,3,1,AS,0.011034482758620692,,,Latvia,,1,0,1,8,EESU,0.08675324675324675
367-52,52,367,0.07141002538658636,0.037152397316558505,330.24883789969255,330.24883789969255,0,1,0,,,,Trinidad and Tobago,,3,4,3,1,AS,0.02684931506849315,,,Latvia,,1,0,1,8,EESU,0.08675324675324675
367-53,53,367,0.05649170033128792,0.029128178342478495,91.50421581425549,91.50421581425549,0,1,0,,,,Barbados,,3,4,3,1,AS,0.01777777777777778,,,Latvia,,1,0,1,8,EESU,0.08675324675324675
367-530,367,530,0.24626168667559167,0.14063131341011403,39.85693391649133,39.85693391649133,0.1,0.9,0.36000000000000004,,,,Latvia,,1,0,1,8,EESU,0.08675324675324675,,,Ethiopia (Abyssinia),,1,2,2,3,AS,0.4693333333333334
367-540,367,540,0.06263450148402405,0.03240268119427403,67,67,0.1,0.9,0.36000000000000004,,,,Latvia,,1,0,1,8,EESU,0.08675324675324675,,,Angola,,5,5,0,6,AS,0.2853333333333333
367-541,367,541,0.004838502300631209,0.0024338314013772067,39,39,0,1,0,,,,Latvia,,1,0,1,8,EESU,0.08675324675324675,,,Mozambique (Portuguese East Africa),,5,5,2,6,AS,0.06285714285714285
367-560,367,560,0.38610988685733005,0.24480620784790186,27876.431838146786,527|27876.431838146786,0,1,0,,,,Latvia,,1,0,1,8,EESU,0.08675324675324675,,,South Africa,,5,5,2,3,AS,0.05199999999999999
367-600,367,600,0.015373835184975593,0.007794242429464471,250.574668208061,250.574668208061,0,1,0,,,,Latvia,,1,0,1,8,EESU,0.08675324675324675,,,Morocco,,0,0,0,3,AS,0.046486486486486484
367-615,367,615,0.37481557760272877,0.2322180630801466,12560.31180584293,145.6524806171381|12560.31180584293,0,1,0,,,,Latvia,,1,0,1,8,EESU,0.08675324675324675,,,Algeria (Regency of Algiers),,0,0,0,3,AS,0.029425287356321838
367-616,367,616,0.0030395063039557746,0.0015301723529258515,29.972096720070667,29.972096720070667,0,1,0,,,,Latvia,,1,0,1,8,EESU,0.08675324675324675,,,Tunisia (Regency of Tunis),,0,0,0,3,LA,0.06918918918918919
367-630,367,630,0.005158547721536788,0.0026032949600177657,79.07869757136525,79.07869757136525,1,0,0,,,,Latvia,,1,0,1,8,EESU,0.08675324675324675,,,Iran (Persia),,1,6,1,3,AS,0.07904761904761903
367-640,367,640,0.4813928362698716,0.3189304369399495,12712.138823445071,12712.138823445071,1,0,0,,,,Latvia,,1,0,1,8,EESU,0.08675324675324675,,,Turkey (Ottoman Empire),,1,0,1,3,AS,0.08153846153846155
367-65,65,367,0.01786597017844538,0.009032236588856324,20.76212792661849,20.76212792661849,0,1,0,,,,Guadeloupe,,3,0,0,1,AS,0,,,Latvia,,1,0,1,8,EESU,0.08675324675324675
367-651,367,651,0.04974294243419297,0.02602353095611809,2771.9624179809994,3.0768962059435436|2771.9624179809994,0.7,0.30000000000000004,0.8400000000000001,,,,Latvia,,1,0,1,8,EESU,0.08675324675324675,,,Egypt Arab Republic (Egypt),,1,0,1,3,AS,0.3750588235294118
367-652,367,652,0.2685294036522886,0.15546454186765146,1683.3202877101412,1683.3202877101412,0.7,0.30000000000000004,0.8400000000000001,,,,Latvia,,1,0,1,8,EESU,0.08675324675324675,,,Syria,,1,0,1,4,ME,0.5333333333333332
367-665,367,665,0.8692625708517701,0.7692891683251272,2607.2548295153397,2607.2548295153397,0.9,0.09999999999999998,0.35999999999999993,,,,Latvia,,1,0,1,8,EESU,0.08675324675324675,,,Palestine,,1,0,1,4,ME,0.22375
367-70,70,367,0.2888619172486787,0.17147699479607903,10862.721512321983,10862.721512321983|8.225305751111861,0,1,0,,,,Mexico,,3,4,3,3,LA,0.020253164556962026,,,Latvia,,1,0,1,8,EESU,0.08675324675324675
367-700,367,700,0.0039049647430310364,0.0019600451260233243,4.247701124566307,4.247701124566307,1,0,0,,,,Latvia,,1,0,1,8,EESU,0.08675324675324675,,,Afghanistan,,1,6,1,3,AS,0
367-740,367,740,0.04290097768894574,0.02329985235300902,6720.4586511841635,6720.4586511841635,0,1,0,,,,Latvia,,1,0,1,8,EESU,0.08675324675324675,,,Japan,,4,1,4,3,AS,0.26739726027397276
367-750,367,750,0.15336694617069757,0.0885461261052003,25273.186520907908,25273.186520907908|548.6188381503707,0,1,0,,,,Latvia,,1,0,1,8,EESU,0.08675324675324675,,,India,,4,0,2,1,AS,0.05248
367-800,367,800,0.05294107010671656,0.02733753337604461,387.7714447174176,387.7714447174176,0,1,0,,,,Latvia,,1,0,1,8,EESU,0.08675324675324675,,,Thailand (Siam),,4,1,4,3,AS,0.03461538461538461
367-827,367,827,0.011792488461927708,0.006000381104712904,643.2686824530134,643.2686824530134,0,1,0,,,,Latvia,,1,0,1,8,EESU,0.08675324675324675,,,Straits Settlements,,4,1,4,1,AS,0.08347826086956521
367-840,367,840,0.007434365992193603,0.0037734518070411394,173.83816097640988,61.645186743819046|173.83816097640988,0,1,0,,,,Latvia,,1,0,1,8,EESU,0.08675324675324675,,,Philippines,,4,1,3,3,AS,0.024
367-850,367,850,0.07967057609812656,0.042777399170587205,4866.476053805699,4866.476053805699,0,1,0,,,,Latvia,,1,0,1,8,EESU,0.08675324675324675,,,Indonesia (Dutch East Indies),,4,5,4,6,AS,0.08693333333333332
367-90,90,367,0.00436874712069979,0.002196137298164813,15.76016211638153,15.76016211638153,0.8,0.19999999999999996,0.6399999999999999,,,,Guatemala,,3,0,1,5,WE,0.48756756756756775,,,Latvia,,1,0,1,8,EESU,0.08675324675324675
367-900,367,900,0.0861437104092575,0.04683801469462967,9504.251115287787,9504.251115287787|4530,0,1,0,,,,Latvia,,1,0,1,8,EESU,0.08675324675324675,,,Australia,,2,0,2,1,AS,0.05283018867924528
367-91,91,367,0.06894012271723449,0.035809315872508796,234.69541166762622,234.69541166762622,0,1,0,,,,Honduras,,3,4,3,5,WE,0.025600000000000005,,,Latvia,,1,0,1,8,EESU,0.08675324675324675
367-920,367,920,0.00005613660055669989,0.00002855162195192218,1.984907067554349,1.984907067554349,0,1,0,,,,Latvia,,1,0,1,8,EESU,0.08675324675324675,,,New Zealand,,2,0,2,1,AS,0.05431578947368421
367-94,94,367,0.7496607628861967,0.600444524803142,3021.981312210145,3021.981312210145,0,1,0,,,,Costa Rica,,3,0,2,5,WE,0.01894736842105263,,,Latvia,,1,0,1,8,EESU,0.08675324675324675
367-95,95,367,0.16591301689604443,0.09074051863434374,1649.3783768549617,1649.3783768549617,0,1,0,,,,Panama,,3,0,3,1,AS,0.021333333333333336,,,Latvia,,1,0,1,8,EESU,0.08675324675324675
368-375,368,375,1.3371326263049592,2.007447417863433,43383.75658081696,43383.75658081696|5887.374762677332,1,0,0,,,,Lithuania,,1,0,1,8,EESU,0.10952380952380954,,,Finland,,1,0,1,8,EESU,0.07105263157894737
368-380,368,380,1.1787832459414385,1.426775871293908,93667.44431024119,93667.44431024119|49944.1520139259,1,0,0,,,,Lithuania,,1,0,1,8,EESU,0.10952380952380954,,,Sweden,,1,0,1,8,WE,0.06709677419354838
368-385,368,385,0.8442157575392084,0.7325888050092952,19356.671741667305,19356.671741667305|30.791709009818682,1,0,0,,,,Lithuania,,1,0,1,8,EESU,0.10952380952380954,,,Norway,,1,0,1,8,WE,0.0669767441860465
368-390,368,390,1.4121583362857726,2.356432649173843,137838.02481307756,80095.39347634035|137838.02481307756,0.1,0.9,0.36000000000000004,,,,Lithuania,,1,0,1,8,EESU,0.10952380952380954,,,Denmark,,1,0,2,8,WE,0.20404040404040397
368-560,368,560,0.027719901187567286,0.014412876587265644,1024.3375197266348,1024.3375197266348,0,1,0,,,,Lithuania,,1,0,1,8,EESU,0.10952380952380954,,,South Africa,,5,5,2,3,AS,0.05199999999999999
368-615,368,615,0.17849849524540706,0.09859819712680329,2032.8828356277575,2032.8828356277575,0,1,0,,,,Lithuania,,1,0,1,8,EESU,0.10952380952380954,,,Algeria (Regency of Algiers),,0,0,0,3,AS,0.029425287356321838
368-640,368,640,0.00032766038628084804,0.00016503354018404526,4.105561201309158,4.105561201309158,1,0,0,,,,Lithuania,,1,0,1,8,EESU,0.10952380952380954,,,Turkey (Ottoman Empire),,1,0,1,3,AS,0.08153846153846155
368-651,368,651,0.014487614550378392,0.007441505495139222,494.72012475775347,494.72012475775347,0.7,0.30000000000000004,0.8400000000000001,,,,Lithuania,,1,0,1,8,EESU,0.10952380952380954,,,Egypt Arab Republic (Egypt),,1,0,1,3,AS,0.3750588235294118
368-652,368,652,0.000605997346842746,0.0003037592229163666,2.052780600654579,2.052780600654579,0.7,0.30000000000000004,0.8400000000000001,,,,Lithuania,,1,0,1,8,EESU,0.10952380952380954,,,Syria,,1,0,1,4,ME,0.5333333333333332
368-665,368,665,1.2285372622360133,1.591530128314721,3366.5601850735093,3366.5601850735093,0.9,0.09999999999999998,0.35999999999999993,,,,Lithuania,,1,0,1,8,EESU,0.10952380952380954,,,Palestine,,1,0,1,4,ME,0.22375
368-70,70,368,0.26692783879972015,0.15638210869254898,6182.975169171591,24.61448162622433|6182.975169171591,0,1,0,,,,Mexico,,3,4,3,3,LA,0.020253164556962026,,,Lithuania,,1,0,1,8,EESU,0.10952380952380954
368-710,368,710,0.0011124266311212105,0.000579225680197526,73.90010162356484,73.90010162356484,0,1,0,,,,Lithuania,,1,0,1,8,EESU,0.10952380952380954,,,People's Republic of China (China),,4,1,4,3,AS,0.0496
368-750,368,750,0.00006473092888670262,0.00003456970687731875,6.158341801963736,6.158341801963736,0,1,0,,,,Lithuania,,1,0,1,8,EESU,0.10952380952380954,,,India,,4,0,2,1,AS,0.05248
368-920,368,920,0.00009307805381730816,0.00004731027645465957,2.052780600654579,2.052780600654579,0,1,0,,,,Lithuania,,1,0,1,8,EESU,0.10952380952380954,,,New Zealand,,2,0,2,1,AS,0.05431578947368421
375-380,375,380,1.7760628910231504,7.031104385999537,2753824.131217702,593626.8985174509|2753824.131217702,1,0,0,,,,Finland,,1,0,1,8,EESU,0.07105263157894737,,,Sweden,,1,0,1,8,WE,0.06709677419354838
375-385,375,385,1.2109755714777763,1.534322854972505,241861.58950571212,241861.58950571212|126581.1279377583,1,0,0,,,,Finland,,1,0,1,8,EESU,0.07105263157894737,,,Norway,,1,0,1,8,WE,0.0669767441860465
375-390,375,390,1.543010072501767,3.2559090895430485,1136229.395927259,1136229.395927259|749955.2858961687,0.1,0.9,0.36000000000000004,,,,Finland,,1,0,1,8,EESU,0.07105263157894737,,,Denmark,,1,0,2,8,WE,0.20404040404040397
375-395,375,395,0.10513437737479148,0.05580241726301827,571.6817543549823,85.86907449209933|571.6817543549823,0,1,0,,,,Finland,,1,0,1,8,EESU,0.07105263157894737,,,Iceland,,1,0,0,8,EESU,0.04
375-402,375,402,0.15332484697947524,0.0834318002921135,291.9639638175496,291.9639638175496,0,1,0,,,,Finland,,1,0,1,8,EESU,0.07105263157894737,,,Cape Verde,,5,5,2,6,AS,0.05466666666666666
375-404,375,404,0.5874799676535587,0.41722836572889166,1768.9089939446674,1768.9089939446674,0.1,0.9,0.36000000000000004,,,,Finland,,1,0,1,8,EESU,0.07105263157894737,,,Guinea-Bissau (Portuguese Guinea),,5,5,2,6,AS,0.36666666666666675
375-41,41,375,0.7143455602629594,0.5596365521368996,7586.023038746203,7586.023038746203,0,1,0,,,,Haiti,,3,4,0,1,AS,0.027027027027027032,,,Finland,,1,0,1,8,EESU,0.07105263157894737
375-411,375,411,1.6277978672144042,4.296880340615667,15662,15662,0,1,0,,,,Finland,,1,0,1,8,EESU,0.07105263157894737,,,Equatorial Guinea (Spanish Guinea),,0,0,0,3,AS,0.13090909090909092
375-430,375,430,0.001972064315756361,0.0009937943829863016,12.300471154563176,12.300471154563176,0,1,0,,,,Finland,,1,0,1,8,EESU,0.07105263157894737,,,French West Africa,,5,0,0,1,AS,0
375-501,375,501,0.10017045273069147,0.05305323353651581,2326.6698700444144,2326.6698700444144,0,1,0,,,,Finland,,1,0,1,8,EESU,0.07105263157894737,,,Kenya (British East Africa Protectorate),,4,5,2,3,AS,0.042499999999999996
375-51,51,375,0.2855612448053668,0.16808486130555966,3034,3034,0,1,0,,,,Jamaica,,3,4,3,1,AS,0.011034482758620692,,,Finland,,1,0,1,8,EESU,0.07105263157894737
375-511,375,511,0.021820623668317385,0.011134546548016266,74.02447544132059,74.02447544132059,0,1,0,,,,Finland,,1,0,1,8,EESU,0.07105263157894737,,,Zanzibar,,4,5,2,8,WE,0.2688888888888889
375-541,375,541,1.1648706753992704,1.3917434544783027,67304.30770623118,67304.30770623118,0,1,0,,,,Finland,,1,0,1,8,EESU,0.07105263157894737,,,Mozambique (Portuguese East Africa),,5,5,2,6,AS,0.06285714285714285
375-560,375,560,1.1749819605834468,1.4339851628340818,492798.04009768245,492798.04009768245,0,1,0,,,,Finland,,1,0,1,8,EESU,0.07105263157894737,,,South Africa,,5,5,2,3,AS,0.05199999999999999
375-600,375,600,0.11710550449836377,0.06276667907034628,6089.785030963017,6089.785030963017,0,1,0,,,,Finland,,1,0,1,8,EESU,0.07105263157894737,,,Morocco,,0,0,0,3,AS,0.046486486486486484
375-6090,375,6090,1.7415188934853005,6.542032497886973,7997,7997,0,1,0,,,,Finland,,1,0,1,8,EESU,0.07105263157894737,,,Río de Oro,,1,0,0,3,AS,0.07200000000000001
375-615,375,615,0.065613992553885,0.03449474118843454,7877.089085401821,7877.089085401821|104.87093993317797,0,1,0,,,,Finland,,1,0,1,8,EESU,0.07105263157894737,,,Algeria (Regency of Algiers),,0,0,0,3,AS,0.029425287356321838
375-630,375,630,0.10468382961593914,0.055773570334329836,5112.980471593653,5112.980471593653,1,0,0,,,,Finland,,1,0,1,8,EESU,0.07105263157894737,,,Iran (Persia),,1,6,1,3,AS,0.07904761904761903
375-640,375,640,0.1199573063712488,0.06449353625105814,7757.975550704158,7757.975550704158,1,0,0,,,,Finland,,1,0,1,8,EESU,0.07105263157894737,,,Turkey (Ottoman Empire),,1,0,1,3,AS,0.08153846153846155
375-645,375,645,0.6967831886399132,0.5361722963758692,15371.962014051403,15371.962014051403,0,1,0,,,,Finland,,1,0,1,8,EESU,0.07105263157894737,,,Iraq (Mesopotamia),,4,6,2,3,AS,0.045714285714285714
375-651,375,651,1.158225340195898,1.38013729099688,443662.74589867087,733.3269290832112|443662.74589867087,0.7,0.30000000000000004,0.8400000000000001,,,,Finland,,1,0,1,8,EESU,0.07105263157894737,,,Egypt Arab Republic (Egypt),,1,0,1,3,AS,0.3750588235294118
375-652,375,652,0.09803446712117914,0.05185416715158442,1694.4494868057268,1694.4494868057268,0.7,0.30000000000000004,0.8400000000000001,,,,Finland,,1,0,1,8,EESU,0.07105263157894737,,,Syria,,1,0,1,4,ME,0.5333333333333332
375-665,375,665,0.6510308494955985,0.4840949681248925,4951.468135102481,4951.468135102481,0.9,0.09999999999999998,0.35999999999999993,,,,Finland,,1,0,1,8,EESU,0.07105263157894737,,,Palestine,,1,0,1,4,ME,0.22375
375-70,70,375,0.04529081092976539,0.02364334253500211,4520.132994969762,1.9850388408245427|4520.132994969762,0,1,0,,,,Mexico,,3,4,3,3,LA,0.020253164556962026,,,Finland,,1,0,1,8,EESU,0.07105263157894737
375-710,375,710,0.29277215308075066,0.17848195715875104,110109.15976235218,5313.090286693855|110109.15976235218,0,1,0,,,,Finland,,1,0,1,8,EESU,0.07105263157894737,,,People's Republic of China (China),,4,1,4,3,AS,0.0496
375-720,375,720,0.00003780333118608148,0.00001916769638310445,5.4527778734530905,5.4527778734530905,0,1,0,,,,Finland,,1,0,1,8,EESU,0.07105263157894737,,,Hong Kong,,4,1,4,8,EESU,0.09517241379310344
375-730,375,730,0.04647327108414401,0.023929682800552854,652.261757470301,652.261757470301,0,1,0,,,,Finland,,1,0,1,8,EESU,0.07105263157894737,,,Korea (Chosen),,4,1,4,2,ME,0
375-740,375,740,0.11871478651989054,0.06722085898212149,58513.94231623088,58513.94231623088,0,1,0,,,,Finland,,1,0,1,8,EESU,0.07105263157894737,,,Japan,,4,1,4,3,AS,0.26739726027397276
375-750,375,750,0.1050243888739053,0.05792626060886796,52497.8800974466,52497.8800974466,0,1,0,,,,Finland,,1,0,1,8,EESU,0.07105263157894737,,,India,,4,0,2,1,AS,0.05248
375-751,375,751,1.1529626276760758,1.3585872054214174,4199.0927703666075,4199.0927703666075,1,0,0,,,,Finland,,1,0,1,8,EESU,0.07105263157894737,,,French India,,1,0,1,3,AS,0
375-780,375,780,0.22025254141997663,0.12519159399287405,12014.868877481478,2444.742160546964|12014.868877481478,0,1,0,,,,Finland,,1,0,1,8,EESU,0.07105263157894737,,,Sri Lanka (Ceylon),,4,0,2,1,AS,0.03645569620253165
375-800,375,800,0.15832347411467074,0.0866926018026919,3711.146447489677,3711.146447489677,0,1,0,,,,Finland,,1,0,1,8,EESU,0.07105263157894737,,,Thailand (Siam),,4,1,4,3,AS,0.03461538461538461
375-840,375,840,0.05695364074418874,0.02974097938195941,4134.9583002945,4134.9583002945,0,1,0,,,,Finland,,1,0,1,8,EESU,0.07105263157894737,,,Philippines,,4,1,3,3,AS,0.024
375-850,375,850,0.2818614434100851,0.1693916041768868,58156.95404239843,58156.95404239843,0,1,0,,,,Finland,,1,0,1,8,EESU,0.07105263157894737,,,Indonesia (Dutch East Indies),,4,5,4,6,AS,0.08693333333333332
375-90,90,375,0.5239096279242015,0.3578771111590643,7219.085192947849,7219.085192947849,0.8,0.19999999999999996,0.6399999999999999,,,,Guatemala,,3,0,1,5,WE,0.48756756756756775,,,Finland,,1,0,1,8,EESU,0.07105263157894737
375-900,375,900,0.16193573885626822,0.09189501256382449,56275.702160253415,36434|56275.702160253415,0,1,0,,,,Finland,,1,0,1,8,EESU,0.07105263157894737,,,Australia,,2,0,2,1,AS,0.05283018867924528
375-92,92,375,1.539945549885664,3.3295373010788345,45372.571667619886,45372.571667619886,1,0,0,,,,El Salvador,,3,0,1,5,WE,0.061111111111111116,,,Finland,,1,0,1,8,EESU,0.07105263157894737
375-920,375,920,0.006717939733114187,0.003433029200737292,751,751|720.2718604082944,0,1,0,,,,Finland,,1,0,1,8,EESU,0.07105263157894737,,,New Zealand,,2,0,2,1,AS,0.05431578947368421
375-93,93,375,1.5852207358035875,3.795632879186991,32824.10647215173,32824.10647215173,0,1,0,,,,Nicaragua,,3,0,3,5,WE,0.020645161290322584,,,Finland,,1,0,1,8,EESU,0.07105263157894737
380-385,380,385,1.7859906145453026,7.213356294904139,5271640.221269931,2293750.1858679224|5271640.221269931,1,0,0,,,,Sweden,,1,0,1,8,WE,0.06709677419354838,,,Norway,,1,0,1,8,WE,0.0669767441860465
380-390,380,390,1.6992713432222,5.078494270859934,6322828.9128984045,3651828.308105962|6322828.9128984045,0.1,0.9,0.36000000000000004,,,,Sweden,,1,0,1,8,WE,0.06709677419354838,,,Denmark,,1,0,2,8,WE,0.20404040404040397
380-395,380,395,1.6633751522658247,4.650514740943235,171935.25959367948,171935.25959367948|144727.90747696024,0,1,0,,,,Sweden,,1,0,1,8,WE,0.06709677419354838,,,Iceland,,1,0,0,8,EESU,0.04
380-40,40,380,0.6207925033532069,0.46264143740591057,308173.63619927916,308173.63619927916|170415.73597621845,0,1,0,,,,Cuba,,3,3,3,3,LA,0.024242424242424242,,,Sweden,,1,0,1,8,WE,0.06709677419354838
380-41,41,380,0.6878837961480189,0.535846820423835,21961.91142743653,21961.91142743653,0,1,0,,,,Haiti,,3,4,0,1,AS,0.027027027027027032,,,Sweden,,1,0,1,8,WE,0.06709677419354838
380-42,42,380,0.5486130417645272,0.3871261526869415,22495.345767811268,22495.345767811268,0,1,0,,,,Dominican Republic (Santo Domingo),,3,3,3,1,AS,0.037209302325581395,,,Sweden,,1,0,1,8,WE,0.06709677419354838
380-430,380,430,0.27982820147902454,0.16511121028153997,6208,6208,0,1,0,,,,Sweden,,1,0,1,8,WE,0.06709677419354838,,,French West Africa,,5,0,0,1,AS,0
380-452,380,452,0.3278301002454663,0.20143789982919036,27650,27650,1,0,0,,,,Sweden,,1,0,1,8,WE,0.06709677419354838,,,Ghana (Gold Coast),,5,0,1,1,AS,0.05499999999999999
380-475,380,475,0.07783991858524375,0.04173981214759881,8734,8734,0,1,0,,,,Sweden,,1,0,1,8,WE,0.06709677419354838,,,Nigeria,,5,0,2,3,AS,0.02918918918918919
380-480,380,480,0.38348085492569894,0.24033345481036372,24753,24753,0,1,0,,,,Sweden,,1,0,1,8,WE,0.06709677419354838,,,French Equatorial Africa,,5,5,0,1,AF,0.048
380-490,380,490,0.5958304437633897,0.42885426615257183,14901.195144415582,14901.195144415582,0,1,0,,,,Sweden,,1,0,1,8,WE,0.06709677419354838,,,Democratic Republic of the Congo (Zaire) (Kinshasa) (Belgian Congo) (Congo Free State),,5,5,0,6,AS,0.09619047619047619
380-501,380,501,0.33107448907458825,0.20112405640429154,26793.957543969955,26793.957543969955,0,1,0,,,,Sweden,,1,0,1,8,WE,0.06709677419354838,,,Kenya (British East Africa Protectorate),,4,5,2,3,AS,0.042499999999999996
380-51,51,380,0.05477298939814279,0.028968332788311124,1581,1581,0,1,0,,,,Jamaica,,3,4,3,1,AS,0.011034482758620692,,,Sweden,,1,0,1,8,WE,0.06709677419354838
380-511,380,511,0.04436413411621987,0.023329350065792398,468.950319267546,468.950319267546,0,1,0,,,,Sweden,,1,0,1,8,WE,0.06709677419354838,,,Zanzibar,,4,5,2,8,WE,0.2688888888888889
380-52,52,380,0.013701357454246721,0.0071000234031237675,500,500,0,1,0,,,,Trinidad and Tobago,,3,4,3,1,AS,0.02684931506849315,,,Sweden,,1,0,1,8,WE,0.06709677419354838
380-541,380,541,0.43428295034107245,0.2809699672647942,41275.611222334366,300|41275.611222334366,0,1,0,,,,Sweden,,1,0,1,8,WE,0.06709677419354838,,,Mozambique (Portuguese East Africa),,5,5,2,6,AS,0.06285714285714285
380-560,380,560,1.0291312112391655,1.0727574824608113,1119891.1298995682,39970|1119891.1298995682,0,1,0,,,,Sweden,,1,0,1,8,WE,0.06709677419354838,,,South Africa,,5,5,2,3,AS,0.05199999999999999
380-580,380,580,0.26592102311256316,0.15557415370336347,9237,9237,0,1,0,,,,Sweden,,1,0,1,8,WE,0.06709677419354838,,,Madagascar (Malagasy Republic),,0,0,0,5,AF,0.020000000000000004
380-585,380,585,0.539578810464246,0.37325218647573544,3722,3722,0,1,0,,,,Sweden,,1,0,1,8,WE,0.06709677419354838,,,Reunion (Bourbon I.),,0,0,0,8,WE,0
380-600,380,600,0.5781011613251599,0.41174105910277703,121351.99677912166,23486.169677850383|121351.99677912166,0,1,0,,,,Sweden,,1,0,1,8,WE,0.06709677419354838,,,Morocco,,0,0,0,3,AS,0.046486486486486484
380-601,380,601,0.02363558904976404,0.012297440103204327,33.6393707324117,33.6393707324117,0,1,0,,,,Sweden,,1,0,1,8,WE,0.06709677419354838,,,Tangier,,0,0,0,5,AF,0.045
380-615,380,615,0.4511538701801886,0.29752849563937356,206391.29259804654,17602.183918014947|206391.29259804654,0,1,0,,,,Sweden,,1,0,1,8,WE,0.06709677419354838,,,Algeria (Regency of Algiers),,0,0,0,3,AS,0.029425287356321838
380-616,380,616,0.6543415679946347,0.49155785764487536,88269.55001461529,7203.826873871379|88269.55001461529,0,1,0,,,,Sweden,,1,0,1,8,WE,0.06709677419354838,,,Tunisia (Regency of Tunis),,0,0,0,3,LA,0.06918918918918919
380-6203,380,6203,0.6721955107529034,0.5102183123439543,2970.819062746461,2970.819062746461,0,1,0,,,,Sweden,,1,0,1,8,WE,0.06709677419354838,,,Tripolitania (Regency of Tripoli),,0,0,0,1,ME,0.030000000000000002
380-625,380,625,0.06122499832742245,0.03249752245570525,2571.259596100155,2571.259596100155,0,1,0,,,,Sweden,,1,0,1,8,WE,0.06709677419354838,,,Sudan (Anglo-Egyptian Sudan) (Mahdist State),,4,2,2,3,AS,0.12
380-630,380,630,0.14794065766488562,0.08144201817461372,22680.057578715732,370.8970372027919|22680.057578715732,1,0,0,,,,Sweden,,1,0,1,8,WE,0.06709677419354838,,,Iran (Persia),,1,6,1,3,AS,0.07904761904761903
380-640,380,640,1.022329580217207,1.0472534469329997,382678.4030179189,72575.19419723384|382678.4030179189,1,0,0,,,,Sweden,,1,0,1,8,WE,0.06709677419354838,,,Turkey (Ottoman Empire),,1,0,1,3,AS,0.08153846153846155
380-645,380,645,0.2277949379931017,0.13042252940791665,11358.670174335557,11358.670174335557,0,1,0,,,,Sweden,,1,0,1,8,WE,0.06709677419354838,,,Iraq (Mesopotamia),,4,6,2,3,AS,0.045714285714285714
380-651,380,651,0.6577619210629944,0.5008851264802632,489123.74460199545,53643.63408648839|489123.74460199545,0.7,0.30000000000000004,0.8400000000000001,,,,Sweden,,1,0,1,8,WE,0.06709677419354838,,,Egypt Arab Republic (Egypt),,1,0,1,3,AS,0.3750588235294118
380-652,380,652,0.4186136513857025,0.26804134004910785,26607.047325953994,26607.047325953994,0.7,0.30000000000000004,0.8400000000000001,,,,Sweden,,1,0,1,8,WE,0.06709677419354838,,,Syria,,1,0,1,4,ME,0.5333333333333332
380-665,380,665,1.1382379534633036,1.314365561090207,40838.47625981017,40838.47625981017,0.9,0.09999999999999998,0.35999999999999993,,,,Sweden,,1,0,1,8,WE,0.06709677419354838,,,Palestine,,1,0,1,4,ME,0.22375
380-681,380,681,0.23606298696463346,0.13746849896423707,5550.302011182918,5550.302011182918,0,1,0,,,,Sweden,,1,0,1,8,WE,0.06709677419354838,,,Aden,,4,2,2,3,AS,0.4050000000000002
380-70,70,380,0.818192890576618,0.7034886549307922,408553.91386356496,147832.69086020454|408553.91386356496,0,1,0,,,,Mexico,,3,4,3,3,LA,0.020253164556962026,,,Sweden,,1,0,1,8,WE,0.06709677419354838
380-710,380,710,0.5060879602369164,0.3536456150650439,662746.3503146424,79603.87848603846|662746.3503146424,0,1,0,,,,Sweden,,1,0,1,8,WE,0.06709677419354838,,,People's Republic of China (China),,4,1,4,3,AS,0.0496
380-740,380,740,0.4676285406945382,0.3249244376239794,859186.8385203815,82029.11280249374|859186.8385203815,0,1,0,,,,Sweden,,1,0,1,8,WE,0.06709677419354838,,,Japan,,4,1,4,3,AS,0.26739726027397276
380-750,380,750,0.4294281940321969,0.2929924295395663,766666.2254504543,335869.9098292529|766666.2254504543,0,1,0,,,,Sweden,,1,0,1,8,WE,0.06709677419354838,,,India,,4,0,2,1,AS,0.05248
380-751,380,751,0.8634319132210244,0.7625796162797298,7159.83608817706,7159.83608817706,1,0,0,,,,Sweden,,1,0,1,8,WE,0.06709677419354838,,,French India,,1,0,1,3,AS,0
380-780,380,780,0.5542552207940094,0.39349832304684906,129825.99981013348,129825.99981013348,0,1,0,,,,Sweden,,1,0,1,8,WE,0.06709677419354838,,,Sri Lanka (Ceylon),,4,0,2,1,AS,0.03645569620253165
380-800,380,800,0.5630756815323471,0.3969394004721687,51617.88469917327,4646.688360594265|51617.88469917327,0,1,0,,,,Sweden,,1,0,1,8,WE,0.06709677419354838,,,Thailand (Siam),,4,1,4,3,AS,0.03461538461538461
380-840,380,840,0.34892210883677977,0.2177018250097148,86945.80977117307,86945.80977117307|43705.554360594986,0,1,0,,,,Sweden,,1,0,1,8,WE,0.06709677419354838,,,Philippines,,4,1,3,3,AS,0.024
380-850,380,850,0.6172739264973509,0.46160942460034016,481431.36054534325,296798.1489996966|481431.36054534325,0,1,0,,,,Sweden,,1,0,1,8,WE,0.06709677419354838,,,Indonesia (Dutch East Indies),,4,5,4,6,AS,0.08693333333333332
380-90,90,380,1.3204565291521484,1.9504371801032052,118960.17753667857,118960.17753667857,0.8,0.19999999999999996,0.6399999999999999,,,,Guatemala,,3,0,1,5,WE,0.48756756756756775,,,Sweden,,1,0,1,8,WE,0.06709677419354838
380-900,380,900,0.8497512878323777,0.7603885522943108,1414537.5778332977,135405|1414537.5778332977,0,1,0,,,,Sweden,,1,0,1,8,WE,0.06709677419354838,,,Australia,,2,0,2,1,AS,0.05283018867924528
380-92,92,380,1.7879692913722192,7.833537356022502,322766.7743327432,322766.7743327432,1,0,0,,,,El Salvador,,3,0,1,5,WE,0.061111111111111116,,,Sweden,,1,0,1,8,WE,0.06709677419354838
380-920,380,920,0.3365050148824339,0.20777454661314487,132422.33215859518,6546|132422.33215859518,0,1,0,,,,Sweden,,1,0,1,8,WE,0.06709677419354838,,,New Zealand,,2,0,2,1,AS,0.05431578947368421
380-93,93,380,0.6901579829119859,0.5384827294375829,14079.975015786027,14079.975015786027,0,1,0,,,,Nicaragua,,3,0,3,5,WE,0.020645161290322584,,,Sweden,,1,0,1,8,WE,0.06709677419354838
380-94,94,380,0.000024681890310240817,0.000012699331788046386,0.5662133050951983,0.5662133050951983,0,1,0,,,,Costa Rica,,3,0,2,5,WE,0.01894736842105263,,,Sweden,,1,0,1,8,WE,0.06709677419354838
385-390,385,390,1.6377830901138808,4.236382730943597,2758574.1544827763,1739032.7958177575|2758574.1544827763,0.1,0.9,0.36000000000000004,,,,Norway,,1,0,1,8,WE,0.0669767441860465,,,Denmark,,1,0,2,8,WE,0.20404040404040397
385-395,385,395,1.940725441846551,27.094656071415812,339369.1753726478,339369.1753726478|240490.2031602709,0,1,0,,,,Norway,,1,0,1,8,WE,0.0669767441860465,,,Iceland,,1,0,0,8,EESU,0.04
385-4,4,385,0.08545464997944585,0.044915599299414466,412.2346271552908,412.2346271552908,0,1,0,,,,Hawaii (Sandwich Is.),,4,0,4,3,AS,0.34909090909090906,,,Norway,,1,0,1,8,WE,0.0669767441860465
385-40,40,385,1.3567523088693236,2.0984057889214096,535509.542647964,535509.542647964|3865.486759948092,0,1,0,,,,Cuba,,3,3,3,3,LA,0.024242424242424242,,,Norway,,1,0,1,8,WE,0.0669767441860465
385-41,41,385,0.7698723456935935,0.6317065361923282,15977.880866577329,15977.880866577329,0,1,0,,,,Haiti,,3,4,0,1,AS,0.027027027027027032,,,Norway,,1,0,1,8,WE,0.0669767441860465
385-430,385,430,1.6563685433040383,4.705977121727682,71213.51980732521,71213.51980732521,0,1,0,,,,Norway,,1,0,1,8,WE,0.0669767441860465,,,French West Africa,,5,0,0,1,AS,0
385-452,385,452,1.550182239558849,3.391987186826286,287331,287331,1,0,0,,,,Norway,,1,0,1,8,WE,0.0669767441860465,,,Ghana (Gold Coast),,5,0,1,1,AS,0.05499999999999999
385-51,51,385,0.0036221045317923473,0.0018408101065122695,62,62,0,1,0,,,,Jamaica,,3,4,3,1,AS,0.011034482758620692,,,Norway,,1,0,1,8,WE,0.0669767441860465
385-511,385,511,0.011145780116523119,0.005683088946455528,70.49900373508325,70.49900373508325,0,1,0,,,,Norway,,1,0,1,8,WE,0.0669767441860465,,,Zanzibar,,4,5,2,8,WE,0.2688888888888889
385-52,52,385,0.09027486031680321,0.047952710451127256,2084,2084,0,1,0,,,,Trinidad and Tobago,,3,4,3,1,AS,0.02684931506849315,,,Norway,,1,0,1,8,WE,0.0669767441860465
385-540,385,540,0.009978864632222528,0.005085862322078083,96.6947621575187,96.6947621575187,0.1,0.9,0.36000000000000004,,,,Norway,,1,0,1,8,WE,0.0669767441860465,,,Angola,,5,5,0,6,AS,0.2853333333333333
385-541,385,541,0.0014224861127212218,0.0007219012056493002,13.333333333333334,13.333333333333334,0,1,0,,,,Norway,,1,0,1,8,WE,0.0669767441860465,,,Mozambique (Portuguese East Africa),,5,5,2,6,AS,0.06285714285714285
385-552,385,552,0.3746514711381601,0.23348692282126338,11205,11205,0,1,0,,,,Norway,,1,0,1,8,WE,0.0669767441860465,,,Zimbabwe (Rhodesia) (Southern Rhodesia),,5,5,2,3,AS,0.010909090909090906
385-560,385,560,0.9899417895009226,0.9937762455241052,417542.18232822104,417542.18232822104|1981,0,1,0,,,,Norway,,1,0,1,8,WE,0.0669767441860465,,,South Africa,,5,5,2,3,AS,0.05199999999999999
385-591,385,591,1.7868413310193487,7.9979620639243105,9435.923589808976,9435.923589808976,0,1,0,,,,Norway,,1,0,1,8,WE,0.0669767441860465,,,Seychelles,,4,0,2,3,AS,0.05499999999999999
385-600,385,600,0.21600192260900264,0.12280770106309447,8506.993508457945,8506.993508457945,0,1,0,,,,Norway,,1,0,1,8,WE,0.0669767441860465,,,Morocco,,0,0,0,3,AS,0.046486486486486484
385-601,385,601,0.09818825629164762,0.05232610997075515,88.33359940525375,88.33359940525375,0,1,0,,,,Norway,,1,0,1,8,WE,0.0669767441860465,,,Tangier,,0,0,0,5,AF,0.045
385-615,385,615,0.11631368931688091,0.06284187149636722,17544.83982751511,17544.83982751511|3912.4927590454854,0,1,0,,,,Norway,,1,0,1,8,WE,0.0669767441860465,,,Algeria (Regency of Algiers),,0,0,0,3,AS,0.029425287356321838
385-616,385,616,0.47908308820106316,0.3190079097975983,26467.811840058224,26467.811840058224,0,1,0,,,,Norway,,1,0,1,8,WE,0.0669767441860465,,,Tunisia (Regency of Tunis),,0,0,0,3,LA,0.06918918918918919
385-640,385,640,0.6912768564710781,0.5319824392896484,78237.85655696546,78237.85655696546,1,0,0,,,,Norway,,1,0,1,8,WE,0.0669767441860465,,,Turkey (Ottoman Empire),,1,0,1,3,AS,0.08153846153846155
385-651,385,651,0.43143225889768255,0.28076055093525,110345.38882187069,3826.6332481251206|110345.38882187069,0.7,0.30000000000000004,0.8400000000000001,,,,Norway,,1,0,1,8,WE,0.0669767441860465,,,Egypt Arab Republic (Egypt),,1,0,1,3,AS,0.3750588235294118
385-681,385,681,1.00777772971471,1.0220134050007774,25465.03909979666,25465.03909979666,0,1,0,,,,Norway,,1,0,1,8,WE,0.0669767441860465,,,Aden,,4,2,2,3,AS,0.4050000000000002
385-70,70,385,0.5569608102003092,0.39252670629025843,91748.50160498965,91748.50160498965|39207.693168430036,0,1,0,,,,Mexico,,3,4,3,3,LA,0.020253164556962026,,,Norway,,1,0,1,8,WE,0.0669767441860465
385-710,385,710,0.9173392533956244,0.8673546277943156,654204.0978199292,34109.144946089626|654204.0978199292,0,1,0,,,,Norway,,1,0,1,8,WE,0.0669767441860465,,,People's Republic of China (China),,4,1,4,3,AS,0.0496
385-740,385,740,0.6365343326051895,0.49091188148599074,522451.85557847784,522451.85557847784|34748.443617723045,0,1,0,,,,Norway,,1,0,1,8,WE,0.0669767441860465,,,Japan,,4,1,4,3,AS,0.26739726027397276
385-750,385,750,0.3000182038953546,0.18427265794293368,311618.2584465014,311618.2584465014,0,1,0,,,,Norway,,1,0,1,8,WE,0.0669767441860465,,,India,,4,0,2,1,AS,0.05248
385-780,385,780,1.4023493357885406,2.3246696559117095,473319.4675126378,473319.4675126378,0,1,0,,,,Norway,,1,0,1,8,WE,0.0669767441860465,,,Sri Lanka (Ceylon),,4,0,2,1,AS,0.03645569620253165
385-800,385,800,0.6953370568393415,0.5361851002135033,28062.620813997804,5888.182612244|28062.620813997804,0,1,0,,,,Norway,,1,0,1,8,WE,0.0669767441860465,,,Thailand (Siam),,4,1,4,3,AS,0.03461538461538461
385-840,385,840,0.3990393641985065,0.25325391214223514,62419.039321409786,27582.678806405864|62419.039321409786,0,1,0,,,,Norway,,1,0,1,8,WE,0.0669767441860465,,,Philippines,,4,1,3,3,AS,0.024
385-850,385,850,0.6014633490528667,0.4392877507830315,377007.1672793252,111961.02321316667|377007.1672793252,0,1,0,,,,Norway,,1,0,1,8,WE,0.0669767441860465,,,Indonesia (Dutch East Indies),,4,5,4,6,AS,0.08693333333333332
385-90,90,385,0.6808964898930134,0.5215364977891154,19630.378498335594,19630.378498335594,0.8,0.19999999999999996,0.6399999999999999,,,,Guatemala,,3,0,1,5,WE,0.48756756756756775,,,Norway,,1,0,1,8,WE,0.0669767441860465
385-900,385,900,0.9039864070689803,0.8449784604702781,632647.870487989,21891|632647.870487989,0,1,0,,,,Norway,,1,0,1,8,WE,0.0669767441860465,,,Australia,,2,0,2,1,AS,0.05283018867924528
385-92,92,385,1.8547726559615945,11.759550748042798,299017.0581209083,299017.0581209083,1,0,0,,,,El Salvador,,3,0,1,5,WE,0.061111111111111116,,,Norway,,1,0,1,8,WE,0.0669767441860465
385-920,385,920,0.35386898365435826,0.21908144590359757,56196.850975973655,56196.850975973655|2766,0,1,0,,,,Norway,,1,0,1,8,WE,0.0669767441860465,,,New Zealand,,2,0,2,1,AS,0.05431578947368421
385-93,93,385,0.6276533169898015,0.4622100167743337,7458.367673312953,7458.367673312953,0,1,0,,,,Nicaragua,,3,0,3,5,WE,0.020645161290322584,,,Norway,,1,0,1,8,WE,0.0669767441860465
390-395,390,395,1.9275881323457456,19.517001435415743,541184.6213454445,541184.6213454445|241199.50338600454,0,1,0,,,,Denmark,,1,0,2,8,WE,0.20404040404040397,,,Iceland,,1,0,0,8,EESU,0.04
390-40,40,390,0.2515734542416651,0.1477671652576551,83483.23751637354,83483.23751637354|7818.067421007191,0,1,0,,,,Cuba,,3,3,3,3,LA,0.024242424242424242,,,Denmark,,1,0,2,8,WE,0.20404040404040397
390-403,390,403,0.4237968915988648,0.2752686142222125,2605.080831408776,2605.080831408776,0.1,0.9,0.36000000000000004,,,,Denmark,,1,0,2,8,WE,0.20404040404040397,,,Sao Tome-Principe,,5,5,1,6,AS,0.45333333333333325
390-4050,390,4050,0.5899149910845596,0.4217947791444242,576,576,0.4,0.6,0.96,,,,Denmark,,1,0,2,8,WE,0.20404040404040397,,,St. Helena,,2,0,1,3,AS,0.568
390-41,41,390,1.7312261946306087,6.0947202250184995,262618.71228350163,262618.71228350163,0,1,0,,,,Haiti,,3,4,0,1,AS,0.027027027027027032,,,Denmark,,1,0,2,8,WE,0.20404040404040397
390-42,42,390,0.04272762576096201,0.022435892814394398,1370.6479898249945,1370.6479898249945,0,1,0,,,,Dominican Republic (Santo Domingo),,3,3,3,1,AS,0.037209302325581395,,,Denmark,,1,0,2,8,WE,0.20404040404040397
390-420,390,420,1.6973070824447427,5.369951204314115,52653,52653|430,0,1,0,,,,Denmark,,1,0,2,8,WE,0.20404040404040397,,,Gambia,,5,0,3,1,AS,0
390-451,390,451,0.8288439263657166,0.7204794026795901,11900,11900,0.9,0.09999999999999998,0.35999999999999993,,,,Denmark,,1,0,2,8,WE,0.20404040404040397,,,Sierra Leone,,5,0,2,5,AF,0.04761904761904761
390-452,390,452,0.30772140305405027,0.18435051574443384,22664,22664|7057,0.1,0.9,0.36000000000000004,,,,Denmark,,1,0,2,8,WE,0.20404040404040397,,,Ghana (Gold Coast),,5,0,1,1,AS,0.05499999999999999
390-475,390,475,0.685228235571925,0.5325260865304314,117151,117151|2371,0.9,0.09999999999999998,0.35999999999999993,,,,Denmark,,1,0,2,8,WE,0.20404040404040397,,,Nigeria,,5,0,2,3,AS,0.02918918918918919
390-490,390,490,0.2484310775901618,0.14379178175150742,4451.706543006094,2776.7599510614073|4451.706543006094,0,1,0,,,,Denmark,,1,0,2,8,WE,0.20404040404040397,,,Democratic Republic of the Congo (Zaire) (Kinshasa) (Belgian Congo) (Congo Free State),,5,5,0,6,AS,0.09619047619047619
390-501,390,501,0.23510002607813352,0.1350032108632515,16025,16025,0.9,0.09999999999999998,0.35999999999999993,,,,Denmark,,1,0,2,8,WE,0.20404040404040397,,,Kenya (British East Africa Protectorate),,4,5,2,3,AS,0.042499999999999996
390-51,51,390,0.18765741165533045,0.10629377933850404,6099,6099,0,1,0,,,,Jamaica,,3,4,3,1,AS,0.011034482758620692,,,Denmark,,1,0,2,8,WE,0.20404040404040397
390-511,390,511,0.013611892545017601,0.007040535584179719,148.78950854874427,148.78950854874427,0.8,0.19999999999999996,0.6399999999999999,,,,Denmark,,1,0,2,8,WE,0.20404040404040397,,,Zanzibar,,4,5,2,8,WE,0.2688888888888889
390-52,52,390,0.2894931712520876,0.17361436489911053,12854,12854,0,1,0,,,,Trinidad and Tobago,,3,4,3,1,AS,0.02684931506849315,,,Denmark,,1,0,2,8,WE,0.20404040404040397
390-541,390,541,0.09461836253512046,0.050998309086624616,1604.6666666666667,1604.6666666666667,0.9,0.09999999999999998,0.35999999999999993,,,,Denmark,,1,0,2,8,WE,0.20404040404040397,,,Mozambique (Portuguese East Africa),,5,5,2,6,AS,0.06285714285714285
390-552,390,552,0.18746235744594064,0.10495933612240627,10731,10731,0.9,0.09999999999999998,0.35999999999999993,,,,Denmark,,1,0,2,8,WE,0.20404040404040397,,,Zimbabwe (Rhodesia) (Southern Rhodesia),,5,5,2,3,AS,0.010909090909090906
390-560,390,560,0.11575261147159588,0.06375402465847169,59301.127900044135,39373|59301.127900044135,0.9,0.09999999999999998,0.35999999999999993,,,,Denmark,,1,0,2,8,WE,0.20404040404040397,,,South Africa,,5,5,2,3,AS,0.05199999999999999
390-570,390,570,0.028649283699865302,0.014736179053975729,7,7,0.9,0.09999999999999998,0.35999999999999993,,,,Denmark,,1,0,2,8,WE,0.20404040404040397,,,Lesotho (Basutoland),,2,0,2,3,AS,0.02571428571428571
390-590,390,590,0.42994877976826273,0.27692619943194186,12449,12449,0.9,0.09999999999999998,0.35999999999999993,,,,Denmark,,1,0,2,8,WE,0.20404040404040397,,,Mauritius,,4,0,2,3,AS,0.05076923076923076
390-591,390,591,0.4577130410066158,0.2997392005445154,692,692,0.9,0.09999999999999998,0.35999999999999993,,,,Denmark,,1,0,2,8,WE,0.20404040404040397,,,Seychelles,,4,0,2,3,AS,0.05499999999999999
390-6,6,390,1.5990456255501424,3.8256873566586864,74909.58047058403,74909.58047058403,0,1,0,,,,Puerto Rico,,3,3,3,4,WE,0,,,Denmark,,1,0,2,8,WE,0.20404040404040397
390-600,390,600,0.5536146924410488,0.38738614419712136,101729.73840869482,101729.73840869482,0,1,0,,,,Denmark,,1,0,2,8,WE,0.20404040404040397,,,Morocco,,0,0,0,3,AS,0.046486486486486484
390-615,390,615,0.09003308441302027,0.04862778261009748,19013.90810942311,19013.90810942311|7727,0,1,0,,,,Denmark,,1,0,2,8,WE,0.20404040404040397,,,Algeria (Regency of Algiers),,0,0,0,3,AS,0.029425287356321838
390-616,390,616,0.12763900889487179,0.07008506862910102,9906.27032599558,9906.27032599558|2879,0,1,0,,,,Denmark,,1,0,2,8,WE,0.20404040404040397,,,Tunisia (Regency of Tunis),,0,0,0,3,LA,0.06918918918918919
390-640,390,640,0.18004825778723477,0.10077494980441093,32810.72600215602,32810.72600215602,0.1,0.9,0.36000000000000004,,,,Denmark,,1,0,2,8,WE,0.20404040404040397,,,Turkey (Ottoman Empire),,1,0,1,3,AS,0.08153846153846155
390-651,390,651,0.3319588661960059,0.2053652728934049,140865.43646843868,140865.43646843868|66555.76078494296,0.1,0.9,0.36000000000000004,,,,Denmark,,1,0,2,8,WE,0.20404040404040397,,,Egypt Arab Republic (Egypt),,1,0,1,3,AS,0.3750588235294118
390-681,390,681,0.46804689554414525,0.31273542311767066,13274.950677277335,13274.950677277335,0.4,0.6,0.96,,,,Denmark,,1,0,2,8,WE,0.20404040404040397,,,Aden,,4,2,2,3,AS,0.4050000000000002
390-70,70,390,0.07183350444806458,0.038342050814881734,19840.32175339753,12935.803362059256|19840.32175339753,0,1,0,,,,Mexico,,3,4,3,3,LA,0.020253164556962026,,,Denmark,,1,0,2,8,WE,0.20404040404040397
390-710,390,710,0.19049558271637979,0.10994060020441088,168096.73908723323,168096.73908723323|92551.52862249706,0,1,0,,,,Denmark,,1,0,2,8,WE,0.20404040404040397,,,People's Republic of China (China),,4,1,4,3,AS,0.0496
390-713,390,713,0.020500505293728044,0.010642445297153746,417.7408522349218,417.7408522349218,0,1,0,,,,Denmark,,1,0,2,8,WE,0.20404040404040397,,,Republic of China (Taiwan) (Formosa),,4,1,4,2,ME,0.04
390-740,390,740,0.35889246812004916,0.23343129205235913,549978.1157513824,98074.15917242596|549978.1157513824,0,1,0,,,,Denmark,,1,0,2,8,WE,0.20404040404040397,,,Japan,,4,1,4,3,AS,0.26739726027397276
390-750,390,750,0.07350550855139759,0.04063316740389589,117060.60338734151,88649.41547986209|117060.60338734151,0.9,0.09999999999999998,0.35999999999999993,,,,Denmark,,1,0,2,8,WE,0.20404040404040397,,,India,,4,0,2,1,AS,0.05248
390-780,390,780,0.6727482148149562,0.5184425045710588,179829.85971305874,179829.85971305874,0.9,0.09999999999999998,0.35999999999999993,,,,Denmark,,1,0,2,8,WE,0.20404040404040397,,,Sri Lanka (Ceylon),,4,0,2,1,AS,0.03645569620253165
390-800,390,800,1.2268574950156157,1.5952107759679601,309421.9467233917,309421.9467233917|56333.32353804007,0,1,0,,,,Denmark,,1,0,2,8,WE,0.20404040404040397,,,Thailand (Siam),,4,1,4,3,AS,0.03461538461538461
390-810,390,810,0.006244814646829799,0.003193348009436825,549.5934003711227,549.5934003711227,0,1,0,,,,Denmark,,1,0,2,8,WE,0.20404040404040397,,,French Indochina,,4,1,4,3,AS,0.06428571428571428
390-827,390,827,0.19752557553198202,0.11196497694736196,98047.46262620829,98047.46262620829,0,1,0,,,,Denmark,,1,0,2,8,WE,0.20404040404040397,,,Straits Settlements,,4,1,4,1,AS,0.08347826086956521
390-840,390,840,0.255803593888708,0.15107009788938086,63431.86973961073,63431.86973961073|15058.859170168762,0,1,0,,,,Denmark,,1,0,2,8,WE,0.20404040404040397,,,Philippines,,4,1,3,3,AS,0.024
390-850,390,850,0.9701213228669335,0.9570811851682512,1399321.0810060843,1399321.0810060843|110798.02951481834,0,1,0,,,,Denmark,,1,0,2,8,WE,0.20404040404040397,,,Indonesia (Dutch East Indies),,4,5,4,6,AS,0.08693333333333332
390-860,390,860,1.521334901265563,3.136517225656914,5561.200923787529,5561.200923787529,0.1,0.9,0.36000000000000004,,,,Denmark,,1,0,2,8,WE,0.20404040404040397,,,East Timor (Portuguese Timor),,5,5,1,6,AS,0.12695652173913044
390-90,90,390,0.4415839307275684,0.2901874109514886,18607.61106316525,18607.61106316525,0.1,0.9,0.36000000000000004,,,,Guatemala,,3,0,1,5,WE,0.48756756756756775,,,Denmark,,1,0,2,8,WE,0.20404040404040397
390-900,390,900,0.08411892155811718,0.04625468227851792,76668.27935177162,76668.27935177162|10120,0.9,0.09999999999999998,0.35999999999999993,,,,Denmark,,1,0,2,8,WE,0.20404040404040397,,,Australia,,2,0,2,1,AS,0.05283018867924528
390-91,91,390,0.11441038695949046,0.06232832149549494,3947.0230037112724,3947.0230037112724,0,1,0,,,,Honduras,,3,4,3,5,WE,0.025600000000000005,,,Denmark,,1,0,2,8,WE,0.20404040404040397
390-92,92,390,1.0183412858381655,1.051574982745754,45552.64133689335,45552.64133689335,0.1,0.9,0.36000000000000004,,,,El Salvador,,3,0,1,5,WE,0.061111111111111116,,,Denmark,,1,0,2,8,WE,0.20404040404040397
390-920,390,920,0.08189320123772015,0.04393871763739243,24951.54037684897,17751|24951.54037684897,0.9,0.09999999999999998,0.35999999999999993,,,,Denmark,,1,0,2,8,WE,0.20404040404040397,,,New Zealand,,2,0,2,1,AS,0.05431578947368421
390-93,93,390,0.23748934160118718,0.13821824654941073,3799.600183395463,3799.600183395463,0,1,0,,,,Nicaragua,,3,0,3,5,WE,0.020645161290322584,,,Denmark,,1,0,2,8,WE,0.20404040404040397
390-94,94,390,0.00042724683326034185,0.00021962196092883968,10.294787365367242,10.294787365367242,0.9,0.09999999999999998,0.35999999999999993,,,,Costa Rica,,3,0,2,5,WE,0.01894736842105263,,,Denmark,,1,0,2,8,WE,0.20404040404040397
390-950,390,950,0.00009504939593318884,0.00004883446539982739,1,1,0.9,0.09999999999999998,0.35999999999999993,,,,Denmark,,1,0,2,8,WE,0.20404040404040397,,,Fiji,,2,8,2,3,LA,0.0672
4-710,4,710,1.556533908076447,3.3460893638862736,93707,93707,0.4,0.6,0.96,,,,Hawaii (Sandwich Is.),,4,0,4,3,AS,0.34909090909090906,,,People's Republic of China (China),,4,1,4,3,AS,0.0496
4-740,4,740,1.9108504917816416,13.016591281757908,595375.6555375443,595375.6555375443,1,0,0,,,,Hawaii (Sandwich Is.),,4,0,4,3,AS,0.34909090909090906,,,Japan,,4,1,4,3,AS,0.26739726027397276
4-750,4,750,1.758083976935814,5.913368327057967,312031.41860427137,312031.41860427137,0,1,0,,,,Hawaii (Sandwich Is.),,4,0,4,3,AS,0.34909090909090906,,,India,,4,0,2,1,AS,0.05248
4-840,4,840,1.804519041757523,8.830188658206318,67909.77610468175,67909.77610468175,0.6,0.4,0.96,,,,Hawaii (Sandwich Is.),,4,0,4,3,AS,0.34909090909090906,,,Philippines,,4,1,3,3,AS,0.024
4-900,4,900,1.4827917573631355,2.765035803816683,78339,78339,0,1,0,,,,Hawaii (Sandwich Is.),,4,0,4,3,AS,0.34909090909090906,,,Australia,,2,0,2,1,AS,0.05283018867924528
4-920,4,920,1.8262354625413848,9.682202341313666,123374,123374,0,1,0,,,,Hawaii (Sandwich Is.),,4,0,4,3,AS,0.34909090909090906,,,New Zealand,,2,0,2,1,AS,0.05431578947368421
4-950,4,950,1.7120894133967148,5.9323004622895175,2225,2225,0,1,0,,,,Hawaii (Sandwich Is.),,4,0,4,3,AS,0.34909090909090906,,,Fiji,,2,8,2,3,LA,0.0672
40-4050,40,4050,0.5835166301695256,0.4141056174229618,357,357,0,1,0,,,,Cuba,,3,3,3,3,LA,0.024242424242424242,,,St. Helena,,2,0,1,3,AS,0.568
40-41,40,41,1.2065257000697007,1.5285671094579312,33544.41216639638,33544.41216639638|122.30207390056283,0,1,0,,,,Cuba,,3,3,3,3,LA,0.024242424242424242,,,Haiti,,3,4,0,1,AS,0.027027027027027032
40-42,40,42,1.618115077438841,4.177728824322385,129983.01475386333,129983.01475386333|16635.552799444235,1,0,0,,,,Cuba,,3,3,3,3,LA,0.024242424242424242,,,Dominican Republic (Santo Domingo),,3,3,3,1,AS,0.037209302325581395
40-420,40,420,0.04284711547099973,0.022090902333647633,266,266,1,0,0,,,,Cuba,,3,3,3,3,LA,0.024242424242424242,,,Gambia,,5,0,3,1,AS,0
40-451,40,451,0.47410084668582364,0.3149145918029299,2649,2649,0,1,0,,,,Cuba,,3,3,3,3,LA,0.024242424242424242,,,Sierra Leone,,5,0,2,5,AF,0.04761904761904761
40-452,40,452,0.30370838344786844,0.180746983677467,4368,4368,0,1,0,,,,Cuba,,3,3,3,3,LA,0.024242424242424242,,,Ghana (Gold Coast),,5,0,1,1,AS,0.05499999999999999
40-475,40,475,0.0330790707948847,0.017038810700043094,1467,1467,0,1,0,,,,Cuba,,3,3,3,3,LA,0.024242424242424242,,,Nigeria,,5,0,2,3,AS,0.02918918918918919
40-501,40,501,0.2319604075436431,0.132366516319821,9919,9919,0,1,0,,,,Cuba,,3,3,3,3,LA,0.024242424242424242,,,Kenya (British East Africa Protectorate),,4,5,2,3,AS,0.042499999999999996
40-51,40,51,0.32104982322498643,0.1928797266985376,9765.437219636833,3563|9765.437219636833,1,0,0,,,,Cuba,,3,3,3,3,LA,0.024242424242424242,,,Jamaica,,3,4,3,1,AS,0.011034482758620692
40-52,40,52,0.036205720470885216,0.018630607391679432,854,500|854,1,0,0,,,,Cuba,,3,3,3,3,LA,0.024242424242424242,,,Trinidad and Tobago,,3,4,3,1,AS,0.02684931506849315
40-53,40,53,0.06636197306812841,0.03463049358133474,561,561,1,0,0,,,,Cuba,,3,3,3,3,LA,0.024242424242424242,,,Barbados,,3,4,3,1,AS,0.01777777777777778
40-552,40,552,0.18491590941411162,0.10290676853589331,6642,6642,0,1,0,,,,Cuba,,3,3,3,3,LA,0.024242424242424242,,,Zimbabwe (Rhodesia) (Southern Rhodesia),,5,5,2,3,AS,0.010909090909090906
40-570,40,570,0.026099383457164116,0.013338623998600418,4,4,0,1,0,,,,Cuba,,3,3,3,3,LA,0.024242424242424242,,,Lesotho (Basutoland),,2,0,2,3,AS,0.02571428571428571
40-590,40,590,0.42455448901886084,0.2714978600430825,7705,7705,0,1,0,,,,Cuba,,3,3,3,3,LA,0.024242424242424242,,,Mauritius,,4,0,2,3,AS,0.05076923076923076
40-591,40,591,0.45178439777919444,0.293660415184678,428,428,0,1,0,,,,Cuba,,3,3,3,3,LA,0.024242424242424242,,,Seychelles,,4,0,2,3,AS,0.05499999999999999
40-6,6,40,1.8615974244051463,12.090601545475163,149455.39915970818,149455.39915970818,1,0,0,,,,Puerto Rico,,3,3,3,4,WE,0,,,Cuba,,3,3,3,3,LA,0.024242424242424242
40-651,40,651,0.01950546022074018,0.010123395509451405,5560.626447529462,582.5590149919776|5560.626447529462,0,1,0,,,,Cuba,,3,3,3,3,LA,0.024242424242424242,,,Egypt Arab Republic (Egypt),,1,0,1,3,AS,0.3750588235294118
40-68,40,68,0.03803548257890521,0.019629450910282564,4160.741261586824,4160.741261586824,0,1,0,,,,Cuba,,3,3,3,3,LA,0.024242424242424242,,,Netherlands Antilles,,3,3,5,6,AS,0
40-70,40,70,0.9644223288484478,0.940608397822045,351555.9368187808,351555.9368187808|11717.526979260994,1,0,0,,,,Cuba,,3,3,3,3,LA,0.024242424242424242,,,Mexico,,3,4,3,3,LA,0.020253164556962026
40-710,40,710,0.3510802399420484,0.2220298674144885,234049.31410690924,1683.9256548950716|234049.31410690924,0,1,0,,,,Cuba,,3,3,3,3,LA,0.024242424242424242,,,People's Republic of China (China),,4,1,4,3,AS,0.0496
40-740,40,740,0.16463211635933017,0.09376044042970699,119246.02509251404,119246.02509251404|50401.63177485956,0.6,0.4,0.96,,,,Cuba,,3,3,3,3,LA,0.024242424242424242,,,Japan,,4,1,4,3,AS,0.26739726027397276
40-750,40,750,1.2088879908532837,1.5076687703084388,2212074.767600623,951.8560398018552|2212074.767600623,0,1,0,,,,Cuba,,3,3,3,3,LA,0.024242424242424242,,,India,,4,0,2,1,AS,0.05248
40-840,40,840,0.19368288443590742,0.10933054684554766,23379.450782482905,23379.450782482905|27.590030139184208,1,0,0,,,,Cuba,,3,3,3,3,LA,0.024242424242424242,,,Philippines,,4,1,3,3,AS,0.024
40-90,40,90,0.7905015587346074,0.6610643920074817,21588.357374758558,21588.357374758558|8583.587809495899,0.2,0.8,0.6400000000000001,,,,Cuba,,3,3,3,3,LA,0.024242424242424242,,,Guatemala,,3,0,1,5,WE,0.48756756756756775
40-900,40,900,0.082915791476745,0.04532992645353706,47433.02689018226,1733|47433.02689018226,0,1,0,,,,Cuba,,3,3,3,3,LA,0.024242424242424242,,,Australia,,2,0,2,1,AS,0.05283018867924528
40-91,40,91,0.19319501422571916,0.10858153467188081,3501.901962701971,3501.901962701971,1,0,0,,,,Cuba,,3,3,3,3,LA,0.024242424242424242,,,Honduras,,3,4,3,5,WE,0.025600000000000005
40-92,40,92,1.4404576481827505,2.569091746213706,56678.28681594438,56678.28681594438|2109.8137226583626,0,1,0,,,,Cuba,,3,3,3,3,LA,0.024242424242424242,,,El Salvador,,3,0,1,5,WE,0.061111111111111116
40-920,40,920,0.6417917307675018,0.4806051753834183,172295.62030425924,362|172295.62030425924,0,1,0,,,,Cuba,,3,3,3,3,LA,0.024242424242424242,,,New Zealand,,2,0,2,1,AS,0.05431578947368421
40-93,40,93,0.23926458159775965,0.13702205311928273,2540.341730278021,2540.341730278021,1,0,0,,,,Cuba,,3,3,3,3,LA,0.024242424242424242,,,Nicaragua,,3,0,3,5,WE,0.020645161290322584
40-94,40,94,0.1315309893323604,0.07148980594270993,1706.6698494305813,1706.6698494305813,0,1,0,,,,Cuba,,3,3,3,3,LA,0.024242424242424242,,,Costa Rica,,3,0,2,5,WE,0.01894736842105263
40-95,40,95,0.7699557765982048,0.6284266780530109,58904.71434715828,58904.71434715828,1,0,0,,,,Cuba,,3,3,3,3,LA,0.024242424242424242,,,Panama,,3,0,3,1,AS,0.021333333333333336
402-403,402,403,1.9894790252661037,186.49191593957218,440,440|195,0,1,0,,,,Cape Verde,,5,5,2,6,AS,0.05466666666666666,,,Sao Tome-Principe,,5,5,1,6,AS,0.45333333333333325
402-404,402,404,1.8867720698280097,16.629456185335766,73,73|27,0.8,0.19999999999999996,0.6399999999999999,,,,Cape Verde,,5,5,2,6,AS,0.05466666666666666,,,Guinea-Bissau (Portuguese Guinea),,5,5,2,6,AS,0.36666666666666675
402-420,402,420,1.397221469240265,2.317276393950597,194,194,0,1,0,,,,Cape Verde,,5,5,2,6,AS,0.05466666666666666,,,Gambia,,5,0,3,1,AS,0
402-451,402,451,1.824962579533347,10.395310541072151,1466,1466,1,0,0,,,,Cape Verde,,5,5,2,6,AS,0.05466666666666666,,,Sierra Leone,,5,0,2,5,AF,0.04761904761904761
402-490,402,490,1.205760722544795,1.5198401958459575,71.62032096161127,71.62032096161127|18,0,1,0,,,,Cape Verde,,5,5,2,6,AS,0.05466666666666666,,,Democratic Republic of the Congo (Zaire) (Kinshasa) (Belgian Congo) (Congo Free State),,5,5,0,6,AS,0.09619047619047619
402-512,402,512,0.27607379576639335,0.16023590495364548,63,63,0.8,0.19999999999999996,0.6399999999999999,,,,Cape Verde,,5,5,2,6,AS,0.05466666666666666,,,Tanzania (Tanganyika),,4,5,2,1,AF,0.46142857142857163
402-52,52,402,1.987178619057868,133.81206551665167,84590,84590,0,1,0,,,,Trinidad and Tobago,,3,4,3,1,AS,0.02684931506849315,,,Cape Verde,,5,5,2,6,AS,0.05466666666666666
402-540,402,540,1.9814935122515105,104.93325200929911,2517.7474260824392,2517.7474260824392|678,0,1,0,,,,Cape Verde,,5,5,2,6,AS,0.05466666666666666,,,Angola,,5,5,0,6,AS,0.2853333333333333
402-541,402,541,1.813304838357607,9.670278492320023,2598,395|2598,1,0,0,,,,Cape Verde,,5,5,2,6,AS,0.05466666666666666,,,Mozambique (Portuguese East Africa),,5,5,2,6,AS,0.06285714285714285
402-560,402,560,0.6448680840694343,0.4792776050910601,4360,4360,1,0,0,,,,Cape Verde,,5,5,2,6,AS,0.05466666666666666,,,South Africa,,5,5,2,3,AS,0.05199999999999999
402-721,402,721,1.412443671485468,2.4037453585456308,83,7|83,0,1,0,,,,Cape Verde,,5,5,2,6,AS,0.05466666666666666,,,Macao,,5,1,4,6,AS,0
402-750,402,750,0.8874985449281171,0.8036806454889927,19769,19769,1,0,0,,,,Cape Verde,,5,5,2,6,AS,0.05466666666666666,,,India,,4,0,2,1,AS,0.05248
402-752,402,752,1.9712824991814846,68.46161255637222,81,81|25,1,0,0,,,,Cape Verde,,5,5,2,6,AS,0.05466666666666666,,,Portuguese India,,5,9,2,6,AS,0.0911111111111111
402-840,402,840,0.0033235833282995175,0.0016735979574532545,6,6,0,1,0,,,,Cape Verde,,5,5,2,6,AS,0.05466666666666666,,,Philippines,,4,1,3,3,AS,0.024
402-860,402,860,1.8870852153815945,16.709122996148615,33,5|33,0,1,0,,,,Cape Verde,,5,5,2,6,AS,0.05466666666666666,,,East Timor (Portuguese Timor),,5,5,1,6,AS,0.12695652173913044
402-900,402,900,0.2816055366419823,0.16661201303731543,2200.5,2200.5,1,0,0,,,,Cape Verde,,5,5,2,6,AS,0.05466666666666666,,,Australia,,2,0,2,1,AS,0.05283018867924528
403-404,403,404,1.7649143888205163,7.501833763266793,255,255|217,0.1,0.9,0.36000000000000004,,,,Sao Tome-Principe,,5,5,1,6,AS,0.45333333333333325,,,Guinea-Bissau (Portuguese Guinea),,5,5,2,6,AS,0.36666666666666675
403-490,403,490,0.9514822401553595,0.9086818030640167,240,240,0.3,0.7,0.84,,,,Sao Tome-Principe,,5,5,1,6,AS,0.45333333333333325,,,Democratic Republic of the Congo (Zaire) (Kinshasa) (Belgian Congo) (Congo Free State),,5,5,0,6,AS,0.09619047619047619
403-512,403,512,1.3238480848233305,1.9569292919599057,501,501,0.1,0.9,0.36000000000000004,,,,Sao Tome-Principe,,5,5,1,6,AS,0.45333333333333325,,,Tanzania (Tanganyika),,4,5,2,1,AF,0.46142857142857163
403-540,403,540,1.9965043171567367,451.39579686485223,81286.22158209392,81286.22158209392|2362,0.4,0.6,0.96,,,,Sao Tome-Principe,,5,5,1,6,AS,0.45333333333333325,,,Angola,,5,5,0,6,AS,0.2853333333333333
403-541,403,541,1.9839023482733595,116.64760789457391,20406,1375|20406,0,1,0,,,,Sao Tome-Principe,,5,5,1,6,AS,0.45333333333333325,,,Mozambique (Portuguese East Africa),,5,5,2,6,AS,0.06285714285714285
403-68,68,403,0.4214714754257918,0.2677698457296075,767,767,0,1,0,,,,Netherlands Antilles,,3,3,5,6,AS,0,,,Sao Tome-Principe,,5,5,1,6,AS,0.45333333333333325
403-721,403,721,1.932745043954546,28.644680238005915,653,25|653,0,1,0,,,,Sao Tome-Principe,,5,5,1,6,AS,0.45333333333333325,,,Macao,,5,1,4,6,AS,0
403-752,403,752,1.8302085494750553,10.763552011484892,284,284|200,0,1,0,,,,Sao Tome-Principe,,5,5,1,6,AS,0.45333333333333325,,,Portuguese India,,5,9,2,6,AS,0.0911111111111111
403-840,403,840,0.04498078402645278,0.02313192452894819,54,54,0,1,0,,,,Sao Tome-Principe,,5,5,1,6,AS,0.45333333333333325,,,Philippines,,4,1,3,3,AS,0.024
403-850,403,850,1.7656456885175467,7.169914173149065,56841,56841,0,1,0,,,,Sao Tome-Principe,,5,5,1,6,AS,0.45333333333333325,,,Indonesia (Dutch East Indies),,4,5,4,6,AS,0.08693333333333332
403-860,403,860,1.9276352878495224,26.578311760727754,262,18|262,0.7,0.30000000000000004,0.8400000000000001,,,,Sao Tome-Principe,,5,5,1,6,AS,0.45333333333333325,,,East Timor (Portuguese Timor),,5,5,1,6,AS,0.12695652173913044
404-451,404,451,1.8372338042546117,11.249231481451432,1922,1922,0.8,0.19999999999999996,0.6399999999999999,,,,Guinea-Bissau (Portuguese Guinea),,5,5,2,6,AS,0.36666666666666675,,,Sierra Leone,,5,0,2,5,AF,0.04761904761904761
404-512,404,512,0.2966147707425765,0.17424621509029492,83,83,0.8,0.19999999999999996,0.6399999999999999,,,,Guinea-Bissau (Portuguese Guinea),,5,5,2,6,AS,0.36666666666666675,,,Tanzania (Tanganyika),,4,5,2,1,AF,0.46142857142857163
404-540,404,540,1.66752968786209,5.005091520276357,1676.9634465603958,1676.9634465603958|335,0.2,0.8,0.6400000000000001,,,,Guinea-Bissau (Portuguese Guinea),,5,5,2,6,AS,0.36666666666666675,,,Angola,,5,5,0,6,AS,0.2853333333333333
404-541,404,541,1.8262817261970592,10.461234174094773,3405,195|3405,0.8,0.19999999999999996,0.6399999999999999,,,,Guinea-Bissau (Portuguese Guinea),,5,5,2,6,AS,0.36666666666666675,,,Mozambique (Portuguese East Africa),,5,5,2,6,AS,0.06285714285714285
404-560,404,560,0.6798706391997095,0.5184499729609154,5714,5714,0.8,0.19999999999999996,0.6399999999999999,,,,Guinea-Bissau (Portuguese Guinea),,5,5,2,6,AS,0.36666666666666675,,,South Africa,,5,5,2,3,AS,0.05199999999999999
404-68,68,404,0.16383094995889247,0.08953866543053257,141,141,0,1,0,,,,Netherlands Antilles,,3,3,5,6,AS,0,,,Guinea-Bissau (Portuguese Guinea),,5,5,2,6,AS,0.36666666666666675
404-721,404,721,1.4398382145030477,2.5698344576383594,109,3|109,0,1,0,,,,Guinea-Bissau (Portuguese Guinea),,5,5,2,6,AS,0.36666666666666675,,,Macao,,5,1,4,6,AS,0
404-750,404,750,0.927665283950338,0.8694251403706145,25910,25910,0.8,0.19999999999999996,0.6399999999999999,,,,Guinea-Bissau (Portuguese Guinea),,5,5,2,6,AS,0.36666666666666675,,,India,,4,0,2,1,AS,0.05248
404-752,404,752,1.4677834462062145,2.757544089097788,40,40|33,0.8,0.19999999999999996,0.6399999999999999,,,,Guinea-Bissau (Portuguese Guinea),,5,5,2,6,AS,0.36666666666666675,,,Portuguese India,,5,9,2,6,AS,0.0911111111111111
404-840,404,840,0.004112982116634356,0.002072088827873575,9,9,0,1,0,,,,Guinea-Bissau (Portuguese Guinea),,5,5,2,6,AS,0.36666666666666675,,,Philippines,,4,1,3,3,AS,0.024
404-850,404,850,1.4117779764345462,2.4089366702891057,10499,10499,0,1,0,,,,Guinea-Bissau (Portuguese Guinea),,5,5,2,6,AS,0.36666666666666675,,,Indonesia (Dutch East Indies),,4,5,4,6,AS,0.08693333333333332
404-860,404,860,1.402053814323024,2.3444577381698672,43,2|43,0.1,0.9,0.36000000000000004,,,,Guinea-Bissau (Portuguese Guinea),,5,5,2,6,AS,0.36666666666666675,,,East Timor (Portuguese Timor),,5,5,1,6,AS,0.12695652173913044
404-900,404,900,1.4121292990859922,2.337874564411021,37408.5,37408.5,0.8,0.19999999999999996,0.6399999999999999,,,,Guinea-Bissau (Portuguese Guinea),,5,5,2,6,AS,0.36666666666666675,,,Australia,,2,0,2,1,AS,0.05283018867924528
4050-52,52,4050,1.2316000725449678,1.6019040209078068,146,146,0,1,0,,,,Trinidad and Tobago,,3,4,3,1,AS,0.02684931506849315,,,St. Helena,,2,0,1,3,AS,0.568
4050-560,560,4050,1.72184933696321,5.9180938443598246,7589,2396|7589,0.3,0.7,0.84,,,,South Africa,,5,5,2,3,AS,0.05199999999999999,,,St. Helena,,2,0,1,3,AS,0.568
4050-780,780,4050,1.3915164252876457,2.2740201034905896,971,971,0.3,0.7,0.84,,,,Sri Lanka (Ceylon),,4,0,2,1,AS,0.03645569620253165,,,St. Helena,,2,0,1,3,AS,0.568
4050-840,840,4050,0.8644680822053652,0.7622606392918619,394,394,0,1,0,,,,Philippines,,4,1,3,3,AS,0.024,,,St. Helena,,2,0,1,3,AS,0.568
4050-920,920,4050,0.009216861997450865,0.004670679737666106,4,4,0.3,0.7,0.84,,,,New Zealand,,2,0,2,1,AS,0.05431578947368421,,,St. Helena,,2,0,1,3,AS,0.568
41-42,41,42,1.7661433616433333,7.500741007603586,13258.656647856471,13258.656647856471|2154.2048812611556,0,1,0,,,,Haiti,,3,4,0,1,AS,0.027027027027027032,,,Dominican Republic (Santo Domingo),,3,3,3,1,AS,0.037209302325581395
41-51,41,51,0.13460255400629817,0.07230712131409711,225.24995126447578,1|225.24995126447578,0,1,0,,,,Haiti,,3,4,0,1,AS,0.027027027027027032,,,Jamaica,,3,4,3,1,AS,0.011034482758620692
41-52,41,52,0.08221418845030071,0.04294596943023865,92,92,0,1,0,,,,Haiti,,3,4,0,1,AS,0.027027027027027032,,,Trinidad and Tobago,,3,4,3,1,AS,0.02684931506849315
41-6,6,41,0.7424096500276138,0.5905279652901998,449.1409905743396,449.1409905743396,0,1,0,,,,Puerto Rico,,3,3,3,4,WE,0,,,Haiti,,3,4,0,1,AS,0.027027027027027032
41-615,41,615,0.009875479298427914,0.004991259466565756,65.75486694316544,56.4689676563266|65.75486694316544,1,0,0,,,,Haiti,,3,4,0,1,AS,0.027027027027027032,,,Algeria (Regency of Algiers),,0,0,0,3,AS,0.029425287356321838
41-66,41,66,0.07641665569010836,0.03977211184132057,41.549762491015734,41.549762491015734,1,0,0,,,,Haiti,,3,4,0,1,AS,0.027027027027027032,,,Martinique,,3,4,0,1,AS,0
41-665,41,665,0.0009176387760188032,0.00045952573418150955,0.494149801677095,0.494149801677095,0,1,0,,,,Haiti,,3,4,0,1,AS,0.027027027027027032,,,Palestine,,1,0,1,4,ME,0.22375
41-68,41,68,0.06441924645857378,0.033421594046604164,435.8813042293375,435.8813042293375,0,1,0,,,,Haiti,,3,4,0,1,AS,0.027027027027027032,,,Netherlands Antilles,,3,3,5,6,AS,0
41-70,41,70,0.02079784137877172,0.010615038357674966,225.40116037562683,225.40116037562683,0,1,0,,,,Haiti,,3,4,0,1,AS,0.027027027027027032,,,Mexico,,3,4,3,3,LA,0.020253164556962026
41-740,41,740,0.011871765851667604,0.006342227120220034,580.4201212198878,580.4201212198878,0,1,0,,,,Haiti,,3,4,0,1,AS,0.027027027027027032,,,Japan,,4,1,4,3,AS,0.26739726027397276
41-750,41,750,0.5241873659323391,0.3639999684223295,30342,30342,0,1,0,,,,Haiti,,3,4,0,1,AS,0.027027027027027032,,,India,,4,0,2,1,AS,0.05248
41-840,41,840,0.000050424733169518454,0.000025370404839852867,0.30822593371909524,0.30822593371909524,0,1,0,,,,Haiti,,3,4,0,1,AS,0.027027027027027032,,,Philippines,,4,1,3,3,AS,0.024
41-91,41,91,0.003944945434265157,0.001980221992102904,4.117915013975791,4.117915013975791,0,1,0,,,,Haiti,,3,4,0,1,AS,0.027027027027027032,,,Honduras,,3,4,3,5,WE,0.025600000000000005
41-94,41,94,0.05884965378755236,0.03036148288436913,41.17914946146897,41.17914946146897,0,1,0,,,,Haiti,,3,4,0,1,AS,0.027027027027027032,,,Costa Rica,,3,0,2,5,WE,0.01894736842105263
41-96,41,96,1.8847541558731913,16.204699453554596,3215.9680884646737,3215.9680884646737,0,1,0,,,,Haiti,,3,4,0,1,AS,0.027027027027027032,,,Panama Canal Zone,,2,0,2,1,AS,0
411-475,411,475,1.3001929697522974,1.8533406537005046,3626,3626,0.1,0.9,0.36000000000000004,,,,Equatorial Guinea (Spanish Guinea),,0,0,0,3,AS,0.13090909090909092,,,Nigeria,,5,0,2,3,AS,0.02918918918918919
411-541,411,541,0,,0,0,0.1,0.9,0.36000000000000004,,,,Equatorial Guinea (Spanish Guinea),,0,0,0,3,AS,0.13090909090909092,,,Mozambique (Portuguese East Africa),,5,5,2,6,AS,0.06285714285714285
411-840,411,840,1.465816760292675,2.7183939240375556,10151,10151,0,1,0,,,,Equatorial Guinea (Spanish Guinea),,0,0,0,3,AS,0.13090909090909092,,,Philippines,,4,1,3,3,AS,0.024
42-5,5,42,1.9382642742161638,30.606211206548117,11965.21956327173,11965.21956327173,1,0,0,,,,Virgin Islands (Danish West Indies),,3,3,3,3,LA,0,,,Dominican Republic (Santo Domingo),,3,3,3,1,AS,0.037209302325581395
42-51,42,51,0.31757179906548194,0.18910866230666845,631,530|631,1,0,0,,,,Dominican Republic (Santo Domingo),,3,3,3,1,AS,0.037209302325581395,,,Jamaica,,3,4,3,1,AS,0.011034482758620692
42-52,42,52,1.2830616763241567,1.7888373285964463,6469,6469|678,1,0,0,,,,Dominican Republic (Santo Domingo),,3,3,3,1,AS,0.037209302325581395,,,Trinidad and Tobago,,3,4,3,1,AS,0.02684931506849315
42-53,42,53,0.4786437012638822,0.31489562287432116,445,445,1,0,0,,,,Dominican Republic (Santo Domingo),,3,3,3,1,AS,0.037209302325581395,,,Barbados,,3,4,3,1,AS,0.01777777777777778
42-6,6,42,1.9963907000710985,365.51991814650705,394152.20004712214,394152.20004712214,1,0,0,,,,Puerto Rico,,3,3,3,4,WE,0,,,Dominican Republic (Santo Domingo),,3,3,3,1,AS,0.037209302325581395
42-600,42,600,0.049722678907299867,0.025626601696793094,370.6123451532207,370.6123451532207,0,1,0,,,,Dominican Republic (Santo Domingo),,3,3,3,1,AS,0.037209302325581395,,,Morocco,,0,0,0,3,AS,0.046486486486486484
42-65,42,65,1.3968341364997616,2.3132310280732646,2392,2392,0,1,0,,,,Dominican Republic (Santo Domingo),,3,3,3,1,AS,0.037209302325581395,,,Guadeloupe,,3,0,0,1,AS,0
42-651,42,651,0.010147321131012688,0.005199313721201415,249.13385424188726,249.13385424188726,0,1,0,,,,Dominican Republic (Santo Domingo),,3,3,3,1,AS,0.037209302325581395,,,Egypt Arab Republic (Egypt),,1,0,1,3,AS,0.3750588235294118
42-66,42,66,1.6622314713718174,4.902254562278645,7261,7261,0,1,0,,,,Dominican Republic (Santo Domingo),,3,3,3,1,AS,0.037209302325581395,,,Martinique,,3,4,0,1,AS,0
42-68,42,68,1.3136641293110347,1.9060906837110412,35244.82223257668,35244.82223257668,0,1,0,,,,Dominican Republic (Santo Domingo),,3,3,3,1,AS,0.037209302325581395,,,Netherlands Antilles,,3,3,5,6,AS,0
42-70,42,70,0.695283782984631,0.5395623832828794,15375.882617417898,15375.882617417898|2681.9859778380396,1,0,0,,,,Dominican Republic (Santo Domingo),,3,3,3,1,AS,0.037209302325581395,,,Mexico,,3,4,3,3,LA,0.020253164556962026
42-740,42,740,0.001817395831552715,0.0009663919779655528,125.39051011017301,125.39051011017301,0.6,0.4,0.96,,,,Dominican Republic (Santo Domingo),,3,3,3,1,AS,0.037209302325581395,,,Japan,,4,1,4,3,AS,0.26739726027397276
42-750,42,750,0.7992187809817729,0.6744360464336594,94904,94904,0,1,0,,,,Dominican Republic (Santo Domingo),,3,3,3,1,AS,0.037209302325581395,,,India,,4,0,2,1,AS,0.05248
42-90,42,90,0.12740047208318317,0.06818020151183268,220.10255387155163,220.10255387155163,0.2,0.8,0.6400000000000001,,,,Dominican Republic (Santo Domingo),,3,3,3,1,AS,0.037209302325581395,,,Guatemala,,3,0,1,5,WE,0.48756756756756775
42-93,42,93,1.2372821273846544,1.6216522983789576,2622.7000292009584,2622.7000292009584,1,0,0,,,,Dominican Republic (Santo Domingo),,3,3,3,1,AS,0.037209302325581395,,,Nicaragua,,3,0,3,5,WE,0.020645161290322584
420-430,420,430,0.7448930438921009,0.5943759145675763,176,176,0,1,0,,,,Gambia,,5,0,3,1,AS,0,,,French West Africa,,5,0,0,1,AS,0
420-450,420,450,1.4143139929106912,2.414194029415029,101,101,0,1,0,,,,Gambia,,5,0,3,1,AS,0,,,Liberia,,5,0,2,9,AF,0
420-451,420,451,1.9919434739484219,224.41782253075766,63732,843|63732,0,1,0,,,,Gambia,,5,0,3,1,AS,0,,,Sierra Leone,,5,0,2,5,AF,0.04761904761904761
420-452,420,452,0.000803980434310736,0.0004030220634857473,1,1,0,1,0,,,,Gambia,,5,0,3,1,AS,0,,,Ghana (Gold Coast),,5,0,1,1,AS,0.05499999999999999
420-475,420,475,0.2883957855766741,0.16893550476942465,639,639|6,0,1,0,,,,Gambia,,5,0,3,1,AS,0,,,Nigeria,,5,0,2,3,AS,0.02918918918918919
420-52,52,420,0.15757199076335482,0.0856246968493184,109,109,1,0,0,,,,Trinidad and Tobago,,3,4,3,1,AS,0.02684931506849315,,,Gambia,,5,0,3,1,AS,0
420-560,420,560,0,,0,0,0,1,0,,,,Gambia,,5,0,3,1,AS,0,,,South Africa,,5,5,2,3,AS,0.05199999999999999
420-615,420,615,0.00971810722230182,0.0049085385285604355,33,33,0,1,0,,,,Gambia,,5,0,3,1,AS,0,,,Algeria (Regency of Algiers),,0,0,0,3,AS,0.029425287356321838
420-70,70,420,0.3051590764100496,0.1814842196396298,2290,2290,1,0,0,,,,Mexico,,3,4,3,3,LA,0.020253164556962026,,,Gambia,,5,0,3,1,AS,0
420-750,420,750,0.02022056424991392,0.010598466746435609,524.9862560476845,524.9862560476845,0,1,0,,,,Gambia,,5,0,3,1,AS,0,,,India,,4,0,2,1,AS,0.05248
420-780,420,780,0.0023336426971254376,0.0011737132925975224,7,7,0,1,0,,,,Gambia,,5,0,3,1,AS,0,,,Sri Lanka (Ceylon),,4,0,2,1,AS,0.03645569620253165
420-840,420,840,0.07785250213786166,0.040723351847316125,294,294,1,0,0,,,,Gambia,,5,0,3,1,AS,0,,,Philippines,,4,1,3,3,AS,0.024
420-900,420,900,0.008514180219917566,0.004361533649070326,116,116,0,1,0,,,,Gambia,,5,0,3,1,AS,0,,,Australia,,2,0,2,1,AS,0.05283018867924528
420-920,420,920,0.00016566296981868067,0.00008360052624556413,1,1,0,1,0,,,,Gambia,,5,0,3,1,AS,0,,,New Zealand,,2,0,2,1,AS,0.05431578947368421
430-451,430,451,1.982920796021472,108.99217438983102,54365,54365,0,1,0,,,,French West Africa,,5,0,0,1,AS,0,,,Sierra Leone,,5,0,2,5,AF,0.04761904761904761
430-452,430,452,1.2890590021261223,1.8122665704553598,7898,7898,0,1,0,,,,French West Africa,,5,0,0,1,AS,0,,,Ghana (Gold Coast),,5,0,1,1,AS,0.05499999999999999
430-490,430,490,0.0208470309867822,0.010564224177449733,30.071277043079128,30.071277043079128,1,0,0,,,,French West Africa,,5,0,0,1,AS,0,,,Democratic Republic of the Congo (Zaire) (Kinshasa) (Belgian Congo) (Congo Free State),,5,5,0,6,AS,0.09619047619047619
430-615,430,615,1.64086739489785,4.489766498771003,53016.2936339112,53016.2936339112,1,0,0,,,,French West Africa,,5,0,0,1,AS,0,,,Algeria (Regency of Algiers),,0,0,0,3,AS,0.029425287356321838
430-68,68,430,0.11892296595861829,0.06352271407160182,1961,1961,0,1,0,,,,Netherlands Antilles,,3,3,5,6,AS,0,,,French West Africa,,5,0,0,1,AS,0
430-70,70,430,1.0847230953512206,1.1845428376807834,26252.535677672742,26252.535677672742,0,1,0,,,,Mexico,,3,4,3,3,LA,0.020253164556962026,,,French West Africa,,5,0,0,1,AS,0
430-750,430,750,0.11271292619451878,0.061941172070345774,5389,5389,0,1,0,,,,French West Africa,,5,0,0,1,AS,0,,,India,,4,0,2,1,AS,0.05248
430-850,430,850,1.254642415050673,1.7010012050457541,145334,145334,0,1,0,,,,French West Africa,,5,0,0,1,AS,0,,,Indonesia (Dutch East Indies),,4,5,4,6,AS,0.08693333333333332
430-900,430,900,0.0020095642630825195,0.0010275396834342754,48,48,0,1,0,,,,French West Africa,,5,0,0,1,AS,0,,,Australia,,2,0,2,1,AS,0.05283018867924528
450-451,450,451,1.9167363435136366,22.888248229836098,1613,1613,1,0,0,,,,Liberia,,5,0,2,9,AF,0,,,Sierra Leone,,5,0,2,5,AF,0.04761904761904761
450-452,450,452,0.19597405352578656,0.10881330859773497,67,67,0,1,0,,,,Liberia,,5,0,2,9,AF,0,,,Ghana (Gold Coast),,5,0,1,1,AS,0.05499999999999999
450-475,450,475,1.3373692468496472,2.0124746768380954,1889,1889,1,0,0,,,,Liberia,,5,0,2,9,AF,0,,,Nigeria,,5,0,2,3,AS,0.02918918918918919
450-750,450,750,0.0022883730609292163,0.001188725236672017,14.611943508285455,14.611943508285455,1,0,0,,,,Liberia,,5,0,2,9,AF,0,,,India,,4,0,2,1,AS,0.05248
451-452,451,452,1.4980594423775637,2.986179861534244,1702,120|1702,0,1,0,,,,Sierra Leone,,5,0,2,5,AF,0.04761904761904761,,,Ghana (Gold Coast),,5,0,1,1,AS,0.05499999999999999
451-472,451,472,0.7528734834899433,0.6037652781678852,5,5,0,1,0,,,,Sierra Leone,,5,0,2,5,AF,0.04761904761904761,,,British Cameroons,,2,0,1,1,AS,0
451-475,451,475,1.9767319449892788,74.39600612101485,151068,9661|151068,1,0,0,,,,Sierra Leone,,5,0,2,5,AF,0.04761904761904761,,,Nigeria,,5,0,2,3,AS,0.02918918918918919
451-560,451,560,0.13445012819974733,0.07379513222686651,1022,1022,1,0,0,,,,Sierra Leone,,5,0,2,5,AF,0.04761904761904761,,,South Africa,,5,5,2,3,AS,0.05199999999999999
451-652,451,652,0.003028837703790699,0.0015187495628177228,2,2,0,1,0,,,,Sierra Leone,,5,0,2,5,AF,0.04761904761904761,,,Syria,,1,0,1,4,ME,0.5333333333333332
451-750,451,750,0.2714199070877744,0.16203575461161002,4771.694164241422,4771.694164241422,1,0,0,,,,Sierra Leone,,5,0,2,5,AF,0.04761904761904761,,,India,,4,0,2,1,AS,0.05248
452-461,452,461,1.9981833825883852,364.4818042799902,190308,190308,0,1,0,,,,Ghana (Gold Coast),,5,0,1,1,AS,0.05499999999999999,,,Togo (French Togoland),,5,0,0,1,AS,0
452-471,452,471,0.09908950408442274,0.052231837739786124,57,57,0,1,0,,,,Ghana (Gold Coast),,5,0,1,1,AS,0.05499999999999999,,,Cameroun (French Cameroon),,0,5,0,1,AS,0
452-475,452,475,1.8839481077545668,15.508418724203539,117731,117731|115917,0,1,0,,,,Ghana (Gold Coast),,5,0,1,1,AS,0.05499999999999999,,,Nigeria,,5,0,2,3,AS,0.02918918918918919
452-52,52,452,0.8226046051745601,0.7002280426424312,1789,1789,0,1,0,,,,Trinidad and Tobago,,3,4,3,1,AS,0.02684931506849315,,,Ghana (Gold Coast),,5,0,1,1,AS,0.05499999999999999
452-560,452,560,0.0006958354283084223,0.00035358750428815533,13,13,0,1,0,,,,Ghana (Gold Coast),,5,0,1,1,AS,0.05499999999999999,,,South Africa,,5,5,2,3,AS,0.05199999999999999
452-615,452,615,0.07671816403068399,0.04016929047796303,542,542,0,1,0,,,,Ghana (Gold Coast),,5,0,1,1,AS,0.05499999999999999,,,Algeria (Regency of Algiers),,0,0,0,3,AS,0.029425287356321838
452-70,70,452,1.1954972155747643,1.4817301678043333,37524,37524,0,1,0,,,,Mexico,,3,4,3,3,LA,0.020253164556962026,,,Ghana (Gold Coast),,5,0,1,1,AS,0.05499999999999999
452-740,452,740,0.0005396827803565429,0.0002871160892062852,88,88,0,1,0,,,,Ghana (Gold Coast),,5,0,1,1,AS,0.05499999999999999,,,Japan,,4,1,4,3,AS,0.26739726027397276
452-750,452,750,0.4997463670135538,0.3421225958121654,34011.83324042869,34011.83324042869,0,1,0,,,,Ghana (Gold Coast),,5,0,1,1,AS,0.05499999999999999,,,India,,4,0,2,1,AS,0.05248
452-780,452,780,0.020210508565717822,0.010276038065378468,123,123,0,1,0,,,,Ghana (Gold Coast),,5,0,1,1,AS,0.05499999999999999,,,Sri Lanka (Ceylon),,4,0,2,1,AS,0.03645569620253165
452-840,452,840,0.49766320608140646,0.33314254167895707,4827,4827,0,1,0,,,,Ghana (Gold Coast),,5,0,1,1,AS,0.05499999999999999,,,Philippines,,4,1,3,3,AS,0.024
452-900,452,900,0.277503257869817,0.16724880755429083,36063,36063|1904,0,1,0,,,,Ghana (Gold Coast),,5,0,1,1,AS,0.05499999999999999,,,Australia,,2,0,2,1,AS,0.05283018867924528
452-920,452,920,0.001810968585804873,0.0009164067973640444,22,22,0,1,0,,,,Ghana (Gold Coast),,5,0,1,1,AS,0.05499999999999999,,,New Zealand,,2,0,2,1,AS,0.05431578947368421
461-475,461,475,0.22073635057494367,0.12437848285188402,99,99,0,1,0,,,,Togo (French Togoland),,5,0,0,1,AS,0,,,Nigeria,,5,0,2,3,AS,0.02918918918918919
461-490,461,490,0.0909686138881487,0.04773386588932382,9,9,1,0,0,,,,Togo (French Togoland),,5,0,0,1,AS,0,,,Democratic Republic of the Congo (Zaire) (Kinshasa) (Belgian Congo) (Congo Free State),,5,5,0,6,AS,0.09619047619047619
461-615,461,615,0.44244980939716116,0.28510843206032366,403.3497689737614,403.3497689737614,1,0,0,,,,Togo (French Togoland),,5,0,0,1,AS,0,,,Algeria (Regency of Algiers),,0,0,0,3,AS,0.029425287356321838
461-68,68,461,0.07050668238722957,0.03667845870851294,75,75,0,1,0,,,,Netherlands Antilles,,3,3,5,6,AS,0,,,Togo (French Togoland),,5,0,0,1,AS,0
461-750,461,750,0.06951066576631515,0.03731940352286223,389,389,0,1,0,,,,Togo (French Togoland),,5,0,0,1,AS,0,,,India,,4,0,2,1,AS,0.05248
461-850,461,850,0.9866166132558604,0.9921686893369174,5615,5615,0,1,0,,,,Togo (French Togoland),,5,0,0,1,AS,0,,,Indonesia (Dutch East Indies),,4,5,4,6,AS,0.08693333333333332
471-475,471,475,1.841898036897729,11.306820552887398,18810,18810,0,1,0,,,,Cameroun (French Cameroon),,0,5,0,1,AS,0,,,Nigeria,,5,0,2,3,AS,0.02918918918918919
471-490,471,490,1.8957270972002147,18.039113836964333,7336.244652988414,7336.244652988414,1,0,0,,,,Cameroun (French Cameroon),,0,5,0,1,AS,0,,,Democratic Republic of the Congo (Zaire) (Kinshasa) (Belgian Congo) (Congo Free State),,5,5,0,6,AS,0.09619047619047619
471-615,471,615,1.79946960924011,8.629405813621661,25515.906385280145,25515.906385280145,1,0,0,,,,Cameroun (French Cameroon),,0,5,0,1,AS,0,,,Algeria (Regency of Algiers),,0,0,0,3,AS,0.029425287356321838
471-68,68,471,0.19198293092830543,0.10656263876152738,470,470,0,1,0,,,,Netherlands Antilles,,3,3,5,6,AS,0,,,Cameroun (French Cameroon),,0,5,0,1,AS,0
471-750,471,750,0.13943754786811957,0.07757350966901866,1690,1690,0,1,0,,,,Cameroun (French Cameroon),,0,5,0,1,AS,0,,,India,,4,0,2,1,AS,0.05248
471-850,471,850,1.4817460390722306,2.8551781886937295,34853,34853,0,1,0,,,,Cameroun (French Cameroon),,0,5,0,1,AS,0,,,Indonesia (Dutch East Indies),,4,5,4,6,AS,0.08693333333333332
472-750,472,750,0.09910471818125877,0.05399928916399921,78,78,0,1,0,,,,British Cameroons,,2,0,1,1,AS,0,,,India,,4,0,2,1,AS,0.05248
475-52,52,475,0.12328438271533881,0.06602742584273946,601,601,0,1,0,,,,Trinidad and Tobago,,3,4,3,1,AS,0.02684931506849315,,,Nigeria,,5,0,2,3,AS,0.02918918918918919
475-560,475,560,0.09076396130897979,0.048812672353486186,9004,9004|103,1,0,0,,,,Nigeria,,5,0,2,3,AS,0.02918918918918919,,,South Africa,,5,5,2,3,AS,0.05199999999999999
475-6090,475,6090,1.4787837099307888,2.8225912831615547,1852,1852,0.1,0.9,0.36000000000000004,,,,Nigeria,,5,0,2,3,AS,0.02918918918918919,,,Río de Oro,,1,0,0,3,AS,0.07200000000000001
475-615,475,615,0.007474223906018818,0.0037860556873431372,182,182,0,1,0,,,,Nigeria,,5,0,2,3,AS,0.02918918918918919,,,Algeria (Regency of Algiers),,0,0,0,3,AS,0.029425287356321838
475-640,475,640,0.04069979841931293,0.020954967564193128,1353,1353,0,1,0,,,,Nigeria,,5,0,2,3,AS,0.02918918918918919,,,Turkey (Ottoman Empire),,1,0,1,3,AS,0.08153846153846155
475-70,70,475,0.2426133768104234,0.13974199250589647,12608,12608,0,1,0,,,,Mexico,,3,4,3,3,LA,0.020253164556962026,,,Nigeria,,5,0,2,3,AS,0.02918918918918919
475-750,475,750,0.08392470967625787,0.045578150651294,16143,16143,1,0,0,,,,Nigeria,,5,0,2,3,AS,0.02918918918918919,,,India,,4,0,2,1,AS,0.05248
475-780,475,780,0.0019043752800659286,0.000961446637643526,41,41,1,0,0,,,,Nigeria,,5,0,2,3,AS,0.02918918918918919,,,Sri Lanka (Ceylon),,4,0,2,1,AS,0.03645569620253165
475-840,475,840,0.06037273365535856,0.03142131678427851,1622,1622,0,1,0,,,,Nigeria,,5,0,2,3,AS,0.02918918918918919,,,Philippines,,4,1,3,3,AS,0.024
475-900,475,900,0.000008951797430434283,0.000004585202223683638,0.8719667226679365,0.8719667226679365,1,0,0,,,,Nigeria,,5,0,2,3,AS,0.02918918918918919,,,Australia,,2,0,2,1,AS,0.05283018867924528
475-920,475,920,0.00016153089308301727,0.000081843538235149,7,7,1,0,0,,,,Nigeria,,5,0,2,3,AS,0.02918918918918919,,,New Zealand,,2,0,2,1,AS,0.05431578947368421
480-490,480,490,1.9926333726505294,238.9795807939061,252714.18755989306,252714.18755989306|83516.95018984018,1,0,0,,,,French Equatorial Africa,,5,5,0,1,AF,0.048,,,Democratic Republic of the Congo (Zaire) (Kinshasa) (Belgian Congo) (Congo Free State),,5,5,0,6,AS,0.09619047619047619
480-540,480,540,1.8337697871226797,10.87614945113655,29141.95950928266,29141.95950928266,0.9,0.09999999999999998,0.35999999999999993,,,,French Equatorial Africa,,5,5,0,1,AF,0.048,,,Angola,,5,5,0,6,AS,0.2853333333333333
480-615,480,615,0.3585152431981983,0.2194675965195243,7098.9559339382,7098.9559339382,1,0,0,,,,French Equatorial Africa,,5,5,0,1,AF,0.048,,,Algeria (Regency of Algiers),,0,0,0,3,AS,0.029425287356321838
480-68,68,480,0.15205779385607876,0.08258405828581417,313,313,0,1,0,,,,Netherlands Antilles,,3,3,5,6,AS,0,,,French Equatorial Africa,,5,5,0,1,AF,0.048
480-850,480,850,1.3754901149791545,2.215034540541739,23235,23235,0,1,0,,,,French Equatorial Africa,,5,5,0,1,AF,0.048,,,Indonesia (Dutch East Indies),,4,5,4,6,AS,0.08693333333333332
490-500,490,500,1.931422131163,27.146769890503098,16812.1369536516,16812.1369536516,0,1,0,,,,Democratic Republic of the Congo (Zaire) (Kinshasa) (Belgian Congo) (Congo Free State),,5,5,0,6,AS,0.09619047619047619,,,Uganda,,4,5,2,1,AF,0.09142857142857141
490-512,490,512,1.9934027499271423,204.8031891048567,632215.7953010113,632215.7953010113|32548,0.2,0.8,0.6400000000000001,,,,Democratic Republic of the Congo (Zaire) (Kinshasa) (Belgian Congo) (Congo Free State),,5,5,0,6,AS,0.09619047619047619,,,Tanzania (Tanganyika),,4,5,2,1,AF,0.46142857142857163
490-540,490,540,1.9920614283919844,212.55225772766767,192135.25511447986,46928.8142362984|192135.25511447986,0.9,0.09999999999999998,0.35999999999999993,,,,Democratic Republic of the Congo (Zaire) (Kinshasa) (Belgian Congo) (Congo Free State),,5,5,0,6,AS,0.09619047619047619,,,Angola,,5,5,0,6,AS,0.2853333333333333
490-541,490,541,1.991596344839841,149.17407679833116,1823351.3671566965,1823351.3671566965|3170,0,1,0,,,,Democratic Republic of the Congo (Zaire) (Kinshasa) (Belgian Congo) (Congo Free State),,5,5,0,6,AS,0.09619047619047619,,,Mozambique (Portuguese East Africa),,5,5,2,6,AS,0.06285714285714285
490-551,490,551,1.9928981362667855,247.96884800588202,75755,75755,0,1,0,,,,Democratic Republic of the Congo (Zaire) (Kinshasa) (Belgian Congo) (Congo Free State),,5,5,0,6,AS,0.09619047619047619,,,Zambia (Northern Rhodesia),,5,5,2,6,AF,0.01894736842105263
490-552,490,552,1.994599445324126,250.5470625387787,571665,41029.219213663404|571665,0,1,0,,,,Democratic Republic of the Congo (Zaire) (Kinshasa) (Belgian Congo) (Congo Free State),,5,5,0,6,AS,0.09619047619047619,,,Zimbabwe (Rhodesia) (Southern Rhodesia),,5,5,2,3,AS,0.010909090909090906
490-560,490,560,1.8475466850564999,10.524212428984708,312934,265929.2884320714|312934,0,1,0,,,,Democratic Republic of the Congo (Zaire) (Kinshasa) (Belgian Congo) (Congo Free State),,5,5,0,6,AS,0.09619047619047619,,,South Africa,,5,5,2,3,AS,0.05199999999999999
490-580,490,580,0.1338029528132023,0.07184814904529824,78,78,1,0,0,,,,Democratic Republic of the Congo (Zaire) (Kinshasa) (Belgian Congo) (Congo Free State),,5,5,0,6,AS,0.09619047619047619,,,Madagascar (Malagasy Republic),,0,0,0,5,AF,0.020000000000000004
490-600,490,600,0.005337996050757021,0.0026916127915849186,66.00528779822095,66.00528779822095,1,0,0,,,,Democratic Republic of the Congo (Zaire) (Kinshasa) (Belgian Congo) (Congo Free State),,5,5,0,6,AS,0.09619047619047619,,,Morocco,,0,0,0,3,AS,0.046486486486486484
490-625,490,625,0.9047033241342121,0.8271032539124551,2744.232866093482,2744.232866093482,0,1,0,,,,Democratic Republic of the Congo (Zaire) (Kinshasa) (Belgian Congo) (Congo Free State),,5,5,0,6,AS,0.09619047619047619,,,Sudan (Anglo-Egyptian Sudan) (Mahdist State),,4,2,2,3,AS,0.12
490-630,490,630,1.3189898338720887,1.9347916136252672,9256,9256,0,1,0,,,,Democratic Republic of the Congo (Zaire) (Kinshasa) (Belgian Congo) (Congo Free State),,5,5,0,6,AS,0.09619047619047619,,,Iran (Persia),,1,6,1,3,AS,0.07904761904761903
490-651,490,651,0.11444146900455932,0.06129220896465615,1173.323086533138,1173.323086533138|36.61230807557568,0,1,0,,,,Democratic Republic of the Congo (Zaire) (Kinshasa) (Belgian Congo) (Congo Free State),,5,5,0,6,AS,0.09619047619047619,,,Egypt Arab Republic (Egypt),,1,0,1,3,AS,0.3750588235294118
490-652,490,652,0.8801065572315543,0.7869944543938738,234,234,0.3,0.7,0.84,,,,Democratic Republic of the Congo (Zaire) (Kinshasa) (Belgian Congo) (Congo Free State),,5,5,0,6,AS,0.09619047619047619,,,Syria,,1,0,1,4,ME,0.5333333333333332
490-66,66,490,0.04907917266244666,0.02520683615542918,19,19,1,0,0,,,,Martinique,,3,4,0,1,AS,0,,,Democratic Republic of the Congo (Zaire) (Kinshasa) (Belgian Congo) (Congo Free State),,5,5,0,6,AS,0.09619047619047619
490-860,490,860,0.8680551217330004,0.7679408737483479,38,38,0,1,0,,,,Democratic Republic of the Congo (Zaire) (Kinshasa) (Belgian Congo) (Congo Free State),,5,5,0,6,AS,0.09619047619047619,,,East Timor (Portuguese Timor),,5,5,1,6,AS,0.12695652173913044
490-900,490,900,0.08171085419700097,0.043479587821728005,1877,0.8594438515393352|1877,0,1,0,,,,Democratic Republic of the Congo (Zaire) (Kinshasa) (Belgian Congo) (Congo Free State),,5,5,0,6,AS,0.09619047619047619,,,Australia,,2,0,2,1,AS,0.05283018867924528
490-920,490,920,0.0020366421944920665,0.0010300988789025967,20,20,0,1,0,,,,Democratic Republic of the Congo (Zaire) (Kinshasa) (Belgian Congo) (Congo Free State),,5,5,0,6,AS,0.09619047619047619,,,New Zealand,,2,0,2,1,AS,0.05431578947368421
5-52,5,52,0.5116932856767971,0.34403802055633037,163,163,1,0,0,,,,Virgin Islands (Danish West Indies),,3,3,3,3,LA,0,,,Trinidad and Tobago,,3,4,3,1,AS,0.02684931506849315
5-900,5,900,0.07792498414584448,0.04131909807688405,409,409,0,1,0,,,,Virgin Islands (Danish West Indies),,3,3,3,3,LA,0,,,Australia,,2,0,2,1,AS,0.05283018867924528
500-512,500,512,1.9922713905912368,221.08841790309867,60864,60864,0.8,0.19999999999999996,0.6399999999999999,,,,Uganda,,4,5,2,1,AF,0.09142857142857141,,,Tanzania (Tanganyika),,4,5,2,1,AF,0.46142857142857163
500-515,500,515,1.9619841952817367,51.383593928485105,295.86068107957766,295.86068107957766,0,1,0,,,,Uganda,,4,5,2,1,AF,0.09142857142857141,,,Ruanda-Urundi,,4,5,0,1,AF,0.14285714285714288
500-551,500,551,0.8255023659410786,0.7029001880954423,46,46,1,0,0,,,,Uganda,,4,5,2,1,AF,0.09142857142857141,,,Zambia (Northern Rhodesia),,5,5,2,6,AF,0.01894736842105263
500-552,500,552,0.04005625553393066,0.02045962728332895,10,10,1,0,0,,,,Uganda,,4,5,2,1,AF,0.09142857142857141,,,Zimbabwe (Rhodesia) (Southern Rhodesia),,5,5,2,3,AS,0.010909090909090906
500-750,500,750,1.097409713106372,1.2063602528811963,20777.438161460064,20777.438161460064,1,0,0,,,,Uganda,,4,5,2,1,AF,0.09142857142857141,,,India,,4,0,2,1,AS,0.05248
501-511,501,511,1.8730512995767723,14.436488996665362,32645.59415536007,32645.59415536007,0.9,0.09999999999999998,0.35999999999999993,,,,Kenya (British East Africa Protectorate),,4,5,2,3,AS,0.042499999999999996,,,Zanzibar,,4,5,2,8,WE,0.2688888888888889
501-512,501,512,1.9900417479946229,147.03448988143555,724478,724478,0.8,0.19999999999999996,0.6399999999999999,,,,Kenya (British East Africa Protectorate),,4,5,2,3,AS,0.042499999999999996,,,Tanzania (Tanganyika),,4,5,2,1,AF,0.46142857142857163
501-515,501,515,1.9773938878045696,78.32561246849171,8071.942490662852,8071.942490662852,0,1,0,,,,Kenya (British East Africa Protectorate),,4,5,2,3,AS,0.042499999999999996,,,Ruanda-Urundi,,4,5,0,1,AF,0.14285714285714288
501-552,501,552,0.008177351049527992,0.004115179039411054,36,36,1,0,0,,,,Kenya (British East Africa Protectorate),,4,5,2,3,AS,0.042499999999999996,,,Zimbabwe (Rhodesia) (Southern Rhodesia),,5,5,2,3,AS,0.010909090909090906
501-560,501,560,1.129086827623008,1.2907921096588655,147157,147157,1,0,0,,,,Kenya (British East Africa Protectorate),,4,5,2,3,AS,0.042499999999999996,,,South Africa,,5,5,2,3,AS,0.05199999999999999
501-591,501,591,1.8629281210430961,13.361348813084522,2873.55718389296,2873.55718389296,1,0,0,,,,Kenya (British East Africa Protectorate),,4,5,2,3,AS,0.042499999999999996,,,Seychelles,,4,0,2,3,AS,0.05499999999999999
501-615,501,615,0.04861278904495481,0.025065239270245843,1048.7093993317797,1048.7093993317797,0,1,0,,,,Kenya (British East Africa Protectorate),,4,5,2,3,AS,0.042499999999999996,,,Algeria (Regency of Algiers),,0,0,0,3,AS,0.029425287356321838
501-651,501,651,0.413771487957326,0.2627932482853842,19288.036682991427,19288.036682991427,0,1,0,,,,Kenya (British East Africa Protectorate),,4,5,2,3,AS,0.042499999999999996,,,Egypt Arab Republic (Egypt),,1,0,1,3,AS,0.3750588235294118
501-750,501,750,1.4146052207300341,2.2943608390680765,707274.7989082088,707274.7989082088,1,0,0,,,,Kenya (British East Africa Protectorate),,4,5,2,3,AS,0.042499999999999996,,,India,,4,0,2,1,AS,0.05248
501-780,501,780,0.8892382945067557,0.8014791991346037,29747.456808707077,29747.456808707077,1,0,0,,,,Kenya (British East Africa Protectorate),,4,5,2,3,AS,0.042499999999999996,,,Sri Lanka (Ceylon),,4,0,2,1,AS,0.03645569620253165
501-840,501,840,0.3906209153555287,0.24394120802667985,10960,10960,0,1,0,,,,Kenya (British East Africa Protectorate),,4,5,2,3,AS,0.042499999999999996,,,Philippines,,4,1,3,3,AS,0.024
501-850,501,850,0.42464494643356754,0.2735071920390074,42789.1570225001,42789.1570225001,0,1,0,,,,Kenya (British East Africa Protectorate),,4,5,2,3,AS,0.042499999999999996,,,Indonesia (Dutch East Indies),,4,5,4,6,AS,0.08693333333333332
501-900,501,900,0.05763785564088619,0.030287077762132464,5013,5013,1,0,0,,,,Kenya (British East Africa Protectorate),,4,5,2,3,AS,0.042499999999999996,,,Australia,,2,0,2,1,AS,0.05283018867924528
501-920,501,920,0.003318920748356713,0.0016791807777696288,125,125,1,0,0,,,,Kenya (British East Africa Protectorate),,4,5,2,3,AS,0.042499999999999996,,,New Zealand,,2,0,2,1,AS,0.05431578947368421
51-52,51,52,1.871518437385038,14.22412879150282,76136,1657|76136,1,0,0,,,,Jamaica,,3,4,3,1,AS,0.011034482758620692,,,Trinidad and Tobago,,3,4,3,1,AS,0.02684931506849315
51-53,51,53,1.2491520680165658,1.6628027672021248,2207,2207,1,0,0,,,,Jamaica,,3,4,3,1,AS,0.011034482758620692,,,Barbados,,3,4,3,1,AS,0.01777777777777778
51-560,51,560,0.0000511461430485749,0.000025965100801106367,2,2,0,1,0,,,,Jamaica,,3,4,3,1,AS,0.011034482758620692,,,South Africa,,5,5,2,3,AS,0.05199999999999999
51-6,6,51,0.724086491520797,0.5677363874465592,575,575,1,0,0,,,,Puerto Rico,,3,3,3,4,WE,0,,,Jamaica,,3,4,3,1,AS,0.011034482758620692
51-600,51,600,0.024596522860318992,0.012515605088138426,170,170,0,1,0,,,,Jamaica,,3,4,3,1,AS,0.011034482758620692,,,Morocco,,0,0,0,3,AS,0.046486486486486484
51-615,51,615,0.00007028399701303201,0.00003537539802789258,1,1,0,1,0,,,,Jamaica,,3,4,3,1,AS,0.011034482758620692,,,Algeria (Regency of Algiers),,0,0,0,3,AS,0.029425287356321838
51-640,51,640,0.21498304499119414,0.12119550971617488,2041,2041,0,1,0,,,,Jamaica,,3,4,3,1,AS,0.011034482758620692,,,Turkey (Ottoman Empire),,1,0,1,3,AS,0.08153846153846155
51-651,51,651,0.048289549892492234,0.025219758893132882,1135,252.3054888873706|1135,0,1,0,,,,Jamaica,,3,4,3,1,AS,0.011034482758620692,,,Egypt Arab Republic (Egypt),,1,0,1,3,AS,0.3750588235294118
51-652,51,652,0.3928896987177196,0.24482107486329263,1120,1120,0,1,0,,,,Jamaica,,3,4,3,1,AS,0.011034482758620692,,,Syria,,1,0,1,4,ME,0.5333333333333332
51-68,51,68,0.014454845894906643,0.007312800872284697,127,127,0,1,0,,,,Jamaica,,3,4,3,1,AS,0.011034482758620692,,,Netherlands Antilles,,3,3,5,6,AS,0
51-70,51,70,0.16927907979079992,0.0933949821667086,4955.153206408265,4955.153206408265,1,0,0,,,,Jamaica,,3,4,3,1,AS,0.011034482758620692,,,Mexico,,3,4,3,3,LA,0.020253164556962026
51-720,51,720,0.0002486949615219114,0.00012554454885793653,5,5,0,1,0,,,,Jamaica,,3,4,3,1,AS,0.011034482758620692,,,Hong Kong,,4,1,4,8,EESU,0.09517241379310344
51-750,51,750,0.7452596093617958,0.6035176851873165,125699,789|125699,0,1,0,,,,Jamaica,,3,4,3,1,AS,0.011034482758620692,,,India,,4,0,2,1,AS,0.05248
51-780,51,780,0.04631495816103126,0.023846697232192238,598,598,0,1,0,,,,Jamaica,,3,4,3,1,AS,0.011034482758620692,,,Sri Lanka (Ceylon),,4,0,2,1,AS,0.03645569620253165
51-80,51,80,1.2103485830267795,1.5321964663206011,1613,1613,1,0,0,,,,Jamaica,,3,4,3,1,AS,0.011034482758620692,,,Belize (British Honduras),,3,0,3,5,AF,0.03555555555555556
51-800,51,800,0.011889085191353899,0.006006924677804393,36,36,0,1,0,,,,Jamaica,,3,4,3,1,AS,0.011034482758620692,,,Thailand (Siam),,4,1,4,3,AS,0.03461538461538461
51-821,51,821,0.019059070851647708,0.009634552983607159,29.72682557699584,29.72682557699584,0,1,0,,,,Jamaica,,3,4,3,1,AS,0.011034482758620692,,,Federated Malay States,,2,0,2,3,LA,0
51-840,51,840,0.0005886886873448516,0.0002964843447680332,9,9,1,0,0,,,,Jamaica,,3,4,3,1,AS,0.011034482758620692,,,Philippines,,4,1,3,3,AS,0.024
51-90,51,90,0.007867065136586637,0.003957730677985438,12,12,0.2,0.8,0.6400000000000001,,,,Jamaica,,3,4,3,1,AS,0.011034482758620692,,,Guatemala,,3,0,1,5,WE,0.48756756756756775
51-900,51,900,0.15134091437473163,0.08504207694738986,7291,7291,0,1,0,,,,Jamaica,,3,4,3,1,AS,0.011034482758620692,,,Australia,,2,0,2,1,AS,0.05283018867924528
51-91,51,91,0.8878490851108275,0.7991697242474204,2213,2213,1,0,0,,,,Jamaica,,3,4,3,1,AS,0.011034482758620692,,,Honduras,,3,4,3,5,WE,0.025600000000000005
51-92,51,92,0.1685864624559008,0.0922020853699419,194,194,0,1,0,,,,Jamaica,,3,4,3,1,AS,0.011034482758620692,,,El Salvador,,3,0,1,5,WE,0.061111111111111116
51-920,51,920,0.06265102576147197,0.032853686127044646,965,965|29,0,1,0,,,,Jamaica,,3,4,3,1,AS,0.011034482758620692,,,New Zealand,,2,0,2,1,AS,0.05431578947368421
51-93,51,93,0.6348236056821064,0.4654363811102873,707,707,1,0,0,,,,Jamaica,,3,4,3,1,AS,0.011034482758620692,,,Nicaragua,,3,0,3,5,WE,0.020645161290322584
51-94,51,94,1.0686633297784747,1.147929133409519,2441,2441,0,1,0,,,,Jamaica,,3,4,3,1,AS,0.011034482758620692,,,Costa Rica,,3,0,2,5,WE,0.01894736842105263
51-95,51,95,1.4393579479825336,2.557731552597705,19643,19643,1,0,0,,,,Jamaica,,3,4,3,1,AS,0.011034482758620692,,,Panama,,3,0,3,1,AS,0.021333333333333336
511-512,511,512,1.9964296299103754,419.41749507533393,264132.5480840913,264132.5480840913|146087,0.9,0.09999999999999998,0.35999999999999993,,,,Zanzibar,,4,5,2,8,WE,0.2688888888888889,,,Tanzania (Tanganyika),,4,5,2,1,AF,0.46142857142857163
511-5200,511,5200,1.9941350327085834,308.49773667483026,19645.59415536007,19645.59415536007,0.9,0.09999999999999998,0.35999999999999993,,,,Zanzibar,,4,5,2,8,WE,0.2688888888888889,,,Italian Somaliland,,4,2,2,1,AS,0.26399999999999996
511-522,511,522,0.9769019792873538,0.9548673219427063,333.5321306098107,333.5321306098107,0.4,0.6,0.96,,,,Zanzibar,,4,5,2,8,WE,0.2688888888888889,,,Djibouti (Afar and Issas) (French Somaliland),,4,2,2,3,AS,0.6
511-541,511,541,1.9380519477246283,30.798010834896616,52077.60548680483,10501.333333333334|52077.60548680483,0.9,0.09999999999999998,0.35999999999999993,,,,Zanzibar,,4,5,2,8,WE,0.2688888888888889,,,Mozambique (Portuguese East Africa),,5,5,2,6,AS,0.06285714285714285
511-551,511,551,0.3127621953610016,0.18546018315655521,22,22,0.9,0.09999999999999998,0.35999999999999993,,,,Zanzibar,,4,5,2,8,WE,0.2688888888888889,,,Zambia (Northern Rhodesia),,5,5,2,6,AF,0.01894736842105263
511-560,511,560,0.8488218606742968,0.740187802895569,8546,8546|7399.657074698077,0.9,0.09999999999999998,0.35999999999999993,,,,Zanzibar,,4,5,2,8,WE,0.2688888888888889,,,South Africa,,5,5,2,3,AS,0.05199999999999999
511-580,511,580,1.4267226243105326,2.4867374030795095,2506.1875652303565,2506.1875652303565,0.1,0.9,0.36000000000000004,,,,Zanzibar,,4,5,2,8,WE,0.2688888888888889,,,Madagascar (Malagasy Republic),,0,0,0,5,AF,0.020000000000000004
511-6203,511,6203,1.74177756452268,6.732684642219377,665.4241836886835,665.4241836886835,0.1,0.9,0.36000000000000004,,,,Zanzibar,,4,5,2,8,WE,0.2688888888888889,,,Tripolitania (Regency of Tripoli),,0,0,0,1,ME,0.030000000000000002
511-640,511,640,0.11898189768445755,0.06364076042182143,394.7368421052632,394.7368421052632,0,1,0,,,,Zanzibar,,4,5,2,8,WE,0.2688888888888889,,,Turkey (Ottoman Empire),,1,0,1,3,AS,0.08153846153846155
511-651,511,651,0.879643851954787,0.7937363654642591,13156.701953183241,13156.701953183241,0,1,0,,,,Zanzibar,,4,5,2,8,WE,0.2688888888888889,,,Egypt Arab Republic (Egypt),,1,0,1,3,AS,0.3750588235294118
511-681,511,681,1.974813180240007,74.58230636995528,34307.12869061399,34307.12869061399|8558.44639928433,0.4,0.6,0.96,,,,Zanzibar,,4,5,2,8,WE,0.2688888888888889,,,Aden,,4,2,2,3,AS,0.4050000000000002
511-710,511,710,0.798927414369547,0.6827179060087389,21717.5339197853,21717.5339197853,0,1,0,,,,Zanzibar,,4,5,2,8,WE,0.2688888888888889,,,People's Republic of China (China),,4,1,4,3,AS,0.0496
511-740,511,740,0.266066419015912,0.16224773294388606,7282.391531236022,7282.391531236022,0,1,0,,,,Zanzibar,,4,5,2,8,WE,0.2688888888888889,,,Japan,,4,1,4,3,AS,0.26739726027397276
511-750,511,750,1.9242295703409165,13.448999659629767,419868.00899981114,344117.7873863128|419868.00899981114,0.9,0.09999999999999998,0.35999999999999993,,,,Zanzibar,,4,5,2,8,WE,0.2688888888888889,,,India,,4,0,2,1,AS,0.05248
511-780,511,780,0.2808642248906039,0.16453561456115695,814.2239451319517,814.2239451319517,0.9,0.09999999999999998,0.35999999999999993,,,,Zanzibar,,4,5,2,8,WE,0.2688888888888889,,,Sri Lanka (Ceylon),,4,0,2,1,AS,0.03645569620253165
511-827,511,827,1.58564314355604,3.7201381827176583,62061.50290741017,62061.50290741017,0,1,0,,,,Zanzibar,,4,5,2,8,WE,0.2688888888888889,,,Straits Settlements,,4,1,4,1,AS,0.08347826086956521
511-850,511,850,1.801512474599341,8.496697493655724,150418.0706724318,150418.0706724318,0,1,0,,,,Zanzibar,,4,5,2,8,WE,0.2688888888888889,,,Indonesia (Dutch East Indies),,4,5,4,6,AS,0.08693333333333332
511-900,511,900,0.2630245707847121,0.15701930436309752,4958.178022961086,4958.178022961086,0.9,0.09999999999999998,0.35999999999999993,,,,Zanzibar,,4,5,2,8,WE,0.2688888888888889,,,Australia,,2,0,2,1,AS,0.05283018867924528
512-515,512,515,1.995378522700067,370.7316752611186,10640.115418955662,10640.115418955662,0.2,0.8,0.6400000000000001,,,,Tanzania (Tanganyika),,4,5,2,1,AF,0.46142857142857163,,,Ruanda-Urundi,,4,5,0,1,AF,0.14285714285714288
512-540,512,540,1.0479571665429717,1.1011102684604657,772,772,0.2,0.8,0.6400000000000001,,,,Tanzania (Tanganyika),,4,5,2,1,AF,0.46142857142857163,,,Angola,,5,5,0,6,AS,0.2853333333333333
512-541,512,541,0.1523380589153296,0.08263796068782325,449,449,0.8,0.19999999999999996,0.6399999999999999,,,,Tanzania (Tanganyika),,4,5,2,1,AF,0.46142857142857163,,,Mozambique (Portuguese East Africa),,5,5,2,6,AS,0.06285714285714285
512-553,512,553,0.3141776992012679,0.1865437978871305,41,41,0.8,0.19999999999999996,0.6399999999999999,,,,Tanzania (Tanganyika),,4,5,2,1,AF,0.46142857142857163,,,Malawi (Nyasaland) (British Central Africa Protectorate),,5,5,2,1,WE,0.07999999999999999
512-560,512,560,1.4296396344185696,2.498505942800745,96469,36722|96469,0.8,0.19999999999999996,0.6399999999999999,,,,Tanzania (Tanganyika),,4,5,2,1,AF,0.46142857142857163,,,South Africa,,5,5,2,3,AS,0.05199999999999999
512-681,512,681,1.1861857065175874,1.4578042777046767,1844.0123605991873,1844.0123605991873,0.4,0.6,0.96,,,,Tanzania (Tanganyika),,4,5,2,1,AF,0.46142857142857163,,,Aden,,4,2,2,3,AS,0.4050000000000002
512-721,512,721,0.049349752293898264,0.02531689727747488,8,8,0,1,0,,,,Tanzania (Tanganyika),,4,5,2,1,AF,0.46142857142857163,,,Macao,,5,1,4,6,AS,0
512-740,512,740,1.1010083504365757,1.2566475987734964,122900,122900,0,1,0,,,,Tanzania (Tanganyika),,4,5,2,1,AF,0.46142857142857163,,,Japan,,4,1,4,3,AS,0.26739726027397276
512-750,512,750,1.583931540457919,3.4533638416352486,296470.29517380486,73818|296470.29517380486,0.8,0.19999999999999996,0.6399999999999999,,,,Tanzania (Tanganyika),,4,5,2,1,AF,0.46142857142857163,,,India,,4,0,2,1,AS,0.05248
512-752,512,752,0.8347961472817491,0.716605284812521,92,92,0.8,0.19999999999999996,0.6399999999999999,,,,Tanzania (Tanganyika),,4,5,2,1,AF,0.46142857142857163,,,Portuguese India,,5,9,2,6,AS,0.0911111111111111
512-860,512,860,0.2667574401596323,0.15398688357857837,5,5,0,1,0,,,,Tanzania (Tanganyika),,4,5,2,1,AF,0.46142857142857163,,,East Timor (Portuguese Timor),,5,5,1,6,AS,0.12695652173913044
512-900,512,900,0.03323775674294105,0.017247033655631294,795,795,0.8,0.19999999999999996,0.6399999999999999,,,,Tanzania (Tanganyika),,4,5,2,1,AF,0.46142857142857163,,,Australia,,2,0,2,1,AS,0.05283018867924528
52-53,52,53,1.940349673246176,31.333102915901684,53662,6571|53662,1,0,0,,,,Trinidad and Tobago,,3,4,3,1,AS,0.02684931506849315,,,Barbados,,3,4,3,1,AS,0.01777777777777778
52-541,52,541,0.05915652166136076,0.03056338647846113,267,267,0,1,0,,,,Trinidad and Tobago,,3,4,3,1,AS,0.02684931506849315,,,Mozambique (Portuguese East Africa),,5,5,2,6,AS,0.06285714285714285
52-552,52,552,0.5692312067998537,0.3987625286234696,2721,2721,0,1,0,,,,Trinidad and Tobago,,3,4,3,1,AS,0.02684931506849315,,,Zimbabwe (Rhodesia) (Southern Rhodesia),,5,5,2,3,AS,0.010909090909090906
52-560,52,560,0.13621863422078717,0.07488746297221538,4649,4649|2,0,1,0,,,,Trinidad and Tobago,,3,4,3,1,AS,0.02684931506849315,,,South Africa,,5,5,2,3,AS,0.05199999999999999
52-570,52,570,0.061101442784584625,0.031542184599345546,1,1,0,1,0,,,,Trinidad and Tobago,,3,4,3,1,AS,0.02684931506849315,,,Lesotho (Basutoland),,2,0,2,3,AS,0.02571428571428571
52-590,52,590,1.025186367424776,1.0522261231856083,3157,3157,0,1,0,,,,Trinidad and Tobago,,3,4,3,1,AS,0.02684931506849315,,,Mauritius,,4,0,2,3,AS,0.05076923076923076
52-591,52,591,1.0636104786585268,1.1357439136328111,175,175,0,1,0,,,,Trinidad and Tobago,,3,4,3,1,AS,0.02684931506849315,,,Seychelles,,4,0,2,3,AS,0.05499999999999999
52-6,6,52,1.925516031421403,25.133113721595755,32845,32845,1,0,0,,,,Puerto Rico,,3,3,3,4,WE,0,,,Trinidad and Tobago,,3,4,3,1,AS,0.02684931506849315
52-615,52,615,0.00015523437492659387,0.00007814578970255504,2,2,0,1,0,,,,Trinidad and Tobago,,3,4,3,1,AS,0.02684931506849315,,,Algeria (Regency of Algiers),,0,0,0,3,AS,0.029425287356321838
52-616,52,616,0.24544000624285278,0.14046845746568626,1500,1500,0,1,0,,,,Trinidad and Tobago,,3,4,3,1,AS,0.02684931506849315,,,Tunisia (Regency of Tunis),,0,0,0,3,LA,0.06918918918918919
52-65,52,65,1.6580148056235005,4.827731915531234,6050,6050,0,1,0,,,,Trinidad and Tobago,,3,4,3,1,AS,0.02684931506849315,,,Guadeloupe,,3,0,0,1,AS,0
52-651,52,651,0.5288348852910099,0.3651413434851942,21204,12.307584823774175|21204,0,1,0,,,,Trinidad and Tobago,,3,4,3,1,AS,0.02684931506849315,,,Egypt Arab Republic (Egypt),,1,0,1,3,AS,0.3750588235294118
52-66,52,66,1.8237207873465062,10.231052014973365,18365,18365,0,1,0,,,,Trinidad and Tobago,,3,4,3,1,AS,0.02684931506849315,,,Martinique,,3,4,0,1,AS,0
52-68,52,68,1.1073991989145286,1.2392360858928178,27770,27770,0,1,0,,,,Trinidad and Tobago,,3,4,3,1,AS,0.02684931506849315,,,Netherlands Antilles,,3,3,5,6,AS,0
52-750,52,750,0.8285235921668945,0.7157000796282932,134958,134958,0,1,0,,,,Trinidad and Tobago,,3,4,3,1,AS,0.02684931506849315,,,India,,4,0,2,1,AS,0.05248
52-780,52,780,0.05467902678759751,0.028277195564628044,642,642,0,1,0,,,,Trinidad and Tobago,,3,4,3,1,AS,0.02684931506849315,,,Sri Lanka (Ceylon),,4,0,2,1,AS,0.03645569620253165
52-80,52,80,0.6881171707073568,0.5248893532167095,713,713,1,0,0,,,,Trinidad and Tobago,,3,4,3,1,AS,0.02684931506849315,,,Belize (British Honduras),,3,0,3,5,AF,0.03555555555555556
52-840,52,840,0.0007223274048472339,0.00036385932578386626,10,10,1,0,0,,,,Trinidad and Tobago,,3,4,3,1,AS,0.02684931506849315,,,Philippines,,4,1,3,3,AS,0.024
52-900,52,900,0.6619601207829204,0.5097289473368906,56389,56389,0,1,0,,,,Trinidad and Tobago,,3,4,3,1,AS,0.02684931506849315,,,Australia,,2,0,2,1,AS,0.05283018867924528
52-92,52,92,0.031123636082487915,0.015838192394142303,43,43,0,1,0,,,,Trinidad and Tobago,,3,4,3,1,AS,0.02684931506849315,,,El Salvador,,3,0,1,5,WE,0.061111111111111116
52-920,52,920,0.5001576599724159,0.3380957058737226,12814,12814|32,0,1,0,,,,Trinidad and Tobago,,3,4,3,1,AS,0.02684931506849315,,,New Zealand,,2,0,2,1,AS,0.05431578947368421
52-935,52,935,1.8836942531460605,15.957683018936029,4670,4670,0.9,0.09999999999999998,0.35999999999999993,,,,Trinidad and Tobago,,3,4,3,1,AS,0.02684931506849315,,,Vanuatu (New Hebrides),,3,0,3,3,LA,0.252
52-94,52,94,0.015877296357623805,0.008018038259986482,22,22,0,1,0,,,,Trinidad and Tobago,,3,4,3,1,AS,0.02684931506849315,,,Costa Rica,,3,0,2,5,WE,0.01894736842105263
52-945,52,945,1.8754449398585387,14.851655398662556,4460,4460,0.4,0.6,0.96,,,,Trinidad and Tobago,,3,4,3,1,AS,0.02684931506849315,,,Gilbert and Ellice Is.,,2,0,3,3,LA,0.7866666666666666
52-95,52,95,0.04909256035180143,0.025228143805431924,250,250,1,0,0,,,,Trinidad and Tobago,,3,4,3,1,AS,0.02684931506849315,,,Panama,,3,0,3,1,AS,0.021333333333333336
52-950,52,950,1.1478388332161333,1.3467950153719388,1541,1541,0,1,0,,,,Trinidad and Tobago,,3,4,3,1,AS,0.02684931506849315,,,Fiji,,2,8,2,3,LA,0.0672
52-9620,52,9620,1.9137474655815145,21.756421642319737,182,182,1,0,0,,,,Trinidad and Tobago,,3,4,3,1,AS,0.02684931506849315,,,Pitcairn Is.,,3,4,3,3,LA,0
5200-651,651,5200,1.4346046172975893,2.5038875727357777,5175.33941839704,5175.33941839704,0,1,0,,,,Egypt Arab Republic (Egypt),,1,0,1,3,AS,0.3750588235294118,,,Italian Somaliland,,4,2,2,1,AS,0.26399999999999996
5200-681,681,5200,1.9962582134431532,410.1028204006422,52456,52456,0.4,0.6,0.96,,,,Aden,,4,2,2,3,AS,0.4050000000000002,,,Italian Somaliland,,4,2,2,1,AS,0.26399999999999996
5200-750,750,5200,1.9597224965767448,17.80250488758199,154546,154546,1,0,0,,,,India,,4,0,2,1,AS,0.05248,,,Italian Somaliland,,4,2,2,1,AS,0.26399999999999996
521-681,521,681,1.9995807045088978,2385.0060066592964,219766.10857694334,219377|219766.10857694334,1,0,0,,,,Somaliland Republic (British Somaliland),,4,2,2,8,WE,0.48,,,Aden,,4,2,2,3,AS,0.4050000000000002
521-750,521,750,1.7237224774661408,5.24015254019529,59379.65818545594,59379.65818545594,0.4,0.6,0.96,,,,Somaliland Republic (British Somaliland),,4,2,2,8,WE,0.48,,,India,,4,0,2,1,AS,0.05248
522-615,522,615,0.27264518367022095,0.15852602486422795,1024.508413193354,1024.508413193354,0,1,0,,,,Djibouti (Afar and Issas) (French Somaliland),,4,2,2,3,AS,0.6,,,Algeria (Regency of Algiers),,0,0,0,3,AS,0.029425287356321838
522-681,522,681,1.9993160739959648,1030.7427607591856,723159.6216178233,723159.6216178233,1,0,0,,,,Djibouti (Afar and Issas) (French Somaliland),,4,2,2,3,AS,0.6,,,Aden,,4,2,2,3,AS,0.4050000000000002
522-750,522,750,1.4507297594873405,2.4917597730600107,118649.05583801007,118649.05583801007,0.4,0.6,0.96,,,,Djibouti (Afar and Issas) (French Somaliland),,4,2,2,3,AS,0.6,,,India,,4,0,2,1,AS,0.05248
522-850,522,850,0.4915975770361576,0.3300566685135522,7976,7976,0.6,0.4,0.96,,,,Djibouti (Afar and Issas) (French Somaliland),,4,2,2,3,AS,0.6,,,Indonesia (Dutch East Indies),,4,5,4,6,AS,0.08693333333333332
522-900,522,900,0.01695848076758133,0.008722337301349303,223,223,0.4,0.6,0.96,,,,Djibouti (Afar and Issas) (French Somaliland),,4,2,2,3,AS,0.6,,,Australia,,2,0,2,1,AS,0.05283018867924528
53-560,53,560,0.0000800198056379875,0.000040575226038064294,1,1,0,1,0,,,,Barbados,,3,4,3,1,AS,0.01777777777777778,,,South Africa,,5,5,2,3,AS,0.05199999999999999
53-615,53,615,0.0002199077109762415,0.00011056107828411044,1,1,0,1,0,,,,Barbados,,3,4,3,1,AS,0.01777777777777778,,,Algeria (Regency of Algiers),,0,0,0,3,AS,0.029425287356321838
53-65,53,65,1.6223784475687406,4.291763577357723,920,920,0,1,0,,,,Barbados,,3,4,3,1,AS,0.01777777777777778,,,Guadeloupe,,3,0,0,1,AS,0
53-66,53,66,1.8025785435617574,9.099466974466909,2794,2794,0,1,0,,,,Barbados,,3,4,3,1,AS,0.01777777777777778,,,Martinique,,3,4,0,1,AS,0
53-68,53,68,0.5620791945747721,0.3918395740239162,1502,1502,0,1,0,,,,Barbados,,3,4,3,1,AS,0.01777777777777778,,,Netherlands Antilles,,3,3,5,6,AS,0
53-750,53,750,1.1475079392180905,1.3294237078209572,88594,88594,0,1,0,,,,Barbados,,3,4,3,1,AS,0.01777777777777778,,,India,,4,0,2,1,AS,0.05248
53-780,53,780,0.09927385068802408,0.05246988111779205,421,421,0,1,0,,,,Barbados,,3,4,3,1,AS,0.01777777777777778,,,Sri Lanka (Ceylon),,4,0,2,1,AS,0.03645569620253165
53-840,53,840,0.0012276451365250685,0.0006177481277824803,6,6,1,0,0,,,,Barbados,,3,4,3,1,AS,0.01777777777777778,,,Philippines,,4,1,3,3,AS,0.024
53-920,53,920,0.002582497950998852,0.0013049452991384936,21,21,0,1,0,,,,Barbados,,3,4,3,1,AS,0.01777777777777778,,,New Zealand,,2,0,2,1,AS,0.05431578947368421
530-625,530,625,1.9866032762997297,128.06420564294248,22231.600720010752,22231.600720010752,0.4,0.6,0.96,,,,Ethiopia (Abyssinia),,1,2,2,3,AS,0.4693333333333334,,,Sudan (Anglo-Egyptian Sudan) (Mahdist State),,4,2,2,3,AS,0.12
530-651,530,651,1.805091170850059,8.641568661764882,12370.148379961694,12370.148379961694,0.2,0.8,0.6400000000000001,,,,Ethiopia (Abyssinia),,1,2,2,3,AS,0.4693333333333334,,,Egypt Arab Republic (Egypt),,1,0,1,3,AS,0.3750588235294118
530-681,530,681,1.9915993878921574,209.44618808575925,18553.813472574195,18553.813472574195,0.9,0.09999999999999998,0.35999999999999993,,,,Ethiopia (Abyssinia),,1,2,2,3,AS,0.4693333333333334,,,Aden,,4,2,2,3,AS,0.4050000000000002
530-70,70,530,0.0015397146492311942,0.0007776668230177197,1.1910233044947256,1.1910233044947256,0,1,0,,,,Mexico,,3,4,3,3,LA,0.020253164556962026,,,Ethiopia (Abyssinia),,1,2,2,3,AS,0.4693333333333334
530-850,530,850,0.9493588755053292,0.9052117667477846,2762,2762,0.5,0.5,1,,,,Ethiopia (Abyssinia),,1,2,2,3,AS,0.4693333333333334,,,Indonesia (Dutch East Indies),,4,5,4,6,AS,0.08693333333333332
530-920,530,920,0.005446960574800319,0.0027551099080657115,4,4,0.4,0.6,0.96,,,,Ethiopia (Abyssinia),,1,2,2,3,AS,0.4693333333333334,,,New Zealand,,2,0,2,1,AS,0.05431578947368421
531-625,531,625,1.9488609661935743,36.65780375125931,4350.731235204171,4350.731235204171,0.4,0.6,0.96,,,,Eritrea,,4,2,2,1,AS,0.45999999999999996,,,Sudan (Anglo-Egyptian Sudan) (Mahdist State),,4,2,2,3,AS,0.12
531-651,531,651,1.8318349647378631,10.032391844870391,9818.375793165847,9818.375793165847,0.3,0.7,0.84,,,,Eritrea,,4,2,2,1,AS,0.45999999999999996,,,Egypt Arab Republic (Egypt),,1,0,1,3,AS,0.3750588235294118
531-681,531,681,1.9977920712628765,605.2220015500509,36654.582145659355,36654.582145659355,1,0,0,,,,Eritrea,,4,2,2,1,AS,0.45999999999999996,,,Aden,,4,2,2,3,AS,0.4050000000000002
531-750,531,750,1.9262177644460998,13.647459998865894,56097,56097,0.4,0.6,0.96,,,,Eritrea,,4,2,2,1,AS,0.45999999999999996,,,India,,4,0,2,1,AS,0.05248
540-541,540,541,1.9710885430057186,65.6344494463505,31444,16732.798365734427|31444,0,1,0,,,,Angola,,5,5,0,6,AS,0.2853333333333333,,,Mozambique (Portuguese East Africa),,5,5,2,6,AS,0.06285714285714285
540-560,540,560,0.0790305431325884,0.04214834780969268,1144.6818034456737,1144.6818034456737,0,1,0,,,,Angola,,5,5,0,6,AS,0.2853333333333333,,,South Africa,,5,5,2,3,AS,0.05199999999999999
540-651,540,651,0.2778120364522123,0.1625860802122604,1698,1698,0.1,0.9,0.36000000000000004,,,,Angola,,5,5,0,6,AS,0.2853333333333333,,,Egypt Arab Republic (Egypt),,1,0,1,3,AS,0.3750588235294118
540-721,540,721,1.88349509211037,16.114056508116892,1006,1006,0,1,0,,,,Angola,,5,5,0,6,AS,0.2853333333333333,,,Macao,,5,1,4,6,AS,0
540-752,540,752,1.6257149797473782,4.341673483601739,309,309,0,1,0,,,,Angola,,5,5,0,6,AS,0.2853333333333333,,,Portuguese India,,5,9,2,6,AS,0.0911111111111111
540-840,540,840,0.02548558160371117,0.012982914693967507,83,83,0,1,0,,,,Angola,,5,5,0,6,AS,0.2853333333333333,,,Philippines,,4,1,3,3,AS,0.024
540-860,540,860,1.8753194608499215,15.002278642719881,405,405,0.1,0.9,0.36000000000000004,,,,Angola,,5,5,0,6,AS,0.2853333333333333,,,East Timor (Portuguese Timor),,5,5,1,6,AS,0.12695652173913044
541-551,541,551,0.5363622940366115,0.3669795964845304,474,474,1,0,0,,,,Mozambique (Portuguese East Africa),,5,5,2,6,AS,0.06285714285714285,,,Zambia (Northern Rhodesia),,5,5,2,6,AF,0.01894736842105263
541-552,541,552,1.9670795033360235,54.88905565150771,175114,159175.55555555556|175114,1,0,0,,,,Mozambique (Portuguese East Africa),,5,5,2,6,AS,0.06285714285714285,,,Zimbabwe (Rhodesia) (Southern Rhodesia),,5,5,2,3,AS,0.010909090909090906
541-553,541,553,1.1613985022883333,1.384636014446996,1205,1205,1,0,0,,,,Mozambique (Portuguese East Africa),,5,5,2,6,AS,0.06285714285714285,,,Malawi (Nyasaland) (British Central Africa Protectorate),,5,5,2,1,WE,0.07999999999999999
541-560,541,560,1.9609433174766662,33.122683061566555,873881.1111111111,873881.1111111111|472609,1,0,0,,,,Mozambique (Portuguese East Africa),,5,5,2,6,AS,0.06285714285714285,,,South Africa,,5,5,2,3,AS,0.05199999999999999
541-572,541,572,0.9834067466717007,0.9673677307920735,1.157712745854385,1.157712745854385,1,0,0,,,,Mozambique (Portuguese East Africa),,5,5,2,6,AS,0.06285714285714285,,,Eswatini (Swaziland),,2,0,2,1,AF,0
541-6090,541,6090,0,,0,0,0.1,0.9,0.36000000000000004,,,,Mozambique (Portuguese East Africa),,5,5,2,6,AS,0.06285714285714285,,,Río de Oro,,1,0,0,3,AS,0.07200000000000001
541-640,541,640,0.011835906487320469,0.005991727974924532,55.333333333333336,55.333333333333336,0,1,0,,,,Mozambique (Portuguese East Africa),,5,5,2,6,AS,0.06285714285714285,,,Turkey (Ottoman Empire),,1,0,1,3,AS,0.08153846153846155
541-651,541,651,0.023896159628738256,0.012219732652813287,989,989,0,1,0,,,,Mozambique (Portuguese East Africa),,5,5,2,6,AS,0.06285714285714285,,,Egypt Arab Republic (Egypt),,1,0,1,3,AS,0.3750588235294118
541-68,68,541,0.057094165878132985,0.02950584635909237,281,281,0,1,0,,,,Netherlands Antilles,,3,3,5,6,AS,0,,,Mozambique (Portuguese East Africa),,5,5,2,6,AS,0.06285714285714285
541-710,541,710,0.11161780478752081,0.06140389644747635,2908.222222222222,2908.222222222222,0,1,0,,,,Mozambique (Portuguese East Africa),,5,5,2,6,AS,0.06285714285714285,,,People's Republic of China (China),,4,1,4,3,AS,0.0496
541-721,541,721,1.2274707072391124,1.588529042251753,586,343|586,0,1,0,,,,Mozambique (Portuguese East Africa),,5,5,2,6,AS,0.06285714285714285,,,Macao,,5,1,4,6,AS,0
541-740,541,740,0.0008762435987602624,0.0004655407387587074,31.11111111111111,31.11111111111111,0,1,0,,,,Mozambique (Portuguese East Africa),,5,5,2,6,AS,0.06285714285714285,,,Japan,,4,1,4,3,AS,0.26739726027397276
541-750,541,750,1.4811780791565705,2.6693457285707214,907385.9616600357,907385.9616600357|77132.25146579844,1,0,0,,,,Mozambique (Portuguese East Africa),,5,5,2,6,AS,0.06285714285714285,,,India,,4,0,2,1,AS,0.05248
541-752,541,752,1.9554869433651745,43.13440917476202,3784,3784|180,1,0,0,,,,Mozambique (Portuguese East Africa),,5,5,2,6,AS,0.06285714285714285,,,Portuguese India,,5,9,2,6,AS,0.0911111111111111
541-780,541,780,1.2413732692949155,1.630925630534036,66750.19087367099,66750.19087367099,1,0,0,,,,Mozambique (Portuguese East Africa),,5,5,2,6,AS,0.06285714285714285,,,Sri Lanka (Ceylon),,4,0,2,1,AS,0.03645569620253165
541-840,541,840,0.0019219592806453134,0.0009688467492465769,48,48,0,1,0,,,,Mozambique (Portuguese East Africa),,5,5,2,6,AS,0.06285714285714285,,,Philippines,,4,1,3,3,AS,0.024
541-850,541,850,0.8734430986571546,0.7918661264137327,37750.27945807441,37750.27945807441|20872,0,1,0,,,,Mozambique (Portuguese East Africa),,5,5,2,6,AS,0.06285714285714285,,,Indonesia (Dutch East Indies),,4,5,4,6,AS,0.08693333333333332
541-860,541,860,1.8307173702453992,10.771896527603461,239,239|235,0,1,0,,,,Mozambique (Portuguese East Africa),,5,5,2,6,AS,0.06285714285714285,,,East Timor (Portuguese Timor),,5,5,1,6,AS,0.12695652173913044
541-900,541,900,0.6199741528755442,0.45468326093472533,82987,82987|14976.913967609344,1,0,0,,,,Mozambique (Portuguese East Africa),,5,5,2,6,AS,0.06285714285714285,,,Australia,,2,0,2,1,AS,0.05283018867924528
551-552,551,552,1.9949676197601227,264.89044969422577,534366,79426|534366,1,0,0,,,,Zambia (Northern Rhodesia),,5,5,2,6,AF,0.01894736842105263,,,Zimbabwe (Rhodesia) (Southern Rhodesia),,5,5,2,3,AS,0.010909090909090906
551-553,551,553,1.986107924631966,139.58072378795796,4158,4158|340,1,0,0,,,,Zambia (Northern Rhodesia),,5,5,2,6,AF,0.01894736842105263,,,Malawi (Nyasaland) (British Central Africa Protectorate),,5,5,2,1,WE,0.07999999999999999
551-560,551,560,1.9750671726967144,38.396111130264636,1009417,1009417|72548,1,0,0,,,,Zambia (Northern Rhodesia),,5,5,2,6,AF,0.01894736842105263,,,South Africa,,5,5,2,3,AS,0.05199999999999999
551-710,551,710,0.06268399244400646,0.03362233623055155,554,554,0,1,0,,,,Zambia (Northern Rhodesia),,5,5,2,6,AF,0.01894736842105263,,,People's Republic of China (China),,4,1,4,3,AS,0.0496
551-720,551,720,0.09117599096434559,0.048170422066287966,366,366,0,1,0,,,,Zambia (Northern Rhodesia),,5,5,2,6,AF,0.01894736842105263,,,Hong Kong,,4,1,4,8,EESU,0.09517241379310344
551-920,551,920,0.03589808758090307,0.018559302046118997,104,11|104,1,0,0,,,,Zambia (Northern Rhodesia),,5,5,2,6,AF,0.01894736842105263,,,New Zealand,,2,0,2,1,AS,0.05431578947368421
552-553,552,553,1.8532236180590758,12.472853990550751,2775,123|2775,1,0,0,,,,Zimbabwe (Rhodesia) (Southern Rhodesia),,5,5,2,3,AS,0.010909090909090906,,,Malawi (Nyasaland) (British Central Africa Protectorate),,5,5,2,1,WE,0.07999999999999999
552-560,552,560,1.9714909189651455,35.34505398920613,3470711,3470711|2115842,1,0,0,,,,Zimbabwe (Rhodesia) (Southern Rhodesia),,5,5,2,3,AS,0.010909090909090906,,,South Africa,,5,5,2,3,AS,0.05199999999999999
552-625,552,625,0.03884976852750588,0.019858415215965985,52,52,1,0,0,,,,Zimbabwe (Rhodesia) (Southern Rhodesia),,5,5,2,3,AS,0.010909090909090906,,,Sudan (Anglo-Egyptian Sudan) (Mahdist State),,4,2,2,3,AS,0.12
552-710,552,710,0.02555124507584927,0.013464881030732734,1657,1657,0,1,0,,,,Zimbabwe (Rhodesia) (Southern Rhodesia),,5,5,2,3,AS,0.010909090909090906,,,People's Republic of China (China),,4,1,4,3,AS,0.0496
552-740,552,740,0.0573345069798068,0.03134096591538915,5442,5442,0,1,0,,,,Zimbabwe (Rhodesia) (Southern Rhodesia),,5,5,2,3,AS,0.010909090909090906,,,Japan,,4,1,4,3,AS,0.26739726027397276
552-750,552,750,0.0009913438372204375,0.0005157858547888416,136.94969502408358,136.94969502408358|87,1,0,0,,,,Zimbabwe (Rhodesia) (Southern Rhodesia),,5,5,2,3,AS,0.010909090909090906,,,India,,4,0,2,1,AS,0.05248
552-780,552,780,0.7210095938075574,0.5656811823678743,18084,18084,1,0,0,,,,Zimbabwe (Rhodesia) (Southern Rhodesia),,5,5,2,3,AS,0.010909090909090906,,,Sri Lanka (Ceylon),,4,0,2,1,AS,0.03645569620253165
552-827,552,827,0.03621334249780872,0.018640245928766674,1203,1203,0,1,0,,,,Zimbabwe (Rhodesia) (Southern Rhodesia),,5,5,2,3,AS,0.010909090909090906,,,Straits Settlements,,4,1,4,1,AS,0.08347826086956521
552-840,552,840,0.3171480243319872,0.18964715168968516,7339,7339,0,1,0,,,,Zimbabwe (Rhodesia) (Southern Rhodesia),,5,5,2,3,AS,0.010909090909090906,,,Philippines,,4,1,3,3,AS,0.024
552-900,552,900,0.10226224192940536,0.05602607018475536,6844,448|6844,1,0,0,,,,Zimbabwe (Rhodesia) (Southern Rhodesia),,5,5,2,3,AS,0.010909090909090906,,,Australia,,2,0,2,1,AS,0.05283018867924528
552-920,552,920,0.0037260440221950075,0.0018871552607618858,121,121|1,1,0,0,,,,Zimbabwe (Rhodesia) (Southern Rhodesia),,5,5,2,3,AS,0.010909090909090906,,,New Zealand,,2,0,2,1,AS,0.05431578947368421
553-560,553,560,1.2740798140590632,1.7376013947412892,5038,5038|2342,1,0,0,,,,Malawi (Nyasaland) (British Central Africa Protectorate),,5,5,2,1,WE,0.07999999999999999,,,South Africa,,5,5,2,3,AS,0.05199999999999999
553-750,553,750,0.00048358485659782957,0.0002580430983045723,4,4,1,0,0,,,,Malawi (Nyasaland) (British Central Africa Protectorate),,5,5,2,1,WE,0.07999999999999999,,,India,,4,0,2,1,AS,0.05248
560-565,560,565,1.9893723898246671,53.12550806759816,1726780,1726780,1,0,0,,,,South Africa,,5,5,2,3,AS,0.05199999999999999,,,Namibia (South West Africa) (German South West Africa),,5,5,2,6,AF,0
560-570,560,570,0.027708773759641092,0.014237833086075846,6.495726495726496,6.495726495726496,1,0,0,,,,South Africa,,5,5,2,3,AS,0.05199999999999999,,,Lesotho (Basutoland),,2,0,2,3,AS,0.02571428571428571
560-580,560,580,0.13356945319073654,0.072545429487194,3686,3686,0,1,0,,,,South Africa,,5,5,2,3,AS,0.05199999999999999,,,Madagascar (Malagasy Republic),,0,0,0,5,AF,0.020000000000000004
560-590,560,590,1.149708410515205,1.3463306944225137,58129,1235|58129,1,0,0,,,,South Africa,,5,5,2,3,AS,0.05199999999999999,,,Mauritius,,4,0,2,3,AS,0.05076923076923076
560-591,560,591,1.9647892139005223,35.7092918174183,60180.00045000113,285|60180.00045000113,1,0,0,,,,South Africa,,5,5,2,3,AS,0.05199999999999999,,,Seychelles,,4,0,2,3,AS,0.05499999999999999
560-615,560,615,0.000716589365232223,0.0003690781663934217,121.00493069212843,121.00493069212843,0,1,0,,,,South Africa,,5,5,2,3,AS,0.05199999999999999,,,Algeria (Regency of Algiers),,0,0,0,3,AS,0.029425287356321838
560-625,560,625,1.3230327995955866,1.930885336594656,65891,65891,1,0,0,,,,South Africa,,5,5,2,3,AS,0.05199999999999999,,,Sudan (Anglo-Egyptian Sudan) (Mahdist State),,4,2,2,3,AS,0.12
560-645,560,645,0.035933793383058354,0.018556477164966,1383,1383,1,0,0,,,,South Africa,,5,5,2,3,AS,0.05199999999999999,,,Iraq (Mesopotamia),,4,6,2,3,AS,0.045714285714285714
560-651,560,651,0.028109449452841884,0.014720007447848515,12301,2397.9277764986687|12301,0,1,0,,,,South Africa,,5,5,2,3,AS,0.05199999999999999,,,Egypt Arab Republic (Egypt),,1,0,1,3,AS,0.3750588235294118
560-665,560,665,0.012530495489112115,0.0063935753049458866,170,170,0,1,0,,,,South Africa,,5,5,2,3,AS,0.05199999999999999,,,Palestine,,1,0,1,4,ME,0.22375
560-681,560,681,1.460838077341807,2.6481861741186226,94502,94502|119.28117149620779,0.4,0.6,0.96,,,,South Africa,,5,5,2,3,AS,0.05199999999999999,,,Aden,,4,2,2,3,AS,0.4050000000000002
560-70,70,560,0.00000779693218233568,0.000004032361232031434,2.481298551030678,2.481298551030678,0,1,0,,,,Mexico,,3,4,3,3,LA,0.020253164556962026,,,South Africa,,5,5,2,3,AS,0.05199999999999999
560-710,560,710,0.06628388919003303,0.03578848933672463,45882,9807|45882,0,1,0,,,,South Africa,,5,5,2,3,AS,0.05199999999999999,,,People's Republic of China (China),,4,1,4,3,AS,0.0496
560-713,560,713,0.5106802439377351,0.34620321803249565,10186,10186,0,1,0,,,,South Africa,,5,5,2,3,AS,0.05199999999999999,,,Republic of China (Taiwan) (Formosa),,4,1,4,2,ME,0.04
560-720,560,720,0.011818828030550677,0.006078271495300047,4495,4495,0,1,0,,,,South Africa,,5,5,2,3,AS,0.05199999999999999,,,Hong Kong,,4,1,4,8,EESU,0.09517241379310344
560-740,560,740,0.7333785247419771,0.5975557786725582,1251228.7935463714,1251228.7935463714|94287,0,1,0,,,,South Africa,,5,5,2,3,AS,0.05199999999999999,,,Japan,,4,1,4,3,AS,0.26739726027397276
560-750,560,750,1.0949107795040363,1.2447134523515073,2787219,2787219|1678876.5247505498,1,0,0,,,,South Africa,,5,5,2,3,AS,0.05199999999999999,,,India,,4,0,2,1,AS,0.05248
560-780,560,780,1.3302941550568816,1.984130520702509,577070.9759873612,195309|577070.9759873612,1,0,0,,,,South Africa,,5,5,2,3,AS,0.05199999999999999,,,Sri Lanka (Ceylon),,4,0,2,1,AS,0.03645569620253165
560-800,560,800,0.8634573343436935,0.7725076422528157,125641.64464008348,125641.64464008348|3368,0,1,0,,,,South Africa,,5,5,2,3,AS,0.05199999999999999,,,Thailand (Siam),,4,1,4,3,AS,0.03461538461538461
560-8151,560,8151,1.9876055748878305,51.028535343845036,5947,5947,1,0,0,,,,South Africa,,5,5,2,3,AS,0.05199999999999999,,,Cochin China,,5,5,2,3,AS,0
560-827,560,827,0.6384131905933057,0.47474016110758865,399283,399283,0,1,0,,,,South Africa,,5,5,2,3,AS,0.05199999999999999,,,Straits Settlements,,4,1,4,1,AS,0.08347826086956521
560-840,560,840,0.09955821940948772,0.05356858813127252,19361,19361,0,1,0,,,,South Africa,,5,5,2,3,AS,0.05199999999999999,,,Philippines,,4,1,3,3,AS,0.024
560-850,560,850,0.35173909984668006,0.22165659780858327,254752.4329293249,254752.4329293249|197830,0,1,0,,,,South Africa,,5,5,2,3,AS,0.05199999999999999,,,Indonesia (Dutch East Indies),,4,5,4,6,AS,0.08693333333333332
560-900,560,900,0.8850301950505268,0.8096397355931507,1050107,134147|1050107,1,0,0,,,,South Africa,,5,5,2,3,AS,0.05199999999999999,,,Australia,,2,0,2,1,AS,0.05283018867924528
560-920,560,920,0.18013085486732716,0.1016910402003437,55463,55463|51707,1,0,0,,,,South Africa,,5,5,2,3,AS,0.05199999999999999,,,New Zealand,,2,0,2,1,AS,0.05431578947368421
565-750,565,750,0.007074593766012605,0.00368473260516311,323.84838061220415,323.84838061220415,1,0,0,,,,Namibia (South West Africa) (German South West Africa),,5,5,2,6,AF,0,,,India,,4,0,2,1,AS,0.05248
570-780,570,780,0.13738300496768163,0.07405866658667026,11,11,1,0,0,,,,Lesotho (Basutoland),,2,0,2,3,AS,0.02571428571428571,,,Sri Lanka (Ceylon),,4,0,2,1,AS,0.03645569620253165
570-840,570,840,0.04330521671572163,0.02224720197557617,4,4,0,1,0,,,,Lesotho (Basutoland),,2,0,2,3,AS,0.02571428571428571,,,Philippines,,4,1,3,3,AS,0.024
580-615,580,615,1.2263456728994302,1.580798060021172,29476.801116602484,29476.801116602484,1,0,0,,,,Madagascar (Malagasy Republic),,0,0,0,5,AF,0.020000000000000004,,,Algeria (Regency of Algiers),,0,0,0,3,AS,0.029425287356321838
580-68,68,580,0.004724863505966126,0.0023781800302224987,28,28,0,1,0,,,,Netherlands Antilles,,3,3,5,6,AS,0,,,Madagascar (Malagasy Republic),,0,0,0,5,AF,0.020000000000000004
580-681,580,681,0.3447381114043131,0.2085573989618441,422.18079636439046,422.18079636439046,0,1,0,,,,Madagascar (Malagasy Republic),,0,0,0,5,AF,0.020000000000000004,,,Aden,,4,2,2,3,AS,0.4050000000000002
580-780,580,780,0.3695125688078541,0.22761425171196137,3765.1101782777987,3765.1101782777987,0,1,0,,,,Madagascar (Malagasy Republic),,0,0,0,5,AF,0.020000000000000004,,,Sri Lanka (Ceylon),,4,0,2,1,AS,0.03645569620253165
580-850,580,850,0.11818207209521414,0.06466021956425794,2107,2107,0,1,0,,,,Madagascar (Malagasy Republic),,0,0,0,5,AF,0.020000000000000004,,,Indonesia (Dutch East Indies),,4,5,4,6,AS,0.08693333333333332
580-900,580,900,0.46864468563224504,0.3105190674616325,22906,22906,0,1,0,,,,Madagascar (Malagasy Republic),,0,0,0,5,AF,0.020000000000000004,,,Australia,,2,0,2,1,AS,0.05283018867924528
585-615,585,615,1.282972958666093,1.7825159877781358,5582.360802596858,5582.360802596858,1,0,0,,,,Reunion (Bourbon I.),,0,0,0,8,WE,0,,,Algeria (Regency of Algiers),,0,0,0,3,AS,0.029425287356321838
585-750,585,750,0.11677443955183264,0.06421425153821947,1481.6958021794562,1481.6958021794562,0,1,0,,,,Reunion (Bourbon I.),,0,0,0,8,WE,0,,,India,,4,0,2,1,AS,0.05248
585-900,585,900,0.9281362963012278,0.868340475254916,10758,10758,0,1,0,,,,Reunion (Bourbon I.),,0,0,0,8,WE,0,,,Australia,,2,0,2,1,AS,0.05283018867924528
590-591,590,591,1.949266901807822,37.69390404595785,3070.1326753316885,1964|3070.1326753316885,1,0,0,,,,Mauritius,,4,0,2,3,AS,0.05076923076923076,,,Seychelles,,4,0,2,3,AS,0.05499999999999999
590-681,590,681,1.4007266693135887,2.3355186247572925,4017.4644067244635,4017.4644067244635,0.4,0.6,0.96,,,,Mauritius,,4,0,2,3,AS,0.05076923076923076,,,Aden,,4,2,2,3,AS,0.4050000000000002
590-710,590,710,0.08952136329586446,0.04778860571841759,2961,2961,0,1,0,,,,Mauritius,,4,0,2,3,AS,0.05076923076923076,,,People's Republic of China (China),,4,1,4,3,AS,0.0496
590-720,590,720,0.22197862257603218,0.1258689052878036,4147,4147,0,1,0,,,,Mauritius,,4,0,2,3,AS,0.05076923076923076,,,Hong Kong,,4,1,4,8,EESU,0.09517241379310344
590-750,590,750,1.879463112317465,10.160895687844349,1186246.4792829265,3368|1186246.4792829265,1,0,0,,,,Mauritius,,4,0,2,3,AS,0.05076923076923076,,,India,,4,0,2,1,AS,0.05248
590-780,590,780,1.2519314741793168,1.6690648376566037,23461.040867928183,23461.040867928183,1,0,0,,,,Mauritius,,4,0,2,3,AS,0.05076923076923076,,,Sri Lanka (Ceylon),,4,0,2,1,AS,0.03645569620253165
590-840,590,840,0.6654341556226517,0.5003705961428234,8514,8514,0,1,0,,,,Mauritius,,4,0,2,3,AS,0.05076923076923076,,,Philippines,,4,1,3,3,AS,0.024
590-900,590,900,1.0716348540191996,1.1514578127583923,72178,72178,1,0,0,,,,Mauritius,,4,0,2,3,AS,0.05076923076923076,,,Australia,,2,0,2,1,AS,0.05283018867924528
590-920,590,920,0.000491562671232626,0.000248295586543934,7,7,1,0,0,,,,Mauritius,,4,0,2,3,AS,0.05076923076923076,,,New Zealand,,2,0,2,1,AS,0.05431578947368421
591-681,591,681,1.9491604979910298,37.55355822776443,3317.507582238279,3317.507582238279,0.4,0.6,0.96,,,,Seychelles,,4,0,2,3,AS,0.05499999999999999,,,Aden,,4,2,2,3,AS,0.4050000000000002
591-720,591,720,0.5484273909992159,0.37987565523252564,529.9513248783122,529.9513248783122,0,1,0,,,,Seychelles,,4,0,2,3,AS,0.05499999999999999,,,Hong Kong,,4,1,4,8,EESU,0.09517241379310344
591-750,591,750,1.8615119631721475,9.254256227816125,55485.12793610476,701.1017527543819|55485.12793610476,1,0,0,,,,Seychelles,,4,0,2,3,AS,0.05499999999999999,,,India,,4,0,2,1,AS,0.05248
591-780,591,780,1.8466708910185128,11.712758439928985,5512.513781284453,5512.513781284453|1166,1,0,0,,,,Seychelles,,4,0,2,3,AS,0.05499999999999999,,,Sri Lanka (Ceylon),,4,0,2,1,AS,0.03645569620253165
591-840,591,840,0.7012538666309527,0.5412864398633209,473,473,0,1,0,,,,Seychelles,,4,0,2,3,AS,0.05499999999999999,,,Philippines,,4,1,3,3,AS,0.024
591-900,591,900,0.04933411581140168,0.02578274486451626,83,83,1,0,0,,,,Seychelles,,4,0,2,3,AS,0.05499999999999999,,,Australia,,2,0,2,1,AS,0.05283018867924528
591-920,591,920,1.7966622632315246,8.482772069027517,8727.771819429548,8727.771819429548,1,0,0,,,,Seychelles,,4,0,2,3,AS,0.05499999999999999,,,New Zealand,,2,0,2,1,AS,0.05431578947368421
6-70,6,70,0.017127048930519972,0.008719451021448,112.94871004291647,112.94871004291647,1,0,0,,,,Puerto Rico,,3,3,3,4,WE,0,,,Mexico,,3,4,3,3,LA,0.020253164556962026
6-750,6,750,1.565376223915466,3.2889483698849764,167246.66527972723,167246.66527972723,0,1,0,,,,Puerto Rico,,3,3,3,4,WE,0,,,India,,4,0,2,1,AS,0.05248
6-840,6,840,0.025857034302954496,0.013169588187304293,97.60487901104682,97.60487901104682,1,0,0,,,,Puerto Rico,,3,3,3,4,WE,0,,,Philippines,,4,1,3,3,AS,0.024
600-615,600,615,1.9003338478747471,16.773060365141188,1552549.729747664,1552549.729747664|90876.24989320489,1,0,0,,,,Morocco,,0,0,0,3,AS,0.046486486486486484,,,Algeria (Regency of Algiers),,0,0,0,3,AS,0.029425287356321838
600-616,600,616,0.0742950341063684,0.038815637773819245,1298.7862560955116,652.9668070008634|1298.7862560955116,1,0,0,,,,Morocco,,0,0,0,3,AS,0.046486486486486484,,,Tunisia (Regency of Tunis),,0,0,0,3,LA,0.06918918918918919
600-651,600,651,0.22698974518727966,0.1295298905468918,21032.636831761418,21032.636831761418|419.0804099637381,0,1,0,,,,Morocco,,0,0,0,3,AS,0.046486486486486484,,,Egypt Arab Republic (Egypt),,1,0,1,3,AS,0.3750588235294118
600-681,600,681,0.16952830548596487,0.09304852324329405,935,935,0,1,0,,,,Morocco,,0,0,0,3,AS,0.046486486486486484,,,Aden,,4,2,2,3,AS,0.4050000000000002
600-70,70,600,0.03324460325556222,0.017134693975027315,2976.764245700484,2976.764245700484,0,1,0,,,,Mexico,,3,4,3,3,LA,0.020253164556962026,,,Morocco,,0,0,0,3,AS,0.046486486486486484
600-710,600,710,1.1793065404210368,1.4252750896150659,515877,515877,0,1,0,,,,Morocco,,0,0,0,3,AS,0.046486486486486484,,,People's Republic of China (China),,4,1,4,3,AS,0.0496
600-750,600,750,0.11931996382122789,0.0659721650266274,44992.186931779914,44992.186931779914,0,1,0,,,,Morocco,,0,0,0,3,AS,0.046486486486486484,,,India,,4,0,2,1,AS,0.05248
600-780,600,780,0.004643540998118589,0.0023478640303964404,192.78819343074585,192.78819343074585,0,1,0,,,,Morocco,,0,0,0,3,AS,0.046486486486486484,,,Sri Lanka (Ceylon),,4,0,2,1,AS,0.03645569620253165
600-850,600,850,0.03168290130461038,0.016467898352349075,5699.71396631758,5699.71396631758,0,1,0,,,,Morocco,,0,0,0,3,AS,0.046486486486486484,,,Indonesia (Dutch East Indies),,4,5,4,6,AS,0.08693333333333332
601-615,601,615,1.9547465583843677,35.72344505786537,32340.584476316188,32340.584476316188,1,0,0,,,,Tangier,,0,0,0,5,AF,0.045,,,Algeria (Regency of Algiers),,0,0,0,3,AS,0.029425287356321838
601-651,601,651,1.2756376307797066,1.7630869559642477,3976.9803201090103,3976.9803201090103,0,1,0,,,,Tangier,,0,0,0,5,AF,0.045,,,Egypt Arab Republic (Egypt),,1,0,1,3,AS,0.3750588235294118
602-615,602,615,1.929930871407442,24.289177729472186,97642.91207316816,97642.91207316816,1,0,0,,,,Spanish Morocco,,0,0,0,6,LA,0,,,Algeria (Regency of Algiers),,0,0,0,3,AS,0.029425287356321838
6090-840,840,6090,1.6160911244580736,4.138703678462916,5183,5183,0,1,0,,,,Philippines,,4,1,3,3,AS,0.024,,,Río de Oro,,1,0,0,3,AS,0.07200000000000001
615-616,615,616,1.8393396307063823,10.723323710030401,745495.2440034442,745495.2440034442|604750.37561774,1,0,0,,,,Algeria (Regency of Algiers),,0,0,0,3,AS,0.029425287356321838,,,Tunisia (Regency of Tunis),,0,0,0,3,LA,0.06918918918918919
615-6203,615,6203,1.8459391700161305,11.359479209107043,20772.51310214871,20772.51310214871,1,0,0,,,,Algeria (Regency of Algiers),,0,0,0,3,AS,0.029425287356321838,,,Tripolitania (Regency of Tripoli),,0,0,0,1,ME,0.030000000000000002
615-640,615,640,0.06538482035992976,0.03416295764538957,3920.559754424961,3920.559754424961,0,1,0,,,,Algeria (Regency of Algiers),,0,0,0,3,AS,0.029425287356321838,,,Turkey (Ottoman Empire),,1,0,1,3,AS,0.08153846153846155
615-65,65,615,1.2380505064457847,1.6199077216087447,10721.036859322578,10721.036859322578,1,0,0,,,,Guadeloupe,,3,0,0,1,AS,0,,,Algeria (Regency of Algiers),,0,0,0,3,AS,0.029425287356321838
615-651,615,651,0.320269960976335,0.1946754294474473,59703.83280349616,4815.342562301646|59703.83280349616,0,1,0,,,,Algeria (Regency of Algiers),,0,0,0,3,AS,0.029425287356321838,,,Egypt Arab Republic (Egypt),,1,0,1,3,AS,0.3750588235294118
615-652,615,652,1.340884277416519,2.0222527210060135,63043.56889059891,63043.56889059891,0.3,0.7,0.84,,,,Algeria (Regency of Algiers),,0,0,0,3,AS,0.029425287356321838,,,Syria,,1,0,1,4,ME,0.5333333333333332
615-66,66,615,1.1356519282331754,1.3121734835583552,12439.306875150802,12439.306875150802,1,0,0,,,,Martinique,,3,4,0,1,AS,0,,,Algeria (Regency of Algiers),,0,0,0,3,AS,0.029425287356321838
615-665,615,665,0.04186311051795211,0.02149420255926593,209.74187986635593,209.74187986635593,0,1,0,,,,Algeria (Regency of Algiers),,0,0,0,3,AS,0.029425287356321838,,,Palestine,,1,0,1,4,ME,0.22375
615-681,615,681,0.058701623229144184,0.030612329913933478,724,724,0,1,0,,,,Algeria (Regency of Algiers),,0,0,0,3,AS,0.029425287356321838,,,Aden,,4,2,2,3,AS,0.4050000000000002
615-70,70,615,0.06366393511460466,0.033571248306392354,13727,13727,0,1,0,,,,Mexico,,3,4,3,3,LA,0.020253164556962026,,,Algeria (Regency of Algiers),,0,0,0,3,AS,0.029425287356321838
615-710,615,710,0.6301179556913388,0.4689294574101376,399480,8276.737259341584|399480,0,1,0,,,,Algeria (Regency of Algiers),,0,0,0,3,AS,0.029425287356321838,,,People's Republic of China (China),,4,1,4,3,AS,0.0496
615-740,615,740,0.24548052404137644,0.14862351859020717,123425.029305971,123425.029305971,0,1,0,,,,Algeria (Regency of Algiers),,0,0,0,3,AS,0.029425287356321838,,,Japan,,4,1,4,3,AS,0.26739726027397276
615-750,615,750,0.0013354495260494703,0.0007165958281493134,588.8906627016917,204.86541204473687|588.8906627016917,0,1,0,,,,Algeria (Regency of Algiers),,0,0,0,3,AS,0.029425287356321838,,,India,,4,0,2,1,AS,0.05248
615-751,615,751,0.38331721743946734,0.23801411491787416,701.8285980143448,701.8285980143448,0,1,0,,,,Algeria (Regency of Algiers),,0,0,0,3,AS,0.029425287356321838,,,French India,,1,0,1,3,AS,0
615-780,615,780,0.0035622194254029127,0.0018137899515993094,350.53754273448067,350.53754273448067,0,1,0,,,,Algeria (Regency of Algiers),,0,0,0,3,AS,0.029425287356321838,,,Sri Lanka (Ceylon),,4,0,2,1,AS,0.03645569620253165
615-80,80,615,0.0002772715848365914,0.00013939395783102437,1,1,0,1,0,,,,Belize (British Honduras),,3,0,3,5,AF,0.03555555555555556,,,Algeria (Regency of Algiers),,0,0,0,3,AS,0.029425287356321838
615-800,615,800,0.21479353446852434,0.12128126693633612,4953.13516299779,4953.13516299779,0,1,0,,,,Algeria (Regency of Algiers),,0,0,0,3,AS,0.029425287356321838,,,Thailand (Siam),,4,1,4,3,AS,0.03461538461538461
615-810,615,810,1.7495948819237306,6.73438642711139,408528.7800073845,408528.7800073845,0,1,0,,,,Algeria (Regency of Algiers),,0,0,0,3,AS,0.029425287356321838,,,French Indochina,,4,1,4,3,AS,0.06428571428571428
615-850,615,850,0.08659822729198019,0.046620174536622594,37977.71527295145,112.9379353126532|37977.71527295145,0,1,0,,,,Algeria (Regency of Algiers),,0,0,0,3,AS,0.029425287356321838,,,Indonesia (Dutch East Indies),,4,5,4,6,AS,0.08693333333333332
615-900,615,900,0.0023226477783701016,0.0012150806380958334,709.89559339382,100|709.89559339382,0,1,0,,,,Algeria (Regency of Algiers),,0,0,0,3,AS,0.029425287356321838,,,Australia,,2,0,2,1,AS,0.05283018867924528
615-92,92,615,0.002234624365870963,0.0011252387456567314,16.133990758950457,16.133990758950457,0,1,0,,,,El Salvador,,3,0,1,5,WE,0.061111111111111116,,,Algeria (Regency of Algiers),,0,0,0,3,AS,0.029425287356321838
615-930,615,930,1.858074568160617,12.350738357498532,11834.282221690159,11834.282221690159,0,1,0,,,,Algeria (Regency of Algiers),,0,0,0,3,AS,0.029425287356321838,,,New Caledonia,,2,0,2,5,AF,0
615-960,615,960,0.9128134896610952,0.8402986345447542,4477.182435608752,4477.182435608752,1,0,0,,,,Algeria (Regency of Algiers),,0,0,0,3,AS,0.029425287356321838,,,French Polynesia,,0,0,0,5,AF,0
616-6203,616,6203,1.9990568798716546,441.10673014103844,291589.6149865116,291589.6149865116,1,0,0,,,,Tunisia (Regency of Tunis),,0,0,0,3,LA,0.06918918918918919,,,Tripolitania (Regency of Tripoli),,0,0,0,1,ME,0.030000000000000002
616-651,616,651,0.6730366273453843,0.5145946199152733,57049.79132364881,6598.916729680253|57049.79132364881,0,1,0,,,,Tunisia (Regency of Tunis),,0,0,0,3,LA,0.06918918918918919,,,Egypt Arab Republic (Egypt),,1,0,1,3,AS,0.3750588235294118
616-652,616,652,0.32629990565807,0.1954210512839989,2202.289738596737,2202.289738596737,0.3,0.7,0.84,,,,Tunisia (Regency of Tunis),,0,0,0,3,LA,0.06918918918918919,,,Syria,,1,0,1,4,ME,0.5333333333333332
616-665,616,665,1.6954720912146797,5.5160417542508915,19457.59285529425,19457.59285529425,0,1,0,,,,Tunisia (Regency of Tunis),,0,0,0,3,LA,0.06918918918918919,,,Palestine,,1,0,1,4,ME,0.22375
616-681,616,681,0.08385234762855975,0.043937630643104075,269,269,0,1,0,,,,Tunisia (Regency of Tunis),,0,0,0,3,LA,0.06918918918918919,,,Aden,,4,2,2,3,AS,0.4050000000000002
616-70,70,616,0.09110896314371775,0.048324128374103825,5115,5115,0,1,0,,,,Mexico,,3,4,3,3,LA,0.020253164556962026,,,Tunisia (Regency of Tunis),,0,0,0,3,LA,0.06918918918918919
616-750,616,750,0.020234154148238592,0.010641363350881283,4421.678476632238,4421.678476632238|2541.103544534697,0,1,0,,,,Tunisia (Regency of Tunis),,0,0,0,3,LA,0.06918918918918919,,,India,,4,0,2,1,AS,0.05248
616-850,616,850,0.0017199065253293844,0.0008800736094335404,185.58693630539298,185.58693630539298,0,1,0,,,,Tunisia (Regency of Tunis),,0,0,0,3,LA,0.06918918918918919,,,Indonesia (Dutch East Indies),,4,5,4,6,AS,0.08693333333333332
6203-681,681,6203,0.8165590765091989,0.6901143063767148,137,137,0,1,0,,,,Aden,,4,2,2,3,AS,0.4050000000000002,,,Tripolitania (Regency of Tripoli),,0,0,0,1,ME,0.030000000000000002
6203-750,750,6203,0.38055516057426264,0.24172435901731737,3256.8232862395835,3256.8232862395835,0,1,0,,,,India,,4,0,2,1,AS,0.05248,,,Tripolitania (Regency of Tripoli),,0,0,0,1,ME,0.030000000000000002
6203-900,900,6203,0.3435460100387886,0.21066739266917955,1524,1524,0,1,0,,,,Australia,,2,0,2,1,AS,0.05283018867924528,,,Tripolitania (Regency of Tripoli),,0,0,0,1,ME,0.030000000000000002
625-651,625,651,1.7926962408416958,8.053139731833381,525421.052447606,525421.052447606,0,1,0,,,,Sudan (Anglo-Egyptian Sudan) (Mahdist State),,4,2,2,3,AS,0.12,,,Egypt Arab Republic (Egypt),,1,0,1,3,AS,0.3750588235294118
625-681,625,681,1.8801252468155254,15.48808835049337,21056.928856422117,21056.928856422117|103,0.4,0.6,0.96,,,,Sudan (Anglo-Egyptian Sudan) (Mahdist State),,4,2,2,3,AS,0.12,,,Aden,,4,2,2,3,AS,0.4050000000000002
625-740,625,740,0.20038634790314958,0.11796371213037671,20840.84363492427,20840.84363492427,0,1,0,,,,Sudan (Anglo-Egyptian Sudan) (Mahdist State),,4,2,2,3,AS,0.12,,,Japan,,4,1,4,3,AS,0.26739726027397276
625-750,625,750,1.6288698061978528,3.9071340384915434,360520.33307846263,360520.33307846263|3650,1,0,0,,,,Sudan (Anglo-Egyptian Sudan) (Mahdist State),,4,2,2,3,AS,0.12,,,India,,4,0,2,1,AS,0.05248
625-780,625,780,1.3017017107930737,1.8583888514480777,20646.15432208205,20646.15432208205,1,0,0,,,,Sudan (Anglo-Egyptian Sudan) (Mahdist State),,4,2,2,3,AS,0.12,,,Sri Lanka (Ceylon),,4,0,2,1,AS,0.03645569620253165
625-850,625,850,1.5893813059464743,3.6759261885769785,172138,172138,0,1,0,,,,Sudan (Anglo-Egyptian Sudan) (Mahdist State),,4,2,2,3,AS,0.12,,,Indonesia (Dutch East Indies),,4,5,4,6,AS,0.08693333333333332
625-900,625,900,1.1362396398854344,1.308611689373133,64833,20506.487580545072|64833,1,0,0,,,,Sudan (Anglo-Egyptian Sudan) (Mahdist State),,4,2,2,3,AS,0.12,,,Australia,,2,0,2,1,AS,0.05283018867924528
625-920,625,920,0.00381289138255847,0.001929793796397905,43,43,1,0,0,,,,Sudan (Anglo-Egyptian Sudan) (Mahdist State),,4,2,2,3,AS,0.12,,,New Zealand,,2,0,2,1,AS,0.05431578947368421
630-640,630,640,1.8321543376145022,10.349801237355063,520705.23753122275,520705.23753122275|7634.767084765008,1,0,0,,,,Iran (Persia),,1,6,1,3,AS,0.07904761904761903,,,Turkey (Ottoman Empire),,1,0,1,3,AS,0.08153846153846155
630-645,630,645,1.9612415827209824,44.132714212926764,529192.02461443,529192.02461443,0,1,0,,,,Iran (Persia),,1,6,1,3,AS,0.07904761904761903,,,Iraq (Mesopotamia),,4,6,2,3,AS,0.045714285714285714
630-651,630,651,1.955059740737095,29.514621568007293,3968218.813580198,3968218.813580198|190.7675647684997,0.7,0.30000000000000004,0.8400000000000001,,,,Iran (Persia),,1,6,1,3,AS,0.07904761904761903,,,Egypt Arab Republic (Egypt),,1,0,1,3,AS,0.3750588235294118
630-68,68,630,0.00026819709710834694,0.00013491946343580086,7,7,0,1,0,,,,Netherlands Antilles,,3,3,5,6,AS,0,,,Iran (Persia),,1,6,1,3,AS,0.07904761904761903
630-681,630,681,0.04089491938613321,0.02098823265997507,199.27410713085214,199.27410713085214,0,1,0,,,,Iran (Persia),,1,6,1,3,AS,0.07904761904761903,,,Aden,,4,2,2,3,AS,0.4050000000000002
630-690,630,690,,462.3081639018854,7315.54138478867,7315.54138478867,1,0,0,,,,Iran (Persia),,1,6,1,3,AS,0.07904761904761903,,,Kuwait,,1,6,1,2,ME,0
630-698,630,698,1.9806659374133444,84.00831866243942,345.24501107994143,345.24501107994143,0,1,0,,,,Iran (Persia),,1,6,1,3,AS,0.07904761904761903,,,Oman (Sultanate of Muscat and Oman),,4,2,2,1,ME,0
630-70,70,630,0.00013588832574129572,0.00006892914637024461,11.314721392699893,11.314721392699893,0,1,0,,,,Mexico,,3,4,3,3,LA,0.020253164556962026,,,Iran (Persia),,1,6,1,3,AS,0.07904761904761903
630-700,630,700,1.950019526933368,35.81926595639741,97980.99385821717,97980.99385821717,1,0,0,,,,Iran (Persia),,1,6,1,3,AS,0.07904761904761903,,,Afghanistan,,1,6,1,3,AS,0
630-710,630,710,1.2785190663498427,1.7776425325566294,458671,458671|112958,0,1,0,,,,Iran (Persia),,1,6,1,3,AS,0.07904761904761903,,,People's Republic of China (China),,4,1,4,3,AS,0.0496
630-713,630,713,1.291481544912666,1.8199384750949121,8615,8615,0,1,0,,,,Iran (Persia),,1,6,1,3,AS,0.07904761904761903,,,Republic of China (Taiwan) (Formosa),,4,1,4,2,ME,0.04
630-721,630,721,1.639968986405981,4.5191922821822486,5316,5316,0,1,0,,,,Iran (Persia),,1,6,1,3,AS,0.07904761904761903,,,Macao,,5,1,4,6,AS,0
630-730,630,730,0.16722349811701476,0.09148957571610095,1043,1043,0,1,0,,,,Iran (Persia),,1,6,1,3,AS,0.07904761904761903,,,Korea (Chosen),,4,1,4,2,ME,0
630-740,630,740,0.3431951680626931,0.21903574509533064,79744,79744,0,1,0,,,,Iran (Persia),,1,6,1,3,AS,0.07904761904761903,,,Japan,,4,1,4,3,AS,0.26739726027397276
630-750,630,750,1.81966206071002,8.28302226865363,2984121.787027951,2984121.787027951|1200192.2374484057,0,1,0,,,,Iran (Persia),,1,6,1,3,AS,0.07904761904761903,,,India,,4,0,2,1,AS,0.05248
630-780,630,780,0.3838818909463928,0.23936036974851316,18570.88559024459,18570.88559024459,0,1,0,,,,Iran (Persia),,1,6,1,3,AS,0.07904761904761903,,,Sri Lanka (Ceylon),,4,0,2,1,AS,0.03645569620253165
630-850,630,850,0.2720953030662704,0.16069467616039168,52552,522|52552,0,1,0,,,,Iran (Persia),,1,6,1,3,AS,0.07904761904761903,,,Indonesia (Dutch East Indies),,4,5,4,6,AS,0.08693333333333332
630-900,630,900,0.15577976195613963,0.08642165932676638,29901,29901,0,1,0,,,,Iran (Persia),,1,6,1,3,AS,0.07904761904761903,,,Australia,,2,0,2,1,AS,0.05283018867924528
630-920,630,920,0.000025351860369227097,0.0000128527084579666,2,2,0,1,0,,,,Iran (Persia),,1,6,1,3,AS,0.07904761904761903,,,New Zealand,,2,0,2,1,AS,0.05431578947368421
640-645,640,645,1.3307386985162906,1.9819881619928126,26215.00604102288,26215.00604102288,0,1,0,,,,Turkey (Ottoman Empire),,1,0,1,3,AS,0.08153846153846155,,,Iraq (Mesopotamia),,4,6,2,3,AS,0.045714285714285714
640-651,640,651,1.6926630479551206,5.266314306131013,781018.6802421487,149587.41158021998|781018.6802421487,0.7,0.30000000000000004,0.8400000000000001,,,,Turkey (Ottoman Empire),,1,0,1,3,AS,0.08153846153846155,,,Egypt Arab Republic (Egypt),,1,0,1,3,AS,0.3750588235294118
640-652,640,652,1.9608976360901038,43.18882155313577,651088.8998343616,651088.8998343616,0.7,0.30000000000000004,0.8400000000000001,,,,Turkey (Ottoman Empire),,1,0,1,3,AS,0.08153846153846155,,,Syria,,1,0,1,4,ME,0.5333333333333332
640-70,70,640,0.00007350309585563153,0.00003732471831796591,8.039407305339397,8.039407305339397,0,1,0,,,,Mexico,,3,4,3,3,LA,0.020253164556962026,,,Turkey (Ottoman Empire),,1,0,1,3,AS,0.08153846153846155
640-710,640,710,1.2863427923166713,1.7741784384314445,796167,796167,0,1,0,,,,Turkey (Ottoman Empire),,1,0,1,3,AS,0.08153846153846155,,,People's Republic of China (China),,4,1,4,3,AS,0.0496
640-740,640,740,0.4868877096662465,0.330444516322402,242194.753193474,242194.753193474|3299.9866777060747,0,1,0,,,,Turkey (Ottoman Empire),,1,0,1,3,AS,0.08153846153846155,,,Japan,,4,1,4,3,AS,0.26739726027397276
640-750,640,750,0.6134805137837691,0.4536519600478056,383582.30387700384,1798.6574806551455|383582.30387700384,0,1,0,,,,Turkey (Ottoman Empire),,1,0,1,3,AS,0.08153846153846155,,,India,,4,0,2,1,AS,0.05248
640-780,640,780,0.369221080733922,0.2283744301405637,23249.54044071897,23249.54044071897,0,1,0,,,,Turkey (Ottoman Empire),,1,0,1,3,AS,0.08153846153846155,,,Sri Lanka (Ceylon),,4,0,2,1,AS,0.03645569620253165
640-840,640,840,0.0001780194803353563,0.00009004031061599083,11.096133613887428,11.096133613887428,0,1,0,,,,Turkey (Ottoman Empire),,1,0,1,3,AS,0.08153846153846155,,,Philippines,,4,1,3,3,AS,0.024
640-850,640,850,0.0989986075886995,0.05332237085342817,22881.46041550681,22881.46041550681,0,1,0,,,,Turkey (Ottoman Empire),,1,0,1,3,AS,0.08153846153846155,,,Indonesia (Dutch East Indies),,4,5,4,6,AS,0.08693333333333332
640-900,640,900,0.0067472393457339574,0.0034736179648143795,1577,1577,0,1,0,,,,Turkey (Ottoman Empire),,1,0,1,3,AS,0.08153846153846155,,,Australia,,2,0,2,1,AS,0.05283018867924528
640-920,640,920,0.0002894507164519222,0.00014692624743373184,30,30,0,1,0,,,,Turkey (Ottoman Empire),,1,0,1,3,AS,0.08153846153846155,,,New Zealand,,2,0,2,1,AS,0.05431578947368421
645-651,645,651,0.43981910057657836,0.2838449142331494,13619.368239574773,13619.368239574773,0,1,0,,,,Iraq (Mesopotamia),,4,6,2,3,AS,0.045714285714285714,,,Egypt Arab Republic (Egypt),,1,0,1,3,AS,0.3750588235294118
645-681,645,681,1.6852353382179006,5.3213128520081,15800.580382245165,15800.580382245165,0.4,0.6,0.96,,,,Iraq (Mesopotamia),,4,6,2,3,AS,0.045714285714285714,,,Aden,,4,2,2,3,AS,0.4050000000000002
645-750,645,750,1.6605956041037309,4.275354281590192,861589.8941831035,861589.8941831035,1,0,0,,,,Iraq (Mesopotamia),,4,6,2,3,AS,0.045714285714285714,,,India,,4,0,2,1,AS,0.05248
645-780,645,780,1.8184887505271332,9.568489914437835,232168.35034509355,232168.35034509355,1,0,0,,,,Iraq (Mesopotamia),,4,6,2,3,AS,0.045714285714285714,,,Sri Lanka (Ceylon),,4,0,2,1,AS,0.03645569620253165
645-840,645,840,0.0003058774782673801,0.00015391225091698768,4.520647027880063,4.520647027880063,0,1,0,,,,Iraq (Mesopotamia),,4,6,2,3,AS,0.045714285714285714,,,Philippines,,4,1,3,3,AS,0.024
645-850,645,850,1.0866627005194476,1.1854284357260978,121239,121239,0,1,0,,,,Iraq (Mesopotamia),,4,6,2,3,AS,0.045714285714285714,,,Indonesia (Dutch East Indies),,4,5,4,6,AS,0.08693333333333332
645-900,645,900,0.014900931089016023,0.007661471202560999,829,829,1,0,0,,,,Iraq (Mesopotamia),,4,6,2,3,AS,0.045714285714285714,,,Australia,,2,0,2,1,AS,0.05283018867924528
65-70,65,70,0,,0,0,0,1,0,,,,Guadeloupe,,3,0,0,1,AS,0,,,Mexico,,3,4,3,3,LA,0.020253164556962026
65-750,65,750,0.15370309125569814,0.08615153328745895,4201,4201,0,1,0,,,,Guadeloupe,,3,0,0,1,AS,0,,,India,,4,0,2,1,AS,0.05248
651-652,651,652,1.756715181859588,6.8149693420323665,372700.3348976669,372700.3348976669,0.7,0.30000000000000004,0.8400000000000001,,,,Egypt Arab Republic (Egypt),,1,0,1,3,AS,0.3750588235294118,,,Syria,,1,0,1,4,ME,0.5333333333333332
651-665,651,665,1.9449190259243059,26.471645723982505,367000,342256.4982039928|367000,0.8,0.19999999999999996,0.6399999999999999,,,,Egypt Arab Republic (Egypt),,1,0,1,3,AS,0.3750588235294118,,,Palestine,,1,0,1,4,ME,0.22375
651-68,68,651,0.0004877552209836544,0.0002470102461553658,51.281603432392394,51.281603432392394,0,1,0,,,,Netherlands Antilles,,3,3,5,6,AS,0,,,Egypt Arab Republic (Egypt),,1,0,1,3,AS,0.3750588235294118
651-681,651,681,1.5742150899746685,3.6274847915129738,120771.81338624946,15767.041791323367|120771.81338624946,0.3,0.7,0.84,,,,Egypt Arab Republic (Egypt),,1,0,1,3,AS,0.3750588235294118,,,Aden,,4,2,2,3,AS,0.4050000000000002
651-70,70,651,0.00026283310759411815,0.0001346317930155383,48.236443832036386,43.076546883209616|48.236443832036386,0,1,0,,,,Mexico,,3,4,3,3,LA,0.020253164556962026,,,Egypt Arab Republic (Egypt),,1,0,1,3,AS,0.3750588235294118
651-710,651,710,1.6080867458482617,3.801165841065575,4558502,89346.91202818863|4558502,0.3,0.7,0.84,,,,Egypt Arab Republic (Egypt),,1,0,1,3,AS,0.3750588235294118,,,People's Republic of China (China),,4,1,4,3,AS,0.0496
651-720,651,720,0.030501689168524138,0.01575606447896627,7501.4729500903595,7501.4729500903595,0.3,0.7,0.84,,,,Egypt Arab Republic (Egypt),,1,0,1,3,AS,0.3750588235294118,,,Hong Kong,,4,1,4,8,EESU,0.09517241379310344
651-740,651,740,1.2126206454989332,1.5196895776877293,2976593.4543793793,1831428.108437579|2976593.4543793793,0,1,0,,,,Egypt Arab Republic (Egypt),,1,0,1,3,AS,0.3750588235294118,,,Japan,,4,1,4,3,AS,0.26739726027397276
651-750,651,750,1.1258582487736082,1.2821779641673743,2897227.0840372876,1096672.473882741|2897227.0840372876,0,1,0,,,,Egypt Arab Republic (Egypt),,1,0,1,3,AS,0.3750588235294118,,,India,,4,0,2,1,AS,0.05248
651-780,651,780,1.4039644388484078,2.3311419050273443,634211.4283809045,82084.41135009321|634211.4283809045,0,1,0,,,,Egypt Arab Republic (Egypt),,1,0,1,3,AS,0.3750588235294118,,,Sri Lanka (Ceylon),,4,0,2,1,AS,0.03645569620253165
651-800,651,800,0.01960131043202329,0.010021036935642935,717.9424480534935,717.9424480534935,0.3,0.7,0.84,,,,Egypt Arab Republic (Egypt),,1,0,1,3,AS,0.3750588235294118,,,Thailand (Siam),,4,1,4,3,AS,0.03461538461538461
651-810,651,810,0.4574129419044587,0.29973457468989206,31897.15733494807,31897.15733494807,0.3,0.7,0.84,,,,Egypt Arab Republic (Egypt),,1,0,1,3,AS,0.3750588235294118,,,French Indochina,,4,1,4,3,AS,0.06428571428571428
651-840,651,840,0.006305368563014668,0.0032395109513285725,1066.872698579695,1066.872698579695,0,1,0,,,,Egypt Arab Republic (Egypt),,1,0,1,3,AS,0.3750588235294118,,,Philippines,,4,1,3,3,AS,0.024
651-850,651,850,1.3809356293976187,2.174898670701948,2494088,152231.49105319413|2494088,0.3,0.7,0.84,,,,Egypt Arab Republic (Egypt),,1,0,1,3,AS,0.3750588235294118,,,Indonesia (Dutch East Indies),,4,5,4,6,AS,0.08693333333333332
651-90,90,651,0.008090289268143702,0.004102966120228535,148.71664995393795,148.71664995393795,0.7,0.30000000000000004,0.8400000000000001,,,,Guatemala,,3,0,1,5,WE,0.48756756756756775,,,Egypt Arab Republic (Egypt),,1,0,1,3,AS,0.3750588235294118
651-900,651,900,1.1952542315271995,1.4772158173189052,1792223,46653.95153865331|1792223,0,1,0,,,,Egypt Arab Republic (Egypt),,1,0,1,3,AS,0.3750588235294118,,,Australia,,2,0,2,1,AS,0.05283018867924528
651-92,92,651,0.00161398825569381,0.0008155187430156641,20.51264137295696,20.51264137295696,0.7,0.30000000000000004,0.8400000000000001,,,,El Salvador,,3,0,1,5,WE,0.061111111111111116,,,Egypt Arab Republic (Egypt),,1,0,1,3,AS,0.3750588235294118
651-920,651,920,0.000940834341047192,0.0004838197611584105,264,107.69136720802403|264,0,1,0,,,,Egypt Arab Republic (Egypt),,1,0,1,3,AS,0.3750588235294118,,,New Zealand,,2,0,2,1,AS,0.05431578947368421
651-95,95,651,0.022694740725966334,0.01159603280393362,1064.6060872564663,1064.6060872564663,0,1,0,,,,Panama,,3,0,3,1,AS,0.021333333333333336,,,Egypt Arab Republic (Egypt),,1,0,1,3,AS,0.3750588235294118
652-665,652,665,1.9931786359104393,217.84066898573565,307000,307000,0.7,0.30000000000000004,0.8400000000000001,,,,Syria,,1,0,1,4,ME,0.5333333333333332,,,Palestine,,1,0,1,4,ME,0.22375
652-68,68,652,0.0328156970577671,0.016746162051338387,54,54,0,1,0,,,,Netherlands Antilles,,3,3,5,6,AS,0,,,Syria,,1,0,1,4,ME,0.5333333333333332
652-70,70,652,0.005113641264142821,0.0025902269034970837,151.55771549695382,151.55771549695382,0,1,0,,,,Mexico,,3,4,3,3,LA,0.020253164556962026,,,Syria,,1,0,1,4,ME,0.5333333333333332
652-750,652,750,0.8128219793002855,0.6929162208818982,159158.28359130156,159158.28359130156,0,1,0,,,,Syria,,1,0,1,4,ME,0.5333333333333332,,,India,,4,0,2,1,AS,0.05248
652-780,652,780,0.3319084664499422,0.1998622209601293,5527.265834937713,5527.265834937713,0,1,0,,,,Syria,,1,0,1,4,ME,0.5333333333333332,,,Sri Lanka (Ceylon),,4,0,2,1,AS,0.03645569620253165
652-840,652,840,0.014546218509446485,0.007373472549736082,246.8422566225008,246.8422566225008,0,1,0,,,,Syria,,1,0,1,4,ME,0.5333333333333332,,,Philippines,,4,1,3,3,AS,0.024
652-850,652,850,0.6154354848359391,0.4555906963638092,4066,4066,0,1,0,,,,Syria,,1,0,1,4,ME,0.5333333333333332,,,Indonesia (Dutch East Indies),,4,5,4,6,AS,0.08693333333333332
652-900,652,900,0.04908958251908124,0.02567944747186446,3167,3167,0,1,0,,,,Syria,,1,0,1,4,ME,0.5333333333333332,,,Australia,,2,0,2,1,AS,0.05283018867924528
66-70,66,70,0,,0,0,0,1,0,,,,Martinique,,3,4,0,1,AS,0,,,Mexico,,3,4,3,3,LA,0.020253164556962026
66-750,66,750,0.30074525512423966,0.18255602230510493,12751,12751,0,1,0,,,,Martinique,,3,4,0,1,AS,0,,,India,,4,0,2,1,AS,0.05248
66-935,66,935,1.583623351449744,3.799187231420346,405.58834119355765,405.58834119355765,0,1,0,,,,Martinique,,3,4,0,1,AS,0,,,Vanuatu (New Hebrides),,3,0,3,3,LA,0.252
665-750,665,750,0.4754554169904648,0.32001194546353995,23007.69786551041,23007.69786551041,0,1,0,,,,Palestine,,1,0,1,4,ME,0.22375,,,India,,4,0,2,1,AS,0.05248
665-780,665,780,0.8337226110871321,0.7159747626078987,6197.775120210772,6197.775120210772,0,1,0,,,,Palestine,,1,0,1,4,ME,0.22375,,,Sri Lanka (Ceylon),,4,0,2,1,AS,0.03645569620253165
665-840,665,840,0.01600316848588701,0.008113089178530042,85.01433201505841,85.01433201505841,0,1,0,,,,Palestine,,1,0,1,4,ME,0.22375,,,Philippines,,4,1,3,3,AS,0.024
665-900,665,900,0.451514784429499,0.2958061696691163,11419,11419,0,1,0,,,,Palestine,,1,0,1,4,ME,0.22375,,,Australia,,2,0,2,1,AS,0.05283018867924528
665-920,665,920,0.003759042992911299,0.0019007319189761063,33,33,0,1,0,,,,Palestine,,1,0,1,4,ME,0.22375,,,New Zealand,,2,0,2,1,AS,0.05431578947368421
670-681,670,681,1.9999898461650925,1848.3132179556521,203094.32791401245,203094.32791401245,1,0,0,,,,Saudi Arabia (Emirate of Nejd) (Emirate of Diriyah),,4,2,2,1,ME,0,,,Aden,,4,2,2,3,AS,0.4050000000000002
678-681,678,681,1.999900065554236,1668.4876844002938,732714.9204496578,732714.9204496578,1,0,0,,,,Yemen Arab Republic (North Yemen) (Kingdom of Yemen),,4,2,2,1,ME,0,,,Aden,,4,2,2,3,AS,0.4050000000000002
68-70,68,70,0.021186979900954417,0.01084694056613289,2409.3408930507885,2409.3408930507885,0,1,0,,,,Netherlands Antilles,,3,3,5,6,AS,0,,,Mexico,,3,4,3,3,LA,0.020253164556962026
68-750,68,750,0.002389628911298902,0.0012462093434697508,1086.6514723304529,1086.6514723304529,0,1,0,,,,Netherlands Antilles,,3,3,5,6,AS,0,,,India,,4,0,2,1,AS,0.05248
68-850,68,850,0.0010945059539542168,0.0005599992413470867,247.81365070946003,247.81365070946003,0,1,0,,,,Netherlands Antilles,,3,3,5,6,AS,0,,,Indonesia (Dutch East Indies),,4,5,4,6,AS,0.08693333333333332
68-860,68,860,0.8657704672361634,0.7640007039117843,410,410,0,1,0,,,,Netherlands Antilles,,3,3,5,6,AS,0,,,East Timor (Portuguese Timor),,5,5,1,6,AS,0.12695652173913044
6802-681,681,6802,,1866.9383133914787,17390.22564462869,17390.22564462869,1,0,0,,,,Aden,,4,2,2,3,AS,0.4050000000000002,,,Perim I.,,4,2,2,1,ME,0
681-692,681,692,1.5504840983200343,3.44380185289118,1263.6349105379513,1263.6349105379513,0.4,0.6,0.96,,,,Aden,,4,2,2,3,AS,0.4050000000000002,,,Bahrain,,4,0,2,1,AS,0.32
681-698,681,698,1.9997621144616735,1527.6876554952578,1554.6809689886982,1554.6809689886982,1,0,0,,,,Aden,,4,2,2,3,AS,0.4050000000000002,,,Oman (Sultanate of Muscat and Oman),,4,2,2,1,ME,0
681-710,681,710,1.5658828858348808,3.4327218869320837,175794,175794,0.6,0.4,0.96,,,,Aden,,4,2,2,3,AS,0.4050000000000002,,,People's Republic of China (China),,4,1,4,3,AS,0.0496
681-720,681,720,0.3794177866493226,0.23579000060000288,6947.084529403512,6947.084529403512,0.6,0.4,0.96,,,,Aden,,4,2,2,3,AS,0.4050000000000002,,,Hong Kong,,4,1,4,8,EESU,0.09517241379310344
681-750,681,750,1.8858484281235217,10.538068986587191,1016846.416104032,1016846.416104032|280017.470435672,0.4,0.6,0.96,,,,Aden,,4,2,2,3,AS,0.4050000000000002,,,India,,4,0,2,1,AS,0.05248
681-780,681,780,0.6106576326580085,0.44095132783990576,5122.902663565569,5122.902663565569,0.4,0.6,0.96,,,,Aden,,4,2,2,3,AS,0.4050000000000002,,,Sri Lanka (Ceylon),,4,0,2,1,AS,0.03645569620253165
681-827,681,827,0.7046756711317059,0.5466106760636029,18315.99663690363,18315.99663690363,0.6,0.4,0.96,,,,Aden,,4,2,2,3,AS,0.4050000000000002,,,Straits Settlements,,4,1,4,1,AS,0.08347826086956521
681-840,681,840,0.010256488671829711,0.00518696149983755,72.94680431351921,72.94680431351921,0,1,0,,,,Aden,,4,2,2,3,AS,0.4050000000000002,,,Philippines,,4,1,3,3,AS,0.024
681-850,681,850,1.780641514534056,7.16227708629592,350738.92030412244,350738.92030412244,0.6,0.4,0.96,,,,Aden,,4,2,2,3,AS,0.4050000000000002,,,Indonesia (Dutch East Indies),,4,5,4,6,AS,0.08693333333333332
681-900,681,900,0.4718361287170648,0.31324458041788317,16229,16229|7561,0.4,0.6,0.96,,,,Aden,,4,2,2,3,AS,0.4050000000000002,,,Australia,,2,0,2,1,AS,0.05283018867924528
681-920,681,920,0.12650699378725094,0.06857060843895135,1490,4|1490,0.4,0.6,0.96,,,,Aden,,4,2,2,3,AS,0.4050000000000002,,,New Zealand,,2,0,2,1,AS,0.05431578947368421
692-750,692,750,1.9998571332971689,27.45564473373721,683737.4180905231,683737.4180905231,1,0,0,,,,Bahrain,,4,0,2,1,AS,0.32,,,India,,4,0,2,1,AS,0.05248
692-900,692,900,0.005119492515594071,0.002617558965641975,35,35,1,0,0,,,,Bahrain,,4,0,2,1,AS,0.32,,,Australia,,2,0,2,1,AS,0.05283018867924528
70-710,70,710,0.0032966362163068252,0.0017331027854752268,1914.4707100332303,1914.4707100332303,0,1,0,,,,Mexico,,3,4,3,3,LA,0.020253164556962026,,,People's Republic of China (China),,4,1,4,3,AS,0.0496
70-713,70,713,0.006563236570103492,0.003344511172839848,61.23701129352831,61.23701129352831,0,1,0,,,,Mexico,,3,4,3,3,LA,0.020253164556962026,,,Republic of China (Taiwan) (Formosa),,4,1,4,2,ME,0.04
70-740,70,740,0.18956941316329512,0.10937812734613206,138460.82623296167,127410.95993165116|138460.82623296167,0.6,0.4,0.96,,,,Mexico,,3,4,3,3,LA,0.020253164556962026,,,Japan,,4,1,4,3,AS,0.26739726027397276
70-750,70,750,0.10563810089304138,0.05864318807562763,78806.75893484674,261.6281192206747|78806.75893484674,0,1,0,,,,Mexico,,3,4,3,3,LA,0.020253164556962026,,,India,,4,0,2,1,AS,0.05248
70-780,70,780,0.7931732836031326,0.6657311198547701,107714.92360061363,107714.92360061363|0.09925194204122713,0,1,0,,,,Mexico,,3,4,3,3,LA,0.020253164556962026,,,Sri Lanka (Ceylon),,4,0,2,1,AS,0.03645569620253165
70-80,70,80,1.843157084591017,10.667253843898925,143629.4703667006,21675.707886409404|143629.4703667006,1,0,0,,,,Mexico,,3,4,3,3,LA,0.020253164556962026,,,Belize (British Honduras),,3,0,3,5,AF,0.03555555555555556
70-800,70,800,0.00002555950490168435,0.000012948446915572731,0.9925194204122714,0.9925194204122714,0,1,0,,,,Mexico,,3,4,3,3,LA,0.020253164556962026,,,Thailand (Siam),,4,1,4,3,AS,0.03461538461538461
70-827,70,827,0.13461226740273813,0.07346756368152374,42561.21778611902,42561.21778611902,0,1,0,,,,Mexico,,3,4,3,3,LA,0.020253164556962026,,,Straits Settlements,,4,1,4,1,AS,0.08347826086956521
70-840,70,840,0.000056329178888647746,0.000028705185934119193,7.146139826968353,7.146139826968353,1,0,0,,,,Mexico,,3,4,3,3,LA,0.020253164556962026,,,Philippines,,4,1,3,3,AS,0.024
70-850,70,850,0.7549436944318372,0.6226662696695836,382789.8282155607,6030.132167263527|382789.8282155607,0,1,0,,,,Mexico,,3,4,3,3,LA,0.020253164556962026,,,Indonesia (Dutch East Indies),,4,5,4,6,AS,0.08693333333333332
70-90,70,90,1.3973978143164207,2.2908557885770535,88839.02379391383,88839.02379391383,0.2,0.8,0.6400000000000001,,,,Mexico,,3,4,3,3,LA,0.020253164556962026,,,Guatemala,,3,0,1,5,WE,0.48756756756756775
70-900,70,900,0.2232684759638527,0.13143923963100934,144128.31062739983,144128.31062739983|12842,0,1,0,,,,Mexico,,3,4,3,3,LA,0.020253164556962026,,,Australia,,2,0,2,1,AS,0.05283018867924528
70-91,70,91,0.736607652191829,0.5859168910437602,20751.496790037727,20751.496790037727|2581.5218790053173,1,0,0,,,,Mexico,,3,4,3,3,LA,0.020253164556962026,,,Honduras,,3,4,3,5,WE,0.025600000000000005
70-92,70,92,0.7285680333323983,0.5757328904754089,15493.62516040372,15493.62516040372,0,1,0,,,,Mexico,,3,4,3,3,LA,0.020253164556962026,,,El Salvador,,3,0,1,5,WE,0.061111111111111116
70-920,70,920,0.10264511855259861,0.05540647142703381,20814.91878100207,13|20814.91878100207,0,1,0,,,,Mexico,,3,4,3,3,LA,0.020253164556962026,,,New Zealand,,2,0,2,1,AS,0.05431578947368421
70-93,70,93,0.053886633117926186,0.027959819066086466,543.2058787916361,72.47530424597393|543.2058787916361,1,0,0,,,,Mexico,,3,4,3,3,LA,0.020253164556962026,,,Nicaragua,,3,0,3,5,WE,0.020645161290322584
70-94,70,94,0.8191261828695753,0.6961459981010674,18933.201211842446,96.20478792935688|18933.201211842446,0,1,0,,,,Mexico,,3,4,3,3,LA,0.020253164556962026,,,Costa Rica,,3,0,2,5,WE,0.01894736842105263
70-95,70,95,0.060705862683471556,0.031638222630018364,3107.6775572528627,3107.6775572528627,1,0,0,,,,Mexico,,3,4,3,3,LA,0.020253164556962026,,,Panama,,3,0,3,1,AS,0.021333333333333336
700-750,700,750,0.02028871814442712,0.010633007078835632,488.82915093789654,488.82915093789654,0,1,0,,,,Afghanistan,,1,6,1,3,AS,0,,,India,,4,0,2,1,AS,0.05248
700-850,700,850,0.4065734925097023,0.25875077829988524,6037,6037,0,1,0,,,,Afghanistan,,1,6,1,3,AS,0,,,Indonesia (Dutch East Indies),,4,5,4,6,AS,0.08693333333333332
710-713,710,713,1.9670547748755873,28.42614913574871,1679523.7734719058,1679523.7734719058|577741.1483978224,1,0,0,,,,People's Republic of China (China),,4,1,4,3,AS,0.0496,,,Republic of China (Taiwan) (Formosa),,4,1,4,2,ME,0.04
710-720,710,720,1.9477642702038418,19.66893525364668,20873890.227567688,20873890.227567688,1,0,0,,,,People's Republic of China (China),,4,1,4,3,AS,0.0496,,,Hong Kong,,4,1,4,8,EESU,0.09517241379310344
710-721,710,721,1.9996916487552387,52.65465474823196,534186.7220866275,534186.7220866275|324979.21478060045,1,0,0,,,,People's Republic of China (China),,4,1,4,3,AS,0.0496,,,Macao,,5,1,4,6,AS,0
710-730,710,730,1.9961649193849687,47.04884266692383,4784191.7621844625,4784191.7621844625,1,0,0,,,,People's Republic of China (China),,4,1,4,3,AS,0.0496,,,Korea (Chosen),,4,1,4,2,ME,0
710-740,710,740,1.8667122253980628,9.318026349973563,32911523.161122754,32911523.161122754|30258952.894995954,0.4,0.6,0.96,,,,People's Republic of China (China),,4,1,4,3,AS,0.0496,,,Japan,,4,1,4,3,AS,0.26739726027397276
710-750,710,750,1.4044130027731554,2.2381080369969286,9705406.527262231,2142314.3171863784|9705406.527262231,0,1,0,,,,People's Republic of China (China),,4,1,4,3,AS,0.0496,,,India,,4,0,2,1,AS,0.05248
710-752,710,752,0.08168662787203651,0.044236560852422446,311.2493068729172,311.2493068729172,0,1,0,,,,People's Republic of China (China),,4,1,4,3,AS,0.0496,,,Portuguese India,,5,9,2,6,AS,0.0911111111111111
710-780,710,780,0.06307179031047672,0.0339816911411166,17742.254202006872,17742.254202006872,0,1,0,,,,People's Republic of China (China),,4,1,4,3,AS,0.0496,,,Sri Lanka (Ceylon),,4,0,2,1,AS,0.03645569620253165
710-800,710,800,1.6081925963738493,3.8678120157102898,617683.6038738099,261505.21326404557|617683.6038738099,1,0,0,,,,People's Republic of China (China),,4,1,4,3,AS,0.0496,,,Thailand (Siam),,4,1,4,3,AS,0.03461538461538461
710-810,710,810,1.6048468582647244,3.8766159460522545,1508528.1359618676,1508528.1359618676|691915.3470473348,1,0,0,,,,People's Republic of China (China),,4,1,4,3,AS,0.0496,,,French Indochina,,4,1,4,3,AS,0.06428571428571428
710-827,710,827,1.419420966672847,2.347402188291405,2833252.595323764,2833252.595323764,1,0,0,,,,People's Republic of China (China),,4,1,4,3,AS,0.0496,,,Straits Settlements,,4,1,4,1,AS,0.08347826086956521
710-840,710,840,1.2702672253018288,1.7200301594374823,892126.80795801,892126.80795801|655386.0427077854,0,1,0,,,,People's Republic of China (China),,4,1,4,3,AS,0.0496,,,Philippines,,4,1,3,3,AS,0.024
710-850,710,850,1.358451471268313,2.0727403447595347,4561588.473159268,1498232.5360764826|4561588.473159268,1,0,0,,,,People's Republic of China (China),,4,1,4,3,AS,0.0496,,,Indonesia (Dutch East Indies),,4,5,4,6,AS,0.08693333333333332
710-900,710,900,0.20014644389165992,0.11746862681602488,273507,273507|132919.47534476678,0,1,0,,,,People's Republic of China (China),,4,1,4,3,AS,0.0496,,,Australia,,2,0,2,1,AS,0.05283018867924528
710-911,710,911,0.7711927590315589,0.6445966334907817,13661.83573746585,13661.83573746585,0,1,0,,,,People's Republic of China (China),,4,1,4,3,AS,0.0496,,,Papua (British New Guinea),,2,0,2,3,AS,0
710-920,710,920,0.06410531774096628,0.034710569439568295,36348,36348|349.35684255924707,0,1,0,,,,People's Republic of China (China),,4,1,4,3,AS,0.0496,,,New Zealand,,2,0,2,1,AS,0.05431578947368421
710-94,94,710,0.0000042076513632194334,0.0000021885900497453648,0.15442181048050863,0.15442181048050863,0,1,0,,,,Costa Rica,,3,0,2,5,WE,0.01894736842105263,,,People's Republic of China (China),,4,1,4,3,AS,0.0496
7104-713,713,7104,1.8616672150823939,12.959627768282424,105962.43563806021,105962.43563806021,0.4,0.6,0.96,,,,Republic of China (Taiwan) (Formosa),,4,1,4,2,ME,0.04,,,Kwangtung Territory,,4,1,4,1,WE,0.576
7104-740,740,7104,1.9759804539643486,22.718807017520483,11817888.709725939,11817888.709725939,1,0,0,,,,Japan,,4,1,4,3,AS,0.26739726027397276,,,Kwangtung Territory,,4,1,4,1,WE,0.576
7104-850,850,7104,1.131652758311628,1.2949820200080684,394390.29507323075,394390.29507323075,0.4,0.6,0.96,,,,Indonesia (Dutch East Indies),,4,5,4,6,AS,0.08693333333333332,,,Kwangtung Territory,,4,1,4,1,WE,0.576
7105-920,920,7105,0.058106894917386964,0.030179943346732685,7,7,1,0,0,,,,New Zealand,,2,0,2,1,AS,0.05431578947368421,,,Weihaiwei,,2,0,2,1,WE,0
713-720,713,720,1.8847472834573318,14.34413302387612,390805.96643494465,390805.96643494465,1,0,0,,,,Republic of China (Taiwan) (Formosa),,4,1,4,2,ME,0.04,,,Hong Kong,,4,1,4,8,EESU,0.09517241379310344
713-750,713,750,1.742478824175304,5.5887043113108295,444616.46646184433,444616.46646184433|2288.270459219565,0,1,0,,,,Republic of China (Taiwan) (Formosa),,4,1,4,2,ME,0.04,,,India,,4,0,2,1,AS,0.05248
713-800,713,800,1.2092729146200063,1.527816508629361,8183.678646387011,8183.678646387011|2320.170669753868,1,0,0,,,,Republic of China (Taiwan) (Formosa),,4,1,4,2,ME,0.04,,,Thailand (Siam),,4,1,4,3,AS,0.03461538461538461
713-827,713,827,0.17353164911169572,0.09591007531830309,2971.8463992403463,2971.8463992403463,1,0,0,,,,Republic of China (Taiwan) (Formosa),,4,1,4,2,ME,0.04,,,Straits Settlements,,4,1,4,1,AS,0.08347826086956521
713-840,713,840,0.7521738686523901,0.6071475684701882,8084.424783979105,8084.424783979105,0,1,0,,,,Republic of China (Taiwan) (Formosa),,4,1,4,2,ME,0.04,,,Philippines,,4,1,3,3,AS,0.024
713-850,713,850,1.8660065769061047,12.404457143118853,407874.47789285245,407874.47789285245,1,0,0,,,,Republic of China (Taiwan) (Formosa),,4,1,4,2,ME,0.04,,,Indonesia (Dutch East Indies),,4,5,4,6,AS,0.08693333333333332
713-900,713,900,0.11741628652709635,0.06480115306011025,3800.5872854127624,3800.5872854127624,0,1,0,,,,Republic of China (Taiwan) (Formosa),,4,1,4,2,ME,0.04,,,Australia,,2,0,2,1,AS,0.05283018867924528
720-740,720,740,1.574419710206512,3.3447586323673217,5797578.44130125,5797578.44130125,0.4,0.6,0.96,,,,Hong Kong,,4,1,4,8,EESU,0.09517241379310344,,,Japan,,4,1,4,3,AS,0.26739726027397276
720-750,720,750,1.048316601490944,1.0965626056144238,2192728.554395653,2192728.554395653,0,1,0,,,,Hong Kong,,4,1,4,8,EESU,0.09517241379310344,,,India,,4,0,2,1,AS,0.05248
720-780,720,780,0.16319853798117268,0.08991952332784803,21648.936220704232,21648.936220704232,0,1,0,,,,Hong Kong,,4,1,4,8,EESU,0.09517241379310344,,,Sri Lanka (Ceylon),,4,0,2,1,AS,0.03645569620253165
720-800,720,800,1.9427379758179635,25.148262157882233,3385808.398622555,3385808.398622555,1,0,0,,,,Hong Kong,,4,1,4,8,EESU,0.09517241379310344,,,Thailand (Siam),,4,1,4,3,AS,0.03461538461538461
720-810,720,810,1.9688874041465492,37.71849678049928,6768209.123379717,6768209.123379717,1,0,0,,,,Hong Kong,,4,1,4,8,EESU,0.09517241379310344,,,French Indochina,,4,1,4,3,AS,0.06428571428571428
720-840,720,840,0.8997718108452664,0.8198885117590763,238948.97011441347,238948.97011441347,0,1,0,,,,Hong Kong,,4,1,4,8,EESU,0.09517241379310344,,,Philippines,,4,1,3,3,AS,0.024
720-850,720,850,1.598558547184568,3.6899365071800427,3744629.471320414,3744629.471320414,1,0,0,,,,Hong Kong,,4,1,4,8,EESU,0.09517241379310344,,,Indonesia (Dutch East Indies),,4,5,4,6,AS,0.08693333333333332
720-900,720,900,0.4707950816973283,0.3139877950699086,337115,337115,0,1,0,,,,Hong Kong,,4,1,4,8,EESU,0.09517241379310344,,,Australia,,2,0,2,1,AS,0.05283018867924528
720-920,720,920,0.050577376491677595,0.026393823183604836,12745,12745,0,1,0,,,,Hong Kong,,4,1,4,8,EESU,0.09517241379310344,,,New Zealand,,2,0,2,1,AS,0.05431578947368421
720-950,720,950,0.5628496701214781,0.3937861027066505,5597,5597,0,1,0,,,,Hong Kong,,4,1,4,8,EESU,0.09517241379310344,,,Fiji,,2,8,2,3,LA,0.0672
721-752,721,752,1.8274774173722996,10.584514418109059,121,121|3,0,1,0,,,,Macao,,5,1,4,6,AS,0,,,Portuguese India,,5,9,2,6,AS,0.0911111111111111
721-840,721,840,0.008934561697166998,0.004511743938833579,13,13,0,1,0,,,,Macao,,5,1,4,6,AS,0,,,Philippines,,4,1,3,3,AS,0.024
721-860,721,860,1.4154118505621232,2.4210577818612005,7,7|4,0,1,0,,,,Macao,,5,1,4,6,AS,0,,,East Timor (Portuguese Timor),,5,5,1,6,AS,0.12695652173913044
730-750,730,750,1.0887016936042566,1.186093182771551,227251.80410821643,227251.80410821643,0,1,0,,,,Korea (Chosen),,4,1,4,2,ME,0,,,India,,4,0,2,1,AS,0.05248
730-840,730,840,0.4306999467049538,0.27567958809660875,7698.250920568123,7698.250920568123,0,1,0,,,,Korea (Chosen),,4,1,4,2,ME,0,,,Philippines,,4,1,3,3,AS,0.024
730-850,730,850,0.000290242242441785,0.00014799541185306353,14.390480615870509,14.390480615870509,1,0,0,,,,Korea (Chosen),,4,1,4,2,ME,0,,,Indonesia (Dutch East Indies),,4,5,4,6,AS,0.08693333333333332
730-900,730,900,0.036622893376620835,0.019033133248629874,1958,1958,0,1,0,,,,Korea (Chosen),,4,1,4,2,ME,0,,,Australia,,2,0,2,1,AS,0.05283018867924528
740-750,740,750,1.6465259436650725,3.9314623576457866,24055421.927523077,18803655.052327197|24055421.927523077,0,1,0,,,,Japan,,4,1,4,3,AS,0.26739726027397276,,,India,,4,0,2,1,AS,0.05248
740-780,740,780,0.3246569949233392,0.205380458419548,151303.5438975441,151303.5438975441,0,1,0,,,,Japan,,4,1,4,3,AS,0.26739726027397276,,,Sri Lanka (Ceylon),,4,0,2,1,AS,0.03645569620253165
740-800,740,800,1.6208409767029743,3.870348437042887,1463897.9104712014,1463897.9104712014|1009508.7458668008,0.4,0.6,0.96,,,,Japan,,4,1,4,3,AS,0.26739726027397276,,,Thailand (Siam),,4,1,4,3,AS,0.03461538461538461
740-810,740,810,1.377665154475987,2.2038206996625904,1210049.3069212842,1210049.3069212842|255866.27199388962,0.4,0.6,0.96,,,,Japan,,4,1,4,3,AS,0.26739726027397276,,,French Indochina,,4,1,4,3,AS,0.06428571428571428
740-827,740,827,1.1543953221385646,1.345045612037479,2651515.1184583856,2651515.1184583856,0.4,0.6,0.96,,,,Japan,,4,1,4,3,AS,0.26739726027397276,,,Straits Settlements,,4,1,4,1,AS,0.08347826086956521
740-840,740,840,1.5783122698746195,3.4290126772021035,2904817.980677197,1465006.4932930036|2904817.980677197,0.6,0.4,0.96,,,,Japan,,4,1,4,3,AS,0.26739726027397276,,,Philippines,,4,1,3,3,AS,0.024
740-850,740,850,1.6319256039783312,3.9541516955303013,8271743.579765355,3962870.6930452115|8271743.579765355,0.4,0.6,0.96,,,,Japan,,4,1,4,3,AS,0.26739726027397276,,,Indonesia (Dutch East Indies),,4,5,4,6,AS,0.08693333333333332
740-90,90,740,0.006443846800393227,0.0034343451476854803,467.7187358730941,467.7187358730941,0.2,0.8,0.6400000000000001,,,,Guatemala,,3,0,1,5,WE,0.48756756756756775,,,Japan,,4,1,4,3,AS,0.26739726027397276
740-900,740,900,1.3387385094442341,1.9952630885236562,6555003,4184529.105057768|6555003,0,1,0,,,,Japan,,4,1,4,3,AS,0.26739726027397276,,,Australia,,2,0,2,1,AS,0.05283018867924528
740-92,92,740,0.005370500018255231,0.0028599980268739778,263.12846258998866,263.12846258998866,0,1,0,,,,El Salvador,,3,0,1,5,WE,0.061111111111111116,,,Japan,,4,1,4,3,AS,0.26739726027397276
740-920,740,920,0.4535065421737182,0.304052931143987,428577,388688.87478403863|428577,0,1,0,,,,Japan,,4,1,4,3,AS,0.26739726027397276,,,New Zealand,,2,0,2,1,AS,0.05431578947368421
740-94,94,740,0.000007786954846378258,0.000004136251905206834,0.41179149461468967,0.41179149461468967,0,1,0,,,,Costa Rica,,3,0,2,5,WE,0.01894736842105263,,,Japan,,4,1,4,3,AS,0.26739726027397276
740-950,740,950,0.3271385652328458,0.2065240877508807,8982,8982,0,1,0,,,,Japan,,4,1,4,3,AS,0.26739726027397276,,,Fiji,,2,8,2,3,LA,0.0672
750-752,750,752,1.9938335295831346,34.229287423785955,336275.9131167331,336275.9131167331,1,0,0,,,,India,,4,0,2,1,AS,0.05248,,,Portuguese India,,5,9,2,6,AS,0.0911111111111111
750-780,750,780,1.933402166013038,14.129726865346349,9531937.559671406,760100.4785750735|9531937.559671406,1,0,0,,,,India,,4,0,2,1,AS,0.05248,,,Sri Lanka (Ceylon),,4,0,2,1,AS,0.03645569620253165
750-781,750,781,1.9140321941987772,12.55685323385719,15248.010355288981,15248.010355288981,1,0,0,,,,India,,4,0,2,1,AS,0.05248,,,Maldive Islands,,4,0,2,1,AS,0
750-800,750,800,1.6039503290980284,3.6423472758693056,1096001.0287552546,108717.41633230016|1096001.0287552546,0,1,0,,,,India,,4,0,2,1,AS,0.05248,,,Thailand (Siam),,4,1,4,3,AS,0.03461538461538461
750-810,750,810,1.4827797589791571,2.684607214091101,1199909.6156226918,153272.91221002932|1199909.6156226918,0,1,0,,,,India,,4,0,2,1,AS,0.05248,,,French Indochina,,4,1,4,3,AS,0.06428571428571428
750-821,750,821,1.788123279312607,6.6230682624945425,1026019.2127428225,1026019.2127428225,1,0,0,,,,India,,4,0,2,1,AS,0.05248,,,Federated Malay States,,2,0,2,3,LA,0
750-827,750,827,1.4741295882362146,2.5915087545608912,5893582.48744357,5893582.48744357,0,1,0,,,,India,,4,0,2,1,AS,0.05248,,,Straits Settlements,,4,1,4,1,AS,0.08347826086956521
750-840,750,840,0.6474716170324051,0.4917043609447397,480533.2945617997,480533.2945617997,0,1,0,,,,India,,4,0,2,1,AS,0.05248,,,Philippines,,4,1,3,3,AS,0.024
750-850,750,850,1.619725803283123,3.8601236993110732,11861600.391208304,11861600.391208304|4624381.097385552,0,1,0,,,,India,,4,0,2,1,AS,0.05248,,,Indonesia (Dutch East Indies),,4,5,4,6,AS,0.08693333333333332
750-90,90,750,0.0684187102968763,0.0367633936051146,5596.672566602069,5596.672566602069,0,1,0,,,,Guatemala,,3,0,1,5,WE,0.48756756756756775,,,India,,4,0,2,1,AS,0.05248
750-900,750,900,1.249936692875389,1.6771502171952974,5452421,5452421|4309103.06894535,1,0,0,,,,India,,4,0,2,1,AS,0.05248,,,Australia,,2,0,2,1,AS,0.05283018867924528
750-911,750,911,1.7229411127503877,5.226639118824638,75776.04801932466,75776.04801932466,1,0,0,,,,India,,4,0,2,1,AS,0.05248,,,Papua (British New Guinea),,2,0,2,3,AS,0
750-92,92,750,0.16766128391793933,0.0947207314573324,10006.572027549057,10006.572027549057,0,1,0,,,,El Salvador,,3,0,1,5,WE,0.061111111111111116,,,India,,4,0,2,1,AS,0.05248
750-920,750,920,0.549280131106169,0.39247755184096367,578811.735583884,386421|578811.735583884,1,0,0,,,,India,,4,0,2,1,AS,0.05248,,,New Zealand,,2,0,2,1,AS,0.05431578947368421
750-93,93,750,0.2883093524751269,0.1737972274818559,13255.045631783905,13255.045631783905,0,1,0,,,,Nicaragua,,3,0,3,5,WE,0.020645161290322584,,,India,,4,0,2,1,AS,0.05248
750-94,94,750,0.08248871391806034,0.04461700185946271,4763.568134433243,4763.568134433243,1,0,0,,,,Costa Rica,,3,0,2,5,WE,0.01894736842105263,,,India,,4,0,2,1,AS,0.05248
750-95,95,750,0.006843036684360704,0.0035685047715094953,1376,1376,0,1,0,,,,Panama,,3,0,3,1,AS,0.021333333333333336,,,India,,4,0,2,1,AS,0.05248
750-950,750,950,1.1060821853398508,1.2270184402872046,54629.80738574476,54629.80738574476,1,0,0,,,,India,,4,0,2,1,AS,0.05248,,,Fiji,,2,8,2,3,LA,0.0672
750-96,96,750,0.42387462541995735,0.27628895438119194,3666,3666,1,0,0,,,,Panama Canal Zone,,2,0,2,1,AS,0,,,India,,4,0,2,1,AS,0.05248
751-840,751,840,0.5459787404736561,0.3767645364521539,1193,1193,0,1,0,,,,French India,,1,0,1,3,AS,0,,,Philippines,,4,1,3,3,AS,0.024
752-7531,752,7531,,16953.57823687975,32624.14591153468,32624.14591153468,1,0,0,,,,Portuguese India,,5,9,2,6,AS,0.0911111111111111,,,Kathiawar,,5,9,2,1,AS,0
752-840,752,840,0.22621146309127604,0.12813389770825923,150,150,0,1,0,,,,Portuguese India,,5,9,2,6,AS,0.0911111111111111,,,Philippines,,4,1,3,3,AS,0.024
752-860,752,860,1.813334234003154,9.71006436319937,48,2|48,0,1,0,,,,Portuguese India,,5,9,2,6,AS,0.0911111111111111,,,East Timor (Portuguese Timor),,5,5,1,6,AS,0.12695652173913044
780-781,780,781,1.9926474210700698,124.17590408666818,18155.190707580306,18155.190707580306,1,0,0,,,,Sri Lanka (Ceylon),,4,0,2,1,AS,0.03645569620253165,,,Maldive Islands,,4,0,2,1,AS,0
780-800,780,800,1.407997269121693,2.371216608868245,107701.46449207686,107701.46449207686|6371.0310218090135,0,1,0,,,,Sri Lanka (Ceylon),,4,0,2,1,AS,0.03645569620253165,,,Thailand (Siam),,4,1,4,3,AS,0.03461538461538461
780-810,780,810,1.6605037852294047,4.797322717597143,290411.8336611082,290411.8336611082,0,1,0,,,,Sri Lanka (Ceylon),,4,0,2,1,AS,0.03645569620253165,,,French Indochina,,4,1,4,3,AS,0.06428571428571428
780-8151,780,8151,1.8549716359108495,12.162553489092016,461.46903222595387,461.46903222595387,1,0,0,,,,Sri Lanka (Ceylon),,4,0,2,1,AS,0.03645569620253165,,,Cochin China,,5,5,2,3,AS,0
780-840,780,840,1.0129334624118547,1.031438236670308,121365.08811297873,121365.08811297873,0,1,0,,,,Sri Lanka (Ceylon),,4,0,2,1,AS,0.03645569620253165,,,Philippines,,4,1,3,3,AS,0.024
780-850,780,850,0.07739207193436715,0.041615036401695726,12091.905108231509,12091.905108231509,0,1,0,,,,Sri Lanka (Ceylon),,4,0,2,1,AS,0.03645569620253165,,,Indonesia (Dutch East Indies),,4,5,4,6,AS,0.08693333333333332
780-900,780,900,1.5376077844202065,3.2174174042542067,1667520.0626153245,1667520.0626153245|905691,1,0,0,,,,Sri Lanka (Ceylon),,4,0,2,1,AS,0.03645569620253165,,,Australia,,2,0,2,1,AS,0.05283018867924528
780-911,780,911,0.24893467700155636,0.14273083194113834,249.14854696270402,249.14854696270402,1,0,0,,,,Sri Lanka (Ceylon),,4,0,2,1,AS,0.03645569620253165,,,Papua (British New Guinea),,2,0,2,3,AS,0
780-920,780,920,1.573512464439327,3.6172860399253675,642297.8717502934,642297.8717502934|7055,1,0,0,,,,Sri Lanka (Ceylon),,4,0,2,1,AS,0.03645569620253165,,,New Zealand,,2,0,2,1,AS,0.05431578947368421
780-930,780,930,0.002616167122014179,0.0013155879605970533,1.118260982776948,1.118260982776948,1,0,0,,,,Sri Lanka (Ceylon),,4,0,2,1,AS,0.03645569620253165,,,New Caledonia,,2,0,2,5,AF,0
780-950,780,950,0.0012448394463770995,0.000625827614940011,3.3547829483308442,3.3547829483308442,1,0,0,,,,Sri Lanka (Ceylon),,4,0,2,1,AS,0.03645569620253165,,,Fiji,,2,8,2,3,LA,0.0672
80-90,80,90,1.9532179333466644,40.072706433775515,47144.37184071014,16178.851765092671|47144.37184071014,0.2,0.8,0.6400000000000001,,,,Belize (British Honduras),,3,0,3,5,AF,0.03555555555555556,,,Guatemala,,3,0,1,5,WE,0.48756756756756775
80-900,80,900,0.005373323054623791,0.0027484100360172237,78,78,0,1,0,,,,Belize (British Honduras),,3,0,3,5,AF,0.03555555555555556,,,Australia,,2,0,2,1,AS,0.05283018867924528
80-91,80,91,1.835694144075973,11.097598887891172,5933.413289546154,5862.614556363786|5933.413289546154,1,0,0,,,,Belize (British Honduras),,3,0,3,5,AF,0.03555555555555556,,,Honduras,,3,4,3,5,WE,0.025600000000000005
80-93,80,93,0.9471269485008755,0.8997406174733498,453.7942345401322,453.7942345401322,1,0,0,,,,Belize (British Honduras),,3,0,3,5,AF,0.03555555555555556,,,Nicaragua,,3,0,3,5,WE,0.020645161290322584
800-810,800,810,1.5551600778714971,3.469445792137373,104407.29533545637,104407.29533545637|88736.94917422751,1,0,0,,,,Thailand (Siam),,4,1,4,3,AS,0.03461538461538461,,,French Indochina,,4,1,4,3,AS,0.06428571428571428
800-811,800,811,,408.55710656046426,4163.803344443264,4163.803344443264,1,0,0,,,,Thailand (Siam),,4,1,4,3,AS,0.03461538461538461,,,Cambodia (Kampuchea),,4,1,4,3,AS,0
800-827,800,827,1.981765496036985,49.424617632419526,7567857.793281157,7567857.793281157,1,0,0,,,,Thailand (Siam),,4,1,4,3,AS,0.03461538461538461,,,Straits Settlements,,4,1,4,1,AS,0.08347826086956521
800-840,800,840,0.8114211592342464,0.6857969099746054,30076.275644397687,378.84507738378807|30076.275644397687,0,1,0,,,,Thailand (Siam),,4,1,4,3,AS,0.03461538461538461,,,Philippines,,4,1,3,3,AS,0.024
800-850,800,850,1.7227067096193454,5.927029291965104,963060.0308581046,963060.0308581046|524869.3122026363,1,0,0,,,,Thailand (Siam),,4,1,4,3,AS,0.03461538461538461,,,Indonesia (Dutch East Indies),,4,5,4,6,AS,0.08693333333333332
800-900,800,900,0.6959048324881851,0.5401959864554162,87276,4766.076947571833|87276,0,1,0,,,,Thailand (Siam),,4,1,4,3,AS,0.03461538461538461,,,Australia,,2,0,2,1,AS,0.05283018867924528
800-920,800,920,0.007230875259260694,0.0036744771747296845,334.63729421503456,334.63729421503456|267,0,1,0,,,,Thailand (Siam),,4,1,4,3,AS,0.03461538461538461,,,New Zealand,,2,0,2,1,AS,0.05431578947368421
810-827,810,827,1.8491204189535875,10.712392101680583,2186155.7478377866,2186155.7478377866,1,0,0,,,,French Indochina,,4,1,4,3,AS,0.06428571428571428,,,Straits Settlements,,4,1,4,1,AS,0.08347826086956521
810-840,810,840,1.7939564085722668,8.278791430413216,726029.5841527705,726029.5841527705|6639,0,1,0,,,,French Indochina,,4,1,4,3,AS,0.06428571428571428,,,Philippines,,4,1,3,3,AS,0.024
810-850,810,850,1.8266904673473563,9.49884299324403,2057083.821766183,2057083.821766183|281268.49355523713,1,0,0,,,,French Indochina,,4,1,4,3,AS,0.06428571428571428,,,Indonesia (Dutch East Indies),,4,5,4,6,AS,0.08693333333333332
810-900,810,900,0.1966329198133251,0.11153259923492398,26766,26766,0,1,0,,,,French Indochina,,4,1,4,3,AS,0.06428571428571428,,,Australia,,2,0,2,1,AS,0.05283018867924528
810-920,810,920,0.00020096017963888713,0.00010191516408231127,11,11,0,1,0,,,,French Indochina,,4,1,4,3,AS,0.06428571428571428,,,New Zealand,,2,0,2,1,AS,0.05431578947368421
8151-840,840,8151,1.9237579711763064,22.36067182550345,1027,1027,0,1,0,,,,Philippines,,4,1,3,3,AS,0.024,,,Cochin China,,5,5,2,3,AS,0
823-920,823,920,0.4342319256838759,0.2791012774500994,173,173,1,0,0,,,,Sabah (North Borneo),,2,0,2,1,WE,0,,,New Zealand,,2,0,2,1,AS,0.05431578947368421
827-850,827,850,1.9619884426289018,23.25658554087356,26841770.367494687,26841770.367494687,1,0,0,,,,Straits Settlements,,4,1,4,1,AS,0.08347826086956521,,,Indonesia (Dutch East Indies),,4,5,4,6,AS,0.08693333333333332
827-900,827,900,0.009761604166461102,0.005052557811526803,6169.52668415631,6169.52668415631,0,1,0,,,,Straits Settlements,,4,1,4,1,AS,0.08347826086956521,,,Australia,,2,0,2,1,AS,0.05283018867924528
827-920,827,920,0.09068600608522448,0.04835594528539566,26556,26556,0,1,0,,,,Straits Settlements,,4,1,4,1,AS,0.08347826086956521,,,New Zealand,,2,0,2,1,AS,0.05431578947368421
840-850,840,850,1.0969755257034135,1.215319247648269,602765.4030756432,602765.4030756432|65526.16221725408,0,1,0,,,,Philippines,,4,1,3,3,AS,0.024,,,Indonesia (Dutch East Indies),,4,5,4,6,AS,0.08693333333333332
840-860,840,860,0.058705334347148974,0.030397427660350917,9,9,0,1,0,,,,Philippines,,4,1,3,3,AS,0.024,,,East Timor (Portuguese Timor),,5,5,1,6,AS,0.12695652173913044
840-900,840,900,0.8479719050729331,0.7446731470157342,390750,116202.10168990005|390750,0,1,0,,,,Philippines,,4,1,3,3,AS,0.024,,,Australia,,2,0,2,1,AS,0.05283018867924528
840-920,840,920,0.2069438593892079,0.11766505614454781,25291.17076538664,25291.17076538664|19342,0,1,0,,,,Philippines,,4,1,3,3,AS,0.024,,,New Zealand,,2,0,2,1,AS,0.05431578947368421
840-95,95,840,0.1524291533026153,0.08303370497618578,4666.437894529196,4666.437894529196,1,0,0,,,,Panama,,3,0,3,1,AS,0.021333333333333336,,,Philippines,,4,1,3,3,AS,0.024
840-985,840,985,1.9999967151269606,188.67865003324792,38392.41682009469,38392.41682009469,1,0,0,,,,Philippines,,4,1,3,3,AS,0.024,,,Guam,,4,1,3,3,NAM,0
850-860,850,860,1.9719447317932515,30.84746135081471,31802.75184104737,31802.75184104737|30446,0,1,0,,,,Indonesia (Dutch East Indies),,4,5,4,6,AS,0.08693333333333332,,,East Timor (Portuguese Timor),,5,5,1,6,AS,0.12695652173913044
850-900,850,900,1.2421466611389897,1.638196239004716,3068263.413984061,3068263.413984061|2122722,0,1,0,,,,Indonesia (Dutch East Indies),,4,5,4,6,AS,0.08693333333333332,,,Australia,,2,0,2,1,AS,0.05283018867924528
850-920,850,920,0.0614683983456531,0.03293048917139396,19191,19191,0,1,0,,,,Indonesia (Dutch East Indies),,4,5,4,6,AS,0.08693333333333332,,,New Zealand,,2,0,2,1,AS,0.05431578947368421
860-900,860,900,0.8900149910638039,0.8049592438950399,878,878,0,1,0,,,,East Timor (Portuguese Timor),,5,5,1,6,AS,0.12695652173913044,,,Australia,,2,0,2,1,AS,0.05283018867924528
90-91,90,91,1.8717909825411436,14.327993111520115,47946.15824123785,47946.15824123785|10224.144166358443,0.2,0.8,0.6400000000000001,,,,Guatemala,,3,0,1,5,WE,0.48756756756756775,,,Honduras,,3,4,3,5,WE,0.025600000000000005
90-92,90,92,1.772714307559554,7.737160492930387,18192.98072576337,18192.98072576337,0.8,0.19999999999999996,0.6399999999999999,,,,Guatemala,,3,0,1,5,WE,0.48756756756756775,,,El Salvador,,3,0,1,5,WE,0.061111111111111116
90-920,90,920,0.0003768533418636588,0.00019041345723980196,7,7,0,1,0,,,,Guatemala,,3,0,1,5,WE,0.48756756756756775,,,New Zealand,,2,0,2,1,AS,0.05431578947368421
90-93,90,93,1.9207896108695257,23.715413842183747,34449.85931966938,34449.85931966938|88.97382155919944,0.2,0.8,0.6400000000000001,,,,Guatemala,,3,0,1,5,WE,0.48756756756756775,,,Nicaragua,,3,0,3,5,WE,0.020645161290322584
90-94,90,94,1.6937111527304898,5.501364579707631,13073.27497636954,1118.9404387417655|13073.27497636954,0,1,0,,,,Guatemala,,3,0,1,5,WE,0.48756756756756775,,,Costa Rica,,3,0,2,5,WE,0.01894736842105263
90-95,90,95,0.019206820097987132,0.009720447489377948,83.4258003534295,83.4258003534295,0.2,0.8,0.6400000000000001,,,,Guatemala,,3,0,1,5,WE,0.48756756756756775,,,Panama,,3,0,3,1,AS,0.021333333333333336
900-9002,900,9002,1.4302336602453238,2.4383320028538846,180,180,1,0,0,,,,Australia,,2,0,2,1,AS,0.05283018867924528,,,Cocos (Keeling) Is.,,2,0,2,1,WE,0
900-9004,900,9004,1.9758451362242926,31.737587836947885,30226,30226,1,0,0,,,,Australia,,2,0,2,1,AS,0.05283018867924528,,,Norfolk I.,,2,0,2,1,AS,0
900-911,900,911,1.9482276520556707,21.927537409964863,382969.9653759784,382969.9653759784|170692,1,0,0,,,,Australia,,2,0,2,1,AS,0.05283018867924528,,,Papua (British New Guinea),,2,0,2,3,AS,0
900-912,900,912,1.9998734071052051,51.069172073497406,390639,390639,1,0,0,,,,Australia,,2,0,2,1,AS,0.05283018867924528,,,New Guinea (German New Guinea) (Kaiser Wilhelmsland),,2,0,2,8,WE,0
900-920,900,920,1.687219652105269,4.892919610307783,3874400,2338410|3874400,1,0,0,,,,Australia,,2,0,2,1,AS,0.05283018867924528,,,New Zealand,,2,0,2,1,AS,0.05431578947368421
900-930,900,930,1.994434860336773,44.92633288222654,170297,170297,1,0,0,,,,Australia,,2,0,2,1,AS,0.05283018867924528,,,New Caledonia,,2,0,2,5,AF,0
900-935,900,935,1.8995628956500772,14.006616250381558,85639,85639,0.1,0.9,0.36000000000000004,,,,Australia,,2,0,2,1,AS,0.05283018867924528,,,Vanuatu (New Hebrides),,3,0,3,3,LA,0.252
900-94,94,900,0.003343257969497082,0.001709543705742056,98,98,1,0,0,,,,Costa Rica,,3,0,2,5,WE,0.01894736842105263,,,Australia,,2,0,2,1,AS,0.05283018867924528
900-940,900,940,1.9982079952135114,53.46274649526349,300533,300533|175282,1,0,0,,,,Australia,,2,0,2,1,AS,0.05283018867924528,,,Solomon Islands (British Solomon Islands Protectorate),,2,0,2,1,AS,0
900-945,900,945,1.9027867287774844,14.358238968658993,90085,90085,0.6,0.4,0.96,,,,Australia,,2,0,2,1,AS,0.05283018867924528,,,Gilbert and Ellice Is.,,2,0,3,3,LA,0.7866666666666666
900-95,95,900,0.20411853852802364,0.11583488639457906,23982,23982,0,1,0,,,,Panama,,3,0,3,1,AS,0.021333333333333336,,,Australia,,2,0,2,1,AS,0.05283018867924528
900-950,900,950,1.9354281132283253,19.106007431823553,456733,25803|456733,1,0,0,,,,Australia,,2,0,2,1,AS,0.05283018867924528,,,Fiji,,2,8,2,3,LA,0.0672
900-955,900,955,1.919451825561576,16.48159534256871,30376,643|30376,1,0,0,,,,Australia,,2,0,2,1,AS,0.05283018867924528,,,Tonga (Haʻapai),,2,7,2,1,AS,0
900-960,900,960,0.6673518263756122,0.5057420271567437,10660,10660,0,1,0,,,,Australia,,2,0,2,1,AS,0.05283018867924528,,,French Polynesia,,0,0,0,5,AF,0
900-970,900,970,1.9823011592124453,35.36326317264526,67612,67612,1,0,0,,,,Australia,,2,0,2,1,AS,0.05283018867924528,,,Nauru,,2,0,2,8,WE,0
900-990,900,990,1.9083538215646667,15.010224637659036,46256,108|46256,1,0,0,,,,Australia,,2,0,2,1,AS,0.05283018867924528,,,Samoa (Western Samoa) (German Samoa),,2,7,2,1,WE,0
900-991,900,991,1.9880333593014343,39.336750785705796,13684,13684,1,0,0,,,,Australia,,2,0,2,1,AS,0.05283018867924528,,,American Samoa,,2,0,2,1,AS,0
9004-920,920,9004,1.9715697904582463,43.33336167465237,18561,18561,1,0,0,,,,New Zealand,,2,0,2,1,AS,0.05431578947368421,,,Norfolk I.,,2,0,2,1,AS,0
9004-950,950,9004,0.5678675641103041,0.3965825768560961,5,5,1,0,0,,,,Fiji,,2,8,2,3,LA,0.0672,,,Norfolk I.,,2,0,2,1,AS,0
91-92,91,92,1.944843419244771,33.83485565995951,78570.36232518157,78570.36232518157,0,1,0,,,,Honduras,,3,4,3,5,WE,0.025600000000000005,,,El Salvador,,3,0,1,5,WE,0.061111111111111116
91-93,91,93,1.9414376966804454,32.19980308551952,42718.63266773277,42718.63266773277|16845.157072779028,1,0,0,,,,Honduras,,3,4,3,5,WE,0.025600000000000005,,,Nicaragua,,3,0,3,5,WE,0.020645161290322584
91-94,91,94,0.7845369662087887,0.6462537639221129,1461.962753755802,1461.962753755802|2.0589582700632616,0,1,0,,,,Honduras,,3,4,3,5,WE,0.025600000000000005,,,Costa Rica,,3,0,2,5,WE,0.01894736842105263
91-95,91,95,0.012043111487524572,0.006072971682961614,51.47395675158154,51.47395675158154,1,0,0,,,,Honduras,,3,4,3,5,WE,0.025600000000000005,,,Panama,,3,0,3,1,AS,0.021333333333333336
911-920,911,920,1.552179540475735,3.3927181924050847,11878,11878,1,0,0,,,,Papua (British New Guinea),,2,0,2,3,AS,0,,,New Zealand,,2,0,2,1,AS,0.05431578947368421
92-93,92,93,1.9529672938773217,40.24177979088707,40565.78669842622,40565.78669842622,0,1,0,,,,El Salvador,,3,0,1,5,WE,0.061111111111111116,,,Nicaragua,,3,0,3,5,WE,0.020645161290322584
92-94,92,94,1.291914947636648,1.823937307140725,3135.17454424894,3135.17454424894,0,1,0,,,,El Salvador,,3,0,1,5,WE,0.061111111111111116,,,Costa Rica,,3,0,2,5,WE,0.01894736842105263
92-95,92,95,0.1945081221995535,0.10794539333200226,625.863324986439,625.863324986439,0,1,0,,,,El Salvador,,3,0,1,5,WE,0.061111111111111116,,,Panama,,3,0,3,1,AS,0.021333333333333336
920-930,920,930,1.764214389156634,7.078171141197582,12067,12067,1,0,0,,,,New Zealand,,2,0,2,1,AS,0.05431578947368421,,,New Caledonia,,2,0,2,5,AF,0
920-935,920,935,0.09938106330598284,0.05272995709986761,145,145,0.1,0.9,0.36000000000000004,,,,New Zealand,,2,0,2,1,AS,0.05431578947368421,,,Vanuatu (New Hebrides),,3,0,3,3,LA,0.252
920-940,920,940,1.668651336294401,4.863316402049905,7821,7821,1,0,0,,,,New Zealand,,2,0,2,1,AS,0.05431578947368421,,,Solomon Islands (British Solomon Islands Protectorate),,2,0,2,1,AS,0
920-945,920,945,1.6769442485547101,5.005701219171996,14125,14125,0.6,0.4,0.96,,,,New Zealand,,2,0,2,1,AS,0.05431578947368421,,,Gilbert and Ellice Is.,,2,0,3,3,LA,0.7866666666666666
920-950,920,950,1.9031142130327132,17.617507779468696,184676,135652|184676,1,0,0,,,,New Zealand,,2,0,2,1,AS,0.05431578947368421,,,Fiji,,2,8,2,3,LA,0.0672
920-955,920,955,1.9892412053503694,70.69466499806144,58599,2339|58599,1,0,0,,,,New Zealand,,2,0,2,1,AS,0.05431578947368421,,,Tonga (Haʻapai),,2,7,2,1,AS,0
920-96,96,920,1.8721529186792525,13.069234692054572,41876,41876,1,0,0,,,,Panama Canal Zone,,2,0,2,1,AS,0,,,New Zealand,,2,0,2,1,AS,0.05431578947368421
920-960,920,960,1.7546631098174679,6.779238031705007,64266,64266,0,1,0,,,,New Zealand,,2,0,2,1,AS,0.05431578947368421,,,French Polynesia,,0,0,0,5,AF,0
920-9620,920,9620,1.0737798171849802,1.1576944026281355,91,91,0,1,0,,,,New Zealand,,2,0,2,1,AS,0.05431578947368421,,,Pitcairn Is.,,3,4,3,3,LA,0
920-970,920,970,1.8580782442472747,11.834050592530916,10176,10176,1,0,0,,,,New Zealand,,2,0,2,1,AS,0.05431578947368421,,,Nauru,,2,0,2,8,WE,0
920-990,920,990,1.9756192336540943,47.56171442625727,65919,26765|65919,1,0,0,,,,New Zealand,,2,0,2,1,AS,0.05431578947368421,,,Samoa (Western Samoa) (German Samoa),,2,7,2,1,WE,0
920-991,920,991,1.9413687655768928,25.82866992854598,4041,4041,1,0,0,,,,New Zealand,,2,0,2,1,AS,0.05431578947368421,,,American Samoa,,2,0,2,1,AS,0
93-94,93,94,1.7274487628853814,6.314508832568469,6433.006834832981,1670.329250030835|6433.006834832981,0,1,0,,,,Nicaragua,,3,0,3,5,WE,0.020645161290322584,,,Costa Rica,,3,0,2,5,WE,0.01894736842105263
93-95,93,95,1.7645329340341052,7.396821023439818,27215.712118867403,27215.712118867403,1,0,0,,,,Nicaragua,,3,0,3,5,WE,0.020645161290322584,,,Panama,,3,0,3,1,AS,0.021333333333333336
9321-950,950,9321,,3870.0114179925285,387,387,1,0,0,,,,Fiji,,2,8,2,3,LA,0.0672,,,Wallis and Futuna Is.,,2,8,2,1,AS,0
94-95,94,95,1.7828061457129185,8.076842170666053,50674.011258972445,50674.011258972445,0,1,0,,,,Costa Rica,,3,0,2,5,WE,0.01894736842105263,,,Panama,,3,0,3,1,AS,0.021333333333333336
940-950,940,950,1.2900646222935293,1.8168175051305344,86,86,1,0,0,,,,Solomon Islands (British Solomon Islands Protectorate),,2,0,2,1,AS,0,,,Fiji,,2,8,2,3,LA,0.0672
945-950,945,950,1.7807165171065946,8.102781851102002,673,673,0.6,0.4,0.96,,,,Gilbert and Ellice Is.,,2,0,3,3,LA,0.7866666666666666,,,Fiji,,2,8,2,3,LA,0.0672
950-955,950,955,1.9916194046446776,223.25254912843727,5447,163|5447,1,0,0,,,,Fiji,,2,8,2,3,LA,0.0672,,,Tonga (Haʻapai),,2,7,2,1,AS,0
950-990,950,990,1.987631279245608,153.76758485158717,6273,6273,1,0,0,,,,Fiji,,2,8,2,3,LA,0.0672,,,Samoa (Western Samoa) (German Samoa),,2,7,2,1,WE,0
950-991,950,991,1.909805689380765,21.063354704594055,97,97,1,0,0,,,,Fiji,,2,8,2,3,LA,0.0672,,,American Samoa,,2,0,2,1,AS,0
955-990,955,990,1.9999273644924487,16189.098369713734,2200,2200,1,0,0,,,,Tonga (Haʻapai),,2,7,2,1,AS,0,,,Samoa (Western Samoa) (German Samoa),,2,7,2,1,WE,0
