"target","source","key","proximity","observedTradeValues","coMembershipScore","bridgeNessEdgeScore","ambiguityScore","maxObservedTradeValue","sourceCited","sourceReporting","sourceLabel","sourceGphStatus","sourceBlockLouvain","sourceBlockIntraMax","sourceBlockAn","sourceMeanAmbiguityScore","targetCited","targetReporting","targetLabel","targetGphStatus","targetBlockLouvain","targetBlockIntraMax","targetBlockAn","targetMeanAmbiguityScore","export","import"
"100","2","100-2",1.06205496134451,"0.0006415444449764836|0.0009306075579939507",1,0,0,0.000930607557993951,NA,NA,"United States of America",NA,4,8,"AS",0.00662337662337662,NA,NA,"Colombia (New Granada) (Gran Colombia)",NA,4,5,"LA",0.0134210526315789,1099830508.47458,1595385310.73446
"100","31","100-31",0.512290428645671,"0.0000025003327189790734|2.9959532681249595e-9",0.15,0.85,0.51,2.50033271897907e-06,NA,NA,"Bahamas",NA,3,7,"ME",0.353076923076923,NA,NA,"Colombia (New Granada) (Gran Colombia)",NA,4,5,"LA",0.0134210526315789,5136.10683102203,4286440.6779661
"100","40","100-40",1.43843946875805,"0.000006620098017510443|9.227536065824961e-8",1,0,0,6.62009801751044e-06,NA,NA,"Cuba",NA,4,5,"LA",0,NA,NA,"Colombia (New Granada) (Gran Colombia)",NA,4,5,"LA",0.0134210526315789,158192.09039548,11349152.5423729
"100","41","100-41",1.97410085023796,"0.000003174601961503284|1.1984619054680075e-8",1,0,0,3.17460196150328e-06,NA,NA,"Haiti",NA,4,5,"LA",0.031875,NA,NA,"Colombia (New Granada) (Gran Colombia)",NA,4,5,"LA",0.0134210526315789,20545.8090581177,5442372.88135593
"100","42","100-42",1.44369643069945,"0.000009061440416640149|1.4335636387978098e-7",1,0,0,9.06144041664015e-06,NA,NA,"Dominican Republic (Santo Domingo)",NA,4,5,"LA",0.017,NA,NA,"Colombia (New Granada) (Gran Colombia)",NA,4,5,"LA",0.0134210526315789,245762.711864407,15534463.2768362
"100","52","100-52",2.28320667425313,"0.000009368122307869359|0.0000012305578453496584",1,0,0,9.36812230786936e-06,NA,NA,"Trinidad and Tobago",NA,4,5,"LA",0.021875,NA,NA,"Colombia (New Granada) (Gran Colombia)",NA,4,5,"LA",0.0134210526315789,16060222.7982719,2109604.51977401
"100","55","100-55",0.859805780307709,"3.505265323706229e-8|1.1633286540129368e-7",1,0,0,1.16332865401294e-07,NA,NA,"Grenada",NA,4,5,"LA",0,NA,NA,"Colombia (New Granada) (Gran Colombia)",NA,4,5,"LA",0.0134210526315789,60092.4499229582,199435.028248588
"100","56","100-56",1.50225167487927,"6.825081140115537e-7",1,0,0,6.82508114011554e-07,NA,NA,"St. Lucia",NA,4,5,"LA",0,NA,NA,"Colombia (New Granada) (Gran Colombia)",NA,4,5,"LA",0.0134210526315789,NA,1170056.49717514
"100","57","100-57",0.200004057718301,"1.2127618829369968e-7",1,0,0,1.212761882937e-07,NA,NA,"St. Vincent and the Grenadines",NA,4,5,"LA",0,NA,NA,"Colombia (New Granada) (Gran Colombia)",NA,4,5,"LA",0.0134210526315789,NA,207909.604519774
"100","68","100-68",3.61704004274754,"0.00005046572429885631",1,0,0,5.04657242988563e-05,NA,NA,"Netherlands Antilles",NA,4,5,"LA",0,NA,NA,"Colombia (New Granada) (Gran Colombia)",NA,4,5,"LA",0.0134210526315789,NA,86515819.2090396
"100","70","100-70",0.8121076566853,"0.00005131235073289573|0.000018221088181409376",1,0,0,5.13123507328957e-05,NA,NA,"Mexico",NA,4,5,"LA",0,NA,NA,"Colombia (New Granada) (Gran Colombia)",NA,4,5,"LA",0.0134210526315789,87967231.6384181,31237288.1355932
"100","90","100-90",1.1560676145088,"0.000004740317098958084|0.0000012180677161748458",1,0,0,4.74031709895808e-06,NA,NA,"Guatemala",NA,4,5,"LA",0,NA,NA,"Colombia (New Granada) (Gran Colombia)",NA,4,5,"LA",0.0134210526315789,2088192.09039548,8126553.67231638
"100","91","100-91",1.17764962078059,"0.0000028130802806386436|4.943322892406236e-7",1,0,0,2.81308028063864e-06,NA,NA,"Honduras",NA,4,5,"LA",0,NA,NA,"Colombia (New Granada) (Gran Colombia)",NA,4,5,"LA",0.0134210526315789,847457.627118644,4822598.8700565
"100","92","100-92",0.95241682893032,"6.692498685103802e-8|0.000002543833960432248",1,0,0,2.54383396043225e-06,NA,NA,"El Salvador",NA,4,5,"LA",0,NA,NA,"Colombia (New Granada) (Gran Colombia)",NA,4,5,"LA",0.0134210526315789,114732.724902216,4361016.94915254
"100","93","100-93",2.21129081363275,"0.0000040578089849465304|3.9546583139249876e-7",1,0,0,4.05780898494653e-06,NA,NA,"Nicaragua",NA,4,5,"LA",0,NA,NA,"Colombia (New Granada) (Gran Colombia)",NA,4,5,"LA",0.0134210526315789,677966.101694915,6956497.17514124
"100","94","100-94",2.64680617524347,"0.00002168009598665573|0.0000011633945649848341",1,0,0,2.16800959866557e-05,NA,NA,"Costa Rica",NA,4,5,"LA",0.00575757575757576,NA,NA,"Colombia (New Granada) (Gran Colombia)",NA,4,5,"LA",0.0134210526315789,1994463.27683616,37167231.638418
"100","95","100-95",2.65419905047011,"0.00009722824064158153|0.0000013857798319455108",1,0,0,9.72282406415815e-05,NA,NA,"Panama",NA,4,7,"ME",0.0159375,NA,NA,"Colombia (New Granada) (Gran Colombia)",NA,4,5,"LA",0.0134210526315789,2375709.03954802,166683050.847458
"101","100","100-101",2.94453592182884,"0.0001010082348799745|0.0001416314737451905",1,0,0,0.00014163147374519,NA,NA,"Colombia (New Granada) (Gran Colombia)",NA,4,5,"LA",0.0134210526315789,NA,NA,"Venezuela",NA,4,5,"LA",0,242805649.717514,173163276.836158
"101","2","101-2",1.40775521762462,"0.001538427995088718|0.0028799545413916916",1,0,0,0.00287995454139169,NA,NA,"United States of America",NA,4,8,"AS",0.00662337662337662,NA,NA,"Venezuela",NA,4,5,"LA",0,2637401129.9435,4937244632.76836
"101","40","101-40",3.82586930975301,"0.0000058993615397976045|0.00014326540673856062",1,0,0,0.000143265406738561,NA,NA,"Cuba",NA,4,5,"LA",0,NA,NA,"Venezuela",NA,4,5,"LA",0,10113559.3220339,245606779.661017
"101","41","101-41",1.62421470087917,"0.0000044480019385871315|4.364815528917088e-9",1,0,0,4.44800193858713e-06,NA,NA,"Haiti",NA,4,5,"LA",0.031875,NA,NA,"Venezuela",NA,4,5,"LA",0,7482.81326439136,7625423.72881356
"101","42","101-42",2.6828939047535,"0.00006220183195514769|2.6891676534689903e-7",1,0,0,6.22018319551477e-05,NA,NA,"Dominican Republic (Santo Domingo)",NA,4,5,"LA",0.017,NA,NA,"Venezuela",NA,4,5,"LA",0,461016.949152542,106635593.220339
"101","51","101-51",2.36260705567677,"0.00002680961737467596|3.540605588457045e-8",1,0,0,2.6809617374676e-05,NA,NA,"Jamaica",NA,4,5,"LA",0,NA,NA,"Venezuela",NA,4,5,"LA",0,60698.3050847458,45961016.9491525
"101","52","101-52",3.83002755241753,"0.00001784861512116565|0.00008923653529885775",1,0,0,8.92365352988578e-05,NA,NA,"Trinidad and Tobago",NA,4,5,"LA",0.021875,NA,NA,"Venezuela",NA,4,5,"LA",0,30598739.6477235,152982485.875706
"101","53","101-53",2.42083707846569,"0.000008228325731839906|4.3501241453174896e-8",1,0,0,8.22832573183991e-06,NA,NA,"Barbados",NA,4,5,"LA",0.0182142857142857,NA,NA,"Venezuela",NA,4,5,"LA",0,74576.2711864407,14106214.6892655
"101","55","101-55",0.981580643419954,"4.280917624823802e-7",1,0,0,4.2809176248238e-07,NA,NA,"Grenada",NA,4,5,"LA",0,NA,NA,"Venezuela",NA,4,5,"LA",0,NA,733898.305084746
"101","56","101-56",0.337041413623147,"9.392313495571827e-8|4.2314843958997367e-7",1,0,0,4.23148439589974e-07,NA,NA,"St. Lucia",NA,4,5,"LA",0,NA,NA,"Venezuela",NA,4,5,"LA",0,161016.949152542,725423.728813559
"101","90","101-90",2.12077357788985,"1.6105345983459507e-7|0.000024728807991832476",1,0,0,2.47288079918325e-05,NA,NA,"Guatemala",NA,4,5,"LA",0,NA,NA,"Venezuela",NA,4,5,"LA",0,276101.694915254,42393785.3107345
"101","91","101-91",2.3678645593948,"1.318219437974998e-7|0.000018387183830594246",1,0,0,1.83871838305942e-05,NA,NA,"Honduras",NA,4,5,"LA",0,NA,NA,"Venezuela",NA,4,5,"LA",0,225988.700564972,31522033.8983051
"101","92","101-92",2.62778004377773,"6.06764622801798e-8|0.000027009657174388697",1,0,0,2.70096571743887e-05,NA,NA,"El Salvador",NA,4,5,"LA",0,NA,NA,"Venezuela",NA,4,5,"LA",0,104020.57859685,46303954.8022599
"101","93","101-93",3.51170696126191,"0.00002961314056438932",1,0,0,2.96131405643893e-05,NA,NA,"Nicaragua",NA,4,5,"LA",0,NA,NA,"Venezuela",NA,4,5,"LA",0,NA,50767231.6384181
"101","94","101-94",1.84064174400474,"0.000019247651568732393|0.0000013902601302603274",1,0,0,1.92476515687324e-05,NA,NA,"Costa Rica",NA,4,5,"LA",0.00575757575757576,NA,NA,"Venezuela",NA,4,5,"LA",0,2383389.83050847,32997175.1412429
"101","95","101-95",1.02654990721956,"0.000012881310793032155|9.33006387816205e-7",1,0,0,1.28813107930322e-05,NA,NA,"Panama",NA,4,7,"ME",0.0159375,NA,NA,"Venezuela",NA,4,5,"LA",0,1599497.74011299,22083050.8474576
"1069","100","100-1069",3.89791314786128,"0.000014233144826675523",1,0,0,1.42331448266755e-05,NA,NA,"Colombia (New Granada) (Gran Colombia)",NA,4,5,"LA",0.0134210526315789,NA,NA,"Aruba",NA,4,5,"LA",0.0566666666666667,24400564.9717514,NA
"1069","2","1069-2",1.52324509794191,"0.00007724765906533453",1,0,0,7.72476590653345e-05,NA,NA,"United States of America",NA,4,8,"AS",0.00662337662337662,NA,NA,"Aruba",NA,4,5,"LA",0.0566666666666667,132429378.531073,NA
"1069","200","1069-200",0.439537566728309,"0.0000110292523950839",1,0,0,1.10292523950839e-05,NA,NA,"United Kingdom",NA,4,1,"AS",0.0107228915662651,NA,NA,"Aruba",NA,4,5,"LA",0.0566666666666667,18907978.0282787,NA
"1069","210","1069-210",0.99260637283561,"0.000012518619306987933",0,1,0,1.25186193069879e-05,NA,NA,"Netherlands",NA,0,8,"AF",0.0270588235294118,NA,NA,"Aruba",NA,4,5,"LA",0.0566666666666667,21461271.3828563,NA
"1069","30","1069-30",0.0683945113015802,"2.1038782230080947e-9",1,0,0,2.10387822300809e-09,NA,NA,"Bermuda",NA,4,1,"AS",0.0364285714285714,NA,NA,"Aruba",NA,4,5,"LA",0.0566666666666667,3606.77966101695,NA
"1069","31","1069-31",2.61568340629794,"4.806887180575827e-7",0.15,0.85,0.51,4.80688718057583e-07,NA,NA,"Bahamas",NA,3,7,"ME",0.353076923076923,NA,NA,"Aruba",NA,4,5,"LA",0.0566666666666667,824067.79661017,NA
"1069","53","1069-53",3.0421113672523,"1.2292396259116832e-7",1,0,0,1.22923962591168e-07,NA,NA,"Barbados",NA,4,5,"LA",0.0182142857142857,NA,NA,"Aruba",NA,4,5,"LA",0.0566666666666667,210734.463276836,NA
"1069","94","1069-94",2.16959459647388,"5.426779871283564e-7",1,0,0,5.42677987128356e-07,NA,NA,"Costa Rica",NA,4,5,"LA",0.00575757575757576,NA,NA,"Aruba",NA,4,5,"LA",0.0566666666666667,930338.983050847,NA
"1069","95","1069-95",2.4097062478265,"1.4410412385597243e-7",1,0,0,1.44104123855972e-07,NA,NA,"Panama",NA,4,7,"ME",0.0159375,NA,NA,"Aruba",NA,4,5,"LA",0.0566666666666667,247044.632768362,NA
"11","10","10-11",0.162009643007304,"1.2283408399312496e-8",1,0,0,1.22834083993125e-08,NA,NA,"Greenland",NA,3,5,"LA",0,NA,NA,"Faeroe Is.",NA,3,11,"WE",0,NA,21058.0380071906
"110","2","110-2",0.964932608006375,"0.00002830876243051306|0.00003004941127929366",1,0,0,3.00494112792937e-05,NA,NA,"United States of America",NA,4,8,"AS",0.00662337662337662,NA,NA,"Guyana (British Guiana)",NA,4,5,"LA",0,48531073.4463277,51515151.5151515
"110","20","110-20",0.842493097231064,"0.000004387613869687322|0.00000846244480192308",1,0,0,8.46244480192308e-06,NA,NA,"Canada (Province of Canada)",NA,4,4,"AF",0.0392307692307692,NA,NA,"Guyana (British Guiana)",NA,4,5,"LA",0,7521897.55686407,14507576.2752155
"110","40","110-40",4.1854979736543,"0.0000018328680053544798|6.401746928788378e-7",1,0,0,1.83286800535448e-06,NA,NA,"Cuba",NA,4,5,"LA",0,NA,NA,"Guyana (British Guiana)",NA,4,5,"LA",0,3142173.80585331,1097482.27655108
"110","42","110-42",0.278293929616336,"2.208017558608121e-8",1,0,0,2.20801755860812e-08,NA,NA,"Dominican Republic (Santo Domingo)",NA,4,5,"LA",0.017,NA,NA,"Guyana (British Guiana)",NA,4,5,"LA",0,37853.1073446328,NA
"110","51","110-51",3.24533400903726,"7.776571930445909e-7|0.000001137611690754673",1,0,0,1.13761169075467e-06,NA,NA,"Jamaica",NA,4,5,"LA",0,NA,NA,"Guyana (British Guiana)",NA,4,5,"LA",0,1333175.14124294,1950262.45505906
"110","52","110-52",5.374881289072,"0.0000017880489180774026|0.000010028214488049739",1,0,0,1.00282144880497e-05,NA,NA,"Trinidad and Tobago",NA,4,5,"LA",0.021875,NA,NA,"Guyana (British Guiana)",NA,4,5,"LA",0,17191850.5815886,3065338.2881658
"110","53","110-53",5.384898130189,"0.0000016184326801490498|8.196029355609529e-7",1,0,0,1.61843268014905e-06,NA,NA,"Barbados",NA,4,5,"LA",0.0182142857142857,NA,NA,"Guyana (British Guiana)",NA,4,5,"LA",0,1405084.74576271,2774557.01078583
"110","54","110-54",2.94238677350585,"2.5143815205819395e-8",1,0,0,2.51438152058194e-08,NA,NA,"Dominica",NA,4,5,"LA",0,NA,NA,"Guyana (British Guiana)",NA,4,5,"LA",0,43105.2521448002,NA
"110","55","110-55",3.12956327695352,"7.579761768356185e-8|1.2513320072332986e-8",1,0,0,7.57976176835619e-08,NA,NA,"Grenada",NA,4,5,"LA",0,NA,NA,"Guyana (British Guiana)",NA,4,5,"LA",0,21452.1866499267,129943.502824858
"110","56","110-56",3.22946013596091,"6.322553853332889e-8|1.5773058503140033e-7",1,0,0,1.577305850314e-07,NA,NA,"St. Lucia",NA,4,5,"LA",0,NA,NA,"Guyana (British Guiana)",NA,4,5,"LA",0,108390.582660628,270405.130767576
"110","57","110-57",3.83265999077658,"2.9415822643701305e-8|1.8841217219541605e-7",1,0,0,1.88412172195416e-07,NA,NA,"St. Vincent and the Grenadines",NA,4,5,"LA",0,NA,NA,"Guyana (British Guiana)",NA,4,5,"LA",0,50428.9600334798,323004.051817611
"110","58","110-58",4.31643553932255,"4.181182268011142e-7",1,0,0,4.18118226801114e-07,NA,NA,"Antigua and Barbuda (Antigua)",NA,4,1,"AS",0,NA,NA,"Guyana (British Guiana)",NA,4,5,"LA",0,NA,716800.193012373
"110","60","110-60",3.47794981779467,"6.726121120565573e-10|8.59147041372156e-8",1,0,0,8.59147041372156e-08,NA,NA,"St. Kitts-Nevis",NA,4,5,"LA",0,NA,NA,"Guyana (British Guiana)",NA,4,5,"LA",0,1153.09130490007,147287.710892954
"110","80","110-80",0.330792824406895,"9.587050457999988e-9",1,0,0,9.58705045799999e-09,NA,NA,"Belize (British Honduras)",NA,4,5,"LA",0,NA,NA,"Guyana (British Guiana)",NA,4,5,"LA",0,NA,16435.5418592707
"110","95","110-95",0.89804347150383,"4.6287477992530995e-10|2.0355285451490902e-8",1,0,0,2.03552854514909e-08,NA,NA,"Panama",NA,4,7,"ME",0.0159375,NA,NA,"Guyana (British Guiana)",NA,4,5,"LA",0,34896.0451977401,793.52850539291
"115","100","100-115",0.484660601400957,"4.442399505975739e-7",1,0,0,4.44239950597574e-07,NA,NA,"Colombia (New Granada) (Gran Colombia)",NA,4,5,"LA",0.0134210526315789,NA,NA,"Surinam (Dutch Guiana)",NA,4,3,"AS",0,761581.920903955,NA
"115","101","101-115",2.36399063314594,"1.8462473493872696e-10|0.000005784017338974792",1,0,0,5.78401733897479e-06,NA,NA,"Venezuela",NA,4,5,"LA",0,NA,NA,"Surinam (Dutch Guiana)",NA,4,3,"AS",0,9915819.20903955,316.511065904542
"115","110","110-115",2.96653853774753,"9.96973568669133e-9|2.1836070923207788e-7",1,0,0,2.18360709232078e-07,NA,NA,"Guyana (British Guiana)",NA,4,5,"LA",0,NA,NA,"Surinam (Dutch Guiana)",NA,4,3,"AS",0,374346.269765284,17091.5975588454
"115","2","115-2",1.02223473169605,"0.000044358084087858636|0.000014745423705351388",1,0,0,4.43580840878586e-05,NA,NA,"United States of America",NA,4,8,"AS",0.00662337662337662,NA,NA,"Surinam (Dutch Guiana)",NA,4,3,"AS",0,76045197.740113,25278789.3005982
"115","42","115-42",2.74653887348643,"3.8557918560768626e-7",1,0,0,3.85579185607686e-07,NA,NA,"Dominican Republic (Santo Domingo)",NA,4,5,"LA",0.017,NA,NA,"Surinam (Dutch Guiana)",NA,4,3,"AS",0,661016.949152542,NA
"115","51","115-51",3.0928455942627,"9.879369213514855e-7",1,0,0,9.87936921351486e-07,NA,NA,"Jamaica",NA,4,5,"LA",0,NA,NA,"Surinam (Dutch Guiana)",NA,4,3,"AS",0,1693667.79661017,NA
"115","52","115-52",5.21153787504588,"0.000002838605299682948|0.000012602316162539654",1,0,0,1.26023161625397e-05,NA,NA,"Trinidad and Tobago",NA,4,5,"LA",0.021875,NA,NA,"Surinam (Dutch Guiana)",NA,4,3,"AS",0,21604756.9292124,4866357.63828237
"115","53","115-53",1.73859241332269,"3.16372665113999e-8",1,0,0,3.16372665113999e-08,NA,NA,"Barbados",NA,4,5,"LA",0.0182142857142857,NA,NA,"Surinam (Dutch Guiana)",NA,4,3,"AS",0,54237.2881355932,NA
"115","68","115-68",0.869744665721617,"1.6468526356534533e-7",1,0,0,1.64685263565345e-07,NA,NA,"Netherlands Antilles",NA,4,5,"LA",0,NA,NA,"Surinam (Dutch Guiana)",NA,4,3,"AS",0,NA,282327.870786853
"115","94","115-94",0.0830878769092464,"6.383477628393946e-8",1,0,0,6.38347762839395e-08,NA,NA,"Costa Rica",NA,4,5,"LA",0.00575757575757576,NA,NA,"Surinam (Dutch Guiana)",NA,4,3,"AS",0,109435.028248588,NA
"115","95","115-95",1.53812393942248,"5.712503934464646e-8",1,0,0,5.71250393446465e-08,NA,NA,"Panama",NA,4,7,"ME",0.0159375,NA,NA,"Surinam (Dutch Guiana)",NA,4,3,"AS",0,97932.2033898305,NA
"1163","200","1163-200",2.48387533399352,"0.000009356753692820213",0.95,0.05,0.19,9.35675369282021e-06,NA,NA,"United Kingdom",NA,4,1,"AS",0.0107228915662651,NA,NA,"Falkland Is.",NA,4,3,"AS",0.152,16040733.0345181,NA
"1163","325","1163-325",1.16051946016998,"0.000002343764279981351",0.05,0.95,0.19,2.34376427998135e-06,NA,NA,"Italy",NA,2,9,"AF",0.112337662337662,NA,NA,"Falkland Is.",NA,4,3,"AS",0.152,4018027.87005807,NA
"1163","52","1163-52",3.46575683778331,"2.548756346898289e-7",0.95,0.05,0.19,2.54875634689829e-07,NA,NA,"Trinidad and Tobago",NA,4,5,"LA",0.021875,NA,NA,"Falkland Is.",NA,4,3,"AS",0.152,436945.56331007,NA
"1163","616","1163-616",3.51355318926711,"5.305194854499572e-7",0.05,0.95,0.19,5.30519485449957e-07,NA,NA,"Tunisia (Regency of Tunis)",NA,0,8,"AS",0.622037037037037,NA,NA,"Falkland Is.",NA,4,3,"AS",0.152,909495.078644921,NA
"1163","770","1163-770",3.32574643798954,"6.682007087453714e-7",0,1,0,6.68200708745371e-07,NA,NA,"Pakistan",NA,2,8,"AS",0.290694444444445,NA,NA,"Falkland Is.",NA,4,3,"AS",0.152,1145528.62395907,NA
"130","100","100-130",3.0784938533857,"0.00001051715014199589|0.000041815238792004865",1,0,0,4.18152387920049e-05,NA,NA,"Colombia (New Granada) (Gran Colombia)",NA,4,5,"LA",0.0134210526315789,NA,NA,"Ecuador",NA,4,5,"LA",0,71685875.7062147,18030056.4971751
"130","101","101-130",1.62761404778167,"0.0000023397735914337224|0.000019482953738410944",1,0,0,1.94829537384109e-05,NA,NA,"Venezuela",NA,4,5,"LA",0,NA,NA,"Ecuador",NA,4,5,"LA",0,33400564.9717514,4011186.44067797
"130","2","130-2",1.30621170919834,"0.0003122861848562766|0.0004561444607870665",1,0,0,0.000456144460787067,NA,NA,"United States of America",NA,4,8,"AS",0.00662337662337662,NA,NA,"Ecuador",NA,4,5,"LA",0,535367231.638418,781990395.480226
"130","42","130-42",1.02397950670146,"4.84445643455811e-7",1,0,0,4.84445643455811e-07,NA,NA,"Dominican Republic (Santo Domingo)",NA,4,5,"LA",0.017,NA,NA,"Ecuador",NA,4,5,"LA",0,830508.474576271,NA
"130","52","130-52",1.85308687082092,"0.0000030840622305909324",1,0,0,3.08406223059093e-06,NA,NA,"Trinidad and Tobago",NA,4,5,"LA",0.021875,NA,NA,"Ecuador",NA,4,5,"LA",0,5287156.26453972,NA
"130","70","130-70",0.537418136242922,"0.000019733085876766682|0.000006175429645595522",1,0,0,1.97330858767667e-05,NA,NA,"Mexico",NA,4,5,"LA",0,NA,NA,"Ecuador",NA,4,5,"LA",0,33829378.5310734,10586836.1581921
"130","90","130-90",2.66739940961725,"0.000004225947874260241|0.0000074888705381078375",1,0,0,7.48887053810784e-06,NA,NA,"Guatemala",NA,4,5,"LA",0,NA,NA,"Ecuador",NA,4,5,"LA",0,7244745.76271186,12838531.0734463
"130","94","130-94",1.08129034312096,"6.17157385373946e-7|0.000001218430226520287",1,0,0,1.21843022652029e-06,NA,NA,"Costa Rica",NA,4,5,"LA",0.00575757575757576,NA,NA,"Ecuador",NA,4,5,"LA",0,2088813.55932203,1058022.59887006
"130","95","130-95",2.69282000001171,"0.000035221768807141505|8.791235091792609e-7",1,0,0,3.52217688071415e-05,NA,NA,"Panama",NA,4,7,"ME",0.0159375,NA,NA,"Ecuador",NA,4,5,"LA",0,1507123.72881356,60382372.8813559
"135","100","100-135",3.39525952592172,"0.00003504585242314377|0.00007006303357351152",1,0,0,7.00630335735115e-05,NA,NA,"Colombia (New Granada) (Gran Colombia)",NA,4,5,"LA",0.0134210526315789,NA,NA,"Peru",NA,4,3,"AS",0.025,120112429.378531,60080790.960452
"135","101","101-135",2.10380685198287,"0.00003154367293130369|0.000026374275405284727",1,0,0,3.15436729313037e-05,NA,NA,"Venezuela",NA,4,5,"LA",0,NA,NA,"Peru",NA,4,3,"AS",0.025,54076836.1581921,45214689.2655367
"135","130","130-135",4.19025053019978,"0.00005407481138711611|0.000016169938735920317",1,0,0,5.40748113871161e-05,NA,NA,"Ecuador",NA,4,5,"LA",0,NA,NA,"Peru",NA,4,3,"AS",0.025,92703050.8474576,27720903.9548023
"135","2","135-2",0.703499460202553,"0.0002769249484325971|0.00023312315294756443",1,0,0,0.000276924948432597,NA,NA,"United States of America",NA,4,8,"AS",0.00662337662337662,NA,NA,"Peru",NA,4,3,"AS",0.025,474745762.711864,399654237.288136
"135","52","135-52",0.619444747457694,"0.0000010963366646327266|4.514901575064361e-8",1,0,0,1.09633666463273e-06,NA,NA,"Trinidad and Tobago",NA,4,5,"LA",0.021875,NA,NA,"Peru",NA,4,3,"AS",0.025,1879502.69192423,77401.1299435028
"135","54","135-54",1.92873814961729,"3.3383907266716783e-7",1,0,0,3.33839072667168e-07,NA,NA,"Dominica",NA,4,5,"LA",0,NA,NA,"Peru",NA,4,3,"AS",0.025,NA,572316.384180791
"135","55","135-55",0.607357910216336,"6.393364274178715e-8",1,0,0,6.39336427417872e-08,NA,NA,"Grenada",NA,4,5,"LA",0,NA,NA,"Peru",NA,4,3,"AS",0.025,NA,109604.519774011
"135","70","135-70",0.597462225340827,"0.000025577411755028872|0.00002141974764765574",1,0,0,2.55774117550289e-05,NA,NA,"Mexico",NA,4,5,"LA",0,NA,NA,"Peru",NA,4,3,"AS",0.025,43848587.5706215,36720903.9548023
"135","90","135-90",0.607377575622885,"3.0220180615576807e-7|0.0000011821132810040756",1,0,0,1.18211328100408e-06,NA,NA,"Guatemala",NA,4,5,"LA",0,NA,NA,"Peru",NA,4,3,"AS",0.025,518079.096045198,2026553.67231638
"135","91","135-91",1.18665323637359,"0.0000012252849675977579",1,0,0,1.22528496759776e-06,NA,NA,"Honduras",NA,4,5,"LA",0,NA,NA,"Peru",NA,4,3,"AS",0.025,NA,2100564.97175141
"135","92","135-92",0.651845084803026,"8.13011838371077e-7|4.221864956757754e-8",1,0,0,8.13011838371077e-07,NA,NA,"El Salvador",NA,4,5,"LA",0,NA,NA,"Peru",NA,4,3,"AS",0.025,72377.4622079706,1393785.31073446
"135","93","135-93",0.382921353921657,"2.814398500076619e-7",1,0,0,2.81439850007662e-07,NA,NA,"Nicaragua",NA,4,5,"LA",0,NA,NA,"Peru",NA,4,3,"AS",0.025,NA,482485.875706215
"135","94","135-94",1.53256469260426,"0.000003071121735622248|2.4146484555106994e-7",1,0,0,3.07112173562225e-06,NA,NA,"Costa Rica",NA,4,5,"LA",0.00575757575757576,NA,NA,"Peru",NA,4,3,"AS",0.025,413954.802259887,5264971.75141243
"135","95","135-95",1.47075071878701,"0.000002174402962939757|4.5854394971904056e-7",1,0,0,2.17440296293976e-06,NA,NA,"Panama",NA,4,7,"ME",0.0159375,NA,NA,"Peru",NA,4,3,"AS",0.025,786103.95480226,3727683.61581921
"140","100","100-140",1.14820822435224,"0.00005144087712809827|0.000017594604393511775",1,0,0,5.14408771280983e-05,NA,NA,"Colombia (New Granada) (Gran Colombia)",NA,4,5,"LA",0.0134210526315789,NA,NA,"Brazil",NA,4,5,"LA",0.0085,30163276.8361582,88187570.6214689
"140","101","101-140",1.48556073626485,"0.00014128313425870558|0.00012005123288096139",1,0,0,0.000141283134258706,NA,NA,"Venezuela",NA,4,5,"LA",0,NA,NA,"Brazil",NA,4,5,"LA",0.0085,205809604.519774,242208474.576271
"140","110","110-140",0.422356142147795,"0.0000012104549989205386|6.576716614187993e-9",1,0,0,1.21045499892054e-06,NA,NA,"Guyana (British Guiana)",NA,4,5,"LA",0,NA,NA,"Brazil",NA,4,5,"LA",0.0085,11274.7817154597,2075141.24293785
"140","115","115-140",2.46314437688378,"0.000004749544635023911|0.000009610455952500534",1,0,0,9.61045595250053e-06,NA,NA,"Surinam (Dutch Guiana)",NA,4,3,"AS",0,NA,NA,"Brazil",NA,4,5,"LA",0.0085,16475667.0245951,8142372.88135593
"140","130","130-140",1.65807969603957,"0.00004335228265668373|0.000005864461680177201",1,0,0,4.33522826566837e-05,NA,NA,"Ecuador",NA,4,5,"LA",0,NA,NA,"Brazil",NA,4,5,"LA",0.0085,10053728.8135593,74320903.9548023
"140","135","135-140",1.98080853096596,"0.0000730728581052681|0.00003401797081638275",1,0,0,7.30728581052681e-05,NA,NA,"Peru",NA,4,3,"AS",0.025,NA,NA,"Brazil",NA,4,5,"LA",0.0085,58318644.0677966,125272316.384181
"140","2","140-2",0.771324672301937,"0.0021046408129529646|0.0020281135608104803",1,0,0,0.00210464081295296,NA,NA,"United States of America",NA,4,8,"AS",0.00662337662337662,NA,NA,"Brazil",NA,4,5,"LA",0.0085,3476892655.36723,3608087005.64972
"140","31","140-31",0.136346579289472,"0.0000019565672008143867|0.000002243176568186196",0.15,0.85,0.51,2.2431765681862e-06,NA,NA,"Bahamas",NA,3,7,"ME",0.353076923076923,NA,NA,"Brazil",NA,4,5,"LA",0.0085,3845585.51617873,3354237.28813559
"140","40","140-40",1.22741813370487,"0.00002165175426873931|0.00000827385073972576",1,0,0,2.16517542687393e-05,NA,NA,"Cuba",NA,4,5,"LA",0,NA,NA,"Brazil",NA,4,5,"LA",0.0085,14184260.4006164,37118644.0677966
"140","42","140-42",0.451485496190024,"0.00000911845340733254|0.000002282826511713201",1,0,0,9.11845340733254e-06,NA,NA,"Dominican Republic (Santo Domingo)",NA,4,5,"LA",0.017,NA,NA,"Brazil",NA,4,5,"LA",0.0085,3913559.3220339,15632203.3898305
"140","51","140-51",0.886271175708516,"0.000004062752307838939|0.000006390200217972722",1,0,0,6.39020021797272e-06,NA,NA,"Jamaica",NA,4,5,"LA",0,NA,NA,"Brazil",NA,4,5,"LA",0.0085,10955027.6836158,6964971.75141243
"140","52","140-52",1.32012153182203,"0.00001565418538081257|0.000014426633618577747",1,0,0,1.56541853808126e-05,NA,NA,"Trinidad and Tobago",NA,4,5,"LA",0.021875,NA,NA,"Brazil",NA,4,5,"LA",0.0085,24732272.1169824,26836723.1638418
"140","53","140-53",0.141903755271442,"0.0000018184837146865103|3.2955485949374887e-10",1,0,0,1.81848371468651e-06,NA,NA,"Barbados",NA,4,5,"LA",0.0182142857142857,NA,NA,"Brazil",NA,4,5,"LA",0.0085,564.971751412429,3117514.12429379
"140","56","140-56",0.206421378438436,"8.014774182887989e-7|1.8814586523824893e-10",1,0,0,8.01477418288799e-07,NA,NA,"St. Lucia",NA,4,5,"LA",0,NA,NA,"Brazil",NA,4,5,"LA",0.0085,322.547508988186,1374011.29943503
"140","60","140-60",1.52930791246305,"0.0000012783432999762507",1,0,0,1.27834329997625e-06,NA,NA,"St. Kitts-Nevis",NA,4,5,"LA",0,NA,NA,"Brazil",NA,4,5,"LA",0.0085,NA,2191525.42372881
"140","70","140-70",0.497467472154222,"0.0002497831397595516|0.00006496218345826703",1,0,0,0.000249783139759552,NA,NA,"Mexico",NA,4,5,"LA",0,NA,NA,"Brazil",NA,4,5,"LA",0.0085,111367796.610169,428215254.237288
"140","90","140-90",0.507111528632426,"0.000010629791992970873|1.7822326801421963e-7",1,0,0,1.06297919929709e-05,NA,NA,"Guatemala",NA,4,5,"LA",0,NA,NA,"Brazil",NA,4,5,"LA",0.0085,305536.723163842,18223163.8418079
"140","91","140-91",0.36567552643547,"0.00000535922112508735|3.295548594937489e-7",1,0,0,5.35922112508735e-06,NA,NA,"Honduras",NA,4,5,"LA",0,NA,NA,"Brazil",NA,4,5,"LA",0.0085,564971.751412429,9187570.62146893
"140","92","140-92",0.0670571482113206,"0.000004503367154982083",1,0,0,4.50336715498208e-06,NA,NA,"El Salvador",NA,4,5,"LA",0,NA,NA,"Brazil",NA,4,5,"LA",0.0085,NA,7720338.98305085
"140","94","140-94",0.930995090222409,"0.000016728204667902695|2.508242035606924e-7",1,0,0,1.67282046679027e-05,NA,NA,"Costa Rica",NA,4,5,"LA",0.00575757575757576,NA,NA,"Brazil",NA,4,5,"LA",0.0085,430000,28677966.1016949
"145","100","100-145",3.35077346694754,"0.000009095893399871028|0.0000030187225129627397",1,0,0,9.09589339987103e-06,NA,NA,"Colombia (New Granada) (Gran Colombia)",NA,4,5,"LA",0.0134210526315789,NA,NA,"Bolivia",NA,4,5,"LA",0,5175141.24293785,15593527.6836158
"145","135","135-145",4.12754353741283,"0.000007350062031289079|0.000012219300002616558",1,0,0,1.22193000026166e-05,NA,NA,"Peru",NA,4,3,"AS",0.025,NA,NA,"Bolivia",NA,4,5,"LA",0,12600564.9717514,20948133.8983051
"145","140","140-145",3.27267903682169,"0.00008435121406172235|0.000010311341484467758",1,0,0,8.43512140617223e-05,NA,NA,"Brazil",NA,4,5,"LA",0.0085,NA,NA,"Bolivia",NA,4,5,"LA",0,144607344.632768,17677228.8135593
"145","2","145-2",0.364049678925185,"0.00006254951233191352|0.0000403607085434912",1,0,0,6.25495123319135e-05,NA,NA,"United States of America",NA,4,8,"AS",0.00662337662337662,NA,NA,"Bolivia",NA,4,5,"LA",0,107231638.418079,69192304.519774
"145","30","145-30",2.29926856221577,"9.888761527010452e-7",1,0,0,9.88876152701045e-07,NA,NA,"Bermuda",NA,4,1,"AS",0.0364285714285714,NA,NA,"Bolivia",NA,4,5,"LA",0,NA,1695277.9661017
"145","92","145-92",0.0731649941814021,"6.495176856550372e-8",1,0,0,6.49517685655037e-08,NA,NA,"El Salvador",NA,4,5,"LA",0,NA,NA,"Bolivia",NA,4,5,"LA",0,111349.941858416,NA
"145","95","145-95",1.75962147500889,"1.9414175639234585e-7",1,0,0,1.94141756392346e-07,NA,NA,"Panama",NA,4,7,"ME",0.0159375,NA,NA,"Bolivia",NA,4,5,"LA",0,332826.553672316,NA
"150","101","101-150",1.59687076135376,"0.000003816904382656604|5.806756624279857e-7",1,0,0,3.8169043826566e-06,NA,NA,"Venezuela",NA,4,5,"LA",0,NA,NA,"Paraguay",NA,4,3,"AS",0.0242857142857143,995480.2259887,6543502.82485876
"150","135","135-150",1.69275957532598,"0.000001324151425445883|3.1472489081653034e-7",1,0,0,1.32415142544588e-06,NA,NA,"Peru",NA,4,3,"AS",0.025,NA,NA,"Paraguay",NA,4,3,"AS",0.0242857142857143,539548.02259887,2270056.49717514
"150","140","140-150",3.6922955249894,"0.00016349677956288184|0.00006692665997570957",1,0,0,0.000163496779562882,NA,NA,"Brazil",NA,4,5,"LA",0.0085,NA,NA,"Paraguay",NA,4,3,"AS",0.0242857142857143,280290395.480226,114735593.220339
"150","145","145-150",2.2369511360615,"7.237024714482702e-7|3.949345889589948e-7",1,0,0,7.2370247144827e-07,NA,NA,"Bolivia",NA,4,5,"LA",0,NA,NA,"Paraguay",NA,4,3,"AS",0.0242857142857143,677055.367231638,1240677.96610169
"150","2","150-2",0.441908854187578,"0.0001235830723101559|0.00001153639741143818",1,0,0,0.000123583072310156,NA,NA,"United States of America",NA,4,8,"AS",0.00662337662337662,NA,NA,"Paraguay",NA,4,3,"AS",0.0242857142857143,211864406.779661,19777401.1299435
"150","30","150-30",4.05581657339677,"0.000007084440814537128",1,0,0,7.08444081453713e-06,NA,NA,"Bermuda",NA,4,1,"AS",0.0364285714285714,NA,NA,"Paraguay",NA,4,3,"AS",0.0242857142857143,NA,12145197.740113
"150","31","150-31",3.42778017108127,"0.00000478645477928721",0.15,0.85,0.51,4.78645477928721e-06,NA,NA,"Bahamas",NA,3,7,"ME",0.353076923076923,NA,NA,"Paraguay",NA,4,3,"AS",0.0242857142857143,NA,8205649.71751412
"150","70","150-70",0.0990406867991164,"0.000009007393419683138|3.381232858405869e-7",1,0,0,9.00739341968314e-06,NA,NA,"Mexico",NA,4,5,"LA",0,NA,NA,"Paraguay",NA,4,3,"AS",0.0242857142857143,15441807.9096045,579661.016949153
"150","90","150-90",0.435869417861639,"2.39256827992462e-7|8.568426346837498e-10",1,0,0,2.39256827992462e-07,NA,NA,"Guatemala",NA,4,5,"LA",0,NA,NA,"Paraguay",NA,4,3,"AS",0.0242857142857143,1468.92655367232,410169.491525424
"155","100","100-155",2.23659345845422,"0.000017697095954814353|0.00005149756056393123",1,0,0,5.14975605639312e-05,NA,NA,"Colombia (New Granada) (Gran Colombia)",NA,4,5,"LA",0.0134210526315789,NA,NA,"Chile",NA,4,12,"WE",0,88284745.7627119,30338983.0508475
"155","101","101-155",1.60706430152517,"0.000018059606300257434|0.00005455253411143827",1,0,0,5.45525341114383e-05,NA,NA,"Venezuela",NA,4,5,"LA",0,NA,NA,"Chile",NA,4,12,"WE",0,93522033.8983051,30960451.9774011
"155","130","130-155",2.88824478358356,"0.000019147137336586796|0.000034438252128695144",1,0,0,3.44382521286951e-05,NA,NA,"Ecuador",NA,4,5,"LA",0,NA,NA,"Chile",NA,4,12,"WE",0,59039152.5423729,32824858.7570621
"155","135","135-155",2.84798452115218,"0.000048115009486087374|0.000014507993579493328",1,0,0,4.81150094860874e-05,NA,NA,"Peru",NA,4,3,"AS",0.025,NA,NA,"Chile",NA,4,12,"WE",0,24871751.4124294,82485875.7062147
"155","140","140-155",2.24657880635447,"0.00014750875510940187|0.00022319201725672005",1,0,0,0.00022319201725672,NA,NA,"Brazil",NA,4,5,"LA",0.0085,NA,NA,"Chile",NA,4,12,"WE",0,382628813.559322,252881355.932203
"155","145","145-155",3.7356694245693,"0.00003707492169304677|0.000008189860747749547",1,0,0,3.70749216930468e-05,NA,NA,"Bolivia",NA,4,5,"LA",0,NA,NA,"Chile",NA,4,12,"WE",0,14040272.3163842,63559322.0338983
"155","150","150-155",3.31469591743358,"0.000012490129174813106|0.000015697686622265723",1,0,0,1.56976866222657e-05,NA,NA,"Paraguay",NA,4,3,"AS",0.0242857142857143,NA,NA,"Chile",NA,4,12,"WE",0,26911299.4350282,21412429.3785311
"155","2","155-2",0.63629309325787,"0.0005260684222098718|0.0006062820750106523",1,0,0,0.000606282075010652,NA,NA,"United States of America",NA,4,8,"AS",0.00662337662337662,NA,NA,"Chile",NA,4,12,"WE",0,1039378531.07345,901864406.779661
"155","42","155-42",0.0250447863749349,"0.0000026034833900006165",1,0,0,2.60348339000062e-06,NA,NA,"Dominican Republic (Santo Domingo)",NA,4,5,"LA",0.017,NA,NA,"Chile",NA,4,12,"WE",0,NA,4463276.83615819
"155","52","155-52",0.615225342146896,"0.0000025562979578452627",1,0,0,2.55629795784526e-06,NA,NA,"Trinidad and Tobago",NA,4,5,"LA",0.021875,NA,NA,"Chile",NA,4,12,"WE",0,4382384.57959455,NA
"155","53","155-53",0.440452755336919,"1.7367541095320562e-7",1,0,0,1.73675410953206e-07,NA,NA,"Barbados",NA,4,5,"LA",0.0182142857142857,NA,NA,"Chile",NA,4,12,"WE",0,297740.11299435,NA
"155","70","155-70",0.237522363506794,"0.0000417865675192289|0.000014335636387978097",1,0,0,4.17865675192289e-05,NA,NA,"Mexico",NA,4,5,"LA",0,NA,NA,"Chile",NA,4,12,"WE",0,71636723.1638418,24576271.1864407
"155","94","155-94",0.846152572625211,"0.0000042512576874693645|6.489264738291387e-7",1,0,0,4.25125768746936e-06,NA,NA,"Costa Rica",NA,4,5,"LA",0.00575757575757576,NA,NA,"Chile",NA,4,12,"WE",0,1112485.87570621,7288135.59322034
"160","100","100-160",1.3990182546426,"0.00002575273494027954|0.000011682719769053393",1,0,0,2.57527349402795e-05,NA,NA,"Colombia (New Granada) (Gran Colombia)",NA,4,5,"LA",0.0134210526315789,NA,NA,"Argentina (La Plata)",NA,4,5,"LA",0.0110869565217391,20028248.5875706,44149152.5423729
"160","101","101-160",1.66975424437685,"0.000006147845903855907|0.00006617197934746914",1,0,0,6.61719793474691e-05,NA,NA,"Venezuela",NA,4,5,"LA",0,NA,NA,"Argentina (La Plata)",NA,4,5,"LA",0.0110869565217391,10539548.0225989,113441807.909605
"160","130","130-160",1.92463908287811,"0.0000049833967633206755|0.000022047879209850832",1,0,0,2.20478792098508e-05,NA,NA,"Ecuador",NA,4,5,"LA",0,NA,NA,"Argentina (La Plata)",NA,4,5,"LA",0.0110869565217391,8543276.83615819,37797740.1129944
"160","135","135-160",2.85760639494817,"0.000010353295465855633|0.00006841229328230725",1,0,0,6.84122932823072e-05,NA,NA,"Peru",NA,4,3,"AS",0.025,NA,NA,"Argentina (La Plata)",NA,4,5,"LA",0.0110869565217391,17749152.5423729,117282485.875706
"160","140","140-160",2.9129605936542,"0.00048647899693888766|0.0004905473516793377",1,0,0,0.000490547351679338,NA,NA,"Brazil",NA,4,5,"LA",0.0085,NA,NA,"Argentina (La Plata)",NA,4,5,"LA",0.0110869565217391,833994350.282486,840968926.553672
"160","145","145-160",4.86539323952254,"0.000037867171575269754|0.00006698381599321074",1,0,0,6.69838159932107e-05,NA,NA,"Bolivia",NA,4,5,"LA",0,NA,NA,"Argentina (La Plata)",NA,4,5,"LA",0.0110869565217391,114833578.531073,64917514.1242938
"160","150","150-160",3.24822987441668,"0.00005861166131582279|0.000014846446420193372",1,0,0,5.86116613158228e-05,NA,NA,"Paraguay",NA,4,3,"AS",0.0242857142857143,NA,NA,"Argentina (La Plata)",NA,4,5,"LA",0.0110869565217391,25451977.4011299,100480790.960452
"160","155","155-160",2.86087927325542,"0.00008482742083369083|0.00016071467743903546",1,0,0,0.000160714677439035,NA,NA,"Chile",NA,4,12,"WE",0,NA,NA,"Argentina (La Plata)",NA,4,5,"LA",0.0110869565217391,145423728.813559,275520903.954802
"160","2","160-2",0.631262970919083,"0.00041019363806327474|0.0006752579071026932",1,0,0,0.000675257907102693,NA,NA,"United States of America",NA,4,8,"AS",0.00662337662337662,NA,NA,"Argentina (La Plata)",NA,4,5,"LA",0.0110869565217391,1157627118.64407,703214689.265537
"160","31","160-31",0.41169156635179,"7.100409245456207e-8|0.000003779664683533807",0.15,0.85,0.51,3.77966468353381e-06,NA,NA,"Bahamas",NA,3,7,"ME",0.353076923076923,NA,NA,"Argentina (La Plata)",NA,4,5,"LA",0.0110869565217391,121725.731895223,6479661.01694915
"160","40","160-40",2.51755349376822,"0.00003255837234368497|2.0552239419337442e-7",1,0,0,3.2558372343685e-05,NA,NA,"Cuba",NA,4,5,"LA",0,NA,NA,"Argentina (La Plata)",NA,4,5,"LA",0.0110869565217391,352336.928608115,55816384.180791
"160","42","160-42",1.26108653891569,"0.000012619314679734616",1,0,0,1.26193146797346e-05,NA,NA,"Dominican Republic (Santo Domingo)",NA,4,5,"LA",0.017,NA,NA,"Argentina (La Plata)",NA,4,5,"LA",0.0110869565217391,NA,21633898.3050847
"160","52","160-52",0.602182398587256,"0.000002974562161790581|1.4699464952859128e-8",1,0,0,2.97456216179058e-06,NA,NA,"Trinidad and Tobago",NA,4,5,"LA",0.021875,NA,NA,"Argentina (La Plata)",NA,4,5,"LA",0.0110869565217391,25199.9999999999,5099435.02824859
"160","55","160-55",1.96650933385561,"1.7166812226356234e-7|1.571976679785184e-7",1,0,0,1.71668122263562e-07,NA,NA,"Grenada",NA,4,5,"LA",0,NA,NA,"Argentina (La Plata)",NA,4,5,"LA",0.0110869565217391,294298.921417566,269491.525423729
"160","68","160-68",2.92650456234751,"0.000042290786454254324",1,0,0,4.22907864542543e-05,NA,NA,"Netherlands Antilles",NA,4,5,"LA",0,NA,NA,"Argentina (La Plata)",NA,4,5,"LA",0.0110869565217391,NA,72501129.9435028
"160","70","160-70",0.505253512145798,"0.00006113506287496644|0.0000776276358183311",1,0,0,7.76276358183311e-05,NA,NA,"Mexico",NA,4,5,"LA",0,NA,NA,"Argentina (La Plata)",NA,4,5,"LA",0.0110869565217391,104806779.661017,133080790.960452
"160","90","160-90",0.976014473513747,"0.000006618450243212952|4.6763834562162977e-8",1,0,0,6.61845024321295e-06,NA,NA,"Guatemala",NA,4,5,"LA",0,NA,NA,"Argentina (La Plata)",NA,4,5,"LA",0.0110869565217391,80169.4915254237,11346327.6836158
"160","92","160-92",0.731038233845112,"3.9431478739260516e-7|0.0000034079268020248583",1,0,0,3.40792680202486e-06,NA,NA,"El Salvador",NA,4,5,"LA",0,NA,NA,"Argentina (La Plata)",NA,4,5,"LA",0.0110869565217391,675992.811586034,5842372.88135593
"160","94","160-94",0.0929877859919249,"0.000002819012268109529|2.3299528566208085e-7",1,0,0,2.81901226810953e-06,NA,NA,"Costa Rica",NA,4,5,"LA",0.00575757575757576,NA,NA,"Argentina (La Plata)",NA,4,5,"LA",0.0110869565217391,399435.028248588,4832768.36158192
"165","100","100-165",1.136696109994,"0.0000016428309745763389|0.000002614029145504418",1,0,0,2.61402914550442e-06,NA,NA,"Colombia (New Granada) (Gran Colombia)",NA,4,5,"LA",0.0134210526315789,NA,NA,"Uruguay",NA,4,5,"LA",0,2816384.18079096,4481355.93220339
"165","101","101-165",1.51958686356155,"0.000010480833196479707|0.0000016668884793193843",1,0,0,1.04808331964797e-05,NA,NA,"Venezuela",NA,4,5,"LA",0,NA,NA,"Uruguay",NA,4,5,"LA",0,17967796.6101695,2857627.11864407
"165","130","130-165",0.0571577034279235,"7.540215185216988e-8|4.4951282834947393e-7",1,0,0,4.49512828349474e-07,NA,NA,"Ecuador",NA,4,5,"LA",0,NA,NA,"Uruguay",NA,4,5,"LA",0,129265.536723164,770621.468926554
"165","135","135-165",1.70005934097499,"0.000002836808230522191|8.660701707495701e-7",1,0,0,2.83680823052219e-06,NA,NA,"Peru",NA,4,3,"AS",0.025,NA,NA,"Uruguay",NA,4,5,"LA",0,1484745.76271186,4863276.83615819
"165","140","140-165",3.57468901734483,"0.00011108239737983918|0.00012654511138728578",1,0,0,0.000126545111387286,NA,NA,"Brazil",NA,4,5,"LA",0.0085,NA,NA,"Uruguay",NA,4,5,"LA",0,190433898.305085,216942372.881356
"165","145","145-165",1.78628575800738,"9.807552618533974e-7|4.0524174674452177e-7",1,0,0,9.80755261853397e-07,NA,NA,"Bolivia",NA,4,5,"LA",0,NA,NA,"Uruguay",NA,4,5,"LA",0,694725.423728814,1681355.93220339
"165","150","150-165",3.43979139760266,"0.000003730231454609747|0.0000034181430026691673",1,0,0,3.73023145460975e-06,NA,NA,"Paraguay",NA,4,3,"AS",0.0242857142857143,NA,NA,"Uruguay",NA,4,5,"LA",0,6394915.25423729,5859887.00564972
"165","155","155-165",1.79755493192479,"0.000007322708977951116",1,0,0,7.32270897795112e-06,NA,NA,"Chile",NA,4,12,"WE",0,NA,NA,"Uruguay",NA,4,5,"LA",0,NA,12553672.3163842
"165","160","160-165",3.97245682203573,"0.00010241872967860762|0.000053746442925116563",1,0,0,0.000102418729678608,NA,NA,"Argentina (La Plata)",NA,4,5,"LA",0.0110869565217391,NA,NA,"Uruguay",NA,4,5,"LA",0,175581355.932203,92140112.9943503
"165","2","165-2",0.0586643957300584,"0.00005289520272304422|0.0000713486270803967",1,0,0,7.13486270803967e-05,NA,NA,"United States of America",NA,4,8,"AS",0.00662337662337662,NA,NA,"Uruguay",NA,4,5,"LA",0,122316384.180791,90680790.960452
"165","40","165-40",2.31792431596069,"0.00000351865723481476|3.415386725662504e-8",1,0,0,3.51865723481476e-06,NA,NA,"Cuba",NA,4,5,"LA",0,NA,NA,"Uruguay",NA,4,5,"LA",0,58551.617873652,6032203.38983051
"165","42","165-42",0.610813372384826,"8.690361644850185e-7|1.9773291569624966e-9",1,0,0,8.69036164485019e-07,NA,NA,"Dominican Republic (Santo Domingo)",NA,4,5,"LA",0.017,NA,NA,"Uruguay",NA,4,5,"LA",0,3389.83050847458,1489830.50847458
"165","53","165-53",0.927101345226464,"2.049831226051119e-7|9.886645784812483e-10",1,0,0,2.04983122605112e-07,NA,NA,"Barbados",NA,4,5,"LA",0.0182142857142857,NA,NA,"Uruguay",NA,4,5,"LA",0,1694.91525423729,351412.429378531
"165","55","165-55",0.713283053975069,"9.183595417892456e-9|1.0545755503799949e-8",1,0,0,1.05457555037999e-08,NA,NA,"Grenada",NA,4,5,"LA",0,NA,NA,"Uruguay",NA,4,5,"LA",0,15743.879472693,18079.0960451977
"165","70","165-70",0.271114069498468,"0.000009061440416640149|0.000009342221156928772",1,0,0,9.34222115692877e-06,NA,NA,"Mexico",NA,4,5,"LA",0,NA,NA,"Uruguay",NA,4,5,"LA",0,15534463.2768362,16015819.2090395
"165","92","165-92",0.459946787347423,"1.4803248012935414e-7|5.931987470887467e-9",1,0,0,1.48032480129354e-07,NA,NA,"El Salvador",NA,4,5,"LA",0,NA,NA,"Uruguay",NA,4,5,"LA",0,253779.202931745,10169.4915254237
"165","94","165-94",0.0870275064698036,"3.697605523519866e-7|6.231882393026772e-8",1,0,0,3.69760552351987e-07,NA,NA,"Costa Rica",NA,4,5,"LA",0.00575757575757576,NA,NA,"Uruguay",NA,4,5,"LA",0,106836.15819209,633898.305084746
"20","2","2-20",1.69076303675661,"0.03149697941635669|0.02806037693291259",1,0,0,0.0314969794163567,NA,NA,"United States of America",NA,4,8,"AS",0.00662337662337662,NA,NA,"Canada (Province of Canada)",NA,4,4,"AF",0.0392307692307692,48105254237.2881,53996787218.9662
"200","11","11-200",0.831896017712973,"0.000004259919280210944|0.000017058507705817764",0,1,0,1.70585077058178e-05,NA,NA,"Faeroe Is.",NA,3,11,"WE",0,NA,NA,"United Kingdom",NA,4,1,"AS",0.0107228915662651,29244220.4913719,7302984.57839006
"200","110","110-200",1.57839111123015,"0.000011658174864426457|0.000026708756707463646",1,0,0,2.67087567074636e-05,NA,NA,"Guyana (British Guiana)",NA,4,5,"LA",0,NA,NA,"United Kingdom",NA,4,1,"AS",0.0107228915662651,45788106.6546689,19986170.0766464
"200","145","145-200",0.810524592836354,"0.000003356516278941439|0.000025293735545744687",1,0,0,2.52937355457447e-05,NA,NA,"Bolivia",NA,4,5,"LA",0,NA,NA,"United Kingdom",NA,4,1,"AS",0.0107228915662651,43362267.7966102,5754237.34813367
"200","30","200-30",1.35079276161272,"0.000009463351505962337|0.000003523518168992291",1,0,0,9.46335150596234e-06,NA,NA,"Bermuda",NA,4,1,"AS",0.0364285714285714,NA,NA,"United Kingdom",NA,4,1,"AS",0.0107228915662651,6040536.72316384,16223478.7942989
"200","31","200-31",0.161831384992222,"0.000011416611274163183|0.000019194949337224764",0.15,0.85,0.51,1.91949493372248e-05,NA,NA,"Bahamas",NA,3,7,"ME",0.353076923076923,NA,NA,"United Kingdom",NA,4,1,"AS",0.0107228915662651,32906825.1701214,19572045.9915755
"200","51","200-51",1.02559557393627,"0.000031887832754720536|0.00006127423290346595",1,0,0,6.1274232903466e-05,NA,NA,"Jamaica",NA,4,5,"LA",0,NA,NA,"United Kingdom",NA,4,1,"AS",0.0107228915662651,105045365.536723,54666845.9019425
"200","52","200-52",0.413753359899317,"0.00003627797156293452|0.000014547366778005276",1,0,0,3.62779715629345e-05,NA,NA,"Trinidad and Tobago",NA,4,5,"LA",0.021875,NA,NA,"United Kingdom",NA,4,1,"AS",0.0107228915662651,24939250.7809903,62193072.0824045
"200","53","200-53",0.961473568634387,"0.000019522921368474534|0.000007129260275428283",1,0,0,1.95229213684745e-05,NA,NA,"Barbados",NA,4,5,"LA",0.0182142857142857,NA,NA,"United Kingdom",NA,4,1,"AS",0.0107228915662651,12222033.8983051,33469083.402921
"200","54","200-54",2.2917918130097,"0.000009514614965650644|0.000010417204781481181",1,0,0,1.04172047814812e-05,NA,NA,"Dominica",NA,4,5,"LA",0,NA,NA,"United Kingdom",NA,4,1,"AS",0.0107228915662651,16311362.2096673,17858715.3570011
"200","55","200-55",1.44625653994063,"0.000004503433034199064|0.000002222270420634021",1,0,0,4.50343303419906e-06,NA,NA,"Grenada",NA,4,5,"LA",0,NA,NA,"United Kingdom",NA,4,1,"AS",0.0107228915662651,3809745.10157831,7720451.92296215
"200","56","200-56",2.36071730548958,"0.00002363390828463269|0.00001099555330355215",1,0,0,2.36339082846327e-05,NA,NA,"St. Lucia",NA,4,5,"LA",0,NA,NA,"United Kingdom",NA,4,1,"AS",0.0107228915662651,40516746.0640735,18850206.0543107
"200","57","200-57",2.25310924438752,"0.0000044849723596759616|0.000012105404390692999",1,0,0,1.2105404390693e-05,NA,NA,"St. Vincent and the Grenadines",NA,4,5,"LA",0,NA,NA,"United Kingdom",NA,4,1,"AS",0.0107228915662651,20752877.1709563,7688803.90043384
"200","58","200-58",1.22502487711676,"0.000011382146066043176",1,0,0,1.13821460660432e-05,NA,NA,"Antigua and Barbuda (Antigua)",NA,4,1,"AS",0,NA,NA,"United Kingdom",NA,4,1,"AS",0.0107228915662651,NA,19512960.6270803
"200","60","200-60",1.83722681594693,"0.0000034070317393098995|0.000004870296204939156",1,0,0,4.87029620493916e-06,NA,NA,"St. Kitts-Nevis",NA,4,5,"LA",0,NA,NA,"United Kingdom",NA,4,1,"AS",0.0107228915662651,5840838.43227977,8349383.1073487
"200","80","200-80",1.64163528367996,"0.000008809810773425194|0.000008975920930601478",1,0,0,8.97592093060148e-06,NA,NA,"Belize (British Honduras)",NA,4,5,"LA",0,NA,NA,"United Kingdom",NA,4,1,"AS",0.0107228915662651,15387853.1073446,15103082.472885
"205","2","2-205",0.0162106419309994,"0.0008842286435076786|0.0006923548762516791",0,1,0,0.000884228643507679,NA,NA,"United States of America",NA,4,8,"AS",0.00662337662337662,NA,NA,"Ireland",NA,0,8,"AS",0.037037037037037,1515875706.21469,1186937275.43795
"205","200","200-205",2.12449059792854,"0.0030724716140637055|0.0025501295645654508",0,1,0,0.00307247161406371,NA,NA,"United Kingdom",NA,4,1,"AS",0.0107228915662651,NA,NA,"Ireland",NA,0,8,"AS",0.037037037037037,5267285912.97095,4371809806.21676
"205","30","205-30",0.584732944689355,"0.0000068914852635706355",0,1,0,6.89148526357064e-06,NA,NA,"Bermuda",NA,4,1,"AS",0.0364285714285714,NA,NA,"Ireland",NA,0,8,"AS",0.037037037037037,NA,11814404.7554738
"205","51","205-51",2.4416432635549,"0.000028081360679481146|5.097892717747404e-7",0,1,0,2.80813606794811e-05,NA,NA,"Jamaica",NA,4,5,"LA",0,NA,NA,"Ireland",NA,0,8,"AS",0.037037037037037,48141227.6836158,873956.275954429
"205","52","205-52",0.133768542678786,"0.000003615457555358689|2.569361667560236e-7",0,1,0,3.61545755535869e-06,NA,NA,"Trinidad and Tobago",NA,4,5,"LA",0.021875,NA,NA,"Ireland",NA,0,8,"AS",0.037037037037037,440478.03256896,6198152.83666616
"210","100","100-210",0.0525609299609868,"0.000010738882054549813|0.0001029852344820774",0,1,0,0.000102985234482077,NA,NA,"Colombia (New Granada) (Gran Colombia)",NA,4,5,"LA",0.0134210526315789,NA,NA,"Netherlands",NA,0,8,"AF",0.0270588235294118,176552542.372881,18410182.1829928
"210","115","115-210",1.82034543456227,"0.000021152557094070605|0.000030711955407587555",0,1,0,3.07119554075876e-05,NA,NA,"Surinam (Dutch Guiana)",NA,4,3,"AS",0,NA,NA,"Netherlands",NA,0,8,"AF",0.0270588235294118,52650982.7910891,36262846.3335257
"210","140","140-210",0.523385498185425,"0.0007076310696153443|0.00011158337411549636",0,1,0,0.000707631069615344,NA,NA,"Brazil",NA,4,5,"LA",0.0085,NA,NA,"Netherlands",NA,0,8,"AF",0.0270588235294118,1213125988.70057,191292746.826378
"210","150","150-210",1.27093290460434,"0.000003812060766413622|0.00003611954215537441",0,1,0,3.61195421553744e-05,NA,NA,"Paraguay",NA,4,3,"AS",0.0242857142857143,NA,NA,"Netherlands",NA,0,8,"AF",0.0270588235294118,61921468.9265537,6535199.18049384
"210","155","155-210",0.0306163107740871,"0.00011959545851028177|0.000022939344905100115",0,1,0,0.000119595458510282,NA,NA,"Chile",NA,4,12,"WE",0,NA,NA,"Netherlands",NA,0,8,"AF",0.0270588235294118,205028248.587571,39326022.645204
"210","160","160-210",0.985796426929703,"0.00003537882169189928|0.0004377427765426547",0,1,0,0.000437742776542655,NA,NA,"Argentina (La Plata)",NA,4,5,"LA",0.0110869565217391,NA,NA,"Netherlands",NA,0,8,"AF",0.0270588235294118,750443502.824859,60651616.1979384
"210","200","200-210",0.689919659667679,"0.0047948494931560484|0.004091221464601934",0,1,0,0.00479484949315605,NA,NA,"United Kingdom",NA,4,1,"AS",0.0107228915662651,NA,NA,"Netherlands",NA,0,8,"AF",0.0270588235294118,8220041179.39203,7013777796.57994
"210","205","205-210",0.517790805200988,"0.0002683389720703331|0.0005322755291200781",1,0,0,0.000532275529120078,NA,NA,"Ireland",NA,0,8,"AS",0.037037037037037,NA,NA,"Netherlands",NA,0,8,"AF",0.0270588235294118,912505548.796655,460026410.339316
"210","40","210-40",0.601235991822977,"0.00002688361966909961|0.00001258418950188804",0,1,0,2.68836196690996e-05,NA,NA,"Cuba",NA,4,5,"LA",0,NA,NA,"Netherlands",NA,0,8,"AF",0.0270588235294118,46087882.642935,21573681.5227343
"210","42","210-42",1.30850668093948,"0.000017728277050184843|0.00003268887606804448",0,1,0,3.26888760680445e-05,NA,NA,"Dominican Republic (Santo Domingo)",NA,4,5,"LA",0.017,NA,NA,"Netherlands",NA,0,8,"AF",0.0270588235294118,56040112.9943503,30392438.3028486
"210","51","210-51",0.74532449029379,"0.000003947078963439218|0.000033731030366215306",0,1,0,3.37310303662153e-05,NA,NA,"Jamaica",NA,4,5,"LA",0,NA,NA,"Netherlands",NA,0,8,"AF",0.0270588235294118,57826728.2485876,6766667.37174819
"210","55","210-55",0.0338822693732387,"3.9435056121530763e-7|6.828465995785997e-7",0,1,0,6.828465995786e-07,NA,NA,"Grenada",NA,4,5,"LA",0,NA,NA,"Netherlands",NA,0,8,"AF",0.0270588235294118,676054.140371469,1170636.77926819
"210","68","210-68",0.779802458655044,"0.00004751318555565501",0,1,0,4.7513185555655e-05,NA,NA,"Netherlands Antilles",NA,4,5,"LA",0,NA,NA,"Netherlands",NA,0,8,"AF",0.0270588235294118,NA,81454139.9868853
"210","92","210-92",0.146128503765973,"0.0000046140618061871165|0.00000916214580430712",0,1,0,9.16214580430712e-06,NA,NA,"El Salvador",NA,4,5,"LA",0,NA,NA,"Netherlands",NA,0,8,"AF",0.0270588235294118,15707107.3681243,7910108.14943294
"220","11","11-220",0.436572760177722,"4.031108790141373e-7|0.000012858185775490014",0,1,0,1.285818577549e-05,NA,NA,"Faeroe Is.",NA,3,11,"WE",0,NA,NA,"France",NA,0,9,"AF",0.0404166666666667,22043406.5172775,691072.374656763
"220","130","130-220",0.259714256721425,"0.00006693884608259879|0.000008598349928079502",0,1,0,6.69388460825988e-05,NA,NA,"Ecuador",NA,4,5,"LA",0,NA,NA,"France",NA,0,9,"AF",0.0404166666666667,14740564.9717514,114756484.449686
"220","200","200-220",0.59869794373854,"0.006723746813986187|0.006220455847632988",0,1,0,0.00672374681398619,NA,NA,"United Kingdom",NA,4,1,"AS",0.0107228915662651,NA,NA,"France",NA,0,9,"AF",0.0404166666666667,11526842660.9973,10664026742.6782
"220","205","205-220",0.442069527520126,"0.00028441781722171876|0.0007580618257316566",1,0,0,0.000758061825731657,NA,NA,"Ireland",NA,0,8,"AS",0.037037037037037,NA,NA,"France",NA,0,9,"AF",0.0404166666666667,1299581860.27186,487591148.17939
"220","210","210-220",0.661888382829778,"0.0034893535363675642|0.004675954077198101",1,0,0,0.0046759540771981,NA,NA,"Netherlands",NA,0,8,"AF",0.0270588235294118,NA,NA,"France",NA,0,9,"AF",0.0404166666666667,8016213047.43288,5981966649.7017
"220","53","220-53",0.122061667367882,"0.0000016809243811000288|0.0000034468142754451226",0,1,0,3.44681427544512e-06,NA,NA,"Barbados",NA,4,5,"LA",0.0182142857142857,NA,NA,"France",NA,0,9,"AF",0.0404166666666667,5909039.5480226,2881689.54037211
"220","57","220-57",0.558014121335851,"0.000004653518005049502|1.8430660660576305e-8",0,1,0,4.6535180050495e-06,NA,NA,"St. Vincent and the Grenadines",NA,4,5,"LA",0,NA,NA,"France",NA,0,9,"AF",0.0404166666666667,31596.5683197321,7977749.80948797
"225","100","100-225",0.445879840337876,"0.0000213808601742354|0.0000506110956319957",0,1,0,5.06110956319957e-05,NA,NA,"Colombia (New Granada) (Gran Colombia)",NA,4,5,"LA",0.0134210526315789,NA,NA,"Switzerland",NA,2,14,"WE",0.0813157894736842,36654237.2881355,86765036.2796514
"225","130","130-225",0.100462491714686,"2.3078726810347233e-7|0.000018134355629402384",0,1,0,1.81343556294024e-05,NA,NA,"Ecuador",NA,4,5,"LA",0,NA,NA,"Switzerland",NA,2,14,"WE",0.0813157894736842,395649.717514124,31088598.3487482
"225","150","150-225",0.779596161192288,"0.000003649714879993662|0.000011592092182692622",0,1,0,1.15920921826926e-05,NA,NA,"Paraguay",NA,4,3,"AS",0.0242857142857143,NA,NA,"Switzerland",NA,2,14,"WE",0.0813157894736842,19872881.3559322,6256881.81650113
"225","200","200-225",0.155677037291921,"0.0012266818057942858|0.0013353525599817961",0,1,0,0.0013353525599818,NA,NA,"United Kingdom",NA,4,1,"AS",0.0107228915662651,NA,NA,"Switzerland",NA,2,14,"WE",0.0813157894736842,2102959638.67741,2289259141.02716
"225","220","220-225",0.646318368947652,"0.0026240314275855553|0.001945490157580264",0,1,0,0.00262403142758556,NA,NA,"France",NA,0,9,"AF",0.0404166666666667,NA,NA,"Switzerland",NA,2,14,"WE",0.0813157894736842,4498503325.61213,3335247379.9726
"225","30","225-30",0.247388759691367,"0.000012912236668499671",0,1,0,1.29122366684997e-05,NA,NA,"Bermuda",NA,4,1,"AS",0.0364285714285714,NA,NA,"Switzerland",NA,2,14,"WE",0.0813157894736842,NA,22136068.5636997
"225","31","225-31",0.632807879883258,"0.000011079450561330785|0.000011749132418255388",0,1,0,1.17491324182554e-05,NA,NA,"Bahamas",NA,3,7,"ME",0.353076923076923,NA,NA,"Switzerland",NA,2,14,"WE",0.0813157894736842,20142102.9873911,18994035.1598463
"230","100","100-230",0.0244507122377173,"0.00003131196705459752|0.00005007553134521566",0,1,0,5.00755313452157e-05,NA,NA,"Colombia (New Granada) (Gran Colombia)",NA,4,5,"LA",0.0134210526315789,NA,NA,"Spain",NA,0,3,"AS",0.0329310344827586,85846892.6553672,53679611.6257536
"230","101","101-230",0.355774873466458,"0.0000441962726518472|0.00008548191198926108",0,1,0,8.54819119892611e-05,NA,NA,"Venezuela",NA,4,5,"LA",0,NA,NA,"Spain",NA,0,3,"AS",0.0329310344827586,75767796.6101695,146545754.490906
"230","11","11-230",0.505220713780428,"2.1883301722123065e-7|0.0000057577013885480484",0,1,0,5.75770138854805e-06,NA,NA,"Faeroe Is.",NA,3,11,"WE",0,NA,NA,"Spain",NA,0,3,"AS",0.0329310344827586,9870704.5090909,375155.970075113
"230","130","130-230",0.532896357233389,"0.000013647995703421538|0.00003726810675168203",0,1,0,3.7268106751682e-05,NA,NA,"Ecuador",NA,4,5,"LA",0,NA,NA,"Spain",NA,0,3,"AS",0.0329310344827586,63890508.4745763,23397415.6766383
"230","155","155-230",0.424246939514571,"0.00011386120395509011|0.00005349684286682982",0,1,0,0.00011386120395509,NA,NA,"Chile",NA,4,12,"WE",0,NA,NA,"Spain",NA,0,3,"AS",0.0329310344827586,195197740.112994,91712211.6054904
"230","160","160-230",0.513763012601417,"0.0001587386665015109|0.00008270837670950079",0,1,0,0.000158738666501511,NA,NA,"Argentina (La Plata)",NA,4,5,"LA",0.0110869565217391,NA,NA,"Spain",NA,0,3,"AS",0.0329310344827586,272133333.333333,141790949.518473
"230","165","165-230",0.200408275543325,"0.000011325401514449466|0.000007660832263791673",0,1,0,1.13254015144495e-05,NA,NA,"Uruguay",NA,4,5,"LA",0,NA,NA,"Spain",NA,0,3,"AS",0.0329310344827586,13133333.3333333,19415680.7121482
"230","200","200-230",0.505759570297259,"0.002561561236040161|0.001539697219116294",0,1,0,0.00256156123604016,NA,NA,"United Kingdom",NA,4,1,"AS",0.0107228915662651,NA,NA,"Spain",NA,0,3,"AS",0.0329310344827586,4391407670.63472,2639577021.7598
"230","210","210-230",0.129375671896504,"0.0011477807034524913|0.0008553968779538518",1,0,0,0.00114778070345249,NA,NA,"Netherlands",NA,0,8,"AF",0.0270588235294118,NA,NA,"Spain",NA,0,3,"AS",0.0329310344827586,1967695682.78584,1466448023.35096
"230","220","220-230",1.1909417222396,"0.004843436081173966|0.003968441749847236",1,0,0,0.00484343608117397,NA,NA,"France",NA,0,9,"AF",0.0404166666666667,NA,NA,"Spain",NA,0,3,"AS",0.0329310344827586,8303335504.86429,6803290624.30932
"230","40","230-40",2.01139981020519,"0.000027485311635968315|0.00009434025067785094",0,1,0,9.43402506778509e-05,NA,NA,"Cuba",NA,4,5,"LA",0,NA,NA,"Spain",NA,0,3,"AS",0.0329310344827586,47119392.1307781,161732030.703568
"230","70","230-70",0.00777111469801686,"0.00037885066404140267|0.00020154358162894189",0,1,0,0.000378850664041403,NA,NA,"Mexico",NA,4,5,"LA",0,NA,NA,"Spain",NA,0,3,"AS",0.0329310344827586,649481920.903955,345515858.797394
"230","93","230-93",0.553446822002511,"0.000006212954793281045|8.568426346837497e-7",0,1,0,6.21295479328104e-06,NA,NA,"Nicaragua",NA,4,5,"LA",0,NA,NA,"Spain",NA,0,3,"AS",0.0329310344827586,1468926.55367232,10651167.3243065
"231","140","140-231",1.09632763120468,"0.000006132686380319179",0,1,0,6.13268638031918e-06,NA,NA,"Brazil",NA,4,5,"LA",0.0085,NA,NA,"Gibraltar",NA,0,14,"WE",0,10513559.3220339,NA
"231","200","200-231",1.37885394364556,"0.00004666524964089844",0,1,0,4.66652496408984e-05,NA,NA,"United Kingdom",NA,4,1,"AS",0.0107228915662651,NA,NA,"Gibraltar",NA,0,14,"WE",0,80000482.6517107,NA
"231","210","210-231",0.763386396463828,"0.00001646323057492016",1,0,0,1.64632305749202e-05,NA,NA,"Netherlands",NA,0,8,"AF",0.0270588235294118,NA,NA,"Gibraltar",NA,0,14,"WE",0,28223708.2654693,NA
"231","230","230-231",2.53506957360092,"0.00004840966920094003",1,0,0,4.840966920094e-05,NA,NA,"Spain",NA,0,3,"AS",0.0329310344827586,NA,NA,"Gibraltar",NA,0,14,"WE",0,82991025.0322684,NA
"235","135","135-235",0.200673442075709,"5.246468065336943e-7|0.00000943383740786806",0,1,0,9.43383740786806e-06,NA,NA,"Peru",NA,4,3,"AS",0.025,NA,NA,"Portugal",NA,0,3,"AS",0.0425531914893617,16172881.3559322,899427.262628186
"235","150","150-235",0.91107147422734,"1.1890023332996319e-7|0.0000046121202586150195",0,1,0,4.61212025861502e-06,NA,NA,"Paraguay",NA,4,3,"AS",0.0242857142857143,NA,NA,"Portugal",NA,0,3,"AS",0.0425531914893617,7906779.66101695,203836.390611773
"235","160","160-235",0.370736833782266,"0.000002288812823880184|0.00004330581542149508",0,1,0,4.33058154214951e-05,NA,NA,"Argentina (La Plata)",NA,4,5,"LA",0.0110869565217391,NA,NA,"Portugal",NA,0,3,"AS",0.0425531914893617,74241242.9378531,3923821.94499955
"235","200","200-235",0.642603513971314,"0.0006312493290522815|0.0005794997229670154",0,1,0,0.000631249329052281,NA,NA,"United Kingdom",NA,4,1,"AS",0.0107228915662651,NA,NA,"Portugal",NA,0,3,"AS",0.0425531914893617,1082181095.91964,993464256.393107
"235","210","210-235",0.329039876630581,"0.0003297560354322249|0.0003085646601503094",1,0,0,0.000329756035432225,NA,NA,"Netherlands",NA,0,8,"AF",0.0270588235294118,NA,NA,"Portugal",NA,0,3,"AS",0.0425531914893617,565316637.002881,528987242.782284
"235","220","220-235",0.81992167409976,"0.0007744384385507739|0.0010485479721175522",1,0,0,0.00104854797211755,NA,NA,"France",NA,0,9,"AF",0.0404166666666667,NA,NA,"Portugal",NA,0,3,"AS",0.0425531914893617,1797576237.10125,1327657075.55114
"235","225","225-235",0.0233568458833907,"0.00010598303003302318|0.00015597182134337228",0,1,0,0.000155971821343372,NA,NA,"Switzerland",NA,2,14,"WE",0.0813157894736842,NA,NA,"Portugal",NA,0,3,"AS",0.0425531914893617,267389997.558276,181691807.51798
"235","230","230-235",2.20668686182126,"0.000813229103374903|0.0013053990096252648",1,0,0,0.00130539900962526,NA,NA,"Spain",NA,0,3,"AS",0.0329310344827586,NA,NA,"Portugal",NA,0,3,"AS",0.0425531914893617,2237908328.50403,1394157778.58373
"235","231","231-235",1.40329473186245,"0.000004414763026768332",1,0,0,4.41476302676833e-06,NA,NA,"Gibraltar",NA,0,14,"WE",0,NA,NA,"Portugal",NA,0,3,"AS",0.0425531914893617,NA,7568440.66306797
"235","40","235-40",0.722353904443677,"0.000005553065592665456|5.43290218760083e-7",0,1,0,5.55306559266546e-06,NA,NA,"Cuba",NA,4,5,"LA",0,NA,NA,"Portugal",NA,0,3,"AS",0.0425531914893617,9519887.51862362,931388.561193248
"235","55","235-55",0.459175635432046,"1.1041529697784717e-7|2.7478147073699874e-8",0,1,0,1.10415296977847e-07,NA,NA,"Grenada",NA,4,5,"LA",0,NA,NA,"Portugal",NA,0,3,"AS",0.0425531914893617,189290.255989932,47107.1095769747
"255","11","11-255",0.582682308677729,"0.0000015828157655933896|0.00002309904686064217",0,1,0,2.30990468606422e-05,NA,NA,"Faeroe Is.",NA,3,11,"WE",0,NA,NA,"Germany (Zollverein)",NA,2,8,"AF",0.083728813559322,39599807.391286,2713497.22053625
"255","200","200-255",0.395811487164625,"0.008520374344826562|0.01011422693595784",0,1,0,0.0101142269359578,NA,NA,"United Kingdom",NA,4,1,"AS",0.0107228915662651,NA,NA,"Germany (Zollverein)",NA,2,8,"AF",0.083728813559322,14606887677.7631,17339305859.3307
"255","205","205-255",0.292088254795298,"0.0005736272548958783|0.0010128109336066632",0,1,0,0.00101281093360666,NA,NA,"Ireland",NA,0,8,"AS",0.037037037037037,NA,NA,"Germany (Zollverein)",NA,2,8,"AF",0.083728813559322,1736310512.57573,983396801.838316
"255","210","210-255",1.23876611086239,"0.012923044635710455|0.011167372355311251",0,1,0,0.0129230446357105,NA,NA,"Netherlands",NA,0,8,"AF",0.0270588235294118,NA,NA,"Germany (Zollverein)",NA,2,8,"AF",0.083728813559322,22154597181.8899,19144763721.4241
"255","220","220-255",0.784851673490087,"0.013115666295995147|0.017451006672085344",0,1,0,0.0174510066720853,NA,NA,"France",NA,0,9,"AF",0.0404166666666667,NA,NA,"Germany (Zollverein)",NA,2,8,"AF",0.083728813559322,22484817761.6689,29917100353.4392
"255","225","225-255",1.01446740124402,"0.0074970825715087565|0.004804880090189919",1,0,0,0.00749708257150876,NA,NA,"Switzerland",NA,2,14,"WE",0.0813157894736842,NA,NA,"Germany (Zollverein)",NA,2,8,"AF",0.083728813559322,8237237114.48655,12852609357.4088
"255","230","230-255",0.527007221090482,"0.0031712955112773726|0.005479420177525748",0,1,0,0.00547942017752575,NA,NA,"Spain",NA,0,3,"AS",0.0329310344827586,NA,NA,"Germany (Zollverein)",NA,2,8,"AF",0.083728813559322,5436704474.65132,9393633640.16802
"255","235","235-255",0.689295391087459,"0.0010549124547129262|0.0015046865384410202",0,1,0,0.00150468653844102,NA,NA,"Portugal",NA,0,3,"AS",0.0425531914893617,NA,NA,"Germany (Zollverein)",NA,2,8,"AF",0.083728813559322,1808487175.8271,2579556527.41893
"255","91","255-91",0.0749115398901395,"0.0000075818415622921635|0.000022113131072030555",0,1,0,2.21131310720306e-05,NA,NA,"Honduras",NA,4,5,"LA",0,NA,NA,"Germany (Zollverein)",NA,2,8,"AF",0.083728813559322,37909604.519774,12997915.7732948
"255","92","255-92",0.282012753318486,"0.000022612672316998592|0.00002502788964657419",0,1,0,2.50278896465742e-05,NA,NA,"El Salvador",NA,4,5,"LA",0,NA,NA,"Germany (Zollverein)",NA,2,8,"AF",0.083728813559322,42906515.3810916,38765992.1103132
"255","93","255-93",0.18530291236576,"0.0000043628468223497354|0.000009095714122027446",0,1,0,9.09571412202745e-06,NA,NA,"Nicaragua",NA,4,5,"LA",0,NA,NA,"Germany (Zollverein)",NA,2,8,"AF",0.083728813559322,15593220.338983,7479438.21600311
"255","94","255-94",0.138330875519362,"0.000018297961123954066|0.00005744843152826767",0,1,0,5.74484315282677e-05,NA,NA,"Costa Rica",NA,4,5,"LA",0.00575757575757576,NA,NA,"Germany (Zollverein)",NA,2,8,"AF",0.083728813559322,98486610.1694915,31369075.1195643
"255","95","255-95",0.569039714310675,"0.00003936295927157282|0.000018458129412081476",0,1,0,3.93629592715728e-05,NA,NA,"Panama",NA,4,7,"ME",0.0159375,NA,NA,"Germany (Zollverein)",NA,2,8,"AF",0.083728813559322,31643659.3220339,67481814.9384881
"290","140","140-290",0.186845661211125,"0.00002592904679010867|0.00003973282921818702",0,1,0,3.9732829218187e-05,NA,NA,"Brazil",NA,4,5,"LA",0.0085,NA,NA,"Poland",NA,2,1,"AS",0.112,44451412.4293785,68115900.7834198
"290","165","165-290",0.370286642116399,"0.000003530521209756537",0,1,0,3.53052120975654e-06,NA,NA,"Uruguay",NA,4,5,"LA",0,NA,NA,"Poland",NA,2,1,"AS",0.112,6052542.37288136,NA
"290","200","200-290",0.23942904899801,"0.00034933473111418176|0.00020234072005370434",0,1,0,0.000349334731114182,NA,NA,"United Kingdom",NA,4,1,"AS",0.0107228915662651,NA,NA,"Poland",NA,2,1,"AS",0.112,346882431.551466,598881336.994859
"290","210","210-290",0.529356265997688,"0.0002546546033798269|0.00030156367184858986",0,1,0,0.00030156367184859,NA,NA,"Netherlands",NA,0,8,"AF",0.0270588235294118,NA,NA,"Poland",NA,2,1,"AS",0.112,516985111.700022,436566638.700915
"290","225","225-290",0.815186612483064,"0.00023744686167471163|0.00009355873226340741",1,0,0,0.000237446861674712,NA,NA,"Switzerland",NA,2,14,"WE",0.0813157894736842,NA,NA,"Poland",NA,2,1,"AS",0.112,160392236.084707,407066579.184493
"290","255","255-290",1.10809299218637,"0.0014467146701192576|0.0016915387627276359",1,0,0,0.00169153876272764,NA,NA,"Germany (Zollverein)",NA,2,8,"AF",0.083728813559322,NA,NA,"Poland",NA,2,1,"AS",0.112,2899886285.48314,2480172564.37038
"30","2","2-30",1.59380722049624,"0.000011874524322382209|0.00007655559386039772",1,0,0,7.65555938603977e-05,NA,NA,"United States of America",NA,4,8,"AS",0.00662337662337662,NA,NA,"Bermuda",NA,4,1,"AS",0.0364285714285714,131242937.853107,20357068.3615819
"305","225","225-305",1.08011194378074,"0.0008645423632961545|0.000765948087801121",1,0,0,0.000864542363296154,NA,NA,"Switzerland",NA,2,14,"WE",0.0813157894736842,NA,NA,"Austria",NA,2,1,"AS",0.0331034482758621,1313101658.7671,1482126568.88749
"305","231","231-305",0.553906842826318,"0.000004758522612198054",0,1,0,4.75852261219805e-06,NA,NA,"Gibraltar",NA,0,14,"WE",0,NA,NA,"Austria",NA,2,1,"AS",0.0331034482758621,NA,8157764.25958051
"305","255","255-305",1.46503602110281,"0.007874370404469373|0.005287334256501514",1,0,0,0.00787437040446937,NA,NA,"Germany (Zollverein)",NA,2,8,"AF",0.083728813559322,NA,NA,"Austria",NA,2,1,"AS",0.0331034482758621,13499412041.7989,9064331503.9791
"305","290","290-305",1.22310401675327,"0.00022318303573899052|0.00021508133998835986",1,0,0,0.000223183035738991,NA,NA,"Poland",NA,2,1,"AS",0.112,NA,NA,"Austria",NA,2,1,"AS",0.0331034482758621,382613416.111353,368724289.291388
"31","2","2-31",1.22066586544313,"0.00023760905369499334|0.00014626243854986198",0.15,0.85,0.51,0.000237609053694993,NA,NA,"United States of America",NA,4,8,"AS",0.00662337662337662,NA,NA,"Bahamas",NA,3,7,"ME",0.353076923076923,407344632.768362,250744735.490498
"31","20","20-31",0.0239544121246165,"0.000011059777380518112|0.000010465408937643695",0.15,0.85,0.51,1.10597773805181e-05,NA,NA,"Canada (Province of Canada)",NA,4,4,"AF",0.0392307692307692,NA,NA,"Bahamas",NA,3,7,"ME",0.353076923076923,17941354.0611438,18960308.4794488
"31","30","30-31",0.76083058421207,"3.082511151566356e-7|1.734809735861045e-8",0.15,0.85,0.51,3.08251115156636e-07,NA,NA,"Bermuda",NA,4,1,"AS",0.0364285714285714,NA,NA,"Bahamas",NA,3,7,"ME",0.353076923076923,29740.6779661017,528449.717514125
"310","100","100-310",0.5029814468752,"0.0000012193529801268724|0.000009174807288305954",0,1,0,9.17480728830595e-06,NA,NA,"Colombia (New Granada) (Gran Colombia)",NA,4,5,"LA",0.0134210526315789,NA,NA,"Hungary",NA,2,2,"WE",0.0875,15728813.559322,2090395.48022599
"310","130","130-310",1.0347070074159,"0.000007447939824558727|8.217450421476618e-7",0,1,0,7.44793982455873e-06,NA,NA,"Ecuador",NA,4,5,"LA",0,NA,NA,"Hungary",NA,2,2,"WE",0.0875,1408757.06214689,12768361.5819209
"310","140","140-310",0.367237531687602,"0.000034371583180619525|0.000007118384965064995",0,1,0,3.43715831806195e-05,NA,NA,"Brazil",NA,4,5,"LA",0.0085,NA,NA,"Hungary",NA,2,2,"WE",0.0875,58924858.7570621,12203389.8305085
"310","225","225-310",0.698010760255453,"0.00005922100825102697|0.00009501829647238935",1,0,0,9.50182964723894e-05,NA,NA,"Switzerland",NA,2,14,"WE",0.0813157894736842,NA,NA,"Hungary",NA,2,2,"WE",0.0875,162894437.231776,101525423.728814
"310","255","255-310",1.04828231330214,"0.000902584849181479|0.0008394219892813697",1,0,0,0.000902584849181479,NA,NA,"Germany (Zollverein)",NA,2,8,"AF",0.083728813559322,NA,NA,"Hungary",NA,2,2,"WE",0.0875,1439061503.1043,1547344632.76836
"310","290","290-310",1.46966388871361,"0.00006607574932849664|0.000036196366111154",1,0,0,6.60757493284966e-05,NA,NA,"Poland",NA,2,1,"AS",0.112,NA,NA,"Hungary",NA,2,2,"WE",0.0875,62053171.9301565,113276836.158192
"310","305","305-310",2.55627717309317,"0.0003650808733471751|0.0004095237659073993",1,0,0,0.000409523765907399,NA,NA,"Austria",NA,2,1,"AS",0.0331034482758621,NA,NA,"Hungary",NA,2,2,"WE",0.0875,702066295.199345,625875706.214689
"310","40","310-40",1.34669737241292,"8.987859804375001e-8|0.000008304782459242466",0,1,0,8.30478245924247e-06,NA,NA,"Cuba",NA,4,5,"LA",0,NA,NA,"Hungary",NA,2,2,"WE",0.0875,154083.204930663,14237288.1355932
"315","100","100-315",0.131102451138434,"0.000007519123674209386",0,1,0,7.51912367420939e-06,NA,NA,"Colombia (New Granada) (Gran Colombia)",NA,4,5,"LA",0.0134210526315789,NA,NA,"Czechoslovakia",NA,2,11,"WE",0.105,12890395.480226,NA
"315","160","160-315",0.581337264988158,"0.00001971726724351098",0,1,0,1.9717267243511e-05,NA,NA,"Argentina (La Plata)",NA,4,5,"LA",0.0110869565217391,NA,NA,"Czechoslovakia",NA,2,11,"WE",0.105,33802259.8870056,NA
"315","225","225-315",0.333200405971898,"0.00007842371098944892",1,0,0,7.84237109894489e-05,NA,NA,"Switzerland",NA,2,14,"WE",0.0813157894736842,NA,NA,"Czechoslovakia",NA,2,11,"WE",0.105,134445540.927645,NA
"315","255","255-315",1.03988281002803,"0.00098948167776608",1,0,0,0.00098948167776608,NA,NA,"Germany (Zollverein)",NA,2,8,"AF",0.083728813559322,NA,NA,"Czechoslovakia",NA,2,11,"WE",0.105,1696316046.85415,NA
"315","290","290-315",2.82059817311543,"0.0002269777567517006",1,0,0,0.000226977756751701,NA,NA,"Poland",NA,2,1,"AS",0.112,NA,NA,"Czechoslovakia",NA,2,11,"WE",0.105,389118888.91781,NA
"315","305","305-315",1.92498654964251,"0.00025893356397979297",1,0,0,0.000258933563979793,NA,NA,"Austria",NA,2,1,"AS",0.0331034482758621,NA,NA,"Czechoslovakia",NA,2,11,"WE",0.105,443902266.729891,NA
"315","310","310-315",1.92480530809868,"0.00006215404650052098",1,0,0,6.2154046500521e-05,NA,NA,"Hungary",NA,2,2,"WE",0.0875,NA,NA,"Czechoslovakia",NA,2,11,"WE",0.105,106553672.316384,NA
"315","40","315-40",0.446230597943163,"0.0000015540030691080019",0,1,0,1.554003069108e-06,NA,NA,"Cuba",NA,4,5,"LA",0,NA,NA,"Czechoslovakia",NA,2,11,"WE",0.105,2664102.22869401,NA
"325","135","135-325",0.400435035902389,"0.00003909008727380141|0.00007252118327047522",0,1,0,7.25211832704752e-05,NA,NA,"Peru",NA,4,3,"AS",0.025,NA,NA,"Italy",NA,2,9,"AF",0.112337662337662,124326553.672316,67014017.3440932
"325","150","150-325",0.10439221238327,"0.000008184279358622056|0.000012959415294732206",0,1,0,1.29594152947322e-05,NA,NA,"Paraguay",NA,4,3,"AS",0.0242857142857143,NA,NA,"Italy",NA,2,9,"AF",0.112337662337662,22216949.1525424,14030703.8724671
"325","160","160-325",0.0836526235607693,"0.00015504914029280676|0.00018913878407037128",0,1,0,0.000189138784070371,NA,NA,"Argentina (La Plata)",NA,4,5,"LA",0.0110869565217391,NA,NA,"Italy",NA,2,9,"AF",0.112337662337662,324249717.514124,265808201.040592
"325","200","200-325",0.259193028603418,"0.0035906918566264543|0.0037179305113741513",0,1,0,0.00371793051137415,NA,NA,"United Kingdom",NA,4,1,"AS",0.0107228915662651,NA,NA,"Italy",NA,2,9,"AF",0.112337662337662,6155695807.78424,6373827155.41661
"325","210","210-325",0.439713870114182,"0.0017627911825262984|0.0028079732672776038",0,1,0,0.0028079732672776,NA,NA,"Netherlands",NA,0,8,"AF",0.0270588235294118,NA,NA,"Italy",NA,2,9,"AF",0.112337662337662,4813843671.33934,3022037736.89206
"325","220","220-325",0.941401498321079,"0.008494829523386538|0.007740748146407798",0,1,0,0.00849482952338654,NA,NA,"France",NA,0,9,"AF",0.0404166666666667,NA,NA,"Italy",NA,2,9,"AF",0.112337662337662,13270336975.873,14563094961.3375
"325","225","225-325",0.682668445858561,"0.002349335984145826|0.0017545533736409067",1,0,0,0.00234933598414583,NA,NA,"Switzerland",NA,2,14,"WE",0.0813157894736842,NA,NA,"Italy",NA,2,9,"AF",0.112337662337662,3007915264.7764,4027579710.5771
"325","230","230-325",0.899772537179293,"0.002951630144901868|0.0022242250932993954",0,1,0,0.00295163014490187,NA,NA,"Spain",NA,0,3,"AS",0.0329310344827586,NA,NA,"Italy",NA,2,9,"AF",0.112337662337662,3813096090.97319,5060121568.37445
"325","235","235-325",0.732190687130437,"0.0008611764809373212|0.00021450394675331927",0,1,0,0.000861176480937321,NA,NA,"Portugal",NA,0,3,"AS",0.0425531914893617,NA,NA,"Italy",NA,2,9,"AF",0.112337662337662,367734436.288596,1476356274.81797
"325","255","255-325",0.776502977462827,"0.01173020972709534|0.012211065633221965",1,0,0,0.012211065633222,NA,NA,"Germany (Zollverein)",NA,2,8,"AF",0.083728813559322,NA,NA,"Italy",NA,2,9,"AF",0.112337662337662,20934017322.674,20109662907.5132
"325","290","290-325",0.0685387439435528,"0.0002741244519144186|0.000201497878468139",1,0,0,0.000274124451914419,NA,NA,"Poland",NA,2,1,"AS",0.112,NA,NA,"Italy",NA,2,9,"AF",0.112337662337662,345437507.669926,469944736.791232
"325","305","305-325",0.67878190299637,"0.0014070023896124312|0.0012710182523221953",1,0,0,0.00140700238961243,NA,NA,"Austria",NA,2,1,"AS",0.0331034482758621,NA,NA,"Italy",NA,2,9,"AF",0.112337662337662,2178967742.10746,2412091891.2315
"325","31","31-325",0.0893032108009524,"0.0000024527974737926794|0.000014983927061197654",0,1,0,1.49839270611977e-05,NA,NA,"Bahamas",NA,3,7,"ME",0.353076923076923,NA,NA,"Italy",NA,2,9,"AF",0.112337662337662,25687667.0785718,4204948.72009289
"325","310","310-325",0.495009833392092,"0.00025392201923993377|0.0002001192512514395",1,0,0,0.000253922019239934,NA,NA,"Hungary",NA,2,2,"WE",0.0875,NA,NA,"Italy",NA,2,9,"AF",0.112337662337662,435310734.463277,343074060.702826
"325","40","325-40",0.351647799745268,"0.000051711879216959464|0.000014297427300968528",0,1,0,5.17118792169595e-05,NA,NA,"Cuba",NA,4,5,"LA",0,NA,NA,"Italy",NA,2,9,"AF",0.112337662337662,24510767.5102369,88652162.5410526
"325","41","325-41",0.0948007822118867,"7.643720130409747e-7|0.0000028147796386231373",0,1,0,2.81477963862314e-06,NA,NA,"Haiti",NA,4,5,"LA",0.031875,NA,NA,"Italy",NA,2,9,"AF",0.112337662337662,4825512.16121006,1310399.71797653
"325","54","325-54",0.282518301042217,"0.0000010708091786439505|0.0000016572686193713854",0,1,0,1.65726861937139e-06,NA,NA,"Dominica",NA,4,5,"LA",0,NA,NA,"Italy",NA,2,9,"AF",0.112337662337662,1835739.69449676,2841135.32989754
"325","56","325-56",0.536691065122561,"0.0000032011666281258077|5.416848145037365e-7",0,1,0,3.20116662812581e-06,NA,NA,"St. Lucia",NA,4,5,"LA",0,NA,NA,"Italy",NA,2,9,"AF",0.112337662337662,5487913.96744542,928636.33943622
"325","58","325-58",0.982048483154597,"0.000008398770901580581",0,1,0,8.39877090158058e-06,NA,NA,"Antigua and Barbuda (Antigua)",NA,4,1,"AS",0,NA,NA,"Italy",NA,2,9,"AF",0.112337662337662,NA,14398417.0443335
"325","95","325-95",0.176883750613393,"0.00008654234734221132|0.00000602460556859962",0,1,0,8.65423473422113e-05,NA,NA,"Panama",NA,4,7,"ME",0.0159375,NA,NA,"Italy",NA,2,9,"AF",0.112337662337662,10328271.1864407,148363709.836903
"338","165","165-338",0.253384474466396,"3.160537566782286e-9|4.735703330925174e-7",0,1,0,4.73570333092517e-07,NA,NA,"Uruguay",NA,4,5,"LA",0,NA,NA,"Malta",NA,2,3,"AS",0.243571428571429,811864.406779661,5418.26161280937
"338","200","200-338",0.830417047346901,"0.00009410832886988392|0.000030272177320837803",0,1,0,9.41083288698839e-05,NA,NA,"United Kingdom",NA,4,1,"AS",0.0107228915662651,NA,NA,"Malta",NA,2,3,"AS",0.243571428571429,161334435.98978,51897050.0580519
"338","205","205-338",0.174251538739372,"6.133767403961601e-7|0.0000064383581888049545",0,1,0,6.43835818880495e-06,NA,NA,"Ireland",NA,0,8,"AS",0.037037037037037,NA,NA,"Malta",NA,2,3,"AS",0.243571428571429,11037587.2100247,1051541.25728751
"338","220","220-338",0.641981456824299,"0.000036263477111197936|0.00004957730967550607",0,1,0,4.95773096755061e-05,NA,NA,"France",NA,0,9,"AF",0.0404166666666667,NA,NA,"Malta",NA,2,3,"AS",0.243571428571429,62168223.5464249,84992767.2761819
"338","255","255-338",0.59666629883332,"0.00007354660432482504|0.00007790630128590388",1,0,0,7.79063012859039e-05,NA,NA,"Germany (Zollverein)",NA,2,8,"AF",0.083728813559322,NA,NA,"Malta",NA,2,3,"AS",0.243571428571429,133558520.578867,126084482.321589
"338","325","325-338",2.09744566808833,"0.00028224700765789934|0.00015936572691164564",1,0,0,0.000282247007657899,NA,NA,"Italy",NA,2,9,"AF",0.112337662337662,NA,NA,"Malta",NA,2,3,"AS",0.243571428571429,483869624.900571,273208333.164012
"339","145","145-339",1.93757420062266,"1.2311540400500134e-7",0,1,0,1.23115404005001e-07,NA,NA,"Bolivia",NA,4,5,"LA",0,NA,NA,"Albania",NA,2,14,"WE",0.115454545454545,NA,211062.660503338
"339","165","165-339",0.893770523026225,"6.710935320599998e-8",0,1,0,6.7109353206e-08,NA,NA,"Uruguay",NA,4,5,"LA",0,NA,NA,"Albania",NA,2,14,"WE",0.115454545454545,NA,115048.793014895
"339","220","220-339",0.593765669130938,"0.000013442470651617117|0.0000012523121002063583",0,1,0,1.34424706516171e-05,NA,NA,"France",NA,0,9,"AF",0.0404166666666667,NA,NA,"Albania",NA,2,14,"WE",0.115454545454545,23045074.1919597,2146898.88553133
"339","255","255-339",0.162072172919604,"0.00001658942881440247|0.000006521589855849988",1,0,0,1.65894288144025e-05,NA,NA,"Germany (Zollverein)",NA,2,8,"AF",0.083728813559322,NA,NA,"Albania",NA,2,14,"WE",0.115454545454545,28440055.979155,11180275.2613423
"339","305","305-339",0.862143946427444,"0.0000028173608189664844|0.0000019338645127121097",1,0,0,2.81736081896648e-06,NA,NA,"Austria",NA,2,1,"AS",0.0331034482758621,NA,NA,"Albania",NA,2,14,"WE",0.115454545454545,4829937.20286028,3315316.97763367
"339","310","310-339",3.07504464951913,"0.000008238871487343707|9.886645784812483e-7",1,0,0,8.23887148734371e-06,NA,NA,"Hungary",NA,2,2,"WE",0.0875,NA,NA,"Albania",NA,2,14,"WE",0.115454545454545,14124293.7853107,1694915.25423729
"339","315","315-339",1.84665432341471,"9.950091593569211e-7",1,0,0,9.95009159356921e-07,NA,NA,"Czechoslovakia",NA,2,11,"WE",0.105,NA,NA,"Albania",NA,2,14,"WE",0.115454545454545,NA,1705792.07448753
"339","325","325-339",1.42590445181443,"0.000026672384253318622|0.000009129360523568739",1,0,0,2.66723842533186e-05,NA,NA,"Italy",NA,2,9,"AF",0.112337662337662,NA,NA,"Albania",NA,2,14,"WE",0.115454545454545,45725751.6065502,15650901.9839653
"345","110","110-345",0.10719500866922,"4.3213629939434966e-7",0,1,0,4.3213629939435e-07,NA,NA,"Guyana (British Guiana)",NA,4,5,"LA",0,NA,NA,"Yugoslavia (Kingdom of Serbs, Croats and Slovenes)",NA,2,9,"AF",0.012258064516129,740832.049306627,NA
"345","135","135-345",0.637717536115784,"0.000007717515699624633",0,1,0,7.71751569962463e-06,NA,NA,"Peru",NA,4,3,"AS",0.025,NA,NA,"Yugoslavia (Kingdom of Serbs, Croats and Slovenes)",NA,2,9,"AF",0.012258064516129,13230508.4745763,NA
"345","220","220-345",0.0243464479230582,"0.0002597007172486338",0,1,0,0.000259700717248634,NA,NA,"France",NA,0,9,"AF",0.0404166666666667,NA,NA,"Yugoslavia (Kingdom of Serbs, Croats and Slovenes)",NA,2,9,"AF",0.012258064516129,445217434.488499,NA
"345","225","225-345",0.151024045074318,"0.0000936428450803637",1,0,0,9.36428450803637e-05,NA,NA,"Switzerland",NA,2,14,"WE",0.0813157894736842,NA,NA,"Yugoslavia (Kingdom of Serbs, Croats and Slovenes)",NA,2,9,"AF",0.012258064516129,160536434.733712,NA
"345","255","255-345",1.01271520341947,"0.001379603902965118",1,0,0,0.00137960390296512,NA,NA,"Germany (Zollverein)",NA,2,8,"AF",0.083728813559322,NA,NA,"Yugoslavia (Kingdom of Serbs, Croats and Slovenes)",NA,2,9,"AF",0.012258064516129,2365121347.35616,NA
"345","290","290-345",1.24249804610252,"0.00006710710776425252",1,0,0,6.71071077642525e-05,NA,NA,"Poland",NA,2,1,"AS",0.112,NA,NA,"Yugoslavia (Kingdom of Serbs, Croats and Slovenes)",NA,2,9,"AF",0.012258064516129,115044943.546073,NA
"345","305","305-345",1.61022662618403,"0.0002707916386587903",1,0,0,0.00027079163865879,NA,NA,"Austria",NA,2,1,"AS",0.0331034482758621,NA,NA,"Yugoslavia (Kingdom of Serbs, Croats and Slovenes)",NA,2,9,"AF",0.012258064516129,464231134.676381,NA
"345","310","310-345",2.24989466680335,"0.0001232535174506624",1,0,0,0.000123253517450662,NA,NA,"Hungary",NA,2,2,"WE",0.0875,NA,NA,"Yugoslavia (Kingdom of Serbs, Croats and Slovenes)",NA,2,9,"AF",0.012258064516129,211299435.028249,NA
"345","325","325-345",1.16872580436744,"0.0007041419999817197",1,0,0,0.00070414199998172,NA,NA,"Italy",NA,2,9,"AF",0.112337662337662,NA,NA,"Yugoslavia (Kingdom of Serbs, Croats and Slovenes)",NA,2,9,"AF",0.012258064516129,1207144508.759,NA
"345","339","339-345",2.99246433023685,"0.000004483234349020288",1,0,0,4.48323434902029e-06,NA,NA,"Albania",NA,2,14,"WE",0.115454545454545,NA,NA,"Yugoslavia (Kingdom of Serbs, Croats and Slovenes)",NA,2,9,"AF",0.012258064516129,7685824.34514639,NA
"350","11","11-350",1.08508144522904,"3.9546583139249875e-9|0.00000236826560421086",0,1,0,2.36826560421086e-06,NA,NA,"Faeroe Is.",NA,3,11,"WE",0,NA,NA,"Greece",NA,2,2,"WE",0.0898305084745763,4060031.66901019,6779.66101694915
"350","130","130-350",0.324447405138667,"1.0287134794660377e-7|0.000006968832969826709",0,1,0,6.96883296982671e-06,NA,NA,"Ecuador",NA,4,5,"LA",0,NA,NA,"Greece",NA,2,2,"WE",0.0898305084745763,11947005.6497175,176357.301205727
"350","200","200-350",0.199311581655329,"0.00038951567400198286|0.00019510605857700914",0,1,0,0.000389515674001983,NA,NA,"United Kingdom",NA,4,1,"AS",0.0107228915662651,NA,NA,"Greece",NA,2,2,"WE",0.0898305084745763,667765460.602068,334479703.30269
"350","210","210-350",0.613050688485865,"0.00042881232957042427|0.00009702796237348096",0,1,0,0.000428812329570424,NA,NA,"Netherlands",NA,0,8,"AF",0.0270588235294118,NA,NA,"Greece",NA,2,2,"WE",0.0898305084745763,735133607.912226,166339704.17652
"350","220","220-350",0.290919307766597,"0.00021591880768532954|0.0005186533447621312",0,1,0,0.000518653344762131,NA,NA,"France",NA,0,9,"AF",0.0404166666666667,NA,NA,"Greece",NA,2,2,"WE",0.0898305084745763,889152382.751418,370160000.457156
"350","230","230-350",0.276207547641627,"0.00004880930133950711|0.00015309569317345942",0,1,0,0.000153095693173459,NA,NA,"Spain",NA,0,3,"AS",0.0329310344827586,NA,NA,"Greece",NA,2,2,"WE",0.0898305084745763,262459312.658231,83676133.6348051
"350","255","255-350",0.901527625354744,"0.0006841076880217361|0.0012773263648597655",1,0,0,0.00127732636485977,NA,NA,"Germany (Zollverein)",NA,2,8,"AF",0.083728813559322,NA,NA,"Greece",NA,2,2,"WE",0.0898305084745763,2189782042.9311,1172798723.86066
"350","290","290-350",0.641545730948238,"0.000020322759569112746|0.000025022040820338912",1,0,0,2.50220408203389e-05,NA,NA,"Poland",NA,2,1,"AS",0.112,NA,NA,"Greece",NA,2,2,"WE",0.0898305084745763,34840284.5126704,42896488.4568735
"350","305","305-350",0.0875824074873864,"0.00004463420540673039|0.00007997691093005005",1,0,0,7.997691093005e-05,NA,NA,"Austria",NA,2,1,"AS",0.0331034482758621,NA,NA,"Greece",NA,2,2,"WE",0.0898305084745763,137108266.314499,76518565.8020039
"350","31","31-350",2.01884324038488,"0.000013249799585146905",0,1,0,1.32497995851469e-05,NA,NA,"Bahamas",NA,3,7,"ME",0.353076923076923,NA,NA,"Greece",NA,2,2,"WE",0.0898305084745763,22714768.9127798,NA
"350","310","310-350",0.607296215496875,"0.000020959689063802437|0.000012137660455997676",1,0,0,2.09596890638024e-05,NA,NA,"Hungary",NA,2,2,"WE",0.0875,NA,NA,"Greece",NA,2,2,"WE",0.0898305084745763,35932203.3898305,20808175.2956353
"350","315","315-350",0.647985588387896,"0.000015027316287650774",1,0,0,1.50273162876508e-05,NA,NA,"Czechoslovakia",NA,2,11,"WE",0.105,NA,NA,"Greece",NA,2,2,"WE",0.0898305084745763,NA,25762051.3170543
"350","325","325-350",1.2716427520613,"0.0010207199518280083|0.0004785370099739002",1,0,0,0.00102071995182801,NA,NA,"Italy",NA,2,9,"AF",0.112337662337662,NA,NA,"Greece",NA,2,2,"WE",0.0898305084745763,1749869323.037,820379019.917774
"350","338","338-350",2.20238175500695,"0.000017968045150063553|4.6298510910144234e-7",1,0,0,1.79680451500636e-05,NA,NA,"Malta",NA,2,3,"AS",0.243571428571429,NA,NA,"Greece",NA,2,2,"WE",0.0898305084745763,793717.648007791,30803484.2923673
"350","339","339-350",2.50694630873669,"0.00000404644397425936|0.000003588580841873122",1,0,0,4.04644397425936e-06,NA,NA,"Albania",NA,2,14,"WE",0.115454545454545,NA,NA,"Greece",NA,2,2,"WE",0.0898305084745763,6152076.79362593,6937013.59051859
"350","345","345-350",1.55086873630947,"0.00005310604944151964",1,0,0,5.31060494415196e-05,NA,NA,"Yugoslavia (Kingdom of Serbs, Croats and Slovenes)",NA,2,9,"AF",0.012258064516129,NA,NA,"Greece",NA,2,2,"WE",0.0898305084745763,NA,91042255.6343446
"350","57","350-57",2.75529271194355,"0.000001861049847645126",0,1,0,1.86104984764513e-06,NA,NA,"St. Vincent and the Grenadines",NA,4,5,"LA",0,NA,NA,"Greece",NA,2,2,"WE",0.0898305084745763,NA,3190487.29399739
"350","58","350-58",1.77404353143026,"9.54324324146581e-7",0,1,0,9.54324324146581e-07,NA,NA,"Antigua and Barbuda (Antigua)",NA,4,1,"AS",0,NA,NA,"Greece",NA,2,2,"WE",0.0898305084745763,NA,1636044.10402816
"350","91","350-91",0.684361419424892,"0.000002047314147025272",0,1,0,2.04731414702527e-06,NA,NA,"Honduras",NA,4,5,"LA",0,NA,NA,"Greece",NA,2,2,"WE",0.0898305084745763,NA,3509809.14410777
"350","95","350-95",0.804096123370803,"0.00001821954973396791",0,1,0,1.82195497339679e-05,NA,NA,"Panama",NA,4,7,"ME",0.0159375,NA,NA,"Greece",NA,2,2,"WE",0.0898305084745763,NA,31234650.7011254
"352","160","160-352",1.09471780382573,"0.000012174415619418099",0,1,0,1.21744156194181e-05,NA,NA,"Argentina (La Plata)",NA,4,5,"LA",0.0110869565217391,NA,NA,"Cyprus",NA,2,5,"LA",0.173877551020408,20871186.440678,NA
"352","200","200-352",1.45152006046891,"0.0001223653456123315|0.00006974033486923571",0,1,0,0.000122365345612331,NA,NA,"United Kingdom",NA,4,1,"AS",0.0107228915662651,NA,NA,"Cyprus",NA,2,5,"LA",0.173877551020408,209776799.313431,119559211.463877
"352","205","205-352",0.162083433758798,"0.0000021362269199731836|0.0000069256794983226564",0,1,0,6.92567949832266e-06,NA,NA,"Ireland",NA,0,8,"AS",0.037037037037037,NA,NA,"Cyprus",NA,2,5,"LA",0.173877551020408,11873025.577287,3662236.58860816
"352","230","230-352",0.253608566602414,"0.0000028715840016354624|0.00002523556982651208",0,1,0,2.52355698265121e-05,NA,NA,"Spain",NA,0,3,"AS",0.0329310344827586,NA,NA,"Cyprus",NA,2,5,"LA",0.173877551020408,43262551.5056185,4922894.61373478
"352","235","235-352",0.00243335653654976,"3.817768379587907e-7|0.000005551725161715252",0,1,0,5.55172516171525e-06,NA,NA,"Portugal",NA,0,3,"AS",0.0425531914893617,NA,NA,"Cyprus",NA,2,5,"LA",0.173877551020408,9517589.5533539,654498.401636734
"352","290","290-352",1.73337420298976,"0.000028278150055473085|0.0000024740143976058344",1,0,0,2.82781500554731e-05,NA,NA,"Poland",NA,2,1,"AS",0.112,NA,NA,"Cyprus",NA,2,5,"LA",0.173877551020408,48478593.1789519,4241321.9133898
"352","310","310-352",0.676447842535695,"0.0000065910971898749894|7.620646537684914e-7",1,0,0,6.59109718987499e-06,NA,NA,"Hungary",NA,2,2,"WE",0.0875,NA,NA,"Cyprus",NA,2,5,"LA",0.173877551020408,11299435.0282486,1306444.10096237
"352","315","315-352",0.294382190741577,"0.000001078200336779278",1,0,0,1.07820033677928e-06,NA,NA,"Czechoslovakia",NA,2,11,"WE",0.105,NA,NA,"Cyprus",NA,2,5,"LA",0.173877551020408,NA,1848410.71249691
"352","325","325-352",0.568881788326848,"0.00009968939724316611|0.0000059686136422488355",1,0,0,9.96893972431661e-05,NA,NA,"Italy",NA,2,9,"AF",0.112337662337662,NA,NA,"Cyprus",NA,2,5,"LA",0.173877551020408,170902330.022505,10232281.5331734
"352","338","338-352",1.11165575684509,"6.168656511361108e-7|2.4353471244428504e-8",1,0,0,6.16865651136111e-07,NA,NA,"Malta",NA,2,3,"AS",0.243571428571429,NA,NA,"Cyprus",NA,2,5,"LA",0.173877551020408,41750.3274661862,1057522.46483001
"352","345","345-352",1.23520943844574,"0.000003957682444283611",1,0,0,3.95768244428361e-06,NA,NA,"Yugoslavia (Kingdom of Serbs, Croats and Slovenes)",NA,2,9,"AF",0.012258064516129,NA,NA,"Cyprus",NA,2,5,"LA",0.173877551020408,NA,6784845.42912209
"352","350","350-352",3.35458010711305,"0.00008317322810170685|0.000026790933027195102",1,0,0,8.31732281017068e-05,NA,NA,"Greece",NA,2,2,"WE",0.0898305084745763,NA,NA,"Cyprus",NA,2,5,"LA",0.173877551020408,142587866.625399,45928985.4733112
"355","110","110-355",2.33178356603763,"5.461610349900313e-7",0,1,0,5.46161034990031e-07,NA,NA,"Guyana (British Guiana)",NA,4,5,"LA",0,NA,NA,"Bulgaria",NA,2,10,"AF",0.1,NA,936310.13957904
"355","135","135-355",1.28804054850361,"1.3083327921901813e-7|0.000002623915791289229",0,1,0,2.62391579128923e-06,NA,NA,"Peru",NA,4,3,"AS",0.025,NA,NA,"Bulgaria",NA,2,10,"AF",0.1,4498305.08474576,224293.785310734
"355","160","160-355",0.381648907647451,"0.0000025873052423527417|0.000003490974626617282",0,1,0,3.49097462661728e-06,NA,NA,"Argentina (La Plata)",NA,4,5,"LA",0.0110869565217391,NA,NA,"Bulgaria",NA,2,10,"AF",0.1,5984745.76271186,4435541.85927067
"355","220","220-355",0.348930600879741,"0.00006374981539187799|0.00003052850141785777",0,1,0,6.3749815391878e-05,NA,NA,"France",NA,0,9,"AF",0.0404166666666667,NA,NA,"Bulgaria",NA,2,10,"AF",0.1,109289375.703627,52336478.790024
"355","225","225-355",0.108062488842237,"0.0000051925615937667604|0.000015916856802057845",1,0,0,1.59168568020578e-05,NA,NA,"Switzerland",NA,2,14,"WE",0.0813157894736842,NA,NA,"Bulgaria",NA,2,10,"AF",0.1,27287033.4191204,8901858.16848186
"355","255","255-355",0.581495879969158,"0.0000965400165864626|0.00015904459608694812",1,0,0,0.000159044596086948,NA,NA,"Germany (Zollverein)",NA,2,8,"AF",0.083728813559322,NA,NA,"Bulgaria",NA,2,10,"AF",0.1,272657803.140754,165503195.237433
"355","290","290-355",2.18536684882708,"0.00001048409310503703|0.0000281990648039518",1,0,0,2.81990648039518e-05,NA,NA,"Poland",NA,2,1,"AS",0.112,NA,NA,"Bulgaria",NA,2,10,"AF",0.1,17973385.2282524,48343013.527262
"355","305","305-355",1.40725873033918,"0.000015474892921253967|0.00003922185131662429",1,0,0,3.92218513166243e-05,NA,NA,"Austria",NA,2,1,"AS",0.0331034482758621,NA,NA,"Bulgaria",NA,2,10,"AF",0.1,67239906.7822316,26529353.4741717
"355","310","310-355",1.46108681985847,"0.000008535470860888088|0.000006860732984006246",1,0,0,8.53547086088809e-06,NA,NA,"Hungary",NA,2,2,"WE",0.0875,NA,NA,"Bulgaria",NA,2,10,"AF",0.1,14632768.3615819,11761684.6430406
"355","315","315-355",2.18664182275797,"0.00001684807643989757",1,0,0,1.68480764398976e-05,NA,NA,"Czechoslovakia",NA,2,11,"WE",0.105,NA,NA,"Bulgaria",NA,2,10,"AF",0.1,NA,28883468.0477833
"355","325","325-355",0.721692128331224,"0.0000799018190475354|0.0000502266583399717",1,0,0,7.99018190475354e-05,NA,NA,"Italy",NA,2,9,"AF",0.112337662337662,NA,NA,"Bulgaria",NA,2,10,"AF",0.1,136979532.687429,86105976.933609
"355","345","345-355",3.16603011678561,"0.00006427449234510151",1,0,0,6.42744923451015e-05,NA,NA,"Yugoslavia (Kingdom of Serbs, Croats and Slovenes)",NA,2,9,"AF",0.012258064516129,NA,NA,"Bulgaria",NA,2,10,"AF",0.1,NA,110188854.648176
"355","350","350-355",2.66621605877567,"0.000028745764206502248|0.000047105846871801917",1,0,0,4.71058468718019e-05,NA,NA,"Greece",NA,2,2,"WE",0.0898305084745763,NA,NA,"Bulgaria",NA,2,10,"AF",0.1,49280246.6162522,80755819.6829819
"355","352","352-355",2.55135804972445,"0.0000023563909591486953|0.0000026186514686548223",1,0,0,2.61865146865482e-06,NA,NA,"Cyprus",NA,2,5,"LA",0.173877551020408,NA,NA,"Bulgaria",NA,2,10,"AF",0.1,4489280.20317269,4039674.39365859
"355","93","355-93",1.67429775983474,"6.803809871911883e-7",0,1,0,6.80380987191188e-07,NA,NA,"Nicaragua",NA,4,5,"LA",0,NA,NA,"Bulgaria",NA,2,10,"AF",0.1,NA,1166409.86132512
"360","135","135-360",0.819988010948284,"3.295548594937483e-8|0.0000025863465373069455",0,1,0,2.58634653730695e-06,NA,NA,"Peru",NA,4,3,"AS",0.025,NA,NA,"Romania",NA,2,3,"AS",0.119583333333333,4433898.30508475,56497.1751412428
"360","140","140-360",0.145917448973031,"0.000005931987470887467|0.000013102442103752495",0,1,0,1.31024421037525e-05,NA,NA,"Brazil",NA,4,5,"LA",0.0085,NA,NA,"Romania",NA,2,3,"AS",0.119583333333333,22462146.8926554,10169491.5254237
"360","160","160-360",1.13417325446221,"9.886645784812483e-7|0.000013713107258394395",0,1,0,1.37131072583944e-05,NA,NA,"Argentina (La Plata)",NA,4,5,"LA",0.0110869565217391,NA,NA,"Romania",NA,2,3,"AS",0.119583333333333,23509039.5480226,1694915.25423729
"360","210","210-360",0.228138690327489,"0.00007447939824558727|0.000027219033970089347",0,1,0,7.44793982455873e-05,NA,NA,"Netherlands",NA,0,8,"AF",0.0270588235294118,NA,NA,"Romania",NA,2,3,"AS",0.119583333333333,46662899.5168177,127683615.819209
"360","220","220-360",0.209363600573634,"0.00005645274743127919|0.00008727205627818442",0,1,0,8.72720562781844e-05,NA,NA,"France",NA,0,9,"AF",0.0404166666666667,NA,NA,"Romania",NA,2,3,"AS",0.119583333333333,149614684.974127,96779661.0169491
"360","255","255-360",0.554252428942288,"0.00015261685543155518|0.00024361088667985406",1,0,0,0.000243610886679854,NA,NA,"Germany (Zollverein)",NA,2,8,"AF",0.083728813559322,NA,NA,"Romania",NA,2,3,"AS",0.119583333333333,417633863.818848,261638418.079096
"360","290","290-360",1.47221383053994,"0.000029231516037095554|0.000013523204084595561",1,0,0,2.92315160370956e-05,NA,NA,"Poland",NA,2,1,"AS",0.112,NA,NA,"Romania",NA,2,3,"AS",0.119583333333333,23183479.4004201,50112994.3502825
"360","305","305-360",0.670594464027197,"0.00003447143830304615|0.000029553458974135184",1,0,0,3.44714383030461e-05,NA,NA,"Austria",NA,2,1,"AS",0.0331034482758621,NA,NA,"Romania",NA,2,3,"AS",0.119583333333333,50664916.6168015,59096045.1977401
"360","310","310-360",2.3928053323155,"0.00003971136056899674|0.00002705645396443683",1,0,0,3.97113605689967e-05,NA,NA,"Hungary",NA,2,2,"WE",0.0875,NA,NA,"Romania",NA,2,3,"AS",0.119583333333333,68079096.0451977,46384180.7909605
"360","315","315-360",1.76314023785641,"0.000023332484052157436",1,0,0,2.33324840521574e-05,NA,NA,"Czechoslovakia",NA,2,11,"WE",0.105,NA,NA,"Romania",NA,2,3,"AS",0.119583333333333,NA,4e+07
"360","325","325-360",0.336777576304577,"0.00008558543375712882|0.00008654110610305855",1,0,0,8.65411061030585e-05,NA,NA,"Italy",NA,2,9,"AF",0.112337662337662,NA,NA,"Romania",NA,2,3,"AS",0.119583333333333,146723226.838276,148361581.920904
"360","339","339-360",2.73568376539014,"9.854334041903482e-7|9.685525523742073e-7",1,0,0,9.85433404190348e-07,NA,NA,"Albania",NA,2,14,"WE",0.115454545454545,NA,NA,"Romania",NA,2,3,"AS",0.119583333333333,1660436.24023761,1689375.8966898
"360","345","345-360",2.28657563235388,"0.00005641979194532984",1,0,0,5.64197919453298e-05,NA,NA,"Yugoslavia (Kingdom of Serbs, Croats and Slovenes)",NA,2,9,"AF",0.012258064516129,NA,NA,"Romania",NA,2,3,"AS",0.119583333333333,NA,96723163.8418079
"360","350","350-360",2.19365992044308,"0.000017301630123421804|0.000028206863119028686",1,0,0,2.82068631190287e-05,NA,NA,"Greece",NA,2,2,"WE",0.0898305084745763,NA,NA,"Romania",NA,2,3,"AS",0.119583333333333,48356382.5539965,29661016.9491525
"360","352","352-360",2.32004427662329,"0.000003756925398228743|0.000003270610748742292",1,0,0,3.75692539822874e-06,NA,NA,"Cyprus",NA,2,5,"LA",0.173877551020408,NA,NA,"Romania",NA,2,3,"AS",0.119583333333333,5606965.36456413,6440677.9661017
"360","355","355-360",3.23633383103327,"0.000019872158027473074|0.000019258448724023265",1,0,0,1.98721580274731e-05,NA,NA,"Bulgaria",NA,2,10,"AF",0.1,NA,NA,"Romania",NA,2,3,"AS",0.119583333333333,33015685.2240386,34067796.6101695
"360","40","360-40",0.232579304635069,"5.021804770439108e-7|4.721262921611945e-7",0,1,0,5.02180477043911e-07,NA,NA,"Cuba",NA,4,5,"LA",0,NA,NA,"Romania",NA,2,3,"AS",0.119583333333333,860912.15306752,809388.81793435
"360","94","360-94",1.19005435591694,"0.0000030648601932918647",0,1,0,3.06486019329186e-06,NA,NA,"Costa Rica",NA,4,5,"LA",0.00575757575757576,NA,NA,"Romania",NA,2,3,"AS",0.119583333333333,NA,5254237.28813559
"365","110","110-365",0.332930621786122,"0.0000017156505533862422",0,1,0,1.71565055338624e-06,NA,NA,"Guyana (British Guiana)",NA,4,5,"LA",0,NA,NA,"Russia (USSR)",NA,2,9,"AF",0.072,2941222.28829314,NA
"365","160","160-365",0.390940822463138,"0.00007397353153626442",0,1,0,7.39735315362644e-05,NA,NA,"Argentina (La Plata)",NA,4,5,"LA",0.0110869565217391,NA,NA,"Russia (USSR)",NA,2,9,"AF",0.072,126816384.180791,NA
"365","165","165-365",0.917545526651029,"0.000016526846648752012",0,1,0,1.6526846648752e-05,NA,NA,"Uruguay",NA,4,5,"LA",0,NA,NA,"Russia (USSR)",NA,2,9,"AF",0.072,28332768.3615819,NA
"365","255","255-365",0.832243030622207,"0.0036487885849513404",1,0,0,0.00364878858495134,NA,NA,"Germany (Zollverein)",NA,2,8,"AF",0.083728813559322,NA,NA,"Russia (USSR)",NA,2,9,"AF",0.072,6255293824.3435,NA
"365","290","290-365",2.17366805300031,"0.0005394396592940194",1,0,0,0.000539439659294019,NA,NA,"Poland",NA,2,1,"AS",0.112,NA,NA,"Russia (USSR)",NA,2,9,"AF",0.072,924787361.839667,NA
"365","305","305-365",0.427158010045601,"0.0002627891521038408",1,0,0,0.000262789152103841,NA,NA,"Austria",NA,2,1,"AS",0.0331034482758621,NA,NA,"Russia (USSR)",NA,2,9,"AF",0.072,450512086.953797,NA
"365","310","310-365",2.26297802331858,"0.00039559765333629633",1,0,0,0.000395597653336296,NA,NA,"Hungary",NA,2,2,"WE",0.0875,NA,NA,"Russia (USSR)",NA,2,9,"AF",0.072,678192090.39548,NA
"365","325","325-365",0.137818730729933,"0.0007956376959094523",1,0,0,0.000795637695909452,NA,NA,"Italy",NA,2,9,"AF",0.112337662337662,NA,NA,"Russia (USSR)",NA,2,9,"AF",0.072,1363999982.39516,NA
"365","352","352-365",0.421276687507179,"0.000005555546628947538",1,0,0,5.55554662894754e-06,NA,NA,"Cyprus",NA,2,5,"LA",0.173877551020408,NA,NA,"Russia (USSR)",NA,2,9,"AF",0.072,9524140.87849141,NA
"365","360","360-365",2.88046716261493,"0.00032368878299476026",1,0,0,0.00032368878299476,NA,NA,"Romania",NA,2,3,"AS",0.119583333333333,NA,NA,"Russia (USSR)",NA,2,9,"AF",0.072,554915254.237288,NA
"365","51","365-51",0.535178399956873,"0.000008374602281329677",0,1,0,8.37460228132968e-06,NA,NA,"Jamaica",NA,4,5,"LA",0,NA,NA,"Russia (USSR)",NA,2,9,"AF",0.072,14356983.6158192,NA
"375","100","100-375",0.334888513214257,"0.000005633865482738259|0.000018579314313679074",0,1,0,1.85793143136791e-05,NA,NA,"Colombia (New Granada) (Gran Colombia)",NA,4,5,"LA",0.0134210526315789,NA,NA,"Finland",NA,3,10,"AF",0.0110869565217391,31851412.4293785,9658406.65767831
"375","11","11-375",1.04037439477972,"1.015332188544594e-7|0.0000020825496427417208",1,0,0,2.08254964274172e-06,NA,NA,"Faeroe Is.",NA,3,11,"WE",0,NA,NA,"Finland",NA,3,10,"AF",0.0110869565217391,3570215.04969019,174063.282122027
"375","200","200-375",0.608088084259434,"0.0004956727768933035|0.000787248661640041",0,1,0,0.000787248661640041,NA,NA,"United Kingdom",NA,4,1,"AS",0.0107228915662651,NA,NA,"Finland",NA,3,10,"AF",0.0110869565217391,849755689.596147,1349618257.32781
"375","205","205-375",0.184398647782888,"0.000047742202490296514|0.00005187851478961036",0,1,0,5.18785147896104e-05,NA,NA,"Ireland",NA,0,8,"AS",0.037037037037037,NA,NA,"Finland",NA,3,10,"AF",0.0110869565217391,88937833.9205395,81846754.73657
"375","210","210-375",0.197471873159413,"0.0002601601478403256|0.00038041311925772654",0,1,0,0.000380413119257727,NA,NA,"Netherlands",NA,0,8,"AF",0.0270588235294118,NA,NA,"Finland",NA,3,10,"AF",0.0110869565217391,446005058.456294,652160513.055277
"375","225","225-375",0.11231414225131,"0.00014853635145223909|0.00012672928809766762",0,1,0,0.000148536351452239,NA,NA,"Switzerland",NA,2,14,"WE",0.0813157894736842,NA,NA,"Finland",NA,3,10,"AF",0.0110869565217391,217258115.877207,254643013.783189
"375","230","230-375",0.0307748598589305,"0.0000700408785622101|0.0002068089675489225",0,1,0,0.000206808967548922,NA,NA,"Spain",NA,0,3,"AS",0.0329310344827586,NA,NA,"Finland",NA,3,10,"AF",0.0110869565217391,120074447.976719,354542563.212081
"375","231","231-375",0.170005181894423,"0.0000018086107569963204",0,1,0,1.80861075699632e-06,NA,NA,"Gibraltar",NA,0,14,"WE",0,NA,NA,"Finland",NA,3,10,"AF",0.0110869565217391,NA,3100588.4379106
"375","235","235-375",0.982265383452476,"0.00008066401338360702|0.00005746610217612848",0,1,0,8.0664013383607e-05,NA,NA,"Portugal",NA,0,3,"AS",0.0425531914893617,NA,NA,"Finland",NA,3,10,"AF",0.0110869565217391,138286199.109003,98516903.8113023
"375","255","255-375",0.503276720439639,"0.001166062918262016|0.0011717152903245474",0,1,0,0.00117171529032455,NA,NA,"Germany (Zollverein)",NA,2,8,"AF",0.083728813559322,NA,NA,"Finland",NA,3,10,"AF",0.0110869565217391,1999037763.24098,2008727896.6188
"375","290","290-375",0.972315768540598,"0.00007205161864925691|0.00007836344982133541",0,1,0,7.83634498213354e-05,NA,NA,"Poland",NA,2,1,"AS",0.112,NA,NA,"Finland",NA,3,10,"AF",0.0110869565217391,123521556.450128,134342232.307819
"375","305","305-375",0.0922033093696535,"0.00008347952952366971|0.00010017805014721866",0,1,0,0.000100178050147219,NA,NA,"Austria",NA,2,1,"AS",0.0331034482758621,NA,NA,"Finland",NA,3,10,"AF",0.0110869565217391,143112973.890066,171740051.206345
"375","31","31-375",1.4748586507719,"9.182652310027724e-9|0.00002092099675854253",0.85,0.15,0.51,2.09209967585425e-05,NA,NA,"Bahamas",NA,3,7,"ME",0.353076923076923,NA,NA,"Finland",NA,3,10,"AF",0.0110869565217391,15742.262657505,35865871.3093312
"375","310","310-375",0.389532113274668,"0.000026496210703297415|0.00002617417683250119",0,1,0,2.64962107032974e-05,NA,NA,"Hungary",NA,2,2,"WE",0.0875,NA,NA,"Finland",NA,3,10,"AF",0.0110869565217391,45423728.8135593,44871650.6549263
"375","338","338-375",0.465388509124455,"1.5267741362527348e-7|0.00000848098010375422",0,1,0,8.48098010375422e-06,NA,NA,"Malta",NA,2,3,"AS",0.243571428571429,NA,NA,"Finland",NA,3,10,"AF",0.0110869565217391,261742.235904207,14539352.2349285
"375","350","350-375",0.31690049979407,"0.000021749650964344228|0.00004189187973459771",0,1,0,4.18918797345977e-05,NA,NA,"Greece",NA,2,2,"WE",0.0898305084745763,NA,NA,"Finland",NA,3,10,"AF",0.0110869565217391,37286473.0831489,71817264.9615062
"375","355","355-375",0.103000528355696,"0.000003272224635500047|0.00000593875342657529",0,1,0,5.93875342657529e-06,NA,NA,"Bulgaria",NA,2,10,"AF",0.1,NA,NA,"Finland",NA,3,10,"AF",0.0110869565217391,5609732.12828144,10181090.7287879
"375","365","365-375",1.38321927852652,"0.0003814335693997198",0,1,0,0.00038143356939972,NA,NA,"Russia (USSR)",NA,2,9,"AF",0.072,NA,NA,"Finland",NA,3,10,"AF",0.0110869565217391,NA,653909919.830333
"375","40","375-40",1.02743374211415,"0.000005600470089053035|0.0000010245175408399284",0,1,0,5.60047008905303e-06,NA,NA,"Cuba",NA,4,5,"LA",0,NA,NA,"Finland",NA,3,10,"AF",0.0110869565217391,9601155.32754034,1756379.71259249
"375","51","375-51",1.58407471141676,"6.354922427705802e-7|0.000010615381547629795",0,1,0,1.06153815476298e-05,NA,NA,"Jamaica",NA,4,5,"LA",0,NA,NA,"Finland",NA,3,10,"AF",0.0110869565217391,18198459.3220339,1089454.92704506
"375","93","375-93",0.958221894216568,"0.0000037037117822019263",0,1,0,3.70371178220193e-06,NA,NA,"Nicaragua",NA,4,5,"LA",0,NA,NA,"Finland",NA,3,10,"AF",0.0110869565217391,NA,6349451.30389486
"380","11","11-380",0.73761660033847,"0.0000025249473059752684|0.0000023628869444108948",1,0,0,2.52494730597527e-06,NA,NA,"Faeroe Is.",NA,3,11,"WE",0,NA,NA,"Sweden",NA,3,5,"LA",0.0137837837837838,4050810.77373313,4328638.64872853
"380","135","135-380",0.215546489087281,"0.000020351617978342807|0.000003847882539449018",0,1,0,2.03516179783428e-05,NA,NA,"Peru",NA,4,3,"AS",0.025,NA,NA,"Sweden",NA,3,5,"LA",0.0137837837837838,6596610.16949153,34889757.8720702
"380","200","200-380",0.589664139772666,"0.0014376692808851|0.0016889074178561441",0,1,0,0.00168890741785614,NA,NA,"United Kingdom",NA,4,1,"AS",0.0107228915662651,NA,NA,"Sweden",NA,3,5,"LA",0.0137837837837838,2464665618.40794,2895375244.36877
"380","205","205-380",0.233656743175527,"0.00011666917526031444|0.00013362890113191085",0,1,0,0.000133628901131911,NA,NA,"Ireland",NA,0,8,"AS",0.037037037037037,NA,NA,"Sweden",NA,3,5,"LA",0.0137837837837838,229086454.460994,200011580.420691
"380","210","210-380",0.372662225236029,"0.0007457606727934121|0.00099045561585966",0,1,0,0.00099045561585966,NA,NA,"Netherlands",NA,0,8,"AF",0.0270588235294118,NA,NA,"Sweden",NA,3,5,"LA",0.0137837837837838,1278493401.94784,1697985715.78679
"380","225","225-380",0.140628038560904,"0.0004119725481716824|0.0002954497168044232",0,1,0,0.000411972548171682,NA,NA,"Switzerland",NA,2,14,"WE",0.0813157894736842,NA,NA,"Sweden",NA,3,5,"LA",0.0137837837837838,506503664.40877,706264360.452593
"380","230","230-380",0.0177786530019403,"0.00044608797383284283|0.00020259194960015828",0,1,0,0.000446087973832843,NA,NA,"Spain",NA,0,3,"AS",0.0329310344827586,NA,NA,"Sweden",NA,3,5,"LA",0.0137837837837838,347313126.45029,764750076.04961
"380","235","235-380",1.19929723137832,"0.00012203095676593739|0.00024572871180207563",0,1,0,0.000245728711802076,NA,NA,"Portugal",NA,0,3,"AS",0.0425531914893617,NA,NA,"Sweden",NA,3,5,"LA",0.0137837837837838,421264553.32021,209203540.425699
"380","255","255-380",0.54806843261137,"0.002755231438117169|0.0029901647802460787",0,1,0,0.00299016478024608,NA,NA,"Germany (Zollverein)",NA,2,8,"AF",0.083728813559322,NA,NA,"Sweden",NA,3,5,"LA",0.0137837837837838,5126183347.75134,4723425816.05649
"380","290","290-380",0.659549026604164,"0.00012922043995372258|0.00012460951865176737",0,1,0,0.000129220439953723,NA,NA,"Poland",NA,2,1,"AS",0.112,NA,NA,"Sweden",NA,3,5,"LA",0.0137837837837838,221528817.360146,213624093.128216
"380","305","305-380",0.146859736957009,"0.00025019188625024667|0.00021619085616459826",0,1,0,0.000250191886250247,NA,NA,"Austria",NA,2,1,"AS",0.0331034482758621,NA,NA,"Sweden",NA,3,5,"LA",0.0137837837837838,370626386.25416,428915988.012194
"380","31","31-380",0.340326085042019,"0.0000019158155721973516|0.000005576219940663358",0.85,0.15,0.51,5.57621994066336e-06,NA,NA,"Bahamas",NA,3,7,"ME",0.353076923076923,NA,NA,"Sweden",NA,3,5,"LA",0.0137837837837838,9559582.1314152,3284374.81052551
"380","310","310-380",0.349925224640465,"0.00004271030979038991|0.00005497526210276047",0,1,0,5.49752621027605e-05,NA,NA,"Hungary",NA,2,2,"WE",0.0875,NA,NA,"Sweden",NA,3,5,"LA",0.0137837837837838,73220338.9830509,94246736.8324243
"380","325","325-380",0.056803078122537,"0.0006030785279799851|0.0008320022302056287",0,1,0,0.000832002230205629,NA,NA,"Italy",NA,2,9,"AF",0.112337662337662,NA,NA,"Sweden",NA,3,5,"LA",0.0137837837837838,1033886536.2674,1426341453.13593
"380","375","375-380",2.41292619263013,"0.001036458242662747|0.0010556364907457873",1,0,0,0.00105563649074579,NA,NA,"Finland",NA,3,10,"AF",0.0110869565217391,NA,NA,"Sweden",NA,3,5,"LA",0.0137837837837838,1809728425.63358,1776850232.22705
"380","40","380-40",0.0453376117869603,"0.000011478623227186144|0.000001853175095318551",0,1,0,1.14786232271861e-05,NA,NA,"Cuba",NA,4,5,"LA",0,NA,NA,"Sweden",NA,3,5,"LA",0.0137837837837838,3176987.22720815,19678356.0662068
"380","95","380-95",0.317123896006316,"0.000002634594942133085|0.000002006922194680456",0,1,0,2.63459494213309e-06,NA,NA,"Panama",NA,4,7,"ME",0.0159375,NA,NA,"Sweden",NA,3,5,"LA",0.0137837837837838,3440563.27683616,4516612.86684043
"385","10","10-385",2.06494305621996,"0.000006896083801671085|9.557090925318753e-9",1,0,0,6.89608380167108e-06,NA,NA,"Greenland",NA,3,5,"LA",0,NA,NA,"Norway",NA,3,11,"WE",0.0225806451612903,16384.1807909605,11822288.2505876
"385","11","11-385",3.06436761798835,"0.000017168518858212785|0.0000011336660080946862",1,0,0,1.71685188582128e-05,NA,NA,"Faeroe Is.",NA,3,11,"WE",0,NA,NA,"Norway",NA,3,11,"WE",0.0225806451612903,1943498.1814375,29432817.902859
"385","115","115-385",3.83717952821791,"8.541415975809819e-8|0.00004045515654450899",0,1,0,4.0455156544509e-05,NA,NA,"Surinam (Dutch Guiana)",NA,4,3,"AS",0,NA,NA,"Norway",NA,3,11,"WE",0.0225806451612903,69354221.2720695,146429.603581279
"385","200","200-385",1.46212248960613,"0.0007673344433041712|0.0026822241793088915",0,1,0,0.00268222417930889,NA,NA,"United Kingdom",NA,4,1,"AS",0.0107228915662651,NA,NA,"Norway",NA,3,11,"WE",0.0225806451612903,1315478354.70732,4598265959.7033
"385","205","205-385",0.323874645909995,"0.00009556940509608438|0.00006548607495094202",0,1,0,9.55694050960844e-05,NA,NA,"Ireland",NA,0,8,"AS",0.037037037037037,NA,NA,"Norway",NA,3,11,"WE",0.0225806451612903,112265929.001909,163839229.260714
"385","210","210-385",0.66871591372886,"0.0005206114837504771|0.0008838832116479505",0,1,0,0.00088388321164795,NA,NA,"Netherlands",NA,0,8,"AF",0.0270588235294118,NA,NA,"Norway",NA,3,11,"WE",0.0225806451612903,892509314.630542,1515283515.75789
"385","220","220-385",0.189946648781135,"0.00027193227905786|0.0008412430610774403",0,1,0,0.00084124306107744,NA,NA,"France",NA,0,9,"AF",0.0404166666666667,NA,NA,"Norway",NA,3,11,"WE",0.0225806451612903,466186589.391824,1442183454.10103
"385","231","231-385",1.12231370537451,"0.000006798422623649905",0,1,0,6.7984226236499e-06,NA,NA,"Gibraltar",NA,0,14,"WE",0,NA,NA,"Norway",NA,3,11,"WE",0.0225806451612903,NA,11654862.9943605
"385","235","235-385",0.525226155942678,"0.0000658135478454498|0.00008667703810453496",0,1,0,8.6677038104535e-05,NA,NA,"Portugal",NA,0,3,"AS",0.0425531914893617,NA,NA,"Norway",NA,3,11,"WE",0.0225806451612903,112827331.540577,148594616.691094
"385","255","255-385",0.163700812546508,"0.0010699688472170618|0.0012155792793389403",0,1,0,0.00121557927933894,NA,NA,"Germany (Zollverein)",NA,2,8,"AF",0.083728813559322,NA,NA,"Norway",NA,3,11,"WE",0.0225806451612903,1834299073.90101,2083926043.40221
"385","290","290-385",0.48882524381532,"0.000029765812812812645|0.00008351982428850322",0,1,0,8.35198242885032e-05,NA,NA,"Poland",NA,2,1,"AS",0.112,NA,NA,"Norway",NA,3,11,"WE",0.0225806451612903,51028965.0193681,143182053.144111
"385","31","31-385",2.20300671770629,"0.00004636072891408368|0.000018875417357374993",0.85,0.15,0.51,4.63607289140837e-05,NA,NA,"Bahamas",NA,3,7,"ME",0.353076923076923,NA,NA,"Norway",NA,3,11,"WE",0.0225806451612903,32359036.1235107,79478428.1184102
"385","315","315-385",2.13978468812294,"0.0002597491009295766",0,1,0,0.000259749100929577,NA,NA,"Czechoslovakia",NA,2,11,"WE",0.105,NA,NA,"Norway",NA,3,11,"WE",0.0225806451612903,NA,445300380.96061
"385","338","338-385",1.38498724883767,"1.8879624084411102e-7|0.000030853427392277",0,1,0,3.0853427392277e-05,NA,NA,"Malta",NA,2,3,"AS",0.243571428571429,NA,NA,"Norway",NA,3,11,"WE",0.0225806451612903,323662.479180658,52893515.0210449
"385","352","352-385",1.19494891534311,"5.925368431768239e-7|0.000037312999008285836",0,1,0,3.73129990082858e-05,NA,NA,"Cyprus",NA,2,5,"LA",0.173877551020408,NA,NA,"Norway",NA,3,11,"WE",0.0225806451612903,1015814.41882016,63967469.429961
"385","375","375-385",1.68704094000248,"0.0003328811729017901|0.0002517792013187573",1,0,0,0.00033288117290179,NA,NA,"Finland",NA,3,10,"AF",0.0110869565217391,NA,NA,"Norway",NA,3,11,"WE",0.0225806451612903,431637198.604195,570674210.525836
"385","380","380-385",2.54902825978388,"0.0015303306548191589|0.0011668311140086468",1,0,0,0.00153033065481916,NA,NA,"Sweden",NA,3,5,"LA",0.0137837837837838,NA,NA,"Norway",NA,3,11,"WE",0.0225806451612903,2623519469.93429,2000354718.16942
"385","51","385-51",2.27340733347628,"0.0000013856390309194543|0.000027254238620246",0,1,0,2.7254238620246e-05,NA,NA,"Jamaica",NA,4,5,"LA",0,NA,NA,"Norway",NA,3,11,"WE",0.0225806451612903,46723252.5423729,2375467.65757473
"390","10","10-390",4.71225474361192,"0.00010488577735677816|0.00006854934981136455",1,0,0,0.000104885777356778,NA,NA,"Greenland",NA,3,5,"LA",0,NA,NA,"Denmark",NA,3,11,"WE",0.0130769230769231,179810734.463277,117517448.477632
"390","100","100-390",0.6592952852046,"0.000038244182334530593|0.000005065823578724243",0,1,0,3.82441823345306e-05,NA,NA,"Colombia (New Granada) (Gran Colombia)",NA,4,5,"LA",0.0134210526315789,NA,NA,"Denmark",NA,3,11,"WE",0.0130769230769231,65563841.8079096,8684585.09158322
"390","11","11-390",3.88912389851861,"0.00004113384623622664|0.00004446594898079515",1,0,0,4.44659489807952e-05,NA,NA,"Faeroe Is.",NA,3,11,"WE",0,NA,NA,"Denmark",NA,3,11,"WE",0.0130769230769231,76230115.715748,70517731.6641915
"390","200","200-390",0.600973282156435,"0.0008218957446543886|0.001190644508357914",0,1,0,0.00119064450835791,NA,NA,"United Kingdom",NA,4,1,"AS",0.0107228915662651,NA,NA,"Denmark",NA,3,11,"WE",0.0130769230769231,1409015418.70488,2041179165.82966
"390","205","205-390",0.308929232109981,"0.00009887979577231554|0.00007680073154366207",0,1,0,9.88797957723155e-05,NA,NA,"Ireland",NA,0,8,"AS",0.037037037037037,NA,NA,"Denmark",NA,3,11,"WE",0.0130769230769231,131663189.177769,169514391.268893
"390","210","210-390",0.799913501365814,"0.000707374435334346|0.0005502774251806556",0,1,0,0.000707374435334346,NA,NA,"Netherlands",NA,0,8,"AF",0.0270588235294118,NA,NA,"Denmark",NA,3,11,"WE",0.0130769230769231,1212686028.20528,943367065.333576
"390","220","220-390",0.216733849133575,"0.000659003096661932|0.0006309466689591657",0,1,0,0.000659003096661932,NA,NA,"France",NA,0,9,"AF",0.0404166666666667,NA,NA,"Denmark",NA,3,11,"WE",0.0130769230769231,1129760715.04225,1081662231.16021
"390","225","225-390",0.2880271968684,"0.00022482046018622672|0.00023384728384298614",0,1,0,0.000233847283842986,NA,NA,"Switzerland",NA,2,14,"WE",0.0813157894736842,NA,NA,"Denmark",NA,3,11,"WE",0.0130769230769231,385420531.622202,400895649.722068
"390","231","231-390",1.65820629154739,"0.000012201767374055649",0,1,0,1.22017673740556e-05,NA,NA,"Gibraltar",NA,0,14,"WE",0,NA,NA,"Denmark",NA,3,11,"WE",0.0130769230769231,NA,20918076.8696206
"390","235","235-390",0.927684724989222,"0.00011366411495240736|0.00007158282192265534",0,1,0,0.000113664114952407,NA,NA,"Portugal",NA,0,3,"AS",0.0425531914893617,NA,NA,"Denmark",NA,3,11,"WE",0.0130769230769231,194859860.953206,122717875.666627
"390","255","255-390",0.857134959487432,"0.0024719990097594427|0.0025938085527083842",0,1,0,0.00259380855270838,NA,NA,"Germany (Zollverein)",NA,2,8,"AF",0.083728813559322,NA,NA,"Denmark",NA,3,11,"WE",0.0130769230769231,4237866837.03893,4446690797.10533
"390","290","290-390",1.46051281641222,"0.00011396851578090977|0.0002317754920698313",0,1,0,0.000231775492069831,NA,NA,"Poland",NA,2,1,"AS",0.112,NA,NA,"Denmark",NA,3,11,"WE",0.0130769230769231,195381709.939061,397343877.405801
"390","305","305-390",0.118310959475867,"0.000127516395593475|0.00011952250342227447",0,1,0,0.000127516395593475,NA,NA,"Austria",NA,2,1,"AS",0.0331034482758621,NA,NA,"Denmark",NA,3,11,"WE",0.0130769230769231,218607492.127156,204903178.170132
"390","31","31-390",1.97504705791963,"0.0000011530341455072411|0.00005254985703315684",0.85,0.15,0.51,5.25498570331568e-05,NA,NA,"Bahamas",NA,3,7,"ME",0.353076923076923,NA,NA,"Denmark",NA,3,11,"WE",0.0130769230769231,1976701.91125771,90088748.2287559
"390","325","325-390",0.0390787563254944,"0.0004337126678765656|0.0005697596468966534",0,1,0,0.000569759646896653,NA,NA,"Italy",NA,2,9,"AF",0.112337662337662,NA,NA,"Denmark",NA,3,11,"WE",0.0130769230769231,743534493.639073,976766375.364085
"390","350","350-390",0.250803739753027,"0.000023907348044899697|0.00009041443039752611",0,1,0,9.04144303975261e-05,NA,NA,"Greece",NA,2,2,"WE",0.0898305084745763,NA,NA,"Denmark",NA,3,11,"WE",0.0130769230769231,40985517.0010312,155001808.115096
"390","375","375-390",1.49586122185148,"0.00026466344143796544|0.0002821160866586122",1,0,0,0.000282116086658612,NA,NA,"Finland",NA,3,10,"AF",0.0110869565217391,NA,NA,"Denmark",NA,3,11,"WE",0.0130769230769231,483645180.732527,453725271.336454
"390","380","380-390",2.13222287756116,"0.0013379165456415948",1,0,0,0.00133791654564159,NA,NA,"Sweden",NA,3,5,"LA",0.0137837837837838,NA,NA,"Denmark",NA,3,11,"WE",0.0130769230769231,NA,2293654705.00409
"390","385","385-390",2.0502608771149,"0.0006163685285858632|0.0006477957997590227",1,0,0,0.000647795799759023,NA,NA,"Norway",NA,3,11,"WE",0.0225806451612903,NA,NA,"Denmark",NA,3,11,"WE",0.0130769230769231,1056670223.7242,1110547506.748
"390","80","390-80",0.204667734023588,"0.0000010012100334033032",0,1,0,1.0012100334033e-06,NA,NA,"Belize (British Honduras)",NA,4,5,"LA",0,NA,NA,"Denmark",NA,3,11,"WE",0.0130769230769231,NA,1716422.53120619
"390","93","390-93",0.735328035724778,"0.000004514355038300471",0,1,0,4.51435503830047e-06,NA,NA,"Nicaragua",NA,4,5,"LA",0,NA,NA,"Denmark",NA,3,11,"WE",0.0130769230769231,NA,7739176.04008057
"395","10","10-395",2.78731728183429,"6.659800292434942e-7|7.97193205115381e-7",1,0,0,7.97193205115381e-07,NA,NA,"Greenland",NA,3,5,"LA",0,NA,NA,"Iceland",NA,3,14,"WE",0,1366666.66666667,1141721.60624606
"395","11","11-395",4.74384671583684,"0.000004317743809700421|0.0000011428688345098962",1,0,0,4.31774380970042e-06,NA,NA,"Faeroe Is.",NA,3,11,"WE",0,NA,NA,"Iceland",NA,3,14,"WE",0,1959275.02953415,7402115.95138955
"395","200","200-395",1.41095729768743,"0.00011951154157423175|0.00005604956343382872",0,1,0,0.000119511541574232,NA,NA,"United Kingdom",NA,4,1,"AS",0.0107228915662651,NA,NA,"Iceland",NA,3,14,"WE",0,96088463.291839,204884385.746628
"395","210","210-395",1.12880252364345,"0.00000887320397903427|0.00005164939575330917",0,1,0,5.16493957533092e-05,NA,NA,"Netherlands",NA,0,8,"AF",0.0270588235294118,NA,NA,"Iceland",NA,3,14,"WE",0,88545044.1330672,15211760.4952805
"395","220","220-395",0.454718706648932,"0.000051409818947097|0.000017082620958776345",0,1,0,5.1409818947097e-05,NA,NA,"France",NA,0,9,"AF",0.0404166666666667,NA,NA,"Iceland",NA,3,14,"WE",0,29285559.0010731,88134326.0874847
"395","225","225-395",0.598421203962904,"0.000020267782824149732|0.000006752926266213301",0,1,0,2.02677828241497e-05,NA,NA,"Switzerland",NA,2,14,"WE",0.0813157894736842,NA,NA,"Iceland",NA,3,14,"WE",0,11576866.3998532,34746035.2336993
"395","230","230-395",0.600445630455834,"0.00002486511584802947|0.0000034315277401334313",0,1,0,2.48651158480295e-05,NA,NA,"Spain",NA,0,3,"AS",0.0329310344827586,NA,NA,"Iceland",NA,3,14,"WE",0,5882833.1050609,42627464.4267554
"395","235","235-395",1.78314541251708,"0.000023118796497285852|0.000004532633738086497",0,1,0,2.31187964972859e-05,NA,NA,"Portugal",NA,0,3,"AS",0.0425531914893617,NA,NA,"Iceland",NA,3,14,"WE",0,7770512.09456181,39633665.1435931
"395","255","255-395",0.208737881022464,"0.00006239901759400355|0.00006394022035700153",0,1,0,6.39402203570015e-05,NA,NA,"Germany (Zollverein)",NA,2,8,"AF",0.083728813559322,NA,NA,"Iceland",NA,3,14,"WE",0,109615796.09624,106973638.048168
"395","350","350-395",0.266295147511769,"0.000004100357565246969|1.9225351910412512e-7",0,1,0,4.10035756524697e-06,NA,NA,"Greece",NA,2,2,"WE",0.0898305084745763,NA,NA,"Iceland",NA,3,14,"WE",0,329589.457640878,7029440.25347842
"395","375","375-395",0.989491902233824,"0.000002489574572202591|0.00000893502242653333",1,0,0,8.93502242653333e-06,NA,NA,"Finland",NA,3,10,"AF",0.0110869565217391,NA,NA,"Iceland",NA,3,14,"WE",0,15317738.8340821,4267997.46934342
"395","380","380-395",1.78154205144538,"0.00000818577439732544|0.00004310959925620848",1,0,0,4.31095992562085e-05,NA,NA,"Sweden",NA,3,5,"LA",0.0137837837837838,NA,NA,"Iceland",NA,3,14,"WE",0,73904860.1252079,14033266.8892467
"395","385","385-395",1.83150848814721,"0.000008155117260794306|0.000030078731465580565",1,0,0,3.00787314655806e-05,NA,NA,"Norway",NA,3,11,"WE",0.0225806451612903,NA,NA,"Iceland",NA,3,14,"WE",0,51565416.5211772,13980709.885093
"395","390","390-395",2.30840737858256,"0.000021474496079401036|0.000050892462099532094",1,0,0,5.08924620995321e-05,NA,NA,"Denmark",NA,3,11,"WE",0.0130769230769231,NA,NA,"Iceland",NA,3,14,"WE",0,87247396.3522565,36814761.8254395
"40","20","20-40",1.18964159863076,"0.00004395373290293926|0.00003755789350809194",1,0,0,4.39537329029393e-05,NA,NA,"Canada (Province of Canada)",NA,4,4,"AF",0.0392307692307692,NA,NA,"Cuba",NA,4,5,"LA",0,64387303.8535203,75351999.0493684
"402","140","140-402",1.20495963953097,"3.186795491304553e-9|0.0000013360154003876596",0,1,0,1.33601540038766e-06,NA,NA,"Brazil",NA,4,5,"LA",0.0085,NA,NA,"Cape Verde",NA,0,2,"AF",0,2290395.48022599,5463.27683615819
"402","200","200-402",0.0671175240667465,"0.0000011180648151853428|1.0004085192037069e-7",0,1,0,1.11806481518534e-06,NA,NA,"United Kingdom",NA,4,1,"AS",0.0107228915662651,NA,NA,"Cape Verde",NA,0,2,"AF",0,1916752.30581711,171504.845685079
"402","205","205-402",0.18479970119071,"9.747228111563729e-10|3.643518542472803e-7",1,0,0,3.6435185424728e-07,NA,NA,"Ireland",NA,0,8,"AS",0.037037037037037,NA,NA,"Cape Verde",NA,0,2,"AF",0,624625.913696644,1671.01421173584
"402","210","210-402",0.906524757721749,"0.0000037059498596128102|1.687326862900136e-7",1,0,0,3.70594985961281e-06,NA,NA,"Netherlands",NA,0,8,"AF",0.0270588235294118,NA,NA,"Cape Verde",NA,0,2,"AF",0,6353288.14768034,289266.562296288
"402","230","230-402",1.45209608470373,"0.0000032032079332383076|6.631303552158517e-8",1,0,0,3.20320793323831e-06,NA,NA,"Spain",NA,0,3,"AS",0.0329310344827586,NA,NA,"Cape Verde",NA,0,2,"AF",0,5491413.47501253,113683.627295489
"402","235","235-402",4.37562751198889,"0.000016856117431327126|9.137962745630662e-7",1,0,0,1.68561174313271e-05,NA,NA,"Portugal",NA,0,3,"AS",0.0425531914893617,NA,NA,"Cape Verde",NA,0,2,"AF",0,28897253.106265,1566564.91871224
"402","325","325-402",0.289643555974126,"0.0000015467045190629226|1.048954076563646e-7",0,1,0,1.54670451906292e-06,NA,NA,"Italy",NA,2,9,"AF",0.112337662337662,NA,NA,"Cape Verde",NA,0,2,"AF",0,2651589.9731986,179827.244149198
"402","339","339-402",5.33803618450317,"4.62203809940619e-7",0,1,0,4.62203809940619e-07,NA,NA,"Albania",NA,2,14,"WE",0.115454545454545,NA,NA,"Cape Verde",NA,0,2,"AF",0,792378.22926596,NA
"402","360","360-402",2.09788133650387,"4.613768032912487e-7",0,1,0,4.61376803291249e-07,NA,NA,"Romania",NA,2,3,"AS",0.119583333333333,NA,NA,"Cape Verde",NA,0,2,"AF",0,790960.451977401,NA
"402","375","375-402",0.074817308281599,"2.126521399775163e-10|3.2135715062971304e-7",0,1,0,3.21357150629713e-07,NA,NA,"Finland",NA,3,10,"AF",0.0110869565217391,NA,NA,"Cape Verde",NA,0,2,"AF",0,550918.024692701,364.559794837367
"402","380","380-402",0.155050273068648,"7.609007838078108e-7",0,1,0,7.60900783807811e-07,NA,NA,"Sweden",NA,3,5,"LA",0.0137837837837838,NA,NA,"Cape Verde",NA,0,2,"AF",0,1304448.82269182,NA
"402","390","390-402",0.486952490916357,"7.391559975032152e-7",0,1,0,7.39155997503215e-07,NA,NA,"Denmark",NA,3,11,"WE",0.0130769230769231,NA,NA,"Cape Verde",NA,0,2,"AF",0,1267170.68932893,NA
"402","40","40-402",4.01139454592164,"7.771439454206637e-7",0,1,0,7.77143945420664e-07,NA,NA,"Cuba",NA,4,5,"LA",0,NA,NA,"Cape Verde",NA,0,2,"AF",0,1332295.2561475,NA
"403","135","135-403",0.317223439777711,"1.3841304098737442e-8",0,1,0,1.38413040987374e-08,NA,NA,"Peru",NA,4,3,"AS",0.025,NA,NA,"Sao Tome-Principe",NA,0,1,"AF",0.084,23728.813559322,NA
"403","2","2-403",0.0626921266820753,"0.0000014500413817724965",0,1,0,1.4500413817725e-06,NA,NA,"United States of America",NA,4,8,"AS",0.00662337662337662,NA,NA,"Sao Tome-Principe",NA,0,1,"AF",0.084,2485875.70621469,NA
"403","200","200-403",0.0292836163847488,"5.918071577998548e-7|5.159929778606949e-10",0,1,0,5.91807157799855e-07,NA,NA,"United Kingdom",NA,4,1,"AS",0.0107228915662651,NA,NA,"Sao Tome-Principe",NA,0,1,"AF",0.084,1014563.48407127,884.591587774785
"403","220","220-403",0.929600396049243,"0.0000015867490600646755|8.020670202115865e-9",1,0,0,1.58674906006468e-06,NA,NA,"France",NA,0,9,"AF",0.0404166666666667,NA,NA,"Sao Tome-Principe",NA,0,1,"AF",0.084,2720240.25648989,13750.2208237862
"403","230","230-403",0.124513684810193,"8.649526372380623e-8|2.124900312148186e-7",1,0,0,2.12490031214819e-07,NA,NA,"Spain",NA,0,3,"AS",0.0329310344827586,NA,NA,"Sao Tome-Principe",NA,0,1,"AF",0.084,364281.88398598,148282.99212455
"403","235","235-403",4.25480040442083,"0.00000373764578918649|8.438822431583879e-8",1,0,0,3.73764578918649e-06,NA,NA,"Portugal",NA,0,3,"AS",0.0425531914893617,NA,NA,"Sao Tome-Principe",NA,0,1,"AF",0.084,6407626.00472604,144670.793092064
"403","385","385-403",0.803495410341606,"2.4168221851842935e-7",0,1,0,2.41682218518429e-07,NA,NA,"Norway",NA,3,11,"WE",0.0225806451612903,NA,NA,"Sao Tome-Principe",NA,0,1,"AF",0.084,414327.455196237,NA
"404","210","210-404",0.599193052972735,"1.0816197839103465e-7|0.0000022151092454579845",1,0,0,2.21510924545798e-06,NA,NA,"Netherlands",NA,0,8,"AF",0.0270588235294118,NA,NA,"Guinea-Bissau (Portuguese Guinea)",NA,0,1,"AS",0.0921052631578947,3797468.35443038,185427.283523262
"404","230","230-404",0.204632226044498,"3.373315285228478e-7|4.503520064552849e-7",1,0,0,4.50352006455285e-07,NA,NA,"Spain",NA,0,3,"AS",0.0329310344827586,NA,NA,"Guinea-Bissau (Portuguese Guinea)",NA,0,1,"AS",0.0921052631578947,772060.112328491,578303.669285751
"404","235","235-404",4.07690750626112,"0.0000012846629428252572|0.000010144508805941517",1,0,0,1.01445088059415e-05,NA,NA,"Portugal",NA,0,3,"AS",0.0425531914893617,NA,NA,"Guinea-Bissau (Portuguese Guinea)",NA,0,1,"AS",0.0921052631578947,17391219.525987,2202359.4915201
"404","325","325-404",0.160095483647219,"2.2856123709156526e-7|0.0000020577696573160436",0,1,0,2.05776965731604e-06,NA,NA,"Italy",NA,2,9,"AF",0.112337662337662,NA,NA,"Guinea-Bissau (Portuguese Guinea)",NA,0,1,"AS",0.0921052631578947,3527733.52844233,391833.525449994
"404","338","338-404",0.462063730306504,"1.334655160165746e-10|2.088809473168887e-8",0,1,0,2.08880947316889e-08,NA,NA,"Malta",NA,2,3,"AS",0.243571428571429,NA,NA,"Guinea-Bissau (Portuguese Guinea)",NA,0,1,"AS",0.0921052631578947,35809.4657816898,228.80635549687
"404","345","345-404",1.72370610335998,"2.320066210835992e-7",0,1,0,2.32006621083599e-07,NA,NA,"Yugoslavia (Kingdom of Serbs, Croats and Slovenes)",NA,2,9,"AF",0.012258064516129,NA,NA,"Guinea-Bissau (Portuguese Guinea)",NA,0,1,"AS",0.0921052631578947,NA,397740.11299435
"404","375","375-404",0.190273849768199,"2.9264157953472884e-7",0,1,0,2.92641579534729e-07,NA,NA,"Finland",NA,3,10,"AF",0.0110869565217391,NA,NA,"Guinea-Bissau (Portuguese Guinea)",NA,0,1,"AS",0.0921052631578947,501689.539580197,NA
"404","40","40-404",3.02266892974764,"2.3458990210005788e-7",0,1,0,2.34589902100058e-07,NA,NA,"Cuba",NA,4,5,"LA",0,NA,NA,"Guinea-Bissau (Portuguese Guinea)",NA,0,1,"AS",0.0921052631578947,402168.755929554,NA
"404","402","402-404",7.05107603107513,"6.094674844011932e-8",1,0,0,6.09467484401193e-08,NA,NA,"Cape Verde",NA,0,2,"AF",0,NA,NA,"Guinea-Bissau (Portuguese Guinea)",NA,0,1,"AS",0.0921052631578947,104483.943165038,NA
"41","2","2-41",1.73773183021037,"0.000045827154379559965|0.00012921846040749927",1,0,0,0.000129218460407499,NA,NA,"United States of America",NA,4,8,"AS",0.00662337662337662,NA,NA,"Haiti",NA,4,5,"LA",0.031875,221525423.728814,78563695.6221514
"41","31","31-41",0.736045442705609,"1.1205648891008369e-7|1.6269751577382322e-9",0.15,0.85,0.51,1.12056488910084e-07,NA,NA,"Bahamas",NA,3,7,"ME",0.353076923076923,NA,NA,"Haiti",NA,4,5,"LA",0.031875,192103.830281581,2789.20179111884
"411","2","2-411",0.154012140439032,"8.987859804375001e-8|0.000003987613799874366",0,1,0,3.98761379987437e-06,NA,NA,"United States of America",NA,4,8,"AS",0.00662337662337662,NA,NA,"Equatorial Guinea (Spanish Guinea)",NA,0,9,"AF",0.0606666666666667,6836158.1920904,154083.204930663
"411","210","210-411",1.13047232532997,"0.0000015674673668460678|0.0000016843784474891812",1,0,0,1.68437844748918e-06,NA,NA,"Netherlands",NA,0,8,"AF",0.0270588235294118,NA,NA,"Equatorial Guinea (Spanish Guinea)",NA,0,9,"AF",0.0606666666666667,2887611.01256758,2687184.72211043
"411","220","220-411",0.43458218702425,"8.292322495126282e-7|0.000002427713810391324",1,0,0,2.42771381039132e-06,NA,NA,"France",NA,0,9,"AF",0.0404166666666667,NA,NA,"Equatorial Guinea (Spanish Guinea)",NA,0,9,"AF",0.0606666666666667,4161946.58908055,1421592.7419626
"411","230","230-411",2.86727957604871,"0.000005717336932143636|0.0000046779521797292",1,0,0,5.71733693214364e-06,NA,NA,"Spain",NA,0,3,"AS",0.0329310344827586,NA,NA,"Equatorial Guinea (Spanish Guinea)",NA,0,9,"AF",0.0606666666666667,8019638.4907361,9801505.77943283
"411","235","235-411",1.50329391447389,"3.3638111996583765e-10|4.164444576031435e-7",1,0,0,4.16444457603143e-07,NA,NA,"Portugal",NA,0,3,"AS",0.0425531914893617,NA,NA,"Equatorial Guinea (Spanish Guinea)",NA,0,9,"AF",0.0606666666666667,576.674338169723,713930.769946695
"411","325","325-411",1.11112538543346,"0.0000011067780050854242|0.0000017711754956287486",0,1,0,1.77117549562875e-06,NA,NA,"Italy",NA,2,9,"AF",0.112337662337662,NA,NA,"Equatorial Guinea (Spanish Guinea)",NA,0,9,"AF",0.0606666666666667,1897402.78422363,3036411.36823574
"411","345","345-411",2.22221431508916,"4.516099956371623e-7",0,1,0,4.51609995637162e-07,NA,NA,"Yugoslavia (Kingdom of Serbs, Croats and Slovenes)",NA,2,9,"AF",0.012258064516129,NA,NA,"Equatorial Guinea (Spanish Guinea)",NA,0,9,"AF",0.0606666666666667,NA,774216.743708271
"42","2","2-42",1.52673553039309,"0.00013864109295014444|0.0005743152536397567",1,0,0,0.000574315253639757,NA,NA,"United States of America",NA,4,8,"AS",0.00662337662337662,NA,NA,"Dominican Republic (Santo Domingo)",NA,4,5,"LA",0.017,984576271.186441,237679096.045198
"42","31","31-42",0.308401966665028,"3.544650986096102e-7|5.602432611393735e-9",0.15,0.85,0.51,3.5446509860961e-07,NA,NA,"Bahamas",NA,3,7,"ME",0.353076923076923,NA,NA,"Dominican Republic (Santo Domingo)",NA,4,5,"LA",0.017,607676.572828232,9604.5197740113
"42","41","41-42",3.46255159671193,"7.964603198920101e-8|0.0000012714226479268824",1,0,0,1.27142264792688e-06,NA,NA,"Haiti",NA,4,5,"LA",0.031875,NA,NA,"Dominican Republic (Santo Domingo)",NA,4,5,"LA",0.017,136541.024626714,2179661.01694915
"420","200","200-420",0.891350108646674,"0.00001111629311311282|0.0000015275813198586247",0,1,0,1.11162931131128e-05,NA,NA,"United Kingdom",NA,4,1,"AS",0.0107228915662651,NA,NA,"Gambia",NA,0,9,"AF",0.0729166666666667,19057196.1189618,2618806.15273345
"420","210","210-420",0.21288684239794,"1.3940877214844399e-8|0.0000036823304883315536",1,0,0,3.68233048833155e-06,NA,NA,"Netherlands",NA,0,8,"AF",0.0270588235294118,NA,NA,"Gambia",NA,0,9,"AF",0.0729166666666667,6312796.32310057,23899.5165429981
"420","220","220-420",0.358048556497339,"0.0000014103810520720255|0.00000710682293425779",1,0,0,7.10682293425779e-06,NA,NA,"France",NA,0,9,"AF",0.0404166666666667,NA,NA,"Gambia",NA,0,9,"AF",0.0729166666666667,12183568.4848149,2417884.09484264
"420","225","225-420",0.564821657516711,"8.945153446882748e-7|1.6960453255055187e-7",0,1,0,8.94515344688275e-07,NA,NA,"Switzerland",NA,2,14,"WE",0.0813157894736842,NA,NA,"Gambia",NA,0,9,"AF",0.0729166666666667,290761.210287628,1533510.69296981
"420","230","230-420",0.47722550374586,"7.706727997791191e-7|0.0000010033450591961583",1,0,0,1.00334505919616e-06,NA,NA,"Spain",NA,0,3,"AS",0.0329310344827586,NA,NA,"Gambia",NA,0,9,"AF",0.0729166666666667,1321201.45982975,1720082.70864479
"420","235","235-420",0.712606558916981,"3.6175101294079096e-7|3.161465129929816e-8",1,0,0,3.61751012940791e-07,NA,NA,"Portugal",NA,0,3,"AS",0.0425531914893617,NA,NA,"Gambia",NA,0,9,"AF",0.0729166666666667,54198.5177894077,620167.166311367
"420","345","345-420",1.13887363950585,"2.927645533611741e-7",0,1,0,2.92764553361174e-07,NA,NA,"Yugoslavia (Kingdom of Serbs, Croats and Slovenes)",NA,2,9,"AF",0.012258064516129,NA,NA,"Gambia",NA,0,9,"AF",0.0729166666666667,NA,501900.359527478
"420","360","360-420",2.03143130348734,"8.568426346837497e-7",0,1,0,8.5684263468375e-07,NA,NA,"Romania",NA,2,3,"AS",0.119583333333333,NA,NA,"Gambia",NA,0,9,"AF",0.0729166666666667,1468926.55367232,NA
"420","390","390-420",0.414785679893621,"0.0000013648931439966696|1.0175289364564482e-8",0,1,0,1.36489314399667e-06,NA,NA,"Denmark",NA,3,11,"WE",0.0130769230769231,NA,NA,"Gambia",NA,0,9,"AF",0.0729166666666667,2339901.98548185,17443.9881185709
"420","404","404-420",4.71443880768402,"1.9613197468899207e-8|8.378105165678151e-8",1,0,0,8.37810516567815e-08,NA,NA,"Guinea-Bissau (Portuguese Guinea)",NA,0,1,"AS",0.0921052631578947,NA,NA,"Gambia",NA,0,9,"AF",0.0729166666666667,33623.8480653082,143629.887789911
"432","135","135-432",0.691857155580317,"2.9198560551146147e-7",0,1,0,2.91985605511462e-07,NA,NA,"Peru",NA,4,3,"AS",0.025,NA,NA,"Mali (French Sudan) (Upper Senegal and Niger)",NA,0,9,"AF",0.07,500564.971751412,NA
"432","205","205-432",2.33216871812297,"0.000004914890745482427|1.0440103958370525e-7",1,0,0,4.91489074548243e-06,NA,NA,"Ireland",NA,0,8,"AS",0.037037037037037,NA,NA,"Mali (French Sudan) (Upper Senegal and Niger)",NA,0,9,"AF",0.07,178979.725176843,8425833.67376689
"432","210","210-432",0.0556744163639932,"0.000005753608338524662|2.3250819354872665e-7",1,0,0,5.75360833852466e-06,NA,NA,"Netherlands",NA,0,8,"AF",0.0270588235294118,NA,NA,"Mali (French Sudan) (Upper Senegal and Niger)",NA,0,9,"AF",0.07,9863687.59650802,398599.982803336
"432","220","220-432",1.41506079911331,"0.000002649374070588926|0.00003739590948657934",1,0,0,3.73959094865793e-05,NA,NA,"France",NA,0,9,"AF",0.0404166666666667,NA,NA,"Mali (French Sudan) (Upper Senegal and Niger)",NA,0,9,"AF",0.07,64109606.8519486,4541949.43781642
"432","230","230-432",0.22734212605651,"0.0000034156979644531376|6.141163724390272e-7",1,0,0,3.41569796445314e-06,NA,NA,"Spain",NA,0,3,"AS",0.0329310344827586,NA,NA,"Mali (French Sudan) (Upper Senegal and Niger)",NA,0,9,"AF",0.07,5855695.35899853,1052809.24408431
"432","235","235-432",0.440747586448625,"8.888688157246246e-7|2.38836202859062e-7",1,0,0,8.88868815724625e-07,NA,NA,"Portugal",NA,0,3,"AS",0.0425531914893617,NA,NA,"Mali (French Sudan) (Upper Senegal and Niger)",NA,0,9,"AF",0.07,409448.393621815,1523830.57669753
"432","365","365-432",2.58355837585539,"0.000012682481077569169",0,1,0,1.26824810775692e-05,NA,NA,"Russia (USSR)",NA,2,9,"AF",0.072,NA,NA,"Mali (French Sudan) (Upper Senegal and Niger)",NA,0,9,"AF",0.07,NA,21742187.5
"433","150","150-433",1.21174457876427,"3.660074370244741e-7|3.3285040808868676e-8",0,1,0,3.66007437024474e-07,NA,NA,"Paraguay",NA,4,3,"AS",0.0242857142857143,NA,NA,"Senegal",NA,0,9,"AF",0.0743243243243243,57062.1468926554,627464.158906186
"433","220","220-433",1.92119726163049,"0.0001435865216277805|0.00006782589992819953",1,0,0,0.00014358652162778,NA,NA,"France",NA,0,9,"AF",0.0404166666666667,NA,NA,"Senegal",NA,0,9,"AF",0.0743243243243243,246157282.365319,116277203.535777
"433","230","230-433",0.646552561677803,"0.000012023129975154835|0.000006681698175443095",1,0,0,1.20231299751548e-05,NA,NA,"Spain",NA,0,3,"AS",0.0329310344827586,NA,NA,"Senegal",NA,0,9,"AF",0.0743243243243243,20611830.1819529,11454756.6568683
"433","325","325-433",0.880846469129667,"0.00001787815921614429|0.000021729281293271768",0,1,0,2.17292812932718e-05,NA,NA,"Italy",NA,2,9,"AF",0.112337662337662,NA,NA,"Senegal",NA,0,9,"AF",0.0743243243243243,30649388.5111923,37251552.375989
"433","350","350-433",0.35473505726284,"4.2895738880565555e-7|0.0000016487437053123845",0,1,0,1.64874370531238e-06,NA,NA,"Greece",NA,2,2,"WE",0.0898305084745763,NA,NA,"Senegal",NA,0,9,"AF",0.0743243243243243,735382.289938378,2826520.65956935
"433","404","404-433",5.03234702669809,"9.284540128580728e-7|1.2168352614536331e-8",1,0,0,9.28454012858073e-07,NA,NA,"Guinea-Bissau (Portuguese Guinea)",NA,0,1,"AS",0.0921052631578947,NA,NA,"Senegal",NA,0,9,"AF",0.0743243243243243,20860.7923397015,1591693.3846951
"433","420","420-433",5.35267393246878,"0.0000031287789045438914|2.590665423152237e-7",1,0,0,3.12877890454389e-06,NA,NA,"Gambia",NA,0,9,"AF",0.0729166666666667,NA,NA,"Senegal",NA,0,9,"AF",0.0743243243243243,444130.23788827,5363816.21013831
"433","432","432-433",5.68458553544538,"1.296739856559039e-7|0.000007972899190750485",1,0,0,7.97289919075048e-06,NA,NA,"Mali (French Sudan) (Upper Senegal and Niger)",NA,0,9,"AF",0.07,NA,NA,"Senegal",NA,0,9,"AF",0.0743243243243243,222306.352578715,13668324.680609
"433","53","433-53",0.0337738792976803,"1.6477742974687474e-8",0,1,0,1.64777429746875e-08,NA,NA,"Barbados",NA,4,5,"LA",0.0182142857142857,NA,NA,"Senegal",NA,0,9,"AF",0.0743243243243243,28248.5875706215,NA
"433","92","433-92",2.00714540523058,"5.843011835124291e-7",0,1,0,5.84301183512429e-07,NA,NA,"El Salvador",NA,4,5,"LA",0,NA,NA,"Senegal",NA,0,9,"AF",0.0743243243243243,NA,1001695.63121746
"434","210","210-434",0.920244279537958,"0.000014032021708635244|4.9064225064721567e-8",1,0,0,1.40320217086352e-05,NA,NA,"Netherlands",NA,0,8,"AF",0.0270588235294118,NA,NA,"Benin (Dahomey)",NA,0,9,"AF",0.0541176470588235,24055769.9339137,84113.1616420153
"434","220","220-434",1.40545154033307,"0.00003804984429000821|4.170459130501333e-7",1,0,0,3.80498442900082e-05,NA,NA,"France",NA,0,9,"AF",0.0404166666666667,NA,NA,"Benin (Dahomey)",NA,0,9,"AF",0.0541176470588235,65230678.748052,714961.87395713
"434","235","235-434",2.4121596014052,"1.8578095911646785e-7|5.140061673447016e-7",1,0,0,5.14006167344702e-07,NA,NA,"Portugal",NA,0,3,"AS",0.0425531914893617,NA,NA,"Benin (Dahomey)",NA,0,9,"AF",0.0541176470588235,318493.236641539,881185.50291635
"434","305","305-434",0.318459892586681,"0.0000027396904776609456",0,1,0,2.73969047766095e-06,NA,NA,"Austria",NA,2,1,"AS",0.0331034482758621,NA,NA,"Benin (Dahomey)",NA,0,9,"AF",0.0541176470588235,4696783.19982843,NA
"434","325","325-434",0.451717455235255,"0.000006299855479222189|4.5559637560098397e-7",0,1,0,6.29985547922219e-06,NA,NA,"Italy",NA,2,9,"AF",0.112337662337662,NA,NA,"Benin (Dahomey)",NA,0,9,"AF",0.0541176470588235,10800145.3512442,781050.786675853
"434","385","385-434",0.196698431938623,"4.6727833394972906e-9|0.000001962913796465439",0,1,0,1.96291379646544e-06,NA,NA,"Norway",NA,3,11,"WE",0.0225806451612903,NA,NA,"Benin (Dahomey)",NA,0,9,"AF",0.0541176470588235,3365117.5624122,8010.77729923955
"434","411","411-434",3.99196517978949,"8.17737084412025e-9",1,0,0,8.17737084412025e-09,NA,NA,"Equatorial Guinea (Spanish Guinea)",NA,0,9,"AF",0.0606666666666667,NA,NA,"Benin (Dahomey)",NA,0,9,"AF",0.0541176470588235,NA,14018.8602736692
"434","432","432-434",0.985069492696532,"2.3363916697486424e-9",1,0,0,2.33639166974864e-09,NA,NA,"Mali (French Sudan) (Upper Senegal and Niger)",NA,0,9,"AF",0.07,NA,NA,"Benin (Dahomey)",NA,0,9,"AF",0.0541176470588235,NA,4005.38864961977
"434","433","433-434",4.08449268894792,"0.000001653509944318675|5.373700840421883e-8",1,0,0,1.65350994431867e-06,NA,NA,"Senegal",NA,0,9,"AF",0.0743243243243243,NA,NA,"Benin (Dahomey)",NA,0,9,"AF",0.0541176470588235,2834691.65241458,92123.9389412548
"435","140","140-435",0.402181778285142,"0.0000019044975330143763",0,1,0,1.90449753301438e-06,NA,NA,"Brazil",NA,4,5,"LA",0.0085,NA,NA,"Mauritania",NA,0,9,"AF",0.0982142857142857,3264971.75141243,NA
"435","220","220-435",1.68071333238522,"0.00004275710174506935|0.000014345352793369256",1,0,0,4.27571017450694e-05,NA,NA,"France",NA,0,9,"AF",0.0404166666666667,NA,NA,"Mauritania",NA,0,9,"AF",0.0982142857142857,73300556.6822463,24592928.4876855
"435","230","230-435",1.97086979789471,"0.000017119719231307303|0.00001644274963389565",1,0,0,1.71197192313073e-05,NA,NA,"Spain",NA,0,3,"AS",0.0329310344827586,NA,NA,"Mauritania",NA,0,9,"AF",0.0982142857142857,29349158.3545719,28188596.8028771
"435","325","325-435",1.51505400048639,"0.000007572856480020094|0.00003424101670132827",0,1,0,3.42410167013283e-05,NA,NA,"Italy",NA,2,9,"AF",0.112337662337662,NA,NA,"Mauritania",NA,0,9,"AF",0.0982142857142857,12982512.214459,58701022.359704
"435","345","345-435",0.244671347984644,"8.068422563336177e-7",0,1,0,8.06842256333618e-07,NA,NA,"Yugoslavia (Kingdom of Serbs, Croats and Slovenes)",NA,2,9,"AF",0.012258064516129,NA,NA,"Mauritania",NA,0,9,"AF",0.0982142857142857,NA,1383208.49941224
"435","350","350-435",0.380482213329986,"2.90490286895346e-8|0.0000014138503916075217",0,1,0,1.41385039160752e-06,NA,NA,"Greece",NA,2,2,"WE",0.0898305084745763,NA,NA,"Mauritania",NA,0,9,"AF",0.0982142857142857,49800.1475103952,2423831.75052772
"435","360","360-435",2.01509160304127,"0.000001351174923924371",0,1,0,1.35117492392437e-06,NA,NA,"Romania",NA,2,3,"AS",0.119583333333333,NA,NA,"Mauritania",NA,0,9,"AF",0.0982142857142857,2316384.18079096,NA
"435","365","365-435",2.23671870796426,"0.000018736832153837674",0,1,0,1.87368321538377e-05,NA,NA,"Russia (USSR)",NA,2,9,"AF",0.072,NA,NA,"Mauritania",NA,0,9,"AF",0.0982142857142857,NA,32121452.8413749
"435","411","411-435",2.42851641956894,"4.4440784945464646e-8",1,0,0,4.44407849454646e-08,NA,NA,"Equatorial Guinea (Spanish Guinea)",NA,0,9,"AF",0.0606666666666667,NA,NA,"Mauritania",NA,0,9,"AF",0.0982142857142857,NA,76186.9757992706
"435","420","420-435",1.53755609640353,"1.1769027950038538e-8|1.3704026709462324e-8",1,0,0,1.37040267094623e-08,NA,NA,"Gambia",NA,0,9,"AF",0.0729166666666667,NA,NA,"Mauritania",NA,0,9,"AF",0.0982142857142857,23493.4723260984,20176.2108547552
"435","432","432-435",0.919585351243543,"5.6789944575119115e-8|1.2264940372425017e-10",1,0,0,5.67899445751191e-08,NA,NA,"Mali (French Sudan) (Upper Senegal and Niger)",NA,0,9,"AF",0.07,NA,NA,"Mauritania",NA,0,9,"AF",0.0982142857142857,210.263773801503,97357.7343041073
"435","434","434-435",3.19007499563956,"5.649819855937636e-7",1,0,0,5.64981985593764e-07,NA,NA,"Benin (Dahomey)",NA,0,9,"AF",0.0541176470588235,NA,NA,"Mauritania",NA,0,9,"AF",0.0982142857142857,NA,968575.800726237
"436","200","200-436",0.362533320403038,"1.635467933909828e-8|0.000006554268178370235",0,1,0,6.55426817837024e-06,NA,NA,"United Kingdom",NA,4,1,"AS",0.0107228915662651,NA,NA,"Niger",NA,0,12,"WE",0.0384615384615385,11236297.2818819,28037.6136592041
"436","205","205-436",0.440223861865991,"9.340732032616882e-7",1,0,0,9.34073203261688e-07,NA,NA,"Ireland",NA,0,8,"AS",0.037037037037037,NA,NA,"Niger",NA,0,12,"WE",0.0384615384615385,1601326.63315858,NA
"436","210","210-436",0.379769291029756,"0.000004353367402269558|1.1681913813641628e-8",1,0,0,4.35336740226956e-06,NA,NA,"Netherlands",NA,0,8,"AF",0.0270588235294118,NA,NA,"Niger",NA,0,12,"WE",0.0384615384615385,7463187.19007893,20026.8668994315
"436","220","220-436",2.04899509995041,"0.000028606922929201356|0.00004584917533578064",1,0,0,4.58491753357806e-05,NA,NA,"France",NA,0,9,"AF",0.0404166666666667,NA,NA,"Niger",NA,0,12,"WE",0.0384615384615385,49042224.3345431,78601447.2068887
"436","230","230-436",0.39381404340636,"7.579868277662927e-7|0.0000036622799805766358",1,0,0,3.66227998057664e-06,NA,NA,"Spain",NA,0,3,"AS",0.0329310344827586,NA,NA,"Niger",NA,0,12,"WE",0.0384615384615385,1299453.28765148,6278422.77297175
"436","432","432-436",3.0251133452919,"1.220957500349033e-7|2.313018935101038e-7",1,0,0,2.31301893510104e-07,NA,NA,"Mali (French Sudan) (Upper Senegal and Niger)",NA,0,9,"AF",0.07,NA,NA,"Niger",NA,0,12,"WE",0.0384615384615385,209314.618644068,396531.964608743
"436","433","433-436",1.60144399390922,"4.975229241146247e-8|1.5303307095870551e-7",1,0,0,1.53033070958706e-07,NA,NA,"Senegal",NA,0,9,"AF",0.0743243243243243,NA,NA,"Niger",NA,0,12,"WE",0.0384615384615385,85292.7485993282,262351.956382553
"436","434","434-436",5.73117662778669,"0.000001156509467550522|1.4719267519416417e-7",1,0,0,1.15650946755052e-06,NA,NA,"Benin (Dahomey)",NA,0,9,"AF",0.0541176470588235,NA,NA,"Niger",NA,0,12,"WE",0.0384615384615385,252339.484926045,1982659.82304372
"436","435","435-436",0.469753951103138,"1.5740006811285317e-9|1.8691062101826603e-8",1,0,0,1.86910621018266e-08,NA,NA,"Mauritania",NA,0,9,"AF",0.0982142857142857,NA,NA,"Niger",NA,0,12,"WE",0.0384615384615385,2698.38509712041,32042.9870390904
"437","140","140-437",0.206866218897992,"0.00000688703745370034|8.410977945821984e-7",0,1,0,6.88703745370034e-06,NA,NA,"Brazil",NA,4,5,"LA",0.0085,NA,NA,"Ivory Coast",NA,0,9,"AF",0.0872093023255814,11806779.6610169,1441934.41675907
"437","160","160-437",0.349267013570578,"0.000003294299695446937|4.5083104778744853e-7",0,1,0,3.29429969544694e-06,NA,NA,"Argentina (La Plata)",NA,4,5,"LA",0.0110869565217391,NA,NA,"Ivory Coast",NA,0,9,"AF",0.0872093023255814,772881.355932203,5647576.46563968
"437","210","210-437",1.25709821962299,"0.00003561959826779629|0.0001295839653605826",1,0,0,0.000129583965360583,NA,NA,"Netherlands",NA,0,8,"AF",0.0270588235294118,NA,NA,"Ivory Coast",NA,0,9,"AF",0.0872093023255814,61064391.0664158,222152026.455324
"437","220","220-437",1.80226707239262,"0.00021226328339356068|0.0001381853585015667",1,0,0,0.000212263283393561,NA,NA,"France",NA,0,9,"AF",0.0404166666666667,NA,NA,"Ivory Coast",NA,0,9,"AF",0.0872093023255814,363893159.286542,236897808.553375
"437","230","230-437",0.443293791218927,"0.000016336360459515366|0.000028721153302219316",1,0,0,2.87211533022193e-05,NA,NA,"Spain",NA,0,3,"AS",0.0329310344827586,NA,NA,"Ivory Coast",NA,0,9,"AF",0.0872093023255814,28006208.7225639,49238054.9589423
"437","325","325-437",0.388637461545571,"0.000024477527295141015|0.00006263959006012798",0,1,0,6.2639590060128e-05,NA,NA,"Italy",NA,2,9,"AF",0.112337662337662,NA,NA,"Ivory Coast",NA,0,9,"AF",0.0872093023255814,41963002.7225973,107386063.001442
"437","365","365-437",0.089980054925315,"0.000012356007345465665",0,1,0,1.23560073454657e-05,NA,NA,"Russia (USSR)",NA,2,9,"AF",0.072,NA,NA,"Ivory Coast",NA,0,9,"AF",0.0872093023255814,NA,21182497.8735141
"437","402","402-437",4.69741674826974,"9.982764407107863e-8|0.0000026774946460866613",1,0,0,2.67749464608666e-06,NA,NA,"Cape Verde",NA,0,2,"AF",0,NA,NA,"Ivory Coast",NA,0,9,"AF",0.0872093023255814,171139.333211027,4590157.8933497
"437","404","404-437",4.73996061189398,"0.0000015104714561038606|6.541896675296166e-7",1,0,0,1.51047145610386e-06,NA,NA,"Guinea-Bissau (Portuguese Guinea)",NA,0,1,"AS",0.0921052631578947,NA,NA,"Ivory Coast",NA,0,9,"AF",0.0872093023255814,1121508.82189353,2589473.89009649
"437","411","411-437",1.55923538512484,"1.0513722432277496e-7",1,0,0,1.05137224322775e-07,NA,NA,"Equatorial Guinea (Spanish Guinea)",NA,0,9,"AF",0.0606666666666667,NA,NA,"Ivory Coast",NA,0,9,"AF",0.0872093023255814,NA,180241.802094884
"437","420","420-437",3.76704096292856,"0.00000302211110358909",1,0,0,3.02211110358909e-06,NA,NA,"Gambia",NA,0,9,"AF",0.0729166666666667,NA,NA,"Ivory Coast",NA,0,9,"AF",0.0872093023255814,NA,5180950.46688293
"437","432","432-437",5.88384013049441,"0.00004589006203412837|8.464109821771217e-7",1,0,0,4.58900620341284e-05,NA,NA,"Mali (French Sudan) (Upper Senegal and Niger)",NA,0,9,"AF",0.07,NA,NA,"Ivory Coast",NA,0,9,"AF",0.0872093023255814,1451043.06988498,78671541.2410367
"437","433","433-437",4.22618967109859,"0.00002024358844765955",1,0,0,2.02435884476595e-05,NA,NA,"Senegal",NA,0,9,"AF",0.0743243243243243,NA,NA,"Ivory Coast",NA,0,9,"AF",0.0872093023255814,NA,34704557.6500248
"437","434","434-437",4.14686919196661,"0.0000053549892921733115|2.126116419471264e-7",1,0,0,5.35498929217331e-06,NA,NA,"Benin (Dahomey)",NA,0,9,"AF",0.0541176470588235,NA,NA,"Ivory Coast",NA,0,9,"AF",0.0872093023255814,364490.367115399,9180315.78669938
"437","435","435-437",4.28899635572599,"0.0000016506544218675615|0.000006360295322783896",1,0,0,6.3602953227839e-06,NA,NA,"Mauritania",NA,0,9,"AF",0.0982142857142857,NA,NA,"Ivory Coast",NA,0,9,"AF",0.0872093023255814,10903760.2829876,2829796.29288967
"437","436","436-437",4.97485087322666,"0.000010117705553995001|6.915692977675817e-7",1,0,0,1.0117705553995e-05,NA,NA,"Niger",NA,0,12,"WE",0.0384615384615385,NA,NA,"Ivory Coast",NA,0,9,"AF",0.0872093023255814,1185590.52044634,17345269.4215976
"438","140","140-438",1.96225636303087,"0.0000019440441161536254|0.00000935925764518796",0,1,0,9.35925764518796e-06,NA,NA,"Brazil",NA,4,5,"LA",0.0085,NA,NA,"Guinea (French Guinea) (Rivieres du Sud)",NA,0,9,"AF",0.0364,3332768.36158192,16045025.6805341
"438","2","2-438",0.544772318055673,"0.000029231516037095554|0.000050002460045006227",0,1,0,5.00024600450062e-05,NA,NA,"United States of America",NA,4,8,"AS",0.00662337662337662,NA,NA,"Guinea (French Guinea) (Rivieres du Sud)",NA,0,9,"AF",0.0364,50112994.3502825,85721623.0097588
"438","205","205-438",3.03012781059394,"0.00002525958707922621|3.7710763006587105e-7",1,0,0,2.52595870792262e-05,NA,NA,"Ireland",NA,0,8,"AS",0.037037037037037,NA,NA,"Guinea (French Guinea) (Rivieres du Sud)",NA,0,9,"AF",0.0364,646493.753897587,43303725.4374818
"438","210","210-438",0.318578359255734,"3.7912776425657424e-7|0.000010205331033144465",1,0,0,1.02053310331445e-05,NA,NA,"Netherlands",NA,0,8,"AF",0.0270588235294118,NA,NA,"Guinea (French Guinea) (Rivieres du Sud)",NA,0,9,"AF",0.0364,17495489.9964041,649956.96713487
"438","220","220-438",1.43065670270629,"0.000014849096683317574|0.00005179721203314806",1,0,0,5.17972120331481e-05,NA,NA,"France",NA,0,9,"AF",0.0404166666666667,NA,NA,"Guinea (French Guinea) (Rivieres du Sud)",NA,0,9,"AF",0.0364,88798452.693439,25456520.8747151
"438","230","230-438",1.80369779637332,"0.000009045098045144217|0.00003117577622151748",1,0,0,3.11757762215175e-05,NA,NA,"Spain",NA,0,3,"AS",0.0329310344827586,NA,NA,"Guinea (French Guinea) (Rivieres du Sud)",NA,0,9,"AF",0.0364,15506446.7631047,53446133.1280924
"438","325","325-438",0.138678550363389,"0.000008459641387415475|0.000010579484032112842",0,1,0,1.05794840321128e-05,NA,NA,"Italy",NA,2,9,"AF",0.112337662337662,NA,NA,"Guinea (French Guinea) (Rivieres du Sud)",NA,0,9,"AF",0.0364,14502770.2468452,18136918.4840559
"438","345","345-438",1.32139476615333,"0.0000028978357985938972",0,1,0,2.8978357985939e-06,NA,NA,"Yugoslavia (Kingdom of Serbs, Croats and Slovenes)",NA,2,9,"AF",0.012258064516129,NA,NA,"Guinea (French Guinea) (Rivieres du Sud)",NA,0,9,"AF",0.0364,NA,4967899.33230611
"438","350","350-438",1.07110735956111,"0.0000016064482099556398|3.917533250195109e-10",0,1,0,1.60644820995564e-06,NA,NA,"Greece",NA,2,2,"WE",0.0898305084745763,NA,NA,"Guinea (French Guinea) (Rivieres du Sud)",NA,0,9,"AF",0.0364,2754011.45692775,671.601573400904
"438","360","360-438",1.69768914386622,"0.0000011790886973891829|3.295548594937489e-8",0,1,0,1.17908869738918e-06,NA,NA,"Romania",NA,2,3,"AS",0.119583333333333,NA,NA,"Guinea (French Guinea) (Rivieres du Sud)",NA,0,9,"AF",0.0364,56497.1751412429,2021368.48310441
"438","385","385-438",1.69021926409168,"2.508541469814662e-7|0.000007596109231807558",0,1,0,7.59610923180756e-06,NA,NA,"Norway",NA,3,11,"WE",0.0225806451612903,NA,NA,"Guinea (French Guinea) (Rivieres du Sud)",NA,0,9,"AF",0.0364,430051.333446892,13022375.5256015
"438","404","404-438",1.85583931333809,"1.2940931999503716e-8|3.756693204143571e-8",1,0,0,3.75669320414357e-08,NA,NA,"Guinea-Bissau (Portuguese Guinea)",NA,0,1,"AS",0.0921052631578947,NA,NA,"Guinea (French Guinea) (Rivieres du Sud)",NA,0,9,"AF",0.0364,22185.2623502505,64402.7990461
"438","420","420-438",6.27128425714546,"0.0000024242452607615477",1,0,0,2.42424526076155e-06,NA,NA,"Gambia",NA,0,9,"AF",0.0729166666666667,NA,NA,"Guinea (French Guinea) (Rivieres du Sud)",NA,0,9,"AF",0.0364,4156000.28756885,NA
"438","433","433-438",3.87905711018937,"0.0000017872870585451376|1.1214786214414815e-7",1,0,0,1.78728705854514e-06,NA,NA,"Senegal",NA,0,9,"AF",0.0743243243243243,NA,NA,"Guinea (French Guinea) (Rivieres du Sud)",NA,0,9,"AF",0.0364,3064032.1957145,192260.475812953
"438","437","437-438",4.96171708699942,"0.000024885980997200746|0.0000020241647829731366",1,0,0,2.48859809972007e-05,NA,NA,"Ivory Coast",NA,0,9,"AF",0.0872093023255814,NA,NA,"Guinea (French Guinea) (Rivieres du Sud)",NA,0,9,"AF",0.0364,42663234.5558589,3470123.07553421
"439","220","220-439",1.73570151624136,"0.00004828269106258328|0.000004692409029523164",1,0,0,4.82826910625833e-05,NA,NA,"France",NA,0,9,"AF",0.0404166666666667,NA,NA,"Burkina Faso (Upper Volta)",NA,0,9,"AF",0.06,82773340.3004192,8044422.56389633
"439","225","225-439",2.57979420234191,"3.506998870896231e-7|0.000007087911408516458",0,1,0,7.08791140851646e-06,NA,NA,"Switzerland",NA,2,14,"WE",0.0813157894736842,NA,NA,"Burkina Faso (Upper Volta)",NA,0,9,"AF",0.06,601221.689564932,12151147.5463515
"439","432","432-439",4.79111704886648,"5.000940169475582e-7|4.2744285598051475e-7",1,0,0,5.00094016947558e-07,NA,NA,"Mali (French Sudan) (Upper Senegal and Niger)",NA,0,9,"AF",0.07,NA,NA,"Burkina Faso (Upper Volta)",NA,0,9,"AF",0.06,857335.234139062,732785.853447938
"439","433","433-439",3.33691191028783,"7.140842361794592e-7",1,0,0,7.14084236179459e-07,NA,NA,"Senegal",NA,0,9,"AF",0.0743243243243243,NA,NA,"Burkina Faso (Upper Volta)",NA,0,9,"AF",0.06,1224188.96262086,NA
"439","434","434-439",6.01653343810898,"3.3527220460892903e-7",1,0,0,3.35272204608929e-07,NA,NA,"Benin (Dahomey)",NA,0,9,"AF",0.0541176470588235,NA,NA,"Burkina Faso (Upper Volta)",NA,0,9,"AF",0.06,574773.271220435,NA
"439","436","436-439",4.04349879480092,"1.1074496514608558e-7|2.850386970528554e-7",1,0,0,2.85038697052855e-07,NA,NA,"Niger",NA,0,12,"WE",0.0384615384615385,NA,NA,"Burkina Faso (Upper Volta)",NA,0,9,"AF",0.06,488655.552346128,189855.421991977
"439","437","437-439",5.78415491444682,"0.00003891712767876572|0.000003914390603496862",1,0,0,3.89171276787657e-05,NA,NA,"Ivory Coast",NA,0,9,"AF",0.0872093023255814,NA,NA,"Burkina Faso (Upper Volta)",NA,0,9,"AF",0.06,66717504.3887661,6710628.14357294
"450","100","100-450",1.9298624233303,"0.0000012981465510785592|4.97627837835561e-8",0,1,0,1.29814655107856e-06,NA,NA,"Colombia (New Granada) (Gran Colombia)",NA,4,5,"LA",0.0134210526315789,NA,NA,"Liberia",NA,1,11,"AF",0.530952380952381,85310.7344632768,2225475.08988187
"450","140","140-450",0.0108218071455209,"0.000014547540162632584",0,1,0,1.45475401626326e-05,NA,NA,"Brazil",NA,4,5,"LA",0.0085,NA,NA,"Liberia",NA,1,11,"AF",0.530952380952381,24939548.0225989,NA
"450","220","220-450",0.588636744863872,"0.000007568941552304898|0.00001340126707800474",0.5,0.5,1,1.34012670780047e-05,NA,NA,"France",NA,0,9,"AF",0.0404166666666667,NA,NA,"Liberia",NA,1,11,"AF",0.530952380952381,12975800.665519,22974436.9232998
"450","230","230-450",1.55976546409639,"0.00008034343225022364|0.000014796456447685872",0.5,0.5,1,8.03434322502236e-05,NA,NA,"Spain",NA,0,3,"AS",0.0329310344827586,NA,NA,"Liberia",NA,1,11,"AF",0.530952380952381,137736611.448012,25366277.1861065
"450","235","235-450",0.766892301437484,"8.507152678218973e-8|0.0000019078842675561794",0.5,0.5,1,1.90788426755618e-06,NA,NA,"Portugal",NA,0,3,"AS",0.0425531914893617,NA,NA,"Liberia",NA,1,11,"AF",0.530952380952381,145842.211385673,3270777.79338247
"450","290","290-450",0.375981278654215,"0.000010013912900070837",0,1,0,1.00139129000708e-05,NA,NA,"Poland",NA,2,1,"AS",0.112,NA,NA,"Liberia",NA,1,11,"AF",0.530952380952381,17167332.681228,NA
"450","350","350-450",0.499533393269334,"4.81089747049575e-7|0.000006587393332809164",0,1,0,6.58739333280916e-06,NA,NA,"Greece",NA,2,2,"WE",0.0898305084745763,NA,NA,"Liberia",NA,1,11,"AF",0.530952380952381,11293085.327878,824755.29990574
"450","360","360-450",2.65799489195961,"0.000001865867818165134",0,1,0,1.86586781816513e-06,NA,NA,"Romania",NA,2,3,"AS",0.119583333333333,NA,NA,"Liberia",NA,1,11,"AF",0.530952380952381,NA,3198746.97266553
"450","385","385-450",4.15750916030401,"0.00005425009449707717|0.0001651058548901416",0.05,0.95,0.19,0.000165105854890142,NA,NA,"Norway",NA,3,11,"WE",0.0225806451612903,NA,NA,"Liberia",NA,1,11,"AF",0.530952380952381,283048910.730746,93003547.1162119
"450","435","435-450",1.5340797705699,"0.0000010397533699399143",0.5,0.5,1,1.03975336993991e-06,NA,NA,"Mauritania",NA,0,9,"AF",0.0982142857142857,NA,NA,"Liberia",NA,1,11,"AF",0.530952380952381,1782499.22745585,NA
"450","437","437-450",1.37341498195341,"0.000004996354538094517|3.292188261918524e-8",0.5,0.5,1,4.99635453809452e-06,NA,NA,"Ivory Coast",NA,0,9,"AF",0.0872093023255814,NA,NA,"Liberia",NA,1,11,"AF",0.530952380952381,8565490.97288684,56439.567335551
"450","70","450-70",0.0718057039195241,"0.000001884724241444749|0.000003070462625903258",0,1,0,3.07046262590326e-06,NA,NA,"Mexico",NA,4,5,"LA",0,NA,NA,"Liberia",NA,1,11,"AF",0.530952380952381,5263841.8079096,3231073.44632768
"451","2","2-451",1.13850288785101,"0.0000081400050294956|0.000015473589317810005",0,1,0,1.547358931781e-05,NA,NA,"United States of America",NA,4,8,"AS",0.00662337662337662,NA,NA,"Sierra Leone",NA,0,7,"ME",0.0476190476190476,13954802.259887,26527118.6440678
"451","200","200-451",1.30460790171018,"0.000010448881455901166|0.0000069124131778813834",0,1,0,1.04488814559012e-05,NA,NA,"United Kingdom",NA,4,1,"AS",0.0107228915662651,NA,NA,"Sierra Leone",NA,0,7,"ME",0.0476190476190476,17913020.2040104,11850282.4858757
"451","210","210-451",0.738190265144538,"0.000001726537908887753|0.000004757011881628081",1,0,0,4.75701188162808e-06,NA,NA,"Netherlands",NA,0,8,"AF",0.0270588235294118,NA,NA,"Sierra Leone",NA,0,7,"ME",0.0476190476190476,8155174.34147904,2959887.00564972
"451","255","255-451",0.613962058314772,"0.0000060196490635128|0.000006912027460281736",0,1,0,6.91202746028174e-06,NA,NA,"Germany (Zollverein)",NA,2,8,"AF",0.083728813559322,NA,NA,"Sierra Leone",NA,0,7,"ME",0.0476190476190476,11849621.2316367,10319774.0112994
"451","325","325-451",0.253092434569005,"0.000004220444425184193",0,1,0,4.22044442518419e-06,NA,NA,"Italy",NA,2,9,"AF",0.112337662337662,NA,NA,"Sierra Leone",NA,0,7,"ME",0.0476190476190476,7235310.93517486,NA
"451","420","420-451",0.372137867594155,"2.036487902826205e-9",1,0,0,2.0364879028262e-09,NA,NA,"Gambia",NA,0,9,"AF",0.0729166666666667,NA,NA,"Sierra Leone",NA,0,7,"ME",0.0476190476190476,3491.2491927972,NA
"451","433","433-451",2.36879838104186,"1.2093981019703386e-7",1,0,0,1.20939810197034e-07,NA,NA,"Senegal",NA,0,9,"AF",0.0743243243243243,NA,NA,"Sierra Leone",NA,0,7,"ME",0.0476190476190476,207332.935364593,NA
"451","437","437-451",4.90757519449943,"0.000007222927310974621",1,0,0,7.22292731097462e-06,NA,NA,"Ivory Coast",NA,0,9,"AF",0.0872093023255814,NA,NA,"Sierra Leone",NA,0,7,"ME",0.0476190476190476,12382611.8039185,NA
"451","438","438-451",0.704655282419778,"2.3419610882501994e-8",1,0,0,2.3419610882502e-08,NA,NA,"Guinea (French Guinea) (Rivieres du Sud)",NA,0,9,"AF",0.0364,NA,NA,"Sierra Leone",NA,0,7,"ME",0.0476190476190476,40149.3657171689,NA
"451","450","450-451",2.78357651952216,"1.1342860922941551e-7",0.5,0.5,1,1.13428609229416e-07,NA,NA,"Liberia",NA,1,11,"AF",0.530952380952381,NA,NA,"Sierra Leone",NA,0,7,"ME",0.0476190476190476,194456.122161459,NA
"452","200","200-452",1.31798438991497,"0.00009839935990743167|0.0000358568869323579",0,1,0,9.83993599074317e-05,NA,NA,"United Kingdom",NA,4,1,"AS",0.0107228915662651,NA,NA,"Ghana (Gold Coast)",NA,0,9,"AF",0.0729166666666667,168690756.950644,61471186.440678
"452","205","205-452",0.64187820421757,"0.000002419449739124042|0.000002473968330219576",1,0,0,2.47396833021958e-06,NA,NA,"Ireland",NA,0,8,"AS",0.037037037037037,NA,NA,"Ghana (Gold Coast)",NA,0,9,"AF",0.0729166666666667,4147779.09410006,4241242.93785311
"452","210","210-452",1.36273906020109,"0.00002258769829535328|0.000033325246501726905",1,0,0,3.33252465017269e-05,NA,NA,"Netherlands",NA,0,8,"AF",0.0270588235294118,NA,NA,"Ghana (Gold Coast)",NA,0,9,"AF",0.0729166666666667,38723177.9434384,57131073.4463277
"452","255","255-452",1.50823493061849,"0.00003855558137272195|0.00009191252075794706",0,1,0,9.1912520757947e-05,NA,NA,"Germany (Zollverein)",NA,2,8,"AF",0.083728813559322,NA,NA,"Ghana (Gold Coast)",NA,0,9,"AF",0.0729166666666667,66097688.1613373,157570056.497175
"452","352","352-452",0.637523917154384,"2.465438376738345e-7",0,1,0,2.46543837673834e-07,NA,NA,"Cyprus",NA,2,5,"LA",0.173877551020408,NA,NA,"Ghana (Gold Coast)",NA,0,9,"AF",0.0729166666666667,422661.962820093,NA
"452","40","40-452",3.1431012979338,"3.0828359129006136e-7|0.000003178227064957717",0,1,0,3.17822706495772e-06,NA,NA,"Cuba",NA,4,5,"LA",0,NA,NA,"Ghana (Gold Coast)",NA,0,9,"AF",0.0729166666666667,528505.392912172,5448587.57062147
"452","436","436-452",1.56828391483764,"2.0209710897600018e-7",1,0,0,2.02097108976e-07,NA,NA,"Niger",NA,0,12,"WE",0.0384615384615385,NA,NA,"Ghana (Gold Coast)",NA,0,9,"AF",0.0729166666666667,346464.797360165,NA
"452","437","437-452",3.84564975082996,"0.000018888486445277152|0.0000017802553509852306",1,0,0,1.88884864452772e-05,NA,NA,"Ivory Coast",NA,0,9,"AF",0.0872093023255814,NA,NA,"Ghana (Gold Coast)",NA,0,9,"AF",0.0729166666666667,32381441.0896908,3051977.40112994
"452","439","439-452",2.83262613336144,"1.512656805076308e-7|1.9053274066800164e-7",1,0,0,1.90532740668002e-07,NA,NA,"Burkina Faso (Upper Volta)",NA,0,9,"AF",0.06,NA,NA,"Ghana (Gold Coast)",NA,0,9,"AF",0.0729166666666667,326639.444376492,259322.033898305
"452","451","451-452",1.67950669219708,"6.62405267582434e-8",1,0,0,6.62405267582434e-08,NA,NA,"Sierra Leone",NA,0,7,"ME",0.0476190476190476,NA,NA,"Ghana (Gold Coast)",NA,0,9,"AF",0.0729166666666667,NA,113559.322033898
"452","51","452-51",4.35865918161276,"0.000013700397645683141",0,1,0,1.37003976456831e-05,NA,NA,"Jamaica",NA,4,5,"LA",0,NA,NA,"Ghana (Gold Coast)",NA,0,9,"AF",0.0729166666666667,23487250.8474576,NA
"452","58","452-58",3.76752906718222,"5.131169162317677e-7",0,1,0,5.13116916231768e-07,NA,NA,"Antigua and Barbuda (Antigua)",NA,4,1,"AS",0,NA,NA,"Ghana (Gold Coast)",NA,0,9,"AF",0.0729166666666667,NA,879661.016949153
"461","165","165-461",1.96024498312346,"2.784738562722181e-7",0,1,0,2.78473856272218e-07,NA,NA,"Uruguay",NA,4,5,"LA",0,NA,NA,"Togo (French Togoland)",NA,0,9,"AF",0.0561224489795918,NA,477401.129943503
"461","20","20-461",1.14312371356684,"2.73587097425245e-7|0.000009458224467470585",0,1,0,9.45822446747058e-06,NA,NA,"Canada (Province of Canada)",NA,4,4,"AF",0.0392307692307692,NA,NA,"Togo (French Togoland)",NA,0,9,"AF",0.0561224489795918,469023.524136853,16214689.2655367
"461","210","210-461",0.71843908859937,"0.00001719155327741335|7.358960012495389e-7",1,0,0,1.71915532774134e-05,NA,NA,"Netherlands",NA,0,8,"AF",0.0270588235294118,NA,NA,"Togo (French Togoland)",NA,0,9,"AF",0.0561224489795918,29472306.9159432,1261581.92090395
"461","220","220-461",1.36668520639608,"0.0000548724851156903|0.000005604080385691203",1,0,0,5.48724851156903e-05,NA,NA,"France",NA,0,9,"AF",0.0404166666666667,NA,NA,"Togo (French Togoland)",NA,0,9,"AF",0.0561224489795918,94070541.298609,9607344.63276836
"461","230","230-461",0.974554639246931,"0.0000027782278708086704|0.00000565384316947476",1,0,0,5.65384316947476e-06,NA,NA,"Spain",NA,0,3,"AS",0.0329310344827586,NA,NA,"Togo (French Togoland)",NA,0,9,"AF",0.0561224489795918,4762849.70704057,9692655.36723164
"461","235","235-461",0.777763665454699,"2.3434636910655962e-7|0.0000013231627608674004",1,0,0,1.3231627608674e-06,NA,NA,"Portugal",NA,0,3,"AS",0.0425531914893617,NA,NA,"Togo (French Togoland)",NA,0,9,"AF",0.0561224489795918,401751.255601764,2268361.5819209
"461","290","290-461",1.15664591131635,"0.0000011946363656648426",0,1,0,1.19463636566484e-06,NA,NA,"Poland",NA,2,1,"AS",0.112,NA,NA,"Togo (French Togoland)",NA,0,9,"AF",0.0561224489795918,NA,2048022.59887006
"461","350","350-461",1.67688489260038,"3.099386039568051e-7|0.0000026285295593221445",0,1,0,2.62852955932214e-06,NA,NA,"Greece",NA,2,2,"WE",0.0898305084745763,NA,NA,"Togo (French Togoland)",NA,0,9,"AF",0.0561224489795918,531342.66075394,4506214.68926554
"461","355","355-461",0.0564594695270598,"8.98785980437471e-10|6.030853928735633e-8",0,1,0,6.03085392873563e-08,NA,NA,"Bulgaria",NA,2,10,"AF",0.1,NA,NA,"Togo (French Togoland)",NA,0,9,"AF",0.0561224489795918,1540.83204930658,103389.830508475
"461","365","365-461",1.4975407361772,"0.000004549504835311173",0,1,0,4.54950483531117e-06,NA,NA,"Russia (USSR)",NA,2,9,"AF",0.072,NA,NA,"Togo (French Togoland)",NA,0,9,"AF",0.0561224489795918,NA,7799435.02824853
"461","390","390-461",0.113573463991656,"6.418124917022735e-7|7.533624088027083e-7",0,1,0,7.53362408802708e-07,NA,NA,"Denmark",NA,3,11,"WE",0.0130769230769231,NA,NA,"Togo (French Togoland)",NA,0,9,"AF",0.0561224489795918,1100290.03387306,1291525.42372881
"461","404","404-461",2.29920750563887,"2.2769244837749908e-8",1,0,0,2.27692448377499e-08,NA,NA,"Guinea-Bissau (Portuguese Guinea)",NA,0,1,"AS",0.0921052631578947,NA,NA,"Togo (French Togoland)",NA,0,9,"AF",0.0561224489795918,39034.4119157678,NA
"461","411","411-461",0.765590552776649,"2.696357941312483e-9|4.284213173418737e-9",1,0,0,4.28421317341874e-09,NA,NA,"Equatorial Guinea (Spanish Guinea)",NA,0,9,"AF",0.0606666666666667,NA,NA,"Togo (French Togoland)",NA,0,9,"AF",0.0561224489795918,4622.49614791986,7344.63276836158
"461","432","432-461",3.0771918623599,"2.4980258349626154e-7|4.763565696318722e-8",1,0,0,2.49802583496262e-07,NA,NA,"Mali (French Sudan) (Upper Senegal and Niger)",NA,0,9,"AF",0.07,NA,NA,"Togo (French Togoland)",NA,0,9,"AF",0.0561224489795918,81664.0986132509,428248.587570621
"461","433","433-461",2.36013026207136,"8.50251537493874e-8|4.419401662913029e-7",1,0,0,4.41940166291303e-07,NA,NA,"Senegal",NA,0,9,"AF",0.0743243243243243,NA,NA,"Togo (French Togoland)",NA,0,9,"AF",0.0561224489795918,757639.290018825,145762.711864407
"461","434","434-461",5.70073766219679,"0.000001682377557715588|4.0185936719676565e-7",1,0,0,1.68237755771559e-06,NA,NA,"Benin (Dahomey)",NA,0,9,"AF",0.0541176470588235,NA,NA,"Togo (French Togoland)",NA,0,9,"AF",0.0561224489795918,688926.847734599,2884180.79096045
"461","435","435-461",3.29601017725118,"9.416281121716842e-7",1,0,0,9.41628112171684e-07,NA,NA,"Mauritania",NA,0,9,"AF",0.0982142857142857,NA,NA,"Togo (French Togoland)",NA,0,9,"AF",0.0561224489795918,1614278.37699024,NA
"461","436","436-461",5.15539208340267,"0.000001092144804362284|5.175087819443233e-7",1,0,0,1.09214480436228e-06,NA,NA,"Niger",NA,0,12,"WE",0.0384615384615385,NA,NA,"Togo (French Togoland)",NA,0,9,"AF",0.0561224489795918,887190.203644814,1872316.38418079
"461","437","437-461",4.2360129937493,"0.00001360242044460429|1.8455072131649922e-7",1,0,0,1.36024204446043e-05,NA,NA,"Ivory Coast",NA,0,9,"AF",0.0872093023255814,NA,NA,"Togo (French Togoland)",NA,0,9,"AF",0.0561224489795918,23319283.817698,316384.18079096
"461","438","438-461",1.36743799752434,"6.16267587253309e-8|6.890692516687484e-9",1,0,0,6.16267587253309e-08,NA,NA,"Guinea (French Guinea) (Rivieres du Sud)",NA,0,9,"AF",0.0364,NA,NA,"Togo (French Togoland)",NA,0,9,"AF",0.0561224489795918,11813.0457113508,105649.717514124
"461","439","439-461",5.20592465612531,"0.0000018794513636928482|9.967046863147686e-7",1,0,0,1.87945136369285e-06,NA,NA,"Burkina Faso (Upper Volta)",NA,0,9,"AF",0.06,NA,NA,"Togo (French Togoland)",NA,0,9,"AF",0.0561224489795918,1708698.79792779,3222033.89830508
"461","450","450-461",0.949702383926792,"6.680975787918761e-8|2.1421065867093686e-8",0.5,0.5,1,6.68097578791876e-08,NA,NA,"Liberia",NA,1,11,"AF",0.530952380952381,NA,NA,"Togo (French Togoland)",NA,0,9,"AF",0.0561224489795918,114535.182331793,36723.1638418079
"461","451","451-461",1.52392442485236,"2.208017558608121e-8",1,0,0,2.20801755860812e-08,NA,NA,"Sierra Leone",NA,0,7,"ME",0.0476190476190476,NA,NA,"Togo (French Togoland)",NA,0,9,"AF",0.0561224489795918,NA,37853.1073446328
"461","452","452-461",4.70260893193264,"9.454928918875663e-7|0.000005018790955230307",1,0,0,5.01879095523031e-06,NA,NA,"Ghana (Gold Coast)",NA,0,9,"AF",0.0729166666666667,NA,NA,"Togo (French Togoland)",NA,0,9,"AF",0.0561224489795918,8603954.80225989,1620903.95480226
"461","55","461-55",1.28206540455746,"9.886645784812483e-9",0,1,0,9.88664578481248e-09,NA,NA,"Grenada",NA,4,5,"LA",0,NA,NA,"Togo (French Togoland)",NA,0,9,"AF",0.0561224489795918,NA,16949.1525423729
"461","70","461-70",1.58864773643281,"0.000005893099997467243",0,1,0,5.89309999746724e-06,NA,NA,"Mexico",NA,4,5,"LA",0,NA,NA,"Togo (French Togoland)",NA,0,9,"AF",0.0561224489795918,NA,10102824.8587571
"471","135","135-471",0.644590270428194,"6.696554744913001e-7",0,1,0,6.696554744913e-07,NA,NA,"Peru",NA,4,3,"AS",0.025,NA,NA,"Cameroun (French Cameroon)",NA,0,9,"AF",0.0561764705882353,1148022.59887006,NA
"471","140","140-471",0.55995554964549,"0.0000061165381922039895|0.0000035127648754670872",0,1,0,6.11653819220399e-06,NA,NA,"Brazil",NA,4,5,"LA",0.0085,NA,NA,"Cameroun (French Cameroon)",NA,0,9,"AF",0.0561764705882353,10485875.7062147,6022101.83470333
"471","210","210-471",1.38985200748702,"0.00010249983894354272|0.00001347132603665293",1,0,0,0.000102499838943543,NA,NA,"Netherlands",NA,0,8,"AF",0.0270588235294118,NA,NA,"Cameroun (French Cameroon)",NA,0,9,"AF",0.0561764705882353,23094542.3668378,175720405.447469
"471","220","220-471",1.92665050421678,"0.00026934273627612785|0.00014289292058372534",1,0,0,0.000269342736276128,NA,NA,"France",NA,0,9,"AF",0.0404166666666667,NA,NA,"Cameroun (French Cameroon)",NA,0,9,"AF",0.0561764705882353,244968208.724459,461747211.611141
"471","230","230-471",0.967538662470565,"0.000009803084872910523|0.000043154322336092145",1,0,0,4.31543223360921e-05,NA,NA,"Spain",NA,0,3,"AS",0.0329310344827586,NA,NA,"Cameroun (French Cameroon)",NA,0,9,"AF",0.0561764705882353,16805900.0507562,73981531.0528017
"471","235","235-471",0.594185855076622,"0.000008464747019499316|5.67716724657082e-7",1,0,0,8.46474701949932e-06,NA,NA,"Portugal",NA,0,3,"AS",0.0425531914893617,NA,NA,"Cameroun (French Cameroon)",NA,0,9,"AF",0.0561764705882353,973264.095478232,14511523.0775724
"471","325","325-471",0.661139990731584,"0.00001505043231124426|0.00005697875184599511",0,1,0,5.69787518459951e-05,NA,NA,"Italy",NA,2,9,"AF",0.112337662337662,NA,NA,"Cameroun (French Cameroon)",NA,0,9,"AF",0.0561764705882353,25801680.2284755,97681415.6926023
"471","339","339-471",1.91615339742353,"1.3168753047674153e-7",0,1,0,1.31687530476742e-07,NA,NA,"Albania",NA,2,14,"WE",0.115454545454545,NA,NA,"Cameroun (French Cameroon)",NA,0,9,"AF",0.0561764705882353,225758.269342205,NA
"471","350","350-471",0.300860989593151,"0.0000013111779589456641|0.000002128452811141013",0,1,0,2.12845281114101e-06,NA,NA,"Greece",NA,2,2,"WE",0.0898305084745763,NA,NA,"Cameroun (French Cameroon)",NA,0,9,"AF",0.0561764705882353,2247815.45936499,3648909.05980361
"471","352","352-471",0.912336525731051,"2.469494887798048e-7",0,1,0,2.46949488779805e-07,NA,NA,"Cyprus",NA,2,5,"LA",0.173877551020408,NA,NA,"Cameroun (French Cameroon)",NA,0,9,"AF",0.0561764705882353,423357.390028038,NA
"471","375","375-471",0.0146791267724946,"4.2989606723375153e-7|0.0000026405003669509645",0,1,0,2.64050036695096e-06,NA,NA,"Finland",NA,3,10,"AF",0.0110869565217391,NA,NA,"Cameroun (French Cameroon)",NA,0,9,"AF",0.0561764705882353,4526736.8207318,736991.51153004
"471","403","403-471",2.76577264558099,"9.696025429456838e-8",1,0,0,9.69602542945684e-08,NA,NA,"Sao Tome-Principe",NA,0,1,"AF",0.084,NA,NA,"Cameroun (French Cameroon)",NA,0,9,"AF",0.0561764705882353,NA,166223.62895922
"471","411","411-471",6.40631969410406,"0.000009275474928902117",1,0,0,9.27547492890212e-06,NA,NA,"Equatorial Guinea (Spanish Guinea)",NA,0,9,"AF",0.0606666666666667,NA,NA,"Cameroun (French Cameroon)",NA,0,9,"AF",0.0561764705882353,NA,15901392.9389905
"471","433","433-471",4.49937710957019,"0.00000586009319462184|8.527829594582509e-7",1,0,0,5.86009319462184e-06,NA,NA,"Senegal",NA,0,9,"AF",0.0743243243243243,NA,NA,"Cameroun (French Cameroon)",NA,0,9,"AF",0.0561764705882353,10046239.708592,1461966.85711121
"471","434","434-471",1.36050671794648,"1.0630582097356291e-7|8.17737084412025e-9",1,0,0,1.06305820973563e-07,NA,NA,"Benin (Dahomey)",NA,0,9,"AF",0.0541176470588235,NA,NA,"Cameroun (French Cameroon)",NA,0,9,"AF",0.0561764705882353,14018.8602736692,182245.183557699
"471","435","435-471",3.97290735473229,"0.0000028928776856342258",1,0,0,2.89287768563423e-06,NA,NA,"Mauritania",NA,0,9,"AF",0.0982142857142857,NA,NA,"Cameroun (French Cameroon)",NA,0,9,"AF",0.0561764705882353,4959399.40071102,NA
"471","436","436-471",0.226734548545348,"6.074618341346469e-8|2.3363827627283254e-9",1,0,0,6.07461834134647e-08,NA,NA,"Niger",NA,0,12,"WE",0.0384615384615385,NA,NA,"Cameroun (French Cameroon)",NA,0,9,"AF",0.0561764705882353,4005.3733798863,104140.104890114
"471","437","437-471",2.42630264890455,"0.0000034765375509397345|6.308257508321347e-7",1,0,0,3.47653755093973e-06,NA,NA,"Ivory Coast",NA,0,9,"AF",0.0872093023255814,NA,NA,"Cameroun (French Cameroon)",NA,0,9,"AF",0.0561764705882353,5959995.58927079,1081454.93539734
"471","438","438-471",4.98148907381506,"0.000009705583395378565|2.3480736280973804e-7",1,0,0,9.70558339537856e-06,NA,NA,"Guinea (French Guinea) (Rivieres du Sud)",NA,0,9,"AF",0.0364,NA,NA,"Cameroun (French Cameroon)",NA,0,9,"AF",0.0561764705882353,16638748.5767614,402541.559286786
"471","439","439-471",0.226283701210208,"1.0396942930381471e-7",1,0,0,1.03969429303815e-07,NA,NA,"Burkina Faso (Upper Volta)",NA,0,9,"AF",0.06,NA,NA,"Cameroun (French Cameroon)",NA,0,9,"AF",0.0561764705882353,NA,178239.79490808
"471","461","461-471",1.09001689389895,"1.0875310363293739e-8|4.0536395470138825e-7",1,0,0,4.05363954701388e-07,NA,NA,"Togo (French Togoland)",NA,0,9,"AF",0.0561224489795918,NA,NA,"Cameroun (French Cameroon)",NA,0,9,"AF",0.0561764705882353,18644.0677966102,694934.930709028
"475","110","110-475",0.199860301150098,"2.5884716369682033e-7",0,1,0,2.5884716369682e-07,NA,NA,"Guyana (British Guiana)",NA,4,5,"LA",0,NA,NA,"Nigeria",NA,0,9,"AF",0.04,443754.146567838,NA
"475","140","140-475",0.96721159244611,"0.00005823234367254548|0.00004147301145029773",0,1,0,5.82323436725455e-05,NA,NA,"Brazil",NA,4,5,"LA",0.0085,NA,NA,"Nigeria",NA,0,9,"AF",0.04,99830508.4745763,71099178.9088362
"475","155","155-475",1.07068712337853,"0.000017472255528661854",0,1,0,1.74722555286619e-05,NA,NA,"Chile",NA,4,12,"WE",0,NA,NA,"Nigeria",NA,0,9,"AF",0.04,NA,29953528.2906087
"475","165","165-475",1.49484973638349,"0.000005599281515112127",0,1,0,5.59928151511213e-06,NA,NA,"Uruguay",NA,4,5,"LA",0,NA,NA,"Nigeria",NA,0,9,"AF",0.04,NA,9599117.69804791
"475","2","2-475",1.09417208342102,"0.001152598100703224|0.00027448624247234337",0,1,0,0.00115259810070322,NA,NA,"United States of America",NA,4,8,"AS",0.00662337662337662,NA,NA,"Nigeria",NA,0,9,"AF",0.04,470564971.751412,1975954378.67088
"475","200","200-475",0.915110570885605,"0.00031708836193426954|0.00004904535242205182",0,1,0,0.00031708836193427,NA,NA,"United Kingdom",NA,4,1,"AS",0.0107228915662651,NA,NA,"Nigeria",NA,0,9,"AF",0.04,543599834.849046,84080807.3626723
"475","205","205-475",0.177192221853037,"5.778020920667282e-7|0.000019990449876901757",1,0,0,1.99904498769018e-05,NA,NA,"Ireland",NA,0,8,"AS",0.037037037037037,NA,NA,"Nigeria",NA,0,9,"AF",0.04,34270590.0189883,990553.926063096
"475","210","210-475",0.387044154387558,"0.00010996897246202652|0.0001566564151291242",1,0,0,0.000156656415129124,NA,NA,"Netherlands",NA,0,8,"AF",0.0270588235294118,NA,NA,"Nigeria",NA,0,9,"AF",0.04,188525100.398572,268563629.622863
"475","220","220-475",0.40493090927656,"0.00020746150180719395|0.00010121116085093091",1,0,0,0.000207461501807194,NA,NA,"France",NA,0,9,"AF",0.0404166666666667,NA,NA,"Nigeria",NA,0,9,"AF",0.04,355661234.086237,173511162.59149
"475","230","230-475",1.68039396854734,"0.00002488329033112799|0.00036673498773851404",1,0,0,0.000366734987738514,NA,NA,"Spain",NA,0,3,"AS",0.0329310344827586,NA,NA,"Nigeria",NA,0,9,"AF",0.04,42658621.8175551,628711434.099712
"475","235","235-475",0.827203605808852,"0.0000026948376369884287|0.0000445195970222535",1,0,0,4.45195970222535e-05,NA,NA,"Portugal",NA,0,3,"AS",0.0425531914893617,NA,NA,"Nigeria",NA,0,9,"AF",0.04,4619889.81707115,76322087.1343735
"475","255","255-475",0.159102256891026,"0.00032078470934829143|0.00013661926477958477",0,1,0,0.000320784709348291,NA,NA,"Germany (Zollverein)",NA,2,8,"AF",0.083728813559322,NA,NA,"Nigeria",NA,0,9,"AF",0.04,549936661.06225,234212978.736745
"475","305","305-475",0.354292444488354,"0.00004210838668696326|4.988472727652085e-10",0,1,0,4.21083866869633e-05,NA,NA,"Austria",NA,2,1,"AS",0.0331034482758621,NA,NA,"Nigeria",NA,0,9,"AF",0.04,72188433.2466859,855.197880603
"475","325","325-475",0.149475152876565,"0.0001231064894658861|0.00014231105359716596",0,1,0,0.000142311053597166,NA,NA,"Italy",NA,2,9,"AF",0.112337662337662,NA,NA,"Nigeria",NA,0,9,"AF",0.04,211047377.88003,243970686.154194
"475","338","338-475",1.41437685873963,"0.000003688779620411809",0,1,0,3.68877962041181e-06,NA,NA,"Malta",NA,2,3,"AS",0.243571428571429,NA,NA,"Nigeria",NA,0,9,"AF",0.04,6323852.38051107,NA
"475","350","350-475",0.371775735046167,"0.000008917621767878487|5.508654035449248e-8",0,1,0,8.91762176787849e-06,NA,NA,"Greece",NA,2,2,"WE",0.0898305084745763,NA,NA,"Nigeria",NA,0,9,"AF",0.04,15287908.047757,94437.5064932684
"475","352","352-475",0.10228310602564,"6.959786651257343e-7",0,1,0,6.95978665125734e-07,NA,NA,"Cyprus",NA,2,5,"LA",0.173877551020408,NA,NA,"Nigeria",NA,0,9,"AF",0.04,1193149.7110551,NA
"475","355","355-475",0.942528094501032,"0.0000037980671014540127|2.9601597165887512e-9",0,1,0,3.79806710145401e-06,NA,NA,"Bulgaria",NA,2,10,"AF",0.1,NA,NA,"Nigeria",NA,0,9,"AF",0.04,6511209.16738023,5074.74422349821
"475","360","360-475",1.52396887185696,"0.000014368591873927507|2.5939659105972672e-8",0,1,0,1.43685918739275e-05,NA,NA,"Romania",NA,2,3,"AS",0.119583333333333,NA,NA,"Nigeria",NA,0,9,"AF",0.04,24632768.361582,44469.6056330516
"475","395","395-475",1.20204595640287,"0.000003730429768621812",0,1,0,3.73042976862181e-06,NA,NA,"Iceland",NA,3,14,"WE",0,NA,NA,"Nigeria",NA,0,9,"AF",0.04,6395255.2334896,NA
"475","432","432-475",1.0044612307473,"4.5062712325498513e-7|1.0605785676055058e-7",1,0,0,4.50627123254985e-07,NA,NA,"Mali (French Sudan) (Upper Senegal and Niger)",NA,0,9,"AF",0.07,NA,NA,"Nigeria",NA,0,9,"AF",0.04,772531.758294836,181820.086577098
"475","434","434-475",1.80251446432145,"4.093751233860411e-7|8.060551260632812e-8",1,0,0,4.09375123386041e-07,NA,NA,"Benin (Dahomey)",NA,0,9,"AF",0.0541176470588235,NA,NA,"Nigeria",NA,0,9,"AF",0.04,138185.908411882,701811.470173384
"475","436","436-475",4.56315831657649,"8.30861925989974e-7|0.00001947024575319651",1,0,0,1.94702457531965e-05,NA,NA,"Niger",NA,0,12,"WE",0.0384615384615385,NA,NA,"Nigeria",NA,0,9,"AF",0.04,33378779.0612825,1424386.57475589
"475","437","437-475",4.23672721003857,"0.000012355960240688751|0.00009829522484299763",1,0,0,9.82952248429976e-05,NA,NA,"Ivory Coast",NA,0,9,"AF",0.0872093023255814,NA,NA,"Nigeria",NA,0,9,"AF",0.04,21182417.1195287,168512233.199463
"475","438","438-475",2.21397607163583,"2.9717293453367333e-7|0.000004601321749115011",1,0,0,4.60132174911501e-06,NA,NA,"Guinea (French Guinea) (Rivieres du Sud)",NA,0,9,"AF",0.0364,NA,NA,"Nigeria",NA,0,9,"AF",0.04,509457.859470724,7888267.25663537
"475","451","451-475",2.53521178041885,"0.000001943862324844797",1,0,0,1.9438623248448e-06,NA,NA,"Sierra Leone",NA,0,7,"ME",0.0476190476190476,NA,NA,"Nigeria",NA,0,9,"AF",0.04,NA,3332456.70799472
"475","452","452-475",3.98487610908735,"0.00006264970004219133|0.0000013271174191813258",1,0,0,6.26497000421913e-05,NA,NA,"Ghana (Gold Coast)",NA,0,9,"AF",0.0729166666666667,NA,NA,"Nigeria",NA,0,9,"AF",0.04,2275141.24293785,107403395.030112
"475","461","461-475",3.59694987423523,"0.000006399296261649647|6.89902120020947e-7",1,0,0,6.39929626164965e-06,NA,NA,"Togo (French Togoland)",NA,0,9,"AF",0.0561224489795918,NA,NA,"Nigeria",NA,0,9,"AF",0.04,10970621.4689266,1182732.39742282
"475","471","471-475",3.37090211504963,"0.000025801078402416916|0.000011629389536173866",1,0,0,2.58010784024169e-05,NA,NA,"Cameroun (French Cameroon)",NA,0,9,"AF",0.0561764705882353,NA,NA,"Nigeria",NA,0,9,"AF",0.04,19936822.0034824,44232030.0654507
"481","140","140-481",0.131867731895574,"0.000006513887579416113|4.4160351172162354e-7",0,1,0,6.51388757941611e-06,NA,NA,"Brazil",NA,4,5,"LA",0.0085,NA,NA,"Gabon",NA,0,9,"AF",0.101851851851852,757062.146892655,11167070.8782742
"481","155","155-481",3.25202884020366,"0.000050481812567906034",0,1,0,5.0481812567906e-05,NA,NA,"Chile",NA,4,12,"WE",0,NA,NA,"Gabon",NA,0,9,"AF",0.101851851851852,NA,86543400.102722
"481","165","165-481",0.64085088300648,"2.9791759298234906e-7",0,1,0,2.97917592982349e-07,NA,NA,"Uruguay",NA,4,5,"LA",0,NA,NA,"Gabon",NA,0,9,"AF",0.101851851851852,510734.463276836,NA
"481","2","2-481",0.601122610439479,"0.000027946252085069917|0.0002296098584690996",0,1,0,0.0002296098584691,NA,NA,"United States of America",NA,4,8,"AS",0.00662337662337662,NA,NA,"Gabon",NA,0,9,"AF",0.101851851851852,47909604.519774,393631227.529533
"481","200","200-481",0.0172307585826163,"0.000017819802350190106|0.0000016944978310245507",0,1,0,1.78198023501901e-05,NA,NA,"United Kingdom",NA,4,1,"AS",0.0107228915662651,NA,NA,"Gabon",NA,0,9,"AF",0.101851851851852,30549344.5281792,2904959.15863338
"481","210","210-481",0.516698880630815,"0.000058169832458634345|0.000009606914872698047",1,0,0,5.81698324586343e-05,NA,NA,"Netherlands",NA,0,8,"AF",0.0270588235294118,NA,NA,"Gabon",NA,0,9,"AF",0.101851851851852,16469596.3811187,99723342.4929836
"481","220","220-481",1.93124449070801,"0.0002639008364857618|0.00013166608176691177",1,0,0,0.000263900836485762,NA,NA,"France",NA,0,9,"AF",0.0404166666666667,NA,NA,"Gabon",NA,0,9,"AF",0.101851851851852,225721498.786988,452417900.975889
"481","230","230-481",0.0940790810683905,"0.000006281713697728018|0.000007623115909524786",1,0,0,7.62311590952479e-06,NA,NA,"Spain",NA,0,3,"AS",0.0329310344827586,NA,NA,"Gabon",NA,0,9,"AF",0.101851851851852,10769044.0223782,13068674.372577
"481","235","235-481",0.0606836250054089,"0.00000674678892495921|5.243087337283917e-7",1,0,0,6.74678892495921e-06,NA,NA,"Portugal",NA,0,3,"AS",0.0425531914893617,NA,NA,"Gabon",NA,0,9,"AF",0.101851851851852,898847.688152452,11566344.8604571
"481","31","31-481",2.79950845315222,"0.000008743277669448428",0,1,0,8.74327766944843e-06,NA,NA,"Bahamas",NA,3,7,"ME",0.353076923076923,NA,NA,"Gabon",NA,0,9,"AF",0.101851851851852,NA,14989021.5716487
"481","350","350-481",1.06454039612058,"1.523952023607579e-8|0.000014882736336873662",0,1,0,1.48827363368737e-05,NA,NA,"Greece",NA,2,2,"WE",0.0898305084745763,NA,NA,"Gabon",NA,0,9,"AF",0.101851851851852,26125.8427555495,25514190.9513017
"481","433","433-481",3.23715135797267,"7.359248255082721e-7|0.000007086821800401377",1,0,0,7.08682180040138e-06,NA,NA,"Senegal",NA,0,9,"AF",0.0743243243243243,NA,NA,"Gabon",NA,0,9,"AF",0.101851851851852,1261631.33571751,12149279.5787358
"481","434","434-481",2.25744849730931,"5.734779553019387e-8|1.7522937523114774e-8",1,0,0,5.73477955301939e-08,NA,NA,"Benin (Dahomey)",NA,0,9,"AF",0.0541176470588235,NA,NA,"Gabon",NA,0,9,"AF",0.101851851851852,30040.4148721482,98314.0850361215
"481","435","435-481",0.235013155151983,"1.3334443172906369e-7",1,0,0,1.33344431729064e-07,NA,NA,"Mauritania",NA,0,9,"AF",0.0982142857142857,NA,NA,"Gabon",NA,0,9,"AF",0.101851851851852,NA,228598.774877095
"481","436","436-481",0.651604054006314,"5.3736803542751376e-8",1,0,0,5.37368035427514e-08,NA,NA,"Niger",NA,0,12,"WE",0.0384615384615385,NA,NA,"Gabon",NA,0,9,"AF",0.101851851851852,92123.5877373847,NA
"481","437","437-481",4.79879246088904,"5.384320802557071e-7|0.00003258085762624647",1,0,0,3.25808576262465e-05,NA,NA,"Ivory Coast",NA,0,9,"AF",0.0872093023255814,NA,NA,"Gabon",NA,0,9,"AF",0.101851851851852,55854931.7825144,923060.020616915
"481","461","461-481",1.98062795012968,"1.753231852506743e-7|0.0000010279115662936862",1,0,0,1.02791156629369e-06,NA,NA,"Togo (French Togoland)",NA,0,9,"AF",0.0561224489795918,NA,NA,"Gabon",NA,0,9,"AF",0.101851851851852,300564.971751412,1762198.25372368
"481","471","471-481",4.10325576907056,"0.000011256735064848928|4.4603840967929e-7",1,0,0,1.12567350648489e-05,NA,NA,"Cameroun (French Cameroon)",NA,0,9,"AF",0.0561764705882353,NA,NA,"Gabon",NA,0,9,"AF",0.101851851851852,19297962.513868,764665.105836508
"481","475","475-481",2.16714515404513,"0.0000067656450035070025|2.3422445534431397e-7",1,0,0,6.765645003507e-06,NA,NA,"Nigeria",NA,0,9,"AF",0.04,NA,NA,"Gabon",NA,0,9,"AF",0.101851851851852,11598670.7431289,401542.252973543
"482","220","220-482",1.84775152329803,"0.00001799306898258279|0.0000024164567142753403",1,0,0,1.79930689825828e-05,NA,NA,"France",NA,0,9,"AF",0.0404166666666667,NA,NA,"Central African Republic (Ubangi Shari)",NA,0,2,"AF",0.0416666666666667,30846383.8524198,4142648.00759935
"482","225","225-482",1.26048036544911,"4.785103415450971e-7|7.147291276859298e-8",0,1,0,4.78510341545097e-07,NA,NA,"Switzerland",NA,2,14,"WE",0.0813157894736842,NA,NA,"Central African Republic (Ubangi Shari)",NA,0,2,"AF",0.0416666666666667,122529.453115789,820333.300947186
"482","231","231-482",2.75216931550367,"1.981241599074915e-8",1,0,0,1.98124159907492e-08,NA,NA,"Gibraltar",NA,0,14,"WE",0,NA,NA,"Central African Republic (Ubangi Shari)",NA,0,2,"AF",0.0416666666666667,NA,33965.3779622615
"482","325","325-482",1.22970758760271,"0.000008373010480451987|7.848314557246021e-8",0,1,0,8.37301048045199e-06,NA,NA,"Italy",NA,2,9,"AF",0.112337662337662,NA,NA,"Central African Republic (Ubangi Shari)",NA,0,2,"AF",0.0416666666666667,14354254.7149887,134547.432492861
"482","345","345-482",0.0110126438609175,"2.528584558297493e-8",0,1,0,2.52858455829749e-08,NA,NA,"Yugoslavia (Kingdom of Serbs, Croats and Slovenes)",NA,2,9,"AF",0.012258064516129,NA,NA,"Central African Republic (Ubangi Shari)",NA,0,2,"AF",0.0416666666666667,NA,43348.7416538264
"482","432","432-482",1.50632093767075,"4.042527699808806e-9|2.0305297348078642e-10",1,0,0,4.04252769980881e-09,NA,NA,"Mali (French Sudan) (Upper Senegal and Niger)",NA,0,9,"AF",0.07,NA,NA,"Central African Republic (Ubangi Shari)",NA,0,2,"AF",0.0416666666666667,348.103481869966,6930.29973280537
"482","433","433-482",2.47348228848396,"6.717102809969875e-9|1.0032699469067671e-7",1,0,0,1.00326994690677e-07,NA,NA,"Senegal",NA,0,9,"AF",0.0743243243243243,NA,NA,"Central African Republic (Ubangi Shari)",NA,0,2,"AF",0.0416666666666667,171995.394003323,11515.452525251
"482","434","434-482",2.81057515616769,"1.530331248880092e-8",1,0,0,1.53033124888009e-08,NA,NA,"Benin (Dahomey)",NA,0,9,"AF",0.0541176470588235,NA,NA,"Central African Republic (Ubangi Shari)",NA,0,2,"AF",0.0416666666666667,NA,26235.2048836153
"482","436","436-482",0.339190009268187,"5.840956906820843e-9",1,0,0,5.84095690682084e-09,NA,NA,"Niger",NA,0,12,"WE",0.0384615384615385,NA,NA,"Central African Republic (Ubangi Shari)",NA,0,2,"AF",0.0416666666666667,10013.4334497158,NA
"482","437","437-482",1.41120084219367,"1.635467933909828e-7|2.739409754674664e-9",1,0,0,1.63546793390983e-07,NA,NA,"Ivory Coast",NA,0,9,"AF",0.0872093023255814,NA,NA,"Central African Republic (Ubangi Shari)",NA,0,2,"AF",0.0416666666666667,280376.136592041,4696.3019429067
"482","439","439-482",1.71633112170364,"4.672767172152943e-9",1,0,0,4.67276717215294e-09,NA,NA,"Burkina Faso (Upper Volta)",NA,0,9,"AF",0.06,NA,NA,"Central African Republic (Ubangi Shari)",NA,0,2,"AF",0.0416666666666667,NA,8010.74958278328
"482","461","461-482",1.73790828514999,"1.0221678189084547e-9|2.043240128861243e-8",1,0,0,2.04324012886124e-08,NA,NA,"Togo (French Togoland)",NA,0,9,"AF",0.0561224489795918,NA,NA,"Central African Republic (Ubangi Shari)",NA,0,2,"AF",0.0416666666666667,35028.2485875706,1752.35147123384
"482","471","471-482",5.41751505687289,"1.543825593013536e-7|0.000006224147408210402",1,0,0,6.2241474082104e-06,NA,NA,"Cameroun (French Cameroon)",NA,0,9,"AF",0.0561764705882353,NA,NA,"Central African Republic (Ubangi Shari)",NA,0,2,"AF",0.0416666666666667,10670355.3625871,264665.449175916
"482","475","475-482",1.63312381267816,"6.990851033791502e-8",1,0,0,6.9908510337915e-08,NA,NA,"Nigeria",NA,0,9,"AF",0.04,NA,NA,"Central African Republic (Ubangi Shari)",NA,0,2,"AF",0.0416666666666667,NA,119847.522761214
"482","481","481-482",3.68735304718579,"7.522068728798723e-8|7.006209102615604e-7",1,0,0,7.0062091026156e-07,NA,NA,"Gabon",NA,0,9,"AF",0.101851851851852,NA,NA,"Central African Republic (Ubangi Shari)",NA,0,2,"AF",0.0416666666666667,1201108.13524251,128954.443290031
"483","205","205-483",0.645582609811884,"4.869465637364688e-8|6.963334001147695e-7",1,0,0,6.9633340011477e-07,NA,NA,"Ireland",NA,0,8,"AS",0.037037037037037,NA,NA,"Chad",NA,0,9,"AF",0.0833333333333333,1193757.85031407,83479.5922539492
"483","220","220-483",2.15400085597753,"0.000026009035170015264|0.0000018024316180692547",1,0,0,2.60090351700153e-05,NA,NA,"France",NA,0,9,"AF",0.0404166666666667,NA,NA,"Chad",NA,0,9,"AF",0.0833333333333333,44588540.3575113,3089995.24275272
"483","230","230-483",0.729105049266242,"0.0000017327884499335898|2.029755522051996e-7",1,0,0,1.73278844993359e-06,NA,NA,"Spain",NA,0,3,"AS",0.0329310344827586,NA,NA,"Chad",NA,0,9,"AF",0.0833333333333333,347970.754852279,2970602.60889516
"483","235","235-483",3.58834392602232,"0.00000861453732665475|2.6893872578159813e-8",1,0,0,8.61453732665475e-06,NA,NA,"Portugal",NA,0,3,"AS",0.0425531914893617,NA,NA,"Chad",NA,0,9,"AF",0.0833333333333333,46105.4596982323,14768315.8079488
"483","255","255-483",0.308708021935766,"0.000004225452408975434|0.0000014812435857375634",0,1,0,4.22545240897543e-06,NA,NA,"Germany (Zollverein)",NA,2,8,"AF",0.083728813559322,NA,NA,"Chad",NA,0,9,"AF",0.0833333333333333,2539367.14569506,7243896.36273593
"483","433","433-483",3.17993069091146,"1.2425355698204497e-10|2.1639192366877982e-7",1,0,0,2.1639192366878e-07,NA,NA,"Senegal",NA,0,9,"AF",0.0743243243243243,NA,NA,"Chad",NA,0,9,"AF",0.0833333333333333,370971.085950484,213.013850911525
"483","434","434-483",3.00341762366312,"5.840979174371591e-9",1,0,0,5.84097917437159e-09,NA,NA,"Benin (Dahomey)",NA,0,9,"AF",0.0541176470588235,NA,NA,"Chad",NA,0,9,"AF",0.0833333333333333,10013.4716240494,NA
"483","436","436-483",2.94421019155521,"8.410977945821983e-8",1,0,0,8.41097794582198e-08,NA,NA,"Niger",NA,0,12,"WE",0.0384615384615385,NA,NA,"Chad",NA,0,9,"AF",0.0833333333333333,144193.441675907,NA
"483","437","437-483",2.71726867351594,"6.42505259750288e-7|1.6991939416353723e-8",1,0,0,6.42505259750288e-07,NA,NA,"Ivory Coast",NA,0,9,"AF",0.0872093023255814,NA,NA,"Chad",NA,0,9,"AF",0.0833333333333333,1101477.67946873,29130.0992699619
"483","471","471-483",4.96076181458382,"7.85877198006361e-8|0.000004194991243033701",1,0,0,4.1949912430337e-06,NA,NA,"Cameroun (French Cameroon)",NA,0,9,"AF",0.0561764705882353,NA,NA,"Chad",NA,0,9,"AF",0.0833333333333333,7191675.32039232,134726.709123574
"483","475","475-483",3.10244738134138,"5.89488971087033e-7|0.0000027252997267956172",1,0,0,2.72529972679562e-06,NA,NA,"Nigeria",NA,0,9,"AF",0.04,NA,NA,"Chad",NA,0,9,"AF",0.0833333333333333,4672112.44324176,1010589.3050552
"483","482","482-483",4.92635379955455,"2.3991748295057128e-8|1.941077572241458e-7",1,0,0,1.94107757224146e-07,NA,NA,"Central African Republic (Ubangi Shari)",NA,0,2,"AF",0.0416666666666667,NA,NA,"Chad",NA,0,9,"AF",0.0833333333333333,41130.2084106021,332768.267262478
"484","160","160-484",0.002690654591531,"7.655559386039771e-7",0,1,0,7.65555938603977e-07,NA,NA,"Argentina (La Plata)",NA,4,5,"LA",0.0110869565217391,NA,NA,"Congo (Brazzaville) (French Congo) (Middle Congo)",NA,0,9,"AF",0.0681481481481481,1312429.37853107,NA
"484","165","165-484",0.196295699276363,"1.2259440773167483e-7",0,1,0,1.22594407731675e-07,NA,NA,"Uruguay",NA,4,5,"LA",0,NA,NA,"Congo (Brazzaville) (French Congo) (Middle Congo)",NA,0,9,"AF",0.0681481481481481,210169.491525424,NA
"484","2","2-484",0.86235139585955,"0.000014203814444180582|0.00012116134819854706",0,1,0,0.000121161348198547,NA,NA,"United States of America",NA,4,8,"AS",0.00662337662337662,NA,NA,"Congo (Brazzaville) (French Congo) (Middle Congo)",NA,0,9,"AF",0.0681481481481481,24350282.4858757,207712728.619384
"484","210","210-484",0.257597468518826,"0.0000052615358358442005|0.000009496221102812847",1,0,0,9.49622110281285e-06,NA,NA,"Netherlands",NA,0,8,"AF",0.0270588235294118,NA,NA,"Congo (Brazzaville) (French Congo) (Middle Congo)",NA,0,9,"AF",0.0681481481481481,16279828.7256256,9020104.03021395
"484","220","220-484",1.97607014116452,"0.00008838606858343287|0.00005441787829510009",1,0,0,8.83860685834329e-05,NA,NA,"France",NA,0,9,"AF",0.0404166666666667,NA,NA,"Congo (Brazzaville) (French Congo) (Middle Congo)",NA,0,9,"AF",0.0681481481481481,151524489.867182,93291186.9536983
"484","230","230-484",0.603944693446493,"0.0000020170695500391698|0.00001656612781707521",1,0,0,1.65661278170752e-05,NA,NA,"Spain",NA,0,3,"AS",0.0329310344827586,NA,NA,"Congo (Brazzaville) (French Congo) (Middle Congo)",NA,0,9,"AF",0.0681481481481481,3457959.37634452,28400109.9583624
"484","231","231-484",5.35150593701974,"0.000014533474097188694",1,0,0,1.45334740971887e-05,NA,NA,"Gibraltar",NA,0,14,"WE",0,NA,NA,"Congo (Brazzaville) (French Congo) (Middle Congo)",NA,0,9,"AF",0.0681481481481481,NA,24915433.8898517
"484","235","235-484",0.639329049862537,"0.0000019670636554921115|0.0000010945957100768248",1,0,0,1.96706365549211e-06,NA,NA,"Portugal",NA,0,3,"AS",0.0425531914893617,NA,NA,"Congo (Brazzaville) (French Congo) (Middle Congo)",NA,0,9,"AF",0.0681481481481481,3372231.86540265,1876518.08976698
"484","325","325-484",1.58529704763718,"0.000012751938206568211|0.00007928167241812582",0,1,0,7.92816724181258e-05,NA,NA,"Italy",NA,2,9,"AF",0.112337662337662,NA,NA,"Congo (Brazzaville) (French Congo) (Middle Congo)",NA,0,9,"AF",0.0681481481481481,21861261.1980148,135916385.483688
"484","385","385-484",0.520143020567625,"0.0000035611137886374665|0.000001071231874216064",0,1,0,3.56111378863747e-06,NA,NA,"Norway",NA,3,11,"WE",0.0225806451612903,NA,NA,"Congo (Brazzaville) (French Congo) (Middle Congo)",NA,0,9,"AF",0.0681481481481481,6104988.70274927,1836464.34185307
"484","433","433-484",3.82198722848663,"0.000001669615860294085|2.3947931757283825e-7",1,0,0,1.66961586029408e-06,NA,NA,"Senegal",NA,0,9,"AF",0.0743243243243243,NA,NA,"Congo (Brazzaville) (French Congo) (Middle Congo)",NA,0,9,"AF",0.0681481481481481,2862302.79907073,410550.916117643
"484","434","434-484",5.21852529230921,"2.1728442528662338e-7|2.3831112577979992e-7",1,0,0,2.383111257798e-07,NA,NA,"Benin (Dahomey)",NA,0,9,"AF",0.0541176470588235,NA,NA,"Congo (Brazzaville) (French Congo) (Middle Congo)",NA,0,9,"AF",0.0681481481481481,372501.144414638,408548.228721947
"484","435","435-484",3.66231324155489,"0.0000011894316438207488",1,0,0,1.18943164382075e-06,NA,NA,"Mauritania",NA,0,9,"AF",0.0982142857142857,NA,NA,"Congo (Brazzaville) (French Congo) (Middle Congo)",NA,0,9,"AF",0.0681481481481481,2039099.89379938,NA
"484","436","436-484",1.19816861263046,"5.9577760449572506e-8",1,0,0,5.95777604495725e-08,NA,NA,"Niger",NA,0,12,"WE",0.0384615384615385,NA,NA,"Congo (Brazzaville) (French Congo) (Middle Congo)",NA,0,9,"AF",0.0681481481481481,102137.021187101,NA
"484","437","437-484",2.62390887926492,"0.0000023761012696947087|8.06052337196385e-8",1,0,0,2.37610126969471e-06,NA,NA,"Ivory Coast",NA,0,9,"AF",0.0872093023255814,NA,NA,"Congo (Brazzaville) (French Congo) (Middle Congo)",NA,0,9,"AF",0.0681481481481481,4073464.72734437,138185.430303012
"484","461","461-484",2.97607685481863,"3.0450869017222433e-7|2.056017555747293e-7",1,0,0,3.04508690172224e-07,NA,NA,"Togo (French Togoland)",NA,0,9,"AF",0.0561224489795918,NA,NA,"Congo (Brazzaville) (French Congo) (Middle Congo)",NA,0,9,"AF",0.0681481481481481,522033.898305085,352472.981642464
"484","471","471-484",3.70904604251756,"0.000004871376631425925",1,0,0,4.87137663142592e-06,NA,NA,"Cameroun (French Cameroon)",NA,0,9,"AF",0.0561764705882353,NA,NA,"Congo (Brazzaville) (French Congo) (Middle Congo)",NA,0,9,"AF",0.0681481481481481,8351235.33445723,NA
"484","475","475-484",2.95210229925546,"6.040222363659373e-8|0.000014253108066859515",1,0,0,1.42531080668595e-05,NA,NA,"Nigeria",NA,0,9,"AF",0.04,NA,NA,"Congo (Brazzaville) (French Congo) (Middle Congo)",NA,0,9,"AF",0.0681481481481481,103550.438095782,24434788.9148847
"484","482","482-484",4.51903876182961,"1.1091139976807055e-7",1,0,0,1.10911399768071e-07,NA,NA,"Central African Republic (Ubangi Shari)",NA,0,2,"AF",0.0416666666666667,NA,NA,"Congo (Brazzaville) (French Congo) (Middle Congo)",NA,0,9,"AF",0.0681481481481481,190140.748872069,NA
"484","68","484-68",4.45316318805505,"0.000016803270751061997",0,1,0,1.6803270751062e-05,NA,NA,"Netherlands Antilles",NA,4,5,"LA",0,NA,NA,"Congo (Brazzaville) (French Congo) (Middle Congo)",NA,0,9,"AF",0.0681481481481481,NA,28806655.4996887
"490","140","140-490",0.68153131360994,"0.00000457257367547577",0,1,0,4.57257367547577e-06,NA,NA,"Brazil",NA,4,5,"LA",0.0085,NA,NA,"Democratic Republic of the Congo (Zaire) (Kinshasa) (Belgian Congo) (Congo Free State)",NA,0,9,"AF",0.644285714285714,7838983.05084746,NA
"490","2","2-490",0.742321250604673,"0.000020333534830764325|0.000094821920936156",0,1,0,9.4821920936156e-05,NA,NA,"United States of America",NA,4,8,"AS",0.00662337662337662,NA,NA,"Democratic Republic of the Congo (Zaire) (Kinshasa) (Belgian Congo) (Congo Free State)",NA,0,9,"AF",0.644285714285714,34858757.0621469,162557781.201849
"490","20","20-490",0.0258463958119618,"0.0000018843892202135435|0.000011590079882581348",0,1,0,1.15900798825813e-05,NA,NA,"Canada (Province of Canada)",NA,4,4,"AF",0.0392307692307692,NA,NA,"Democratic Republic of the Congo (Zaire) (Kinshasa) (Belgian Congo) (Congo Free State)",NA,0,9,"AF",0.644285714285714,3230499.10331224,19869431.5730342
"490","205","205-490",0.784220902340268,"0.000003832812596135319|5.657968523754399e-9",0.5,0.5,1,3.83281259613532e-06,NA,NA,"Ireland",NA,0,8,"AS",0.037037037037037,NA,NA,"Democratic Republic of the Congo (Zaire) (Kinshasa) (Belgian Congo) (Congo Free State)",NA,0,9,"AF",0.644285714285714,6570775.04061282,9699.72766055526
"490","210","210-490",0.518067237551114,"0.000014542129622724176|0.000006506864380036692",0.5,0.5,1,1.45421296227242e-05,NA,NA,"Netherlands",NA,0,8,"AF",0.0270588235294118,NA,NA,"Democratic Republic of the Congo (Zaire) (Kinshasa) (Belgian Congo) (Congo Free State)",NA,0,9,"AF",0.644285714285714,24930272.4737181,11155030.6696728
"490","220","220-490",0.934412195945868,"0.00003680900936123779|0.000013671866233199504",0.5,0.5,1,3.68090093612378e-05,NA,NA,"France",NA,0,9,"AF",0.0404166666666667,NA,NA,"Democratic Republic of the Congo (Zaire) (Kinshasa) (Belgian Congo) (Congo Free State)",NA,0,9,"AF",0.644285714285714,63103455.7297113,23438338.0743129
"490","235","235-490",0.899164616874232,"4.079374520090724e-7|0.000005595529881340391",0.5,0.5,1,5.59552988134039e-06,NA,NA,"Portugal",NA,0,3,"AS",0.0425531914893617,NA,NA,"Democratic Republic of the Congo (Zaire) (Kinshasa) (Belgian Congo) (Congo Free State)",NA,0,9,"AF",0.644285714285714,699346.800961559,9592686.0917717
"490","255","255-490",0.386741256930561,"0.00003458807798712307|0.000043678489892877794",0,1,0,4.36784898928778e-05,NA,NA,"Germany (Zollverein)",NA,2,8,"AF",0.083728813559322,NA,NA,"Democratic Republic of the Congo (Zaire) (Kinshasa) (Belgian Congo) (Congo Free State)",NA,0,9,"AF",0.644285714285714,59296006.2200062,74880136.7145288
"490","325","325-490",0.741794296058624,"0.000013482794778153247|0.00003009659014361255",0,1,0,3.00965901436126e-05,NA,NA,"Italy",NA,2,9,"AF",0.112337662337662,NA,NA,"Democratic Republic of the Congo (Zaire) (Kinshasa) (Belgian Congo) (Congo Free State)",NA,0,9,"AF",0.644285714285714,23114203.7821842,51596032.5121571
"490","345","345-490",0.798136528125001,"0.000002672689910494304",0,1,0,2.6726899104943e-06,NA,NA,"Yugoslavia (Kingdom of Serbs, Croats and Slovenes)",NA,2,9,"AF",0.012258064516129,NA,NA,"Democratic Republic of the Congo (Zaire) (Kinshasa) (Belgian Congo) (Congo Free State)",NA,0,9,"AF",0.644285714285714,NA,4581920.9039548
"490","375","375-490",0.220177380352646,"4.589445744543356e-7|0.000002109395415947215",0,1,0,2.10939541594721e-06,NA,NA,"Finland",NA,3,10,"AF",0.0110869565217391,NA,NA,"Democratic Republic of the Congo (Zaire) (Kinshasa) (Belgian Congo) (Congo Free State)",NA,0,9,"AF",0.644285714285714,786790.765061124,3616238.05031967
"490","433","433-490",1.35390761126081,"1.669935945952842e-7|7.538049123579952e-9",0.5,0.5,1,1.66993594595284e-07,NA,NA,"Senegal",NA,0,9,"AF",0.0743243243243243,NA,NA,"Democratic Republic of the Congo (Zaire) (Kinshasa) (Belgian Congo) (Congo Free State)",NA,0,9,"AF",0.644285714285714,286285.153731573,12922.8402886369
"490","434","434-490",1.08946573061548,"1.3168753047674153e-7",0.5,0.5,1,1.31687530476742e-07,NA,NA,"Benin (Dahomey)",NA,0,9,"AF",0.0541176470588235,NA,NA,"Democratic Republic of the Congo (Zaire) (Kinshasa) (Belgian Congo) (Congo Free State)",NA,0,9,"AF",0.644285714285714,NA,225758.269342205
"490","436","436-490",1.37732288090735,"8.410977945821983e-8",0.5,0.5,1,8.41097794582198e-08,NA,NA,"Niger",NA,0,12,"WE",0.0384615384615385,NA,NA,"Democratic Republic of the Congo (Zaire) (Kinshasa) (Belgian Congo) (Congo Free State)",NA,0,9,"AF",0.644285714285714,144193.441675907,NA
"490","437","437-490",3.59098775375951,"0.000007375960381933295|2.909869625050578e-7",0.5,0.5,1,7.3759603819333e-06,NA,NA,"Ivory Coast",NA,0,9,"AF",0.0872093023255814,NA,NA,"Democratic Republic of the Congo (Zaire) (Kinshasa) (Belgian Congo) (Congo Free State)",NA,0,9,"AF",0.644285714285714,12644963.760301,498852.949998098
"490","471","471-490",1.25032134339226,"1.2743954562265338e-8|4.918104464820883e-7",0.5,0.5,1,4.91810446482088e-07,NA,NA,"Cameroun (French Cameroon)",NA,0,9,"AF",0.0561764705882353,NA,NA,"Democratic Republic of the Congo (Zaire) (Kinshasa) (Belgian Congo) (Congo Free State)",NA,0,9,"AF",0.644285714285714,843134.31074496,21847.5744524715
"490","475","475-490",3.05392795895397,"5.2031584539494015e-9|0.000012440363433696623",0.5,0.5,1,1.24403634336966e-05,NA,NA,"Nigeria",NA,0,9,"AF",0.04,NA,NA,"Democratic Republic of the Congo (Zaire) (Kinshasa) (Belgian Congo) (Congo Free State)",NA,0,9,"AF",0.644285714285714,21327113.5741697,8920.02487573678
"490","481","481-490",0.937492755716772,"2.3137459942622602e-7",0.5,0.5,1,2.31374599426226e-07,NA,NA,"Gabon",NA,0,9,"AF",0.101851851851852,NA,NA,"Democratic Republic of the Congo (Zaire) (Kinshasa) (Belgian Congo) (Congo Free State)",NA,0,9,"AF",0.644285714285714,NA,396656.607858831
"490","482","482-490",4.50863222263385,"1.2954280422904447e-7|9.572738090118941e-7",0.5,0.5,1,9.57273809011894e-07,NA,NA,"Central African Republic (Ubangi Shari)",NA,0,2,"AF",0.0416666666666667,NA,NA,"Democratic Republic of the Congo (Zaire) (Kinshasa) (Belgian Congo) (Congo Free State)",NA,0,9,"AF",0.644285714285714,222081.461947154,1641100.54784052
"490","484","484-490",2.89266463372616,"0.0000010492486286561656|9.076850231907079e-7",0.5,0.5,1,1.04924862865617e-06,NA,NA,"Congo (Brazzaville) (French Congo) (Middle Congo)",NA,0,9,"AF",0.0681481481481481,NA,NA,"Democratic Republic of the Congo (Zaire) (Kinshasa) (Belgian Congo) (Congo Free State)",NA,0,9,"AF",0.644285714285714,1556088.10645565,1798777.40631589
"500","200","200-500",1.12355778071007,"0.000020825527173220003|0.000003582028081941929",0,1,0,2.082552717322e-05,NA,NA,"United Kingdom",NA,4,1,"AS",0.0107228915662651,NA,NA,"Uganda",NA,5,8,"AF",0.20030303030303,35702203.2059109,6140843.08200475
"500","210","210-500",1.53514576131309,"0.0000014647535473665839|0.000011055115631371613",0,1,0,1.10551156313716e-05,NA,NA,"Netherlands",NA,0,8,"AF",0.0270588235294118,NA,NA,"Uganda",NA,5,8,"AF",0.20030303030303,2511097.47953501,18952316.6185975
"500","220","220-500",0.819825320111347,"0.000004746651778116041|0.00000830533259506599",0,1,0,8.30533259506599e-06,NA,NA,"France",NA,0,9,"AF",0.0404166666666667,NA,NA,"Uganda",NA,5,8,"AF",0.20030303030303,8137413.51757554,14238231.259904
"500","230","230-500",1.32254708838609,"0.000005099760749155634|0.000005740402335803287",0,1,0,5.74040233580329e-06,NA,NA,"Spain",NA,0,3,"AS",0.0329310344827586,NA,NA,"Uganda",NA,5,8,"AF",0.20030303030303,8742765.2156635,9841047.91066599
"500","235","235-500",1.5204262390006,"8.956936467514591e-8|0.000001993493857103265",0,1,0,1.99349385710326e-06,NA,NA,"Portugal",NA,0,3,"AS",0.0425531914893617,NA,NA,"Uganda",NA,5,8,"AF",0.20030303030303,153553.071288805,3417542.43165367
"500","315","315-500",0.553166152169252,"2.7949695487554037e-7",0.05,0.95,0.19,2.7949695487554e-07,NA,NA,"Czechoslovakia",NA,2,11,"WE",0.105,NA,NA,"Uganda",NA,5,8,"AF",0.20030303030303,NA,479155.07710324
"500","325","325-500",0.396242792822204,"0.00000831336823648079|0.000004077644603196514",0.05,0.95,0.19,8.31336823648079e-06,NA,NA,"Italy",NA,2,9,"AF",0.112337662337662,NA,NA,"Uganda",NA,5,8,"AF",0.20030303030303,14252007.146598,6990502.32985283
"500","338","338-500",1.5798048588798,"2.3206807824634985e-7",0.05,0.95,0.19,2.3206807824635e-07,NA,NA,"Malta",NA,2,3,"AS",0.243571428571429,NA,NA,"Uganda",NA,5,8,"AF",0.20030303030303,397845.471965325,NA
"500","345","345-500",0.679276544094981,"4.542464345131121e-7",0.05,0.95,0.19,4.54246434513112e-07,NA,NA,"Yugoslavia (Kingdom of Serbs, Croats and Slovenes)",NA,2,9,"AF",0.012258064516129,NA,NA,"Uganda",NA,5,8,"AF",0.20030303030303,NA,778736.51771957
"500","350","350-500",1.00634740934822,"1.084188269337983e-7|9.637613616566963e-7",0.05,0.95,0.19,9.63761361656697e-07,NA,NA,"Greece",NA,2,2,"WE",0.0898305084745763,NA,NA,"Uganda",NA,5,8,"AF",0.20030303030303,185867.611337805,1652222.47147334
"500","352","352-500",0.300451331297636,"2.2536290797282527e-8|8.021719919488749e-8",0.05,0.95,0.19,8.02171991948875e-08,NA,NA,"Cyprus",NA,2,5,"LA",0.173877551020408,NA,NA,"Uganda",NA,5,8,"AF",0.20030303030303,38635.0475961409,137520.204047833
"500","360","360-500",0.457216357146839,"2.63643887594999e-7",0.05,0.95,0.19,2.63643887594999e-07,NA,NA,"Romania",NA,2,3,"AS",0.119583333333333,NA,NA,"Uganda",NA,5,8,"AF",0.20030303030303,451977.401129943,NA
"500","390","390-500",0.066094505534712,"0.0000011038472541358495|5.150524660626709e-7",0,1,0,1.10384725413585e-06,NA,NA,"Denmark",NA,3,11,"WE",0.0130769230769231,NA,NA,"Uganda",NA,5,8,"AF",0.20030303030303,1892378.45686436,882979.223148847
"500","482","482-500",1.30947761873572,"9.543808351360651e-9",0,1,0,9.54380835136065e-09,NA,NA,"Central African Republic (Ubangi Shari)",NA,0,2,"AF",0.0416666666666667,NA,NA,"Uganda",NA,5,8,"AF",0.20030303030303,NA,16361.4098353633
"501","200","200-501",1.26306635809153,"0.00012120344412559731|0.00006409545417779887",0,1,0,0.000121203444125597,NA,NA,"United Kingdom",NA,4,1,"AS",0.0107228915662651,NA,NA,"Kenya (British East Africa Protectorate)",NA,5,14,"WE",0.274666666666667,207784895.692476,109881920.903955
"501","205","205-501",0.442796462030908,"0.000003138680481818468|0.0000022359641062783302",0,1,0,3.13868048181847e-06,NA,NA,"Ireland",NA,0,8,"AS",0.037037037037037,NA,NA,"Kenya (British East Africa Protectorate)",NA,5,14,"WE",0.274666666666667,3833220.84571888,5380790.96045198
"501","210","210-501",0.138078948527046,"0.000019926288691058664|0.000015160841756150431",0,1,0,1.99262886910587e-05,NA,NA,"Netherlands",NA,0,8,"AF",0.0270588235294118,NA,NA,"Kenya (British East Africa Protectorate)",NA,5,14,"WE",0.274666666666667,34160595.411128,25990960.4519774
"501","225","225-501",1.16933024204661,"0.00002230460244539641|0.000008650520609397452",0.05,0.95,0.19,2.23046024453964e-05,NA,NA,"Switzerland",NA,2,14,"WE",0.0813157894736842,NA,NA,"Kenya (British East Africa Protectorate)",NA,5,14,"WE",0.274666666666667,14830003.6808084,38237853.1073446
"501","350","350-501",0.569296432505612,"0.0000030859050112999382|9.932783465141586e-7",0.05,0.95,0.19,3.08590501129994e-06,NA,NA,"Greece",NA,2,2,"WE",0.0898305084745763,NA,NA,"Kenya (British East Africa Protectorate)",NA,5,14,"WE",0.274666666666667,5290315.43217037,1702824.85875706
"501","375","375-501",0.887457528302857,"0.000003952197476145067|0.000004363306339697236",0,1,0,4.36330633969724e-06,NA,NA,"Finland",NA,3,10,"AF",0.0110869565217391,NA,NA,"Kenya (British East Africa Protectorate)",NA,5,14,"WE",0.274666666666667,6775442.28434542,7480225.98870056
"501","380","380-501",0.283358671485538,"0.000006743164820833984|0.000005847621426857057",0,1,0,6.74316482083398e-06,NA,NA,"Sweden",NA,3,5,"LA",0.0137837837837838,NA,NA,"Kenya (British East Africa Protectorate)",NA,5,14,"WE",0.274666666666667,11560131.8843897,10024858.7570621
"501","402","402-501",2.07571250574945,"1.005142321455935e-7",0,1,0,1.00514232145594e-07,NA,NA,"Cape Verde",NA,0,2,"AF",0,NA,NA,"Kenya (British East Africa Protectorate)",NA,5,14,"WE",0.274666666666667,NA,172316.384180791
"501","450","450-501",1.42626260533045,"3.022916847538114e-7|1.6807297834181206e-8",0,1,0,3.02291684753811e-07,NA,NA,"Liberia",NA,1,11,"AF",0.530952380952381,NA,NA,"Kenya (British East Africa Protectorate)",NA,5,14,"WE",0.274666666666667,518233.179250128,28813.5593220339
"501","451","451-501",1.364091049399,"7.480895310508077e-8",0,1,0,7.48089531050808e-08,NA,NA,"Sierra Leone",NA,0,7,"ME",0.0476190476190476,NA,NA,"Kenya (British East Africa Protectorate)",NA,5,14,"WE",0.274666666666667,NA,128248.587570621
"501","471","471-501",0.789734225355087,"8.434373927792559e-7|1.8158472758105598e-7",0,1,0,8.43437392779256e-07,NA,NA,"Cameroun (French Cameroon)",NA,0,9,"AF",0.0561764705882353,NA,NA,"Kenya (British East Africa Protectorate)",NA,5,14,"WE",0.274666666666667,1445945.30251273,311299.435028249
"501","475","475-501",0.0170562720430119,"6.574030848689071e-7|7.092020576305493e-7",0,1,0,7.09202057630549e-07,NA,NA,"Nigeria",NA,0,9,"AF",0.04,NA,NA,"Kenya (British East Africa Protectorate)",NA,5,14,"WE",0.274666666666667,1127017.73784454,1215819.20903955
"501","490","490-501",3.07545585829618,"7.139356637941839e-7|0.0000015779086672560697",0.5,0.5,1,1.57790866725607e-06,NA,NA,"Democratic Republic of the Congo (Zaire) (Kinshasa) (Belgian Congo) (Congo Free State)",NA,0,9,"AF",0.644285714285714,NA,NA,"Kenya (British East Africa Protectorate)",NA,5,14,"WE",0.274666666666667,1223934.25783256,2705084.74576271
"501","500","500-501",6.02130103147536,"0.000015320346308145398|4.481946089114988e-7",1,0,0,1.53203463081454e-05,NA,NA,"Uganda",NA,5,8,"AF",0.20030303030303,NA,NA,"Kenya (British East Africa Protectorate)",NA,5,14,"WE",0.274666666666667,768361.581920904,26264406.779661
"51","2","2-51",1.45462337599323,"0.0003172624632346324|0.00011456242913734684",1,0,0,0.000317262463234632,NA,NA,"United States of America",NA,4,8,"AS",0.00662337662337662,NA,NA,"Jamaica",NA,4,5,"LA",0,543898305.084746,196399884.180791
"51","20","20-51",0.992448370774157,"0.000021609468953993594|0.0000392031405084222",1,0,0,3.92031405084222e-05,NA,NA,"Canada (Province of Canada)",NA,4,4,"AF",0.0392307692307692,NA,NA,"Jamaica",NA,4,5,"LA",0,37046152.3182663,67207829.9435028
"51","30","30-51",1.76617713268493,"1.72517684731804e-7|5.054679479429174e-8",1,0,0,1.72517684731804e-07,NA,NA,"Bermuda",NA,4,1,"AS",0.0364285714285714,NA,NA,"Jamaica",NA,4,5,"LA",0,86654.802259887,295755.367231638
"51","41","41-51",1.23002171945239,"8.680477729805786e-9|2.4713318913436255e-7",1,0,0,2.47133189134363e-07,NA,NA,"Haiti",NA,4,5,"LA",0.031875,NA,NA,"Jamaica",NA,4,5,"LA",0,14881.3606136431,423672.316384181
"51","42","42-51",1.45259410310252,"4.907071857861922e-7|3.985359644635424e-7",1,0,0,4.90707185786192e-07,NA,NA,"Dominican Republic (Santo Domingo)",NA,4,5,"LA",0.017,NA,NA,"Jamaica",NA,4,5,"LA",0,841242.937853107,683229.378531073
"512","200","200-512",0.700977778168361,"0.00004259520585057902|0.00001107342530569558",0,1,0,4.2595205850579e-05,NA,NA,"United Kingdom",NA,4,1,"AS",0.0107228915662651,NA,NA,"Tanzania (Tanganyika)",NA,5,8,"ME",0.255,73023010.7610689,18983705.7742194
"512","210","210-512",0.330790794066514,"0.00001873086648188413|0.000007300532941474853",0,1,0,1.87308664818841e-05,NA,NA,"Netherlands",NA,0,8,"AF",0.0270588235294118,NA,NA,"Tanzania (Tanganyika)",NA,5,8,"ME",0.255,32111225.6029202,12515654.8701034
"512","235","235-512",1.89316847447602,"0.0000016741634975260986|0.000006372807347331819",0,1,0,6.37280734733182e-06,NA,NA,"Portugal",NA,0,3,"AS",0.0425531914893617,NA,NA,"Tanzania (Tanganyika)",NA,5,8,"ME",0.255,2870099.03237679,10925210.2486577
"512","255","255-512",0.490999460147416,"0.000024026966223934558|0.000020433631518918078",0.05,0.95,0.19,2.40269662239346e-05,NA,NA,"Germany (Zollverein)",NA,2,8,"AF",0.083728813559322,NA,NA,"Tanzania (Tanganyika)",NA,5,8,"ME",0.255,41190584.2005072,35030357.6305733
"512","325","325-512",0.314468807825362,"0.000027228072344558445|0.000004328116395477009",0.05,0.95,0.19,2.72280723445584e-05,NA,NA,"Italy",NA,2,9,"AF",0.112337662337662,NA,NA,"Tanzania (Tanganyika)",NA,5,8,"ME",0.255,46678394.4370309,7419898.17423972
"512","352","352-512",1.17227440418158,"3.376481328270176e-7|7.677703126976587e-9",0.05,0.95,0.19,3.37648132827018e-07,NA,NA,"Cyprus",NA,2,5,"LA",0.173877551020408,NA,NA,"Tanzania (Tanganyika)",NA,5,8,"ME",0.255,578846.439277085,13162.2558657944
"512","355","355-512",0.652741623339824,"2.0443439337904546e-7|1.7283998712955608e-7",0.05,0.95,0.19,2.04434393379045e-07,NA,NA,"Bulgaria",NA,2,10,"AF",0.1,NA,NA,"Tanzania (Tanganyika)",NA,5,8,"ME",0.255,350471.716465427,296307.905738951
"512","375","375-512",0.418949223523603,"0.0000033186984108597923|0.0000010846326976102194",0,1,0,3.31869841085979e-06,NA,NA,"Finland",NA,3,10,"AF",0.0110869565217391,NA,NA,"Tanzania (Tanganyika)",NA,5,8,"ME",0.255,5689404.35736062,1859438.0181478
"512","380","380-512",0.449675767164468,"0.000009398636150865548|3.201481218193914e-7",0,1,0,9.39863615086555e-06,NA,NA,"Sweden",NA,3,5,"LA",0.0137837837837838,NA,NA,"Tanzania (Tanganyika)",NA,5,8,"ME",0.255,16112534.1474244,548845.328433496
"512","390","390-512",0.329238800355178,"0.00000572824349889041|0.0000014756031650780334",0,1,0,5.72824349889041e-06,NA,NA,"Denmark",NA,3,11,"WE",0.0130769230769231,NA,NA,"Tanzania (Tanganyika)",NA,5,8,"ME",0.255,9820203.43155147,2529697.50118242
"512","437","437-512",0.852056985040927,"7.593243978867073e-7|7.54017311600697e-8",0,1,0,7.59324397886707e-07,NA,NA,"Ivory Coast",NA,0,9,"AF",0.0872093023255814,NA,NA,"Tanzania (Tanganyika)",NA,5,8,"ME",0.255,1301746.34846305,129264.815510456
"512","490","490-512",3.0200384814479,"5.928597407992328e-7|7.675168063086855e-8",0.5,0.5,1,5.92859740799233e-07,NA,NA,"Democratic Republic of the Congo (Zaire) (Kinshasa) (Belgian Congo) (Congo Free State)",NA,0,9,"AF",0.644285714285714,NA,NA,"Tanzania (Tanganyika)",NA,5,8,"ME",0.255,131579.098837994,1016367.97774974
"512","500","500-512",4.58690504444879,"0.000001449625698505953|2.8215325367190546e-7",1,0,0,1.44962569850595e-06,NA,NA,"Uganda",NA,5,8,"AF",0.20030303030303,NA,NA,"Tanzania (Tanganyika)",NA,5,8,"ME",0.255,483708.897931622,2485163.0803912
"512","501","501-512",4.57969288272988,"0.0000023766897276035556|0.000011310322777825483",1,0,0,1.13103227778255e-05,NA,NA,"Kenya (British East Africa Protectorate)",NA,5,14,"WE",0.274666666666667,NA,NA,"Tanzania (Tanganyika)",NA,5,8,"ME",0.255,19389830.5084746,4074473.54904982
"516","2","2-516",0.529744109635076,"5.931987470887467e-7|0.000005838980464431896",0,1,0,5.8389804644319e-06,NA,NA,"United States of America",NA,4,8,"AS",0.00662337662337662,NA,NA,"Burundi",NA,5,8,"AS",0.244,1016949.15254237,10010045.1394364
"516","210","210-516",0.276743991322933,"0.0000022542398456403437|0.000001022729382964701",0,1,0,2.25423984564034e-06,NA,NA,"Netherlands",NA,0,8,"AF",0.0270588235294118,NA,NA,"Burundi",NA,5,8,"AS",0.244,3864551.8250028,1753314.18751384
"516","220","220-516",1.06857975804824,"0.000008306151078480755|0.0000014904288132002875",0,1,0,8.30615107848075e-06,NA,NA,"France",NA,0,9,"AF",0.0404166666666667,NA,NA,"Burundi",NA,5,8,"AS",0.244,14239634.4254014,2555113.82306073
"516","255","255-516",0.850525729490098,"0.000007199506038341737|0.000005289760442513152",0.05,0.95,0.19,7.19950603834174e-06,NA,NA,"Germany (Zollverein)",NA,2,8,"AF",0.083728813559322,NA,NA,"Burundi",NA,5,8,"AS",0.244,12342459.5893827,9068490.83138927
"516","325","325-516",0.275281315321438,"0.0000032438752982823215|2.977589540319741e-7",0.05,0.95,0.19,3.24387529828232e-06,NA,NA,"Italy",NA,2,9,"AF",0.112337662337662,NA,NA,"Burundi",NA,5,8,"AS",0.244,5561131.49552523,510462.500891656
"516","375","375-516",2.88470775381074,"0.000002307268773072148|7.448840510406158e-8",0,1,0,2.30726877307215e-06,NA,NA,"Finland",NA,3,10,"AF",0.0110869565217391,NA,NA,"Burundi",NA,5,8,"AS",0.244,127699.056710036,3955461.86666534
"516","380","380-516",0.256502516703342,"4.0851076010484346e-7|1.3930837784963705e-7",0,1,0,4.08510760104843e-07,NA,NA,"Sweden",NA,3,5,"LA",0.0137837837837838,NA,NA,"Burundi",NA,5,8,"AS",0.244,238823.054653293,700329.650613554
"516","390","390-516",0.516718909640818,"2.4510645606290526e-8|8.6798504463172e-7",0,1,0,8.6798504463172e-07,NA,NA,"Denmark",NA,3,11,"WE",0.0130769230769231,NA,NA,"Burundi",NA,5,8,"AS",0.244,1488028.52313783,42019.7790368131
"516","490","490-516",4.41260156769654,"6.211072406702353e-7|4.312058023328903e-7",0.5,0.5,1,6.21107240670235e-07,NA,NA,"Democratic Republic of the Congo (Zaire) (Kinshasa) (Belgian Congo) (Congo Free State)",NA,0,9,"AF",0.644285714285714,NA,NA,"Burundi",NA,5,8,"AS",0.244,1064794.02584279,739236.853425418
"516","500","500-516",4.4403062966773,"2.2622418092917023e-7",1,0,0,2.2622418092917e-07,NA,NA,"Uganda",NA,5,8,"AF",0.20030303030303,NA,NA,"Burundi",NA,5,8,"AS",0.244,NA,387826.99762866
"516","501","501-516",4.98701084144851,"0.000001354470472519312|0.0000020817708334942756",1,0,0,2.08177083349428e-06,NA,NA,"Kenya (British East Africa Protectorate)",NA,5,14,"WE",0.274666666666667,NA,NA,"Burundi",NA,5,8,"AS",0.244,2322033.89830509,3568879.89952666
"516","512","512-516",5.32660560436767,"3.994327432136245e-8|0.0000011745156236082408",1,0,0,1.17451562360824e-06,NA,NA,"Tanzania (Tanganyika)",NA,5,8,"ME",0.255,NA,NA,"Burundi",NA,5,8,"AS",0.244,2013528.6426987,68476.6769488808
"517","200","200-517",0.410385531233671,"0.0000020211599532751634|0.0000013604231584416242",0,1,0,2.02115995327516e-06,NA,NA,"United Kingdom",NA,4,1,"AS",0.0107228915662651,NA,NA,"Rwanda",NA,5,1,"AS",0.188636363636364,2332238.87418165,3464971.75141243
"517","205","205-517",1.79510395768618,"1.5336529090133596e-7|8.97707437260974e-7",0,1,0,8.97707437260974e-07,NA,NA,"Ireland",NA,0,8,"AS",0.037037037037037,NA,NA,"Rwanda",NA,5,1,"AS",0.188636363636364,262921.497014211,1538983.05084746
"517","210","210-517",1.8016300505381,"0.0000023078240909351037|0.000005919464386226747",0,1,0,5.91946438622675e-06,NA,NA,"Netherlands",NA,0,8,"AF",0.0270588235294118,NA,NA,"Rwanda",NA,5,1,"AS",0.188636363636364,3956413.87479566,10148022.5988701
"517","220","220-517",1.09683449354472,"0.000006841306940220094|3.6448767460008656e-7",0,1,0,6.84130694022009e-06,NA,NA,"France",NA,0,9,"AF",0.0404166666666667,NA,NA,"Rwanda",NA,5,1,"AS",0.188636363636364,11728381.6415381,624858.757062147
"517","225","225-517",0.526823441931877,"0.0000012290583198920757|4.218302201519991e-8",0.05,0.95,0.19,1.22905831989208e-06,NA,NA,"Switzerland",NA,2,14,"WE",0.0813157894736842,NA,NA,"Rwanda",NA,5,1,"AS",0.188636363636364,2107033.81113582,72316.384180791
"517","230","230-517",0.572532259365614,"4.440090204488751e-7|0.0000011122476507914036",0,1,0,1.1122476507914e-06,NA,NA,"Spain",NA,0,3,"AS",0.0329310344827586,NA,NA,"Rwanda",NA,5,1,"AS",0.188636363636364,761186.026239362,1906779.66101695
"517","255","255-517",1.06691443278575,"0.000004283212891093711|0.000006770375033439553",0.05,0.95,0.19,6.77037503343955e-06,NA,NA,"Germany (Zollverein)",NA,2,8,"AF",0.083728813559322,NA,NA,"Rwanda",NA,5,1,"AS",0.188636363636364,7342917.93624548,11606779.6610169
"517","325","325-517",0.254338730723297,"0.0000025435324089877875|5.335493175203797e-7",0.05,0.95,0.19,2.54353240898779e-06,NA,NA,"Italy",NA,2,9,"AF",0.112337662337662,NA,NA,"Rwanda",NA,5,1,"AS",0.188636363636364,4360499.98500284,914689.265536723
"517","352","352-517",1.21218788176636,"3.4860458593505394e-8",0.05,0.95,0.19,3.48604585935054e-08,NA,NA,"Cyprus",NA,2,5,"LA",0.173877551020408,NA,NA,"Rwanda",NA,5,1,"AS",0.188636363636364,59762.9613985006,NA
"517","436","436-517",0.555280820220656,"5.840956906820843e-9",0,1,0,5.84095690682084e-09,NA,NA,"Niger",NA,0,12,"WE",0.0384615384615385,NA,NA,"Rwanda",NA,5,1,"AS",0.188636363636364,10013.4334497158,NA
"517","490","490-517",4.08887584149739,"9.787779326964376e-8|6.47125905914998e-7",0.5,0.5,1,6.47125905914998e-07,NA,NA,"Democratic Republic of the Congo (Zaire) (Kinshasa) (Belgian Congo) (Congo Free State)",NA,0,9,"AF",0.644285714285714,NA,NA,"Rwanda",NA,5,1,"AS",0.188636363636364,1109399.07550077,167796.610169492
"517","500","500-517",1.46555058174289,"8.987859804374943e-9",1,0,0,8.98785980437494e-09,NA,NA,"Uganda",NA,5,8,"AF",0.20030303030303,NA,NA,"Rwanda",NA,5,1,"AS",0.188636363636364,15408.3204930662,NA
"517","501","501-517",5.52438259703579,"1.1534420082281201e-8|0.000002885911904586758",1,0,0,2.88591190458676e-06,NA,NA,"Kenya (British East Africa Protectorate)",NA,5,14,"WE",0.274666666666667,NA,NA,"Rwanda",NA,5,1,"AS",0.188636363636364,4947457.62711864,19774.011299435
"517","512","512-517",6.68167334154405,"0.000003646075127308093|2.9659937354437396e-9",1,0,0,3.64607512730809e-06,NA,NA,"Tanzania (Tanganyika)",NA,5,8,"ME",0.255,NA,NA,"Rwanda",NA,5,1,"AS",0.188636363636364,6250642.01335384,5084.74576271186
"517","516","516-517",6.31585799225837,"4.569873703039511e-7|3.01872251296274e-7",1,0,0,4.56987370303951e-07,NA,NA,"Burundi",NA,5,8,"AS",0.244,NA,NA,"Rwanda",NA,5,1,"AS",0.188636363636364,783435.435819695,517514.124293785
"52","2","2-52",1.30114574506471,"0.00015452827361661889|0.00032706378439725635",1,0,0,0.000327063784397256,NA,NA,"United States of America",NA,4,8,"AS",0.00662337662337662,NA,NA,"Trinidad and Tobago",NA,4,5,"LA",0.021875,264915254.237288,560701181.522101
"52","31","31-52",2.46518248385383,"3.6390681213116056e-8|0.0000044269446237426045",0.15,0.85,0.51,4.4269446237426e-06,NA,NA,"Bahamas",NA,3,7,"ME",0.353076923076923,NA,NA,"Trinidad and Tobago",NA,4,5,"LA",0.021875,62386.2956584791,7589324.16085079
"52","40","40-52",1.3314160902786,"7.460346595739636e-9|0.0000014940350944992375",1,0,0,1.49403509449924e-06,NA,NA,"Cuba",NA,4,5,"LA",0,NA,NA,"Trinidad and Tobago",NA,4,5,"LA",0.021875,12789.6311066799,2561296.24459954
"52","41","41-52",2.89571793325929,"5.5675428509617485e-9|0.0000020040960679044946",1,0,0,2.00409606790449e-06,NA,NA,"Haiti",NA,4,5,"LA",0.031875,NA,NA,"Trinidad and Tobago",NA,4,5,"LA",0.021875,9544.7065790613,3435718.31173147
"52","42","42-52",1.9010509478474,"1.2556040146711865e-7|0.0000035958355710461145",1,0,0,3.59583557104611e-06,NA,NA,"Dominican Republic (Santo Domingo)",NA,4,5,"LA",0.017,NA,NA,"Trinidad and Tobago",NA,4,5,"LA",0.021875,215254.237288136,6164513.92489198
"52","51","51-52",4.1425161010745,"0.000010051171764201572|0.000013418536081768824",1,0,0,1.34185360817688e-05,NA,NA,"Jamaica",NA,4,5,"LA",0,NA,NA,"Trinidad and Tobago",NA,4,5,"LA",0.021875,17231207.3446328,23004042.0073114
"520","325","325-520",1.67147918837576,"0.000011904451479455548|0.000004271317361915617",0.45,0.55,0.99,1.19044514794555e-05,NA,NA,"Italy",NA,2,9,"AF",0.112337662337662,NA,NA,"Somalia",NA,2,1,"AF",0.662105263157895,20408373.9268298,7322524.85824915
"520","338","338-520",2.82047495765294,"1.8536877224488907e-11|2.8188426746832224e-7",0.45,0.55,0.99,2.81884267468322e-07,NA,NA,"Malta",NA,2,3,"AS",0.243571428571429,NA,NA,"Somalia",NA,2,1,"AF",0.662105263157895,483247.76194116,31.7786604856158
"520","350","350-520",1.37660195462531,"1.112479055682298e-8|7.961108940009536e-7",0.45,0.55,0.99,7.96110894000954e-07,NA,NA,"Greece",NA,2,2,"WE",0.0898305084745763,NA,NA,"Somalia",NA,2,1,"AF",0.662105263157895,19071.7636955493,1364811.20865027
"520","438","438-520",2.83523943069041,"1.0937027749605393e-7",0,1,0,1.09370277496054e-07,NA,NA,"Guinea (French Guinea) (Rivieres du Sud)",NA,0,9,"AF",0.0364,NA,NA,"Somalia",NA,2,1,"AF",0.662105263157895,NA,187498.728813559
"520","500","500-520",2.39532202323796,"4.1959666209178e-8|1.875991037668036e-9",0.6,0.4,0.96,4.1959666209178e-08,NA,NA,"Uganda",NA,5,8,"AF",0.20030303030303,NA,NA,"Somalia",NA,2,1,"AF",0.662105263157895,3216.10169491503,71933.4745762712
"520","501","501-520",5.62720587029231,"3.894739248562483e-9|0.0000036287285578856714",0.6,0.4,0.96,3.62872855788567e-06,NA,NA,"Kenya (British East Africa Protectorate)",NA,5,14,"WE",0.274666666666667,NA,NA,"Somalia",NA,2,1,"AF",0.662105263157895,6220903.95480226,6676.9388803287
"520","512","512-520",4.33040167989546,"1.6726450367376403e-7|3.9400083087597823e-7",0.6,0.4,0.96,3.94000830875978e-07,NA,NA,"Tanzania (Tanganyika)",NA,5,8,"ME",0.255,NA,NA,"Somalia",NA,2,1,"AF",0.662105263157895,675454.580824277,286749.586198985
"520","56","520-56",0.665872879491587,"3.126651729446814e-9",0,1,0,3.12665172944681e-09,NA,NA,"St. Lucia",NA,4,5,"LA",0,NA,NA,"Somalia",NA,2,1,"AF",0.662105263157895,5360.1694915252,NA
"522","200","200-522",0.668460906979058,"5.9552663846843085e-8|0.000012640285679772963",0,1,0,1.2640285679773e-05,NA,NA,"United Kingdom",NA,4,1,"AS",0.0107228915662651,NA,NA,"Djibouti (Afar and Issas) (French Somaliland)",NA,2,1,"AF",0.595185185185185,21669849.8994224,102093.996873576
"522","210","210-522",0.0595070472494057,"6.89833062182821e-7|0.000004488561863259933",0,1,0,4.48856186325993e-06,NA,NA,"Netherlands",NA,0,8,"AF",0.0270588235294118,NA,NA,"Djibouti (Afar and Issas) (French Somaliland)",NA,2,1,"AF",0.595185185185185,7694957.55912864,1182614.00824836
"522","220","220-522",1.0677081885327,"2.480151742162837e-7|0.000020533983443187967",0,1,0,2.0533983443188e-05,NA,NA,"France",NA,0,9,"AF",0.0404166666666667,NA,NA,"Djibouti (Afar and Issas) (French Somaliland)",NA,2,1,"AF",0.595185185185185,35202395.7625537,425184.345844824
"522","290","290-522",1.34926263674294,"0.0000020797426880548217",0.45,0.55,0.99,2.07974268805482e-06,NA,NA,"Poland",NA,2,1,"AS",0.112,NA,NA,"Djibouti (Afar and Issas) (French Somaliland)",NA,2,1,"AF",0.595185185185185,3565402.9522202,NA
"522","325","325-522",0.0765551514040742,"0.0000065797648579779275|5.269483740608485e-7",0.45,0.55,0.99,6.57976485797793e-06,NA,NA,"Italy",NA,2,9,"AF",0.112337662337662,NA,NA,"Djibouti (Afar and Issas) (French Somaliland)",NA,2,1,"AF",0.595185185185185,11280007.4664481,903372.950574672
"522","338","338-522",1.50258832184984,"2.0553587513733582e-7",0.45,0.55,0.99,2.05535875137336e-07,NA,NA,"Malta",NA,2,3,"AS",0.243571428571429,NA,NA,"Djibouti (Afar and Issas) (French Somaliland)",NA,2,1,"AF",0.595185185185185,352360.039638953,NA
"522","352","352-522",1.33950902065847,"1.2235211732960835e-7",0.45,0.55,0.99,1.22352117329608e-07,NA,NA,"Cyprus",NA,2,5,"LA",0.173877551020408,NA,NA,"Djibouti (Afar and Issas) (French Somaliland)",NA,2,1,"AF",0.595185185185185,209754.12143191,NA
"522","501","501-522",3.31250272402464,"3.864779715881233e-8|9.764710486799795e-7",0.6,0.4,0.96,9.7647104867998e-07,NA,NA,"Kenya (British East Africa Protectorate)",NA,5,14,"WE",0.274666666666667,NA,NA,"Djibouti (Afar and Issas) (French Somaliland)",NA,2,1,"AF",0.595185185185185,1674011.29943503,66255.7781201848
"522","512","512-522",1.85382565924886,"9.01781933705624e-8",0.6,0.4,0.96,9.01781933705624e-08,NA,NA,"Tanzania (Tanganyika)",NA,5,8,"ME",0.255,NA,NA,"Djibouti (Afar and Issas) (French Somaliland)",NA,2,1,"AF",0.595185185185185,154596.815613765,NA
"522","516","516-522",3.4040091387625,"4.314257817333339e-8",0.6,0.4,0.96,4.31425781733334e-08,NA,NA,"Burundi",NA,5,8,"AS",0.244,NA,NA,"Djibouti (Afar and Issas) (French Somaliland)",NA,2,1,"AF",0.595185185185185,NA,73961.3974695407
"522","520","520-522",8.68001174900141,"0.000007665299379912171|3.475305791024974e-8",1,0,0,7.66529937991217e-06,NA,NA,"Somalia",NA,2,1,"AF",0.662105263157895,NA,NA,"Djibouti (Afar and Issas) (French Somaliland)",NA,2,1,"AF",0.595185185185185,59578.8392398559,13140991.5254238
"53","2","2-53",0.993067678375295,"0.00005790278881305169|0.000009218308529759165",1,0,0,5.79027888130517e-05,NA,NA,"United States of America",NA,4,8,"AS",0.00662337662337662,NA,NA,"Barbados",NA,4,5,"LA",0.0182142857142857,99265536.7231638,15803389.8305085
"53","20","20-53",0.449575878356991,"0.000010261277208261055|0.0000021256288437346822",1,0,0,1.02612772082611e-05,NA,NA,"Canada (Province of Canada)",NA,4,4,"AF",0.0392307692307692,NA,NA,"Barbados",NA,4,5,"LA",0.0182142857142857,17591401.2161294,3644067.79661017
"53","30","30-53",2.78908447619588,"4.070694579952739e-8|1.2094663343420616e-7",1,0,0,1.20946633434206e-07,NA,NA,"Bermuda",NA,4,1,"AS",0.0364285714285714,NA,NA,"Barbados",NA,4,5,"LA",0.0182142857142857,69785.8757062147,207344.632768362
"53","31","31-53",2.41621651093321,"3.163202359318068e-8|3.410892795760301e-7",0.15,0.85,0.51,3.4108927957603e-07,NA,NA,"Bahamas",NA,3,7,"ME",0.353076923076923,NA,NA,"Barbados",NA,4,5,"LA",0.0182142857142857,54228.2999486389,584745.762711864
"53","41","41-53",2.83267667048822,"2.9266983804255258e-9|1.5225434508611185e-7",1,0,0,1.52254345086112e-07,NA,NA,"Haiti",NA,4,5,"LA",0.031875,NA,NA,"Barbados",NA,4,5,"LA",0.0182142857142857,5017.37984499753,261016.949152542
"53","42","42-53",0.156826838857113,"3.8887473420262416e-8|2.9659937354437396e-9",1,0,0,3.88874734202624e-08,NA,NA,"Dominican Republic (Santo Domingo)",NA,4,5,"LA",0.017,NA,NA,"Barbados",NA,4,5,"LA",0.0182142857142857,66666.6666666667,5084.74576271186
"53","51","51-53",4.6717270772388,"0.000002758703728822176|0.000004723860117939547",1,0,0,4.72386011793955e-06,NA,NA,"Jamaica",NA,4,5,"LA",0,NA,NA,"Barbados",NA,4,5,"LA",0.0182142857142857,8098340.6779661,4729378.53107345
"53","52","52-53",5.91947572448032,"0.000007371483097156168|0.000021464778178741575",1,0,0,2.14647781787416e-05,NA,NA,"Trinidad and Tobago",NA,4,5,"LA",0.021875,NA,NA,"Barbados",NA,4,5,"LA",0.0182142857142857,36798101.9607843,12637288.1355932
"530","2","2-530",0.61155634790704,"0.000002696936869480247|0.0000693053869515355",0,1,0,6.93053869515355e-05,NA,NA,"United States of America",NA,4,8,"AS",0.00662337662337662,NA,NA,"Ethiopia (Abyssinia)",NA,2,3,"AS",0.587391304347826,118813559.322034,4623488.63233167
"530","200","200-530",0.977310532628062,"0.000017721363105866113|0.000008810418320958492",0,1,0,1.77213631058661e-05,NA,NA,"United Kingdom",NA,4,1,"AS",0.0107228915662651,NA,NA,"Ethiopia (Abyssinia)",NA,2,3,"AS",0.587391304347826,30380585.3954543,15104124.0208521
"530","210","210-530",0.102807182153434,"0.0000012911545461325173|0.000011480072026472392",0,1,0,1.14800720264724e-05,NA,NA,"Netherlands",NA,0,8,"AF",0.0270588235294118,NA,NA,"Ethiopia (Abyssinia)",NA,2,3,"AS",0.587391304347826,19680839.8125289,2213488.35939846
"530","220","220-530",0.00901085486380398,"0.000003744507389030423|0.00001182336240107319",0,1,0,1.18233624010732e-05,NA,NA,"France",NA,0,9,"AF",0.0404166666666667,NA,NA,"Ethiopia (Abyssinia)",NA,2,3,"AS",0.587391304347826,20269359.0183424,6419389.17546876
"530","230","230-530",0.0838736684118667,"0.0000056325715736942885|1.7034961336150325e-7",0,1,0,5.63257157369429e-06,NA,NA,"Spain",NA,0,3,"AS",0.0329310344827586,NA,NA,"Ethiopia (Abyssinia)",NA,2,3,"AS",0.587391304347826,9656188.44715074,292038.53816971
"530","255","255-530",1.00657840909225,"0.00001576131936709233|0.000028101631337904635",0.55,0.45,0.99,2.81016313379046e-05,NA,NA,"Germany (Zollverein)",NA,2,8,"AF",0.083728813559322,NA,NA,"Ethiopia (Abyssinia)",NA,2,3,"AS",0.587391304347826,48175978.6486278,27020388.1110292
"530","290","290-530",0.52534691129104,"0.0000022347036635533254",0.55,0.45,0.99,2.23470366355333e-06,NA,NA,"Poland",NA,2,1,"AS",0.112,NA,NA,"Ethiopia (Abyssinia)",NA,2,3,"AS",0.587391304347826,3831060.00811207,NA
"530","325","325-530",0.692295711499832,"0.00002983015355676002|0.0000037238107070332446",0.55,0.45,0.99,2.983015355676e-05,NA,NA,"Italy",NA,2,9,"AF",0.112337662337662,NA,NA,"Ethiopia (Abyssinia)",NA,2,3,"AS",0.587391304347826,51139267.4523256,6383907.85774723
"530","338","338-530",0.600223983887829,"2.0418703926609287e-7",0.55,0.45,0.99,2.04187039266093e-07,NA,NA,"Malta",NA,2,3,"AS",0.243571428571429,NA,NA,"Ethiopia (Abyssinia)",NA,2,3,"AS",0.587391304347826,350047.665408712,NA
"530","339","339-530",0.7554197703112,"3.265589062256245e-8",0.55,0.45,0.99,3.26558906225625e-08,NA,NA,"Albania",NA,2,14,"WE",0.115454545454545,NA,NA,"Ethiopia (Abyssinia)",NA,2,3,"AS",0.587391304347826,55983.5644581408,NA
"530","350","350-530",1.42961635115492,"0.0000032091569197687034|3.820925907173892e-8",0.55,0.45,0.99,3.2091569197687e-06,NA,NA,"Greece",NA,2,2,"WE",0.0898305084745763,NA,NA,"Ethiopia (Abyssinia)",NA,2,3,"AS",0.587391304347826,5501612.10884354,65503.9711782525
"530","375","375-530",0.487290041441186,"0.0000016083006962266937|5.349296270043461e-7",0,1,0,1.60830069622669e-06,NA,NA,"Finland",NA,3,10,"AF",0.0110869565217391,NA,NA,"Ethiopia (Abyssinia)",NA,2,3,"AS",0.587391304347826,2757187.26327038,917055.596495537
"530","395","395-530",1.26759471208863,"9.128669607976854e-8",0,1,0,9.12866960797685e-08,NA,NA,"Iceland",NA,3,14,"WE",0,NA,NA,"Ethiopia (Abyssinia)",NA,2,3,"AS",0.587391304347826,NA,156497.175141243
"530","500","500-530",1.69153310596487,"3.6910144263299904e-8",0.5,0.5,1,3.69101442632999e-08,NA,NA,"Uganda",NA,5,8,"AF",0.20030303030303,NA,NA,"Ethiopia (Abyssinia)",NA,2,3,"AS",0.587391304347826,NA,63276.8361581921
"530","501","501-530",3.61920926591744,"2.292555544304341e-7|0.0000032500700243273546",0.5,0.5,1,3.25007002432735e-06,NA,NA,"Kenya (British East Africa Protectorate)",NA,5,14,"WE",0.274666666666667,NA,NA,"Ethiopia (Abyssinia)",NA,2,3,"AS",0.587391304347826,5571751.41242938,393023.827069516
"530","522","522-530",6.62307927718977,"0.000006537546334357799|0.000002400815111674269",0.9,0.1,0.36,6.5375463343578e-06,NA,NA,"Djibouti (Afar and Issas) (French Somaliland)",NA,2,1,"AF",0.595185185185185,NA,NA,"Ethiopia (Abyssinia)",NA,2,3,"AS",0.587391304347826,11207630.2201579,4115832.85570021
"54","2","2-54",0.759104485562487,"0.000014006081528484308|6.979239579945433e-7",1,0,0,1.40060815284843e-05,NA,NA,"United States of America",NA,4,8,"AS",0.00662337662337662,NA,NA,"Dominica",NA,4,5,"LA",0,24011299.4350282,1196484.62021344
"54","42","42-54",1.88465891988311,"6.689963647723098e-8",1,0,0,6.6899636477231e-08,NA,NA,"Dominican Republic (Santo Domingo)",NA,4,5,"LA",0.017,NA,NA,"Dominica",NA,4,5,"LA",0,114689.265536723,NA
"54","51","51-54",5.30690951662274,"5.131927138494506e-7|0.000001837207312999965",1,0,0,1.83720731299996e-06,NA,NA,"Jamaica",NA,4,5,"LA",0,NA,NA,"Dominica",NA,4,5,"LA",0,879790.960451977,3149612.88972588
"54","52","52-54",4.37079044133367,"5.52797762461923e-7",1,0,0,5.52797762461923e-07,NA,NA,"Trinidad and Tobago",NA,4,5,"LA",0.021875,NA,NA,"Dominica",NA,4,5,"LA",0,NA,947687.800795147
"54","53","53-54",6.35220036220924,"3.6190005866628414e-7|0.0000013106396762066393",1,0,0,1.31063967620664e-06,NA,NA,"Barbados",NA,4,5,"LA",0.0182142857142857,NA,NA,"Dominica",NA,4,5,"LA",0,2246892.65536723,620422.682569576
"540","140","140-540",1.97199289988726,"0.00002275279705430791|0.00004922797077294707",0,1,0,4.92279707729471e-05,NA,NA,"Brazil",NA,4,5,"LA",0.0085,NA,NA,"Angola",NA,0,3,"AS",0,39006214.6892655,84393878.7878785
"540","155","155-540",1.11237831388075,"0.000007130368778137443",0,1,0,7.13036877813744e-06,NA,NA,"Chile",NA,4,12,"WE",0,NA,NA,"Angola",NA,0,3,"AS",0,NA,12223934.2578325
"540","160","160-540",1.13775495650127,"0.000006581210544090161|8.08907382393746e-9",0,1,0,6.58121054409016e-06,NA,NA,"Argentina (La Plata)",NA,4,5,"LA",0.0110869565217391,NA,NA,"Angola",NA,0,3,"AS",0,11282485.8757062,13867.4884437596
"540","2","2-540",1.34021861893298,"0.000577020599440873|0.00006202222455672346",0,1,0,0.000577020599440873,NA,NA,"United States of America",NA,4,8,"AS",0.00662337662337662,NA,NA,"Angola",NA,0,3,"AS",0,106327683.615819,989214175.654853
"540","210","210-540",0.0743162109352306,"0.000021843864363958955|0.0000430154579662258",1,0,0,4.30154579662258e-05,NA,NA,"Netherlands",NA,0,8,"AF",0.0270588235294118,NA,NA,"Angola",NA,0,3,"AS",0,37447987.6469718,73743469.1823966
"540","220","220-540",0.542734938463136,"0.00005824664830968643|0.00010808478874296272",1,0,0,0.000108084788742963,NA,NA,"France",NA,0,9,"AF",0.0404166666666667,NA,NA,"Angola",NA,0,3,"AS",0,99855031.6022621,185294953.595768
"540","230","230-540",1.37860472343999,"0.000040249417703690606|0.000013660485317446525",1,0,0,4.02494177036906e-05,NA,NA,"Spain",NA,0,3,"AS",0.0329310344827586,NA,NA,"Angola",NA,0,3,"AS",0,69001513.2785983,23418827.2228707
"540","235","235-540",4.11618407649592,"0.00017586283049121678|0.00003472922170849375",1,0,0,0.000175862830491217,NA,NA,"Portugal",NA,0,3,"AS",0.0425531914893617,NA,NA,"Angola",NA,0,3,"AS",0,301490111.551077,59537975.692361
"540","31","31-540",2.06161577516229,"0.0000012073044544637742|9.99012601069352e-7",0,1,0,1.20730445446377e-06,NA,NA,"Bahamas",NA,3,7,"ME",0.353076923076923,NA,NA,"Angola",NA,0,3,"AS",0,2069740.11299434,1712655.36723164
"540","310","310-540",1.32192813209078,"2.306884016456246e-7|0.000008868021673649992",0,1,0,8.86802167364999e-06,NA,NA,"Hungary",NA,2,2,"WE",0.0875,NA,NA,"Angola",NA,0,3,"AS",0,395480.225988701,15202876.2198254
"540","338","338-540",0.762513273044012,"4.7018399805597256e-7|4.660782651195129e-7",0,1,0,4.70183998055973e-07,NA,NA,"Malta",NA,2,3,"AS",0.243571428571429,NA,NA,"Angola",NA,0,3,"AS",0,806059.049700706,799020.394189734
"540","345","345-540",1.67544911288947,"0.000021506989806823503",0,1,0,2.15069898068235e-05,NA,NA,"Yugoslavia (Kingdom of Serbs, Croats and Slovenes)",NA,2,9,"AF",0.012258064516129,NA,NA,"Angola",NA,0,3,"AS",0,NA,36870467.3857216
"540","402","402-540",2.59242484206442,"1.1761653207742409e-8|4.0193748771912917e-7",1,0,0,4.01937487719129e-07,NA,NA,"Cape Verde",NA,0,2,"AF",0,NA,NA,"Angola",NA,0,3,"AS",0,20163.567979218,689060.773504678
"540","437","437-540",0.841026838420439,"0.0000011039408553891358|5.3099810676105485e-9",1,0,0,1.10394085538914e-06,NA,NA,"Ivory Coast",NA,0,9,"AF",0.0872093023255814,NA,NA,"Angola",NA,0,3,"AS",0,1892538.92199628,9103.15602186311
"540","461","461-540",0.451326182720411,"3.490285557365616e-7",1,0,0,3.49028555736562e-07,NA,NA,"Togo (French Togoland)",NA,0,9,"AF",0.0561224489795918,NA,NA,"Angola",NA,0,3,"AS",0,NA,598356.445814073
"540","484","484-540",1.88334026339473,"2.3576234368589905e-7|0.0000011973965878641883",1,0,0,1.19739658786419e-06,NA,NA,"Congo (Brazzaville) (French Congo) (Middle Congo)",NA,0,9,"AF",0.0681481481481481,NA,NA,"Angola",NA,0,3,"AS",0,2052754.58058821,404178.728949521
"541","230","230-541",2.46268501134287,"0.000007081943876159544|0.00001558794485405433",0,1,0,1.55879448540543e-05,NA,NA,"Spain",NA,0,3,"AS",0.0329310344827586,NA,NA,"Mozambique (Portuguese East Africa)",NA,5,5,"LA",0.110666666666667,12140917.1185178,26723163.8418079
"541","235","235-541",2.54954185509335,"0.000012394773488301827|0.000004844456434558111",0,1,0,1.23947734883018e-05,NA,NA,"Portugal",NA,0,3,"AS",0.0425531914893617,NA,NA,"Mozambique (Portuguese East Africa)",NA,5,5,"LA",0.110666666666667,21248956.5373229,8305084.74576271
"541","325","325-541",0.422063619930683,"0.000020218543968521145",0,1,0,2.02185439685211e-05,NA,NA,"Italy",NA,2,9,"AF",0.112337662337662,NA,NA,"Mozambique (Portuguese East Africa)",NA,5,5,"LA",0.110666666666667,34661622.6944797,NA
"541","360","360-541",0.129782379811593,"3.9546583139249876e-7",0,1,0,3.95465831392499e-07,NA,NA,"Romania",NA,2,3,"AS",0.119583333333333,NA,NA,"Mozambique (Portuguese East Africa)",NA,5,5,"LA",0.110666666666667,677966.101694915,NA
"541","380","380-541",0.251063363902367,"0.00000513823205436321",0,1,0,5.13823205436321e-06,NA,NA,"Sweden",NA,3,5,"LA",0.0137837837837838,NA,NA,"Mozambique (Portuguese East Africa)",NA,5,5,"LA",0.110666666666667,8808718.42514017,NA
"541","390","390-541",0.00585536298120085,"0.0000028027606035649604",0,1,0,2.80276060356496e-06,NA,NA,"Denmark",NA,3,11,"WE",0.0130769230769231,NA,NA,"Mozambique (Portuguese East Africa)",NA,5,5,"LA",0.110666666666667,4804907.3511413,NA
"541","433","433-541",2.74817955586678,"7.150573433099116e-7",0,1,0,7.15057343309912e-07,NA,NA,"Senegal",NA,0,9,"AF",0.0743243243243243,NA,NA,"Mozambique (Portuguese East Africa)",NA,5,5,"LA",0.110666666666667,1225857.20699343,NA
"541","437","437-541",3.34383183957976,"0.000006117818264204134",0,1,0,6.11781826420413e-06,NA,NA,"Ivory Coast",NA,0,9,"AF",0.0872093023255814,NA,NA,"Mozambique (Portuguese East Africa)",NA,5,5,"LA",0.110666666666667,10488070.1952323,NA
"541","461","461-541",0.095930495716445,"2.1421065867093686e-8",0,1,0,2.14210658670937e-08,NA,NA,"Togo (French Togoland)",NA,0,9,"AF",0.0561224489795918,NA,NA,"Mozambique (Portuguese East Africa)",NA,5,5,"LA",0.110666666666667,36723.1638418079,NA
"541","501","501-541",1.85667084202998,"4.953209538191047e-7",0.95,0.05,0.19,4.95320953819105e-07,NA,NA,"Kenya (British East Africa Protectorate)",NA,5,14,"WE",0.274666666666667,NA,NA,"Mozambique (Portuguese East Africa)",NA,5,5,"LA",0.110666666666667,849152.542372881,NA
"541","512","512-541",2.330510476372,"3.159440624948874e-7",0.95,0.05,0.19,3.15944062494887e-07,NA,NA,"Tanzania (Tanganyika)",NA,5,8,"ME",0.255,NA,NA,"Mozambique (Portuguese East Africa)",NA,5,5,"LA",0.110666666666667,541638.107264749,NA
"541","516","516-541",2.17813547088487,"4.9021291212581284e-8",0.95,0.05,0.19,4.90212912125813e-08,NA,NA,"Burundi",NA,5,8,"AS",0.244,NA,NA,"Mozambique (Portuguese East Africa)",NA,5,5,"LA",0.110666666666667,84039.5580736266,NA
"541","94","541-94",3.309097453806,"8.897981206331229e-7",0,1,0,8.89798120633123e-07,NA,NA,"Costa Rica",NA,4,5,"LA",0.00575757575757576,NA,NA,"Mozambique (Portuguese East Africa)",NA,5,5,"LA",0.110666666666667,NA,1525423.72881356
"55","2","2-55",0.791021061248112,"0.000010380978074053081|0.0000025465602779062415",1,0,0,1.03809780740531e-05,NA,NA,"United States of America",NA,4,8,"AS",0.00662337662337662,NA,NA,"Grenada",NA,4,5,"LA",0,17796610.1694915,4365690.80636877
"55","42","42-55",0.336873251110876,"1.0216200644306215e-8",1,0,0,1.02162006443062e-08,NA,NA,"Dominican Republic (Santo Domingo)",NA,4,5,"LA",0.017,NA,NA,"Grenada",NA,4,5,"LA",0,17514.1242937853,NA
"55","51","51-55",3.6506860100705,"2.669394361899369e-8|5.08951672362626e-7",1,0,0,5.08951672362626e-07,NA,NA,"Jamaica",NA,4,5,"LA",0,NA,NA,"Grenada",NA,4,5,"LA",0,872520.338983051,45762.7118644068
"55","52","52-55",5.8351318326457,"4.366709742609836e-7|0.000006933525237603765",1,0,0,6.93352523760376e-06,NA,NA,"Trinidad and Tobago",NA,4,5,"LA",0.021875,NA,NA,"Grenada",NA,4,5,"LA",0,11886475.9056165,748606.060606062
"55","53","53-55",6.86608073979185,"4.426324718715602e-7|0.0000015729653443636671",1,0,0,1.57296534436367e-06,NA,NA,"Barbados",NA,4,5,"LA",0.0182142857142857,NA,NA,"Grenada",NA,4,5,"LA",0,2696610.16949153,758826.142783768
"55","54","54-55",5.89473655927624,"1.658759459451868e-7|1.592293681392354e-7",1,0,0,1.65875945945187e-07,NA,NA,"Dominica",NA,4,5,"LA",0,NA,NA,"Grenada",NA,4,5,"LA",0,284369.114877589,272974.566759877
"551","11","11-551",1.89337780960772,"1.35189293358254e-7",0,1,0,1.35189293358254e-07,NA,NA,"Faeroe Is.",NA,3,11,"WE",0,NA,NA,"Zambia (Northern Rhodesia)",NA,5,8,"AF",0.135675675675676,231761.509929336,NA
"551","200","200-551",1.40041245654163,"0.00003671738540364464|0.000016360076386874937",0,1,0,3.67173854036446e-05,NA,NA,"United Kingdom",NA,4,1,"AS",0.0107228915662651,NA,NA,"Zambia (Northern Rhodesia)",NA,5,8,"AF",0.135675675675676,62946380.3709311,28046866.0778743
"551","210","210-551",0.117278819411679,"0.000004473931954182747|0.000014645781781554252",0,1,0,1.46457817815543e-05,NA,NA,"Netherlands",NA,0,8,"AF",0.0270588235294118,NA,NA,"Zambia (Northern Rhodesia)",NA,5,8,"AF",0.135675675675676,7669876.80211283,25107968.3565883
"551","220","220-551",0.578396126638616,"0.000004142109509644043|0.00003568015405420025",0,1,0,3.56801540542002e-05,NA,NA,"France",NA,0,9,"AF",0.0404166666666667,NA,NA,"Zambia (Northern Rhodesia)",NA,5,8,"AF",0.135675675675676,7101017.62055814,61168204.764552
"551","350","350-551",0.78077194906149,"5.489144142559981e-9|0.000004206533885779991",0,1,0,4.20653388577999e-06,NA,NA,"Greece",NA,2,2,"WE",0.0898305084745763,NA,NA,"Zambia (Northern Rhodesia)",NA,5,8,"AF",0.135675675675676,9410.30390127266,7211463.42820028
"551","375","375-551",1.24935973186384,"0.000004098436834124959|2.4064139163331566e-9",0,1,0,4.09843683412496e-06,NA,NA,"Finland",NA,3,10,"AF",0.0110869565217391,NA,NA,"Zambia (Northern Rhodesia)",NA,5,8,"AF",0.135675675675676,7026147.45170435,4125.43115590069
"551","380","380-551",0.78972049162324,"0.000005655809720068613|2.752590833534472e-8",0,1,0,5.65580972006861e-06,NA,NA,"Sweden",NA,3,5,"LA",0.0137837837837838,NA,NA,"Zambia (Northern Rhodesia)",NA,5,8,"AF",0.135675675675676,9696026.71953079,47188.9890057369
"551","385","385-551",0.0837740675367377,"0.0000018530687681380576",0,1,0,1.85306876813806e-06,NA,NA,"Norway",NA,3,11,"WE",0.0225806451612903,NA,NA,"Zambia (Northern Rhodesia)",NA,5,8,"AF",0.135675675675676,3176804.94540694,NA
"551","390","390-551",0.653959963543863,"0.0000034419100281716754|1.0487274207409541e-8",0,1,0,3.44191002817168e-06,NA,NA,"Denmark",NA,3,11,"WE",0.0130769230769231,NA,NA,"Zambia (Northern Rhodesia)",NA,5,8,"AF",0.135675675675676,5900631.96096503,17978.8387451011
"551","490","490-551",3.67049054702287,"0.000001112502487858349|0.0000018386633787847208",0.5,0.5,1,1.83866337878472e-06,NA,NA,"Democratic Republic of the Congo (Zaire) (Kinshasa) (Belgian Congo) (Congo Free State)",NA,0,9,"AF",0.644285714285714,NA,NA,"Zambia (Northern Rhodesia)",NA,5,8,"AF",0.135675675675676,3152109.09335598,1907216.54046172
"551","500","500-551",0.687230932787325,"7.693850348830323e-10|7.290108599501686e-8",0.95,0.05,0.19,7.29010859950169e-08,NA,NA,"Uganda",NA,5,8,"AF",0.20030303030303,NA,NA,"Zambia (Northern Rhodesia)",NA,5,8,"AF",0.135675675675676,1318.99378251051,124977.839191153
"551","501","501-551",4.09258408209144,"7.655559386039771e-7|0.000011698312207473332",0.95,0.05,0.19,1.16983122074733e-05,NA,NA,"Kenya (British East Africa Protectorate)",NA,5,14,"WE",0.274666666666667,NA,NA,"Zambia (Northern Rhodesia)",NA,5,8,"AF",0.135675675675676,1312429.37853107,20054979.4549486
"551","512","512-551",3.34265324385807,"3.6111967233663585e-7|0.0000032378605144336725",0.95,0.05,0.19,3.23786051443367e-06,NA,NA,"Tanzania (Tanganyika)",NA,5,8,"ME",0.255,NA,NA,"Zambia (Northern Rhodesia)",NA,5,8,"AF",0.135675675675676,619084.828738147,5550820.06218585
"551","516","516-551",4.82480582906248,"0.000001766098782871229",0.95,0.05,0.19,1.76609878287123e-06,NA,NA,"Burundi",NA,5,8,"AS",0.244,NA,NA,"Zambia (Northern Rhodesia)",NA,5,8,"AF",0.135675675675676,NA,3027708.11530104
"551","540","540-551",0.796564902781541,"3.7309102538843997e-7|1.8539398430889706e-11",0,1,0,3.7309102538844e-07,NA,NA,"Angola",NA,0,3,"AS",0,NA,NA,"Zambia (Northern Rhodesia)",NA,5,8,"AF",0.135675675675676,31.7829827110508,639607.895249271
"551","541","541-551",4.93987192036313,"0.0000010875310363293737|7.010210031690855e-9",1,0,0,1.08753103632937e-06,NA,NA,"Mozambique (Portuguese East Africa)",NA,5,5,"LA",0.110666666666667,NA,NA,"Zambia (Northern Rhodesia)",NA,5,8,"AF",0.135675675675676,1864406.77966102,12017.9403376344
"551","55","55-551",3.25360139082021,"3.7129780207521065e-8",0,1,0,3.71297802075211e-08,NA,NA,"Grenada",NA,4,5,"LA",0,NA,NA,"Zambia (Northern Rhodesia)",NA,5,8,"AF",0.135675675675676,63653.3686246542,NA
"552","140","140-552",0.455834885868957,"0.000004996381224784728|3.4938789432808944e-7",0,1,0,4.99638122478473e-06,NA,NA,"Brazil",NA,4,5,"LA",0.0085,NA,NA,"Zimbabwe (Rhodesia) (Southern Rhodesia)",NA,5,8,"AF",0.0812,8565536.72316384,598972.477250288
"552","200","200-552",1.45793470689702,"0.00007807378051711418|0.00005851938075663603",0,1,0,7.80737805171142e-05,NA,NA,"United Kingdom",NA,4,1,"AS",0.0107228915662651,NA,NA,"Zimbabwe (Rhodesia) (Southern Rhodesia)",NA,5,8,"AF",0.0812,133845638.282813,100322589.957969
"552","210","210-552",0.0844065151324677,"0.000012906400029515775|0.000012702126989370342",0,1,0,1.29064000295158e-05,NA,NA,"Netherlands",NA,0,8,"AF",0.0270588235294118,NA,NA,"Zimbabwe (Rhodesia) (Southern Rhodesia)",NA,5,8,"AF",0.0812,22126062.532673,21775867.4318191
"552","225","225-552",0.733333505325448,"0.000009117944986689654|0.000013095630187436481",0,1,0,1.30956301874365e-05,NA,NA,"Switzerland",NA,2,14,"WE",0.0813157894736842,NA,NA,"Zimbabwe (Rhodesia) (Southern Rhodesia)",NA,5,8,"AF",0.0812,22450468.896775,15631331.7798609
"552","235","235-552",0.819249297294756,"0.0000038056335241221096|0.000004607603601825598",0,1,0,4.6076036018256e-06,NA,NA,"Portugal",NA,0,3,"AS",0.0425531914893617,NA,NA,"Zimbabwe (Rhodesia) (Southern Rhodesia)",NA,5,8,"AF",0.0812,6524180.64980136,7899036.53897418
"552","255","255-552",0.265742250336507,"0.00005106298509127071|0.000044842097718803523",0,1,0,5.10629850912707e-05,NA,NA,"Germany (Zollverein)",NA,2,8,"AF",0.083728813559322,NA,NA,"Zimbabwe (Rhodesia) (Southern Rhodesia)",NA,5,8,"AF",0.0812,87539732.1213198,76874965.5948565
"552","305","305-552",0.397881472240316,"0.0000019294759394592998|0.000006293300316195797",0,1,0,6.2933003161958e-06,NA,NA,"Austria",NA,2,1,"AS",0.0331034482758621,NA,NA,"Zimbabwe (Rhodesia) (Southern Rhodesia)",NA,5,8,"AF",0.0812,10788907.5198813,3307793.43536016
"552","315","315-552",0.100017264022466,"0.0000012675772610906515",0,1,0,1.26757726109065e-06,NA,NA,"Czechoslovakia",NA,2,11,"WE",0.105,NA,NA,"Zimbabwe (Rhodesia) (Southern Rhodesia)",NA,5,8,"AF",0.0812,NA,2173068.68528376
"552","345","345-552",0.758097019712144,"0.0000035068746731527977",0,1,0,3.5068746731528e-06,NA,NA,"Yugoslavia (Kingdom of Serbs, Croats and Slovenes)",NA,2,9,"AF",0.012258064516129,NA,NA,"Zimbabwe (Rhodesia) (Southern Rhodesia)",NA,5,8,"AF",0.0812,NA,6012003.97748226
"552","350","350-552",0.29734650835221,"5.284644835567599e-8|0.0000033841667395677436",0,1,0,3.38416673956774e-06,NA,NA,"Greece",NA,2,2,"WE",0.0898305084745763,NA,NA,"Zimbabwe (Rhodesia) (Southern Rhodesia)",NA,5,8,"AF",0.0812,90597.2090027672,5801639.86312435
"552","352","352-552",0.131729111371975,"4.834925495530279e-7|5.8945517679041385e-8",0,1,0,4.83492549553028e-07,NA,NA,"Cyprus",NA,2,5,"LA",0.173877551020408,NA,NA,"Zimbabwe (Rhodesia) (Southern Rhodesia)",NA,5,8,"AF",0.0812,101053.136986657,828874.539842785
"552","355","355-552",0.310590151006507,"2.888649516735291e-7|1.441582681916794e-8",0,1,0,2.88864951673529e-07,NA,NA,"Bulgaria",NA,2,10,"AF",0.1,NA,NA,"Zimbabwe (Rhodesia) (Southern Rhodesia)",NA,5,8,"AF",0.0812,495215.084733885,24713.7455008096
"552","375","375-552",0.792937353265553,"7.20428513241078e-7|0.00000521252788184736",0,1,0,5.21252788184736e-06,NA,NA,"Finland",NA,3,10,"AF",0.0110869565217391,NA,NA,"Zimbabwe (Rhodesia) (Southern Rhodesia)",NA,5,8,"AF",0.0812,8936087.33677096,1235065.26202805
"552","380","380-552",0.161741375876698,"0.0000027275048108838548|0.0000060592488717672605",0,1,0,6.05924887176726e-06,NA,NA,"Sweden",NA,3,5,"LA",0.0137837837837838,NA,NA,"Zimbabwe (Rhodesia) (Southern Rhodesia)",NA,5,8,"AF",0.0812,10387661.8678447,4675892.72498683
"552","402","402-552",2.84970966090499,"2.8045890928232987e-7",0,1,0,2.8045890928233e-07,NA,NA,"Cape Verde",NA,0,2,"AF",0,NA,NA,"Zimbabwe (Rhodesia) (Southern Rhodesia)",NA,5,8,"AF",0.0812,NA,480804.201825047
"552","435","435-552",1.50504940111716,"4.0951209629543045e-11|2.2229100316614085e-7",0,1,0,2.22291003166141e-07,NA,NA,"Mauritania",NA,0,9,"AF",0.0982142857142857,NA,NA,"Zimbabwe (Rhodesia) (Southern Rhodesia)",NA,5,8,"AF",0.0812,381084.161753599,70.204628942209
"552","451","451-552",1.01679047248501,"6.801768412746954e-8",0,1,0,6.80176841274696e-08,NA,NA,"Sierra Leone",NA,0,7,"ME",0.0476190476190476,NA,NA,"Zimbabwe (Rhodesia) (Southern Rhodesia)",NA,5,8,"AF",0.0812,NA,116605.988415846
"552","452","452-552",1.20299517726595,"6.196718840604865e-7",0,1,0,6.19671884060486e-07,NA,NA,"Ghana (Gold Coast)",NA,0,9,"AF",0.0729166666666667,NA,NA,"Zimbabwe (Rhodesia) (Southern Rhodesia)",NA,5,8,"AF",0.0812,NA,1062333.32494778
"552","490","490-552",0.306531657950793,"1.2770423762196134e-7",0.5,0.5,1,1.27704237621961e-07,NA,NA,"Democratic Republic of the Congo (Zaire) (Kinshasa) (Belgian Congo) (Congo Free State)",NA,0,9,"AF",0.644285714285714,NA,NA,"Zimbabwe (Rhodesia) (Southern Rhodesia)",NA,5,8,"AF",0.0812,218929.518754182,NA
"552","500","500-552",2.55923825488611,"6.183193111077655e-7|8.713481822511303e-8",0.95,0.05,0.19,6.18319311107765e-07,NA,NA,"Uganda",NA,5,8,"AF",0.20030303030303,NA,NA,"Zimbabwe (Rhodesia) (Southern Rhodesia)",NA,5,8,"AF",0.0812,149379.41117685,1060014.54405896
"552","501","501-552",2.8448772748278,"0.0000043825551372742095|0.0000014411434005661627",0.95,0.05,0.19,4.38255513727421e-06,NA,NA,"Kenya (British East Africa Protectorate)",NA,5,14,"WE",0.274666666666667,NA,NA,"Zimbabwe (Rhodesia) (Southern Rhodesia)",NA,5,8,"AF",0.0812,2470621.46892655,7513225.12849887
"552","512","512-552",3.05721169107281,"8.425770946674355e-7|0.0000012227315004226505",0.95,0.05,0.19,1.22273150042265e-06,NA,NA,"Tanzania (Tanganyika)",NA,5,8,"ME",0.255,NA,NA,"Zimbabwe (Rhodesia) (Southern Rhodesia)",NA,5,8,"AF",0.0812,1444470.45206835,2096187.44011886
"552","516","516-552",4.34972222779845,"7.890940455048859e-7|5.544852717156403e-7",0.95,0.05,0.19,7.89094045504886e-07,NA,NA,"Burundi",NA,5,8,"AS",0.244,NA,NA,"Zimbabwe (Rhodesia) (Southern Rhodesia)",NA,5,8,"AF",0.0812,950580.779099463,1352781.88767376
"552","517","517-552",1.26619997483445,"5.2538399895566574e-8",0.95,0.05,0.19,5.25383998955666e-08,NA,NA,"Rwanda",NA,5,1,"AS",0.188636363636364,NA,NA,"Zimbabwe (Rhodesia) (Southern Rhodesia)",NA,5,8,"AF",0.0812,NA,90069.1067065508
"552","540","540-552",2.39328662981446,"0.000002402916059080531|2.295664212586315e-9",0,1,0,2.40291605908053e-06,NA,NA,"Angola",NA,0,3,"AS",0,NA,NA,"Zimbabwe (Rhodesia) (Southern Rhodesia)",NA,5,8,"AF",0.0812,3935.56761029745,4119434.61092107
"552","541","541-552",5.3003595767955,"0.000003130771165190617|0.00001163930868851345",1,0,0,1.16393086885134e-05,NA,NA,"Mozambique (Portuguese East Africa)",NA,5,5,"LA",0.110666666666667,NA,NA,"Zimbabwe (Rhodesia) (Southern Rhodesia)",NA,5,8,"AF",0.0812,5367231.63841808,19953826.8835756
"552","55","55-552",0.19623648207046,"3.5041084172255798e-9|1.2426417055364746e-9",0,1,0,3.50410841722558e-09,NA,NA,"Grenada",NA,4,5,"LA",0,NA,NA,"Zimbabwe (Rhodesia) (Southern Rhodesia)",NA,5,8,"AF",0.0812,6007.26165185412,2130.32046267971
"552","551","551-552",5.46530046617779,"0.000015112589264353352|0.000014597653503227596",1,0,0,1.51125892643534e-05,NA,NA,"Zambia (Northern Rhodesia)",NA,5,8,"AF",0.135675675675676,NA,NA,"Zimbabwe (Rhodesia) (Southern Rhodesia)",NA,5,8,"AF",0.0812,25025459.7334703,25908238.8837308
"553","2","2-553",0.14629992737956,"0.000023278556893331186|0.000018026650814308085",0,1,0,2.32785568933312e-05,NA,NA,"United States of America",NA,4,8,"AS",0.00662337662337662,NA,NA,"Malawi (Nyasaland) (British Central Africa Protectorate)",NA,5,8,"AF",0.101714285714286,30903954.8022599,39907550.0770416
"553","200","200-553",1.028776637751,"0.000018385640366113574|0.000013499481499700328",0,1,0,1.83856403661136e-05,NA,NA,"United Kingdom",NA,4,1,"AS",0.0107228915662651,NA,NA,"Malawi (Nyasaland) (British Central Africa Protectorate)",NA,5,8,"AF",0.101714285714286,31519387.8628856,23142810.631776
"553","210","210-553",0.651217809971283,"0.0000032504837746073614|0.000011540001774499413",0,1,0,1.15400017744994e-05,NA,NA,"Netherlands",NA,0,8,"AF",0.0270588235294118,NA,NA,"Malawi (Nyasaland) (British Central Africa Protectorate)",NA,5,8,"AF",0.101714285714286,5572460.72444105,19783580.2629551
"553","220","220-553",0.172897692006798,"0.00000851335383914031|0.0000035100256708069403",0,1,0,8.51335383914031e-06,NA,NA,"France",NA,0,9,"AF",0.0404166666666667,NA,NA,"Malawi (Nyasaland) (British Central Africa Protectorate)",NA,5,8,"AF",0.101714285714286,14594852.0870895,6017405.88436384
"553","230","230-553",0.472504963587548,"0.0000034410699084787677|0.000006118098320730598",0,1,0,6.1180983207306e-06,NA,NA,"Spain",NA,0,3,"AS",0.0329310344827586,NA,NA,"Malawi (Nyasaland) (British Central Africa Protectorate)",NA,5,8,"AF",0.101714285714286,5899191.70335503,10488550.3096099
"553","235","235-553",0.366874684216499,"4.193571911485021e-7|0.0000015891373850385408",0,1,0,1.58913738503854e-06,NA,NA,"Portugal",NA,0,3,"AS",0.0425531914893617,NA,NA,"Malawi (Nyasaland) (British Central Africa Protectorate)",NA,5,8,"AF",0.101714285714286,718924.209203051,2724334.67690141
"553","255","255-553",0.359148989755218,"0.000009107259956439536|0.000020548269427952622",0,1,0,2.05482694279526e-05,NA,NA,"Germany (Zollverein)",NA,2,8,"AF",0.083728813559322,NA,NA,"Malawi (Nyasaland) (British Central Africa Protectorate)",NA,5,8,"AF",0.101714285714286,15613013.9184172,35226886.9135734
"553","352","352-553",0.128618510357184,"3.69800215799408e-8|2.6797460076870105e-8",0,1,0,3.69800215799408e-08,NA,NA,"Cyprus",NA,2,5,"LA",0.173877551020408,NA,NA,"Malawi (Nyasaland) (British Central Africa Protectorate)",NA,5,8,"AF",0.101714285714286,63396.6302040977,45940.1751086032
"553","375","375-553",0.19849377125873,"7.694978433950225e-7|9.982325614019916e-7",0,1,0,9.98232561401992e-07,NA,NA,"Finland",NA,3,10,"AF",0.0110869565217391,NA,NA,"Malawi (Nyasaland) (British Central Africa Protectorate)",NA,5,8,"AF",0.101714285714286,1319187.17557014,1711318.10770005
"553","390","390-553",0.575025860120135,"0.0000023095388183029236|0.0000018128917181909662",0,1,0,2.30953881830292e-06,NA,NA,"Denmark",NA,3,11,"WE",0.0130769230769231,NA,NA,"Malawi (Nyasaland) (British Central Africa Protectorate)",NA,5,8,"AF",0.101714285714286,3959353.51442252,3107927.49565529
"553","433","433-553",0.745220914901631,"1.0169675740687707e-7|1.3048747475546158e-9",0,1,0,1.01696757406877e-07,NA,NA,"Senegal",NA,0,9,"AF",0.0743243243243243,NA,NA,"Malawi (Nyasaland) (British Central Africa Protectorate)",NA,5,8,"AF",0.101714285714286,2237.00956081264,174343.644130722
"553","451","451-553",2.72984506011789,"1.3357408027668056e-7",0,1,0,1.33574080276681e-07,NA,NA,"Sierra Leone",NA,0,7,"ME",0.0476190476190476,NA,NA,"Malawi (Nyasaland) (British Central Africa Protectorate)",NA,5,8,"AF",0.101714285714286,NA,228992.472431292
"553","471","471-553",0.222827557050857,"6.265777659780408e-8",0,1,0,6.26577765978041e-08,NA,NA,"Cameroun (French Cameroon)",NA,0,9,"AF",0.0561764705882353,NA,NA,"Malawi (Nyasaland) (British Central Africa Protectorate)",NA,5,8,"AF",0.101714285714286,NA,107417.241057984
"553","481","481-553",1.00161981095196,"1.1930441403595156e-7",0,1,0,1.19304414035952e-07,NA,NA,"Gabon",NA,0,9,"AF",0.101851851851852,NA,NA,"Malawi (Nyasaland) (British Central Africa Protectorate)",NA,5,8,"AF",0.101714285714286,NA,204529.297042284
"553","490","490-553",3.06748334306217,"7.13261244849386e-7",0.5,0.5,1,7.13261244849386e-07,NA,NA,"Democratic Republic of the Congo (Zaire) (Kinshasa) (Belgian Congo) (Congo Free State)",NA,0,9,"AF",0.644285714285714,NA,NA,"Malawi (Nyasaland) (British Central Africa Protectorate)",NA,5,8,"AF",0.101714285714286,NA,1222778.06898736
"553","501","501-553",2.64436678720672,"4.7336061636374964e-8|5.078440384798676e-7",0.95,0.05,0.19,5.07844038479868e-07,NA,NA,"Kenya (British East Africa Protectorate)",NA,5,14,"WE",0.274666666666667,NA,NA,"Malawi (Nyasaland) (British Central Africa Protectorate)",NA,5,8,"AF",0.101714285714286,870621.468926554,81150.4879301491
"553","512","512-553",3.08733825385441,"6.281056266145696e-7|3.140855680096234e-7",0.95,0.05,0.19,6.2810562661457e-07,NA,NA,"Tanzania (Tanganyika)",NA,5,8,"ME",0.255,NA,NA,"Malawi (Nyasaland) (British Central Africa Protectorate)",NA,5,8,"AF",0.101714285714286,538452.000751427,1076791.69557858
"553","516","516-553",4.90308020355828,"8.822987816284006e-7",0.95,0.05,0.19,8.82298781628401e-07,NA,NA,"Burundi",NA,5,8,"AS",0.244,NA,NA,"Malawi (Nyasaland) (British Central Africa Protectorate)",NA,5,8,"AF",0.101714285714286,NA,1512567.25114413
"553","520","520-553",0.124016246015796,"6.735638657456296e-9",0.55,0.45,0.99,6.7356386574563e-09,NA,NA,"Somalia",NA,2,1,"AF",0.662105263157895,NA,NA,"Malawi (Nyasaland) (British Central Africa Protectorate)",NA,5,8,"AF",0.101714285714286,NA,11547.2294204071
"553","541","541-553",6.48190782596627,"6.096765667555352e-7|0.0000036910144263299904",1,0,0,3.69101442632999e-06,NA,NA,"Mozambique (Portuguese East Africa)",NA,5,5,"LA",0.110666666666667,NA,NA,"Malawi (Nyasaland) (British Central Africa Protectorate)",NA,5,8,"AF",0.101714285714286,6327683.61581921,1045197.87158995
"553","551","551-553",4.72833670474092,"0.0000014247759436640867|0.000004025405353564808",1,0,0,4.02540535356481e-06,NA,NA,"Zambia (Northern Rhodesia)",NA,5,8,"AF",0.135675675675676,NA,NA,"Malawi (Nyasaland) (British Central Africa Protectorate)",NA,5,8,"AF",0.101714285714286,6900946.07083655,2442561.95007637
"553","552","552-553",5.7119435176311,"8.70983749206562e-7|0.000014043035490541935",1,0,0,1.40430354905419e-05,NA,NA,"Zimbabwe (Rhodesia) (Southern Rhodesia)",NA,5,8,"AF",0.0812,NA,NA,"Malawi (Nyasaland) (British Central Africa Protectorate)",NA,5,8,"AF",0.101714285714286,24074651.3901394,1493169.34666633
"56","2","2-56",1.18998078768401,"0.000006920652049368721|0.000029132649579247445",1,0,0,2.91326495792474e-05,NA,NA,"United States of America",NA,4,8,"AS",0.00662337662337662,NA,NA,"St. Lucia",NA,4,5,"LA",0,49943502.8248588,11864406.779661
"56","42","42-56",0.459616091276041,"2.175062072658742e-8",1,0,0,2.17506207265874e-08,NA,NA,"Dominican Republic (Santo Domingo)",NA,4,5,"LA",0.017,NA,NA,"St. Lucia",NA,4,5,"LA",0,37288.1355932203,NA
"56","51","51-56",3.69480232427622,"0.000001001640141964095|5.01089062646227e-7",1,0,0,1.00164014196409e-06,NA,NA,"Jamaica",NA,4,5,"LA",0,NA,NA,"St. Lucia",NA,4,5,"LA",0,1717159.88700565,859041.08885465
"56","53","53-56",7.00416786052556,"0.0000012291364153215956|0.0000034006765951159976",1,0,0,3.400676595116e-06,NA,NA,"Barbados",NA,4,5,"LA",0.0182142857142857,NA,NA,"St. Lucia",NA,4,5,"LA",0,5829943.50282486,2107167.69388803
"56","54","54-56",6.59802116338212,"0.00000137103698447972|4.784648330427761e-7",1,0,0,1.37103698447972e-06,NA,NA,"Dominica",NA,4,5,"LA",0,NA,NA,"St. Lucia",NA,4,5,"LA",0,820255.283532119,2350434.66681885
"56","55","55-56",6.55655120217573,"4.172359812959454e-7|4.0295571456281053e-7",1,0,0,4.17235981295945e-07,NA,NA,"Grenada",NA,4,5,"LA",0,NA,NA,"St. Lucia",NA,4,5,"LA",0,715287.717095627,690806.368772469
"560","140","140-560",0.258930593960742,"0.000052990444077437914",0,1,0,5.29904440774379e-05,NA,NA,"Brazil",NA,4,5,"LA",0.0085,NA,NA,"South Africa",NA,5,8,"AF",0,90844067.7966102,NA
"560","155","155-560",0.833293217693259,"0.000026034833900006168",0,1,0,2.60348339000062e-05,NA,NA,"Chile",NA,4,12,"WE",0,NA,NA,"South Africa",NA,5,8,"AF",0,44632768.3615819,NA
"560","160","160-560",0.423043748010904,"0.00002432543284381207",0,1,0,2.43254328438121e-05,NA,NA,"Argentina (La Plata)",NA,4,5,"LA",0.0110869565217391,NA,NA,"South Africa",NA,5,8,"AF",0,41702259.8870056,NA
"560","2","2-560",0.225213940818882,"0.0006964482845681417",0,1,0,0.000696448284568142,NA,NA,"United States of America",NA,4,8,"AS",0.00662337662337662,NA,NA,"South Africa",NA,5,8,"AF",0,1193954802.25989,NA
"560","200","200-560",0.931526842259644,"0.0005955875590270237",0,1,0,0.000595587559027024,NA,NA,"United Kingdom",NA,4,1,"AS",0.0107228915662651,NA,NA,"South Africa",NA,5,8,"AF",0,1021044407.78041,NA
"560","220","220-560",0.181440448508792,"0.00030655800590214207",0,1,0,0.000306558005902142,NA,NA,"France",NA,0,9,"AF",0.0404166666666667,NA,NA,"South Africa",NA,5,8,"AF",0,525547138.859047,NA
"560","225","225-560",0.334980029479987,"0.00011354816619463667",0,1,0,0.000113548166194637,NA,NA,"Switzerland",NA,2,14,"WE",0.0813157894736842,NA,NA,"South Africa",NA,5,8,"AF",0,194661084.419149,NA
"560","255","255-560",0.615716225476309,"0.0009357382978704272",0,1,0,0.000935738297870427,NA,NA,"Germany (Zollverein)",NA,2,8,"AF",0.083728813559322,NA,NA,"South Africa",NA,5,8,"AF",0,1604181184.95858,NA
"560","437","437-560",0.173045408404422,"0.000004275580455792831",0,1,0,4.27558045579283e-06,NA,NA,"Ivory Coast",NA,0,9,"AF",0.0872093023255814,NA,NA,"South Africa",NA,5,8,"AF",0,7329833.28519192,NA
"560","541","541-560",2.07532479624557,"0.0000016072852340321147",1,0,0,1.60728523403211e-06,NA,NA,"Mozambique (Portuguese East Africa)",NA,5,5,"LA",0.110666666666667,NA,NA,"South Africa",NA,5,8,"AF",0,2755446.40757356,NA
"560","551","551-560",0.204127938751913,"0.0000015583773375467325",1,0,0,1.55837733754673e-06,NA,NA,"Zambia (Northern Rhodesia)",NA,5,8,"AF",0.135675675675676,NA,NA,"South Africa",NA,5,8,"AF",0,2671601.2475365,NA
"560","552","552-560",3.26671089170751,"0.000043472224427060906",1,0,0,4.34722244270609e-05,NA,NA,"Zimbabwe (Rhodesia) (Southern Rhodesia)",NA,5,8,"AF",0.0812,NA,NA,"South Africa",NA,5,8,"AF",0,74526525.9024853,NA
"560","553","553-560",2.8777512437362,"0.000010433236001900188",1,0,0,1.04332360019002e-05,NA,NA,"Malawi (Nyasaland) (British Central Africa Protectorate)",NA,5,8,"AF",0.101714285714286,NA,NA,"South Africa",NA,5,8,"AF",0,17886198.4494711,NA
"565","110","110-565",2.18085994953366,"3.948045396926193e-8",0,1,0,3.94804539692619e-08,NA,NA,"Guyana (British Guiana)",NA,4,5,"LA",0,NA,NA,"Namibia (South West Africa) (German South West Africa)",NA,5,3,"AS",0,67683.2417517266,NA
"565","2","2-565",0.5227497607586,"0.000010677577447597462",0,1,0,1.06775774475975e-05,NA,NA,"United States of America",NA,4,8,"AS",0.00662337662337662,NA,NA,"Namibia (South West Africa) (German South West Africa)",NA,5,3,"AS",0,18305084.7457627,NA
"565","210","210-565",0.248806264083354,"0.000002236789713126592",0,1,0,2.23678971312659e-06,NA,NA,"Netherlands",NA,0,8,"AF",0.0270588235294118,NA,NA,"Namibia (South West Africa) (German South West Africa)",NA,5,3,"AS",0,3834636.22326105,NA
"565","220","220-565",0.412157087430035,"0.000004396198745349598",0,1,0,4.3961987453496e-06,NA,NA,"France",NA,0,9,"AF",0.0404166666666667,NA,NA,"Namibia (South West Africa) (German South West Africa)",NA,5,3,"AS",0,7536615.02225367,NA
"565","230","230-565",1.8552568958668,"0.000005575484699636571",0,1,0,5.57548469963657e-06,NA,NA,"Spain",NA,0,3,"AS",0.0329310344827586,NA,NA,"Namibia (South West Africa) (German South West Africa)",NA,5,3,"AS",0,9558321.67234853,NA
"565","305","305-565",0.295839050369975,"8.355724788080561e-7",0,1,0,8.35572478808056e-07,NA,NA,"Austria",NA,2,1,"AS",0.0331034482758621,NA,NA,"Namibia (South West Africa) (German South West Africa)",NA,5,3,"AS",0,1432462.10208946,NA
"565","325","325-565",1.26580576013956,"0.000008912543995594677",0,1,0,8.91254399559468e-06,NA,NA,"Italy",NA,2,9,"AF",0.112337662337662,NA,NA,"Namibia (South West Africa) (German South West Africa)",NA,5,3,"AS",0,15279202.9784254,NA
"565","350","350-565",1.14745003921347,"4.074943856775782e-7",0,1,0,4.07494385677578e-07,NA,NA,"Greece",NA,2,2,"WE",0.0898305084745763,NA,NA,"Namibia (South West Africa) (German South West Africa)",NA,5,3,"AS",0,698587.23103235,NA
"565","385","385-565",0.0290748388175895,"5.178571297274703e-7",0,1,0,5.1785712972747e-07,NA,NA,"Norway",NA,3,11,"WE",0.0225806451612903,NA,NA,"Namibia (South West Africa) (German South West Africa)",NA,5,3,"AS",0,887787.393009424,NA
"565","52","52-565",3.56555794340948,"9.63904230150803e-7",0,1,0,9.63904230150803e-07,NA,NA,"Trinidad and Tobago",NA,4,5,"LA",0.021875,NA,NA,"Namibia (South West Africa) (German South West Africa)",NA,5,3,"AS",0,1652467.39780658,NA
"565","551","551-565",5.06720756317207,"0.0000022963969546794444",1,0,0,2.29639695467944e-06,NA,NA,"Zambia (Northern Rhodesia)",NA,5,8,"AF",0.135675675675676,NA,NA,"Namibia (South West Africa) (German South West Africa)",NA,5,3,"AS",0,3936823.78532192,NA
"565","552","552-565",3.95033436884439,"9.805538729047076e-7",1,0,0,9.80553872904708e-07,NA,NA,"Zimbabwe (Rhodesia) (Southern Rhodesia)",NA,5,8,"AF",0.0812,NA,NA,"Namibia (South West Africa) (German South West Africa)",NA,5,3,"AS",0,1681010.68143928,NA
"57","2","2-57",0.904024565212448,"0.000014302680902028692|0.0000011680888908722866",1,0,0,1.43026809020287e-05,NA,NA,"United States of America",NA,4,8,"AS",0.00662337662337662,NA,NA,"St. Vincent and the Grenadines",NA,4,5,"LA",0,24519774.0112994,2002510.98556183
"57","41","41-57",2.36868449966197,"8.809368678857776e-11|4.467299206470833e-8",1,0,0,4.46729920647083e-08,NA,NA,"Haiti",NA,4,5,"LA",0.031875,NA,NA,"St. Vincent and the Grenadines",NA,4,5,"LA",0,151.023245688977,76585.0596359073
"57","51","51-57",3.49074769212207,"5.337262884799282e-7|3.575059938730319e-7",1,0,0,5.33726288479928e-07,NA,NA,"Jamaica",NA,4,5,"LA",0,NA,NA,"St. Vincent and the Grenadines",NA,4,5,"LA",0,914992.655367232,612889.725884073
"57","52","52-57",5.69682918434704,"0.0000027532477650372226",1,0,0,2.75324776503722e-06,NA,NA,"Trinidad and Tobago",NA,4,5,"LA",0.021875,NA,NA,"St. Vincent and the Grenadines",NA,4,5,"LA",0,NA,4720025.10985562
"57","53","53-57",7.03710905291404,"6.224925123770797e-7|0.000002296667815811937",1,0,0,2.29666781581194e-06,NA,NA,"Barbados",NA,4,5,"LA",0.0182142857142857,NA,NA,"St. Vincent and the Grenadines",NA,4,5,"LA",0,3937288.13559322,1067168.86377903
"57","54","54-57",6.68837755239258,"2.6559680528088804e-7|8.55988233196171e-7",1,0,0,8.55988233196171e-07,NA,NA,"Dominica",NA,4,5,"LA",0,NA,NA,"St. Vincent and the Grenadines",NA,4,5,"LA",0,455325.381879054,1467461.81209458
"57","55","55-57",6.0006595701852,"1.4669074890597216e-7|3.0892716643654796e-7",1,0,0,3.08927166436548e-07,NA,NA,"Grenada",NA,4,5,"LA",0,NA,NA,"St. Vincent and the Grenadines",NA,4,5,"LA",0,251479.008541156,529608.704749948
"57","56","56-57",7.24278375655126,"3.08472225384722e-7|0.000002014556650349752",1,0,0,2.01455665034975e-06,NA,NA,"St. Lucia",NA,4,5,"LA",0,NA,NA,"St. Vincent and the Grenadines",NA,4,5,"LA",0,528828.777416349,3453651.3915045
"570","200","200-570",0.169800058952455,"0.0000018488030552760844",0.05,0.95,0.19,1.84880305527608e-06,NA,NA,"United Kingdom",NA,4,1,"AS",0.0107228915662651,NA,NA,"Lesotho (Basutoland)",NA,5,8,"AS",0.105833333333333,3169492.02861259,NA
"570","220","220-570",0.954775470117454,"0.000004416991529966167",0,1,0,4.41699152996617e-06,NA,NA,"France",NA,0,9,"AF",0.0404166666666667,NA,NA,"Lesotho (Basutoland)",NA,5,8,"AS",0.105833333333333,7572261.09331938,NA
"570","230","230-570",1.09083536380429,"0.0000015159736555325853",0,1,0,1.51597365553259e-06,NA,NA,"Spain",NA,0,3,"AS",0.0329310344827586,NA,NA,"Lesotho (Basutoland)",NA,5,8,"AS",0.105833333333333,2598906.57530296,NA
"570","255","255-570",0.0736463178418183,"0.000003618221970684446",0,1,0,3.61822197068445e-06,NA,NA,"Germany (Zollverein)",NA,2,8,"AF",0.083728813559322,NA,NA,"Lesotho (Basutoland)",NA,5,8,"AS",0.105833333333333,6202892.00686266,NA
"570","325","325-570",1.39296656818398,"0.000005910442587249924",0,1,0,5.91044258724992e-06,NA,NA,"Italy",NA,2,9,"AF",0.112337662337662,NA,NA,"Lesotho (Basutoland)",NA,5,8,"AS",0.105833333333333,10132556.0948208,NA
"570","380","380-570",0.26105832860577,"5.746015662673099e-7",0,1,0,5.7460156626731e-07,NA,NA,"Sweden",NA,3,5,"LA",0.0137837837837838,NA,NA,"Lesotho (Basutoland)",NA,5,8,"AS",0.105833333333333,985067.110699136,NA
"570","552","552-570",3.48046381393758,"3.5793350175089404e-7",0.95,0.05,0.19,3.57933501750894e-07,NA,NA,"Zimbabwe (Rhodesia) (Southern Rhodesia)",NA,5,8,"AF",0.0812,NA,NA,"Lesotho (Basutoland)",NA,5,8,"AS",0.105833333333333,613622.623207661,NA
"570","94","570-94",2.91502519770684,"2.5105489196233824e-7",0.05,0.95,0.19,2.51054891962338e-07,NA,NA,"Costa Rica",NA,4,5,"LA",0.00575757575757576,NA,NA,"Lesotho (Basutoland)",NA,5,8,"AS",0.105833333333333,430395.480225989,NA
"571","140","140-571",1.73216942840446,"0.000005640001865376024",0,1,0,5.64000186537602e-06,NA,NA,"Brazil",NA,4,5,"LA",0.0085,NA,NA,"Botswana (Bechuanaland)",NA,5,8,"AF",0.055,9668926.55367232,NA
"571","200","200-571",1.30938744156702,"0.0000211987660903927",0,1,0,2.11987660903927e-05,NA,NA,"United Kingdom",NA,4,1,"AS",0.0107228915662651,NA,NA,"Botswana (Bechuanaland)",NA,5,8,"AF",0.055,36342064.6391614,NA
"571","375","375-571",0.264898798573798,"9.683732664605012e-7",0,1,0,9.68373266460501e-07,NA,NA,"Finland",NA,3,10,"AF",0.0110869565217391,NA,NA,"Botswana (Bechuanaland)",NA,5,8,"AF",0.055,1660128.88176981,NA
"571","380","380-571",1.08990845768407,"0.00000482875603118804",0,1,0,4.82875603118804e-06,NA,NA,"Sweden",NA,3,5,"LA",0.0137837837837838,NA,NA,"Botswana (Bechuanaland)",NA,5,8,"AF",0.055,8278168.78887621,NA
"571","512","512-571",2.89969835582746,"2.267363272022136e-7",0.95,0.05,0.19,2.26736327202214e-07,NA,NA,"Tanzania (Tanganyika)",NA,5,8,"ME",0.255,NA,NA,"Botswana (Bechuanaland)",NA,5,8,"AF",0.055,388704.994625291,NA
"571","551","551-571",4.36938724641318,"0.000002448408898173909",1,0,0,2.44840889817391e-06,NA,NA,"Zambia (Northern Rhodesia)",NA,5,8,"AF",0.135675675675676,NA,NA,"Botswana (Bechuanaland)",NA,5,8,"AF",0.055,4197425.1737633,NA
"571","552","552-571",6.51360027685895,"0.000027263411504112862",1,0,0,2.72634115041129e-05,NA,NA,"Zimbabwe (Rhodesia) (Southern Rhodesia)",NA,5,8,"AF",0.0812,NA,NA,"Botswana (Bechuanaland)",NA,5,8,"AF",0.055,46738978.0585183,NA
"571","553","553-571",3.9464504219902,"7.409883492148094e-7",1,0,0,7.40988349214809e-07,NA,NA,"Malawi (Nyasaland) (British Central Africa Protectorate)",NA,5,8,"AF",0.101714285714286,NA,NA,"Botswana (Bechuanaland)",NA,5,8,"AF",0.055,1270311.97802755,NA
"572","200","200-572",0.676474981667754,"0.0000024974677933006922",0,1,0,2.49746779330069e-06,NA,NA,"United Kingdom",NA,4,1,"AS",0.0107228915662651,NA,NA,"Eswatini (Swaziland)",NA,5,8,"AF",0.108333333333333,4281529.19803627,NA
"572","210","210-572",0.237401525571548,"0.0000010510620220152765",0,1,0,1.05106202201528e-06,NA,NA,"Netherlands",NA,0,8,"AF",0.0270588235294118,NA,NA,"Eswatini (Swaziland)",NA,5,8,"AF",0.108333333333333,1801886.19379871,NA
"572","375","375-572",0.175258859765849,"1.9641396515508218e-7",0,1,0,1.96413965155082e-07,NA,NA,"Finland",NA,3,10,"AF",0.0110869565217391,NA,NA,"Eswatini (Swaziland)",NA,5,8,"AF",0.108333333333333,336721.91047643,NA
"572","390","390-572",0.437980718320493,"3.890730218912078e-7",0,1,0,3.89073021891208e-07,NA,NA,"Denmark",NA,3,11,"WE",0.0130769230769231,NA,NA,"Eswatini (Swaziland)",NA,5,8,"AF",0.108333333333333,667006.600791367,NA
"572","551","551-572",1.97164547572925,"4.938756696508311e-8",1,0,0,4.93875669650831e-08,NA,NA,"Zambia (Northern Rhodesia)",NA,5,8,"AF",0.135675675675676,NA,NA,"Eswatini (Swaziland)",NA,5,8,"AF",0.108333333333333,84667.482218665,NA
"572","552","552-572",3.28827534622265,"2.4038041543133656e-7",1,0,0,2.40380415431337e-07,NA,NA,"Zimbabwe (Rhodesia) (Southern Rhodesia)",NA,5,8,"AF",0.0812,NA,NA,"Eswatini (Swaziland)",NA,5,8,"AF",0.108333333333333,412095.71153074,NA
"58","2","2-58",1.1336885013316,"0.000024617748004183073",1,0,0,2.46177480041831e-05,NA,NA,"United States of America",NA,4,8,"AS",0.00662337662337662,NA,NA,"Antigua and Barbuda (Antigua)",NA,4,1,"AS",0,42203389.8305085,NA
"58","20","20-58",0.00785290074535753,"0.0000024369216223830264",1,0,0,2.43692162238303e-06,NA,NA,"Canada (Province of Canada)",NA,4,4,"AF",0.0392307692307692,NA,NA,"Antigua and Barbuda (Antigua)",NA,4,1,"AS",0,4177731.98419085,NA
"58","42","42-58",0.371044986966305,"1.779596241266246e-8",1,0,0,1.77959624126625e-08,NA,NA,"Dominican Republic (Santo Domingo)",NA,4,5,"LA",0.017,NA,NA,"Antigua and Barbuda (Antigua)",NA,4,1,"AS",0,30508.4745762712,NA
"58","51","51-58",3.65380594071168,"8.594546865000943e-7",1,0,0,8.59454686500094e-07,NA,NA,"Jamaica",NA,4,5,"LA",0,NA,NA,"Antigua and Barbuda (Antigua)",NA,4,1,"AS",0,1473404.51977401,NA
"58","53","53-58",6.06015420770986,"0.000001182772390723066",1,0,0,1.18277239072307e-06,NA,NA,"Barbados",NA,4,5,"LA",0.0182142857142857,NA,NA,"Antigua and Barbuda (Antigua)",NA,4,1,"AS",0,2027683.61581921,NA
"58","54","54-58",6.0539125371248,"4.14750893540652e-7",1,0,0,4.14750893540652e-07,NA,NA,"Dominica",NA,4,5,"LA",0,NA,NA,"Antigua and Barbuda (Antigua)",NA,4,1,"AS",0,711027.411592384,NA
"58","55","55-58",4.37132920821741,"4.194378959867849e-8",1,0,0,4.19437895986785e-08,NA,NA,"Grenada",NA,4,5,"LA",0,NA,NA,"Antigua and Barbuda (Antigua)",NA,4,1,"AS",0,71906.2565390249,NA
"58","57","57-58",6.32464574493806,"7.190398804732115e-7",1,0,0,7.19039880473212e-07,NA,NA,"St. Vincent and the Grenadines",NA,4,5,"LA",0,NA,NA,"Antigua and Barbuda (Antigua)",NA,4,1,"AS",0,1232684.66206319,NA
"580","115","115-580",3.98878565554387,"1.5806732104924527e-8|6.714801609721503e-7",0,1,0,6.7148016097215e-07,NA,NA,"Surinam (Dutch Guiana)",NA,4,3,"AS",0,NA,NA,"Madagascar (Malagasy Republic)",NA,5,8,"ME",0.183076923076923,1151150.74669482,27098.2413524255
"580","220","220-580",1.95030854660256,"0.00004607490410370911|0.000025772393953508792",0,1,0,4.60749041037091e-05,NA,NA,"France",NA,0,9,"AF",0.0404166666666667,NA,NA,"Madagascar (Malagasy Republic)",NA,5,8,"ME",0.183076923076923,78988424.8941746,44182854.9346005
"580","235","235-580",1.23133924360007,"8.246082344564794e-8|0.000002440321809013981",0,1,0,2.44032180901398e-06,NA,NA,"Portugal",NA,0,3,"AS",0.0425531914893617,NA,NA,"Madagascar (Malagasy Republic)",NA,5,8,"ME",0.183076923076923,141366.557047788,4183561.08772454
"580","255","255-580",0.0766037390378006,"0.000006870397701709504|0.00001002122646850909",0,1,0,1.00212264685091e-05,NA,NA,"Germany (Zollverein)",NA,2,8,"AF",0.083728813559322,NA,NA,"Madagascar (Malagasy Republic)",NA,5,8,"ME",0.183076923076923,11778253.3335952,17179870.6834774
"580","365","365-580",1.51168110128112,"0.000005406966444752851",0,1,0,5.40696644475285e-06,NA,NA,"Russia (USSR)",NA,2,9,"AF",0.072,NA,NA,"Madagascar (Malagasy Republic)",NA,5,8,"ME",0.183076923076923,NA,9269422.72012893
"580","433","433-580",1.70432533500326,"1.62764725673039e-8|1.7166997008584152e-7",0,1,0,1.71669970085842e-07,NA,NA,"Senegal",NA,0,9,"AF",0.0743243243243243,NA,NA,"Madagascar (Malagasy Republic)",NA,5,8,"ME",0.183076923076923,27903.5400275761,294302.089228203
"580","437","437-580",0.635779953808859,"1.7406051582326007e-7|1.1804907311130801e-8",0,1,0,1.7406051582326e-07,NA,NA,"Ivory Coast",NA,0,9,"AF",0.0872093023255814,NA,NA,"Madagascar (Malagasy Republic)",NA,5,8,"ME",0.183076923076923,298400.316801529,20237.7205697295
"580","484","484-580",0.955462088310784,"4.7304919628022735e-8",0,1,0,4.73049196280227e-08,NA,NA,"Congo (Brazzaville) (French Congo) (Middle Congo)",NA,0,9,"AF",0.0681481481481481,NA,NA,"Madagascar (Malagasy Republic)",NA,5,8,"ME",0.183076923076923,NA,81097.099686904
"580","501","501-580",0.717999201283994,"1.1967946612641352e-7|2.9330382494943663e-8",0.95,0.05,0.19,1.19679466126414e-07,NA,NA,"Kenya (British East Africa Protectorate)",NA,5,14,"WE",0.274666666666667,NA,NA,"Madagascar (Malagasy Republic)",NA,5,8,"ME",0.183076923076923,50282.4858757062,205172.266885741
"580","512","512-580",1.41902289425472,"5.419408099868683e-8|2.8950069981539142e-8",0.95,0.05,0.19,5.41940809986868e-08,NA,NA,"Tanzania (Tanganyika)",NA,5,8,"ME",0.255,NA,NA,"Madagascar (Malagasy Republic)",NA,5,8,"ME",0.183076923076923,92907.5204809593,49630.4978361055
"580","522","522-580",0.264848422380705,"8.161759186548814e-10|1.3663519436610185e-8",0.55,0.45,0.99,1.36635194366102e-08,NA,NA,"Djibouti (Afar and Issas) (French Somaliland)",NA,2,1,"AF",0.595185185185185,NA,NA,"Madagascar (Malagasy Republic)",NA,5,8,"ME",0.183076923076923,1399.20964579751,23424.0287593327
"580","541","541-580",1.38348698028052,"9.096372025112023e-8",1,0,0,9.09637202511203e-08,NA,NA,"Mozambique (Portuguese East Africa)",NA,5,5,"LA",0.110666666666667,NA,NA,"Madagascar (Malagasy Republic)",NA,5,8,"ME",0.183076923076923,NA,155943.482138944
"580","58","58-580",1.07642756446221,"1.5877478233553517e-8",0,1,0,1.58774782335535e-08,NA,NA,"Antigua and Barbuda (Antigua)",NA,4,1,"AS",0,NA,NA,"Madagascar (Malagasy Republic)",NA,5,8,"ME",0.183076923076923,NA,27219.5248445232
"581","2","2-581",0.71596844636587,"0.0000029060746700812404",0,1,0,2.90607467008124e-06,NA,NA,"United States of America",NA,4,8,"AS",0.00662337662337662,NA,NA,"Comoros",NA,5,8,"AF",0.0915384615384616,NA,4982023.62609142
"581","220","220-581",2.18796720162224,"0.000018712553251963925|0.000004304052055010872",0,1,0,1.87125532519639e-05,NA,NA,"France",NA,0,9,"AF",0.0404166666666667,NA,NA,"Comoros",NA,5,8,"AF",0.0915384615384616,32079830.3517686,7378643.51757763
"581","255","255-581",0.170670752753375,"2.596226521030419e-7|0.0000011073178089092572",0,1,0,1.10731780890926e-06,NA,NA,"Germany (Zollverein)",NA,2,8,"AF",0.083728813559322,NA,NA,"Comoros",NA,5,8,"AF",0.0915384615384616,445083.603653484,1898328.19589026
"581","325","325-581",1.37399980768757,"0.000007158482412864345|8.542218173585751e-8",0,1,0,7.15848241286434e-06,NA,NA,"Italy",NA,2,9,"AF",0.112337662337662,NA,NA,"Comoros",NA,5,8,"AF",0.0915384615384616,12272130.8144684,146443.356043711
"581","501","501-581",3.41207491875298,"3.2065687828741804e-7",0.95,0.05,0.19,3.20656878287418e-07,NA,NA,"Kenya (British East Africa Protectorate)",NA,5,14,"WE",0.274666666666667,NA,NA,"Comoros",NA,5,8,"AF",0.0915384615384616,549717.514124294,NA
"581","580","580-581",5.23230886868041,"5.834998837945984e-7|9.402346582904635e-8",1,0,0,5.83499883794598e-07,NA,NA,"Madagascar (Malagasy Republic)",NA,5,8,"ME",0.183076923076923,NA,NA,"Comoros",NA,5,8,"AF",0.0915384615384616,1000321.92455847,161188.95119588
"590","160","160-590",0.24866256248814,"0.0000017215945859953447",0,1,0,1.72159458599534e-06,NA,NA,"Argentina (La Plata)",NA,4,5,"LA",0.0110869565217391,NA,NA,"Mauritius",NA,5,8,"AF",0.150526315789474,2951412.42937853,NA
"590","200","200-590",1.87270226433113,"0.000030359514944239456|0.00014211931264128595",0,1,0,0.000142119312641286,NA,NA,"United Kingdom",NA,4,1,"AS",0.0107228915662651,NA,NA,"Mauritius",NA,5,8,"AF",0.150526315789474,52046777.1479004,243641975.408349
"590","205","205-590",0.0683280722492082,"0.000002791144914201603|7.579696674201929e-7",0,1,0,2.7911449142016e-06,NA,NA,"Ireland",NA,0,8,"AS",0.037037037037037,NA,NA,"Mauritius",NA,5,8,"AF",0.150526315789474,4784994.01600323,1299423.86884453
"590","220","220-590",1.16610855350791,"0.00006301413939530845|0.000078470915290974",0,1,0,7.8470915290974e-05,NA,NA,"France",NA,0,9,"AF",0.0404166666666667,NA,NA,"Mauritius",NA,5,8,"AF",0.150526315789474,108028170.947331,134526465.532877
"590","235","235-590",0.217854033192986,"5.244007094765531e-7|0.0000036214106332298154",0,1,0,3.62141063322982e-06,NA,NA,"Portugal",NA,0,3,"AS",0.0425531914893617,NA,NA,"Mauritius",NA,5,8,"AF",0.150526315789474,899005.366602729,6208358.48447943
"590","255","255-590",0.131079608083269,"0.000022213327994329537|0.00004326743518190261",0,1,0,4.32674351819026e-05,NA,NA,"Germany (Zollverein)",NA,2,8,"AF",0.083728813559322,NA,NA,"Mauritius",NA,5,8,"AF",0.150526315789474,38081376.9244181,74175445.8465418
"590","325","325-590",0.0527427886186902,"0.000012440666633603306|0.000019328226519214907",0,1,0,1.93282265192149e-05,NA,NA,"Italy",NA,2,9,"AF",0.112337662337662,NA,NA,"Mauritius",NA,5,8,"AF",0.150526315789474,21327633.3643575,33135308.6555355
"590","350","350-590",0.612192209640892,"0.0000017656292441291641|1.2632827790336508e-7",0,1,0,1.76562924412916e-06,NA,NA,"Greece",NA,2,2,"WE",0.0898305084745763,NA,NA,"Mauritius",NA,5,8,"AF",0.150526315789474,3026903.16244473,216570.644807421
"590","437","437-590",2.53150644815648,"2.3160184282283684e-7|0.0000038094720946285454",0,1,0,3.80947209462855e-06,NA,NA,"Ivory Coast",NA,0,9,"AF",0.0872093023255814,NA,NA,"Mauritius",NA,5,8,"AF",0.150526315789474,6530761.29590463,397046.18214694
"590","501","501-590",2.47234274652452,"0.0000012862526166041017|4.632036856456743e-7",0.95,0.05,0.19,1.2862526166041e-06,NA,NA,"Kenya (British East Africa Protectorate)",NA,5,14,"WE",0.274666666666667,NA,NA,"Mauritius",NA,5,8,"AF",0.150526315789474,2205084.74576271,794092.364293881
"590","512","512-590",3.29902293710117,"0.0000011675795381977694|4.210942596778853e-8",0.95,0.05,0.19,1.16757953819777e-06,NA,NA,"Tanzania (Tanganyika)",NA,5,8,"ME",0.255,NA,NA,"Mauritius",NA,5,8,"AF",0.150526315789474,2001637.77776556,72190.2149358073
"590","517","517-590",3.71309009436739,"5.684772505651431e-7",0.95,0.05,0.19,5.68477250565143e-07,NA,NA,"Rwanda",NA,5,1,"AS",0.188636363636364,NA,NA,"Mauritius",NA,5,8,"AF",0.150526315789474,NA,974567.901633395
"590","541","541-590",3.22702033959001,"4.284213173418737e-7",1,0,0,4.28421317341874e-07,NA,NA,"Mozambique (Portuguese East Africa)",NA,5,5,"LA",0.110666666666667,NA,NA,"Mauritius",NA,5,8,"AF",0.150526315789474,734463.276836158,NA
"590","552","552-590",2.28308466399503,"0.0000011790639270980764|2.2881688586421002e-7",1,0,0,1.17906392709808e-06,NA,NA,"Zimbabwe (Rhodesia) (Southern Rhodesia)",NA,5,8,"AF",0.0812,NA,NA,"Mauritius",NA,5,8,"AF",0.150526315789474,392271.796440898,2021326.0182026
"590","553","553-590",0.149316313822387,"5.7421944501529364e-8|2.105471298389424e-8",1,0,0,5.74219445015294e-08,NA,NA,"Malawi (Nyasaland) (British Central Africa Protectorate)",NA,5,8,"AF",0.101714285714286,NA,NA,"Mauritius",NA,5,8,"AF",0.150526315789474,98441.202185191,36095.1074679036
"590","560","560-590",0.0169190933715527,"0.000001579103473792068",1,0,0,1.57910347379207e-06,NA,NA,"South Africa",NA,5,8,"AF",0,NA,NA,"Mauritius",NA,5,8,"AF",0.150526315789474,NA,2707133.06009277
"590","572","572-590",1.61179737637825,"4.210942596778853e-8",1,0,0,4.21094259677885e-08,NA,NA,"Eswatini (Swaziland)",NA,5,8,"AF",0.108333333333333,NA,NA,"Mauritius",NA,5,8,"AF",0.150526315789474,NA,72190.2149358073
"590","580","580-590",4.89707509026039,"0.000004284072399396281|0.000002210744863308896",1,0,0,4.28407239939628e-06,NA,NA,"Madagascar (Malagasy Republic)",NA,5,8,"ME",0.183076923076923,NA,NA,"Mauritius",NA,5,8,"AF",0.150526315789474,7344391.43268186,3789986.28412988
"590","581","581-590",3.76026666543794,"1.9140648167176556e-8|5.474225375812493e-7",1,0,0,5.47422537581249e-07,NA,NA,"Comoros",NA,5,8,"AF",0.0915384615384616,NA,NA,"Mauritius",NA,5,8,"AF",0.150526315789474,32813.7340617305,938472.794165492
"591","200","200-591",2.21396423508148,"0.00000613850162857022|0.0000028785303387704224",0,1,0,6.13850162857022e-06,NA,NA,"United Kingdom",NA,4,1,"AS",0.0107228915662651,NA,NA,"Seychelles",NA,5,8,"AF",0.254444444444444,10523528.6818981,4934803.05369245
"591","220","220-591",1.73093562034868,"0.0000019875566624843368|0.000004842285728599095",0,1,0,4.84228572859909e-06,NA,NA,"France",NA,0,9,"AF",0.0404166666666667,NA,NA,"Seychelles",NA,5,8,"AF",0.254444444444444,8301363.40009859,3407364.01326383
"591","380","380-591",0.251457144075422,"9.83508174316677e-7",0,1,0,9.83508174316677e-07,NA,NA,"Sweden",NA,3,5,"LA",0.0137837837837838,NA,NA,"Seychelles",NA,5,8,"AF",0.254444444444444,1686075.38248931,NA
"591","501","501-591",2.8772932216365,"2.6298477787601196e-7",0.95,0.05,0.19,2.62984777876012e-07,NA,NA,"Kenya (British East Africa Protectorate)",NA,5,14,"WE",0.274666666666667,NA,NA,"Seychelles",NA,5,8,"AF",0.254444444444444,450847.457627119,NA
"591","541","541-591",3.75302591563937,"9.886645784812485e-8",1,0,0,9.88664578481248e-08,NA,NA,"Mozambique (Portuguese East Africa)",NA,5,5,"LA",0.110666666666667,NA,NA,"Seychelles",NA,5,8,"AF",0.254444444444444,169491.525423729,NA
"591","552","552-591",2.59389867125245,"2.5489006602190046e-7",1,0,0,2.54890066021901e-07,NA,NA,"Zimbabwe (Rhodesia) (Southern Rhodesia)",NA,5,8,"AF",0.0812,NA,NA,"Seychelles",NA,5,8,"AF",0.254444444444444,436970.303636971,NA
"591","553","553-591",2.99080128683122,"1.2461170297707459e-8",1,0,0,1.24611702977075e-08,NA,NA,"Malawi (Nyasaland) (British Central Africa Protectorate)",NA,5,8,"AF",0.101714285714286,NA,NA,"Seychelles",NA,5,8,"AF",0.254444444444444,NA,21362.7837822184
"591","580","580-591",3.1986144650929,"1.0689596388881478e-7",1,0,0,1.06895963888815e-07,NA,NA,"Madagascar (Malagasy Republic)",NA,5,8,"ME",0.183076923076923,NA,NA,"Seychelles",NA,5,8,"AF",0.254444444444444,183256.893950699,NA
"591","581","581-591",4.21831217151159,"1.2461170297707459e-8",1,0,0,1.24611702977075e-08,NA,NA,"Comoros",NA,5,8,"AF",0.0915384615384616,NA,NA,"Seychelles",NA,5,8,"AF",0.254444444444444,NA,21362.7837822184
"591","590","590-591",5.34744746532826,"1.308422881259282e-7|0.0000037477389111331683",1,0,0,3.74773891113317e-06,NA,NA,"Mauritius",NA,5,8,"AF",0.150526315789474,NA,NA,"Seychelles",NA,5,8,"AF",0.254444444444444,6424929.12928683,224309.229713293
"60","2","2-60",1.40143138694333,"0.000015291345480509943|0.00000530283728458124",1,0,0,1.52913454805099e-05,NA,NA,"United States of America",NA,4,8,"AS",0.00662337662337662,NA,NA,"St. Kitts-Nevis",NA,4,5,"LA",0,26214689.2655367,9090909.0909091
"60","51","51-60",3.88638374683775,"5.154046860663731e-7",1,0,0,5.15404686066373e-07,NA,NA,"Jamaica",NA,4,5,"LA",0,NA,NA,"St. Kitts-Nevis",NA,4,5,"LA",0,883583.050847458,NA
"60","53","53-60",6.71557076599926,"1.019653221110101e-7|0.0000010825877134369655",1,0,0,1.08258771343697e-06,NA,NA,"Barbados",NA,4,5,"LA",0.0182142857142857,NA,NA,"St. Kitts-Nevis",NA,4,5,"LA",0,1855932.20338983,174804.057524397
"60","54","54-60",6.10056029357739,"1.581863325569995e-7|2.0652104528274958e-7",1,0,0,2.0652104528275e-07,NA,NA,"Dominica",NA,4,5,"LA",0,NA,NA,"St. Kitts-Nevis",NA,4,5,"LA",0,354048.964218456,271186.440677966
"60","55","55-60",5.62789232211399,"9.077738402418715e-8|6.153277456169747e-8",1,0,0,9.07773840241872e-08,NA,NA,"Grenada",NA,4,5,"LA",0,NA,NA,"St. Kitts-Nevis",NA,4,5,"LA",0,105488.595940573,155624.036979969
"60","57","57-60",6.70344394229931,"2.030590548395832e-8|4.990925260999764e-7",1,0,0,4.99092526099976e-07,NA,NA,"St. Vincent and the Grenadines",NA,4,5,"LA",0,NA,NA,"St. Kitts-Nevis",NA,4,5,"LA",0,855618.330194599,34811.3907435942
"600","110","110-600",0.289720784804538,"4.910367406456863e-8|2.759272959943117e-7",0,1,0,2.75927295994312e-07,NA,NA,"Guyana (British Guiana)",NA,4,5,"LA",0,NA,NA,"Morocco",NA,0,5,"LA",0.0397916666666667,473035.439137134,84180.790960452
"600","140","140-600",0.638887728039031,"0.000040860188809192|0.000007532422950451806",0,1,0,4.0860188809192e-05,NA,NA,"Brazil",NA,4,5,"LA",0.0085,NA,NA,"Morocco",NA,0,5,"LA",0.0397916666666667,70048587.5706215,12913195.0693528
"600","220","220-600",1.57909359718733,"0.0006431293699237984|0.0004492360022674989",1,0,0,0.000643129369923798,NA,NA,"France",NA,0,9,"AF",0.0404166666666667,NA,NA,"Morocco",NA,0,5,"LA",0.0397916666666667,1102547621.56682,770146892.655367
"600","230","230-600",1.62038907735101,"0.00020417598609949017|0.0001242660529966496",1,0,0,0.00020417598609949,NA,NA,"Spain",NA,0,3,"AS",0.0329310344827586,NA,NA,"Morocco",NA,0,5,"LA",0.0397916666666667,350028716.433407,213035273.430579
"600","235","235-600",0.269350160463574,"0.000014953910105486187|0.000013437236921660229",1,0,0,1.49539101054862e-05,NA,NA,"Portugal",NA,0,3,"AS",0.0425531914893617,NA,NA,"Morocco",NA,0,5,"LA",0.0397916666666667,25636207.5671981,23036101.7568856
"600","290","290-600",0.563775560119702,"0.00001810952546359654|0.000003330920701707318",0,1,0,1.81095254635965e-05,NA,NA,"Poland",NA,2,1,"AS",0.112,NA,NA,"Morocco",NA,0,5,"LA",0.0397916666666667,31046030.8008603,5710357.61860825
"600","315","315-600",2.84132750097875,"0.00006974039936606701",0,1,0,6.9740399366067e-05,NA,NA,"Czechoslovakia",NA,2,11,"WE",0.105,NA,NA,"Morocco",NA,0,5,"LA",0.0397916666666667,NA,119559322.033898
"600","325","325-600",0.340068694844464,"0.0001635622282829132|0.00008739881704820715",0,1,0,0.000163562228282913,NA,NA,"Italy",NA,2,9,"AF",0.112337662337662,NA,NA,"Morocco",NA,0,5,"LA",0.0397916666666667,280402597.369892,149831997.060983
"600","355","355-600",0.549617353159305,"0.000002498325430289433|0.0000012097958892015539",0,1,0,2.49832543028943e-06,NA,NA,"Bulgaria",NA,2,10,"AF",0.1,NA,NA,"Morocco",NA,0,5,"LA",0.0397916666666667,4282999.48638932,2074011.29943503
"600","360","360-600",0.83826350244316,"0.000007052473993166238|0.000003658718050099602",0,1,0,7.05247399316624e-06,NA,NA,"Romania",NA,2,3,"AS",0.119583333333333,NA,NA,"Morocco",NA,0,5,"LA",0.0397916666666667,12090395.480226,6272316.38418079
"600","380","380-600",0.106324771914308,"0.000039038904985289576|0.000007040355119517771",0,1,0,3.90389049852896e-05,NA,NA,"Sweden",NA,3,5,"LA",0.0137837837837838,NA,NA,"Morocco",NA,0,5,"LA",0.0397916666666667,66926273.084378,12069619.5120584
"600","411","411-600",0.222038489703925,"4.514901575064361e-8",1,0,0,4.51490157506436e-08,NA,NA,"Equatorial Guinea (Spanish Guinea)",NA,0,9,"AF",0.0606666666666667,NA,NA,"Morocco",NA,0,5,"LA",0.0397916666666667,NA,77401.1299435028
"600","42","42-600",0.373374342614773,"6.600983835659818e-7|4.053524771773113e-8",0,1,0,6.60098383565982e-07,NA,NA,"Dominican Republic (Santo Domingo)",NA,4,5,"LA",0.017,NA,NA,"Morocco",NA,0,5,"LA",0.0397916666666667,1131638.4180791,69491.5254237288
"600","432","432-600",2.09078578344303,"2.6364388759499955e-8|0.0000016906164292029313",1,0,0,1.69061642920293e-06,NA,NA,"Mali (French Sudan) (Upper Senegal and Niger)",NA,0,9,"AF",0.07,NA,NA,"Morocco",NA,0,5,"LA",0.0397916666666667,45197.7401129944,2898305.08474576
"600","433","433-600",1.28979135969946,"0.0000017565274011016834|5.9577987578590304e-8",1,0,0,1.75652740110168e-06,NA,NA,"Senegal",NA,0,9,"AF",0.0743243243243243,NA,NA,"Morocco",NA,0,5,"LA",0.0397916666666667,102137.410565304,3011299.43502825
"600","434","434-600",4.07441338056424,"7.457826470343555e-7|7.616636843380603e-7",1,0,0,7.6166368433806e-07,NA,NA,"Benin (Dahomey)",NA,0,9,"AF",0.0541176470588235,NA,NA,"Morocco",NA,0,5,"LA",0.0397916666666667,1305756.69977605,1278531.07344633
"600","435","435-600",2.29899210442577,"1.629798577859999e-7|0.0000018250748118763802",1,0,0,1.82507481187638e-06,NA,NA,"Mauritania",NA,0,9,"AF",0.0982142857142857,NA,NA,"Morocco",NA,0,5,"LA",0.0397916666666667,279404.211607602,3128813.55932203
"600","436","436-600",0.27558064487105,"1.506065707886432e-7|3.5045741440924768e-9",1,0,0,1.50606570788643e-07,NA,NA,"Niger",NA,0,12,"WE",0.0384615384615385,NA,NA,"Morocco",NA,0,5,"LA",0.0397916666666667,6008.06006982943,258192.09039548
"600","437","437-600",1.07121201701447,"0.000004148247595224145|0.000002350385257909421",1,0,0,4.14824759522414e-06,NA,NA,"Ivory Coast",NA,0,9,"AF",0.0872093023255814,NA,NA,"Morocco",NA,0,5,"LA",0.0397916666666667,7111540.43598813,4029378.53107345
"600","438","438-600",1.97294933984914,"0.000002049172116332134",1,0,0,2.04917211633213e-06,NA,NA,"Guinea (French Guinea) (Rivieres du Sud)",NA,0,9,"AF",0.0364,NA,NA,"Morocco",NA,0,5,"LA",0.0397916666666667,NA,3512994.35028249
"600","451","451-600",0.583962978056725,"1.5653855825953085e-7",1,0,0,1.56538558259531e-07,NA,NA,"Sierra Leone",NA,0,7,"ME",0.0476190476190476,NA,NA,"Morocco",NA,0,5,"LA",0.0397916666666667,NA,268361.581920904
"600","461","461-600",1.28401790092284,"5.730959006596299e-7|0.0000011620104345749617",1,0,0,1.16201043457496e-06,NA,NA,"Togo (French Togoland)",NA,0,9,"AF",0.0561224489795918,NA,NA,"Morocco",NA,0,5,"LA",0.0397916666666667,982485.875706215,1992090.39548023
"600","471","471-600",2.2808881696362,"0.000012853658771122177|0.000002431785308204377",1,0,0,1.28536587711222e-05,NA,NA,"Cameroun (French Cameroon)",NA,0,9,"AF",0.0561764705882353,NA,NA,"Morocco",NA,0,5,"LA",0.0397916666666667,22035645.6558832,4168926.55367232
"600","475","475-600",0.27762035720367,"0.000004201502248744471|0.0000017475479977663528",1,0,0,4.20150224874447e-06,NA,NA,"Nigeria",NA,0,9,"AF",0.04,NA,NA,"Morocco",NA,0,5,"LA",0.0397916666666667,2995905.61186693,7202837.45074452
"600","481","481-600",1.80723992674757,"0.0000026753263493702544|0.000005597639086164721",1,0,0,5.59763908616472e-06,NA,NA,"Gabon",NA,0,9,"AF",0.101851851851852,NA,NA,"Morocco",NA,0,5,"LA",0.0397916666666667,9596302.00308164,4586440.6779661
"600","482","482-600",0.904552758140459,"1.6115232629244334e-7",1,0,0,1.61152326292443e-07,NA,NA,"Central African Republic (Ubangi Shari)",NA,0,2,"AF",0.0416666666666667,NA,NA,"Morocco",NA,0,5,"LA",0.0397916666666667,NA,276271.186440678
"600","483","483-600",3.01015863371852,"0.000001358365211767875|6.2615423303812576e-9",1,0,0,1.35836521176788e-06,NA,NA,"Chad",NA,0,9,"AF",0.0833333333333333,NA,NA,"Morocco",NA,0,5,"LA",0.0397916666666667,2328710.83718542,10734.4632768362
"600","484","484-600",1.66549080457555,"0.000001490247074630736|2.9204794825955892e-8",1,0,0,1.49024707463074e-06,NA,NA,"Congo (Brazzaville) (French Congo) (Middle Congo)",NA,0,9,"AF",0.0681481481481481,NA,NA,"Morocco",NA,0,5,"LA",0.0397916666666667,50067.1848923955,2554802.25988701
"600","490","490-600",1.17838871056745,"0.0000010806103842800056|1.318219437974998e-7",0.5,0.5,1,1.08061038428001e-06,NA,NA,"Democratic Republic of the Congo (Zaire) (Kinshasa) (Belgian Congo) (Congo Free State)",NA,0,9,"AF",0.644285714285714,NA,NA,"Morocco",NA,0,5,"LA",0.0397916666666667,225988.700564972,1852542.37288136
"600","512","512-600",0.7184847143042,"0.000001086542371750891",0,1,0,1.08654237175089e-06,NA,NA,"Tanzania (Tanganyika)",NA,5,8,"ME",0.255,NA,NA,"Morocco",NA,0,5,"LA",0.0397916666666667,NA,1862711.86440678
"600","52","52-600",0.999162307912162,"5.394813049912673e-7|0.000003429148196418272",0,1,0,3.42914819641827e-06,NA,NA,"Trinidad and Tobago",NA,4,5,"LA",0.021875,NA,NA,"Morocco",NA,0,5,"LA",0.0397916666666667,5878753.73878367,924858.757062147
"600","540","540-600",0.756841155172156,"0.000001659638272410518",1,0,0,1.65963827241052e-06,NA,NA,"Angola",NA,0,3,"AS",0,NA,NA,"Morocco",NA,0,5,"LA",0.0397916666666667,NA,2845197.74011299
"600","553","553-600",1.22495301242405,"0.0000010536767643995613",0,1,0,1.05367676439956e-06,NA,NA,"Malawi (Nyasaland) (British Central Africa Protectorate)",NA,5,8,"AF",0.101714285714286,NA,NA,"Morocco",NA,0,5,"LA",0.0397916666666667,1806368.77247047,NA
"600","581","581-600",1.26702679024693,"4.8834038270437316e-8|1.7136852693674936e-7",0,1,0,1.71368526936749e-07,NA,NA,"Comoros",NA,5,8,"AF",0.0915384615384616,NA,NA,"Morocco",NA,0,5,"LA",0.0397916666666667,83718.5413456599,293785.310734463
"600","590","590-600",0.246510752674035,"6.340635496659709e-7",0,1,0,6.34063549665971e-07,NA,NA,"Mauritius",NA,5,8,"AF",0.150526315789474,NA,NA,"Morocco",NA,0,5,"LA",0.0397916666666667,NA,1087005.64971751
"615","135","135-615",0.0901972527150773,"0.000002761010612838628",0,1,0,2.76101061283863e-06,NA,NA,"Peru",NA,4,3,"AS",0.025,NA,NA,"Algeria (Regency of Algiers)",NA,0,3,"AS",0.0284375,4733333.33333333,NA
"615","140","140-615",1.11086711952469,"0.000014918948489282034|0.0000765341727945311",0,1,0,7.65341727945311e-05,NA,NA,"Brazil",NA,4,5,"LA",0.0085,NA,NA,"Algeria (Regency of Algiers)",NA,0,3,"AS",0.0284375,25576271.1864407,131206214.689266
"615","150","150-615",1.75745581588929,"0.000012376432748287757",0,1,0,1.23764327482878e-05,NA,NA,"Paraguay",NA,4,3,"AS",0.0242857142857143,NA,NA,"Algeria (Regency of Algiers)",NA,0,3,"AS",0.0284375,NA,21217514.1242938
"615","160","160-615",0.299346874687971,"0.000013179557940874027",0,1,0,1.3179557940874e-05,NA,NA,"Argentina (La Plata)",NA,4,5,"LA",0.0110869565217391,NA,NA,"Algeria (Regency of Algiers)",NA,0,3,"AS",0.0284375,22594350.2824859,NA
"615","2","2-615",0.18947117439011,"0.00023971820479575304|0.0006715118570148248",0,1,0,0.000671511857014825,NA,NA,"United States of America",NA,4,8,"AS",0.00662337662337662,NA,NA,"Algeria (Regency of Algiers)",NA,0,3,"AS",0.0284375,410960451.977401,1151205084.74576
"615","210","210-615",0.757425299284309,"0.0000409212658006113|0.00032665181073646853",1,0,0,0.000326651810736469,NA,NA,"Netherlands",NA,0,8,"AF",0.0270588235294118,NA,NA,"Algeria (Regency of Algiers)",NA,0,3,"AS",0.0284375,70153294.7955921,559994915.254237
"615","220","220-615",1.52076846208596,"0.0007173590218934626|0.000730012128788142",1,0,0,0.000730012128788142,NA,NA,"France",NA,0,9,"AF",0.0404166666666667,NA,NA,"Algeria (Regency of Algiers)",NA,0,3,"AS",0.0284375,1229803085.32924,1251494915.25424
"615","230","230-615",1.51458387911932,"0.00021356282697971532|0.0002636910139399066",1,0,0,0.000263691013939907,NA,NA,"Spain",NA,0,3,"AS",0.0329310344827586,NA,NA,"Algeria (Regency of Algiers)",NA,0,3,"AS",0.0284375,366121029.38087,452058192.090395
"615","235","235-615",1.02860717245403,"0.000007406819191770004|0.00007839747597010825",1,0,0,7.83974759701082e-05,NA,NA,"Portugal",NA,0,3,"AS",0.0425531914893617,NA,NA,"Algeria (Regency of Algiers)",NA,0,3,"AS",0.0284375,12697866.5027055,134400564.971751
"615","305","305-615",0.517369517611398,"0.00003660881066725628|0.000090214983676695",0,1,0,9.0214983676695e-05,NA,NA,"Austria",NA,2,1,"AS",0.0331034482758621,NA,NA,"Algeria (Regency of Algiers)",NA,0,3,"AS",0.0284375,62760245.4765141,154659887.00565
"615","325","325-615",1.65221944929363,"0.0003660882412488144|0.0009207772660901123",0,1,0,0.000920777266090112,NA,NA,"Italy",NA,2,9,"AF",0.112337662337662,NA,NA,"Algeria (Regency of Algiers)",NA,0,3,"AS",0.0284375,627602685.475684,1578532768.36158
"615","339","339-615",2.1833222755019,"0.0000038501894234654694",0,1,0,3.85018942346547e-06,NA,NA,"Albania",NA,2,14,"WE",0.115454545454545,NA,NA,"Algeria (Regency of Algiers)",NA,0,3,"AS",0.0284375,NA,6600564.97175141
"615","345","345-615",0.025210138934858,"0.000015188524364347883",0,1,0,1.51885243643479e-05,NA,NA,"Yugoslavia (Kingdom of Serbs, Croats and Slovenes)",NA,2,9,"AF",0.012258064516129,NA,NA,"Algeria (Regency of Algiers)",NA,0,3,"AS",0.0284375,NA,26038418.079096
"615","350","350-615",0.57028189723511,"0.000012321288721293822|0.000015650230722498674",0,1,0,1.56502307224987e-05,NA,NA,"Greece",NA,2,2,"WE",0.0898305084745763,NA,NA,"Algeria (Regency of Algiers)",NA,0,3,"AS",0.0284375,21122978.0656887,26829943.5028249
"615","352","352-615",0.974680685930659,"6.887939449435583e-7|0.000010124254838507442",0,1,0,1.01242548385074e-05,NA,NA,"Cyprus",NA,2,5,"LA",0.173877551020408,NA,NA,"Algeria (Regency of Algiers)",NA,0,3,"AS",0.0284375,1180832.59957033,17356497.1751412
"615","355","355-615",0.982497599409565,"0.000004478350945193265|0.000002670383026477852",0,1,0,4.47835094519327e-06,NA,NA,"Bulgaria",NA,2,10,"AF",0.1,NA,NA,"Algeria (Regency of Algiers)",NA,0,3,"AS",0.0284375,7677452.49101186,4577966.10169492
"615","40","40-615",2.88579220338364,"0.000003394415052785614|0.000015792868057594068",0,1,0,1.57928680575941e-05,NA,NA,"Cuba",NA,4,5,"LA",0,NA,NA,"Algeria (Regency of Algiers)",NA,0,3,"AS",0.0284375,27074473.5490498,5819209.03954802
"615","432","432-615",3.26330028982839,"0.000004886699375638666",1,0,0,4.88669937563867e-06,NA,NA,"Mali (French Sudan) (Upper Senegal and Niger)",NA,0,9,"AF",0.07,NA,NA,"Algeria (Regency of Algiers)",NA,0,3,"AS",0.0284375,8377503.85208011,NA
"615","434","434-615",2.86414985764173,"2.640122586815966e-7",1,0,0,2.64012258681597e-07,NA,NA,"Benin (Dahomey)",NA,0,9,"AF",0.0541176470588235,NA,NA,"Algeria (Regency of Algiers)",NA,0,3,"AS",0.0284375,452608.917407034,NA
"615","435","435-615",3.05281057571687,"0.000009853031189144104",1,0,0,9.8530311891441e-06,NA,NA,"Mauritania",NA,0,9,"AF",0.0982142857142857,NA,NA,"Algeria (Regency of Algiers)",NA,0,3,"AS",0.0284375,NA,16891525.4237288
"615","436","436-615",0.794821463028607,"5.09331442274776e-7",1,0,0,5.09331442274776e-07,NA,NA,"Niger",NA,0,12,"WE",0.0384615384615385,NA,NA,"Algeria (Regency of Algiers)",NA,0,3,"AS",0.0284375,873171.396815215,NA
"615","437","437-615",1.08875663855352,"0.000006550049075308837",1,0,0,6.55004907530884e-06,NA,NA,"Ivory Coast",NA,0,9,"AF",0.0872093023255814,NA,NA,"Algeria (Regency of Algiers)",NA,0,3,"AS",0.0284375,11229064.2705112,NA
"615","471","471-615",0.435558684901771,"0.0000023609237822809987",1,0,0,2.360923782281e-06,NA,NA,"Cameroun (French Cameroon)",NA,0,9,"AF",0.0561764705882353,NA,NA,"Algeria (Regency of Algiers)",NA,0,3,"AS",0.0284375,4047445.23044077,NA
"615","512","512-615",1.16107692416849,"0.000004297065812938996",0,1,0,4.297065812939e-06,NA,NA,"Tanzania (Tanganyika)",NA,5,8,"ME",0.255,NA,NA,"Algeria (Regency of Algiers)",NA,0,3,"AS",0.0284375,NA,7366666.66666667
"615","600","600-615",1.90476523089031,"0.000016726227338745718|0.000024224877830598742",1,0,0,2.42248778305987e-05,NA,NA,"Morocco",NA,0,5,"LA",0.0397916666666667,NA,NA,"Algeria (Regency of Algiers)",NA,0,3,"AS",0.0284375,41529873.5898783,28674576.2711864
"616","101","101-616",0.00604729100567182,"0.000003737504692372433",0,1,0,3.73750469237243e-06,NA,NA,"Venezuela",NA,4,5,"LA",0,NA,NA,"Tunisia (Regency of Tunis)",NA,0,8,"AS",0.622037037037037,NA,6407384.11566915
"616","160","160-616",0.27753335323285,"0.000007742891423805619|1.016936343491356e-8",0,1,0,7.74289142380562e-06,NA,NA,"Argentina (La Plata)",NA,4,5,"LA",0.0110869565217391,NA,NA,"Tunisia (Regency of Tunis)",NA,0,8,"AS",0.622037037037037,13274011.299435,17433.8290122577
"616","220","220-616",1.63914733988477,"0.00048486817063193676|0.0003094388256335058",0.65,0.35,0.91,0.000484868170631937,NA,NA,"France",NA,0,9,"AF",0.0404166666666667,NA,NA,"Tunisia (Regency of Tunis)",NA,0,8,"AS",0.622037037037037,831232833.243237,530485866.728611
"616","230","230-616",0.576208516555992,"0.0000439676665727352|0.0000501730193107226",0.65,0.35,0.91,5.01730193107226e-05,NA,NA,"Spain",NA,0,3,"AS",0.0329310344827586,NA,NA,"Tunisia (Regency of Tunis)",NA,0,8,"AS",0.622037037037037,86014020.9650474,75375886.2098864
"616","255","255-616",0.558122231341795,"0.00020292804357436062|0.00024169521888582474",0.35,0.65,0.91,0.000241695218885825,NA,NA,"Germany (Zollverein)",NA,2,8,"AF",0.083728813559322,NA,NA,"Tunisia (Regency of Tunis)",NA,0,8,"AS",0.622037037037037,414349742.351546,347889308.520662
"616","290","290-616",0.317548072246745,"0.000009883693331076611|0.0000011741504771249894",0.35,0.65,0.91,9.88369333107661e-06,NA,NA,"Poland",NA,2,1,"AS",0.112,NA,NA,"Tunisia (Regency of Tunis)",NA,0,8,"AS",0.622037037037037,16944091.0088829,2012902.65451427
"616","30","30-616",0.399270474764009,"8.791117885911489e-7",0,1,0,8.79111788591149e-07,NA,NA,"Bermuda",NA,4,1,"AS",0.0364285714285714,NA,NA,"Tunisia (Regency of Tunis)",NA,0,8,"AS",0.622037037037037,NA,1507103.63564545
"616","325","325-616",1.43802070632821,"0.0002909368908633511|0.00023633564263569334",0.35,0.65,0.91,0.000290936890863351,NA,NA,"Italy",NA,2,9,"AF",0.112337662337662,NA,NA,"Tunisia (Regency of Tunis)",NA,0,8,"AS",0.622037037037037,498767109.773637,405161562.922128
"616","338","338-616",0.658645696199785,"8.426808775639426e-8|0.0000016048019497879694",0.35,0.65,0.91,1.60480194978797e-06,NA,NA,"Malta",NA,2,3,"AS",0.243571428571429,NA,NA,"Tunisia (Regency of Tunis)",NA,0,8,"AS",0.622037037037037,144464.837208111,2751189.19391625
"616","339","339-616",4.55106019941111,"0.000013067050807878135|1.9158714219346126e-7",0.35,0.65,0.91,1.30670508078781e-05,NA,NA,"Albania",NA,2,14,"WE",0.115454545454545,NA,NA,"Tunisia (Regency of Tunis)",NA,0,8,"AS",0.622037037037037,328447.055641718,22401473.8913663
"616","350","350-616",1.05106778837441,"0.000011965603605365419|0.00000785739057404174",0.35,0.65,0.91,1.19656036053654e-05,NA,NA,"Greece",NA,2,2,"WE",0.0898305084745763,NA,NA,"Tunisia (Regency of Tunis)",NA,0,8,"AS",0.622037037037037,20513209.9584725,13470302.7015509
"616","355","355-616",2.50731647818275,"0.000002811345512773282|0.0000102546611140646",0.35,0.65,0.91,1.02546611140646e-05,NA,NA,"Bulgaria",NA,2,10,"AF",0.1,NA,NA,"Tunisia (Regency of Tunis)",NA,0,8,"AS",0.622037037037037,4819624.8740405,17580058.9275301
"616","360","360-616",0.26242860609786,"0.0000027682608197474944|3.1194942424183507e-7",0.35,0.65,0.91,2.76826081974749e-06,NA,NA,"Romania",NA,2,3,"AS",0.119583333333333,NA,NA,"Tunisia (Regency of Tunis)",NA,0,8,"AS",0.622037037037037,4745762.71186441,534789.90671461
"616","40","40-616",1.91019265636711,"0.0000035746977325959166|0.0000013214535449664811",0,1,0,3.57469773259592e-06,NA,NA,"Cuba",NA,4,5,"LA",0,NA,NA,"Tunisia (Regency of Tunis)",NA,0,8,"AS",0.622037037037037,6128276.3114378,2265431.39086692
"616","404","404-616",3.98285263028185,"0.000002025242058383097|3.5362321220659967e-9",0.65,0.35,0.91,2.0252420583831e-06,NA,NA,"Guinea-Bissau (Portuguese Guinea)",NA,0,1,"AS",0.0921052631578947,NA,NA,"Tunisia (Regency of Tunis)",NA,0,8,"AS",0.622037037037037,6062.33286462102,3471969.90060016
"616","411","411-616",1.35433148449639,"1.907902832514955e-9|1.1316362177643028e-7",0.65,0.35,0.91,1.1316362177643e-07,NA,NA,"Equatorial Guinea (Spanish Guinea)",NA,0,9,"AF",0.0606666666666667,NA,NA,"Tunisia (Regency of Tunis)",NA,0,8,"AS",0.622037037037037,3270.80962018451,194001.841421538
"616","420","420-616",1.5438757830074,"1.630272110340021e-7|8.711871202461614e-8",0.65,0.35,0.91,1.63027211034002e-07,NA,NA,"Gambia",NA,0,9,"AF",0.0729166666666667,NA,NA,"Tunisia (Regency of Tunis)",NA,0,8,"AS",0.622037037037037,279485.391558946,149351.799542425
"616","432","432-616",2.75505613582866,"0.0000017650776207511405|3.291447133428884e-9",0.65,0.35,0.91,1.76507762075114e-06,NA,NA,"Mali (French Sudan) (Upper Senegal and Niger)",NA,0,9,"AF",0.07,NA,NA,"Tunisia (Regency of Tunis)",NA,0,8,"AS",0.622037037037037,3025957.48794768,5642.6861813276
"616","433","433-616",0.615694376775033,"5.19642712247968e-7|3.9242237031829554e-7",0.65,0.35,0.91,5.19642712247968e-07,NA,NA,"Senegal",NA,0,9,"AF",0.0743243243243243,NA,NA,"Tunisia (Regency of Tunis)",NA,0,8,"AS",0.622037037037037,890848.503033554,672748.549946203
"616","435","435-616",1.44836739673361,"6.297512040249217e-7|1.924475470882568e-7",0.65,0.35,0.91,6.29751204024922e-07,NA,NA,"Mauritania",NA,0,9,"AF",0.0982142857142857,NA,NA,"Tunisia (Regency of Tunis)",NA,0,8,"AS",0.622037037037037,329922.08914929,1079612.78810636
"616","437","437-616",1.30871244143253,"0.000004900562844822667|0.0000016325917807823904",0.65,0.35,0.91,4.90056284482267e-06,NA,NA,"Ivory Coast",NA,0,9,"AF",0.0872093023255814,NA,NA,"Tunisia (Regency of Tunis)",NA,0,8,"AS",0.622037037037037,8401270.66431152,2798830.63823448
"616","438","438-616",1.71244087906719,"0.0000012757071878166806",0.65,0.35,0.91,1.27570718781668e-06,NA,NA,"Guinea (French Guinea) (Rivieres du Sud)",NA,0,9,"AF",0.0364,NA,NA,"Tunisia (Regency of Tunis)",NA,0,8,"AS",0.622037037037037,NA,2187006.20982312
"616","452","452-616",1.05149778288139,"0.0000015263401985252405",0.65,0.35,0.91,1.52634019852524e-06,NA,NA,"Ghana (Gold Coast)",NA,0,9,"AF",0.0729166666666667,NA,NA,"Tunisia (Regency of Tunis)",NA,0,8,"AS",0.622037037037037,NA,2616678.4387179
"616","461","461-616",1.56415599054359,"5.70129906924186e-7",0.65,0.35,0.91,5.70129906924186e-07,NA,NA,"Togo (French Togoland)",NA,0,9,"AF",0.0561224489795918,NA,NA,"Tunisia (Regency of Tunis)",NA,0,8,"AS",0.622037037037037,977401.129943503,NA
"616","471","471-616",0.684614739568687,"8.047860523669992e-7|8.434373927792559e-7",0.65,0.35,0.91,8.43437392779256e-07,NA,NA,"Cameroun (French Cameroon)",NA,0,9,"AF",0.0561764705882353,NA,NA,"Tunisia (Regency of Tunis)",NA,0,8,"AS",0.622037037037037,1445945.30251273,1379683.45002269
"616","481","481-616",1.41572528527266,"4.1222392129984374e-7|0.0000014610129668339305",0.65,0.35,0.91,1.46101296683393e-06,NA,NA,"Gabon",NA,0,9,"AF",0.101851851851852,NA,NA,"Tunisia (Regency of Tunis)",NA,0,8,"AS",0.622037037037037,706695.301500446,2504684.82235836
"616","483","483-616",1.1253199125662,"1.440087648204069e-7|1.1115459873868644e-9",0.65,0.35,0.91,1.44008764820407e-07,NA,NA,"Chad",NA,0,9,"AF",0.0833333333333333,NA,NA,"Tunisia (Regency of Tunis)",NA,0,8,"AS",0.622037037037037,246881.154185709,1905.57676568361
"616","490","490-616",0.14884889183861,"5.185826066398905e-7",0.35,0.65,0.91,5.1858260663989e-07,NA,NA,"Democratic Republic of the Congo (Zaire) (Kinshasa) (Belgian Congo) (Congo Free State)",NA,0,9,"AF",0.644285714285714,NA,NA,"Tunisia (Regency of Tunis)",NA,0,8,"AS",0.622037037037037,889031.112985057,NA
"616","500","500-616",1.84676255879906,"5.422201724434249e-7|5.866751813398488e-7",0,1,0,5.86675181339849e-07,NA,NA,"Uganda",NA,5,8,"AF",0.20030303030303,NA,NA,"Tunisia (Regency of Tunis)",NA,0,8,"AS",0.622037037037037,929554.129309757,1005765.48991251
"616","530","530-616",2.14897680909889,"0.000002755255613526984",0.2,0.8,0.64,2.75525561352698e-06,NA,NA,"Ethiopia (Abyssinia)",NA,2,3,"AS",0.587391304347826,NA,NA,"Tunisia (Regency of Tunis)",NA,0,8,"AS",0.622037037037037,NA,4723467.26112468
"616","570","570-616",2.90941580087064,"5.795399529772555e-7",0,1,0,5.79539952977255e-07,NA,NA,"Lesotho (Basutoland)",NA,5,8,"AS",0.105833333333333,NA,NA,"Tunisia (Regency of Tunis)",NA,0,8,"AS",0.622037037037037,NA,993533.224635237
"616","58","58-616",0.503813998135085,"1.1204667706728575e-7",0,1,0,1.12046677067286e-07,NA,NA,"Antigua and Barbuda (Antigua)",NA,4,1,"AS",0,NA,NA,"Tunisia (Regency of Tunis)",NA,0,8,"AS",0.622037037037037,NA,192087.009367398
"616","580","580-616",0.111208153362856,"1.5624821183822858e-7|1.7445995738155042e-8",0,1,0,1.56248211838229e-07,NA,NA,"Madagascar (Malagasy Republic)",NA,5,8,"ME",0.183076923076923,NA,NA,"Tunisia (Regency of Tunis)",NA,0,8,"AS",0.622037037037037,267863.827081508,29908.5098683128
"616","581","581-616",1.72046350059628,"7.85605284238772e-8",0,1,0,7.85605284238772e-08,NA,NA,"Comoros",NA,5,8,"AF",0.0915384615384616,NA,NA,"Tunisia (Regency of Tunis)",NA,0,8,"AS",0.622037037037037,134680.093638145,NA
"616","600","600-616",2.2504846545719,"0.00002055329478439864|0.000008765421759011753",0.65,0.35,0.91,2.05532947843986e-05,NA,NA,"Morocco",NA,0,5,"LA",0.0397916666666667,NA,NA,"Tunisia (Regency of Tunis)",NA,0,8,"AS",0.622037037037037,35235502.1239124,15026984.2497996
"616","615","615-616",2.18011312178721,"0.00003329459789979396|0.000025772326046704135",0.65,0.35,0.91,3.3294597899794e-05,NA,NA,"Algeria (Regency of Algiers)",NA,0,3,"AS",0.0284375,NA,NA,"Tunisia (Regency of Tunis)",NA,0,8,"AS",0.622037037037037,57078531.0734463,44182738.5186981
"616","90","616-90",0.488613704961909,"0.0000012120686387646966",0,1,0,1.2120686387647e-06,NA,NA,"Guatemala",NA,4,5,"LA",0,NA,NA,"Tunisia (Regency of Tunis)",NA,0,8,"AS",0.622037037037037,NA,2077907.5833593
"620","140","140-620",0.284585183002771,"0.00002291394938060037|0.0000068267289144130275",0,1,0,2.29139493806004e-05,NA,NA,"Brazil",NA,4,5,"LA",0.0085,NA,NA,"Libya",NA,2,3,"AS",0.0628125,39282485.8757062,11703389.8305085
"620","200","200-620",0.405078797029891,"0.00014827668915183299|0.00004774821492747085",0,1,0,0.000148276689151833,NA,NA,"United Kingdom",NA,4,1,"AS",0.0107228915662651,NA,NA,"Libya",NA,2,3,"AS",0.0628125,254197862.208542,81857062.1468927
"620","210","210-620",0.0255103632172915,"0.00006622836454467356|0.0000641290687734672",0,1,0,6.62283645446736e-05,NA,NA,"Netherlands",NA,0,8,"AF",0.0270588235294118,NA,NA,"Libya",NA,2,3,"AS",0.0628125,113538471.766018,109939548.022599
"620","220","220-620",0.202767550466862,"0.00011113866749333185|0.0002851601948164869",0,1,0,0.000285160194816487,NA,NA,"France",NA,0,9,"AF",0.0404166666666667,NA,NA,"Libya",NA,2,3,"AS",0.0628125,190530364.867954,488863841.80791
"620","230","230-620",1.29441207569362,"0.00002250743428673645|0.0003551731360513552",0,1,0,0.000355173136051355,NA,NA,"Spain",NA,0,3,"AS",0.0329310344827586,NA,NA,"Libya",NA,2,3,"AS",0.0628125,38585577.4917464,608890395.480226
"620","255","255-620",0.533638241793072,"0.00022780730763098176|0.0006162316657736266",1,0,0,0.000616231665773627,NA,NA,"Germany (Zollverein)",NA,2,8,"AF",0.083728813559322,NA,NA,"Libya",NA,2,3,"AS",0.0628125,390541027.902115,1056435593.22034
"620","290","290-620",1.08541830786261,"0.0000027448624247234337|0.000024385117786439196",1,0,0,2.43851177864392e-05,NA,NA,"Poland",NA,2,1,"AS",0.112,NA,NA,"Libya",NA,2,3,"AS",0.0628125,41804580.6557565,4705649.71751412
"620","305","305-620",0.00305164963079581,"0.0000230793315504842|2.8341717916462407e-8",1,0,0,2.30793315504842e-05,NA,NA,"Austria",NA,2,1,"AS",0.0331034482758621,NA,NA,"Libya",NA,2,3,"AS",0.0628125,39566008.4865249,48587.5706214689
"620","325","325-620",2.15372172389753,"0.0004484692819148123|0.0015044904356580526",1,0,0,0.00150449043565805,NA,NA,"Italy",NA,2,9,"AF",0.112337662337662,NA,NA,"Libya",NA,2,3,"AS",0.0628125,768832467.065751,2579220338.98305
"620","338","338-620",3.48439821575915,"0.00002276554886248452|0.000008719032917626094",1,0,0,2.27655488624845e-05,NA,NA,"Malta",NA,2,3,"AS",0.243571428571429,NA,NA,"Libya",NA,2,3,"AS",0.0628125,39028075.7275469,14947457.6271186
"620","345","345-620",2.05505501177635,"0.00011441979944193198",1,0,0,0.000114419799441932,NA,NA,"Yugoslavia (Kingdom of Serbs, Croats and Slovenes)",NA,2,9,"AF",0.012258064516129,NA,NA,"Libya",NA,2,3,"AS",0.0628125,NA,196155367.231638
"620","350","350-620",2.14642169127201,"0.000022293297253398157|0.00019178478003724697",1,0,0,0.000191784780037247,NA,NA,"Greece",NA,2,2,"WE",0.0898305084745763,NA,NA,"Libya",NA,2,3,"AS",0.0628125,38218472.0727784,328785875.706215
"620","352","352-620",2.60171609768584,"0.0000065990655997642654|3.173613296924801e-7",1,0,0,6.59906559976427e-06,NA,NA,"Cyprus",NA,2,5,"LA",0.173877551020408,NA,NA,"Libya",NA,2,3,"AS",0.0628125,11313095.6567037,544067.796610169
"620","355","355-620",2.36984803119822,"0.00000114475374375056|0.00002781344147669394",1,0,0,2.78134414766939e-05,NA,NA,"Bulgaria",NA,2,10,"AF",0.1,NA,NA,"Libya",NA,2,3,"AS",0.0628125,1962506.42013354,47681920.9039548
"620","360","360-620",1.94777646644556,"0.000013687712037613766|0.00002870521692648401",1,0,0,2.8705216926484e-05,NA,NA,"Romania",NA,2,3,"AS",0.119583333333333,NA,NA,"Libya",NA,2,3,"AS",0.0628125,23465503.2992051,49210734.4632768
"620","40","40-620",2.6473247373652,"0.000008552547794516446",0,1,0,8.55254779451645e-06,NA,NA,"Cuba",NA,4,5,"LA",0,NA,NA,"Libya",NA,2,3,"AS",0.0628125,14662044.1705188,NA
"620","411","411-620",1.2017276428287,"6.920652049368721e-8",0,1,0,6.92065204936872e-08,NA,NA,"Equatorial Guinea (Spanish Guinea)",NA,0,9,"AF",0.0606666666666667,NA,NA,"Libya",NA,2,3,"AS",0.0628125,118644.06779661,NA
"620","436","436-620",1.75261612664539,"2.5375724181018703e-8|9.12357468845411e-7",0,1,0,9.12357468845411e-07,NA,NA,"Niger",NA,0,12,"WE",0.0384615384615385,NA,NA,"Libya",NA,2,3,"AS",0.0628125,1564098.3048456,43502.8248587571
"620","452","452-620",0.487064847875515,"1.3511749239243711e-8|5.707890166431737e-7",0,1,0,5.70789016643174e-07,NA,NA,"Ghana (Gold Coast)",NA,0,9,"AF",0.0729166666666667,NA,NA,"Libya",NA,2,3,"AS",0.0628125,978531.073446328,23163.8418079096
"620","552","552-620",0.0679467222585738,"7.477681778085805e-7",0,1,0,7.4776817780858e-07,NA,NA,"Zimbabwe (Rhodesia) (Southern Rhodesia)",NA,5,8,"AF",0.0812,NA,NA,"Libya",NA,2,3,"AS",0.0628125,1281934.96438188,NA
"620","600","600-620",3.26240746115943,"0.00006472584545363096|0.00004035102655127415",0,1,0,6.4725845453631e-05,NA,NA,"Morocco",NA,0,5,"LA",0.0397916666666667,NA,NA,"Libya",NA,2,3,"AS",0.0628125,110962630.997956,69175706.2146893
"620","616","616-620",3.57359855179238,"0.0000713733788993307|0.00003166857422305182",0.35,0.65,0.91,7.13733788993307e-05,NA,NA,"Tunisia (Regency of Tunis)",NA,0,8,"AS",0.622037037037037,NA,NA,"Libya",NA,2,3,"AS",0.0628125,122358817.414867,54290960.4519774
"625","200","200-625",0.64010510821295,"0.00004361754051392621|0.0000032595924791629726",0,1,0,4.36175405139262e-05,NA,NA,"United Kingdom",NA,4,1,"AS",0.0107228915662651,NA,NA,"Sudan (Anglo-Egyptian Sudan) (Mahdist State)",NA,2,8,"AF",0.184736842105263,74775648.2617514,5588076.21490533
"625","290","290-625",1.21831812908365,"0.000006476795423344189",1,0,0,6.47679542334419e-06,NA,NA,"Poland",NA,2,1,"AS",0.112,NA,NA,"Sudan (Anglo-Egyptian Sudan) (Mahdist State)",NA,2,8,"AF",0.184736842105263,11103482.0105154,NA
"625","325","325-625",0.654060975912971,"0.000036099279108454794|0.000011179979831634743",1,0,0,3.60992791084548e-05,NA,NA,"Italy",NA,2,9,"AF",0.112337662337662,NA,NA,"Sudan (Anglo-Egyptian Sudan) (Mahdist State)",NA,2,8,"AF",0.184736842105263,61886731.010309,19166377.3246655
"625","338","338-625",2.29600052592528,"1.4052806623915818e-8|0.0000016131740575743318",1,0,0,1.61317405757433e-06,NA,NA,"Malta",NA,2,3,"AS",0.243571428571429,NA,NA,"Sudan (Anglo-Egyptian Sudan) (Mahdist State)",NA,2,8,"AF",0.184736842105263,2765541.90109933,24091.4025141981
"625","345","345-625",1.35764580267581,"0.0000018965582568538441",1,0,0,1.89655825685384e-06,NA,NA,"Yugoslavia (Kingdom of Serbs, Croats and Slovenes)",NA,2,9,"AF",0.012258064516129,NA,NA,"Sudan (Anglo-Egyptian Sudan) (Mahdist State)",NA,2,8,"AF",0.184736842105263,NA,3251361.06831022
"625","350","350-625",1.06281718305107,"0.0000017679678103450232|0.000002160511870336191",1,0,0,2.16051187033619e-06,NA,NA,"Greece",NA,2,2,"WE",0.0898305084745763,NA,NA,"Sudan (Anglo-Egyptian Sudan) (Mahdist State)",NA,2,8,"AF",0.184736842105263,3030912.27902337,3703869.4474306
"625","352","352-625",2.20009142793734,"0.0000010270148674475594|2.5732922454660845e-7",1,0,0,1.02701486744756e-06,NA,NA,"Cyprus",NA,2,5,"LA",0.173877551020408,NA,NA,"Sudan (Anglo-Egyptian Sudan) (Mahdist State)",NA,2,8,"AF",0.184736842105263,1760660.99974914,441151.870450441
"625","355","355-625",1.73518793581235,"0.0000015195837965497518|4.5972135866446685e-7",1,0,0,1.51958379654975e-06,NA,NA,"Bulgaria",NA,2,10,"AF",0.1,NA,NA,"Sudan (Anglo-Egyptian Sudan) (Mahdist State)",NA,2,8,"AF",0.184736842105263,2605095.61374241,788122.443605757
"625","360","360-625",1.12533418387768,"2.4051508264733158e-8|0.0000017466407553168728",1,0,0,1.74664075531687e-06,NA,NA,"Romania",NA,2,3,"AS",0.119583333333333,NA,NA,"Sudan (Anglo-Egyptian Sudan) (Mahdist State)",NA,2,8,"AF",0.184736842105263,2994350.28248588,41232.6578018327
"625","365","365-625",2.05895654610867,"0.000012114735272743073",1,0,0,1.21147352727431e-05,NA,NA,"Russia (USSR)",NA,2,9,"AF",0.072,NA,NA,"Sudan (Anglo-Egyptian Sudan) (Mahdist State)",NA,2,8,"AF",0.184736842105263,NA,20768873.5509889
"625","452","452-625",0.0493613758149167,"8.568426346837497e-8",0,1,0,8.5684263468375e-08,NA,NA,"Ghana (Gold Coast)",NA,0,9,"AF",0.0729166666666667,NA,NA,"Sudan (Anglo-Egyptian Sudan) (Mahdist State)",NA,2,8,"AF",0.184736842105263,146892.655367232,NA
"625","482","482-625",6.18140709823388,"1.836503697910015e-8|0.0000011960204532592275",0,1,0,1.19602045325923e-06,NA,NA,"Central African Republic (Ubangi Shari)",NA,0,2,"AF",0.0416666666666667,NA,NA,"Sudan (Anglo-Egyptian Sudan) (Mahdist State)",NA,2,8,"AF",0.184736842105263,2050395.40682534,31484.0664852434
"625","483","483-625",1.07301634341192,"3.6384400762458645e-8",0,1,0,3.63844007624587e-08,NA,NA,"Chad",NA,0,9,"AF",0.0833333333333333,NA,NA,"Sudan (Anglo-Egyptian Sudan) (Mahdist State)",NA,2,8,"AF",0.184736842105263,62375.5287797475,NA
"625","500","500-625",0.200397026408101,"2.7823365288939026e-8",0.05,0.95,0.19,2.7823365288939e-08,NA,NA,"Uganda",NA,5,8,"AF",0.20030303030303,NA,NA,"Sudan (Anglo-Egyptian Sudan) (Mahdist State)",NA,2,8,"AF",0.184736842105263,47698.9337727482,NA
"625","501","501-625",3.94974218261595,"0.000006555834819909176",0.05,0.95,0.19,6.55583481990918e-06,NA,NA,"Kenya (British East Africa Protectorate)",NA,5,14,"WE",0.274666666666667,NA,NA,"Sudan (Anglo-Egyptian Sudan) (Mahdist State)",NA,2,8,"AF",0.184736842105263,11238983.0508475,NA
"625","512","512-625",2.84906421374935,"5.068621323447405e-9|8.660584301330461e-7",0.05,0.95,0.19,8.66058430133046e-07,NA,NA,"Tanzania (Tanganyika)",NA,5,8,"ME",0.255,NA,NA,"Sudan (Anglo-Egyptian Sudan) (Mahdist State)",NA,2,8,"AF",0.184736842105263,1484725.63520808,8689.38139996926
"625","520","520-625",2.60164135108524,"6.728723912648978e-8|1.984342581248215e-9",0.45,0.55,0.99,6.72872391264898e-08,NA,NA,"Somalia",NA,2,1,"AF",0.662105263157895,NA,NA,"Sudan (Anglo-Egyptian Sudan) (Mahdist State)",NA,2,8,"AF",0.184736842105263,3401.85395916254,115353.751406967
"625","552","552-625",1.17496953808933,"3.471547842883759e-10|5.260881777559172e-7",0,1,0,5.26088177755917e-07,NA,NA,"Zimbabwe (Rhodesia) (Southern Rhodesia)",NA,5,8,"AF",0.0812,NA,NA,"Sudan (Anglo-Egyptian Sudan) (Mahdist State)",NA,2,8,"AF",0.184736842105263,901898.27466274,595.144149268198
"625","616","616-625",1.06558343854093,"0.0000013515645616732224|4.4549002444780767e-7",0.35,0.65,0.91,1.35156456167322e-06,NA,NA,"Tunisia (Regency of Tunis)",NA,0,8,"AS",0.622037037037037,NA,NA,"Sudan (Anglo-Egyptian Sudan) (Mahdist State)",NA,2,8,"AF",0.184736842105263,2317052.15553035,763724.98264987
"625","620","620-625",3.54929444842405,"0.000050412006856758784|0.0000013946162463121833",1,0,0,5.04120068567588e-05,NA,NA,"Libya",NA,2,3,"AS",0.0628125,NA,NA,"Sudan (Anglo-Egyptian Sudan) (Mahdist State)",NA,2,8,"AF",0.184736842105263,86423728.8135593,2390857.72984078
"630","135","135-630",0.273507113007542,"0.000008232280390153861",0,1,0,8.23228039015386e-06,NA,NA,"Peru",NA,4,3,"AS",0.025,NA,NA,"Iran (Persia)",NA,2,7,"ME",0.181707317073171,14112994.3502825,NA
"630","140","140-630",2.00475934717596,"0.00014123106459090567|0.00028720706004880224",0,1,0,0.000287207060048802,NA,NA,"Brazil",NA,4,5,"LA",0.0085,NA,NA,"Iran (Persia)",NA,2,7,"ME",0.181707317073171,242119209.039548,492372881.355932
"630","160","160-630",1.48046589879632,"0.00010658496221232763",0,1,0,0.000106584962212328,NA,NA,"Argentina (La Plata)",NA,4,5,"LA",0.0110869565217391,NA,NA,"Iran (Persia)",NA,2,7,"ME",0.181707317073171,182723728.813559,NA
"630","200","200-630",0.26374020672663,"0.00029966965329775484|0.00042008357939668213",0,1,0,0.000420083579396682,NA,NA,"United Kingdom",NA,4,1,"AS",0.0107228915662651,NA,NA,"Iran (Persia)",NA,2,7,"ME",0.181707317073171,513738104.571932,720169491.525424
"630","225","225-630",0.978263020209096,"0.00010364813360220748|0.00032803890714007774",1,0,0,0.000328038907140078,NA,NA,"Switzerland",NA,2,14,"WE",0.0813157894736842,NA,NA,"Iran (Persia)",NA,2,7,"ME",0.181707317073171,177688982.228403,562372881.355932
"630","230","230-630",0.106755070130479,"0.00012970448542987448|0.00009491179953419994",0,1,0,0.000129704485429874,NA,NA,"Spain",NA,0,3,"AS",0.0329310344827586,NA,NA,"Iran (Persia)",NA,2,7,"ME",0.181707317073171,222358639.80866,162711864.40678
"630","255","255-630",0.554849637631959,"0.00047014296255378266|0.0013400565783540984",1,0,0,0.0013400565783541,NA,NA,"Germany (Zollverein)",NA,2,8,"AF",0.083728813559322,NA,NA,"Iran (Persia)",NA,2,7,"ME",0.181707317073171,2297323466.04594,805988700.564972
"630","290","290-630",1.55811242419297,"0.00002595912618285104|0.00012631837764395392",1,0,0,0.000126318377643954,NA,NA,"Poland",NA,2,1,"AS",0.112,NA,NA,"Iran (Persia)",NA,2,7,"ME",0.181707317073171,44502978.9795583,216553672.316384
"630","30","30-630",4.4326874560091,"0.00023958638285195548",0,1,0,0.000239586382851955,NA,NA,"Bermuda",NA,4,1,"AS",0.0364285714285714,NA,NA,"Iran (Persia)",NA,2,7,"ME",0.181707317073171,NA,410734463.276836
"630","305","305-630",0.401770336675462,"0.000025870056470259304|0.00012417282496899717",1,0,0,0.000124172824968997,NA,NA,"Austria",NA,2,1,"AS",0.0331034482758621,NA,NA,"Iran (Persia)",NA,2,7,"ME",0.181707317073171,212875448.13732,44350282.4858757
"630","31","31-630",1.77759671462884,"0.000021322199409245576",0,1,0,2.13221994092456e-05,NA,NA,"Bahamas",NA,3,7,"ME",0.353076923076923,NA,NA,"Iran (Persia)",NA,2,7,"ME",0.181707317073171,NA,36553672.3163842
"630","310","310-630",1.3040296704698,"0.000020234668372916213|0.0000734907336671062",1,0,0,7.34907336671062e-05,NA,NA,"Hungary",NA,2,2,"WE",0.0875,NA,NA,"Iran (Persia)",NA,2,7,"ME",0.181707317073171,125988700.564972,34689265.5367232
"630","325","325-630",0.539591180470876,"0.00037190265893869616|0.0005762988637552815",1,0,0,0.000576298863755282,NA,NA,"Italy",NA,2,9,"AF",0.112337662337662,NA,NA,"Iran (Persia)",NA,2,7,"ME",0.181707317073171,987976869.444373,637570621.468927
"630","350","350-630",1.73387232255621,"0.0001969419840334646|0.000006195737125647612",1,0,0,0.000196941984033465,NA,NA,"Greece",NA,2,2,"WE",0.0898305084745763,NA,NA,"Iran (Persia)",NA,2,7,"ME",0.181707317073171,10621650.2482936,337627118.644068
"630","355","355-630",1.58089126378468,"0.000012226485287218074|0.00002022268455984365",1,0,0,2.02226845598436e-05,NA,NA,"Bulgaria",NA,2,10,"AF",0.1,NA,NA,"Iran (Persia)",NA,2,7,"ME",0.181707317073171,34668721.109399,20960451.9774011
"630","360","360-630",1.90373567500208,"0.0000181584727581056|0.00004261144333254175",1,0,0,4.26114433325417e-05,NA,NA,"Romania",NA,2,3,"AS",0.119583333333333,NA,NA,"Iran (Persia)",NA,2,7,"ME",0.181707317073171,31129943.5028249,73050847.4576271
"630","365","365-630",0.328064786506274,"0.00009998694437040344",1,0,0,9.99869443704034e-05,NA,NA,"Russia (USSR)",NA,2,9,"AF",0.072,NA,NA,"Iran (Persia)",NA,2,7,"ME",0.181707317073171,NA,171412429.378531
"630","380","380-630",0.837333446276405,"0.0002340366598539405|0.0000036251034544312383",0,1,0,0.00023403665985394,NA,NA,"Sweden",NA,3,5,"LA",0.0137837837837838,NA,NA,"Iran (Persia)",NA,2,7,"ME",0.181707317073171,401220306.129043,6214689.26553672
"630","385","385-630",0.852773051896804,"0.00002027606351321284|0.00009669139577546611",0,1,0,9.66913957754661e-05,NA,NA,"Norway",NA,3,11,"WE",0.0225806451612903,NA,NA,"Iran (Persia)",NA,2,7,"ME",0.181707317073171,34760231.2173667,165762711.864407
"630","433","433-630",0.641576856275297,"0.000002204505864578837",0,1,0,2.20450586457884e-06,NA,NA,"Senegal",NA,0,9,"AF",0.0743243243243243,NA,NA,"Iran (Persia)",NA,2,7,"ME",0.181707317073171,3779290.46843171,NA
"630","600","600-630",0.05959357178825,"0.000009500694274187947",0,1,0,9.50069427418795e-06,NA,NA,"Morocco",NA,0,5,"LA",0.0397916666666667,NA,NA,"Iran (Persia)",NA,2,7,"ME",0.181707317073171,16287497.2985304,NA
"630","616","616-630",0.478334638045638,"0.000011666006908637689",0.35,0.65,0.91,1.16660069086377e-05,NA,NA,"Tunisia (Regency of Tunis)",NA,0,8,"AS",0.622037037037037,NA,NA,"Iran (Persia)",NA,2,7,"ME",0.181707317073171,19999596.9268587,NA
"630","625","625-630",0.108116121193946,"0.0000025046169321524915",1,0,0,2.50461693215249e-06,NA,NA,"Sudan (Anglo-Egyptian Sudan) (Mahdist State)",NA,2,8,"AF",0.184736842105263,NA,NA,"Iran (Persia)",NA,2,7,"ME",0.181707317073171,NA,4293785.31073446
"640","160","160-640",0.382846488912304,"8.222393744369032e-7|0.000035149991758743785",0,1,0,3.51499917587438e-05,NA,NA,"Argentina (La Plata)",NA,4,5,"LA",0.0110869565217391,NA,NA,"Turkey (Ottoman Empire)",NA,2,1,"AS",0.16046511627907,60259322.0338983,1409604.51977401
"640","200","200-640",0.19648337831382,"0.0004295783599187674|0.0002227939149864517",0,1,0,0.000429578359918767,NA,NA,"United Kingdom",NA,4,1,"AS",0.0107228915662651,NA,NA,"Turkey (Ottoman Empire)",NA,2,1,"AS",0.16046511627907,736446850.594198,381946327.683616
"640","225","225-640",0.255552034747558,"0.00015776370012426195|0.00008117825987451703",1,0,0,0.000157763700124262,NA,NA,"Switzerland",NA,2,14,"WE",0.0813157894736842,NA,NA,"Turkey (Ottoman Empire)",NA,2,1,"AS",0.16046511627907,270461901.564526,139167796.61017
"640","255","255-640",0.936843668513383,"0.001425685599472481|0.0011247447006182657",1,0,0,0.00142568559947248,NA,NA,"Germany (Zollverein)",NA,2,8,"AF",0.083728813559322,NA,NA,"Turkey (Ottoman Empire)",NA,2,1,"AS",0.16046511627907,2444121416.79472,1928203954.80226
"640","290","290-640",0.801071657222224,"0.0000361859585169821|0.000046579613395706",1,0,0,4.6579613395706e-05,NA,NA,"Poland",NA,2,1,"AS",0.112,NA,NA,"Turkey (Ottoman Empire)",NA,2,1,"AS",0.16046511627907,62035329.6907299,79853672.3163842
"640","305","305-640",0.0784722662010591,"0.00007019452596244978|0.00007890498957786674",1,0,0,7.89049895778667e-05,NA,NA,"Austria",NA,2,1,"AS",0.0331034482758621,NA,NA,"Turkey (Ottoman Empire)",NA,2,1,"AS",0.16046511627907,135270619.967394,120337853.107345
"640","310","310-640",0.650004343963515,"0.00003776698689798364|0.000011392711492698916",1,0,0,3.77669868979836e-05,NA,NA,"Hungary",NA,2,2,"WE",0.0875,NA,NA,"Turkey (Ottoman Empire)",NA,2,1,"AS",0.16046511627907,64745762.7118644,19531073.4463277
"640","315","315-640",0.527432045254518,"0.00002114061468166449",1,0,0,2.11406146816645e-05,NA,NA,"Czechoslovakia",NA,2,11,"WE",0.105,NA,NA,"Turkey (Ottoman Empire)",NA,2,1,"AS",0.16046511627907,NA,36242372.8813559
"640","325","325-640",0.562484766426568,"0.0005827867459860196|0.00032018923994179654",1,0,0,0.00058278674598602,NA,NA,"Italy",NA,2,9,"AF",0.112337662337662,NA,NA,"Turkey (Ottoman Empire)",NA,2,1,"AS",0.16046511627907,999099358.10222,548915819.20904
"640","338","338-640",0.440230938294681,"0.000004895537437779643|0.000001228931193128659",1,0,0,4.89553743777964e-06,NA,NA,"Malta",NA,2,3,"AS",0.243571428571429,NA,NA,"Turkey (Ottoman Empire)",NA,2,1,"AS",0.16046511627907,2106815.87160888,8392655.36723164
"640","339","339-640",2.59854816016845,"1.3242113445112453e-7|0.000007037973579348481",1,0,0,7.03797357934848e-06,NA,NA,"Albania",NA,2,14,"WE",0.115454545454545,NA,NA,"Turkey (Ottoman Empire)",NA,2,1,"AS",0.16046511627907,227015.921931176,12065536.7231638
"640","345","345-640",0.430897174059585,"0.000027500364360174882",1,0,0,2.75003643601749e-05,NA,NA,"Yugoslavia (Kingdom of Serbs, Croats and Slovenes)",NA,2,9,"AF",0.012258064516129,NA,NA,"Turkey (Ottoman Empire)",NA,2,1,"AS",0.16046511627907,NA,47145197.740113
"640","350","350-640",0.700022602412502,"0.00003441618827306481|0.000047350771766921386",1,0,0,4.73507717669214e-05,NA,NA,"Greece",NA,2,2,"WE",0.0898305084745763,NA,NA,"Turkey (Ottoman Empire)",NA,2,1,"AS",0.16046511627907,59001327.4131136,81175706.2146893
"640","352","352-640",2.24088308741487,"0.00004334140734632038",1,0,0,4.33414073463204e-05,NA,NA,"Cyprus",NA,2,5,"LA",0.173877551020408,NA,NA,"Turkey (Ottoman Empire)",NA,2,1,"AS",0.16046511627907,NA,74302259.8870056
"640","355","355-640",2.32637417355514,"0.000042122803354510676|0.000025068908606830004",1,0,0,4.21228033545107e-05,NA,NA,"Bulgaria",NA,2,10,"AF",0.1,NA,NA,"Turkey (Ottoman Empire)",NA,2,1,"AS",0.16046511627907,72213148.4334876,42976836.1581921
"640","360","360-640",1.93720009121174,"0.00005038893801659421|0.00003463918172652845",1,0,0,5.03889380165942e-05,NA,NA,"Romania",NA,2,3,"AS",0.119583333333333,NA,NA,"Turkey (Ottoman Empire)",NA,2,1,"AS",0.16046511627907,86384180.7909604,59383615.819209
"640","365","365-640",1.26806805900066,"0.00020122850409089952",1,0,0,0.0002012285040909,NA,NA,"Russia (USSR)",NA,2,9,"AF",0.072,NA,NA,"Turkey (Ottoman Empire)",NA,2,1,"AS",0.16046511627907,NA,344975706.214689
"640","483","483-640",0.685847137127448,"4.2248932987098605e-7",0,1,0,4.22489329870986e-07,NA,NA,"Chad",NA,0,9,"AF",0.0833333333333333,NA,NA,"Turkey (Ottoman Empire)",NA,2,1,"AS",0.16046511627907,NA,724293.785310734
"640","500","500-640",0.93979440017956,"0.0000013317311872142418",0.05,0.95,0.19,1.33173118721424e-06,NA,NA,"Uganda",NA,5,8,"AF",0.20030303030303,NA,NA,"Turkey (Ottoman Empire)",NA,2,1,"AS",0.16046511627907,NA,2283050.84745763
"640","530","530-640",0.84231441149233,"0.000002830876243051306",0.55,0.45,0.99,2.83087624305131e-06,NA,NA,"Ethiopia (Abyssinia)",NA,2,3,"AS",0.587391304347826,NA,NA,"Turkey (Ottoman Empire)",NA,2,1,"AS",0.16046511627907,NA,4853107.34463277
"640","560","560-640",0.0653723528981134,"0.0000192489697881704",0,1,0,1.92489697881704e-05,NA,NA,"South Africa",NA,5,8,"AF",0,NA,NA,"Turkey (Ottoman Empire)",NA,2,1,"AS",0.16046511627907,NA,32999435.0282486
"640","600","600-640",0.824360697495508,"0.0000201747810682955|0.000008897981206331229",0,1,0,2.01747810682955e-05,NA,NA,"Morocco",NA,0,5,"LA",0.0397916666666667,NA,NA,"Turkey (Ottoman Empire)",NA,2,1,"AS",0.16046511627907,34586597.8490705,15254237.2881356
"640","615","615-640",1.81428153992416,"0.00006784381114968078|0.00001770170972284722",0,1,0,6.78438111496808e-05,NA,NA,"Algeria (Regency of Algiers)",NA,0,3,"AS",0.0284375,NA,NA,"Turkey (Ottoman Empire)",NA,2,1,"AS",0.16046511627907,30346892.6553672,116307909.60452
"640","616","616-640",0.979825686549984,"0.000017684243315294086|0.000008493131272237666",0.35,0.65,0.91,1.76842433152941e-05,NA,NA,"Tunisia (Regency of Tunis)",NA,0,8,"AS",0.622037037037037,NA,NA,"Turkey (Ottoman Empire)",NA,2,1,"AS",0.16046511627907,14560183.5676855,30316949.1525424
"640","620","620-640",2.33195134934772,"0.0000782584038194019|0.00008114662260800539",1,0,0,8.11466226080054e-05,NA,NA,"Libya",NA,2,3,"AS",0.0628125,NA,NA,"Turkey (Ottoman Empire)",NA,2,1,"AS",0.16046511627907,139113559.322034,134162146.892655
"640","625","625-640",1.30655459104089,"0.000006527163547133209",1,0,0,6.52716354713321e-06,NA,NA,"Sudan (Anglo-Egyptian Sudan) (Mahdist State)",NA,2,8,"AF",0.184736842105263,NA,NA,"Turkey (Ottoman Empire)",NA,2,1,"AS",0.16046511627907,NA,11189830.5084746
"640","630","630-640",1.76596942848839,"0.00010572119892559452|0.00016046124975208485",1,0,0,0.000160461249752085,NA,NA,"Iran (Persia)",NA,2,7,"ME",0.181707317073171,NA,NA,"Turkey (Ottoman Empire)",NA,2,1,"AS",0.16046511627907,181242937.853107,275086440.677966
"640","80","640-80",0.794263445006803,"7.016222958621906e-7",0,1,0,7.01622295862191e-07,NA,NA,"Belize (British Honduras)",NA,4,5,"LA",0,NA,NA,"Turkey (Ottoman Empire)",NA,2,1,"AS",0.16046511627907,NA,1202824.85875706
"645","235","235-645",3.79982409393368,"0.0000027524048655634318|0.000055363851691177746",0,1,0,5.53638516911777e-05,NA,NA,"Portugal",NA,0,3,"AS",0.0425531914893617,NA,NA,"Iraq (Mesopotamia)",NA,2,7,"ME",0.202631578947368,4718580.08673351,94912914.659952
"645","350","350-645",0.877709412981967,"4.6332888008700275e-7|0.0000024087083787314485",1,0,0,2.40870837873145e-06,NA,NA,"Greece",NA,2,2,"WE",0.0898305084745763,NA,NA,"Iraq (Mesopotamia)",NA,2,7,"ME",0.202631578947368,794306.991148096,4129364.66318292
"645","352","352-645",1.6829733322469,"1.9051409650735668e-7|1.4756543394127258e-7",1,0,0,1.90514096507357e-07,NA,NA,"Cyprus",NA,2,5,"LA",0.173877551020408,NA,NA,"Iraq (Mesopotamia)",NA,2,7,"ME",0.202631578947368,326607.481794877,252978.523180652
"645","385","385-645",0.15535976714004,"0.0000015736184615415198",0,1,0,1.57361846154152e-06,NA,NA,"Norway",NA,3,11,"WE",0.0225806451612903,NA,NA,"Iraq (Mesopotamia)",NA,2,7,"ME",0.202631578947368,2697729.83969277,NA
"645","390","390-645",0.430427540806085,"1.9709179796653723e-8|0.0000021759015782103376",0,1,0,2.17590157821034e-06,NA,NA,"Denmark",NA,3,11,"WE",0.0130769230769231,NA,NA,"Iraq (Mesopotamia)",NA,2,7,"ME",0.202631578947368,3730252.76408003,33788.3951877491
"645","433","433-645",3.3775791978144,"6.813175112070709e-7",0,1,0,6.81317511207071e-07,NA,NA,"Senegal",NA,0,9,"AF",0.0743243243243243,NA,NA,"Iraq (Mesopotamia)",NA,2,7,"ME",0.202631578947368,1168015.38950427,NA
"645","501","501-645",1.11358922831403,"1.19628413996231e-7",0.05,0.95,0.19,1.19628413996231e-07,NA,NA,"Kenya (British East Africa Protectorate)",NA,5,14,"WE",0.274666666666667,NA,NA,"Iraq (Mesopotamia)",NA,2,7,"ME",0.202631578947368,205084.745762712,NA
"645","616","616-645",0.883318174330644,"3.6183044089793943e-7|3.504385847440208e-7",0.35,0.65,0.91,3.6183044089794e-07,NA,NA,"Tunisia (Regency of Tunis)",NA,0,8,"AS",0.622037037037037,NA,NA,"Iraq (Mesopotamia)",NA,2,7,"ME",0.202631578947368,600773.726381898,620303.333479802
"645","640","640-645",4.29541510048743,"2.2469649510937473e-8|0.00004033685569231588",1,0,0,4.03368556923159e-05,NA,NA,"Turkey (Ottoman Empire)",NA,2,1,"AS",0.16046511627907,NA,NA,"Iraq (Mesopotamia)",NA,2,7,"ME",0.202631578947368,69151412.4293785,38520.8012326657
"651","100","100-651",0.667184698706416,"0.000003739458990675573|8.601381832786849e-8",0,1,0,3.73945899067557e-06,NA,NA,"Colombia (New Granada) (Gran Colombia)",NA,4,5,"LA",0.0134210526315789,NA,NA,"Egypt Arab Republic (Egypt)",NA,2,8,"AF",0.217818181818182,147457.627118644,6410734.46327684
"651","140","140-651",0.325308466206192,"0.00005372568096896845|4.0765936119376757e-7",0,1,0,5.37256809689684e-05,NA,NA,"Brazil",NA,4,5,"LA",0.0085,NA,NA,"Egypt Arab Republic (Egypt)",NA,2,8,"AF",0.217818181818182,92104519.7740113,698870.056497175
"651","160","160-651",1.12346977736235,"0.000046495247351675595|6.063809414684984e-8",0,1,0,4.64952473516756e-05,NA,NA,"Argentina (La Plata)",NA,4,5,"LA",0.0110869565217391,NA,NA,"Egypt Arab Republic (Egypt)",NA,2,8,"AF",0.217818181818182,79709039.5480226,103954.802259887
"651","2","2-651",0.530377272558802,"0.000896553995252742|0.00009170094653815194",0,1,0,0.000896553995252742,NA,NA,"United States of America",NA,4,8,"AS",0.00662337662337662,NA,NA,"Egypt Arab Republic (Egypt)",NA,2,8,"AF",0.217818181818182,1537005649.71751,157207344.632768
"651","220","220-651",0.69418309575121,"0.0004856806385938486|0.00007127085213355637",0,1,0,0.000485680638593849,NA,NA,"France",NA,0,9,"AF",0.0404166666666667,NA,NA,"Egypt Arab Republic (Egypt)",NA,2,8,"AF",0.217818181818182,832625686.16039,122183050.847458
"651","230","230-651",0.610178292474889,"0.000058453831401169147|0.00005829298176669234",0,1,0,5.84538314011691e-05,NA,NA,"Spain",NA,0,3,"AS",0.0329310344827586,NA,NA,"Egypt Arab Republic (Egypt)",NA,2,8,"AF",0.217818181818182,100210215.544134,99934463.2768362
"651","235","235-651",0.790364734986895,"0.0000029472872901232983|0.000019888635770447752",0,1,0,1.98886357704478e-05,NA,NA,"Portugal",NA,0,3,"AS",0.0425531914893617,NA,NA,"Egypt Arab Republic (Egypt)",NA,2,8,"AF",0.217818181818182,5052676.40348097,34096045.1977401
"651","310","310-651",0.387637313307552,"0.000018323250187852464|0.0000025580048193904823",1,0,0,1.83232501878525e-05,NA,NA,"Hungary",NA,2,2,"WE",0.0875,NA,NA,"Egypt Arab Republic (Egypt)",NA,2,8,"AF",0.217818181818182,31412429.3785311,4385310.73446328
"651","325","325-651",1.14628827167045,"0.0003725192892738774|0.00017873177116241825",1,0,0,0.000372519289273877,NA,NA,"Italy",NA,2,9,"AF",0.112337662337662,NA,NA,"Egypt Arab Republic (Egypt)",NA,2,8,"AF",0.217818181818182,638627740.520294,306408474.576271
"651","339","339-651",3.34057399644137,"0.0000039431238938427094|0.000001075547223256873",1,0,0,3.94312389384271e-06,NA,NA,"Albania",NA,2,14,"WE",0.115454545454545,NA,NA,"Egypt Arab Republic (Egypt)",NA,2,8,"AF",0.217818181818182,1843862.35233693,6759887.00564972
"651","350","350-651",1.84035173415407,"0.00002089792411044825|0.00004594357251688306",1,0,0,4.59435725168831e-05,NA,NA,"Greece",NA,2,2,"WE",0.0898305084745763,NA,NA,"Egypt Arab Republic (Egypt)",NA,2,8,"AF",0.217818181818182,35826316.7586152,78763276.8361582
"651","352","352-651",2.62882330808206,"0.00001526339135817342|0.000004537311305509939",1,0,0,1.52633913581734e-05,NA,NA,"Cyprus",NA,2,5,"LA",0.173877551020408,NA,NA,"Egypt Arab Republic (Egypt)",NA,2,8,"AF",0.217818181818182,26166766.1686662,7778531.07344633
"651","355","355-651",2.03212319889523,"0.0000051380598548343624|0.0000064553205877635766",1,0,0,6.45532058776358e-06,NA,NA,"Bulgaria",NA,2,10,"AF",0.1,NA,NA,"Egypt Arab Republic (Egypt)",NA,2,8,"AF",0.217818181818182,8808423.21520288,11066666.6666667
"651","360","360-651",3.42545209612503,"0.000022838151762916836|0.000040930054439404654",1,0,0,4.09300544394047e-05,NA,NA,"Romania",NA,2,3,"AS",0.119583333333333,NA,NA,"Egypt Arab Republic (Egypt)",NA,2,8,"AF",0.217818181818182,39152542.3728814,70168361.5819209
"651","365","365-651",1.6215695473945,"0.00007644486342760815",1,0,0,7.64448634276082e-05,NA,NA,"Russia (USSR)",NA,2,9,"AF",0.072,NA,NA,"Egypt Arab Republic (Egypt)",NA,2,8,"AF",0.217818181818182,NA,131053107.344633
"651","375","375-651",0.131988062569396,"0.00003297729476686807|1.740049658126997e-7",0,1,0,3.29772947668681e-05,NA,NA,"Finland",NA,3,10,"AF",0.0110869565217391,NA,NA,"Egypt Arab Republic (Egypt)",NA,2,8,"AF",0.217818181818182,56534563.0463531,298305.084745763
"651","380","380-651",0.0356014494476699,"0.00006544103834241256|0.0000013389813941231023",0,1,0,6.54410383424126e-05,NA,NA,"Sweden",NA,3,5,"LA",0.0137837837837838,NA,NA,"Egypt Arab Republic (Egypt)",NA,2,8,"AF",0.217818181818182,112188720.577073,2295480.2259887
"651","40","40-651",0.434822080011407,"0.000002106754338145494",0,1,0,2.10675433814549e-06,NA,NA,"Cuba",NA,4,5,"LA",0,NA,NA,"Egypt Arab Republic (Egypt)",NA,2,8,"AF",0.217818181818182,3611710.32357473,NA
"651","450","450-651",0.396599041287156,"0.0000025161513522347754",0,1,0,2.51615135223478e-06,NA,NA,"Liberia",NA,1,11,"AF",0.530952380952381,NA,NA,"Egypt Arab Republic (Egypt)",NA,2,8,"AF",0.217818181818182,NA,4313559.3220339
"651","490","490-651",0.182638882607114,"2.405750474304366e-8|0.0000013823328379128712",0,1,0,1.38233283791287e-06,NA,NA,"Democratic Republic of the Congo (Zaire) (Kinshasa) (Belgian Congo) (Congo Free State)",NA,0,9,"AF",0.644285714285714,NA,NA,"Egypt Arab Republic (Egypt)",NA,2,8,"AF",0.217818181818182,2369799.69183359,41242.9378531073
"651","500","500-651",1.31301601799105,"2.9000827635449928e-8|8.193932188321851e-7",0.05,0.95,0.19,8.19393218832185e-07,NA,NA,"Uganda",NA,5,8,"AF",0.20030303030303,NA,NA,"Egypt Arab Republic (Egypt)",NA,2,8,"AF",0.217818181818182,1404725.21828454,49717.5141242938
"651","501","501-651",2.22383824132543,"9.830621458698554e-7|0.000011296811028586246",0.05,0.95,0.19,1.12968110285862e-05,NA,NA,"Kenya (British East Africa Protectorate)",NA,5,14,"WE",0.274666666666667,NA,NA,"Egypt Arab Republic (Egypt)",NA,2,8,"AF",0.217818181818182,19366666.6666667,1685310.73446328
"651","512","512-651",0.586887950585146,"4.272229360346248e-7|7.790676878432211e-7",0.05,0.95,0.19,7.79067687843221e-07,NA,NA,"Tanzania (Tanganyika)",NA,5,8,"ME",0.255,NA,NA,"Egypt Arab Republic (Egypt)",NA,2,8,"AF",0.217818181818182,732408.834103751,1335593.22033898
"651","517","517-651",0.211571183940876,"1.117190973683812e-7|1.3511749239243711e-8",0.05,0.95,0.19,1.11719097368381e-07,NA,NA,"Rwanda",NA,5,1,"AS",0.188636363636364,NA,NA,"Egypt Arab Republic (Egypt)",NA,2,8,"AF",0.217818181818182,191525.423728814,23163.8418079096
"651","520","520-651",0.541128209300679,"5.272877751899985e-8|2.1600823063181172e-7",0.45,0.55,0.99,2.16008230631812e-07,NA,NA,"Somalia",NA,2,1,"AF",0.662105263157895,NA,NA,"Egypt Arab Republic (Egypt)",NA,2,8,"AF",0.217818181818182,370313.302516692,90395.4802259887
"651","522","522-651",1.47019730430349,"8.119033356618699e-8|5.777096686925423e-7",0.45,0.55,0.99,5.77709668692542e-07,NA,NA,"Djibouti (Afar and Issas) (French Somaliland)",NA,2,1,"AF",0.595185185185185,NA,NA,"Egypt Arab Republic (Egypt)",NA,2,8,"AF",0.217818181818182,139188.495120698,990395.480225989
"651","530","530-651",0.664892738072239,"6.324157753685034e-7",0.55,0.45,0.99,6.32415775368503e-07,NA,NA,"Ethiopia (Abyssinia)",NA,2,3,"AS",0.587391304347826,NA,NA,"Egypt Arab Republic (Egypt)",NA,2,8,"AF",0.217818181818182,NA,1084180.79096045
"651","54","54-651",0.184631179763644,"6.821785591520614e-8",0,1,0,6.82178559152061e-08,NA,NA,"Dominica",NA,4,5,"LA",0,NA,NA,"Egypt Arab Republic (Egypt)",NA,2,8,"AF",0.217818181818182,NA,116949.152542373
"651","552","552-651",0.218799592264066,"0.000001957391196028815",0,1,0,1.95739119602882e-06,NA,NA,"Zimbabwe (Rhodesia) (Southern Rhodesia)",NA,5,8,"AF",0.0812,NA,NA,"Egypt Arab Republic (Egypt)",NA,2,8,"AF",0.217818181818182,3355649.90277634,NA
"651","553","553-651",1.66963165526103,"1.3182194379749978e-9|0.0000029573054709661734",0,1,0,2.95730547096617e-06,NA,NA,"Malawi (Nyasaland) (British Central Africa Protectorate)",NA,5,8,"AF",0.101714285714286,NA,NA,"Egypt Arab Republic (Egypt)",NA,2,8,"AF",0.217818181818182,5069851.05290189,2259.88700564972
"651","600","600-651",0.937570366806916,"0.0000064777303182091256|9.646070737382032e-7",0,1,0,6.47773031820913e-06,NA,NA,"Morocco",NA,0,5,"LA",0.0397916666666667,NA,NA,"Egypt Arab Republic (Egypt)",NA,2,8,"AF",0.217818181818182,1653672.31638418,11105084.7457627
"651","616","616-651",1.04708357574423,"0.0000050458144537087885|0.0000037696381518275545",0.35,0.65,0.91,5.04581445370879e-06,NA,NA,"Tunisia (Regency of Tunis)",NA,0,8,"AS",0.622037037037037,NA,NA,"Egypt Arab Republic (Egypt)",NA,2,8,"AF",0.217818181818182,6462472.05124136,8650282.4858757
"651","620","620-651",2.96553181883213,"0.000039339293132628316|0.000006316577991916669",1,0,0,3.93392931326283e-05,NA,NA,"Libya",NA,2,3,"AS",0.0628125,NA,NA,"Egypt Arab Republic (Egypt)",NA,2,8,"AF",0.217818181818182,10828813.559322,67441242.9378531
"651","625","625-651",2.87826525296421,"0.000008383875625520975|9.5690747383912e-7",1,0,0,8.38387562552097e-06,NA,NA,"Sudan (Anglo-Egyptian Sudan) (Mahdist State)",NA,2,8,"AF",0.184736842105263,NA,NA,"Egypt Arab Republic (Egypt)",NA,2,8,"AF",0.217818181818182,1640472.52182845,14372881.3559322
"651","640","640-651",1.17760262502479,"0.00005553922136076255|0.000008667622359545091",1,0,0,5.55392213607625e-05,NA,NA,"Turkey (Ottoman Empire)",NA,2,1,"AS",0.16046511627907,NA,NA,"Egypt Arab Republic (Egypt)",NA,2,8,"AF",0.217818181818182,95213559.3220339,14859322.0338983
"651","645","645-651",2.08403437623938,"0.0000011788177324091406|6.800813918643712e-8",1,0,0,1.17881773240914e-06,NA,NA,"Iraq (Mesopotamia)",NA,2,7,"ME",0.202631578947368,NA,NA,"Egypt Arab Republic (Egypt)",NA,2,8,"AF",0.217818181818182,116589.625064201,2020903.95480226
"651","90","651-90",1.66566176103181,"0.000007957530503793889|1.6477742974687472e-9",0,1,0,7.95753050379389e-06,NA,NA,"Guatemala",NA,4,5,"LA",0,NA,NA,"Egypt Arab Republic (Egypt)",NA,2,8,"AF",0.217818181818182,13641977.4011299,2824.85875706215
"652","140","140-652",0.171736418349642,"0.000009282571727360433|4.4886986608462686e-7",0,1,0,9.28257172736043e-06,NA,NA,"Brazil",NA,4,5,"LA",0.0085,NA,NA,"Syria",NA,2,7,"ME",0.218157894736842,15913559.3220339,769519.20778126
"652","160","160-652",1.30326564822566,"9.764805903574245e-8|0.000011211785874836862",0,1,0,1.12117858748369e-05,NA,NA,"Argentina (La Plata)",NA,4,5,"LA",0.0110869565217391,NA,NA,"Syria",NA,2,7,"ME",0.218157894736842,19220903.9548023,167402.765719175
"652","210","210-652",0.0415110047199873,"0.000030519047918801424|0.000017728084387259357",0,1,0,3.05190479188014e-05,NA,NA,"Netherlands",NA,0,8,"AF",0.0270588235294118,NA,NA,"Syria",NA,2,7,"ME",0.218157894736842,52320272.2017581,30392108.0115259
"652","220","220-652",1.01101804752921,"0.00006636958703508432|0.0001999721272003551",0,1,0,0.000199972127200355,NA,NA,"France",NA,0,9,"AF",0.0404166666666667,NA,NA,"Syria",NA,2,7,"ME",0.218157894736842,113780576.275928,342821838.863513
"652","230","230-652",0.00368010718903177,"0.000014693527083854495|0.00000775659107069307",0,1,0,1.46935270838545e-05,NA,NA,"Spain",NA,0,3,"AS",0.0329310344827586,NA,NA,"Syria",NA,2,7,"ME",0.218157894736842,25189820.4254782,13297497.2632215
"652","290","290-652",0.372377912559117,"0.000006490777461154235|0.000005420424614903619",1,0,0,6.49077746115423e-06,NA,NA,"Poland",NA,2,1,"AS",0.112,NA,NA,"Syria",NA,2,7,"ME",0.218157894736842,9292494.70872763,11127452.0906471
"652","305","305-652",0.12976204178568,"0.000011880393087708471|0.0000016410510847449967",1,0,0,1.18803930877085e-05,NA,NA,"Austria",NA,2,1,"AS",0.0331034482758621,NA,NA,"Syria",NA,2,7,"ME",0.218157894736842,20367129.468343,2813332.83001774
"652","310","310-652",1.08514985673959,"2.80143649825332e-7|0.000007414984338609378",1,0,0,7.41498433860938e-06,NA,NA,"Hungary",NA,2,2,"WE",0.0875,NA,NA,"Syria",NA,2,7,"ME",0.218157894736842,12711864.4067797,480263.737369924
"652","325","325-652",1.53462128172376,"0.00007869317288184063|0.0002531508315097104",1,0,0,0.00025315083150971,NA,NA,"Italy",NA,2,9,"AF",0.112337662337662,NA,NA,"Syria",NA,2,7,"ME",0.218157894736842,134907492.414318,433988650.233412
"652","350","350-652",1.61006588896933,"0.000010864410133674914|0.000006847166453527945",1,0,0,1.08644101336749e-05,NA,NA,"Greece",NA,2,2,"WE",0.0898305084745763,NA,NA,"Syria",NA,2,7,"ME",0.218157894736842,18625381.0085349,11738426.8871189
"652","352","352-652",3.39285895887157,"0.000003008094552237867|0.000006601602713218188",1,0,0,6.60160271321819e-06,NA,NA,"Cyprus",NA,2,5,"LA",0.173877551020408,NA,NA,"Syria",NA,2,7,"ME",0.218157894736842,11317445.1523652,5156921.21852705
"652","355","355-652",3.78983706241896,"0.00002312638381931593|0.000026206290503965497",1,0,0,2.62062905039655e-05,NA,NA,"Bulgaria",NA,2,10,"AF",0.1,NA,NA,"Syria",NA,2,7,"ME",0.218157894736842,39646672.454796,44926704.6669938
"652","360","360-652",2.83103418791891,"0.000018751671505194305|0.000019884356695100656",1,0,0,1.98843566951007e-05,NA,NA,"Romania",NA,2,3,"AS",0.119583333333333,NA,NA,"Syria",NA,2,7,"ME",0.218157894736842,32146892.6553672,34088709.3729946
"652","365","365-652",2.68716165499234,"0.00021313550245628026",1,0,0,0.00021313550245628,NA,NA,"Russia (USSR)",NA,2,9,"AF",0.072,NA,NA,"Syria",NA,2,7,"ME",0.218157894736842,NA,365388446.390598
"652","375","375-652",0.16269690191435,"0.000006850678449959073",0,1,0,6.85067844995907e-06,NA,NA,"Finland",NA,3,10,"AF",0.0110869565217391,NA,NA,"Syria",NA,2,7,"ME",0.218157894736842,11744447.6715725,NA
"652","380","380-652",0.168678285021086,"4.337206182005487e-7|0.000015060056279065228",0,1,0,1.50600562790652e-05,NA,NA,"Sweden",NA,3,5,"LA",0.0137837837837838,NA,NA,"Syria",NA,2,7,"ME",0.218157894736842,25818179.0595463,743548.123261989
"652","40","40-652",3.20240567130661,"0.000006756815442363064",0,1,0,6.75681544236306e-06,NA,NA,"Cuba",NA,4,5,"LA",0,NA,NA,"Syria",NA,2,7,"ME",0.218157894736842,11583533.8016456,NA
"652","552","552-652",0.277261911743801,"4.180703530918775e-7",0,1,0,4.18070353091877e-07,NA,NA,"Zimbabwe (Rhodesia) (Southern Rhodesia)",NA,5,8,"AF",0.0812,NA,NA,"Syria",NA,2,7,"ME",0.218157894736842,716718.120809294,NA
"652","600","600-652",0.634685407753311,"0.000004596299423433745|7.678628226204351e-8",0,1,0,4.59629942343374e-06,NA,NA,"Morocco",NA,0,5,"LA",0.0397916666666667,NA,NA,"Syria",NA,2,7,"ME",0.218157894736842,131638.418079096,7879657.2420822
"652","615","615-652",1.40765639134277,"0.000011576491540067777",0,1,0,1.15764915400678e-05,NA,NA,"Algeria (Regency of Algiers)",NA,0,3,"AS",0.0284375,NA,NA,"Syria",NA,2,7,"ME",0.218157894736842,NA,19846136.423691
"652","616","616-652",1.58707431177454,"0.000007578851639122911|0.000004439946140015517",0.35,0.65,0.91,7.57885163912291e-06,NA,NA,"Tunisia (Regency of Tunis)",NA,0,8,"AS",0.622037037037037,NA,NA,"Syria",NA,2,7,"ME",0.218157894736842,7611613.28573582,12992790.0041524
"652","620","620-652",1.7699595263576,"0.000001090826584924309|0.000011432015864026042",1,0,0,1.1432015864026e-05,NA,NA,"Libya",NA,2,3,"AS",0.0628125,NA,NA,"Syria",NA,2,7,"ME",0.218157894736842,1870056.49717514,19598454.8211342
"652","625","625-652",0.626749622115774,"2.3123154328487896e-7|1.7607397514316769e-7",1,0,0,2.31231543284879e-07,NA,NA,"Sudan (Anglo-Egyptian Sudan) (Mahdist State)",NA,2,8,"AF",0.184736842105263,NA,NA,"Syria",NA,2,7,"ME",0.218157894736842,301852.086986661,396411.359832899
"652","640","640-652",3.22941403922552,"0.000030427235016162928|0.00008707070076226513",1,0,0,8.70707007622651e-05,NA,NA,"Turkey (Ottoman Empire)",NA,2,1,"AS",0.16046511627907,NA,NA,"Syria",NA,2,7,"ME",0.218157894736842,149269491.525424,52162872.925396
"652","651","651-652",1.84018998334223,"0.000005789949326445676|0.000004478158777143961",1,0,0,5.78994932644568e-06,NA,NA,"Egypt Arab Republic (Egypt)",NA,2,8,"AF",0.217818181818182,NA,NA,"Syria",NA,2,7,"ME",0.218157894736842,9925988.70056497,7677123.04807921
"660","140","140-660",0.206069797940379,"0.000012604155156197943|9.715936367594686e-8",0,1,0,1.26041551561979e-05,NA,NA,"Brazil",NA,4,5,"LA",0.0085,NA,NA,"Lebanon",NA,2,7,"ME",0.217777777777778,21607909.6045198,166564.971751412
"660","165","165-660",0.0976430278772707,"5.813347721469732e-7",0,1,0,5.81334772146973e-07,NA,NA,"Uruguay",NA,4,5,"LA",0,NA,NA,"Lebanon",NA,2,7,"ME",0.217777777777778,996610.169491525,NA
"660","220","220-660",0.422903182554448,"0.0000978705274873487|0.000009583102512519862",0,1,0,9.78705274873487e-05,NA,NA,"France",NA,0,9,"AF",0.0404166666666667,NA,NA,"Lebanon",NA,2,7,"ME",0.217777777777778,167784154.089327,16428773.7063877
"660","225","225-660",1.60909136124592,"0.00004095122121912666|0.000019752631983119283",1,0,0,4.09512212191267e-05,NA,NA,"Switzerland",NA,2,14,"WE",0.0813157894736842,NA,NA,"Lebanon",NA,2,7,"ME",0.217777777777778,70204648.8107898,33862887.3616101
"660","230","230-660",0.208342337622022,"0.00002365616631091537|6.458313024710905e-7",0,1,0,2.36561663109154e-05,NA,NA,"Spain",NA,0,3,"AS",0.0329310344827586,NA,NA,"Lebanon",NA,2,7,"ME",0.217777777777778,40554904.0694242,1107179.67452998
"660","290","290-660",0.148739370365692,"0.000005686472635978683",1,0,0,5.68647263597868e-06,NA,NA,"Poland",NA,2,1,"AS",0.112,NA,NA,"Lebanon",NA,2,7,"ME",0.217777777777778,9748593.63155186,NA
"660","310","310-660",1.05348674524949,"0.000009425268981521236|8.987859804375001e-8",1,0,0,9.42526898152124e-06,NA,NA,"Hungary",NA,2,2,"WE",0.0875,NA,NA,"Lebanon",NA,2,7,"ME",0.217777777777778,16158192.0903955,154083.204930663
"660","315","315-660",0.208019992284797,"6.26073178921206e-7",1,0,0,6.26073178921206e-07,NA,NA,"Czechoslovakia",NA,2,11,"WE",0.105,NA,NA,"Lebanon",NA,2,7,"ME",0.217777777777778,NA,1073307.37271125
"660","325","325-660",1.03135236569781,"0.00015526998550404524|0.000009253430014507147",1,0,0,0.000155269985504045,NA,NA,"Italy",NA,2,9,"AF",0.112337662337662,NA,NA,"Lebanon",NA,2,7,"ME",0.217777777777778,266186806.611683,15863600.2816023
"660","350","350-660",2.41254072649491,"0.00003180176143728842|0.0000014862166488778022",1,0,0,3.18017614372884e-05,NA,NA,"Greece",NA,2,2,"WE",0.0898305084745763,NA,NA,"Lebanon",NA,2,7,"ME",0.217777777777778,54519289.701343,2547892.70710399
"660","352","352-660",4.92802336014309,"0.000040206608644912554|0.000003746709550228897",1,0,0,4.02066086449126e-05,NA,NA,"Cyprus",NA,2,5,"LA",0.173877551020408,NA,NA,"Lebanon",NA,2,7,"ME",0.217777777777778,68928123.6494746,6423164.44636328
"660","360","360-660",3.21998232850993,"0.000027089409450386178|0.000005092127294286302",1,0,0,2.70894094503862e-05,NA,NA,"Romania",NA,2,3,"AS",0.119583333333333,NA,NA,"Lebanon",NA,2,7,"ME",0.217777777777778,46440677.9661017,8729678.81671469
"660","433","433-660",1.22431944699147,"9.113095707854572e-9|2.055854749984643e-7",0,1,0,2.05585474998464e-07,NA,NA,"Senegal",NA,0,9,"AF",0.0743243243243243,NA,NA,"Lebanon",NA,2,7,"ME",0.217777777777778,15623.0184278419,352445.07106727
"660","437","437-660",1.01713261944532,"4.6143559563884304e-7|2.7824300794279276e-7",0,1,0,4.61435595638843e-07,NA,NA,"Ivory Coast",NA,0,9,"AF",0.0872093023255814,NA,NA,"Lebanon",NA,2,7,"ME",0.217777777777778,791061.242527542,477005.375545627
"660","451","451-660",0.140806045609469,"1.255834206742867e-8",0,1,0,1.25583420674287e-08,NA,NA,"Sierra Leone",NA,0,7,"ME",0.0476190476190476,NA,NA,"Lebanon",NA,2,7,"ME",0.217777777777778,NA,21529.3700222501
"660","461","461-660",1.43914271087949,"3.6251034544312385e-9|1.6957095497587454e-7",0,1,0,1.69570954975875e-07,NA,NA,"Togo (French Togoland)",NA,0,9,"AF",0.0561224489795918,NA,NA,"Lebanon",NA,2,7,"ME",0.217777777777778,6214.68926553672,290703.64663585
"660","475","475-660",0.293122633093853,"5.332228383314608e-7|6.887467897372266e-8",0,1,0,5.33222838331461e-07,NA,NA,"Nigeria",NA,0,9,"AF",0.04,NA,NA,"Lebanon",NA,2,7,"ME",0.217777777777778,118075.175913135,914129.566555356
"660","522","522-660",1.85524014126934,"1.2972477650981255e-7",0.45,0.55,0.99,1.29724776509813e-07,NA,NA,"Djibouti (Afar and Issas) (French Somaliland)",NA,2,1,"AF",0.595185185185185,NA,NA,"Lebanon",NA,2,7,"ME",0.217777777777778,NA,222393.425783257
"660","600","600-660",1.34499002296977,"0.0000014874907976240612|0.000001594056855371264",0,1,0,1.59405685537126e-06,NA,NA,"Morocco",NA,0,5,"LA",0.0397916666666667,NA,NA,"Lebanon",NA,2,7,"ME",0.217777777777778,2732768.36158192,2550077.04160247
"660","616","616-660",1.47932347006872,"0.000001573048043968816|0.000001187796368441728",0.35,0.65,0.91,1.57304804396882e-06,NA,NA,"Tunisia (Regency of Tunis)",NA,0,8,"AS",0.622037037037037,NA,NA,"Lebanon",NA,2,7,"ME",0.217777777777778,2696751.94540354,2036296.46253957
"660","620","620-660",3.12708341743986,"0.0000023955342736600626|0.000007064457806238744",1,0,0,7.06445780623874e-06,NA,NA,"Libya",NA,2,3,"AS",0.0628125,NA,NA,"Lebanon",NA,2,7,"ME",0.217777777777778,4106779.66101695,12110939.9075501
"660","625","625-660",2.61320849528598,"6.021261616375536e-7|0.0000016839838648618903",1,0,0,1.68398386486189e-06,NA,NA,"Sudan (Anglo-Egyptian Sudan) (Mahdist State)",NA,2,8,"AF",0.184736842105263,NA,NA,"Lebanon",NA,2,7,"ME",0.217777777777778,2886934.56058517,1032253.84882563
"660","630","630-660",0.786800497594583,"0.000005305833237849358|0.0000024566816798624933",1,0,0,5.30583323784936e-06,NA,NA,"Iran (Persia)",NA,2,7,"ME",0.181707317073171,NA,NA,"Lebanon",NA,2,7,"ME",0.217777777777778,9096045.19774011,4211607.60143811
"660","640","640-660",1.88551469467215,"0.00002979604351140835|0.00000154740986298656",1,0,0,2.97960435114084e-05,NA,NA,"Turkey (Ottoman Empire)",NA,2,1,"AS",0.16046511627907,NA,NA,"Lebanon",NA,2,7,"ME",0.217777777777778,51080790.960452,2652799.17822291
"660","651","651-660",2.04835283794782,"0.000005111395870748048|0.000005407396053638791",1,0,0,5.40739605363879e-06,NA,NA,"Egypt Arab Republic (Egypt)",NA,2,8,"AF",0.217818181818182,NA,NA,"Lebanon",NA,2,7,"ME",0.217777777777778,8762711.86440678,9270159.21931175
"660","652","652-660",4.53937837408768,"0.00010848725781977775|0.000008818111360853603",1,0,0,0.000108487257819778,NA,NA,"Syria",NA,2,7,"ME",0.218157894736842,NA,NA,"Lebanon",NA,2,7,"ME",0.217777777777778,185984925.698036,15117312.5692774
"663","140","140-663",0.042744101519521,"0.000008512072465864022|0.0000011271806438067656",0,1,0,8.51207246586402e-06,NA,NA,"Brazil",NA,4,5,"LA",0.0085,NA,NA,"Jordan (Transjordan)",NA,2,8,"AF",0.264791666666667,14592655.3672316,1932380.00941017
"663","200","200-663",0.112282781479421,"0.00005234543296907929",0,1,0,5.23454329690793e-05,NA,NA,"United Kingdom",NA,4,1,"AS",0.0107228915662651,NA,NA,"Jordan (Transjordan)",NA,2,8,"AF",0.264791666666667,89738294.220309,NA
"663","305","305-663",0.123569139627281,"0.000012317679991457811|6.854688157600115e-8",1,0,0,1.23176799914578e-05,NA,NA,"Austria",NA,2,1,"AS",0.0331034482758621,NA,NA,"Jordan (Transjordan)",NA,2,8,"AF",0.264791666666667,21116791.446505,117513.217062995
"663","345","345-663",0.749686149713174,"0.000002597312053863982",1,0,0,2.59731205386398e-06,NA,NA,"Yugoslavia (Kingdom of Serbs, Croats and Slovenes)",NA,2,9,"AF",0.012258064516129,NA,NA,"Jordan (Transjordan)",NA,2,8,"AF",0.264791666666667,NA,4452697.01769936
"663","350","350-663",0.921116040667378,"0.0000056909750870123186|0.0000011529122851708722",1,0,0,5.69097508701232e-06,NA,NA,"Greece",NA,2,2,"WE",0.0898305084745763,NA,NA,"Jordan (Transjordan)",NA,2,8,"AF",0.264791666666667,9756312.39998401,1976493.00022004
"663","352","352-663",3.5425409172429,"0.000007999136047864532|3.2130573276485316e-7",1,0,0,7.99913604786453e-06,NA,NA,"Cyprus",NA,2,5,"LA",0.173877551020408,NA,NA,"Jordan (Transjordan)",NA,2,8,"AF",0.264791666666667,13713303.7870863,550829.876573118
"663","355","355-663",2.05758366684059,"0.000004267635195472936|4.493327733324434e-7",1,0,0,4.26763519547294e-06,NA,NA,"Bulgaria",NA,2,10,"AF",0.1,NA,NA,"Jordan (Transjordan)",NA,2,8,"AF",0.264791666666667,7316212.3431574,770312.791947921
"663","360","360-663",2.07960422839077,"0.000009227536065824963|9.56841747155389e-7",1,0,0,9.22753606582496e-06,NA,NA,"Romania",NA,2,3,"AS",0.119583333333333,NA,NA,"Jordan (Transjordan)",NA,2,8,"AF",0.264791666666667,15819209.039548,1640359.84341224
"663","365","365-663",1.43452242422529,"0.000016319885261615096",1,0,0,1.63198852616151e-05,NA,NA,"Russia (USSR)",NA,2,9,"AF",0.072,NA,NA,"Jordan (Transjordan)",NA,2,8,"AF",0.264791666666667,NA,27977964.4981368
"663","40","40-663",1.73885155477032,"0.0000016312338679893816",0,1,0,1.63123386798938e-06,NA,NA,"Cuba",NA,4,5,"LA",0,NA,NA,"Jordan (Transjordan)",NA,2,8,"AF",0.264791666666667,2796502.70300054,NA
"663","500","500-663",2.60017924457073,"6.238350615427049e-7|3.388162400751354e-10",0.05,0.95,0.19,6.23835061542705e-07,NA,NA,"Uganda",NA,5,8,"AF",0.20030303030303,NA,NA,"Jordan (Transjordan)",NA,2,8,"AF",0.264791666666667,1069470.46040736,580.848981733356
"663","501","501-663",0.297936790626513,"3.4603260246843664e-7",0.05,0.95,0.19,3.46032602468437e-07,NA,NA,"Kenya (British East Africa Protectorate)",NA,5,14,"WE",0.274666666666667,NA,NA,"Jordan (Transjordan)",NA,2,8,"AF",0.264791666666667,593220.338983051,NA
"663","516","516-663",0.284927185522852,"2.4510645606290526e-8",0.05,0.95,0.19,2.45106456062905e-08,NA,NA,"Burundi",NA,5,8,"AS",0.244,NA,NA,"Jordan (Transjordan)",NA,2,8,"AF",0.264791666666667,42019.7790368131,NA
"663","522","522-663",0.708356358875125,"6.941425115059327e-8",0.45,0.55,0.99,6.94142511505933e-08,NA,NA,"Djibouti (Afar and Issas) (French Somaliland)",NA,2,1,"AF",0.595185185185185,NA,NA,"Jordan (Transjordan)",NA,2,8,"AF",0.264791666666667,NA,119000.190456232
"663","530","530-663",4.03652113904226,"0.000004741160196382617",0.55,0.45,0.99,4.74116019638262e-06,NA,NA,"Ethiopia (Abyssinia)",NA,2,3,"AS",0.587391304347826,NA,NA,"Jordan (Transjordan)",NA,2,8,"AF",0.264791666666667,NA,8127999.03479497
"663","552","552-663",1.67117885015813,"5.098956922226762e-7",0,1,0,5.09895692222676e-07,NA,NA,"Zimbabwe (Rhodesia) (Southern Rhodesia)",NA,5,8,"AF",0.0812,NA,NA,"Jordan (Transjordan)",NA,2,8,"AF",0.264791666666667,NA,874138.717648503
"663","553","553-663",1.92798797864395,"8.047638137850116e-7",0,1,0,8.04763813785012e-07,NA,NA,"Malawi (Nyasaland) (British Central Africa Protectorate)",NA,5,8,"AF",0.101714285714286,NA,NA,"Jordan (Transjordan)",NA,2,8,"AF",0.264791666666667,1379645.32535163,NA
"663","590","590-663",1.22422473846903,"3.548388600682877e-7",0,1,0,3.54838860068288e-07,NA,NA,"Mauritius",NA,5,8,"AF",0.150526315789474,NA,NA,"Jordan (Transjordan)",NA,2,8,"AF",0.264791666666667,NA,608317.330079525
"663","616","616-663",1.60198140842083,"0.0000021663832946692173|0.00000470153227226825",0.35,0.65,0.91,4.70153227226825e-06,NA,NA,"Tunisia (Regency of Tunis)",NA,0,8,"AS",0.622037037037037,NA,NA,"Jordan (Transjordan)",NA,2,8,"AF",0.264791666666667,8060062.9778783,3713935.11265493
"663","620","620-663",2.6089490346967,"0.000004830944685318867|0.000007088705630480827",1,0,0,7.08870563048083e-06,NA,NA,"Libya",NA,2,3,"AS",0.0628125,NA,NA,"Jordan (Transjordan)",NA,2,8,"AF",0.264791666666667,8281920.9039548,12152509.1192772
"663","625","625-663",3.20668535093947,"0.000002996940968800605|4.5255685186836143e-7",1,0,0,2.9969409688006e-06,NA,NA,"Sudan (Anglo-Egyptian Sudan) (Mahdist State)",NA,2,8,"AF",0.184736842105263,NA,NA,"Jordan (Transjordan)",NA,2,8,"AF",0.264791666666667,775839.984901249,5137800.09381126
"663","630","630-663",2.15370984215776,"0.00001623682397633747",1,0,0,1.62368239763375e-05,NA,NA,"Iran (Persia)",NA,2,7,"ME",0.181707317073171,NA,NA,"Jordan (Transjordan)",NA,2,8,"AF",0.264791666666667,NA,27835568.5404806
"663","640","640-663",2.6753581742262,"0.000052195887311198465|0.000006866360377070696",1,0,0,5.21958873111985e-05,NA,NA,"Turkey (Ottoman Empire)",NA,2,1,"AS",0.16046511627907,NA,NA,"Jordan (Transjordan)",NA,2,8,"AF",0.264791666666667,89481920.9039548,11771331.9537202
"663","645","645-663",7.0494121173786,"0.0000826297011510119|0.00004349958754590002",1,0,0,8.26297011510119e-05,NA,NA,"Iraq (Mesopotamia)",NA,2,7,"ME",0.202631578947368,NA,NA,"Jordan (Transjordan)",NA,2,8,"AF",0.264791666666667,141656072.22326,74573435.8136254
"663","651","651-663",2.52573404247824,"0.000011989205788382603|0.000002484988177977475",1,0,0,1.19892057883826e-05,NA,NA,"Egypt Arab Republic (Egypt)",NA,2,8,"AF",0.217818181818182,NA,NA,"Jordan (Transjordan)",NA,2,8,"AF",0.264791666666667,20553672.3163842,4260134.79305938
"663","652","652-663",3.198162440009,"0.000005490606230686398|0.00002256051830823506",1,0,0,2.25605183082351e-05,NA,NA,"Syria",NA,2,7,"ME",0.218157894736842,NA,NA,"Jordan (Transjordan)",NA,2,8,"AF",0.264791666666667,38676581.9838184,9412810.42929282
"663","660","660-663",4.1487311749565,"0.0000092841132443381|0.000006355099739423675",1,0,0,9.2841132443381e-06,NA,NA,"Lebanon",NA,2,7,"ME",0.217777777777778,NA,NA,"Jordan (Transjordan)",NA,2,8,"AF",0.264791666666667,15916202.0187553,10894853.2444595
"666","130","130-666",0.361039484855107,"0.000003822836370127489",0,1,0,3.82283637012749e-06,NA,NA,"Ecuador",NA,4,5,"LA",0,NA,NA,"Israel",NA,2,9,"AF",0.0355172413793103,NA,6553672.31638418
"666","135","135-666",0.501830688104412,"0.000005371744209748111|3.509759253608426e-7",0,1,0,5.37174420974811e-06,NA,NA,"Peru",NA,4,3,"AS",0.025,NA,NA,"Israel",NA,2,9,"AF",0.0355172413793103,601694.915254237,9209039.5480226
"666","140","140-666",0.0832998936019972,"0.000024189326686841175|0.000016305056228312758",0,1,0,2.41893266868412e-05,NA,NA,"Brazil",NA,4,5,"LA",0.0085,NA,NA,"Israel",NA,2,9,"AF",0.0355172413793103,27952542.3728814,41468926.5536723
"666","155","155-666",0.543727302739835,"0.000013116283407851221",0,1,0,1.31162834078512e-05,NA,NA,"Chile",NA,4,12,"WE",0,NA,NA,"Israel",NA,2,9,"AF",0.0355172413793103,NA,22485875.7062147
"666","160","160-666",0.396945572711746,"0.000009754823841014968|0.000024351467677712093",0,1,0,2.43514676777121e-05,NA,NA,"Argentina (La Plata)",NA,4,5,"LA",0.0110869565217391,NA,NA,"Israel",NA,2,9,"AF",0.0355172413793103,41746892.6553672,16723163.8418079
"666","165","165-666",1.73333780471363,"0.000001581863325569995|0.000012227144396937105",0,1,0,1.22271443969371e-05,NA,NA,"Uruguay",NA,4,5,"LA",0,NA,NA,"Israel",NA,2,9,"AF",0.0355172413793103,20961581.920904,2711864.40677966
"666","2","2-666",0.837964607294234,"0.0011342948708915346|0.0012708624046657436",0,1,0,0.00127086240466574,NA,NA,"United States of America",NA,4,8,"AS",0.00662337662337662,NA,NA,"Israel",NA,2,9,"AF",0.0355172413793103,2178700564.97175,1944576271.18644
"666","200","200-666",0.254895463193992,"0.0003080847564007393|0.00023955342736600626",0,1,0,0.000308084756400739,NA,NA,"United Kingdom",NA,4,1,"AS",0.0107228915662651,NA,NA,"Israel",NA,2,9,"AF",0.0355172413793103,528164520.694919,410677966.101695
"666","210","210-666",0.0360416254163399,"0.00014022559271459041|0.00011576964327914939",0,1,0,0.00014022559271459,NA,NA,"Netherlands",NA,0,8,"AF",0.0270588235294118,NA,NA,"Israel",NA,2,9,"AF",0.0355172413793103,198469469.466445,240395480.225989
"666","225","225-666",1.05822259538383,"0.00008327851299407047|0.00024048015239218183",1,0,0,0.000240480152392182,NA,NA,"Switzerland",NA,2,14,"WE",0.0813157894736842,NA,NA,"Israel",NA,2,9,"AF",0.0355172413793103,412266695.401334,142768361.581921
"666","255","255-666",0.15584819592594,"0.0002393886499362595|0.0006070648891104426",1,0,0,0.000607064889110443,NA,NA,"Germany (Zollverein)",NA,2,8,"AF",0.083728813559322,NA,NA,"Israel",NA,2,9,"AF",0.0355172413793103,1040720546.94804,410395480.225989
"666","310","310-666",0.0167964761479684,"0.000007810450170001868|0.00001347879375329436",1,0,0,1.34787937532944e-05,NA,NA,"Hungary",NA,2,2,"WE",0.0875,NA,NA,"Israel",NA,2,9,"AF",0.0355172413793103,23107344.6327684,13389830.5084746
"666","325","325-666",0.508375481262533,"0.0001457621143540855|0.00037712650994142777",1,0,0,0.000377126509941428,NA,NA,"Italy",NA,2,9,"AF",0.112337662337662,NA,NA,"Israel",NA,2,9,"AF",0.0355172413793103,646526120.576616,249887005.649718
"666","350","350-666",0.547743514660769,"0.00003460326024684367|0.00001740366356593481",1,0,0,3.46032602468437e-05,NA,NA,"Greece",NA,2,2,"WE",0.0898305084745763,NA,NA,"Israel",NA,2,9,"AF",0.0355172413793103,29835937.7887595,59322033.8983051
"666","352","352-666",1.38190560646994,"0.0000047507655082241284|0.0000065910971898749894",1,0,0,6.59109718987499e-06,NA,NA,"Cyprus",NA,2,5,"LA",0.173877551020408,NA,NA,"Israel",NA,2,9,"AF",0.0355172413793103,8144465.8830226,11299435.0282486
"666","360","360-666",0.793105982540592,"0.000008074094057596841|0.000009425268981521236",1,0,0,9.42526898152124e-06,NA,NA,"Romania",NA,2,3,"AS",0.119583333333333,NA,NA,"Israel",NA,2,9,"AF",0.0355172413793103,16158192.0903955,13841807.9096045
"666","395","395-666",0.666359085594306,"5.602432611393735e-7|0.00000414522103390793",0,1,0,4.14522103390793e-06,NA,NA,"Iceland",NA,3,14,"WE",0,NA,NA,"Israel",NA,2,9,"AF",0.0355172413793103,7106351.85630763,960451.97740113
"666","450","450-666",0.433769041307674,"7.489883170312472e-7|0.0000015159523536712487",0,1,0,1.51595235367125e-06,NA,NA,"Liberia",NA,1,11,"AF",0.530952380952381,NA,NA,"Israel",NA,2,9,"AF",0.0355172413793103,1284026.70775552,2598870.05649718
"666","475","475-666",0.14695255398741,"0.000008271826973293115|1.7389064332037608e-7",0,1,0,8.27182697329312e-06,NA,NA,"Nigeria",NA,0,9,"AF",0.04,NA,NA,"Israel",NA,2,9,"AF",0.0355172413793103,298109.096196806,14180790.960452
"666","481","481-666",0.978954054799079,"1.318219437974998e-7|0.0000092574955985062",0,1,0,9.2574955985062e-06,NA,NA,"Gabon",NA,0,9,"AF",0.101851851851852,NA,NA,"Israel",NA,2,9,"AF",0.0355172413793103,15870570.1078582,225988.700564972
"666","501","501-666",1.02186818896765,"0.000005635388097343108|0.000003611591705191994",0.05,0.95,0.19,5.63538809734311e-06,NA,NA,"Kenya (British East Africa Protectorate)",NA,5,14,"WE",0.274666666666667,NA,NA,"Israel",NA,2,9,"AF",0.0355172413793103,6191525.42372881,9661016.94915254
"666","560","560-666",0.822090850339999,"0.000030022447699880533",0,1,0,3.00224476998805e-05,NA,NA,"South Africa",NA,5,8,"AF",0,NA,NA,"Israel",NA,2,9,"AF",0.0355172413793103,NA,51468926.5536723
"666","590","590-666",0.149599919172941,"1.6477742974687473e-7|0.000001852814742582689",0,1,0,1.85281474258269e-06,NA,NA,"Mauritius",NA,5,8,"AF",0.150526315789474,NA,NA,"Israel",NA,2,9,"AF",0.0355172413793103,3176369.45717551,282485.875706215
"666","640","640-666",0.5765300739247,"0.000025926080796373232|0.000035328280937729885",1,0,0,3.53282809377299e-05,NA,NA,"Turkey (Ottoman Empire)",NA,2,1,"AS",0.16046511627907,NA,NA,"Israel",NA,2,9,"AF",0.0355172413793103,44446327.6836158,60564971.7514124
"666","651","651-666",3.20321016598164,"0.000001581863325569995|0.00012164298285231617",1,0,0,0.000121642982852316,NA,NA,"Egypt Arab Republic (Egypt)",NA,2,8,"AF",0.217818181818182,NA,NA,"Israel",NA,2,9,"AF",0.0355172413793103,208538418.079096,2711864.40677966
"670","140","140-670",1.38510162755167,"0.0001180030494292079|0.00043411174858063605",0,1,0,0.000434111748580636,NA,NA,"Brazil",NA,4,5,"LA",0.0085,NA,NA,"Saudi Arabia (Emirate of Nejd) (Emirate of Diriyah)",NA,2,1,"AS",0.49,202298305.084746,744218656.890921
"670","165","165-670",0.298556680486758,"1.7599725473631464e-9|0.000006844195321966162",0,1,0,6.84419532196616e-06,NA,NA,"Uruguay",NA,4,5,"LA",0,NA,NA,"Saudi Arabia (Emirate of Nejd) (Emirate of Diriyah)",NA,2,1,"AS",0.49,11733333.3333333,3017.20561501965
"670","2","2-670",0.47812040250835,"0.003594084642272979|0.0021659004475648187",0,1,0,0.00359408464227298,NA,NA,"United States of America",NA,4,8,"AS",0.00662337662337662,NA,NA,"Saudi Arabia (Emirate of Nejd) (Emirate of Diriyah)",NA,2,1,"AS",0.49,3713107344.63277,6161512223.45424
"670","200","200-670",0.832435653356461,"0.0013026405646565274|0.000309167689499604",0,1,0,0.00130264056465653,NA,NA,"United Kingdom",NA,4,1,"AS",0.0107228915662651,NA,NA,"Saudi Arabia (Emirate of Nejd) (Emirate of Diriyah)",NA,2,1,"AS",0.49,2233179393.57782,530021045.009165
"670","210","210-670",0.368976661089055,"0.0009550620386248324|0.00019897134631283162",0,1,0,0.000955062038624832,NA,NA,"Netherlands",NA,0,8,"AF",0.0270588235294118,NA,NA,"Saudi Arabia (Emirate of Nejd) (Emirate of Diriyah)",NA,2,1,"AS",0.49,341106152.037736,1637308803.45168
"670","225","225-670",0.121666954548552,"9.651689449739459e-7|0.00022154051995782384",0.75,0.25,0.75,0.000221540519957824,NA,NA,"Switzerland",NA,2,14,"WE",0.0813157894736842,NA,NA,"Saudi Arabia (Emirate of Nejd) (Emirate of Diriyah)",NA,2,1,"AS",0.49,379797572.281789,1654635.55927677
"670","325","325-670",0.0411322912748594,"0.0005554958284652845|0.0006750900057216764",0.75,0.25,0.75,0.000675090005721676,NA,NA,"Italy",NA,2,9,"AF",0.112337662337662,NA,NA,"Saudi Arabia (Emirate of Nejd) (Emirate of Diriyah)",NA,2,1,"AS",0.49,952313225.156017,1157339277.2284
"670","338","338-670",0.181293958022999,"0.000004796353307673738|9.741448049655036e-8",0.75,0.25,0.75,4.79635330767374e-06,NA,NA,"Malta",NA,2,3,"AS",0.243571428571429,NA,NA,"Saudi Arabia (Emirate of Nejd) (Emirate of Diriyah)",NA,2,1,"AS",0.49,8222619.24097232,167002.330791338
"670","350","350-670",0.212436737239698,"0.000033931148266208085|0.0001061164007611051",0.75,0.25,0.75,0.000106116400761105,NA,NA,"Greece",NA,2,2,"WE",0.0898305084745763,NA,NA,"Saudi Arabia (Emirate of Nejd) (Emirate of Diriyah)",NA,2,1,"AS",0.49,58169799.9927627,181920451.37396
"670","352","352-670",1.30671262209108,"0.000010356728121284493|0.0000029397701444880302",0.75,0.25,0.75,1.03567281212845e-05,NA,NA,"Cyprus",NA,2,5,"LA",0.173877551020408,NA,NA,"Saudi Arabia (Emirate of Nejd) (Emirate of Diriyah)",NA,2,1,"AS",0.49,17755037.308729,5039789.39904807
"670","360","360-670",1.47011668535032,"0.00007757615794130019|0.000006492230732026882",0.75,0.25,0.75,7.75761579413002e-05,NA,NA,"Romania",NA,2,3,"AS",0.119583333333333,NA,NA,"Saudi Arabia (Emirate of Nejd) (Emirate of Diriyah)",NA,2,1,"AS",0.49,11129943.5028249,132992539.959117
"670","475","475-670",0.362241189128667,"0.00005008556274874238|9.956253270429932e-8",0,1,0,5.00855627487424e-05,NA,NA,"Nigeria",NA,0,9,"AF",0.04,NA,NA,"Saudi Arabia (Emirate of Nejd) (Emirate of Diriyah)",NA,2,1,"AS",0.49,170684.840039727,85864089.9730712
"670","501","501-670",0.56554120389125,"0.00001743235208437721|0.0000026812583368411394",0.3,0.7,0.84,1.74323520843772e-05,NA,NA,"Kenya (British East Africa Protectorate)",NA,5,14,"WE",0.274666666666667,NA,NA,"Saudi Arabia (Emirate of Nejd) (Emirate of Diriyah)",NA,2,1,"AS",0.49,4596610.16949152,29885119.8962081
"670","512","512-670",1.76911742510923,"0.00003403206115659685|6.680695792286171e-7",0.3,0.7,0.84,3.40320611565969e-05,NA,NA,"Tanzania (Tanganyika)",NA,5,8,"ME",0.255,NA,NA,"Saudi Arabia (Emirate of Nejd) (Emirate of Diriyah)",NA,2,1,"AS",0.49,1145303.8223195,58342799.8159503
"670","520","520-670",3.23869198952089,"8.403868913659008e-7|0.000008161392695883624",0.7,0.3,0.84,8.16139269588362e-06,NA,NA,"Somalia",NA,2,1,"AF",0.662105263157895,NA,NA,"Saudi Arabia (Emirate of Nejd) (Emirate of Diriyah)",NA,2,1,"AS",0.49,13991468.1653949,1440715.68117188
"670","522","522-670",1.66632066446693,"0.000009413741161335995|6.855093071979433e-7",0.7,0.3,0.84,9.413741161336e-06,NA,NA,"Djibouti (Afar and Issas) (French Somaliland)",NA,2,1,"AF",0.595185185185185,NA,NA,"Saudi Arabia (Emirate of Nejd) (Emirate of Diriyah)",NA,2,1,"AS",0.49,1175201.58705015,16138429.3936171
"670","530","530-670",2.09929037814672,"0.000030028915598992096|0.000004644017029677603",0.6,0.4,0.96,3.00289155989921e-05,NA,NA,"Ethiopia (Abyssinia)",NA,2,3,"AS",0.587391304347826,NA,NA,"Saudi Arabia (Emirate of Nejd) (Emirate of Diriyah)",NA,2,1,"AS",0.49,7961461.83029011,51480014.7843075
"670","541","541-670",1.44148799439416,"0.00001635331291558889",0.25,0.75,0.75,1.63533129155889e-05,NA,NA,"Mozambique (Portuguese East Africa)",NA,5,5,"LA",0.110666666666667,NA,NA,"Saudi Arabia (Emirate of Nejd) (Emirate of Diriyah)",NA,2,1,"AS",0.49,NA,28035271.1336396
"670","551","551-670",1.13322652646271,"5.907347855224369e-7|0.000009529908942136158",0.25,0.75,0.75,9.52990894213616e-06,NA,NA,"Zambia (Northern Rhodesia)",NA,5,8,"AF",0.135675675675676,NA,NA,"Saudi Arabia (Emirate of Nejd) (Emirate of Diriyah)",NA,2,1,"AS",0.49,16337581.4093913,1012725.06468134
"670","572","572-670",0.516001936910765,"5.840468898424596e-7",0.25,0.75,0.75,5.8404688984246e-07,NA,NA,"Eswatini (Swaziland)",NA,5,8,"AF",0.108333333333333,NA,NA,"Saudi Arabia (Emirate of Nejd) (Emirate of Diriyah)",NA,2,1,"AS",0.49,NA,1001259.68334427
"670","58","58-670",0.191039691601712,"0.0000011112466664050924",0,1,0,1.11124666640509e-06,NA,NA,"Antigua and Barbuda (Antigua)",NA,4,1,"AS",0,NA,NA,"Saudi Arabia (Emirate of Nejd) (Emirate of Diriyah)",NA,2,1,"AS",0.49,NA,1905063.62532341
"670","580","580-670",1.35339723884768,"0.000006390636316730349|0.0000018107017339078426",0.25,0.75,0.75,6.39063631673035e-06,NA,NA,"Madagascar (Malagasy Republic)",NA,5,8,"ME",0.183076923076923,NA,NA,"Saudi Arabia (Emirate of Nejd) (Emirate of Diriyah)",NA,2,1,"AS",0.49,3104173.10023262,10955775.3086979
"670","591","591-670",1.02875929338967,"0.0000020708716978548452",0.25,0.75,0.75,2.07087169785485e-06,NA,NA,"Seychelles",NA,5,8,"AF",0.254444444444444,NA,NA,"Saudi Arabia (Emirate of Nejd) (Emirate of Diriyah)",NA,2,1,"AS",0.49,NA,3550194.98691287
"670","600","600-670",1.0101716324088,"0.00009328901684690368|0.000037624263380648655",0,1,0,9.32890168469037e-05,NA,NA,"Morocco",NA,0,5,"LA",0.0397916666666667,NA,NA,"Saudi Arabia (Emirate of Nejd) (Emirate of Diriyah)",NA,2,1,"AS",0.49,64501084.9192797,159929849.969451
"670","625","625-670",2.13442474583907,"0.000013919710875722513|0.000010047203280383261",0.75,0.25,0.75,1.39197108757225e-05,NA,NA,"Sudan (Anglo-Egyptian Sudan) (Mahdist State)",NA,2,8,"AF",0.184736842105263,NA,NA,"Saudi Arabia (Emirate of Nejd) (Emirate of Diriyah)",NA,2,1,"AS",0.49,17224403.9818885,23863230.0694712
"670","640","640-670",1.55896543536975,"0.0004606819661295507|0.00015967723874134933",0.75,0.25,0.75,0.000460681966129551,NA,NA,"Turkey (Ottoman Empire)",NA,2,1,"AS",0.16046511627907,NA,NA,"Saudi Arabia (Emirate of Nejd) (Emirate of Diriyah)",NA,2,1,"AS",0.49,273742372.881356,789769259.200593
"670","651","651-670",1.47881592711852,"0.0002681806568289644|0.00003752838917971017",0.75,0.25,0.75,0.000268180656828964,NA,NA,"Egypt Arab Republic (Egypt)",NA,2,8,"AF",0.217818181818182,NA,NA,"Saudi Arabia (Emirate of Nejd) (Emirate of Diriyah)",NA,2,1,"AS",0.49,64336723.1638418,459755002.90406
"670","652","652-670",1.77321208532114,"0.000010860262598013793|0.00006571861168143101",0.75,0.25,0.75,6.5718611681431e-05,NA,NA,"Syria",NA,2,7,"ME",0.218157894736842,NA,NA,"Saudi Arabia (Emirate of Nejd) (Emirate of Diriyah)",NA,2,1,"AS",0.49,112664577.906962,18618270.6886018
"670","660","660-670",3.02539861565618,"0.00000905391477402758|0.00003656542964027344",0.75,0.25,0.75,3.65654296402734e-05,NA,NA,"Lebanon",NA,2,7,"ME",0.217777777777778,NA,NA,"Saudi Arabia (Emirate of Nejd) (Emirate of Diriyah)",NA,2,1,"AS",0.49,62685875.294778,15521561.7056263
"670","663","663-670",0.690431461383157,"0.000012940550148997016|0.0000059637350366057215",0.75,0.25,0.75,1.2940550148997e-05,NA,NA,"Jordan (Transjordan)",NA,2,8,"AF",0.264791666666667,NA,NA,"Saudi Arabia (Emirate of Nejd) (Emirate of Diriyah)",NA,2,1,"AS",0.49,10223917.9047964,22184607.725555
"670","90","670-90",0.618252132242723,"0.0000071064221236653555",0,1,0,7.10642212366536e-06,NA,NA,"Guatemala",NA,4,5,"LA",0,NA,NA,"Saudi Arabia (Emirate of Nejd) (Emirate of Diriyah)",NA,2,1,"AS",0.49,12182881.3559322,NA
"679","140","140-679",0.835960062629855,"0.000014624655999754117",0,1,0,1.46246559997541e-05,NA,NA,"Brazil",NA,4,5,"LA",0.0085,NA,NA,"Yemen",NA,2,1,"AS",0.479444444444445,25071751.4124294,NA
"679","2","2-679",0.746273107079613,"0.00005361028874807857|0.0000632086220509011",0,1,0,6.32086220509011e-05,NA,NA,"United States of America",NA,4,8,"AS",0.00662337662337662,NA,NA,"Yemen",NA,2,1,"AS",0.479444444444445,108361581.920904,91906697.3379056
"679","200","200-679",0.0464444816014795,"0.00003809312644983785|3.3929607307578687e-7",0,1,0,3.80931264498378e-05,NA,NA,"United Kingdom",NA,4,1,"AS",0.0107228915662651,NA,NA,"Yemen",NA,2,1,"AS",0.479444444444445,65304879.4370706,581671.582532446
"679","205","205-679",0.00617668835356594,"0.000004824748396124232",0,1,0,4.82474839612423e-06,NA,NA,"Ireland",NA,0,8,"AS",0.037037037037037,NA,NA,"Yemen",NA,2,1,"AS",0.479444444444445,8271298.30726808,NA
"679","325","325-679",2.42418576537604,"0.00009115778278002645|0.000021231754976868688",0.8,0.2,0.64,9.11577827800264e-05,NA,NA,"Italy",NA,2,9,"AF",0.112337662337662,NA,NA,"Yemen",NA,2,1,"AS",0.479444444444445,36398619.0744324,156276172.869125
"679","339","339-679",1.50468867523152,"1.5832902075594716e-7",0.8,0.2,0.64,1.58329020755947e-07,NA,NA,"Albania",NA,2,14,"WE",0.115454545454545,NA,NA,"Yemen",NA,2,1,"AS",0.479444444444445,271431.05792254,NA
"679","350","350-679",0.481137237054076,"0.0000028488353532910714",0.8,0.2,0.64,2.84883535329107e-06,NA,NA,"Greece",NA,2,2,"WE",0.0898305084745763,NA,NA,"Yemen",NA,2,1,"AS",0.479444444444445,4883895.51137853,NA
"679","352","352-679",2.15775400613805,"0.0000015566780492421654",0.8,0.2,0.64,1.55667804924217e-06,NA,NA,"Cyprus",NA,2,5,"LA",0.173877551020408,NA,NA,"Yemen",NA,2,1,"AS",0.479444444444445,2668688.07583859,NA
"679","355","355-679",0.194394286034279,"5.14725226765121e-7",0.8,0.2,0.64,5.14725226765121e-07,NA,NA,"Bulgaria",NA,2,10,"AF",0.1,NA,NA,"Yemen",NA,2,1,"AS",0.479444444444445,882418.221076683,NA
"679","501","501-679",1.49476123686087,"8.901276754926153e-7",0.25,0.75,0.75,8.90127675492615e-07,NA,NA,"Kenya (British East Africa Protectorate)",NA,5,14,"WE",0.274666666666667,NA,NA,"Yemen",NA,2,1,"AS",0.479444444444445,1525988.70056497,NA
"679","512","512-679",0.21443595142894,"7.628330636075096e-8|1.6813259806130272e-8",0.25,0.75,0.75,7.6283306360751e-08,NA,NA,"Tanzania (Tanganyika)",NA,5,8,"ME",0.255,NA,NA,"Yemen",NA,2,1,"AS",0.479444444444445,28823.7802173929,130776.142291969
"679","520","520-679",6.15673468201706,"0.000009692320422958186|7.227980477872463e-7",0.65,0.35,0.91,9.69232042295819e-06,NA,NA,"Somalia",NA,2,1,"AF",0.662105263157895,NA,NA,"Yemen",NA,2,1,"AS",0.479444444444445,16616011.2250234,1239127.46910531
"679","522","522-679",6.55940101943046,"8.003710359461864e-7|0.000014059028329580105",0.65,0.35,0.91,1.40590283295801e-05,NA,NA,"Djibouti (Afar and Issas) (French Somaliland)",NA,2,1,"AF",0.595185185185185,NA,NA,"Yemen",NA,2,1,"AS",0.479444444444445,24102068.6835616,1372114.57495402
"679","591","591-679",0.697575080600319,"1.577802199907627e-8",0.2,0.8,0.64,1.57780219990763e-08,NA,NA,"Seychelles",NA,5,8,"AF",0.254444444444444,NA,NA,"Yemen",NA,2,1,"AS",0.479444444444445,NA,27049.0222366484
"679","625","625-679",3.05705590571462,"2.332403252037357e-9|0.0000016222301163983025",0.8,0.2,0.64,1.6222301163983e-06,NA,NA,"Sudan (Anglo-Egyptian Sudan) (Mahdist State)",NA,2,8,"AF",0.184736842105263,NA,NA,"Yemen",NA,2,1,"AS",0.479444444444445,2781067.13845293,3998.55111324367
"679","640","640-679",1.95164982927056,"0.000019674095556917314",0.8,0.2,0.64,1.96740955569173e-05,NA,NA,"Turkey (Ottoman Empire)",NA,2,1,"AS",0.16046511627907,NA,NA,"Yemen",NA,2,1,"AS",0.479444444444445,33728248.5875706,NA
"679","645","645-679",4.10391822269768,"0.000006199802244297887",0.8,0.2,0.64,6.19980224429789e-06,NA,NA,"Iraq (Mesopotamia)",NA,2,7,"ME",0.202631578947368,NA,NA,"Yemen",NA,2,1,"AS",0.479444444444445,10628619.2767797,NA
"679","651","651-679",2.27774536731969,"0.000007271957529589087|7.968587110489988e-8",0.8,0.2,0.64,7.27195752958909e-06,NA,NA,"Egypt Arab Republic (Egypt)",NA,2,8,"AF",0.217818181818182,NA,NA,"Yemen",NA,2,1,"AS",0.479444444444445,12466666.6666667,136609.322739525
"679","652","652-679",0.597065491588201,"2.373563309426252e-7|5.916133606822776e-7",0.8,0.2,0.64,5.91613360682278e-07,NA,NA,"Syria",NA,2,7,"ME",0.218157894736842,NA,NA,"Yemen",NA,2,1,"AS",0.479444444444445,1014231.2483485,406911.377994797
"679","660","660-679",1.44373905664672,"4.82545545533806e-7|3.0101721970411555e-8",0.8,0.2,0.64,4.82545545533806e-07,NA,NA,"Lebanon",NA,2,7,"ME",0.217777777777778,NA,NA,"Yemen",NA,2,1,"AS",0.479444444444445,827251.045289689,51604.8302497448
"679","663","663-679",4.1989469916108,"0.000009079579379531048|0.000004183255695010895",0.8,0.2,0.64,9.07957937953105e-06,NA,NA,"Jordan (Transjordan)",NA,2,8,"AF",0.264791666666667,NA,NA,"Yemen",NA,2,1,"AS",0.479444444444445,7171556.50578763,15565559.773635
"679","670","670-679",1.00338693533813,"0.000027232143223977335|0.0000024691644027215254",0.95,0.05,0.19,2.72321432239773e-05,NA,NA,"Saudi Arabia (Emirate of Nejd) (Emirate of Diriyah)",NA,2,1,"AS",0.49,NA,NA,"Yemen",NA,2,1,"AS",0.479444444444445,46685373.3414798,4233007.33381316
"68","2","2-68",0.963753200190325,"0.00020729000662156815",1,0,0,0.000207290006621568,NA,NA,"United States of America",NA,4,8,"AS",0.00662337662337662,NA,NA,"Netherlands Antilles",NA,4,5,"LA",0,355367231.638418,NA
"68","42","42-68",1.4698023342762,"5.328902078013921e-7",1,0,0,5.32890207801392e-07,NA,NA,"Dominican Republic (Santo Domingo)",NA,4,5,"LA",0.017,NA,NA,"Netherlands Antilles",NA,4,5,"LA",0,913559.322033898,NA
"68","51","51-68",2.2072591019162,"0.000002018959845033183",1,0,0,2.01895984503318e-06,NA,NA,"Jamaica",NA,4,5,"LA",0,NA,NA,"Netherlands Antilles",NA,4,5,"LA",0,3461200,NA
"68","52","52-68",4.50303009121975,"0.00003074348822102961",1,0,0,3.07434882210296e-05,NA,NA,"Trinidad and Tobago",NA,4,5,"LA",0.021875,NA,NA,"Netherlands Antilles",NA,4,5,"LA",0,52705041.0103024,NA
"68","53","53-68",2.98246941775394,"5.437655181646863e-7",1,0,0,5.43765518164686e-07,NA,NA,"Barbados",NA,4,5,"LA",0.0182142857142857,NA,NA,"Netherlands Antilles",NA,4,5,"LA",0,932203.389830509,NA
"68","57","57-68",0.741040939231186,"2.697467553634018e-8",1,0,0,2.69746755363402e-08,NA,NA,"St. Vincent and the Grenadines",NA,4,5,"LA",0,NA,NA,"Netherlands Antilles",NA,4,5,"LA",0,46243.9840970914,NA
"690","2","2-690",0.724464837669321,"0.0004047592784302228|0.00001165425821300621",0,1,0,0.000404759278430223,NA,NA,"United States of America",NA,4,8,"AS",0.00662337662337662,NA,NA,"Kuwait",NA,2,1,"ME",0.4245,693898305.084746,19979455.5726759
"690","20","20-690",0.519717824134076,"0.00010064999167932324|2.3033005595391646e-9",0,1,0,0.000100649991679323,NA,NA,"Canada (Province of Canada)",NA,4,4,"AF",0.0392307692307692,NA,NA,"Kuwait",NA,2,1,"ME",0.4245,172549123.281225,3948.65896728418
"690","200","200-690",0.211028211931179,"0.00010221698537888177|0.000015431500248092995",0,1,0,0.000102216985378882,NA,NA,"United Kingdom",NA,4,1,"AS",0.0107228915662651,NA,NA,"Kuwait",NA,2,1,"ME",0.4245,175235495.972715,26454963.3268321
"690","220","220-690",0.243766038510618,"0.000036226754253362|0.000022468419663731384",0,1,0,3.6226754253362e-05,NA,NA,"France",NA,0,9,"AF",0.0404166666666667,NA,NA,"Kuwait",NA,2,1,"ME",0.4245,62105267.7844,38518692.846429
"690","310","310-690",0.408080721674237,"0.00000695360753531813",0.8,0.2,0.64,6.95360753531813e-06,NA,NA,"Hungary",NA,2,2,"WE",0.0875,NA,NA,"Kuwait",NA,2,1,"ME",0.4245,11920903.9548023,NA
"690","325","325-690",0.450622329491962,"0.00002072148945690858",0.8,0.2,0.64,2.07214894569086e-05,NA,NA,"Italy",NA,2,9,"AF",0.112337662337662,NA,NA,"Kuwait",NA,2,1,"ME",0.4245,NA,35523846.3433002
"690","350","350-690",1.07805294361542,"0.000007588602184457213|0.0000049831698950502855",0.8,0.2,0.64,7.58860218445721e-06,NA,NA,"Greece",NA,2,2,"WE",0.0898305084745763,NA,NA,"Kuwait",NA,2,1,"ME",0.4245,13009505.8331443,8542887.90496701
"690","352","352-690",1.23390246115607,"0.0000014066103788030151|4.8608147370721466e-9",0.8,0.2,0.64,1.40661037880302e-06,NA,NA,"Cyprus",NA,2,5,"LA",0.173877551020408,NA,NA,"Kuwait",NA,2,1,"ME",0.4245,2411419.84824021,8333.12857080503
"690","630","630-690",1.72248241431239,"0.000009527131392637456|0.000015719766797851844",0.8,0.2,0.64,1.57197667978518e-05,NA,NA,"Iran (Persia)",NA,2,7,"ME",0.181707317073171,NA,NA,"Kuwait",NA,2,1,"ME",0.4245,26949152.5423729,16332819.7226502
"690","651","651-690",2.53486969915114,"0.0000047976596445100015|0.000013382324058060684",0.8,0.2,0.64,1.33823240580607e-05,NA,NA,"Egypt Arab Republic (Egypt)",NA,2,8,"AF",0.217818181818182,NA,NA,"Kuwait",NA,2,1,"ME",0.4245,8224858.75706215,22941961.9928094
"690","652","652-690",1.22140696284501,"6.947408781228792e-8|0.00000552859470746262",0.8,0.2,0.64,5.52859470746262e-06,NA,NA,"Syria",NA,2,7,"ME",0.218157894736842,NA,NA,"Kuwait",NA,2,1,"ME",0.4245,9477935.90275943,119102.77132428
"690","670","670-690",2.26890385841556,"0.00021972905259319396|0.0000016267746250286162",0.95,0.05,0.19,0.000219729052593194,NA,NA,"Saudi Arabia (Emirate of Nejd) (Emirate of Diriyah)",NA,2,1,"AS",0.49,NA,NA,"Kuwait",NA,2,1,"ME",0.4245,376692086.623973,2788858.00824657
"690","679","679-690",5.29926904046072,"0.000034691692006506545",1,0,0,3.46916920065065e-05,NA,NA,"Yemen",NA,2,1,"AS",0.479444444444445,NA,NA,"Kuwait",NA,2,1,"ME",0.4245,NA,59473636.7185881
"692","2","2-692",0.0280169892379973,"0.00002992957314856865|0.00016513994009231746",0,1,0,0.000165139940092317,NA,NA,"United States of America",NA,4,8,"AS",0.00662337662337662,NA,NA,"Bahrain",NA,2,8,"ME",0.576428571428571,283107344.632768,51309707.2419106
"692","200","200-692",0.242074491980637,"0.00008632270954157846|0.000020710692375281105",0,1,0,8.63227095415785e-05,NA,NA,"United Kingdom",NA,4,1,"AS",0.0107228915662651,NA,NA,"Bahrain",NA,2,8,"ME",0.576428571428571,147987174.187905,35505336.3867892
"692","338","338-692",0.39722283790327,"2.328663688640242e-7|6.187377906582693e-7",0.5,0.5,1,6.18737790658269e-07,NA,NA,"Malta",NA,2,3,"AS",0.243571428571429,NA,NA,"Bahrain",NA,2,8,"ME",0.576428571428571,399214.019979141,1060731.96368658
"692","352","352-692",1.35166895231647,"0.0000012955015055691951|4.87341970582343e-8",0.5,0.5,1,1.2955015055692e-06,NA,NA,"Cyprus",NA,2,5,"LA",0.173877551020408,NA,NA,"Bahrain",NA,2,8,"ME",0.576428571428571,2220940.56110482,83547.3787519475
"692","501","501-692",0.606221135159936,"3.605330162861617e-7|6.704943414063716e-7",0.55,0.45,0.99,6.70494341406372e-07,NA,NA,"Kenya (British East Africa Protectorate)",NA,5,14,"WE",0.274666666666667,NA,NA,"Bahrain",NA,2,8,"ME",0.576428571428571,618079.096045198,1149460.70878274
"692","522","522-692",3.25751505384883,"0.0000017067945768508066",0.95,0.05,0.19,1.70679457685081e-06,NA,NA,"Djibouti (Afar and Issas) (French Somaliland)",NA,2,1,"AF",0.595185185185185,NA,NA,"Bahrain",NA,2,8,"ME",0.576428571428571,NA,2926040.06163328
"692","580","580-692",3.00656029303202,"6.204291833802357e-9|0.0000012327521075363915",0.5,0.5,1,1.23275210753639e-06,NA,NA,"Madagascar (Malagasy Republic)",NA,5,8,"ME",0.183076923076923,NA,NA,"Bahrain",NA,2,8,"ME",0.576428571428571,10636.3159960736,2113366.24901266
"692","590","590-692",4.09379389926451,"0.000012020327048986903",0.5,0.5,1,1.20203270489869e-05,NA,NA,"Mauritius",NA,5,8,"AF",0.150526315789474,NA,NA,"Bahrain",NA,2,8,"ME",0.576428571428571,NA,20607024.9907668
"692","591","591-692",5.7216772733622,"0.000008348984099464039",0.5,0.5,1,8.34898409946404e-06,NA,NA,"Seychelles",NA,5,8,"AF",0.254444444444444,NA,NA,"Bahrain",NA,2,8,"ME",0.576428571428571,NA,14313065.1340864
"692","616","616-692",0.190693450780901,"0.0000010598762317678992|6.74935498631008e-7",0.1,0.9,0.36,1.0598762317679e-06,NA,NA,"Tunisia (Regency of Tunis)",NA,0,8,"AS",0.622037037037037,NA,NA,"Bahrain",NA,2,8,"ME",0.576428571428571,1157074.39828911,1816996.81765328
"692","630","630-692",0.875279814412443,"0.000005734254555191234|0.000008688264477562506",0.5,0.5,1,8.68826447756251e-06,NA,NA,"Iran (Persia)",NA,2,7,"ME",0.181707317073171,NA,NA,"Bahrain",NA,2,8,"ME",0.576428571428571,9830508.47457627,14894709.8099641
"692","652","652-692",0.325963751516571,"0.0000018486192679628828|1.1628835981488234e-7",0.5,0.5,1,1.84861926796288e-06,NA,NA,"Syria",NA,2,7,"ME",0.218157894736842,NA,NA,"Bahrain",NA,2,8,"ME",0.576428571428571,3169176.95317906,199358.730180518
"692","660","660-692",2.55924077267604,"2.39256827992462e-8|0.000002743544205285453",0.5,0.5,1,2.74354420528545e-06,NA,NA,"Lebanon",NA,2,7,"ME",0.217777777777778,NA,NA,"Bahrain",NA,2,8,"ME",0.576428571428571,4703389.83050846,41016.9491525424
"692","663","663-692",2.76711396391171,"0.000004740831676636055|0.000005689854381010592",0.5,0.5,1,5.68985438101059e-06,NA,NA,"Jordan (Transjordan)",NA,2,8,"AF",0.264791666666667,NA,NA,"Bahrain",NA,2,8,"ME",0.576428571428571,9754391.11976503,8127435.83758746
"692","670","670-692",3.31790345336973,"0.0005135479335086167|0.00003121831304637541",0.75,0.25,0.75,0.000513547933508617,NA,NA,"Saudi Arabia (Emirate of Nejd) (Emirate of Diriyah)",NA,2,1,"AS",0.49,NA,NA,"Bahrain",NA,2,8,"ME",0.576428571428571,880399930.604271,53519056.0535089
"692","679","679-692",1.54163561557069,"0.0000017227105474058597",0.7,0.3,0.84,1.72271054740586e-06,NA,NA,"Yemen",NA,2,1,"AS",0.479444444444445,NA,NA,"Bahrain",NA,2,8,"ME",0.576428571428571,NA,2953325.57571652
"694","140","140-694",1.97156672401311,"0.000009834576117012452|0.00005204080179027395",0,1,0,5.2040801790274e-05,NA,NA,"Brazil",NA,4,5,"LA",0.0085,NA,NA,"Qatar",NA,2,3,"ME",0.419655172413793,16859887.0056497,89216050.3338469
"694","160","160-694",0.829603705461422,"0.000004788432108444175|4.074496444650003e-8",0,1,0,4.78843210844418e-06,NA,NA,"Argentina (La Plata)",NA,4,5,"LA",0.0110869565217391,NA,NA,"Qatar",NA,2,3,"ME",0.419655172413793,8209039.5480226,69851.0529019006
"694","200","200-694",0.720955249362668,"0.00006325014827266469|0.000002901654755032315",0,1,0,6.32501482726647e-05,NA,NA,"United Kingdom",NA,4,1,"AS",0.0107228915662651,NA,NA,"Qatar",NA,2,3,"ME",0.419655172413793,108432772.320813,4974446.35306889
"694","220","220-694",0.74326339178431,"0.00007048152266143582|0.00000852864368063116",0,1,0,7.04815226614358e-05,NA,NA,"France",NA,0,9,"AF",0.0404166666666667,NA,NA,"Qatar",NA,2,3,"ME",0.419655172413793,120829865.35661,14621064.1979932
"694","225","225-694",1.15356272983944,"0.000013319383780504865|0.000033748314363842774",0.8,0.2,0.64,3.37483143638428e-05,NA,NA,"Switzerland",NA,2,14,"WE",0.0813157894736842,NA,NA,"Qatar",NA,2,3,"ME",0.419655172413793,57856359.0373006,22834060.4467672
"694","325","325-694",0.0130595276681101,"0.0000293184650741617|0.00000846131834154752",0.8,0.2,0.64,2.93184650741617e-05,NA,NA,"Italy",NA,2,9,"AF",0.112337662337662,NA,NA,"Qatar",NA,2,3,"ME",0.419655172413793,50262055.2678801,14505645.1299966
"694","352","352-694",1.96821170106849,"1.2711225672854765e-9|0.000001089331969590042",0.8,0.2,0.64,1.08933196959004e-06,NA,NA,"Cyprus",NA,2,5,"LA",0.173877551020408,NA,NA,"Qatar",NA,2,3,"ME",0.419655172413793,1867494.20619759,2179.14657426789
"694","512","512-694",2.85950854520449,"0.000006752785954101943",0.25,0.75,0.75,6.75278595410194e-06,NA,NA,"Tanzania (Tanganyika)",NA,5,8,"ME",0.255,NA,NA,"Qatar",NA,2,3,"ME",0.419655172413793,NA,11576625.8560499
"694","552","552-694",0.594177364347206,"6.026489763892003e-7|2.4115712337397404e-10",0.2,0.8,0.64,6.026489763892e-07,NA,NA,"Zimbabwe (Rhodesia) (Southern Rhodesia)",NA,5,8,"AF",0.0812,NA,NA,"Qatar",NA,2,3,"ME",0.419655172413793,413.427259326339,1033150.13530842
"694","630","630-694",0.970497832080729,"0.00001725669082439995|0.000006327453302279957",0.8,0.2,0.64,1.72566908244e-05,NA,NA,"Iran (Persia)",NA,2,7,"ME",0.181707317073171,NA,NA,"Qatar",NA,2,3,"ME",0.419655172413793,10847457.6271186,29583975.3466872
"694","651","651-694",1.39081523029043,"0.0000030396941858396183|0.000002533617759787945",0.8,0.2,0.64,3.03969418583962e-06,NA,NA,"Egypt Arab Republic (Egypt)",NA,2,8,"AF",0.217818181818182,NA,NA,"Qatar",NA,2,3,"ME",0.419655172413793,4343502.82485876,5211093.99075501
"694","652","652-694",1.50684384233392,"0.0000027331180877373373|4.150296064084053e-8",0.8,0.2,0.64,2.73311808773734e-06,NA,NA,"Syria",NA,2,7,"ME",0.218157894736842,NA,NA,"Qatar",NA,2,3,"ME",0.419655172413793,4685515.8355668,71150.5222471209
"694","660","660-694",3.52391105855153,"0.0000032675644160593986",0.8,0.2,0.64,3.2675644160594e-06,NA,NA,"Lebanon",NA,2,7,"ME",0.217777777777778,NA,NA,"Qatar",NA,2,3,"ME",0.419655172413793,5601742.88987848,NA
"694","663","663-694",3.46472946570433,"0.0000028535922178357277|0.000005188393761096199",0.8,0.2,0.64,5.1883937610962e-06,NA,NA,"Jordan (Transjordan)",NA,2,8,"AF",0.264791666666667,NA,NA,"Qatar",NA,2,3,"ME",0.419655172413793,8894713.05240893,4892050.43313315
"694","670","670-694",1.07902548329792,"0.00002484333248544132|0.00001683869734440118",0.95,0.05,0.19,2.48433324854413e-05,NA,NA,"Saudi Arabia (Emirate of Nejd) (Emirate of Diriyah)",NA,2,1,"AS",0.49,NA,NA,"Qatar",NA,2,3,"ME",0.419655172413793,42590120.1602136,28867389.01312
"694","679","679-694",1.99829056486371,"2.542593945103313e-7|0.00000491141761155747",1,0,0,4.91141761155747e-06,NA,NA,"Yemen",NA,2,1,"AS",0.479444444444445,NA,NA,"Qatar",NA,2,3,"ME",0.419655172413793,435889.113121363,8419879.5131774
"694","690","690-694",0.783886205195864,"3.20994993013392e-7",1,0,0,3.20994993013392e-07,NA,NA,"Kuwait",NA,2,1,"ME",0.4245,NA,NA,"Qatar",NA,2,3,"ME",0.419655172413793,550297.160466652,NA
"694","692","692-694",3.10581177857215,"0.000006963122156136636|0.0000018464659182107882",0.7,0.3,0.84,6.96312215613664e-06,NA,NA,"Bahrain",NA,2,8,"ME",0.576428571428571,NA,NA,"Qatar",NA,2,3,"ME",0.419655172413793,11937215.3270458,3165485.36209552
"696","200","200-696",0.453240442170042,"0.00044038194809075206|0.00012220647475231748",0,1,0,0.000440381948090752,NA,NA,"United Kingdom",NA,4,1,"AS",0.0107228915662651,NA,NA,"United Arab Emirates (Trucial Oman)",NA,2,5,"LA",0.55,754967961.587497,209504439.354399
"696","352","352-696",1.5423949507747,"6.141326957189621e-7|0.00000647538221825695",0.5,0.5,1,6.47538221825695e-06,NA,NA,"Cyprus",NA,2,5,"LA",0.173877551020408,NA,NA,"United Arab Emirates (Trucial Oman)",NA,2,5,"LA",0.55,11101059.2850412,1052837.22786846
"696","500","500-696",1.02883418586917,"0.000002271474113079305",0.55,0.45,0.99,2.2714741130793e-06,NA,NA,"Uganda",NA,5,8,"AF",0.20030303030303,NA,NA,"United Arab Emirates (Trucial Oman)",NA,2,5,"LA",0.55,NA,3894097.35886098
"696","501","501-696",2.94389805183268,"0.0000011923294816483846|0.00008212447179518853",0.55,0.45,0.99,8.21244717951885e-05,NA,NA,"Kenya (British East Africa Protectorate)",NA,5,14,"WE",0.274666666666667,NA,NA,"United Arab Emirates (Trucial Oman)",NA,2,5,"LA",0.55,2044067.79661017,140789933.230611
"696","512","512-696",1.57570846076817,"5.991906536250001e-7|0.000012249014603745631",0.55,0.45,0.99,1.22490146037456e-05,NA,NA,"Tanzania (Tanganyika)",NA,5,8,"ME",0.255,NA,NA,"United Arab Emirates (Trucial Oman)",NA,2,5,"LA",0.55,1027221.36620442,20999075.0686711
"696","516","516-696",0.391172150481962,"3.086525743014368e-9|4.6422629434091734e-7",0.55,0.45,0.99,4.64226294340917e-07,NA,NA,"Burundi",NA,5,8,"AS",0.244,NA,NA,"United Arab Emirates (Trucial Oman)",NA,2,5,"LA",0.55,5291.37958241351,795845.471580627
"696","517","517-696",0.779820917212577,"5.482594480668726e-7",0.55,0.45,0.99,5.48259448066873e-07,NA,NA,"Rwanda",NA,5,1,"AS",0.188636363636364,NA,NA,"United Arab Emirates (Trucial Oman)",NA,2,5,"LA",0.55,NA,939907.55007704
"696","520","520-696",3.68378803530132,"0.000001813005801382827|0.000006291501863062495",0.95,0.05,0.19,6.2915018630625e-06,NA,NA,"Somalia",NA,2,1,"AF",0.662105263157895,NA,NA,"United Arab Emirates (Trucial Oman)",NA,2,5,"LA",0.55,10785824.3451464,3108123.07395995
"696","522","522-696",0.630164766497319,"0.0000014587296462500565",0.95,0.05,0.19,1.45872964625006e-06,NA,NA,"Djibouti (Afar and Issas) (French Somaliland)",NA,2,1,"AF",0.595185185185185,NA,NA,"United Arab Emirates (Trucial Oman)",NA,2,5,"LA",0.55,NA,2500770.41602465
"696","541","541-696",1.36206193394937,"0.000006596609753052184",0.5,0.5,1,6.59660975305218e-06,NA,NA,"Mozambique (Portuguese East Africa)",NA,5,5,"LA",0.110666666666667,NA,NA,"United Arab Emirates (Trucial Oman)",NA,2,5,"LA",0.55,NA,11308885.4805277
"696","590","590-696",0.499074582586708,"0.000003904692226104033",0.5,0.5,1,3.90469222610403e-06,NA,NA,"Mauritius",NA,5,8,"AF",0.150526315789474,NA,NA,"United Arab Emirates (Trucial Oman)",NA,2,5,"LA",0.55,NA,6694001.74859305
"696","591","591-696",0.815455460920755,"7.306777129110225e-7",0.5,0.5,1,7.30677712911022e-07,NA,NA,"Seychelles",NA,5,8,"AF",0.254444444444444,NA,NA,"United Arab Emirates (Trucial Oman)",NA,2,5,"LA",0.55,NA,1252635.95813916
"696","600","600-696",1.66105471703923,"0.00007811146686854972|2.7320097852031803e-7",0,1,0,7.81114668685497e-05,NA,NA,"Morocco",NA,0,5,"LA",0.0397916666666667,NA,NA,"United Arab Emirates (Trucial Oman)",NA,2,5,"LA",0.55,468361.581920904,133910245.808272
"696","630","630-696",2.28191235597549,"0.00012852639520256187|0.0004194334575374978",0.5,0.5,1,0.000419433457537498,NA,NA,"Iran (Persia)",NA,2,7,"ME",0.181707317073171,NA,NA,"United Arab Emirates (Trucial Oman)",NA,2,5,"LA",0.55,220338983.050847,719054956.34309
"696","640","640-696",0.875300989144361,"0.00010155442712028656|0.00004980595547014981",0.5,0.5,1,0.000101554427120287,NA,NA,"Turkey (Ottoman Empire)",NA,2,1,"AS",0.16046511627907,NA,NA,"United Arab Emirates (Trucial Oman)",NA,2,5,"LA",0.55,85384745.7627119,174099640.472522
"696","652","652-696",0.788330992160788,"0.000012124037030451636|0.0000012864049498181565",0.5,0.5,1,1.21240370304516e-05,NA,NA,"Syria",NA,2,7,"ME",0.218157894736842,NA,NA,"United Arab Emirates (Trucial Oman)",NA,2,5,"LA",0.55,20784820.0017616,2205345.89792073
"696","660","660-696",3.05341818799083,"0.00001857491026237499",0.5,0.5,1,1.8574910262375e-05,NA,NA,"Lebanon",NA,2,7,"ME",0.217777777777778,NA,NA,"United Arab Emirates (Trucial Oman)",NA,2,5,"LA",0.55,31843862.352337,NA
"696","663","663-696",2.27854398359168,"0.0000010429890323505685|0.000014418302831330226",0.5,0.5,1,1.44183028313302e-05,NA,NA,"Jordan (Transjordan)",NA,2,8,"AF",0.264791666666667,NA,NA,"United Arab Emirates (Trucial Oman)",NA,2,5,"LA",0.55,24717990.2475871,1788046.27920297
"696","670","670-696",1.29063602808977,"0.00027934838663100267|0.00006446755441365591",0.75,0.25,0.75,0.000279348386631003,NA,NA,"Saudi Arabia (Emirate of Nejd) (Emirate of Diriyah)",NA,2,1,"AS",0.49,NA,NA,"United Arab Emirates (Trucial Oman)",NA,2,5,"LA",0.55,478900379.413606,110519830.241041
"696","679","679-696",2.19771193328347,"0.000001864440839563885|0.00003926267852522368",0.7,0.3,0.84,3.92626785252237e-05,NA,NA,"Yemen",NA,2,1,"AS",0.479444444444445,NA,NA,"United Arab Emirates (Trucial Oman)",NA,2,5,"LA",0.55,3196300.63459358,67309898.8302418
"696","690","690-696",0.703858161483837,"0.0000026963579413124945",0.7,0.3,0.84,2.69635794131249e-06,NA,NA,"Kuwait",NA,2,1,"ME",0.4245,NA,NA,"United Arab Emirates (Trucial Oman)",NA,2,5,"LA",0.55,4622496.14791988,NA
"696","692","692-696",2.47898926275967,"0.00003385427192981249|0.000015848383071652346",1,0,0,3.38542719298125e-05,NA,NA,"Bahrain",NA,2,8,"ME",0.576428571428571,NA,NA,"United Arab Emirates (Trucial Oman)",NA,2,5,"LA",0.55,58038007.1905497,27169645.6086285
"696","694","694-696",1.97277707937266,"0.000036850225197937434|0.000021926427215068653",0.7,0.3,0.84,3.68502251979374e-05,NA,NA,"Qatar",NA,2,3,"ME",0.419655172413793,NA,NA,"United Arab Emirates (Trucial Oman)",NA,2,5,"LA",0.55,63174114.0215717,37589529.1149529
"698","200","200-698",0.876959991825634,"0.00013882190189550228|0.00003887851931452452",0,1,0,0.000138821901895502,NA,NA,"United Kingdom",NA,4,1,"AS",0.0107228915662651,NA,NA,"Oman (Sultanate of Muscat and Oman)",NA,2,3,"ME",0.463793103448276,237989065.519436,66651316.2123938
"698","210","210-698",0.0226158149836425,"0.00003856884692658531|7.341633668293401e-7",0,1,0,3.85688469265853e-05,NA,NA,"Netherlands",NA,0,8,"AF",0.0270588235294118,NA,NA,"Oman (Sultanate of Muscat and Oman)",NA,2,3,"ME",0.463793103448276,66120429.9385672,1258611.58235564
"698","338","338-698",0.00066079772000259,"4.0809370826416353e-7|8.943116416974307e-9",0.5,0.5,1,4.08093708264164e-07,NA,NA,"Malta",NA,2,3,"AS",0.243571428571429,NA,NA,"Oman (Sultanate of Muscat and Oman)",NA,2,3,"ME",0.463793103448276,699614.678577576,15331.614751319
"698","352","352-698",1.24323663690392,"9.907224923374037e-7|2.8383094774439666e-7",0.5,0.5,1,9.90722492337404e-07,NA,NA,"Cyprus",NA,2,5,"LA",0.173877551020408,NA,NA,"Oman (Sultanate of Muscat and Oman)",NA,2,3,"ME",0.463793103448276,1698443.23497274,486585.049598527
"698","375","375-698",0.956470007017392,"0.000002220614688396005|0.00002233179128525363",0,1,0,2.23317912852536e-05,NA,NA,"Finland",NA,3,10,"AF",0.0110869565217391,NA,NA,"Oman (Sultanate of Muscat and Oman)",NA,2,3,"ME",0.463793103448276,3806906.60014089,38284464.243641
"698","512","512-698",3.86998170139046,"1.2230813641029427e-7|0.000026569749863101204",0.55,0.45,0.99,2.65697498631012e-05,NA,NA,"Tanzania (Tanganyika)",NA,5,8,"ME",0.255,NA,NA,"Oman (Sultanate of Muscat and Oman)",NA,2,3,"ME",0.463793103448276,209678.722825888,45549800.5333803
"698","516","516-698",1.59549093781537,"1.1220428877546358e-7",0.55,0.45,0.99,1.12204288775464e-07,NA,NA,"Burundi",NA,5,8,"AS",0.244,NA,NA,"Oman (Sultanate of Muscat and Oman)",NA,2,3,"ME",0.463793103448276,192357.210701856,NA
"698","520","520-698",0.959130776208268,"9.719511330712916e-8|8.512559025816818e-8",0.95,0.05,0.19,9.71951133071292e-08,NA,NA,"Somalia",NA,2,1,"AF",0.662105263157895,NA,NA,"Oman (Sultanate of Muscat and Oman)",NA,2,3,"ME",0.463793103448276,145934.895003684,166626.25906416
"698","590","590-698",0.795244539364531,"0.0000011484388900305933",0.5,0.5,1,1.14843889003059e-06,NA,NA,"Mauritius",NA,5,8,"AF",0.150526315789474,NA,NA,"Oman (Sultanate of Muscat and Oman)",NA,2,3,"ME",0.463793103448276,NA,1968824.04370383
"698","625","625-698",2.83704845076782,"0.000010292653943309748|2.8673883034329855e-9",0.5,0.5,1,1.02926539433097e-05,NA,NA,"Sudan (Anglo-Egyptian Sudan) (Mahdist State)",NA,2,8,"AF",0.184736842105263,NA,NA,"Oman (Sultanate of Muscat and Oman)",NA,2,3,"ME",0.463793103448276,4915.7017264398,17645191.8626436
"698","651","651-698",0.151615395035941,"0.0000013778688675433666|9.886645784812483e-9",0.5,0.5,1,1.37786886754337e-06,NA,NA,"Egypt Arab Republic (Egypt)",NA,2,8,"AF",0.217818181818182,NA,NA,"Oman (Sultanate of Muscat and Oman)",NA,2,3,"ME",0.463793103448276,2362146.89265537,16949.1525423729
"698","660","660-698",0.00822477034110846,"0.0000015558932027022224|1.7484679361787053e-7",0.5,0.5,1,1.55589320270222e-06,NA,NA,"Lebanon",NA,2,7,"ME",0.217777777777778,NA,NA,"Oman (Sultanate of Muscat and Oman)",NA,2,3,"ME",0.463793103448276,299748.270654797,2667342.57565406
"698","663","663-698",0.958398623890689,"0.0000031995438399226128|4.0815062739771104e-7",0.5,0.5,1,3.19954383992261e-06,NA,NA,"Jordan (Transjordan)",NA,2,8,"AF",0.264791666666667,NA,NA,"Oman (Sultanate of Muscat and Oman)",NA,2,3,"ME",0.463793103448276,699712.257786751,5485131.94355192
"698","670","670-698",0.245881225533205,"0.000020277963697581356|0.000008016994948247743",0.75,0.25,0.75,2.02779636975814e-05,NA,NA,"Saudi Arabia (Emirate of Nejd) (Emirate of Diriyah)",NA,2,1,"AS",0.49,NA,NA,"Oman (Sultanate of Muscat and Oman)",NA,2,3,"ME",0.463793103448276,34763488.7948527,13743920.1592536
"698","692","692-698",2.29115051370517,"0.000005789560086275307|0.000012390062777294502",1,0,0,1.23900627772945e-05,NA,NA,"Bahrain",NA,2,8,"ME",0.576428571428571,NA,NA,"Oman (Sultanate of Muscat and Oman)",NA,2,3,"ME",0.463793103448276,9925321.4074135,21240880.7387979
"698","694","694-698",1.35802684837739,"0.000004112130916132542|0.000001555591119987979",0.7,0.3,0.84,4.11213091613254e-06,NA,NA,"Qatar",NA,2,3,"ME",0.419655172413793,NA,NA,"Oman (Sultanate of Muscat and Oman)",NA,2,3,"ME",0.463793103448276,7049623.87534955,2666824.70072301
"698","696","696-698",3.55432174694317,"0.0000020971672876874943|0.00024214257069776277",1,0,0,0.000242142570697763,NA,NA,"United Arab Emirates (Trucial Oman)",NA,2,5,"LA",0.55,NA,NA,"Oman (Sultanate of Muscat and Oman)",NA,2,3,"ME",0.463793103448276,415116659.086066,3595274.78171546
"698","94","698-94",1.00842301636305,"0.0000013809996387085585",0,1,0,1.38099963870856e-06,NA,NA,"Costa Rica",NA,4,5,"LA",0.00575757575757576,NA,NA,"Oman (Sultanate of Muscat and Oman)",NA,2,3,"ME",0.463793103448276,2367514.12429379,NA
"70","2","2-70",1.66984300431473,"0.011189364609971173|0.010966135682570178",1,0,0,0.0111893646099712,NA,NA,"United States of America",NA,4,8,"AS",0.00662337662337662,NA,NA,"Mexico",NA,4,5,"LA",0,18799774011.2994,19182466101.6949
"70","30","30-70",0.588669760097246,"0.000012768603031085323",1,0,0,1.27686030310853e-05,NA,NA,"Bermuda",NA,4,1,"AS",0.0364285714285714,NA,NA,"Mexico",NA,4,5,"LA",0,NA,21889830.5084746
"70","40","40-70",1.30835592845432,"0.00003481813001523359|0.000014637838194133868",1,0,0,3.48181300152336e-05,NA,NA,"Cuba",NA,4,5,"LA",0,NA,NA,"Mexico",NA,4,5,"LA",0,25094350.2824859,59690395.480226
"70","42","42-70",1.28049362371992,"0.00004610571350775397|3.8492007588869923e-7",1,0,0,4.6105713507754e-05,NA,NA,"Dominican Republic (Santo Domingo)",NA,4,5,"LA",0.017,NA,NA,"Mexico",NA,4,5,"LA",0,659887.005649718,79041242.9378531
"70","51","51-70",1.05091467905593,"0.000021758859598074816|1.886711457247498e-7",1,0,0,2.17588595980748e-05,NA,NA,"Jamaica",NA,4,5,"LA",0,NA,NA,"Mexico",NA,4,5,"LA",0,323448.02259887,37302259.8870057
"70","68","68-70",1.02977160706628,"0.00002274027396964719",1,0,0,2.27402739696472e-05,NA,NA,"Netherlands Antilles",NA,4,5,"LA",0,NA,NA,"Mexico",NA,4,5,"LA",0,NA,38984745.7627119
"700","220","220-700",0.0068091848954029,"0.00000788494909409716|0.0000010313500827133357",0,1,0,7.88494909409716e-06,NA,NA,"France",NA,0,9,"AF",0.0404166666666667,NA,NA,"Afghanistan",NA,1,1,"AS",0.3765,13517547.5983974,1768093.06785828
"700","255","255-700",0.308223440380201,"0.000005635091728153882|0.00000768465850281239",0.05,0.95,0.19,7.68465850281239e-06,NA,NA,"Germany (Zollverein)",NA,2,8,"AF",0.083728813559322,NA,NA,"Afghanistan",NA,1,1,"AS",0.3765,9660508.86919232,13174179.8012318
"700","315","315-700",1.00362311725449,"4.3601524960584384e-7",0.05,0.95,0.19,4.36015249605844e-07,NA,NA,"Czechoslovakia",NA,2,11,"WE",0.105,NA,NA,"Afghanistan",NA,1,1,"AS",0.3765,NA,747481.920281056
"700","352","352-700",0.471981895235541,"9.467948694471602e-8",0.05,0.95,0.19,9.4679486944716e-08,NA,NA,"Cyprus",NA,2,5,"LA",0.173877551020408,NA,NA,"Afghanistan",NA,1,1,"AS",0.3765,NA,162313.599757436
"700","390","390-700",0.0303266177202327,"4.940959552322412e-7|2.481468792197011e-7",0,1,0,4.94095955232241e-07,NA,NA,"Denmark",NA,3,11,"WE",0.0130769230769231,NA,NA,"Afghanistan",NA,1,1,"AS",0.3765,425410.134068869,847052.468357401
"700","461","461-700",1.8729770838018,"6.459275246077473e-8",0,1,0,6.45927524607747e-08,NA,NA,"Togo (French Togoland)",NA,0,9,"AF",0.0561224489795918,NA,NA,"Afghanistan",NA,1,1,"AS",0.3765,110734.463276836,NA
"700","663","663-700",1.83400666187275,"2.081106151181511e-8|2.882828979206569e-7",0.05,0.95,0.19,2.88282897920657e-07,NA,NA,"Jordan (Transjordan)",NA,2,8,"AF",0.264791666666667,NA,NA,"Afghanistan",NA,1,1,"AS",0.3765,35677.4040265821,494217.241981144
"700","670","670-700",0.722878204045373,"1.298859739954001e-7|0.0000011493420721802845",0.05,0.95,0.19,1.14934207218028e-06,NA,NA,"Saudi Arabia (Emirate of Nejd) (Emirate of Diriyah)",NA,2,1,"AS",0.49,NA,NA,"Afghanistan",NA,1,1,"AS",0.3765,222669.77438845,1970372.4123176
"710","135","135-710",0.929507835941777,"0.000010319351315327763|0.00004927800858524078",0,1,0,4.92780085852408e-05,NA,NA,"Peru",NA,4,3,"AS",0.025,NA,NA,"People's Republic of China (China)",NA,1,2,"WE",0.106923076923077,84479661.0169491,17690960.4519774
"710","160","160-710",0.0795599982579367,"0.000017045565997595194|0.00008156911193787655",0,1,0,8.15691119378765e-05,NA,NA,"Argentina (La Plata)",NA,4,5,"LA",0.0110869565217391,NA,NA,"People's Republic of China (China)",NA,1,2,"WE",0.106923076923077,139837853.107345,29222033.8983051
"710","165","165-710",1.20578706212649,"0.000003463292018419809|0.000033193424557929386",0,1,0,3.31934245579294e-05,NA,NA,"Uruguay",NA,4,5,"LA",0,NA,NA,"People's Republic of China (China)",NA,1,2,"WE",0.106923076923077,56905084.7457627,5937288.13559322
"710","339","339-710",0.529372744608262,"0.000004781181901535315|9.506159719760554e-7",0,1,0,4.78118190153532e-06,NA,NA,"Albania",NA,2,14,"WE",0.115454545454545,NA,NA,"People's Republic of China (China)",NA,1,2,"WE",0.106923076923077,1629686.6974833,8196610.16949153
"710","355","355-710",0.786876303376877,"0.000007878008916198058|0.000028394746289308227",0,1,0,2.83947462893082e-05,NA,NA,"Bulgaria",NA,2,10,"AF",0.1,NA,NA,"People's Republic of China (China)",NA,1,2,"WE",0.106923076923077,48678479.712378,13505649.7175141
"710","360","360-710",0.520329262274857,"0.00004600585838532735|0.00002742193030361535",0,1,0,4.60058583853273e-05,NA,NA,"Romania",NA,2,3,"AS",0.119583333333333,NA,NA,"People's Republic of China (China)",NA,1,2,"WE",0.106923076923077,78870056.4971751,47010734.4632768
"710","365","365-710",0.679517711994676,"0.0006009030805939917",0,1,0,0.000600903080593992,NA,NA,"Russia (USSR)",NA,2,9,"AF",0.072,NA,NA,"People's Republic of China (China)",NA,1,2,"WE",0.106923076923077,NA,1030157062.14689
"710","40","40-710",2.18488897873798,"0.00007395276958011631|0.0000604142964377211",0,1,0,7.39527695801163e-05,NA,NA,"Cuba",NA,4,5,"LA",0,NA,NA,"People's Republic of China (China)",NA,1,2,"WE",0.106923076923077,103571135.07961,126780790.960452
"710","420","420-710",1.84086544617108,"0.000011876168471576226|5.991906536250001e-9",0,1,0,1.18761684715762e-05,NA,NA,"Gambia",NA,0,9,"AF",0.0729166666666667,NA,NA,"People's Republic of China (China)",NA,1,2,"WE",0.106923076923077,10272.2136620442,20359887.0056497
"710","432","432-710",2.0980003410525,"0.0000033179583253830666|0.000011749229931605772",0,1,0,1.17492299316058e-05,NA,NA,"Mali (French Sudan) (Upper Senegal and Niger)",NA,0,9,"AF",0.07,NA,NA,"People's Republic of China (China)",NA,1,2,"WE",0.106923076923077,20142270.1592193,5688135.59322034
"710","434","434-710",0.541540947571664,"0.0000060839122611141265|1.1915597515718061e-7",0,1,0,6.08391226111413e-06,NA,NA,"Benin (Dahomey)",NA,0,9,"AF",0.0541176470588235,NA,NA,"People's Republic of China (China)",NA,1,2,"WE",0.106923076923077,204274.821130608,10429943.5028249
"710","439","439-710",0.692193478002854,"0.000001370289105775008|9.436685954114736e-7",0,1,0,1.37028910577501e-06,NA,NA,"Burkina Faso (Upper Volta)",NA,0,9,"AF",0.06,NA,NA,"People's Republic of China (China)",NA,1,2,"WE",0.106923076923077,1617776.47558142,2349152.54237288
"710","451","451-710",0.179194969035911,"0.0000017222536957143351",0,1,0,1.72225369571434e-06,NA,NA,"Sierra Leone",NA,0,7,"ME",0.0476190476190476,NA,NA,"People's Republic of China (China)",NA,1,2,"WE",0.106923076923077,NA,2952542.37288136
"710","461","461-710",1.03039126022161,"0.000014870503924936411|0.000001518259237687701",0,1,0,1.48705039249364e-05,NA,NA,"Togo (French Togoland)",NA,0,9,"AF",0.0561224489795918,NA,NA,"People's Republic of China (China)",NA,1,2,"WE",0.106923076923077,2602824.85875706,25493220.338983
"710","482","482-710",0.554688046622981,"1.351174923924371e-7|2.077042671638399e-7",0,1,0,2.0770426716384e-07,NA,NA,"Central African Republic (Ubangi Shari)",NA,0,2,"AF",0.0416666666666667,NA,NA,"People's Republic of China (China)",NA,1,2,"WE",0.106923076923077,356077.418417238,231638.418079096
"710","483","483-710",1.85771698677336,"0.000003846504400945685|1.2556040146711865e-7",0,1,0,3.84650440094569e-06,NA,NA,"Chad",NA,0,9,"AF",0.0833333333333333,NA,NA,"People's Republic of China (China)",NA,1,2,"WE",0.106923076923077,6594247.56034927,215254.237288136
"710","490","490-710",1.33496419903285,"0.000020841708424103707|0.0000015225434508611186",0,1,0,2.08417084241037e-05,NA,NA,"Democratic Republic of the Congo (Zaire) (Kinshasa) (Belgian Congo) (Congo Free State)",NA,0,9,"AF",0.644285714285714,NA,NA,"People's Republic of China (China)",NA,1,2,"WE",0.106923076923077,2610169.49152542,35729943.5028249
"710","500","500-710",0.676467383549031,"0.000005505213927843077|1.2882599052937484e-8",0,1,0,5.50521392784308e-06,NA,NA,"Uganda",NA,5,8,"AF",0.20030303030303,NA,NA,"People's Republic of China (China)",NA,1,2,"WE",0.106923076923077,22085.259373395,9437853.10734463
"710","512","512-710",0.052855391869532,"0.000009209410548552795|1.3212153912431216e-7",0,1,0,9.2094105485528e-06,NA,NA,"Tanzania (Tanganyika)",NA,5,8,"ME",0.255,NA,NA,"People's Republic of China (China)",NA,1,2,"WE",0.106923076923077,226502.311248074,15788135.5932203
"710","516","516-710",1.09868540177022,"0.0000032471040305919115",0,1,0,3.24710403059191e-06,NA,NA,"Burundi",NA,5,8,"AS",0.244,NA,NA,"People's Republic of China (China)",NA,1,2,"WE",0.106923076923077,NA,5566666.66666667
"710","517","517-710",0.307426564844729,"0.0000011784881775496482",0,1,0,1.17848817754965e-06,NA,NA,"Rwanda",NA,5,1,"AS",0.188636363636364,NA,NA,"People's Republic of China (China)",NA,1,2,"WE",0.106923076923077,NA,2020338.98305085
"710","522","522-710",0.183859912110437,"0.0000032184327578159567",0,1,0,3.21843275781596e-06,NA,NA,"Djibouti (Afar and Issas) (French Somaliland)",NA,2,1,"AF",0.595185185185185,NA,NA,"People's Republic of China (China)",NA,1,2,"WE",0.106923076923077,NA,5517514.12429379
"710","54","54-710",0.123882304079205,"0.000001294491488091445",0,1,0,1.29449148809144e-06,NA,NA,"Dominica",NA,4,5,"LA",0,NA,NA,"People's Republic of China (China)",NA,1,2,"WE",0.106923076923077,NA,2219209.03954802
"710","552","552-710",0.475662505707121,"0.00000913427204058824|0.000012609945361480827",0,1,0,1.26099453614808e-05,NA,NA,"Zimbabwe (Rhodesia) (Southern Rhodesia)",NA,5,8,"AF",0.0812,NA,NA,"People's Republic of China (China)",NA,1,2,"WE",0.106923076923077,21617836.0320188,15659322.0338983
"710","571","571-710",0.25690253488835,"0.0000030589282058209797",0,1,0,3.05892820582098e-06,NA,NA,"Botswana (Bechuanaland)",NA,5,8,"AF",0.055,NA,NA,"People's Republic of China (China)",NA,1,2,"WE",0.106923076923077,NA,5244067.79661017
"710","590","590-710",0.226489722372878,"0.000010249485685115111",0,1,0,1.02494856851151e-05,NA,NA,"Mauritius",NA,5,8,"AF",0.150526315789474,NA,NA,"People's Republic of China (China)",NA,1,2,"WE",0.106923076923077,NA,17571186.440678
"710","625","625-710",1.23038522785962,"0.000032535962613239356|0.000002385377992081122",0,1,0,3.25359626132394e-05,NA,NA,"Sudan (Anglo-Egyptian Sudan) (Mahdist State)",NA,2,8,"AF",0.184736842105263,NA,NA,"People's Republic of China (China)",NA,1,2,"WE",0.106923076923077,4089368.25885979,55777966.1016949
"710","652","652-710",0.294005966566238,"0.0000248748007945882|2.472028433797207e-7",0,1,0,2.48748007945882e-05,NA,NA,"Syria",NA,2,7,"ME",0.218157894736842,NA,NA,"People's Republic of China (China)",NA,1,2,"WE",0.106923076923077,423791.728008254,42644067.7966102
"710","663","663-710",0.990820574548802,"0.00001618905291777094|0.000015765225651776926",0,1,0,1.61890529177709e-05,NA,NA,"Jordan (Transjordan)",NA,2,8,"AF",0.264791666666667,NA,NA,"People's Republic of China (China)",NA,1,2,"WE",0.106923076923077,27027084.842806,27753672.3163842
"710","679","679-710",0.442922132818173,"0.000023408940779559995",0,1,0,2.340894077956e-05,NA,NA,"Yemen",NA,2,1,"AS",0.479444444444445,NA,NA,"People's Republic of China (China)",NA,1,2,"WE",0.106923076923077,NA,40131073.4463277
"710","694","694-710",0.164336990830605,"0.00000210783288132202|0.000023937666612318708",0,1,0,2.39376666123187e-05,NA,NA,"Qatar",NA,2,3,"ME",0.419655172413793,NA,NA,"People's Republic of China (China)",NA,1,2,"WE",0.106923076923077,41037493.5798665,3613559.3220339
"710","696","696-710",0.150346716719153,"0.00002077184279389099|0.00013447189442268882",0,1,0,0.000134471894422689,NA,NA,"United Arab Emirates (Trucial Oman)",NA,2,5,"LA",0.55,NA,NA,"People's Republic of China (China)",NA,1,2,"WE",0.106923076923077,35610169.4915254,230531638.418079
"710","698","698-710",1.41469766659006,"0.000003139669146396945|0.00011972038976156223",0,1,0,0.000119720389761562,NA,NA,"Oman (Sultanate of Muscat and Oman)",NA,2,3,"ME",0.463793103448276,NA,NA,"People's Republic of China (China)",NA,1,2,"WE",0.106923076923077,205242424.242424,5382485.87570621
"710","700","700-710",1.04216892616069,"0.000008423092653800743|4.5418651544774927e-7",0.9,0.1,0.36,8.42309265380074e-06,NA,NA,"Afghanistan",NA,1,1,"AS",0.3765,NA,NA,"People's Republic of China (China)",NA,1,2,"WE",0.106923076923077,778633.795582949,14440112.9943503
"712","225","225-712",0.389108203349318,"1.0323762799569771e-7|0.0000013366124137046184",1,0,0,1.33661241370462e-06,NA,NA,"Switzerland",NA,2,14,"WE",0.0813157894736842,NA,NA,"Mongolia",NA,2,1,"AS",0.105882352941176,2291418.96887919,176985.23271662
"712","305","305-712",1.64693292590087,"6.416618637370059e-8|0.0000031601583711633657",1,0,0,3.16015837116337e-06,NA,NA,"Austria",NA,2,1,"AS",0.0331034482758621,NA,NA,"Mongolia",NA,2,1,"AS",0.105882352941176,5417611.53951572,110003.180510508
"712","310","310-712",1.40085935432482,"5.991906536250001e-8|5.931987470887467e-7",1,0,0,5.93198747088747e-07,NA,NA,"Hungary",NA,2,2,"WE",0.0875,NA,NA,"Mongolia",NA,2,1,"AS",0.105882352941176,1016949.15254237,102722.136620442
"712","315","315-712",3.60633606509066,"0.0000023254146645644975",1,0,0,2.3254146645645e-06,NA,NA,"Czechoslovakia",NA,2,11,"WE",0.105,NA,NA,"Mongolia",NA,2,1,"AS",0.105882352941176,NA,3986570.24149896
"712","325","325-712",0.77556997869722,"0.0000012047796170597418|0.000002340440235166583",1,0,0,2.34044023516658e-06,NA,NA,"Italy",NA,2,9,"AF",0.112337662337662,NA,NA,"Mongolia",NA,2,1,"AS",0.105882352941176,2065411.6627558,4012329.30010326
"712","338","338-712",0.270339907988608,"2.0904963289963143e-8",1,0,0,2.09049632899631e-08,NA,NA,"Malta",NA,2,3,"AS",0.243571428571429,NA,NA,"Mongolia",NA,2,1,"AS",0.105882352941176,NA,35838.3843627317
"712","345","345-712",2.16543498627376,"7.886247787685396e-7",1,0,0,7.8862477876854e-07,NA,NA,"Yugoslavia (Kingdom of Serbs, Croats and Slovenes)",NA,2,9,"AF",0.012258064516129,NA,NA,"Mongolia",NA,2,1,"AS",0.105882352941176,NA,1351977.40112994
"712","360","360-712",2.54664663217166,"3.2246208971821485e-7|2.3198702577093274e-7",1,0,0,3.22462089718215e-07,NA,NA,"Romania",NA,2,3,"AS",0.119583333333333,NA,NA,"Mongolia",NA,2,1,"AS",0.105882352941176,397706.519807062,552812.27493375
"712","375","375-712",0.619832283963808,"6.31312010548637e-7|1.016543117209053e-9",0,1,0,6.31312010548637e-07,NA,NA,"Finland",NA,3,10,"AF",0.0110869565217391,NA,NA,"Mongolia",NA,2,1,"AS",0.105882352941176,1082288.55382462,1742.70877449083
"712","551","551-712",2.25967147289448,"1.9002883391685708e-10|1.3573805955180943e-7",0,1,0,1.35738059551809e-07,NA,NA,"Zambia (Northern Rhodesia)",NA,5,8,"AF",0.135675675675676,NA,NA,"Mongolia",NA,2,1,"AS",0.105882352941176,232702.286217585,325.775572788678
"712","710","710-712",2.63455823680009,"0.00000855590326217672|0.000006012578613800033",0,1,0,8.55590326217672e-06,NA,NA,"People's Republic of China (China)",NA,1,2,"WE",0.106923076923077,NA,NA,"Mongolia",NA,2,1,"AS",0.105882352941176,14667796.6101695,10307652.7991782
"713","130","130-713",0.216237666291692,"0.00001892086497005843",0,1,0,1.89208649700584e-05,NA,NA,"Ecuador",NA,4,5,"LA",0,NA,NA,"Republic of China (Taiwan) (Formosa)",NA,1,5,"LA",0.122,32436949.1525424,NA
"713","135","135-713",0.832563766718006,"0.00004340171588560775",0,1,0,4.34017158856078e-05,NA,NA,"Peru",NA,4,3,"AS",0.025,NA,NA,"Republic of China (Taiwan) (Formosa)",NA,1,5,"LA",0.122,74405649.7175141,NA
"713","140","140-713",0.0709812731993123,"0.00020144963540161994",0,1,0,0.00020144963540162,NA,NA,"Brazil",NA,4,5,"LA",0.0085,NA,NA,"Republic of China (Taiwan) (Formosa)",NA,1,5,"LA",0.122,345354802.259887,NA
"713","150","150-713",0.908037292788166,"0.000011245400470505185",0,1,0,1.12454004705052e-05,NA,NA,"Paraguay",NA,4,3,"AS",0.0242857142857143,NA,NA,"Republic of China (Taiwan) (Formosa)",NA,1,5,"LA",0.122,19278531.0734463,NA
"713","155","155-713",0.920113209872414,"0.00013027303595787882",0,1,0,0.000130273035957879,NA,NA,"Chile",NA,4,12,"WE",0,NA,NA,"Republic of China (Taiwan) (Formosa)",NA,1,5,"LA",0.122,223333333.333333,NA
"713","2","2-713",0.533128468140885,"0.004347191107067995",0,1,0,0.004347191107068,NA,NA,"United States of America",NA,4,8,"AS",0.00662337662337662,NA,NA,"Republic of China (Taiwan) (Formosa)",NA,1,5,"LA",0.122,7452598870.0565,NA
"713","432","432-713",1.13040987158887,"0.000004332576367537191",0,1,0,4.33257636753719e-06,NA,NA,"Mali (French Sudan) (Upper Senegal and Niger)",NA,0,9,"AF",0.07,NA,NA,"Republic of China (Taiwan) (Formosa)",NA,1,5,"LA",0.122,7427544.1189239,NA
"713","433","433-713",0.213654942101261,"0.000004331702865197366",0,1,0,4.33170286519737e-06,NA,NA,"Senegal",NA,0,9,"AF",0.0743243243243243,NA,NA,"Republic of China (Taiwan) (Formosa)",NA,1,5,"LA",0.122,7426046.63183616,NA
"713","439","439-713",1.54798577862441,"0.0000021549708565926574",0,1,0,2.15497085659266e-06,NA,NA,"Burkina Faso (Upper Volta)",NA,0,9,"AF",0.06,NA,NA,"Republic of China (Taiwan) (Formosa)",NA,1,5,"LA",0.122,3694370.22097679,NA
"713","481","481-713",0.172969933148757,"0.000018460968402752725",0,1,0,1.84609684027527e-05,NA,NA,"Gabon",NA,0,9,"AF",0.101851851851852,NA,NA,"Republic of China (Taiwan) (Formosa)",NA,1,5,"LA",0.122,31648526.3403332,NA
"713","483","483-713",0.91552518979527,"0.0000014549013955676335",0,1,0,1.45490139556763e-06,NA,NA,"Chad",NA,0,9,"AF",0.0833333333333333,NA,NA,"Republic of China (Taiwan) (Formosa)",NA,1,5,"LA",0.122,2494207.4616922,NA
"713","512","512-713",0.652696701701134,"0.0000045080920525571415",0.05,0.95,0.19,4.50809205255714e-06,NA,NA,"Tanzania (Tanganyika)",NA,5,8,"ME",0.255,NA,NA,"Republic of China (Taiwan) (Formosa)",NA,1,5,"LA",0.122,7728439.10229147,NA
"713","670","670-713",0.391574322564172,"0.00043720173238204034",0,1,0,0.00043720173238204,NA,NA,"Saudi Arabia (Emirate of Nejd) (Emirate of Diriyah)",NA,2,1,"AS",0.49,NA,NA,"Republic of China (Taiwan) (Formosa)",NA,1,5,"LA",0.122,749515964.789209,NA
"713","690","690-713",0.736342406804659,"0.000010712196165690994",0,1,0,1.0712196165691e-05,NA,NA,"Kuwait",NA,2,1,"ME",0.4245,NA,NA,"Republic of China (Taiwan) (Formosa)",NA,1,5,"LA",0.122,18364433.2797913,NA
"713","692","692-713",0.0207090179989974,"0.000011142667655570378",0.05,0.95,0.19,1.11426676555704e-05,NA,NA,"Bahrain",NA,2,8,"ME",0.576428571428571,NA,NA,"Republic of China (Taiwan) (Formosa)",NA,1,5,"LA",0.122,19102411.2660479,NA
"713","694","694-713",0.599875680530781,"0.00003590789022599283",0,1,0,3.59078902259928e-05,NA,NA,"Qatar",NA,2,3,"ME",0.419655172413793,NA,NA,"Republic of China (Taiwan) (Formosa)",NA,1,5,"LA",0.122,61558623.8408638,NA
"713","698","698-713",1.24086899698634,"0.00009764079687617896",0.05,0.95,0.19,9.7640796876179e-05,NA,NA,"Oman (Sultanate of Muscat and Oman)",NA,2,3,"ME",0.463793103448276,NA,NA,"Republic of China (Taiwan) (Formosa)",NA,1,5,"LA",0.122,167390315.849633,NA
"713","700","700-713",3.26778601281765,"0.00002782077763745916",0.95,0.05,0.19,2.78207776374592e-05,NA,NA,"Afghanistan",NA,1,1,"AS",0.3765,NA,NA,"Republic of China (Taiwan) (Formosa)",NA,1,5,"LA",0.122,47694497.6373173,NA
"720","150","150-720",1.09235157723046,"0.00005619561332190088|6.722919133672505e-7",0,1,0,5.61956133219009e-05,NA,NA,"Paraguay",NA,4,3,"AS",0.0242857142857143,NA,NA,"Hong Kong",NA,1,8,"AS",0.167954545454545,1152542.37288136,96338843.6418192
"720","2","2-720",0.408206694760593,"0.0073791670991550165|0.0026827413337088637",0,1,0,0.00737916709915502,NA,NA,"United States of America",NA,4,8,"AS",0.00662337662337662,NA,NA,"Hong Kong",NA,1,8,"AS",0.167954545454545,4599152542.37288,12650461189.9181
"720","420","420-720",1.19405718919065,"0.0000011860024535060726|0.000008460086392757235",0,1,0,8.46008639275724e-06,NA,NA,"Gambia",NA,0,9,"AF",0.0729166666666667,NA,NA,"Hong Kong",NA,1,8,"AS",0.167954545454545,2033221.06785524,14503533.140913
"720","434","434-720",0.07954448030515,"0.000005213677107160725|7.710092510170554e-8",0,1,0,5.21367710716073e-06,NA,NA,"Benin (Dahomey)",NA,0,9,"AF",0.0541176470588235,NA,NA,"Hong Kong",NA,1,8,"AS",0.167954545454545,132177.825437453,8938057.50901802
"720","438","438-720",0.616446546890238,"2.527807268214056e-7|0.000011839265875424593",0,1,0,1.18392658754246e-05,NA,NA,"Guinea (French Guinea) (Rivieres du Sud)",NA,0,9,"AF",0.0364,NA,NA,"Hong Kong",NA,1,8,"AS",0.167954545454545,433354.161959506,20296623.1095825
"720","461","461-720",1.0968964654919,"0.00002161783684182636|2.7682608197474943e-8",0,1,0,2.16178368418264e-05,NA,NA,"Togo (French Togoland)",NA,0,9,"AF",0.0561224489795918,NA,NA,"Hong Kong",NA,1,8,"AS",0.167954545454545,47457.6271186441,37060497.7909799
"720","475","475-720",0.400674600643551,"0.00010658949211964539|5.478137219820249e-7",0,1,0,0.000106589492119645,NA,NA,"Nigeria",NA,0,9,"AF",0.04,NA,NA,"Hong Kong",NA,1,8,"AS",0.167954545454545,939143.420404689,182731494.65162
"720","484","484-720",0.865216064915714,"0.000015016592242761094",0,1,0,1.50165922427611e-05,NA,NA,"Congo (Brazzaville) (French Congo) (Middle Congo)",NA,0,9,"AF",0.0681481481481481,NA,NA,"Hong Kong",NA,1,8,"AS",0.167954545454545,NA,25743666.5709369
"720","490","490-720",0.139418591408811,"0.000008576659343649368|3.9675142609299216e-8",0,1,0,8.57665934364937e-06,NA,NA,"Democratic Republic of the Congo (Zaire) (Kinshasa) (Belgian Congo) (Congo Free State)",NA,0,9,"AF",0.644285714285714,NA,NA,"Hong Kong",NA,1,8,"AS",0.167954545454545,68017.0058543435,14703379.7592697
"720","55","55-720",0.754398861904884,"0.0000023746149465114727|2.1528728732837114e-9",0,1,0,2.37461494651147e-06,NA,NA,"Grenada",NA,4,5,"LA",0,NA,NA,"Hong Kong",NA,1,8,"AS",0.167954545454545,3690.77354725057,4070916.65200029
"720","553","553-720",0.349430256832464,"0.000005240746704032878|1.826980149135409e-7",0,1,0,5.24074670403288e-06,NA,NA,"Malawi (Nyasaland) (British Central Africa Protectorate)",NA,5,8,"AF",0.101714285714286,NA,NA,"Hong Kong",NA,1,8,"AS",0.167954545454545,313207.997065615,8984464.22132802
"720","560","560-720",0.208949048697882,"0.00016258664240632035",0,1,0,0.00016258664240632,NA,NA,"South Africa",NA,5,8,"AF",0,NA,NA,"Hong Kong",NA,1,8,"AS",0.167954545454545,NA,278730103.563554
"720","570","570-720",1.07173300313396,"0.0000025618042657516747",0,1,0,2.56180426575167e-06,NA,NA,"Lesotho (Basutoland)",NA,5,8,"AS",0.105833333333333,NA,NA,"Hong Kong",NA,1,8,"AS",0.167954545454545,NA,4391824.30816199
"720","580","580-720",0.273645781385355,"0.00000444553895151099|4.365341386203417e-7",0,1,0,4.44553895151099e-06,NA,NA,"Madagascar (Malagasy Republic)",NA,5,8,"ME",0.183076923076923,NA,NA,"Hong Kong",NA,1,8,"AS",0.167954545454545,748371.476683774,7621201.31156791
"720","590","590-720",1.09069114655044,"0.000033084432390237605|0.0000019580883075021613",0,1,0,3.30844323902376e-05,NA,NA,"Mauritius",NA,5,8,"AF",0.150526315789474,NA,NA,"Hong Kong",NA,1,8,"AS",0.167954545454545,3356844.99451503,56718234.2287785
"720","666","666-720",0.688407219906135,"0.00017934375453649822|0.00006721089444140597",0,1,0,0.000179343754536498,NA,NA,"Israel",NA,2,9,"AF",0.0355172413793103,NA,NA,"Hong Kong",NA,1,8,"AS",0.167954545454545,307457627.118644,115222870.040177
"720","696","696-720",0.14924510800628,"0.000020010630994005923|0.00018270768113966556",0,1,0,0.000182707681139666,NA,NA,"United Arab Emirates (Trucial Oman)",NA,2,5,"LA",0.55,NA,NA,"Hong Kong",NA,1,8,"AS",0.167954545454545,34305187.4790085,313224568.342129
"720","700","700-720",0.352326271930683,"3.4009789421439626e-9|0.000005747519123415289",0.9,0.1,0.36,5.74751912341529e-06,NA,NA,"Afghanistan",NA,1,1,"AS",0.3765,NA,NA,"Hong Kong",NA,1,8,"AS",0.167954545454545,5830.46183088164,9853248.56207729
"720","710","710-720",2.77209861410655,"0.008810963444362987|0.010591100604691995",1,0,0,0.010591100604692,NA,NA,"People's Republic of China (China)",NA,1,2,"WE",0.106923076923077,NA,NA,"Hong Kong",NA,1,8,"AS",0.167954545454545,18156833333.3333,15105058552.1318
"720","713","713-720",0.770233567733639,"0.0013075006439043219",0.95,0.05,0.19,0.00130750064390432,NA,NA,"Republic of China (Taiwan) (Formosa)",NA,1,5,"LA",0.122,NA,NA,"Hong Kong",NA,1,8,"AS",0.167954545454545,NA,2241511261.26397
"720","95","720-95",1.1040185489901,"0.000285566343778312|1.7707476932888352e-7",0,1,0,0.000285566343778312,NA,NA,"Panama",NA,4,7,"ME",0.0159375,NA,NA,"Hong Kong",NA,1,8,"AS",0.167954545454545,303567.796610169,489560122.5141
"721","2","2-721",0.731853204196201,"0.0000034603260246843667|0.00017302626423029054",0,1,0,0.000173026264230291,NA,NA,"United States of America",NA,4,8,"AS",0.00662337662337662,NA,NA,"Macao",NA,1,3,"AS",0.0576923076923077,5932203.38983051,296627249.535039
"721","200","200-721",0.258675577248856,"0.000008960118926504748|0.000040786245705189964",0,1,0,4.078624570519e-05,NA,NA,"United Kingdom",NA,4,1,"AS",0.0107228915662651,NA,NA,"Macao",NA,1,3,"AS",0.0576923076923077,15360762.9714441,69921823.3498266
"721","220","220-721",0.32863995873729,"0.00000253427231641515|0.000048958065101112646",0,1,0,4.89580651011126e-05,NA,NA,"France",NA,0,9,"AF",0.0404166666666667,NA,NA,"Macao",NA,1,3,"AS",0.0576923076923077,4344624.96277728,83931166.5087554
"721","235","235-721",0.578650857659168,"0.000005323880670602245|0.000002731425633862792",0,1,0,5.32388067060225e-06,NA,NA,"Portugal",NA,0,3,"AS",0.0425531914893617,NA,NA,"Macao",NA,1,3,"AS",0.0576923076923077,9126984.78001955,4682614.3804611
"721","255","255-721",0.31941105461624,"0.0000020105816742344004|0.00007529670580084799",0,1,0,7.5296705800848e-05,NA,NA,"Germany (Zollverein)",NA,2,8,"AF",0.083728813559322,NA,NA,"Macao",NA,1,3,"AS",0.0576923076923077,3446836.89870302,129084765.484086
"721","390","390-721",0.157005202245861,"0.0000010741583367904682|0.00000543400199438701",0,1,0,5.43400199438701e-06,NA,NA,"Denmark",NA,3,11,"WE",0.0130769230769231,NA,NA,"Macao",NA,1,3,"AS",0.0576923076923077,1841481.31744446,9315771.06362073
"721","41","41-721",0.430692868787467,"1.5925458156366196e-7",0,1,0,1.59254581563662e-07,NA,NA,"Haiti",NA,4,5,"LA",0.031875,NA,NA,"Macao",NA,1,3,"AS",0.0576923076923077,NA,273017.791346458
"721","590","590-721",0.0853803158393403,"2.053853842261533e-7",0,1,0,2.05385384226153e-07,NA,NA,"Mauritius",NA,5,8,"AF",0.150526315789474,NA,NA,"Macao",NA,1,3,"AS",0.0576923076923077,NA,352102.045829385
"721","616","616-721",1.10626663709648,"1.5974240463269588e-8|0.0000019790754988246824",0,1,0,1.97907549882468e-06,NA,NA,"Tunisia (Regency of Tunis)",NA,0,8,"AS",0.622037037037037,NA,NA,"Macao",NA,1,3,"AS",0.0576923076923077,3392824.34635019,27385.40899042
"721","710","710-721",2.56329039300308,"0.00017345790474593986|0.00004614887745697266",1,0,0,0.00017345790474594,NA,NA,"People's Republic of China (China)",NA,1,2,"WE",0.106923076923077,NA,NA,"Macao",NA,1,3,"AS",0.0576923076923077,297367231.638418,79115240.9727339
"721","720","720-721",2.85115395637508,"0.0003146410323432606|0.00007133088941439627",1,0,0,0.000314641032343261,NA,NA,"Hong Kong",NA,1,8,"AS",0.167954545454545,NA,NA,"Macao",NA,1,3,"AS",0.0576923076923077,539404259.983484,122285975.646559
"731","110","110-731",3.18272773052944,"1.2336470337651443e-8|4.324895880524492e-7",0,1,0,4.32489588052449e-07,NA,NA,"Guyana (British Guiana)",NA,4,5,"LA",0,NA,NA,"North Korea (Democratic People's Republic of Korea)",NA,1,1,"AS",0.417555555555556,21149.0046410395,741437.709050887
"731","135","135-731",1.38645247827602,"0.0000017341176706561058|8.271826973293116e-8",0,1,0,1.73411767065611e-06,NA,NA,"Peru",NA,4,3,"AS",0.025,NA,NA,"North Korea (Democratic People's Republic of Korea)",NA,1,1,"AS",0.417555555555556,2972881.3559322,141807.90960452
"731","145","145-731",1.81653648841536,"4.4453864713840486e-7",0,1,0,4.44538647138405e-07,NA,NA,"Bolivia",NA,4,5,"LA",0,NA,NA,"North Korea (Democratic People's Republic of Korea)",NA,1,1,"AS",0.417555555555556,NA,762093.990755006
"731","290","290-731",1.05001020643339,"0.0000030637277442164583",0.05,0.95,0.19,3.06372774421646e-06,NA,NA,"Poland",NA,2,1,"AS",0.112,NA,NA,"North Korea (Democratic People's Republic of Korea)",NA,1,1,"AS",0.417555555555556,NA,5252295.87620041
"731","315","315-731",0.463924911064197,"0.0000010173689157469649",0.05,0.95,0.19,1.01736891574696e-06,NA,NA,"Czechoslovakia",NA,2,11,"WE",0.105,NA,NA,"North Korea (Democratic People's Republic of Korea)",NA,1,1,"AS",0.417555555555556,NA,1744124.48065579
"731","345","345-731",1.1769818445601,"0.0000029737232948755034",0.05,0.95,0.19,2.9737232948755e-06,NA,NA,"Yugoslavia (Kingdom of Serbs, Croats and Slovenes)",NA,2,9,"AF",0.012258064516129,NA,NA,"North Korea (Democratic People's Republic of Korea)",NA,1,1,"AS",0.417555555555556,NA,5097996.9183359
"731","352","352-731",1.04694397871623,"6.734781250779502e-7|5.245619049513641e-8",0.05,0.95,0.19,6.7347812507795e-07,NA,NA,"Cyprus",NA,2,5,"LA",0.173877551020408,NA,NA,"North Korea (Democratic People's Republic of Korea)",NA,1,1,"AS",0.417555555555556,89928.1711760751,1154575.95268889
"731","360","360-731",1.34356609038904,"9.810639216476377e-7|0.000001120486522278747",0.05,0.95,0.19,1.12048652227875e-06,NA,NA,"Romania",NA,2,3,"AS",0.119583333333333,NA,NA,"North Korea (Democratic People's Republic of Korea)",NA,1,1,"AS",0.417555555555556,1920903.95480226,1681885.08253912
"731","42","42-731",0.627724181615379,"3.886809649456883e-7",0,1,0,3.88680964945688e-07,NA,NA,"Dominican Republic (Santo Domingo)",NA,4,5,"LA",0.017,NA,NA,"North Korea (Democratic People's Republic of Korea)",NA,1,1,"AS",0.417555555555556,NA,666334.478706735
"731","434","434-731",1.40883455197388,"1.3805950775787436e-7",0,1,0,1.38059507757874e-07,NA,NA,"Benin (Dahomey)",NA,0,9,"AF",0.0541176470588235,NA,NA,"North Korea (Democratic People's Republic of Korea)",NA,1,1,"AS",0.417555555555556,NA,236682.056568441
"731","452","452-731",0.758927876078564,"2.2170054184124923e-7",0,1,0,2.21700541841249e-07,NA,NA,"Ghana (Gold Coast)",NA,0,9,"AF",0.0729166666666667,NA,NA,"North Korea (Democratic People's Republic of Korea)",NA,1,1,"AS",0.417555555555556,NA,380071.905495634
"731","461","461-731",0.682086728650702,"1.0006483915537493e-7",0,1,0,1.00064839155375e-07,NA,NA,"Togo (French Togoland)",NA,0,9,"AF",0.0561224489795918,NA,NA,"North Korea (Democratic People's Republic of Korea)",NA,1,1,"AS",0.417555555555556,NA,171545.968156138
"731","475","475-731",0.0474548436656025,"7.75431480325635e-9|5.247251110891608e-7",0,1,0,5.24725111089161e-07,NA,NA,"Nigeria",NA,0,9,"AF",0.04,NA,NA,"North Korea (Democratic People's Republic of Korea)",NA,1,1,"AS",0.417555555555556,13293.5949484373,899561.503895068
"731","482","482-731",2.80248168763136,"1.6903767105039463e-7",0,1,0,1.69037671050395e-07,NA,NA,"Central African Republic (Ubangi Shari)",NA,0,2,"AF",0.0416666666666667,NA,NA,"North Korea (Democratic People's Republic of Korea)",NA,1,1,"AS",0.417555555555556,NA,289789.412344657
"731","484","484-731",0.790886449535174,"1.1681917930382358e-9|9.770331359956114e-8",0,1,0,9.77033135995611e-08,NA,NA,"Congo (Brazzaville) (French Congo) (Middle Congo)",NA,0,9,"AF",0.0681481481481481,NA,NA,"North Korea (Democratic People's Republic of Korea)",NA,1,1,"AS",0.417555555555556,2002.68739569582,167497.491276377
"731","501","501-731",0.169464558077862,"1.6837257366862444e-7",0.2,0.8,0.64,1.68372573668624e-07,NA,NA,"Kenya (British East Africa Protectorate)",NA,5,14,"WE",0.274666666666667,NA,NA,"North Korea (Democratic People's Republic of Korea)",NA,1,1,"AS",0.417555555555556,NA,288649.203903441
"731","512","512-731",1.63573234686047,"2.1930234926115697e-7|4.2745373161073104e-7",0.2,0.8,0.64,4.27453731610731e-07,NA,NA,"Tanzania (Tanganyika)",NA,5,8,"ME",0.255,NA,NA,"North Korea (Democratic People's Republic of Korea)",NA,1,1,"AS",0.417555555555556,375960.568572002,732804.498064074
"731","52","52-731",0.850932261410976,"5.90658383147127e-7|6.947848255741471e-8",0,1,0,5.90658383147127e-07,NA,NA,"Trinidad and Tobago",NA,4,5,"LA",0.021875,NA,NA,"North Korea (Democratic People's Republic of Korea)",NA,1,1,"AS",0.417555555555556,1012594.08441342,119110.305447294
"731","520","520-731",1.52686407268142,"4.314779386636816e-8",0.2,0.8,0.64,4.31477938663682e-08,NA,NA,"Somalia",NA,2,1,"AF",0.662105263157895,NA,NA,"North Korea (Democratic People's Republic of Korea)",NA,1,1,"AS",0.417555555555556,NA,73970.3389830514
"731","522","522-731",1.55135160488357,"1.2043732137862477e-7",0.2,0.8,0.64,1.20437321378625e-07,NA,NA,"Djibouti (Afar and Issas) (French Somaliland)",NA,2,1,"AF",0.595185185185185,NA,NA,"North Korea (Democratic People's Republic of Korea)",NA,1,1,"AS",0.417555555555556,NA,206471.494607088
"731","530","530-731",1.01348937974418,"3.2955485949374886e-9|1.7226731291718708e-7",0.2,0.8,0.64,1.72267312917187e-07,NA,NA,"Ethiopia (Abyssinia)",NA,2,3,"AS",0.587391304347826,NA,NA,"North Korea (Democratic People's Republic of Korea)",NA,1,1,"AS",0.417555555555556,5649.71751412429,295326.14278377
"731","551","551-731",2.31443115830201,"3.6090646925467827e-7",0.2,0.8,0.64,3.60906469254678e-07,NA,NA,"Zambia (Northern Rhodesia)",NA,5,8,"AF",0.135675675675676,NA,NA,"North Korea (Democratic People's Republic of Korea)",NA,1,1,"AS",0.417555555555556,NA,618719.324436966
"731","552","552-731",1.8856286327534,"3.516322936238528e-7|4.7186738634716497e-7",0.2,0.8,0.64,4.71867386347165e-07,NA,NA,"Zimbabwe (Rhodesia) (Southern Rhodesia)",NA,5,8,"AF",0.0812,NA,NA,"North Korea (Democratic People's Republic of Korea)",NA,1,1,"AS",0.417555555555556,602820.158947181,808944.963240695
"731","580","580-731",2.29168879671095,"6.523367647441367e-10|2.3440572383769252e-7",0.2,0.8,0.64,2.34405723837693e-07,NA,NA,"Madagascar (Malagasy Republic)",NA,5,8,"ME",0.183076923076923,NA,NA,"North Korea (Democratic People's Republic of Korea)",NA,1,1,"AS",0.417555555555556,1118.33230150018,401853.010273063
"731","590","590-731",2.4675342056003,"9.187511120244722e-7",0.2,0.8,0.64,9.18751112024472e-07,NA,NA,"Mauritius",NA,5,8,"AF",0.150526315789474,NA,NA,"North Korea (Democratic People's Republic of Korea)",NA,1,1,"AS",0.417555555555556,NA,1575059.23496306
"731","616","616-731",0.0802995019962199,"3.688662112379879e-7|3.480539256415996e-9",0,1,0,3.68866211237988e-07,NA,NA,"Tunisia (Regency of Tunis)",NA,0,8,"AS",0.622037037037037,NA,NA,"North Korea (Democratic People's Republic of Korea)",NA,1,1,"AS",0.417555555555556,5966.8559055017,632365.09308383
"731","620","620-731",0.473288295348717,"6.255550423844974e-7|9.095714122027446e-8",0.05,0.95,0.19,6.25555042384497e-07,NA,NA,"Libya",NA,2,3,"AS",0.0628125,NA,NA,"North Korea (Democratic People's Republic of Korea)",NA,1,1,"AS",0.417555555555556,155932.20338983,1072419.10631741
"731","630","630-731",2.10215695841907,"0.00001977329156962497|0.0000029360342027624903",0.05,0.95,0.19,1.9773291569625e-05,NA,NA,"Iran (Persia)",NA,2,7,"ME",0.181707317073171,NA,NA,"North Korea (Democratic People's Republic of Korea)",NA,1,1,"AS",0.417555555555556,33898305.0847458,5033384.69440164
"731","640","640-731",2.50781335482982,"0.00001707693362831246",0.05,0.95,0.19,1.70769336283125e-05,NA,NA,"Turkey (Ottoman Empire)",NA,2,1,"AS",0.16046511627907,NA,NA,"North Korea (Democratic People's Republic of Korea)",NA,1,1,"AS",0.417555555555556,NA,29275808.9368259
"731","710","710-731",2.8288580342544,"0.000025665133266719558|0.00017294511738456743",0.75,0.25,0.75,0.000172945117384567,NA,NA,"People's Republic of China (China)",NA,1,2,"WE",0.106923076923077,NA,NA,"North Korea (Democratic People's Republic of Korea)",NA,1,1,"AS",0.417555555555556,296488135.59322,43998972.7786338
"731","720","720-731",1.08409131557983,"0.00004109315179843827|0.000012056728799203554",0.75,0.25,0.75,4.10931517984383e-05,NA,NA,"Hong Kong",NA,1,8,"AS",0.167954545454545,NA,NA,"North Korea (Democratic People's Republic of Korea)",NA,1,1,"AS",0.417555555555556,70447967.2315706,20669430.2625506
"731","721","721-731",0.0496310981781049,"1.3389004475596477e-7|1.4287779290990724e-8",0.75,0.25,0.75,1.33890044755965e-07,NA,NA,"Macao",NA,1,3,"AS",0.0576923076923077,NA,NA,"North Korea (Democratic People's Republic of Korea)",NA,1,1,"AS",0.417555555555556,24494.2274625399,229534.145540041
"731","93","731-93",2.12485684406981,"3.6101236880906315e-7",0,1,0,3.61012368809063e-07,NA,NA,"Nicaragua",NA,4,5,"LA",0,NA,NA,"North Korea (Democratic People's Republic of Korea)",NA,1,1,"AS",0.417555555555556,NA,618900.873138164
"732","135","135-732",0.191932753391408,"0.000027321416071469746|0.000008304782459242466",0,1,0,2.73214160714697e-05,NA,NA,"Peru",NA,4,3,"AS",0.025,NA,NA,"South Korea (Republic of South Korea)",NA,1,3,"AS",0.218196721311475,46838418.079096,14237288.1355932
"732","150","150-732",0.283842981463021,"0.0000026423708634208807|0.00001819142824405495",0,1,0,1.8191428244055e-05,NA,NA,"Paraguay",NA,4,3,"AS",0.0242857142857143,NA,NA,"South Korea (Republic of South Korea)",NA,1,3,"AS",0.218196721311475,4529943.50282486,31186440.6779661
"732","155","155-732",0.475254458387308,"0.00008667292804685605|0.0000889798120633123",0,1,0,8.89798120633123e-05,NA,NA,"Chile",NA,4,12,"WE",0,NA,NA,"South Korea (Republic of South Korea)",NA,1,3,"AS",0.218196721311475,148587570.621469,152542372.881356
"732","160","160-732",0.307666745146366,"0.00002152718253185067|0.0000842342220866023",0,1,0,8.42342220866023e-05,NA,NA,"Argentina (La Plata)",NA,4,5,"LA",0.0110869565217391,NA,NA,"South Korea (Republic of South Korea)",NA,1,3,"AS",0.218196721311475,36905084.7457627,144406779.661017
"732","2","2-732",0.542461674333381,"0.005114164131567794|0.006132093181572113",0,1,0,0.00613209318157211,NA,NA,"United States of America",NA,4,8,"AS",0.00662337662337662,NA,NA,"South Korea (Republic of South Korea)",NA,1,3,"AS",0.218196721311475,8767457627.11864,10512542372.8814
"732","339","339-732",2.46442063716617,"0.000014618154029236773",0,1,0,1.46181540292368e-05,NA,NA,"Albania",NA,2,14,"WE",0.115454545454545,NA,NA,"South Korea (Republic of South Korea)",NA,1,3,"AS",0.218196721311475,25060604.771544,NA
"732","352","352-732",0.618218648683521,"5.597047530781031e-8|0.00004547857061013735",0,1,0,4.54785706101373e-05,NA,NA,"Cyprus",NA,2,5,"LA",0.173877551020408,NA,NA,"South Korea (Republic of South Korea)",NA,1,3,"AS",0.218196721311475,95952.8787122604,77966101.6949152
"732","42","42-732",0.728984782589551,"0.000025705279040512436|0.000009789756656121294",0,1,0,2.57052790405124e-05,NA,NA,"Dominican Republic (Santo Domingo)",NA,4,5,"LA",0.017,NA,NA,"South Korea (Republic of South Korea)",NA,1,3,"AS",0.218196721311475,16783050.8474576,44067796.6101695
"732","432","432-732",0.233440119666396,"0.0000021106490773940573",0,1,0,2.11064907739406e-06,NA,NA,"Mali (French Sudan) (Upper Senegal and Niger)",NA,0,9,"AF",0.07,NA,NA,"South Korea (Republic of South Korea)",NA,1,3,"AS",0.218196721311475,3618387.26245506,NA
"732","434","434-732",0.384897159046655,"0.000005141055808102487|2.3363916697486424e-9",0,1,0,5.14105580810249e-06,NA,NA,"Benin (Dahomey)",NA,0,9,"AF",0.0541176470588235,NA,NA,"South Korea (Republic of South Korea)",NA,1,3,"AS",0.218196721311475,4005.38864961977,8813559.3220339
"732","450","450-732",3.01507311787931,"2.402754521036242e-7|0.000687715080791557",0.45,0.55,0.99,0.000687715080791557,NA,NA,"Liberia",NA,1,11,"AF",0.530952380952381,NA,NA,"South Korea (Republic of South Korea)",NA,1,3,"AS",0.218196721311475,411915.767847971,1178983050.84746
"732","461","461-732",0.248279762738532,"0.0000067229191336725055",0,1,0,6.7229191336725e-06,NA,NA,"Togo (French Togoland)",NA,0,9,"AF",0.0561224489795918,NA,NA,"South Korea (Republic of South Korea)",NA,1,3,"AS",0.218196721311475,NA,11525423.7288136
"732","522","522-732",0.989391957169024,"2.3967626144999946e-9|0.000007118384965064995",0.05,0.95,0.19,7.118384965065e-06,NA,NA,"Djibouti (Afar and Issas) (French Somaliland)",NA,2,1,"AF",0.595185185185185,NA,NA,"South Korea (Republic of South Korea)",NA,1,3,"AS",0.218196721311475,4108.88546481767,12203389.8305085
"732","54","54-732",2.08531338231802,"0.000009095714122027446",0,1,0,9.09571412202745e-06,NA,NA,"Dominica",NA,4,5,"LA",0,NA,NA,"South Korea (Republic of South Korea)",NA,1,3,"AS",0.218196721311475,NA,15593220.338983
"732","570","570-732",0.909004269528119,"0.000001581863325569995",0.05,0.95,0.19,1.58186332557e-06,NA,NA,"Lesotho (Basutoland)",NA,5,8,"AS",0.105833333333333,NA,NA,"South Korea (Republic of South Korea)",NA,1,3,"AS",0.218196721311475,NA,2711864.40677966
"732","572","572-732",1.67455607684591,"0.0000027682608197474944",0.05,0.95,0.19,2.76826081974749e-06,NA,NA,"Eswatini (Swaziland)",NA,5,8,"AF",0.108333333333333,NA,NA,"South Korea (Republic of South Korea)",NA,1,3,"AS",0.218196721311475,NA,4745762.71186441
"732","620","620-732",0.343260328930503,"0.0000030546439926475616|0.00005694707972051984",0,1,0,5.69470797205198e-05,NA,NA,"Libya",NA,2,3,"AS",0.0628125,NA,NA,"South Korea (Republic of South Korea)",NA,1,3,"AS",0.218196721311475,5236723.16384181,97627118.6440678
"732","625","625-732",0.0384439664769866,"0.0000028033134729845577|0.000005536521639494983",0,1,0,5.53652163949498e-06,NA,NA,"Sudan (Anglo-Egyptian Sudan) (Mahdist State)",NA,2,8,"AF",0.184736842105263,NA,NA,"South Korea (Republic of South Korea)",NA,1,3,"AS",0.218196721311475,4805855.16178737,9491525.42372881
"732","630","630-732",0.480503224045984,"0.0001834961457661197|0.00020323648184979496",0,1,0,0.000203236481849795,NA,NA,"Iran (Persia)",NA,2,7,"ME",0.181707317073171,NA,NA,"South Korea (Republic of South Korea)",NA,1,3,"AS",0.218196721311475,348418079.096045,314576271.186441
"732","640","640-732",0.0532869971838219,"0.00010422501986349315|0.000105589376981797",0,1,0,0.000105589376981797,NA,NA,"Turkey (Ottoman Empire)",NA,2,1,"AS",0.16046511627907,NA,NA,"South Korea (Republic of South Korea)",NA,1,3,"AS",0.218196721311475,178677966.101695,181016949.152542
"732","660","660-732",0.183110419910643,"0.000028869005691652415|6.824781544788726e-7",0,1,0,2.88690056916524e-05,NA,NA,"Lebanon",NA,2,7,"ME",0.217777777777778,NA,NA,"South Korea (Republic of South Korea)",NA,1,3,"AS",0.218196721311475,1170005.13610683,49491525.4237288
"732","663","663-732",0.0536920030210512,"0.000020168757401017457|0.000004916341261127851",0,1,0,2.01687574010175e-05,NA,NA,"Jordan (Transjordan)",NA,2,8,"AF",0.264791666666667,NA,NA,"South Korea (Republic of South Korea)",NA,1,3,"AS",0.218196721311475,8428320.3625261,34576271.1864407
"732","670","670-732",0.908102514854705,"0.0008754392966068325|0.00032309558424767175",0.05,0.95,0.19,0.000875439296606833,NA,NA,"Saudi Arabia (Emirate of Nejd) (Emirate of Diriyah)",NA,2,1,"AS",0.49,NA,NA,"South Korea (Republic of South Korea)",NA,1,3,"AS",0.218196721311475,1500807705.94314,553898305.084746
"732","690","690-732",1.34133880342803,"0.00012931732686534699|0.000011617707583135126",0.05,0.95,0.19,0.000129317326865347,NA,NA,"Kuwait",NA,2,1,"ME",0.4245,NA,NA,"South Korea (Republic of South Korea)",NA,1,3,"AS",0.218196721311475,19916795.0693375,221694915.254237
"732","692","692-732",0.870606006224209,"0.00003113963867356438|0.000007118384965064995",0.05,0.95,0.19,3.11396386735644e-05,NA,NA,"Bahrain",NA,2,8,"ME",0.576428571428571,NA,NA,"South Korea (Republic of South Korea)",NA,1,3,"AS",0.218196721311475,53384180.7909605,12203389.8305085
"732","694","694-732",0.874286146980639,"0.000005141055808102487|0.000056439565236899494",0.05,0.95,0.19,5.64395652368995e-05,NA,NA,"Qatar",NA,2,3,"ME",0.419655172413793,NA,NA,"South Korea (Republic of South Korea)",NA,1,3,"AS",0.218196721311475,96757062.1468927,8813559.3220339
"732","696","696-732",0.79681049125696,"0.000342059668839574|0.00021236515145777222",0.05,0.95,0.19,0.000342059668839574,NA,NA,"United Arab Emirates (Trucial Oman)",NA,2,5,"LA",0.55,NA,NA,"South Korea (Republic of South Korea)",NA,1,3,"AS",0.218196721311475,586409347.714429,364067796.61017
"732","698","698-732",2.35716708298872,"0.00035616581520721524|0.000009886645784812485",0.05,0.95,0.19,0.000356165815207215,NA,NA,"Oman (Sultanate of Muscat and Oman)",NA,2,3,"ME",0.463793103448276,NA,NA,"South Korea (Republic of South Korea)",NA,1,3,"AS",0.218196721311475,610592193.117616,16949152.5423729
"732","700","700-732",1.6841261279632,"6.366400694765589e-7|0.00001581863325569995",0.85,0.15,0.51,1.58186332557e-05,NA,NA,"Afghanistan",NA,1,1,"AS",0.3765,NA,NA,"South Korea (Republic of South Korea)",NA,1,3,"AS",0.218196721311475,1091422.70159219,27118644.0677966
"732","710","710-732",0.30066675028573,"0.0007180038088179065|0.0003302139692127365",0.95,0.05,0.19,0.000718003808817906,NA,NA,"People's Republic of China (China)",NA,1,2,"WE",0.106923076923077,NA,NA,"South Korea (Republic of South Korea)",NA,1,3,"AS",0.218196721311475,1230908474.57627,566101694.915254
"732","712","712-732",0.391938001881163,"0.000001581863325569995|1.2762760922212475e-7",0,1,0,1.58186332557e-06,NA,NA,"Mongolia",NA,2,1,"AS",0.105882352941176,NA,NA,"South Korea (Republic of South Korea)",NA,1,3,"AS",0.218196721311475,218798.151001541,2711864.40677966
"732","713","713-732",0.187220469432749,"0.0005303196798973409",0.9,0.1,0.36,0.000530319679897341,NA,NA,"Republic of China (Taiwan) (Formosa)",NA,1,5,"LA",0.122,NA,NA,"South Korea (Republic of South Korea)",NA,1,3,"AS",0.218196721311475,NA,909152542.372881
"732","720","720-732",0.875912482402196,"0.0006955399930297825|0.0015715812139537888",0.95,0.05,0.19,0.00157158121395379,NA,NA,"Hong Kong",NA,1,8,"AS",0.167954545454545,NA,NA,"South Korea (Republic of South Korea)",NA,1,3,"AS",0.218196721311475,1192397674.3753,2694237288.13559
"732","90","732-90",0.353042665675152,"3.825472809003439e-7|0.000021355154895194925",0,1,0,2.13551548951949e-05,NA,NA,"Guatemala",NA,4,5,"LA",0,NA,NA,"South Korea (Republic of South Korea)",NA,1,3,"AS",0.218196721311475,655819.209039548,36610169.4915254
"732","91","732-91",0.203301455116809,"0.000010677577447597462",0,1,0,1.06775774475975e-05,NA,NA,"Honduras",NA,4,5,"LA",0,NA,NA,"South Korea (Republic of South Korea)",NA,1,3,"AS",0.218196721311475,NA,18305084.7457627
"732","94","732-94",1.1466909632113,"6.421705992095196e-7|0.00004864229726127738",0,1,0,4.86422972612774e-05,NA,NA,"Costa Rica",NA,4,5,"LA",0.00575757575757576,NA,NA,"South Korea (Republic of South Korea)",NA,1,3,"AS",0.218196721311475,1100903.95480226,83389830.5084746
"732","95","732-95",1.09506168778399,"0.0002056422323240995|2.6753757825991775e-7",0,1,0,0.0002056422323241,NA,NA,"Panama",NA,4,7,"ME",0.0159375,NA,NA,"South Korea (Republic of South Korea)",NA,1,3,"AS",0.218196721311475,458652.542372881,352542372.881356
"740","115","115-740",0.196579246486607,"0.0000064117393105111145|0.000009212774273442506",0,1,0,9.21277427344251e-06,NA,NA,"Surinam (Dutch Guiana)",NA,4,3,"AS",0,NA,NA,"Japan",NA,1,1,"AS",0.100597014925373,15793902.1886367,10991953.1862588
"740","135","135-740",0.417669352229411,"0.00005982977759887731|0.00009744508773912819",0,1,0,9.74450877391282e-05,NA,NA,"Peru",NA,4,3,"AS",0.025,NA,NA,"Japan",NA,1,1,"AS",0.100597014925373,167054802.259887,102569066.311386
"740","140","140-740",0.278183585988728,"0.0008425442379948951|0.00040435635411178376",0,1,0,0.000842544237994895,NA,NA,"Brazil",NA,4,5,"LA",0.0085,NA,NA,"Japan",NA,1,1,"AS",0.100597014925373,1444414124.29379,693207552.539859
"740","155","155-740",1.12167136088686,"0.0002083172148501402|0.0005417881890077236",0,1,0,0.000541788189007724,NA,NA,"Chile",NA,4,12,"WE",0,NA,NA,"Japan",NA,1,1,"AS",0.100597014925373,928813559.322034,357128224.126446
"740","2","2-740",0.663931923409977,"0.030384823446567337|0.015866913042615775",0,1,0,0.0303848234465673,NA,NA,"United States of America",NA,4,8,"AS",0.00662337662337662,NA,NA,"Japan",NA,1,1,"AS",0.100597014925373,27201412429.3785,52090164731.1021
"740","30","30-740",0.298258493018747,"0.00007035946620364476",0,1,0,7.03594662036448e-05,NA,NA,"Bermuda",NA,4,1,"AS",0.0364285714285714,NA,NA,"Japan",NA,1,1,"AS",0.100597014925373,NA,120620618.09855
"740","31","31-740",0.652200407185497,"0.000005271709117340593|0.00012691082985370823",0,1,0,0.000126910829853708,NA,NA,"Bahamas",NA,3,7,"ME",0.353076923076923,NA,NA,"Japan",NA,1,1,"AS",0.100597014925373,9037544.57614751,217569341.644056
"740","352","352-740",0.0950431371488892,"7.995198252161959e-7|0.00011827383564308492",0,1,0,0.000118273835643085,NA,NA,"Cyprus",NA,2,5,"LA",0.173877551020408,NA,NA,"Japan",NA,1,1,"AS",0.100597014925373,1370655.30344553,202762526.919458
"740","395","395-740",0.128019223085082,"0.00003672691830120191|0.000025107775376891598",0,1,0,3.67269183012019e-05,NA,NA,"Iceland",NA,3,14,"WE",0,NA,NA,"Japan",NA,1,1,"AS",0.100597014925373,62962723.0758672,43043467.3320949
"740","40","40-740",0.64065015867498,"0.00004254815720003454|0.000011781270243912178",0,1,0,4.25481572000345e-05,NA,NA,"Cuba",NA,4,5,"LA",0,NA,NA,"Japan",NA,1,1,"AS",0.100597014925373,72942352.9958017,20197198.4081529
"740","420","420-740",2.13341663601948,"0.000012453492681577861|0.0000034955758436163204",0,1,0,1.24534926815779e-05,NA,NA,"Gambia",NA,0,9,"AF",0.0729166666666667,NA,NA,"Japan",NA,1,1,"AS",0.100597014925373,21349621.6754964,5992633.8503904
"740","435","435-740",1.33237242523763,"0.0000020388159578357886|0.00003767205854764748",0,1,0,3.76720585476475e-05,NA,NA,"Mauritania",NA,0,9,"AF",0.0982142857142857,NA,NA,"Japan",NA,1,1,"AS",0.100597014925373,64583022.4736215,3495240.2895092
"740","436","436-740",1.03821694576217,"0.000016526403472158787|0.000004419454728020661",0,1,0,1.65264034721588e-05,NA,NA,"Niger",NA,0,12,"WE",0.0384615384615385,NA,NA,"Japan",NA,1,1,"AS",0.100597014925373,28332008.6026257,7576483.87225537
"740","450","450-740",0.575706562756604,"0.0000016902283147615753|0.0002632080856102262",0.45,0.55,0.99,0.000263208085610226,NA,NA,"Liberia",NA,1,11,"AF",0.530952380952381,NA,NA,"Japan",NA,1,1,"AS",0.100597014925373,2897639.7214857,451230284.819826
"740","483","483-740",0.430032568118867,"0.0000014934559533249798|0.000003043870698438474",0,1,0,3.04387069843847e-06,NA,NA,"Chad",NA,0,9,"AF",0.0833333333333333,NA,NA,"Japan",NA,1,1,"AS",0.100597014925373,5218253.98724663,2560303.39502045
"740","490","490-740",0.409148748402876,"0.000012851234045637752|0.000028501089982264682",0,1,0,2.85010899822647e-05,NA,NA,"Democratic Republic of the Congo (Zaire) (Kinshasa) (Belgian Congo) (Congo Free State)",NA,0,9,"AF",0.644285714285714,NA,NA,"Japan",NA,1,1,"AS",0.100597014925373,48860789.8216981,22031488.8323251
"740","500","500-740",0.0604081284345448,"0.000012894843825865741|8.328025725484562e-7",0,1,0,1.28948438258657e-05,NA,NA,"Uganda",NA,5,8,"AF",0.20030303030303,NA,NA,"Japan",NA,1,1,"AS",0.100597014925373,1427713.51852089,22106251.1767553
"740","501","501-740",0.0509066052896322,"0.0000680381906173423|0.00000383535945478825",0,1,0,6.80381906173423e-05,NA,NA,"Kenya (British East Africa Protectorate)",NA,5,14,"WE",0.274666666666667,NA,NA,"Japan",NA,1,1,"AS",0.100597014925373,6575141.24293785,116641143.678058
"740","516","516-740",0.239702542887132,"0.000005965374436333432|1.5087664073205516e-7",0,1,0,5.96537443633343e-06,NA,NA,"Burundi",NA,5,8,"AS",0.244,NA,NA,"Japan",NA,1,1,"AS",0.100597014925373,258655.084293272,10226728.4066256
"740","541","541-740",0.719233771045344,"0.000012806356233667804|0.000006459275246077473",0,1,0,1.28063562336678e-05,NA,NA,"Mozambique (Portuguese East Africa)",NA,5,5,"LA",0.110666666666667,NA,NA,"Japan",NA,1,1,"AS",0.100597014925373,11073446.3276836,21954552.6400712
"740","551","551-740",1.21965858357878,"0.000022947174864804483|0.00006710357602045903",0,1,0,6.7103576020459e-05,NA,NA,"Zambia (Northern Rhodesia)",NA,5,8,"AF",0.135675675675676,NA,NA,"Japan",NA,1,1,"AS",0.100597014925373,115038888.907766,39339445.9218459
"740","552","552-740",0.119655956335788,"0.000026170724077930073|0.000029140497105050078",0,1,0,2.91404971050501e-05,NA,NA,"Zimbabwe (Rhodesia) (Southern Rhodesia)",NA,5,8,"AF",0.0812,NA,NA,"Japan",NA,1,1,"AS",0.100597014925373,49956956.2159081,44865731.4316436
"740","553","553-740",0.932200562663949,"0.000013272585974225205|0.00002325470271347579",0,1,0,2.32547027134758e-05,NA,NA,"Malawi (Nyasaland) (British Central Africa Protectorate)",NA,5,8,"AF",0.101714285714286,NA,NA,"Japan",NA,1,1,"AS",0.100597014925373,39866655.7088259,22753832.715892
"740","560","560-740",0.250155947394981,"0.0005402193148615055",0,1,0,0.000540219314861505,NA,NA,"South Africa",NA,5,8,"AF",0,NA,NA,"Japan",NA,1,1,"AS",0.100597014925373,NA,926123962.890362
"740","580","580-740",0.365262992824292,"0.000007953331314623167|0.000008533877456965617",0,1,0,8.53387745696562e-06,NA,NA,"Madagascar (Malagasy Republic)",NA,5,8,"ME",0.183076923076923,NA,NA,"Japan",NA,1,1,"AS",0.100597014925373,14630036.7125746,13634778.5291001
"740","625","625-740",0.18155004482033,"0.000017333463563504086|0.000009205395051157486",0,1,0,1.73334635635041e-05,NA,NA,"Sudan (Anglo-Egyptian Sudan) (Mahdist State)",NA,2,8,"AF",0.184736842105263,NA,NA,"Japan",NA,1,1,"AS",0.100597014925373,15781251.632839,29715590.5470791
"740","630","630-740",0.884787983382338,"0.0008160449025145697|0.0008665645030388115",0,1,0,0.000866564503038811,NA,NA,"Iran (Persia)",NA,2,7,"ME",0.181707317073171,NA,NA,"Japan",NA,1,1,"AS",0.100597014925373,1485593220.33898,1398985038.52463
"740","666","666-740",0.13311373904338,"0.0002483162830523599|0.00023510443676284053",0,1,0,0.00024831628305236,NA,NA,"Israel",NA,2,9,"AF",0.0355172413793103,NA,NA,"Japan",NA,1,1,"AS",0.100597014925373,403050847.457627,425700551.209676
"740","670","670-740",0.917935839568534,"0.002516037922004097|0.0012858584151781405",0,1,0,0.0025160379220041,NA,NA,"Saudi Arabia (Emirate of Nejd) (Emirate of Diriyah)",NA,2,1,"AS",0.49,NA,NA,"Japan",NA,1,1,"AS",0.100597014925373,4313364863.13201,2204408947.29208
"740","692","692-740",1.29036840003946,"0.000054589944255550346|0.0001348449376876827",0,1,0,0.000134844937687683,NA,NA,"Bahrain",NA,2,8,"ME",0.576428571428571,NA,NA,"Japan",NA,1,1,"AS",0.100597014925373,231171164.435386,93586167.9082604
"740","694","694-740",2.26719675383203,"0.00006903306180624808|0.0006467517858948228",0,1,0,0.000646751785894823,NA,NA,"Qatar",NA,2,3,"ME",0.419655172413793,NA,NA,"Japan",NA,1,1,"AS",0.100597014925373,1108757703.55025,118346699.223163
"740","696","696-740",1.97100978228411,"0.0007112141238087405|0.003149711167814466",0,1,0,0.00314971116781447,NA,NA,"United Arab Emirates (Trucial Oman)",NA,2,5,"LA",0.55,NA,NA,"Japan",NA,1,1,"AS",0.100597014925373,5399701396.17128,1219268590.89481
"740","698","698-740",1.9094796671722,"0.00020190295397512823|0.0006478055222654066",0,1,0,0.000647805522265407,NA,NA,"Oman (Sultanate of Muscat and Oman)",NA,2,3,"ME",0.463793103448276,NA,NA,"Japan",NA,1,1,"AS",0.100597014925373,1110564174.50847,346131948.100844
"740","700","700-740",1.08816162824093,"0.00003825066380660445|9.137593148274269e-7",0.9,0.1,0.36,3.82506638066045e-05,NA,NA,"Afghanistan",NA,1,1,"AS",0.3765,NA,NA,"Japan",NA,1,1,"AS",0.100597014925373,1566501.5568592,65574953.3073271
"740","710","710-740",0.80350909163558,"0.0033785394065392227|0.0028358056140920145",1,0,0,0.00337853940653922,NA,NA,"People's Republic of China (China)",NA,1,2,"WE",0.106923076923077,NA,NA,"Japan",NA,1,1,"AS",0.100597014925373,5791992655.36723,4861558002.57333
"740","712","712-740",1.51830745189215,"0.00001556061830859126|0.0000064964281967508705",0,1,0,1.55606183085913e-05,NA,NA,"Mongolia",NA,2,1,"AS",0.105882352941176,NA,NA,"Japan",NA,1,1,"AS",0.100597014925373,11137139.4185527,26676316.630166
"740","713","713-740",1.13806206255491,"0.00602250422819474",0.95,0.05,0.19,0.00602250422819474,NA,NA,"Republic of China (Taiwan) (Formosa)",NA,1,5,"LA",0.122,NA,NA,"Japan",NA,1,1,"AS",0.100597014925373,NA,10324668757.4834
"740","720","720-740",0.628313259778574,"0.005383936950040569|0.0017490986230973857",1,0,0,0.00538393695004057,NA,NA,"Hong Kong",NA,1,8,"AS",0.167954545454545,NA,NA,"Japan",NA,1,1,"AS",0.100597014925373,2998563923.47673,9229942149.33192
"740","731","731-740",1.74367526962891,"0.00007380391515965068|0.0000824632645714537",0.75,0.25,0.75,8.24632645714537e-05,NA,NA,"North Korea (Democratic People's Republic of Korea)",NA,1,1,"AS",0.417555555555556,NA,NA,"Japan",NA,1,1,"AS",0.100597014925373,141370741.987206,126525602.665656
"740","732","732-740",1.05487752197134,"0.006620173112906497|0.00407211166584856",0.95,0.05,0.19,0.0066201731129065,NA,NA,"South Korea (Republic of South Korea)",NA,1,3,"AS",0.218196721311475,NA,NA,"Japan",NA,1,1,"AS",0.100597014925373,6981016949.15254,11349281282.0234
"740","91","740-91",0.0389109146062988,"0.00002191891693759739|0.000013610615697091818",0,1,0,2.19189169375974e-05,NA,NA,"Honduras",NA,4,5,"LA",0,NA,NA,"Japan",NA,1,1,"AS",0.100597014925373,23333333.3333333,37576653.884944
"740","93","740-93",0.894755951776124,"0.00001012959075779052|0.000011798063969876233",0,1,0,1.17980639698762e-05,NA,NA,"Nicaragua",NA,4,5,"LA",0,NA,NA,"Japan",NA,1,1,"AS",0.100597014925373,20225988.700565,17365644.7982938
"740","95","740-95",1.46360144350561,"0.0013045514281497493|9.328290873017974e-7",0,1,0,0.00130455142814975,NA,NA,"Panama",NA,4,7,"ME",0.0159375,NA,NA,"Japan",NA,1,1,"AS",0.100597014925373,1599193.78531073,2236455278.8011
"750","110","110-750",0.154884083437892,"5.154238002482239e-7",0,1,0,5.15423800248224e-07,NA,NA,"Guyana (British Guiana)",NA,4,5,"LA",0,NA,NA,"India",NA,2,1,"AS",0.620394736842105,NA,883615.81920904
"750","2","2-750",0.129264903402401,"0.0009630479496979395|0.00065999951710813",0,1,0,0.00096304794969794,NA,NA,"United States of America",NA,4,8,"AS",0.00662337662337662,NA,NA,"India",NA,2,1,"AS",0.620394736842105,1131468926.55367,1650999435.02825
"750","200","200-750",0.624935508970752,"0.0005947912115365191|0.0003746175318712053",0,1,0,0.000594791211536519,NA,NA,"United Kingdom",NA,4,1,"AS",0.0107228915662651,NA,NA,"India",NA,2,1,"AS",0.620394736842105,1019679190.96299,642224858.757062
"750","290","290-750",0.00641543600239832,"0.0000171728731485936|0.000026557507907163244",0.3,0.7,0.84,2.65575079071632e-05,NA,NA,"Poland",NA,2,1,"AS",0.112,NA,NA,"India",NA,2,1,"AS",0.620394736842105,29440282.6723556,45528813.559322
"750","310","310-750",0.285486876707899,"0.00002366203891165117|0.000013747380963781748",0.3,0.7,0.84,2.36620389116512e-05,NA,NA,"Hungary",NA,2,2,"WE",0.0875,NA,NA,"India",NA,2,1,"AS",0.620394736842105,40564971.7514124,23567796.6101695
"750","315","315-750",1.11860535792217,"0.00004819113665863045",0.3,0.7,0.84,4.81911366586304e-05,NA,NA,"Czechoslovakia",NA,2,11,"WE",0.105,NA,NA,"India",NA,2,1,"AS",0.620394736842105,NA,82616384.180791
"750","355","355-750",0.297780978402678,"0.000004997561958940177|4.6302457758871734e-7",0.3,0.7,0.84,4.99756195894018e-06,NA,NA,"Bulgaria",NA,2,10,"AF",0.1,NA,NA,"India",NA,2,1,"AS",0.620394736842105,8567560.91253486,793785.310734463
"750","365","365-750",2.02458806410192,"0.0005411880696085855",0.3,0.7,0.84,0.000541188069608585,NA,NA,"Russia (USSR)",NA,2,9,"AF",0.072,NA,NA,"India",NA,2,1,"AS",0.620394736842105,NA,927784745.762712
"750","375","375-750",0.480380837285837,"0.000017125647828452164|0.00006682409862913188",0,1,0,6.68240986291319e-05,NA,NA,"Finland",NA,3,10,"AF",0.0110869565217391,NA,NA,"India",NA,2,1,"AS",0.620394736842105,114559767.369395,29359322.0338983
"750","403","403-750",5.00597597855912,"0.000005801765375396232",0,1,0,5.80176537539623e-06,NA,NA,"Sao Tome-Principe",NA,0,1,"AF",0.084,NA,NA,"India",NA,2,1,"AS",0.620394736842105,9946245.52178322,NA
"750","404","404-750",4.68351484002847,"0.000006127922814622816|9.886645784812483e-9",0,1,0,6.12792281462282e-06,NA,NA,"Guinea-Bissau (Portuguese Guinea)",NA,0,1,"AS",0.0921052631578947,NA,NA,"India",NA,2,1,"AS",0.620394736842105,10505392.9121725,16949.1525423729
"750","420","420-750",0.820213916086469,"0.0000010041536568774523",0,1,0,1.00415365687745e-06,NA,NA,"Gambia",NA,0,9,"AF",0.0729166666666667,NA,NA,"India",NA,2,1,"AS",0.620394736842105,NA,1721468.92655367
"750","432","432-750",0.451933638552654,"0.0000012704339833484057",0,1,0,1.27043398334841e-06,NA,NA,"Mali (French Sudan) (Upper Senegal and Niger)",NA,0,9,"AF",0.07,NA,NA,"India",NA,2,1,"AS",0.620394736842105,NA,2177966.10169492
"750","433","433-750",3.19730699658044,"6.973380826887728e-7|0.000025317327044729814",0,1,0,2.53173270447298e-05,NA,NA,"Senegal",NA,0,9,"AF",0.0743243243243243,NA,NA,"India",NA,2,1,"AS",0.620394736842105,43402711.8383717,1195480.2259887
"750","434","434-750",1.90147636618,"2.2312540446099532e-7|0.0000035104183633274165",0,1,0,3.51041836332742e-06,NA,NA,"Benin (Dahomey)",NA,0,9,"AF",0.0541176470588235,NA,NA,"India",NA,2,1,"AS",0.620394736842105,382514.616038688,6018079.0960452
"750","435","435-750",0.282612259185368,"9.402200141356655e-7",0,1,0,9.40220014135666e-07,NA,NA,"Mauritania",NA,0,9,"AF",0.0982142857142857,NA,NA,"India",NA,2,1,"AS",0.620394736842105,NA,1611864.40677966
"750","438","438-750",0.182391440066935,"3.236228720228618e-7|0.0000012699751390038693",0,1,0,1.26997513900387e-06,NA,NA,"Guinea (French Guinea) (Rivieres du Sud)",NA,0,9,"AF",0.0364,NA,NA,"India",NA,2,1,"AS",0.620394736842105,2177179.48275883,554802.259887006
"750","451","451-750",0.589930912686213,"6.093469352039409e-7",0,1,0,6.09346935203941e-07,NA,NA,"Sierra Leone",NA,0,7,"ME",0.0476190476190476,NA,NA,"India",NA,2,1,"AS",0.620394736842105,NA,1044632.76836158
"750","452","452-750",0.443950541954937,"1.120486522278747e-7|0.000003982340922122466",0,1,0,3.98234092212247e-06,NA,NA,"Ghana (Gold Coast)",NA,0,9,"AF",0.0729166666666667,NA,NA,"India",NA,2,1,"AS",0.620394736842105,192090.395480226,6827118.6440678
"750","461","461-750",1.58534456126071,"0.0000021463907998827863|0.0000024354104116588038",0,1,0,2.4354104116588e-06,NA,NA,"Togo (French Togoland)",NA,0,9,"AF",0.0561224489795918,NA,NA,"India",NA,2,1,"AS",0.620394736842105,3679661.01694915,4175141.24293785
"750","475","475-750",1.02231354497883,"0.0000010201929233534624|0.00003423514746878914",0,1,0,3.42351474687891e-05,NA,NA,"Nigeria",NA,0,9,"AF",0.04,NA,NA,"India",NA,2,1,"AS",0.620394736842105,1748965.81276631,58690960.4519774
"750","482","482-750",1.8327319653351,"0.0000015775791123965772",0,1,0,1.57757911239658e-06,NA,NA,"Central African Republic (Ubangi Shari)",NA,0,2,"AF",0.0416666666666667,NA,NA,"India",NA,2,1,"AS",0.620394736842105,NA,2704519.7740113
"750","490","490-750",2.5358670218919,"7.012927410026982e-7|0.000020797907587323686",0,1,0,2.07979075873237e-05,NA,NA,"Democratic Republic of the Congo (Zaire) (Kinshasa) (Belgian Congo) (Congo Free State)",NA,0,9,"AF",0.644285714285714,NA,NA,"India",NA,2,1,"AS",0.620394736842105,35654853.6209553,1202259.88700565
"750","500","500-750",1.84791649898189,"0.000004167880308017443|3.100811632509362e-7",0.2,0.8,0.64,4.16788030801744e-06,NA,NA,"Uganda",NA,5,8,"AF",0.20030303030303,NA,NA,"India",NA,2,1,"AS",0.620394736842105,531587.057010785,7145197.74011299
"750","501","501-750",1.37115190245276,"0.0000021658345365929214|0.000013782313778888077",0.2,0.8,0.64,1.37823137788881e-05,NA,NA,"Kenya (British East Africa Protectorate)",NA,5,14,"WE",0.274666666666667,NA,NA,"India",NA,2,1,"AS",0.620394736842105,3712994.35028249,23627683.6158192
"750","512","512-750",2.7022918345336,"0.000010353714899313204|0.00001586015716799618",0.2,0.8,0.64,1.58601571679962e-05,NA,NA,"Tanzania (Tanganyika)",NA,5,8,"ME",0.255,NA,NA,"India",NA,2,1,"AS",0.620394736842105,17749871.5973293,27189830.5084746
"750","516","516-750",0.584901635456239,"4.5577437067985515e-7",0.2,0.8,0.64,4.55774370679855e-07,NA,NA,"Burundi",NA,5,8,"AS",0.244,NA,NA,"India",NA,2,1,"AS",0.620394736842105,NA,781355.93220339
"750","517","517-750",0.134778824388304,"6.920652049368721e-9|2.326657308025868e-7",0.2,0.8,0.64,2.32665730802587e-07,NA,NA,"Rwanda",NA,5,1,"AS",0.188636363636364,NA,NA,"India",NA,2,1,"AS",0.620394736842105,11864.406779661,398870.056497175
"750","522","522-750",1.5994341981189,"5.392715882624995e-9|0.000003110338763902005",0.4,0.6,0.96,3.110338763902e-06,NA,NA,"Djibouti (Afar and Issas) (French Somaliland)",NA,2,1,"AF",0.595185185185185,NA,NA,"India",NA,2,1,"AS",0.620394736842105,9244.99229583977,5332203.38983051
"750","541","541-750",1.83417105053651,"0.0000017136852693674937|0.0000025151626876562925",0.2,0.8,0.64,2.51516268765629e-06,NA,NA,"Mozambique (Portuguese East Africa)",NA,5,5,"LA",0.110666666666667,NA,NA,"India",NA,2,1,"AS",0.620394736842105,2937853.10734463,4311864.40677966
"750","551","551-750",3.15064115462735,"0.000008997836328757855|0.00004026214459260847",0.2,0.8,0.64,4.02621445926085e-05,NA,NA,"Zambia (Northern Rhodesia)",NA,5,8,"AF",0.135675675675676,NA,NA,"India",NA,2,1,"AS",0.620394736842105,69023331.5965955,15425423.7288136
"750","552","552-750",0.209255403381188,"0.0000011676273707397668|0.0000021724256337827913",0.2,0.8,0.64,2.17242563378279e-06,NA,NA,"Zimbabwe (Rhodesia) (Southern Rhodesia)",NA,5,8,"AF",0.0812,NA,NA,"India",NA,2,1,"AS",0.620394736842105,2001719.77939366,3724293.78531073
"750","553","553-750",1.11307141029635,"0.0000019400894578397|1.1576326383787322e-11",0.2,0.8,0.64,1.9400894578397e-06,NA,NA,"Malawi (Nyasaland) (British Central Africa Protectorate)",NA,5,8,"AF",0.101714285714286,NA,NA,"India",NA,2,1,"AS",0.620394736842105,19.8458532883333,3325988.70056497
"750","580","580-750",0.0683221217381565,"4.5165657251154534e-7|6.245064587406523e-7",0.2,0.8,0.64,6.24506458740652e-07,NA,NA,"Madagascar (Malagasy Republic)",NA,5,8,"ME",0.183076923076923,NA,NA,"India",NA,2,1,"AS",0.620394736842105,774296.592684966,1070621.46892655
"750","581","581-750",1.74925616478603,"1.7076933628312404e-8|0.0000010740192870901298",0.2,0.8,0.64,1.07401928709013e-06,NA,NA,"Comoros",NA,5,8,"AF",0.0915384615384616,NA,NA,"India",NA,2,1,"AS",0.620394736842105,29275.8089368258,1841242.93785311
"750","590","590-750",2.21775225407747,"0.000017615036794800405|1.2632827790336508e-7",0.2,0.8,0.64,1.76150367948004e-05,NA,NA,"Mauritius",NA,5,8,"AF",0.150526315789474,NA,NA,"India",NA,2,1,"AS",0.620394736842105,216570.644807421,30198305.0847458
"750","591","591-750",0.215200170620435,"3.2428198174184943e-7",0.2,0.8,0.64,3.2428198174185e-07,NA,NA,"Seychelles",NA,5,8,"AF",0.254444444444444,NA,NA,"India",NA,2,1,"AS",0.620394736842105,NA,555932.203389831
"750","600","600-750",2.51560741943724,"0.00009875422853130004|0.0000035703973477552776",0,1,0,9.87542285313e-05,NA,NA,"Morocco",NA,0,5,"LA",0.0397916666666667,NA,NA,"India",NA,2,1,"AS",0.620394736842105,169299125.306238,6120903.95480226
"750","616","616-750",1.22569020692738,"0.000021961486108306953|0.0000030197111775412226",0,1,0,2.1961486108307e-05,NA,NA,"Tunisia (Regency of Tunis)",NA,0,8,"AS",0.622037037037037,NA,NA,"India",NA,2,1,"AS",0.620394736842105,37649632.2624102,5176836.15819209
"750","625","625-750",0.849986600933207,"0.000005218501200083518|3.1157913988499926e-8",0.3,0.7,0.84,5.21850120008352e-06,NA,NA,"Sudan (Anglo-Egyptian Sudan) (Mahdist State)",NA,2,8,"AF",0.184736842105263,NA,NA,"India",NA,2,1,"AS",0.620394736842105,53415.5110426297,8946327.68361582
"750","630","630-750",1.72925445067191,"0.00017542205170852253|0.00004045714321603114",0.3,0.7,0.84,0.000175422051708523,NA,NA,"Iran (Persia)",NA,2,7,"ME",0.181707317073171,NA,NA,"India",NA,2,1,"AS",0.620394736842105,300734463.276836,69357627.1186441
"750","645","645-750",1.53180572594534,"0.000004145777940354306",0.3,0.7,0.84,4.14577794035431e-06,NA,NA,"Iraq (Mesopotamia)",NA,2,7,"ME",0.202631578947368,NA,NA,"India",NA,2,1,"AS",0.620394736842105,7107306.58782294,NA
"750","651","651-750",0.265713304893647,"0.000026758206816594954|0.000008513720240161514",0.3,0.7,0.84,2.6758206816595e-05,NA,NA,"Egypt Arab Republic (Egypt)",NA,2,8,"AF",0.217818181818182,NA,NA,"India",NA,2,1,"AS",0.620394736842105,14595480.2259887,45872881.3559322
"750","652","652-750",0.335535803198064,"5.871801505456502e-11|0.0000060839122611141265",0.3,0.7,0.84,6.08391226111413e-06,NA,NA,"Syria",NA,2,7,"ME",0.218157894736842,NA,NA,"India",NA,2,1,"AS",0.620394736842105,100.663118291746,10429943.5028249
"750","663","663-750",3.45774520627275,"0.00003359020860875988|0.000053333924459453934",0.3,0.7,0.84,5.33339244594539e-05,NA,NA,"Jordan (Transjordan)",NA,2,8,"AF",0.264791666666667,NA,NA,"India",NA,2,1,"AS",0.620394736842105,91432912.7412774,57585310.7344633
"750","666","666-750",0.378117814899646,"0.000026133700357854273|0.000021141932901102495",0.3,0.7,0.84,2.61337003578543e-05,NA,NA,"Israel",NA,2,9,"AF",0.0355172413793103,NA,NA,"India",NA,2,1,"AS",0.620394736842105,44802259.8870056,36244632.7683616
"750","670","670-750",1.41827694797724,"0.0003610345204635329|0.00011594827488026407",0.45,0.55,0.99,0.000361034520463533,NA,NA,"Saudi Arabia (Emirate of Nejd) (Emirate of Diriyah)",NA,2,1,"AS",0.49,NA,NA,"India",NA,2,1,"AS",0.620394736842105,618938848.785198,198775706.214689
"750","679","679-750",1.26990056148078,"3.8018173008208854e-7|0.000012558017475868784",0.4,0.6,0.96,1.25580174758688e-05,NA,NA,"Yemen",NA,2,1,"AS",0.479444444444445,NA,NA,"India",NA,2,1,"AS",0.620394736842105,651763.831458717,21528813.559322
"750","690","690-750",3.74835214158836,"0.00006440999931141931|0.000017261753985423063",0.4,0.6,0.96,6.44099993114193e-05,NA,NA,"Kuwait",NA,2,1,"ME",0.4245,NA,NA,"India",NA,2,1,"AS",0.620394736842105,110421160.760144,29592655.3672316
"750","692","692-750",2.43415044378383,"0.00001626847563890894|0.00003682214137940685",0.45,0.55,0.99,3.68221413794069e-05,NA,NA,"Bahrain",NA,2,8,"ME",0.576428571428571,NA,NA,"India",NA,2,1,"AS",0.620394736842105,63125968.5802757,27889830.5084746
"750","694","694-750",0.748808596336722,"0.000010719520793351209|0.000006308009565569845",0.4,0.6,0.96,1.07195207933512e-05,NA,NA,"Qatar",NA,2,3,"ME",0.419655172413793,NA,NA,"India",NA,2,1,"AS",0.620394736842105,18376990.241397,10814124.2937853
"750","696","696-750",2.19251910877236,"0.0002431772126009995|0.00029773124468907144",0.45,0.55,0.99,0.000297731244689071,NA,NA,"United Arab Emirates (Trucial Oman)",NA,2,5,"LA",0.55,NA,NA,"India",NA,2,1,"AS",0.620394736842105,510414997.431946,416890395.480226
"750","698","698-750",1.4718699392874,"0.000012820283224960462|0.000024409469332983",0.45,0.55,0.99,2.4409469332983e-05,NA,NA,"Oman (Sultanate of Muscat and Oman)",NA,2,3,"ME",0.463793103448276,NA,NA,"India",NA,2,1,"AS",0.620394736842105,21978428.3513097,41846327.6836158
"750","700","700-750",2.34117863326733,"0.000005940226342374805|0.0000032577995837591133",0.6,0.4,0.96,5.9402263423748e-06,NA,NA,"Afghanistan",NA,1,1,"AS",0.3765,NA,NA,"India",NA,2,1,"AS",0.620394736842105,5585002.56805341,10183615.819209
"750","712","712-750",0.112813537984677,"4.524453361322411e-8|2.8407628888361166e-7",0.3,0.7,0.84,2.84076288883612e-07,NA,NA,"Mongolia",NA,2,1,"AS",0.105882352941176,NA,NA,"India",NA,2,1,"AS",0.620394736842105,77564.8808109492,487005.649717514
"750","720","720-750",0.266375175313321,"0.00007935804743911725|0.00020281794717823775",0.5,0.5,1,0.000202817947178238,NA,NA,"Hong Kong",NA,1,8,"AS",0.167954545454545,NA,NA,"India",NA,2,1,"AS",0.620394736842105,136047318.856784,347700564.971751
"750","731","731-750",1.89873802501107,"0.0000031292731885565553|0.000016008456854768375",0.65,0.35,0.91,1.60084568547684e-05,NA,NA,"North Korea (Democratic People's Republic of Korea)",NA,1,1,"AS",0.417555555555556,NA,NA,"India",NA,2,1,"AS",0.620394736842105,5364663.58500257,27444067.7966102
"750","732","732-750",0.172880911977656,"0.00007951664427294924|0.00015462714007446717",0.45,0.55,0.99,0.000154627140074467,NA,NA,"South Korea (Republic of South Korea)",NA,1,3,"AS",0.218196721311475,NA,NA,"India",NA,2,1,"AS",0.620394736842105,265084745.762712,136319209.039548
"750","740","740-750",0.428965147323479,"0.0005025916059933643|0.000545071873627719",0.5,0.5,1,0.000545071873627719,NA,NA,"Japan",NA,1,1,"AS",0.100597014925373,NA,NA,"India",NA,2,1,"AS",0.620394736842105,861616971.206102,934442937.853107
"760","135","135-760",3.8762628823976,"0.0000010720419579331642",0.5,0.5,1,1.07204195793316e-06,NA,NA,"Peru",NA,4,3,"AS",0.025,NA,NA,"Bhutan",NA,2,14,"WE",0.79,1837853.10734463,NA
"760","360","360-760",3.55013829333581,"0.0000010875310363293737",0.15,0.85,0.51,1.08753103632937e-06,NA,NA,"Romania",NA,2,3,"AS",0.119583333333333,NA,NA,"Bhutan",NA,2,14,"WE",0.79,1864406.77966102,NA
"760","732","732-760",3.53734496671484,"0.000017795962412662458",0.3,0.7,0.84,1.77959624126625e-05,NA,NA,"South Korea (Republic of South Korea)",NA,1,3,"AS",0.218196721311475,NA,NA,"Bhutan",NA,2,14,"WE",0.79,30508474.5762712,NA
"760","750","750-760",1.16784025853175,"3.9513627653300524e-7",0.4,0.6,0.96,3.95136276533005e-07,NA,NA,"India",NA,2,1,"AS",0.620394736842105,NA,NA,"Bhutan",NA,2,14,"WE",0.79,677401.129943503,NA
"770","160","160-770",0.229850181565788,"0.0000014250715256690182|0.00001370915260008044",0,1,0,1.37091526000804e-05,NA,NA,"Argentina (La Plata)",NA,4,5,"LA",0.0110869565217391,NA,NA,"Pakistan",NA,2,8,"AS",0.290694444444445,23502259.8870056,2443068.68052868
"770","225","225-770",0.212304773345742,"0.00006866823293763523|0.00001228682270269216",0.1,0.9,0.36,6.86682329376352e-05,NA,NA,"Switzerland",NA,2,14,"WE",0.0813157894736842,NA,NA,"Pakistan",NA,2,8,"AS",0.290694444444445,117721255.540789,21063891.3117458
"770","255","255-770",0.0140105167382331,"0.00021629915734512506|0.00017898077370446643",0.1,0.9,0.36,0.000216299157345125,NA,NA,"Germany (Zollverein)",NA,2,8,"AF",0.083728813559322,NA,NA,"Pakistan",NA,2,8,"AS",0.290694444444445,370812052.178602,306835351.614295
"770","310","310-770",0.331618681036082,"0.000009128669607976854|0.000005855115211331308",0.1,0.9,0.36,9.12866960797685e-06,NA,NA,"Hungary",NA,2,2,"WE",0.0875,NA,NA,"Pakistan",NA,2,8,"AS",0.290694444444445,15649717.5141243,10037705.7123327
"770","315","315-770",0.457070811208174,"0.000007890306722604301",0.1,0.9,0.36,7.8903067226043e-06,NA,NA,"Czechoslovakia",NA,2,11,"WE",0.105,NA,NA,"Pakistan",NA,2,8,"AS",0.290694444444445,NA,13526732.4387173
"770","355","355-770",2.48926886232498,"0.0000050591970293383294|0.00001530567054128839",0.1,0.9,0.36,1.53056705412884e-05,NA,NA,"Bulgaria",NA,2,10,"AF",0.1,NA,NA,"Pakistan",NA,2,8,"AS",0.290694444444445,8673224.8791496,26239247.4064469
"770","360","360-770",1.17213158148398,"0.000006953607535318072|0.000006454110003671994",0.1,0.9,0.36,6.95360753531807e-06,NA,NA,"Romania",NA,2,3,"AS",0.119583333333333,NA,NA,"Pakistan",NA,2,8,"AS",0.290694444444445,11920903.9548022,11064591.304114
"770","365","365-770",0.0170485337304434,"0.000023062819137057382",0.1,0.9,0.36,2.30628191370574e-05,NA,NA,"Russia (USSR)",NA,2,9,"AF",0.072,NA,NA,"Pakistan",NA,2,8,"AS",0.290694444444445,NA,39537700.4617301
"770","375","375-770",0.54754933014781,"0.000006785532213668252|0.000017407944726681756",0,1,0,1.74079447266818e-05,NA,NA,"Finland",NA,3,10,"AF",0.0110869565217391,NA,NA,"Pakistan",NA,2,8,"AS",0.290694444444445,11632764.3443362,29843277.1886063
"770","380","380-770",0.387345000390863,"0.000019162931100644357|0.00003636570290783707",0,1,0,3.63657029078371e-05,NA,NA,"Sweden",NA,3,5,"LA",0.0137837837837838,NA,NA,"Pakistan",NA,2,8,"AS",0.290694444444445,32851934.766667,62343474.147965
"770","390","390-770",0.0500234965134867,"0.000012835513525063162|0.000015751517574797303",0,1,0,1.57515175747973e-05,NA,NA,"Denmark",NA,3,11,"WE",0.0130769230769231,NA,NA,"Pakistan",NA,2,8,"AS",0.290694444444445,22004538.387547,27003584.4269069
"770","404","404-770",2.51916973962766,"2.255696680178307e-9|7.12158337556424e-7",0,1,0,7.12158337556424e-07,NA,NA,"Guinea-Bissau (Portuguese Guinea)",NA,0,1,"AS",0.0921052631578947,NA,NA,"Pakistan",NA,2,8,"AS",0.290694444444445,3867.04934654351,1220887.30195116
"770","420","420-770",1.94581636358621,"1.8004302157026628e-8|9.819076086142312e-7",0,1,0,9.81907608614231e-07,NA,NA,"Gambia",NA,0,9,"AF",0.0729166666666667,NA,NA,"Pakistan",NA,2,8,"AS",0.290694444444445,30865.6414238275,1683331.45569803
"770","434","434-770",0.601228725591893,"4.807504353225453e-7",0,1,0,4.80750435322545e-07,NA,NA,"Benin (Dahomey)",NA,0,9,"AF",0.0541176470588235,NA,NA,"Pakistan",NA,2,8,"AS",0.290694444444445,NA,824173.601486881
"770","435","435-770",1.18979819356325,"4.906161654543998e-7|7.389973079547968e-7",0,1,0,7.38997307954797e-07,NA,NA,"Mauritania",NA,0,9,"AF",0.0982142857142857,NA,NA,"Pakistan",NA,2,8,"AS",0.290694444444445,841086.897319079,1266898.64020109
"770","436","436-770",0.856854270927866,"3.306487065268012e-7",0,1,0,3.30648706526801e-07,NA,NA,"Niger",NA,0,12,"WE",0.0384615384615385,NA,NA,"Pakistan",NA,2,8,"AS",0.290694444444445,NA,566846.986009152
"770","437","437-770",2.05176371274324,"0.0000011833778693218963|0.000007692477328444539",0,1,0,7.69247732844454e-06,NA,NA,"Ivory Coast",NA,0,9,"AF",0.0872093023255814,NA,NA,"Pakistan",NA,2,8,"AS",0.290694444444445,2028721.61691241,13187583.990198
"770","438","438-770",1.39798413304492,"6.610189732015963e-9|0.0000014156412237140712",0,1,0,1.41564122371407e-06,NA,NA,"Guinea (French Guinea) (Rivieres du Sud)",NA,0,9,"AF",0.0364,NA,NA,"Pakistan",NA,2,8,"AS",0.290694444444445,11332.1662918351,2426901.86016979
"770","451","451-770",2.74834677100342,"0.000001673710140499109",0,1,0,1.67371014049911e-06,NA,NA,"Sierra Leone",NA,0,7,"ME",0.0476190476190476,NA,NA,"Pakistan",NA,2,8,"AS",0.290694444444445,NA,2869321.82061318
"770","452","452-770",1.00709778915671,"0.0000022188998350569553",0,1,0,2.21889983505696e-06,NA,NA,"Ghana (Gold Coast)",NA,0,9,"AF",0.0729166666666667,NA,NA,"Pakistan",NA,2,8,"AS",0.290694444444445,NA,3803966.74455549
"770","461","461-770",0.380053050674156,"5.776995928218409e-7",0,1,0,5.77699592821841e-07,NA,NA,"Togo (French Togoland)",NA,0,9,"AF",0.0561224489795918,NA,NA,"Pakistan",NA,2,8,"AS",0.290694444444445,NA,990378.206676068
"770","471","471-770",0.186526564027841,"7.432459012613354e-7",0,1,0,7.43245901261335e-07,NA,NA,"Cameroun (French Cameroon)",NA,0,9,"AF",0.0561764705882353,NA,NA,"Pakistan",NA,2,8,"AS",0.290694444444445,NA,1274182.20811789
"770","483","483-770",2.20796795460672,"2.1558761158642956e-8|7.751721978815965e-7",0,1,0,7.75172197881596e-07,NA,NA,"Chad",NA,0,9,"AF",0.0833333333333333,NA,NA,"Pakistan",NA,2,8,"AS",0.290694444444445,36959.2215050065,1328914.99447513
"770","500","500-770",3.29821878850064,"1.6328312356791663e-7|0.000005638986297923757",0.95,0.05,0.19,5.63898629792376e-06,NA,NA,"Uganda",NA,5,8,"AF",0.20030303030303,NA,NA,"Pakistan",NA,2,8,"AS",0.290694444444445,279924.114728485,9667185.51752718
"770","501","501-770",3.3538706479172,"0.000006840647754731679|0.00002520106010548701",0.95,0.05,0.19,2.5201060105487e-05,NA,NA,"Kenya (British East Africa Protectorate)",NA,5,14,"WE",0.274666666666667,NA,NA,"Pakistan",NA,2,8,"AS",0.290694444444445,43203389.8305085,11727251.5681401
"770","512","512-770",2.72260317801212,"0.000005323538392048091|0.000005546519596983854",0.95,0.05,0.19,5.54651959698385e-06,NA,NA,"Tanzania (Tanganyika)",NA,5,8,"ME",0.255,NA,NA,"Pakistan",NA,2,8,"AS",0.290694444444445,9126397.99542621,9508665.40328096
"770","516","516-770",1.69445226136467,"3.395178317315804e-8|4.3858031349395025e-7",0.95,0.05,0.19,4.3858031349395e-07,NA,NA,"Burundi",NA,5,8,"AS",0.244,NA,NA,"Pakistan",NA,2,8,"AS",0.290694444444445,58205.1754065486,751879.33271665
"770","517","517-770",3.73035753218478,"0.000002716520706806977|2.2600563943408525e-7",0.95,0.05,0.19,2.71652070680698e-06,NA,NA,"Rwanda",NA,5,1,"AS",0.188636363636364,NA,NA,"Pakistan",NA,2,8,"AS",0.290694444444445,4657062.14689266,387452.341429009
"770","520","520-770",1.4640496544424,"3.164249787147907e-7|8.100767751866039e-8",0.55,0.45,0.99,3.16424978714791e-07,NA,NA,"Somalia",NA,2,1,"AF",0.662105263157895,NA,NA,"Pakistan",NA,2,8,"AS",0.290694444444445,138875.359070343,542462.565078719
"770","522","522-770",2.19112925002754,"1.0678942688667016e-8|0.0000017832207470318653",0.55,0.45,0.99,1.78322074703187e-06,NA,NA,"Djibouti (Afar and Issas) (French Somaliland)",NA,2,1,"AF",0.595185185185185,NA,NA,"Pakistan",NA,2,8,"AS",0.290694444444445,18307.4252442137,3057061.12224597
"770","551","551-770",2.30883183919487,"9.975146500003487e-7|0.000002802560734430164",0.9,0.1,0.36,2.80256073443016e-06,NA,NA,"Zambia (Northern Rhodesia)",NA,5,8,"AF",0.135675675675676,NA,NA,"Pakistan",NA,2,8,"AS",0.290694444444445,1710087.35764354,4804564.70586727
"770","553","553-770",1.64711279054662,"0.0000020835910133931298|5.172014578703179e-8",0.9,0.1,0.36,2.08359101339313e-06,NA,NA,"Malawi (Nyasaland) (British Central Africa Protectorate)",NA,5,8,"AF",0.101714285714286,NA,NA,"Pakistan",NA,2,8,"AS",0.290694444444445,3572000.32150108,88666.3343198548
"770","570","570-770",2.83466175239701,"8.173106130653581e-7",0.85,0.15,0.51,8.17310613065358e-07,NA,NA,"Lesotho (Basutoland)",NA,5,8,"AS",0.105833333333333,NA,NA,"Pakistan",NA,2,8,"AS",0.290694444444445,NA,1401154.90701863
"770","571","571-770",2.47777321278587,"0.000002098436519467061",0.9,0.1,0.36,2.09843651946706e-06,NA,NA,"Botswana (Bechuanaland)",NA,5,8,"AF",0.055,NA,NA,"Pakistan",NA,2,8,"AS",0.290694444444445,NA,3597450.68682137
"770","572","572-770",5.10412373239534,"0.000006435244859904842",0.9,0.1,0.36,6.43524485990484e-06,NA,NA,"Eswatini (Swaziland)",NA,5,8,"AF",0.108333333333333,NA,NA,"Pakistan",NA,2,8,"AS",0.290694444444445,NA,11032249.8805005
"770","581","581-770",0.548365782566585,"1.0254146866951686e-7|3.3740790256375653e-9",0.9,0.1,0.36,1.02541468669517e-07,NA,NA,"Comoros",NA,5,8,"AF",0.0915384615384616,NA,NA,"Pakistan",NA,2,8,"AS",0.290694444444445,5784.34600978644,175791.773289626
"770","590","590-770",1.95202427910086,"3.3687540774230807e-7|0.000004284566430808397",0.9,0.1,0.36,4.2845664308084e-06,NA,NA,"Mauritius",NA,5,8,"AF",0.150526315789474,NA,NA,"Pakistan",NA,2,8,"AS",0.290694444444445,577521.719486458,7345238.37450085
"770","591","591-770",1.29991559359982,"1.4601176870001802e-7|5.607526633968339e-8",0.9,0.1,0.36,1.46011768700018e-07,NA,NA,"Seychelles",NA,5,8,"AF",0.254444444444444,NA,NA,"Pakistan",NA,2,8,"AS",0.290694444444445,96132.5270199825,250315.000106501
"770","625","625-770",0.543076401971926,"0.0000012181026869294523|2.6527396041867784e-8",0.1,0.9,0.36,1.21810268692945e-06,NA,NA,"Sudan (Anglo-Egyptian Sudan) (Mahdist State)",NA,2,8,"AF",0.184736842105263,NA,NA,"Pakistan",NA,2,8,"AS",0.290694444444445,45477.1913398821,2088252.04244264
"770","630","630-770",1.63594818208064,"0.000044555817003554846|0.00005642043517733168",0.1,0.9,0.36,5.64204351773317e-05,NA,NA,"Iran (Persia)",NA,2,7,"ME",0.181707317073171,NA,NA,"Pakistan",NA,2,8,"AS",0.290694444444445,76384180.7909604,96724266.5653763
"770","640","640-770",0.497992202112197,"0.00001680400228558628|0.0000178709555148969",0.1,0.9,0.36,1.78709555148969e-05,NA,NA,"Turkey (Ottoman Empire)",NA,2,1,"AS",0.16046511627907,NA,NA,"Pakistan",NA,2,8,"AS",0.290694444444445,28807909.6045198,30637038.8595542
"770","645","645-770",0.569918032516376,"3.892897720546121e-7|8.34949121661606e-8",0.1,0.9,0.36,3.89289772054612e-07,NA,NA,"Iraq (Mesopotamia)",NA,2,7,"ME",0.202631578947368,NA,NA,"Pakistan",NA,2,8,"AS",0.290694444444445,143139.345094189,667378.186024932
"770","663","663-770",0.983833323877283,"0.0000036278727235552228|0.0000022640204545948684",0.1,0.9,0.36,3.62787272355522e-06,NA,NA,"Jordan (Transjordan)",NA,2,8,"AF",0.264791666666667,NA,NA,"Pakistan",NA,2,8,"AS",0.290694444444445,3881319.19350529,6219436.75683305
"770","670","670-770",1.57862772261553,"0.0001561061330046439|0.00008453828943738932",0.35,0.65,0.91,0.000156106133004644,NA,NA,"Saudi Arabia (Emirate of Nejd) (Emirate of Diriyah)",NA,2,1,"AS",0.49,NA,NA,"Pakistan",NA,2,8,"AS",0.290694444444445,267620254.501294,144928056.94998
"770","679","679-770",2.5010813991026,"2.7519614370214877e-7|0.000013647202836094119",0.3,0.7,0.84,1.36472028360941e-05,NA,NA,"Yemen",NA,2,1,"AS",0.479444444444445,NA,NA,"Pakistan",NA,2,8,"AS",0.290694444444445,471781.98958495,23396056.4260319
"770","690","690-770",2.63173266998477,"0.0000039243853705315896|0.000010624162472184537",0.3,0.7,0.84,1.06241624721845e-05,NA,NA,"Kuwait",NA,2,1,"ME",0.4245,NA,NA,"Pakistan",NA,2,8,"AS",0.290694444444445,18213512.8834723,6727762.65357605
"770","692","692-770",3.91604512578077,"0.0000816527485515017|0.0000041836568701411994",0.6,0.4,0.96,8.16527485515017e-05,NA,NA,"Bahrain",NA,2,8,"ME",0.576428571428571,NA,NA,"Pakistan",NA,2,8,"AS",0.290694444444445,139981235.378068,7172244.25961514
"770","694","694-770",1.65277615081976,"0.000005105925134015833|0.000004942059653804492",0.3,0.7,0.84,5.10592513401583e-06,NA,NA,"Qatar",NA,2,3,"ME",0.419655172413793,NA,NA,"Pakistan",NA,2,8,"AS",0.290694444444445,8753333.11721469,8472410.64047362
"770","696","696-770",2.1896806401356,"0.0000769338850386195|0.00009195314596233234",0.6,0.4,0.96,9.19531459623323e-05,NA,NA,"United Arab Emirates (Trucial Oman)",NA,2,5,"LA",0.55,NA,NA,"Pakistan",NA,2,8,"AS",0.290694444444445,157639702.239642,131891460.620552
"770","698","698-770",1.44556248253304,"0.000007543287733813042|0.000008145162090345304",0.6,0.4,0.96,8.1451620903453e-06,NA,NA,"Oman (Sultanate of Muscat and Oman)",NA,2,3,"ME",0.463793103448276,NA,NA,"Pakistan",NA,2,8,"AS",0.290694444444445,13963643.2574219,12931821.0902033
"770","700","700-770",2.40510917025165,"0.000001539608520588188|0.0000024502120783179442",0.1,0.9,0.36,2.45021207831794e-06,NA,NA,"Afghanistan",NA,1,1,"AS",0.3765,NA,NA,"Pakistan",NA,2,8,"AS",0.290694444444445,2639424.96160554,4200516.45224013
"770","710","710-770",1.08936922017019,"0.00019710412502433556|0.00002006143891103967",0,1,0,0.000197104125024336,NA,NA,"People's Republic of China (China)",NA,1,2,"WE",0.106923076923077,NA,NA,"Pakistan",NA,2,8,"AS",0.290694444444445,337905084.745763,34392289.9356868
"770","720","720-770",0.950561468065912,"0.00002301706847544605|0.00012754758310018564",0,1,0,0.000127547583100186,NA,NA,"Hong Kong",NA,1,8,"AS",0.167954545454545,NA,NA,"Pakistan",NA,2,8,"AS",0.290694444444445,39459267.9013408,218660958.370426
"770","732","732-770",0.792236861562748,"0.00008738313188451758|0.00010756670613875974",0.05,0.95,0.19,0.00010756670613876,NA,NA,"South Korea (Republic of South Korea)",NA,1,3,"AS",0.218196721311475,NA,NA,"Pakistan",NA,2,8,"AS",0.290694444444445,184406779.661017,149805107.230214
"770","740","740-770",0.444871897303939,"0.00044873206514563983|0.00017151845892969593",0,1,0,0.00044873206514564,NA,NA,"Japan",NA,1,1,"AS",0.100597014925373,NA,NA,"Pakistan",NA,2,8,"AS",0.290694444444445,769282969.001576,294042346.363608
"770","750","750-770",0.459830935417335,"0.000015517519414050373|0.000013236570931566418",0.25,0.75,0.75,1.55175194140504e-05,NA,NA,"India",NA,2,1,"AS",0.620394736842105,NA,NA,"Pakistan",NA,2,8,"AS",0.290694444444445,22692090.3954802,26602430.1216493
"770","760","760-770",1.93034917859092,"2.6873723149991755e-7",0.15,0.85,0.51,2.68737231499918e-07,NA,NA,"Bhutan",NA,2,14,"WE",0.79,NA,NA,"Pakistan",NA,2,8,"AS",0.290694444444445,NA,460709.165640799
"771","140","140-771",0.250904144976235,"0.000005503566153545609|0.000004725575093976664",0,1,0,5.50356615354561e-06,NA,NA,"Brazil",NA,4,5,"LA",0.0085,NA,NA,"Bangladesh",NA,2,3,"AS",0.649298245614035,9435028.24858757,8101280.7438987
"771","160","160-771",1.81408359008192,"2.8461856846494026e-7|0.000023213514747880184",0,1,0,2.32135147478802e-05,NA,NA,"Argentina (La Plata)",NA,4,5,"LA",0.0110869565217391,NA,NA,"Bangladesh",NA,2,3,"AS",0.649298245614035,39796045.1977401,487935.305694334
"771","165","165-771",0.453480277793839,"4.151739948325816e-7",0,1,0,4.15173994832582e-07,NA,NA,"Uruguay",NA,4,5,"LA",0,NA,NA,"Bangladesh",NA,2,3,"AS",0.649298245614035,NA,711752.754493695
"771","2","2-771",0.602764572758154,"0.00005882554241963442|0.00014812254952962408",0,1,0,0.000148122549529624,NA,NA,"United States of America",NA,4,8,"AS",0.00662337662337662,NA,NA,"Bangladesh",NA,2,3,"AS",0.649298245614035,100847457.627119,253933613.238112
"771","200","200-771",0.426133397658972,"0.00002297370483092257|0.00004696900567780263",0,1,0,4.69690056778026e-05,NA,NA,"United Kingdom",NA,4,1,"AS",0.0107228915662651,NA,NA,"Bangladesh",NA,2,3,"AS",0.649298245614035,39384927.5191911,80521226.2403062
"771","255","255-771",0.081113061398209,"0.00003325564007705781|0.000057790453262169145",0.4,0.6,0.96,5.77904532621691e-05,NA,NA,"Germany (Zollverein)",NA,2,8,"AF",0.083728813559322,NA,NA,"Bangladesh",NA,2,3,"AS",0.649298245614035,57011743.8035627,99072954.4835164
"771","310","310-771",0.732753997076996,"0.0000021750620726587415|0.0000026403029084501573",0.4,0.6,0.96,2.64030290845016e-06,NA,NA,"Hungary",NA,2,2,"WE",0.0875,NA,NA,"Bangladesh",NA,2,3,"AS",0.649298245614035,3728813.55932203,4526398.3081236
"771","315","315-771",0.756314149776514,"0.0000032133724908445647",0.4,0.6,0.96,3.21337249084456e-06,NA,NA,"Czechoslovakia",NA,2,11,"WE",0.105,NA,NA,"Bangladesh",NA,2,3,"AS",0.649298245614035,NA,5508839.0651615
"771","325","325-771",0.363577189887289,"0.000011216587371801978|0.00003703231112479509",0.4,0.6,0.96,3.70323111247951e-05,NA,NA,"Italy",NA,2,9,"AF",0.112337662337662,NA,NA,"Bangladesh",NA,2,3,"AS",0.649298245614035,19229135.3920627,63486272.6866339
"771","355","355-771",0.722540353126437,"3.9388818344494393e-7|7.897313398113692e-7",0.4,0.6,0.96,7.89731339811369e-07,NA,NA,"Bulgaria",NA,2,10,"AF",0.1,NA,NA,"Bangladesh",NA,2,3,"AS",0.649298245614035,675261.46391348,1353874.43196533
"771","360","360-771",0.755316870682031,"0.0000012844685913787413",0.4,0.6,0.96,1.28446859137874e-06,NA,NA,"Romania",NA,2,3,"AS",0.119583333333333,NA,NA,"Bangladesh",NA,2,3,"AS",0.649298245614035,NA,2202026.30548456
"771","365","365-771",0.287649391101181,"0.00000912725758367891",0.4,0.6,0.96,9.12725758367891e-06,NA,NA,"Russia (USSR)",NA,2,9,"AF",0.072,NA,NA,"Bangladesh",NA,2,3,"AS",0.649298245614035,NA,15647296.812934
"771","390","390-771",0.0337005063359324,"0.000002323018799293207|0.00001139441297191463",0,1,0,1.13944129719146e-05,NA,NA,"Denmark",NA,3,11,"WE",0.0130769230769231,NA,NA,"Bangladesh",NA,2,3,"AS",0.649298245614035,19533990.37401,3982462.89439278
"771","437","437-771",0.280719708425038,"1.1681913813641627e-9|3.952019159633624e-7",0,1,0,3.95201915963362e-07,NA,NA,"Ivory Coast",NA,0,9,"AF",0.0872093023255814,NA,NA,"Bangladesh",NA,2,3,"AS",0.649298245614035,2002.68668994315,677513.658777056
"771","452","452-771",0.0619857672722241,"2.603683654882931e-7",0,1,0,2.60368365488293e-07,NA,NA,"Ghana (Gold Coast)",NA,0,9,"AF",0.0729166666666667,NA,NA,"Bangladesh",NA,2,3,"AS",0.649298245614035,NA,446362.015988123
"771","461","461-771",0.73307870930814,"1.5363580394723643e-7|1.6016366171396226e-7",0,1,0,1.60163661713962e-07,NA,NA,"Togo (French Togoland)",NA,0,9,"AF",0.0561224489795918,NA,NA,"Bangladesh",NA,2,3,"AS",0.649298245614035,274576.271186441,263385.250543918
"771","471","471-771",0.24394059119262,"2.3767011308824728e-7",0,1,0,2.37670113088247e-07,NA,NA,"Cameroun (French Cameroon)",NA,0,9,"AF",0.0561764705882353,NA,NA,"Bangladesh",NA,2,3,"AS",0.649298245614035,NA,407449.309823951
"771","500","500-771",1.37430756367992,"2.48636260539588e-7",0.1,0.9,0.36,2.48636260539588e-07,NA,NA,"Uganda",NA,5,8,"AF",0.20030303030303,NA,NA,"Bangladesh",NA,2,3,"AS",0.649298245614035,NA,426249.10401102
"771","501","501-771",0.907860218809874,"8.307150632557655e-7|1.4368591873927448e-7",0.1,0.9,0.36,8.30715063255765e-07,NA,NA,"Kenya (British East Africa Protectorate)",NA,5,14,"WE",0.274666666666667,NA,NA,"Bangladesh",NA,2,3,"AS",0.649298245614035,246327.683615819,1424134.80090467
"771","512","512-771",0.968422542735058,"5.742927222796255e-8|5.171061719636235e-7",0.1,0.9,0.36,5.17106171963623e-07,NA,NA,"Tanzania (Tanganyika)",NA,5,8,"ME",0.255,NA,NA,"Bangladesh",NA,2,3,"AS",0.649298245614035,98453.7644591723,886499.989984237
"771","541","541-771",2.57279351114648,"0.00000171535624372739",0.1,0.9,0.36,1.71535624372739e-06,NA,NA,"Mozambique (Portuguese East Africa)",NA,5,5,"LA",0.110666666666667,NA,NA,"Bangladesh",NA,2,3,"AS",0.649298245614035,NA,2940717.73908493
"771","551","551-771",0.465154641333233,"4.80390574717142e-7",0.1,0.9,0.36,4.80390574717142e-07,NA,NA,"Zambia (Northern Rhodesia)",NA,5,8,"AF",0.135675675675676,NA,NA,"Bangladesh",NA,2,3,"AS",0.649298245614035,823556.675137164,NA
"771","580","580-771",0.347409209475569,"1.625006254041949e-9|7.908204485986343e-8",0.1,0.9,0.36,7.90820448598634e-08,NA,NA,"Madagascar (Malagasy Republic)",NA,5,8,"ME",0.183076923076923,NA,NA,"Bangladesh",NA,2,3,"AS",0.649298245614035,2785.82640478298,135574.154355933
"771","600","600-771",1.14290310526146,"0.000004379124972952937|5.181192347544072e-7",0,1,0,4.37912497295294e-06,NA,NA,"Morocco",NA,0,5,"LA",0.0397916666666667,NA,NA,"Bangladesh",NA,2,3,"AS",0.649298245614035,7507344.63276836,888236.732267689
"771","615","615-771",0.53637481714504,"0.0000022854073737981877",0,1,0,2.28540737379819e-06,NA,NA,"Algeria (Regency of Algiers)",NA,0,3,"AS",0.0284375,NA,NA,"Bangladesh",NA,2,3,"AS",0.649298245614035,NA,3917983.8180785
"771","616","616-771",1.56315367179926,"0.00000538529865683793|7.073015271936877e-7",0.05,0.95,0.19,5.38529865683793e-06,NA,NA,"Tunisia (Regency of Tunis)",NA,0,8,"AS",0.622037037037037,NA,NA,"Bangladesh",NA,2,3,"AS",0.649298245614035,9232276.58881006,1212561.03827194
"771","625","625-771",1.61189836412597,"5.8581505047521e-7|9.292785321555878e-7",0.4,0.6,0.96,9.29278532155588e-07,NA,NA,"Sudan (Anglo-Egyptian Sudan) (Mahdist State)",NA,2,8,"AF",0.184736842105263,NA,NA,"Bangladesh",NA,2,3,"AS",0.649298245614035,1004290.92618802,1593106.8977967
"771","630","630-771",1.50490219068184,"0.000014942777692599831",0.4,0.6,0.96,1.49427776925998e-05,NA,NA,"Iran (Persia)",NA,2,7,"ME",0.181707317073171,NA,NA,"Bangladesh",NA,2,3,"AS",0.649298245614035,NA,25617122.7361763
"771","640","640-771",0.308119131450682,"0.0000012404444911344692|0.000004462666180402116",0.4,0.6,0.96,4.46266618040212e-06,NA,NA,"Turkey (Ottoman Empire)",NA,2,1,"AS",0.16046511627907,NA,NA,"Bangladesh",NA,2,3,"AS",0.649298245614035,2126553.67231638,7650563.34409362
"771","651","651-771",1.13319513110207,"0.00000642325380809826|2.0267623858865566e-7",0.4,0.6,0.96,6.42325380809826e-06,NA,NA,"Egypt Arab Republic (Egypt)",NA,2,8,"AF",0.217818181818182,NA,NA,"Bangladesh",NA,2,3,"AS",0.649298245614035,347457.627118644,11011693.0434663
"771","652","652-771",1.59383103568927,"0.0000020511083018537284",0.4,0.6,0.96,2.05110830185373e-06,NA,NA,"Syria",NA,2,7,"ME",0.218157894736842,NA,NA,"Bangladesh",NA,2,3,"AS",0.649298245614035,NA,3516313.64627732
"771","663","663-771",2.04751490267321,"0.000002277916760669954|0.0000010441693508876326",0.4,0.6,0.96,2.27791676066995e-06,NA,NA,"Jordan (Transjordan)",NA,2,8,"AF",0.264791666666667,NA,NA,"Bangladesh",NA,2,3,"AS",0.649298245614035,3905142.29959896,1790069.7560594
"771","670","670-771",0.212039329894097,"0.00001890932104612437|0.00000226365890593292",0.35,0.65,0.91,1.89093210461244e-05,NA,NA,"Saudi Arabia (Emirate of Nejd) (Emirate of Diriyah)",NA,2,1,"AS",0.49,NA,NA,"Bangladesh",NA,2,3,"AS",0.649298245614035,32417158.8483326,3880699.37323902
"771","679","679-771",0.982954640309055,"9.028945405203031e-7",0.4,0.6,0.96,9.02894540520303e-07,NA,NA,"Yemen",NA,2,1,"AS",0.479444444444445,NA,NA,"Bangladesh",NA,2,3,"AS",0.649298245614035,NA,1547875.5515306
"771","694","694-771",0.0666264702701051,"6.0970322667367e-7|3.0546354270530064e-7",0.4,0.6,0.96,6.0970322667367e-07,NA,NA,"Qatar",NA,2,3,"ME",0.419655172413793,NA,NA,"Bangladesh",NA,2,3,"AS",0.649298245614035,1045243.57597029,523670.847943095
"771","696","696-771",1.65002093304143,"0.00003478505994874506|0.0000032911991166546105",0.35,0.65,0.91,3.47850599487451e-05,NA,NA,"United Arab Emirates (Trucial Oman)",NA,2,5,"LA",0.55,NA,NA,"Bangladesh",NA,2,3,"AS",0.649298245614035,59633701.8741537,5642260.9942387
"771","700","700-771",0.80820513390732,"1.4982508060360868e-7",0.6,0.4,0.96,1.49825080603609e-07,NA,NA,"Afghanistan",NA,1,1,"AS",0.3765,NA,NA,"Bangladesh",NA,2,3,"AS",0.649298245614035,NA,256852.344171653
"771","710","710-771",1.07083637673127,"0.00006719755407021342|0.000006986683303436177",0.5,0.5,1,6.71975540702134e-05,NA,NA,"People's Republic of China (China)",NA,1,2,"WE",0.106923076923077,NA,NA,"Bangladesh",NA,2,3,"AS",0.649298245614035,115200000,11977607.3354524
"771","712","712-771",0.215066470867377,"3.014240108356562e-8",0.4,0.6,0.96,3.01424010835656e-08,NA,NA,"Mongolia",NA,2,1,"AS",0.105882352941176,NA,NA,"Bangladesh",NA,2,3,"AS",0.649298245614035,NA,51674.5684106078
"771","720","720-771",0.930529930154582,"0.00007943700378293407|0.00000797926235608151",0.5,0.5,1,7.94370037829341e-05,NA,NA,"Hong Kong",NA,1,8,"AS",0.167954545454545,NA,NA,"Bangladesh",NA,2,3,"AS",0.649298245614035,136182677.515794,13679233.3610852
"771","731","731-771",3.16402973001492,"0.0000051956314867543895|7.74633946861386e-7",0.55,0.45,0.99,5.19563148675439e-06,NA,NA,"North Korea (Democratic People's Republic of Korea)",NA,1,1,"AS",0.417555555555556,NA,NA,"Bangladesh",NA,2,3,"AS",0.649298245614035,8907121.03373147,1327992.24485446
"771","732","732-771",1.43619206084232,"5.956135011524124e-7|0.00009570273119698504",0.45,0.55,0.99,9.5702731196985e-05,NA,NA,"South Korea (Republic of South Korea)",NA,1,3,"AS",0.218196721311475,NA,NA,"Bangladesh",NA,2,3,"AS",0.649298245614035,164067796.61017,1021088.88161411
"771","750","750-771",2.98540082129549,"0.00010696098430701025|0.000007513920383471181",0.9,0.1,0.36,0.00010696098430701,NA,NA,"India",NA,2,1,"AS",0.620394736842105,NA,NA,"Bangladesh",NA,2,3,"AS",0.649298245614035,183368361.581921,12881475.228569
"771","760","760-771",2.13126840888535,"9.91958279263078e-8",0.4,0.6,0.96,9.91958279263078e-08,NA,NA,"Bhutan",NA,2,14,"WE",0.79,NA,NA,"Bangladesh",NA,2,3,"AS",0.649298245614035,NA,170056.18039565
"771","770","770-771",2.96213534151399,"0.00003315498537845641|0.00001289304220651622",0.15,0.85,0.51,3.31549853784564e-05,NA,NA,"Pakistan",NA,2,8,"AS",0.290694444444445,NA,NA,"Bangladesh",NA,2,3,"AS",0.649298245614035,56839186.6109785,22103162.5740236
"775","135","135-775",2.59745302650756,"0.0000020346717025144076",0,1,0,2.03467170251441e-06,NA,NA,"Peru",NA,4,3,"AS",0.025,NA,NA,"Myanmar (Burma)",NA,1,10,"AF",0.3108,NA,3488135.59322034
"775","352","352-775",0.728508568933875,"1.7522395332303176e-7|2.512888204192119e-9",0,1,0,1.75223953323032e-07,NA,NA,"Cyprus",NA,2,5,"LA",0.173877551020408,NA,NA,"Myanmar (Burma)",NA,1,10,"AF",0.3108,300394.853683536,4307.96515034543
"775","365","365-775",0.523008822080393,"0.0000032566877811866002",0,1,0,3.2566877811866e-06,NA,NA,"Russia (USSR)",NA,2,9,"AF",0.072,NA,NA,"Myanmar (Burma)",NA,1,10,"AF",0.3108,NA,5583096.5514115
"775","380","380-775",0.158085921050514,"0.00000567914754002365|0.0000018899741595558638",0,1,0,5.67914754002365e-06,NA,NA,"Sweden",NA,3,5,"LA",0.0137837837837838,NA,NA,"Myanmar (Burma)",NA,1,10,"AF",0.3108,9736035.86712582,3240073.63353343
"775","420","420-775",3.90331119897004,"5.920083072267422e-7",0,1,0,5.92008307226742e-07,NA,NA,"Gambia",NA,0,9,"AF",0.0729166666666667,NA,NA,"Myanmar (Burma)",NA,1,10,"AF",0.3108,NA,1014908.32421163
"775","433","433-775",2.03034915762925,"4.2309716747478157e-7|1.2064170785989787e-7",0,1,0,4.23097167474782e-07,NA,NA,"Senegal",NA,0,9,"AF",0.0743243243243243,NA,NA,"Myanmar (Burma)",NA,1,10,"AF",0.3108,725335.830559644,206821.884185525
"775","434","434-775",2.63986163446665,"3.143508792025432e-7",0,1,0,3.14350879202543e-07,NA,NA,"Benin (Dahomey)",NA,0,9,"AF",0.0541176470588235,NA,NA,"Myanmar (Burma)",NA,1,10,"AF",0.3108,NA,538906.836494294
"775","452","452-775",0.498015973587074,"1.1354662886193717e-7",0,1,0,1.13546628861937e-07,NA,NA,"Ghana (Gold Coast)",NA,0,9,"AF",0.0729166666666667,NA,NA,"Myanmar (Burma)",NA,1,10,"AF",0.3108,NA,194658.448895737
"775","461","461-775",0.921054885236413,"8.448588216112489e-8",0,1,0,8.44858821611249e-08,NA,NA,"Togo (French Togoland)",NA,0,9,"AF",0.0561224489795918,NA,NA,"Myanmar (Burma)",NA,1,10,"AF",0.3108,NA,144838.212634823
"775","551","551-775",1.23215914936093,"8.129989696918303e-8",0.15,0.85,0.51,8.1299896969183e-08,NA,NA,"Zambia (Northern Rhodesia)",NA,5,8,"AF",0.135675675675676,NA,NA,"Myanmar (Burma)",NA,1,10,"AF",0.3108,NA,139376.324933848
"775","590","590-775",3.01186845854918,"0.000001052735649194712",0.15,0.85,0.51,1.05273564919471e-06,NA,NA,"Mauritius",NA,5,8,"AF",0.150526315789474,NA,NA,"Myanmar (Burma)",NA,1,10,"AF",0.3108,NA,1804755.37339518
"775","651","651-775",0.0628585714413496,"6.210611124823118e-7|1.3182194379749978e-9",0,1,0,6.21061112482312e-07,NA,NA,"Egypt Arab Republic (Egypt)",NA,2,8,"AF",0.217818181818182,NA,NA,"Myanmar (Burma)",NA,1,10,"AF",0.3108,2259.88700564972,1064714.94607088
"775","698","698-775",0.531706911317121,"2.575171826412237e-7",0.1,0.9,0.36,2.57517182641224e-07,NA,NA,"Oman (Sultanate of Muscat and Oman)",NA,2,3,"ME",0.463793103448276,NA,NA,"Myanmar (Burma)",NA,1,10,"AF",0.3108,NA,441474.096055216
"775","710","710-775",2.59138722401122,"0.00009430970280590457|0.00003173223822999952",0.85,0.15,0.51,9.43097028059046e-05,NA,NA,"People's Republic of China (China)",NA,1,2,"WE",0.106923076923077,NA,NA,"Myanmar (Burma)",NA,1,10,"AF",0.3108,161679661.016949,54400102.7221367
"775","713","713-775",0.679923995639438,"0.0000055662139958671206",0.8,0.2,0.64,5.56621399586712e-06,NA,NA,"Republic of China (Taiwan) (Formosa)",NA,1,5,"LA",0.122,NA,NA,"Myanmar (Burma)",NA,1,10,"AF",0.3108,NA,9542428.45883774
"775","720","720-775",0.973079825808979,"0.000004389158727081233|0.000011106566015622162",0.85,0.15,0.51,1.11065660156222e-05,NA,NA,"Hong Kong",NA,1,8,"AS",0.167954545454545,NA,NA,"Myanmar (Burma)",NA,1,10,"AF",0.3108,7524545.98022175,19040520.4877364
"775","731","731-775",2.97462724071265,"0.0000012189035826667758|0.0000013189184773587115",0.9,0.1,0.36,1.31891847735871e-06,NA,NA,"North Korea (Democratic People's Republic of Korea)",NA,1,1,"AS",0.417555555555556,NA,NA,"Myanmar (Burma)",NA,1,10,"AF",0.3108,2261085.40249791,2089625.05653841
"775","732","732-775",0.306911784111611,"0.0000014569320742891835|0.000009491179953419995",0.8,0.2,0.64,9.49117995342e-06,NA,NA,"South Korea (Republic of South Korea)",NA,1,3,"AS",0.218196721311475,NA,NA,"Myanmar (Burma)",NA,1,10,"AF",0.3108,16271186.440678,2497688.75192604
"775","740","740-775",0.433808728425362,"0.00002720075935634675|0.000014794926181614456",0.85,0.15,0.51,2.72007593563468e-05,NA,NA,"Japan",NA,1,1,"AS",0.100597014925373,NA,NA,"Myanmar (Burma)",NA,1,10,"AF",0.3108,46631570.4672373,25363653.777355
"775","750","750-775",2.9121596307948,"0.00000126647932503448|0.000015345572234663066",0.55,0.45,0.99,1.53455722346631e-05,NA,NA,"India",NA,2,1,"AS",0.620394736842105,NA,NA,"Myanmar (Burma)",NA,1,10,"AF",0.3108,2171186.44067797,26307652.7991783
"775","770","770-775",1.37155542722639,"6.783534768906196e-7|0.0000016564955268263982",0.15,0.85,0.51,1.6564955268264e-06,NA,NA,"Pakistan",NA,2,8,"AS",0.290694444444445,NA,NA,"Myanmar (Burma)",NA,1,10,"AF",0.3108,1162934.00286781,2839809.98015208
"780","2","2-780",0.694953346732076,"0.00018422938312397637|0.000039810227026844915",0,1,0,0.000184229383123976,NA,NA,"United States of America",NA,4,8,"AS",0.00662337662337662,NA,NA,"Sri Lanka (Ceylon)",NA,2,1,"AS",0.713684210526316,68248587.5706215,315833295.267062
"780","200","200-780",0.470229976070129,"0.00007526808585458748|0.00004159314259445797",0,1,0,7.52680858545875e-05,NA,NA,"United Kingdom",NA,4,1,"AS",0.0107228915662651,NA,NA,"Sri Lanka (Ceylon)",NA,2,1,"AS",0.713684210526316,129035700.933228,71305125.5091068
"780","352","352-780",0.54242686216738,"4.003019335715551e-7|2.1268541746088712e-7",0.65,0.35,0.91,4.00301933571555e-07,NA,NA,"Cyprus",NA,2,5,"LA",0.173877551020408,NA,NA,"Sri Lanka (Ceylon)",NA,2,1,"AS",0.713684210526316,686256.864338525,364616.84402818
"780","360","360-780",0.613957564561885,"0.0000021421065867093687|5.456535991037747e-7",0.65,0.35,0.91,2.14210658670937e-06,NA,NA,"Romania",NA,2,3,"AS",0.119583333333333,NA,NA,"Sri Lanka (Ceylon)",NA,2,1,"AS",0.713684210526316,3672316.38418079,935440.217825107
"780","501","501-780",0.112581822014395,"4.253708349217754e-7|2.7056453964436825e-7",0.05,0.95,0.19,4.25370834921775e-07,NA,NA,"Kenya (British East Africa Protectorate)",NA,5,14,"WE",0.274666666666667,NA,NA,"Sri Lanka (Ceylon)",NA,2,1,"AS",0.713684210526316,463841.807909605,729233.688056362
"780","552","552-780",0.340154220535851,"4.6690485258048407e-7",0,1,0,4.66904852580484e-07,NA,NA,"Zimbabwe (Rhodesia) (Southern Rhodesia)",NA,5,8,"AF",0.0812,NA,NA,"Sri Lanka (Ceylon)",NA,2,1,"AS",0.713684210526316,800437.452843452,NA
"780","560","560-780",0.264518883809609,"0.000003221347671205354",0,1,0,3.22134767120535e-06,NA,NA,"South Africa",NA,5,8,"AF",0,NA,NA,"Sri Lanka (Ceylon)",NA,2,1,"AS",0.713684210526316,NA,5522511.30056166
"780","591","591-780",2.27553132035965,"4.361409604197611e-8",0,1,0,4.36140960419761e-08,NA,NA,"Seychelles",NA,5,8,"AF",0.254444444444444,NA,NA,"Sri Lanka (Ceylon)",NA,2,1,"AS",0.713684210526316,74769.7432377644,NA
"780","616","616-780",0.0841032647204746,"0.000001035883471035686|9.09688190038701e-7",0.1,0.9,0.36,1.03588347103569e-06,NA,NA,"Tunisia (Regency of Tunis)",NA,0,8,"AS",0.622037037037037,NA,NA,"Sri Lanka (Ceylon)",NA,2,1,"AS",0.713684210526316,1775864.87357295,1559522.23176098
"780","620","620-780",2.18446285167177,"0.00000926017969281951",0.65,0.35,0.91,9.26017969281951e-06,NA,NA,"Libya",NA,2,3,"AS",0.0628125,NA,NA,"Sri Lanka (Ceylon)",NA,2,1,"AS",0.713684210526316,NA,15875171.5798786
"780","630","630-780",2.20077780519383,"0.000025709445125655926|0.000041523912296212385",0.65,0.35,0.91,4.15239122962124e-05,NA,NA,"Iran (Persia)",NA,2,7,"ME",0.181707317073171,NA,NA,"Sri Lanka (Ceylon)",NA,2,1,"AS",0.713684210526316,71186440.6779661,44074938.7303727
"780","640","640-780",0.604124533785888,"0.000006612847810601565|0.0000012482323938622114",0.65,0.35,0.91,6.61284781060157e-06,NA,NA,"Turkey (Ottoman Empire)",NA,2,1,"AS",0.16046511627907,NA,NA,"Sri Lanka (Ceylon)",NA,2,1,"AS",0.713684210526316,11336723.1638418,2139904.84865977
"780","645","645-780",1.72264101527884,"4.2218453653284633e-7|2.317307919219732e-8",0.65,0.35,0.91,4.22184536532846e-07,NA,NA,"Iraq (Mesopotamia)",NA,2,7,"ME",0.202631578947368,NA,NA,"Sri Lanka (Ceylon)",NA,2,1,"AS",0.713684210526316,39726.7245791682,723771.263426723
"780","651","651-780",1.89908770488092,"0.000006440490619086334",0.65,0.35,0.91,6.44049061908633e-06,NA,NA,"Egypt Arab Republic (Egypt)",NA,2,8,"AF",0.217818181818182,NA,NA,"Sri Lanka (Ceylon)",NA,2,1,"AS",0.713684210526316,11041242.9378531,NA
"780","652","652-780",2.45401946943297,"0.000001193737246059315|0.000005498754444691025",0.65,0.35,0.91,5.49875444469102e-06,NA,NA,"Syria",NA,2,7,"ME",0.218157894736842,NA,NA,"Sri Lanka (Ceylon)",NA,2,1,"AS",0.713684210526316,2046481.19487121,9426779.30459373
"780","660","660-780",1.72298090696705,"1.8103968118904243e-8|0.0000034730652439306004",0.65,0.35,0.91,3.4730652439306e-06,NA,NA,"Lebanon",NA,2,7,"ME",0.217777777777778,NA,NA,"Sri Lanka (Ceylon)",NA,2,1,"AS",0.713684210526316,31036.5035774753,5954042.84630288
"780","663","663-780",3.62688921845478,"0.000001761727314776282|0.000018536290877583728",0.65,0.35,0.91,1.85362908775837e-05,NA,NA,"Jordan (Transjordan)",NA,2,8,"AF",0.264791666666667,NA,NA,"Sri Lanka (Ceylon)",NA,2,1,"AS",0.713684210526316,3020213.89722263,31777655.2829055
"780","670","670-780",0.750401654199334,"0.0000038005727174033445|0.000012646418305651899",0.5,0.5,1,1.26464183056519e-05,NA,NA,"Saudi Arabia (Emirate of Nejd) (Emirate of Diriyah)",NA,2,1,"AS",0.49,NA,NA,"Sri Lanka (Ceylon)",NA,2,1,"AS",0.713684210526316,6515504.66535418,21680363.355024
"780","679","679-780",2.18707067378528,"4.774566657111769e-9|0.0000034141187237354536",0.55,0.45,0.99,3.41411872373545e-06,NA,NA,"Yemen",NA,2,1,"AS",0.479444444444445,NA,NA,"Sri Lanka (Ceylon)",NA,2,1,"AS",0.713684210526316,8185.26933769881,5852987.99065463
"780","690","690-780",0.272489762673486,"1.2310698320854881e-8|0.0000011454742708193108",0.55,0.45,0.99,1.14547427081931e-06,NA,NA,"Kuwait",NA,2,1,"ME",0.4245,NA,NA,"Sri Lanka (Ceylon)",NA,2,1,"AS",0.713684210526316,21104.8224326832,1963741.65435402
"780","692","692-780",0.956584942008746,"4.397091776719479e-7|0.000001241208054232071",0.3,0.7,0.84,1.24120805423207e-06,NA,NA,"Bahrain",NA,2,8,"ME",0.576428571428571,NA,NA,"Sri Lanka (Ceylon)",NA,2,1,"AS",0.713684210526316,2127862.6852717,753814.598889723
"780","696","696-780",2.10003666279494,"0.00001844432271953962|0.00002408761924569204",0.3,0.7,0.84,2.4087619245692e-05,NA,NA,"United Arab Emirates (Trucial Oman)",NA,2,5,"LA",0.55,NA,NA,"Sri Lanka (Ceylon)",NA,2,1,"AS",0.713684210526316,31619989.8447318,41294564.5938882
"780","700","700-780",2.12494845155536,"1.231069832085488e-7|6.340733793965051e-7",0.4,0.6,0.96,6.34073379396505e-07,NA,NA,"Afghanistan",NA,1,1,"AS",0.3765,NA,NA,"Sri Lanka (Ceylon)",NA,2,1,"AS",0.713684210526316,211048.224326832,1087022.5012975
"780","710","710-780",0.693925616590546,"0.0000389141673638814|0.0000014832219000455889",0.35,0.65,0.91,3.89141673638814e-05,NA,NA,"People's Republic of China (China)",NA,1,2,"WE",0.106923076923077,NA,NA,"Sri Lanka (Ceylon)",NA,2,1,"AS",0.713684210526316,66712429.3785311,2542758.6650954
"780","720","720-780",1.01608798886879,"0.00007305076832617952|0.000004898137198378252",0.35,0.65,0.91,7.30507683261795e-05,NA,NA,"Hong Kong",NA,1,8,"AS",0.167954545454545,NA,NA,"Sri Lanka (Ceylon)",NA,2,1,"AS",0.713684210526316,125234446.81309,8397112.2619074
"780","732","732-780",1.13390187655637,"0.000059715340540267216|0.000003707258175516728",0.3,0.7,0.84,5.97153405402672e-05,NA,NA,"South Korea (Republic of South Korea)",NA,1,3,"AS",0.218196721311475,NA,NA,"Sri Lanka (Ceylon)",NA,2,1,"AS",0.713684210526316,102372881.355932,6355531.05658107
"780","740","740-780",0.132293417964361,"0.00009624695519927127|0.00003348560634383286",0.35,0.65,0.91,9.62469551992713e-05,NA,NA,"Japan",NA,1,1,"AS",0.100597014925373,NA,NA,"Sri Lanka (Ceylon)",NA,2,1,"AS",0.713684210526316,165000786.001389,57405986.0389989
"780","750","750-780",2.53440005120234,"0.00000415971254674441|0.000057517868737163",0.65,0.35,0.91,5.7517868737163e-05,NA,NA,"India",NA,2,1,"AS",0.620394736842105,NA,NA,"Sri Lanka (Ceylon)",NA,2,1,"AS",0.713684210526316,98605649.7175141,7131195.35398938
"780","770","770-780",2.73618266756001,"0.000010538681921376523|0.00002232869705913886",0.1,0.9,0.36,2.23286970591389e-05,NA,NA,"Pakistan",NA,2,8,"AS",0.290694444444445,NA,NA,"Sri Lanka (Ceylon)",NA,2,1,"AS",0.713684210526316,38279159.6629408,18066969.4625199
"780","771","771-780",1.49551048179113,"0.000001562082785171534|0.000001949636972584027",0.75,0.25,0.75,1.94963697258403e-06,NA,NA,"Bangladesh",NA,2,3,"AS",0.649298245614035,NA,NA,"Sri Lanka (Ceylon)",NA,2,1,"AS",0.713684210526316,3342356.46444812,2677953.67467888
"780","90","780-90",2.71546275424637,"0.000004803393899065189",0,1,0,4.80339389906519e-06,NA,NA,"Guatemala",NA,4,5,"LA",0,NA,NA,"Sri Lanka (Ceylon)",NA,2,1,"AS",0.713684210526316,8234689.26553672,NA
"781","2","2-781",0.411806615406222,"0.000004083184709127552|4.284213173418737e-7",0,1,0,4.08318470912755e-06,NA,NA,"United States of America",NA,4,8,"AS",0.00662337662337662,NA,NA,"Maldive Islands",NA,1,8,"AS",0.497857142857143,734463.276836158,7e+06
"781","200","200-781",1.45181598615976,"0.0000016596049530437535|0.000004370886101465594",0,1,0,4.37088610146559e-06,NA,NA,"United Kingdom",NA,4,1,"AS",0.0107228915662651,NA,NA,"Maldive Islands",NA,1,8,"AS",0.497857142857143,2845140.61911946,7493220.33898305
"781","325","325-781",0.163507827131681,"0.0000036799214999216937|6.2615423303812576e-9",0.05,0.95,0.19,3.67992149992169e-06,NA,NA,"Italy",NA,2,9,"AF",0.112337662337662,NA,NA,"Maldive Islands",NA,1,8,"AS",0.497857142857143,6308666.47836655,10734.4632768362
"781","437","437-781",0.444988438796817,"7.943701393276296e-8",0,1,0,7.9437013932763e-08,NA,NA,"Ivory Coast",NA,0,9,"AF",0.0872093023255814,NA,NA,"Maldive Islands",NA,1,8,"AS",0.497857142857143,136182.694916134,NA
"781","696","696-781",0.883785701700017,"9.63798166355807e-7",0.15,0.85,0.51,9.63798166355807e-07,NA,NA,"United Arab Emirates (Trucial Oman)",NA,2,5,"LA",0.55,NA,NA,"Maldive Islands",NA,1,8,"AS",0.497857142857143,1652285.5675398,NA
"781","720","720-781",0.0163340371826168,"0.000001898268738626382|3.2296376230387425e-7",0.8,0.2,0.64,1.89826873862638e-06,NA,NA,"Hong Kong",NA,1,8,"AS",0.167954545454545,NA,NA,"Maldive Islands",NA,1,8,"AS",0.497857142857143,3254293.42950882,553672.316384181
"781","750","750-781",1.613820624037,"7.250206908862453e-9|0.0000016177848052548168",0.6,0.4,0.96,1.61778480525482e-06,NA,NA,"India",NA,2,1,"AS",0.620394736842105,NA,NA,"Maldive Islands",NA,1,8,"AS",0.497857142857143,2773446.32768362,12429.3785310734
"781","770","770-781",1.69530725910817,"5.56849029867156e-7",0.2,0.8,0.64,5.56849029867156e-07,NA,NA,"Pakistan",NA,2,8,"AS",0.290694444444445,NA,NA,"Maldive Islands",NA,1,8,"AS",0.497857142857143,954633.083425452,NA
"781","775","775-781",4.52510699727118,"8.032150711843096e-7",0.95,0.05,0.19,8.0321507118431e-07,NA,NA,"Myanmar (Burma)",NA,1,10,"AF",0.3108,NA,NA,"Maldive Islands",NA,1,8,"AS",0.497857142857143,1376990.24139702,NA
"781","780","780-781",5.4497179504319,"0.000003392767278488147|0.000003708851324711216",0.4,0.6,0.96,3.70885132471122e-06,NA,NA,"Sri Lanka (Ceylon)",NA,2,1,"AS",0.713684210526316,NA,NA,"Maldive Islands",NA,1,8,"AS",0.497857142857143,6358262.26889593,5816384.18079096
"790","2","2-790",0.452027850736788,"0.0000019773291569624967|0.000019953048765712453",0,1,0,1.99530487657125e-05,NA,NA,"United States of America",NA,4,8,"AS",0.00662337662337662,NA,NA,"Nepal",NA,2,8,"AS",0.7245,3389830.50847458,34206471.4946071
"790","225","225-790",0.879430947451024,"0.00000137660047422467|0.000004423892227193351",0.4,0.6,0.96,4.42389222719335e-06,NA,NA,"Switzerland",NA,2,14,"WE",0.0813157894736842,NA,NA,"Nepal",NA,2,8,"AS",0.7245,2359972.42496327,7584091.29058729
"790","255","255-790",1.51377072214114,"0.00003792308235551826|0.0000035024915904488615",0.4,0.6,0.96,3.79230823555183e-05,NA,NA,"Germany (Zollverein)",NA,2,8,"AF",0.083728813559322,NA,NA,"Nepal",NA,2,8,"AS",0.7245,6004489.84792085,65013364.6648938
"790","305","305-790",0.335201046975185,"0.0000017182746228771693|8.282390864112241e-7",0.4,0.6,0.96,1.71827462287717e-06,NA,NA,"Austria",NA,2,1,"AS",0.0331034482758621,NA,NA,"Nepal",NA,2,8,"AS",0.7245,1419890.11467408,2945720.85687257
"790","360","360-790",0.565449361821857,"3.625103454431238e-7",0.4,0.6,0.96,3.62510345443124e-07,NA,NA,"Romania",NA,2,3,"AS",0.119583333333333,NA,NA,"Nepal",NA,2,8,"AS",0.7245,621468.926553672,NA
"790","375","375-790",0.326704191774964,"0.0000015037389587294304|7.653987664431015e-8",0,1,0,1.50373895872943e-06,NA,NA,"Finland",NA,3,10,"AF",0.0110869565217391,NA,NA,"Nepal",NA,2,8,"AS",0.7245,2577932.04592871,131215.99307337
"790","461","461-790",0.399754556489403,"2.7862365393562426e-8",0,1,0,2.78623653935624e-08,NA,NA,"Togo (French Togoland)",NA,0,9,"AF",0.0561224489795918,NA,NA,"Nepal",NA,2,8,"AS",0.7245,NA,47765.7935285054
"790","651","651-790",0.436298323387046,"2.649621070329741e-7|2.0372482223249897e-8",0.4,0.6,0.96,2.64962107032974e-07,NA,NA,"Egypt Arab Republic (Egypt)",NA,2,8,"AF",0.217818181818182,NA,NA,"Nepal",NA,2,8,"AS",0.7245,454237.288135593,34925.5264509501
"790","663","663-790",2.8098324965944,"7.321480131783606e-7",0.4,0.6,0.96,7.32148013178361e-07,NA,NA,"Jordan (Transjordan)",NA,2,8,"AF",0.264791666666667,NA,NA,"Nepal",NA,2,8,"AS",0.7245,1255156.56462761,NA
"790","670","670-790",0.161869196453412,"0.0000026969819315792845|3.839940103337779e-9",0.35,0.65,0.91,2.69698193157928e-06,NA,NA,"Saudi Arabia (Emirate of Nejd) (Emirate of Diriyah)",NA,2,1,"AS",0.49,NA,NA,"Nepal",NA,2,8,"AS",0.7245,4623565.88445611,6582.99406913379
"790","710","710-790",1.12228761890989,"4.3021888930274677e-7|0.000010609359591682243",0.5,0.5,1,1.06093595916822e-05,NA,NA,"People's Republic of China (China)",NA,1,2,"WE",0.106923076923077,NA,NA,"Nepal",NA,2,8,"AS",0.7245,18188135.5932203,737544.940934768
"790","720","720-790",0.605970605062186,"4.6571042445341643e-7|0.000008611112133824008",0.5,0.5,1,8.61111213382401e-06,NA,NA,"Hong Kong",NA,1,8,"AS",0.167954545454545,NA,NA,"Nepal",NA,2,8,"AS",0.7245,14762443.8350837,798389.787238028
"790","732","732-790",0.242501106897055,"0.000004350124145317489|3.1996780903574926e-7",0.45,0.55,0.99,4.35012414531749e-06,NA,NA,"South Korea (Republic of South Korea)",NA,1,3,"AS",0.218196721311475,NA,NA,"Nepal",NA,2,8,"AS",0.7245,7457627.11864407,548536.209553159
"790","740","740-790",0.76748036892908,"5.074858966987224e-7|0.000032269434922326376",0.5,0.5,1,3.22694349223264e-05,NA,NA,"Japan",NA,1,1,"AS",0.100597014925373,NA,NA,"Nepal",NA,2,8,"AS",0.7245,55321044.8577893,870007.48923996
"790","750","750-790",3.4477368091271,"0.000025468658651395937|0.000005749833512185475",0.9,0.1,0.36,2.54686586513959e-05,NA,NA,"India",NA,2,1,"AS",0.620394736842105,NA,NA,"Nepal",NA,2,8,"AS",0.7245,43662146.8926554,9857216.23009757
"790","770","770-790",1.70746784492683,"0.000001287380342072103|1.5652929397353604e-7",0.15,0.85,0.51,1.2873803420721e-06,NA,NA,"Pakistan",NA,2,8,"AS",0.290694444444445,NA,NA,"Nepal",NA,2,8,"AS",0.7245,268345.699709693,2207018.05979045
"790","771","771-790",3.89200922869316,"4.0870023976988804e-8|0.0000038043994227102513",1,0,0,3.80439942271025e-06,NA,NA,"Bangladesh",NA,2,3,"AS",0.649298245614035,NA,NA,"Nepal",NA,2,8,"AS",0.7245,6522064.97037503,70065.4484719723
"80","2","2-80",1.34874321959845,"0.000014956517743264311|0.00003766812044013553",1,0,0,3.76681204401355e-05,NA,NA,"United States of America",NA,4,8,"AS",0.00662337662337662,NA,NA,"Belize (British Honduras)",NA,4,5,"LA",0,64576271.1864407,25640677.9661017
"80","20","20-80",0.078800570430042,"8.743210049192576e-7|0.0000012439048171591531",1,0,0,1.24390481715915e-06,NA,NA,"Canada (Province of Canada)",NA,4,4,"AF",0.0392307692307692,NA,NA,"Belize (British Honduras)",NA,4,5,"LA",0,1498890.56469907,2132485.87570621
"80","41","41-80",4.6222746721138,"5.813347721469732e-7",1,0,0,5.81334772146973e-07,NA,NA,"Haiti",NA,4,5,"LA",0.031875,NA,NA,"Belize (British Honduras)",NA,4,5,"LA",0,NA,996610.169491525
"80","51","51-80",3.74299128319809,"0.0000011042503430160662|6.950311986723147e-7",1,0,0,1.10425034301607e-06,NA,NA,"Jamaica",NA,4,5,"LA",0,NA,NA,"Belize (British Honduras)",NA,4,5,"LA",0,1893069.49152542,1191525.42372881
"80","52","52-80",4.21467632937883,"8.547005280970408e-7|5.816351710941936e-7",1,0,0,8.54700528097041e-07,NA,NA,"Trinidad and Tobago",NA,4,5,"LA",0.021875,NA,NA,"Belize (British Honduras)",NA,4,5,"LA",0,997125.157859757,1465254.23728814
"80","53","53-80",4.53946564344369,"4.1062535492921134e-7|3.1900910398994935e-7",1,0,0,4.10625354929211e-07,NA,NA,"Barbados",NA,4,5,"LA",0.0182142857142857,NA,NA,"Belize (British Honduras)",NA,4,5,"LA",0,546892.655367232,703954.802259887
"80","55","55-80",0.924615620606374,"5.991906536249767e-10|2.6364388759499955e-9",1,0,0,2.63643887595e-09,NA,NA,"Grenada",NA,4,5,"LA",0,NA,NA,"Belize (British Honduras)",NA,4,5,"LA",0,1027.22136620438,4519.77401129944
"80","56","56-80",3.10723020122081,"1.4335636387978098e-8|6.231582797699961e-8",1,0,0,6.23158279769996e-08,NA,NA,"St. Lucia",NA,4,5,"LA",0,NA,NA,"Belize (British Honduras)",NA,4,5,"LA",0,106831.022085259,24576.2711864407
"80","57","57-80",0.652048767889433,"3.051433884201382e-9",1,0,0,3.05143388420138e-09,NA,NA,"St. Vincent and the Grenadines",NA,4,5,"LA",0,NA,NA,"Belize (British Honduras)",NA,4,5,"LA",0,5231.21992048546,NA
"80","58","58-80",2.14206129865974,"1.4994746106965562e-8",1,0,0,1.49947461069656e-08,NA,NA,"Antigua and Barbuda (Antigua)",NA,4,1,"AS",0,NA,NA,"Belize (British Honduras)",NA,4,5,"LA",0,NA,25706.2146892655
"80","60","60-80",3.06647319289033,"1.7960739842409326e-8|3.2955485949374886e-9",1,0,0,1.79607398424093e-08,NA,NA,"St. Kitts-Nevis",NA,4,5,"LA",0,NA,NA,"Belize (British Honduras)",NA,4,5,"LA",0,5649.71751412429,30790.9604519774
"80","70","70-80",2.0231915681247,"0.000007593273517595482|9.24895713169205e-7",1,0,0,7.59327351759548e-06,NA,NA,"Mexico",NA,4,5,"LA",0,NA,NA,"Belize (British Honduras)",NA,4,5,"LA",0,13017514.1242938,1585593.22033898
"800","2","2-800",0.356841919116182,"0.001999637787706221|0.001238335340033709",0,1,0,0.00199963778770622,NA,NA,"United States of America",NA,4,8,"AS",0.00662337662337662,NA,NA,"Thailand (Siam)",NA,1,9,"AF",0.55655737704918,2122937853.10734,3428075267.48756
"800","210","210-800",0.0638696200682675,"0.00009395627258109805|0.0004112322106491085",0.3,0.7,0.84,0.000411232210649108,NA,NA,"Netherlands",NA,0,8,"AF",0.0270588235294118,NA,NA,"Thailand (Siam)",NA,1,9,"AF",0.55655737704918,161073758.578072,704995164.217989
"800","290","290-800",1.21669472214016,"0.000010125841278110352|0.00014732380159590978",0,1,0,0.00014732380159591,NA,NA,"Poland",NA,2,1,"AS",0.112,NA,NA,"Thailand (Siam)",NA,1,9,"AF",0.55655737704918,17359216.8848804,252564281.225406
"800","355","355-800",0.399454677588542,"4.1892644391298745e-7|0.00000985302562695972",0,1,0,9.85302562695972e-06,NA,NA,"Bulgaria",NA,2,10,"AF",0.1,NA,NA,"Thailand (Siam)",NA,1,9,"AF",0.55655737704918,16891515.8882085,718185.758492785
"800","403","403-800",0.52497698256312,"1.5583296344805154e-7",0.3,0.7,0.84,1.55832963448052e-07,NA,NA,"Sao Tome-Principe",NA,0,1,"AF",0.084,NA,NA,"Thailand (Siam)",NA,1,9,"AF",0.55655737704918,NA,267151.946787496
"800","404","404-800",2.70022965024307,"4.6685825560623075e-7|0.000004448876458106996",0.3,0.7,0.84,4.448876458107e-06,NA,NA,"Guinea-Bissau (Portuguese Guinea)",NA,0,1,"AS",0.0921052631578947,NA,NA,"Thailand (Siam)",NA,1,9,"AF",0.55655737704918,800357.569408582,7626922.95970198
"800","420","420-800",2.01613739174592,"0.000005490995938527974|4.3870098681459764e-8",0.3,0.7,0.84,5.49099593852797e-06,NA,NA,"Gambia",NA,0,9,"AF",0.0729166666666667,NA,NA,"Thailand (Siam)",NA,1,9,"AF",0.55655737704918,75208.6208796158,9413478.52419554
"800","432","432-800",2.66632523495468,"0.0000019463990318991116|0.00001060269973236945",0.3,0.7,0.84,1.06026997323694e-05,NA,NA,"Mali (French Sudan) (Upper Senegal and Niger)",NA,0,9,"AF",0.07,NA,NA,"Thailand (Siam)",NA,1,9,"AF",0.55655737704918,18176718.2759764,3336805.50694582
"800","433","433-800",2.02300617977657,"1.7716858031703947e-8|0.000023399443123781833",0.3,0.7,0.84,2.33994431237818e-05,NA,NA,"Senegal",NA,0,9,"AF",0.0743243243243243,NA,NA,"Thailand (Siam)",NA,1,9,"AF",0.55655737704918,30372.8621300667,40114791.1580691
"800","434","434-800",2.53132069068205,"0.000017265868894845622|1.8691133357989103e-7",0.3,0.7,0.84,1.72658688948456e-05,NA,NA,"Benin (Dahomey)",NA,0,9,"AF",0.0541176470588235,NA,NA,"Thailand (Siam)",NA,1,9,"AF",0.55655737704918,320431.091969581,29599709.7544342
"800","435","435-800",0.907757845568451,"3.5496265679947646e-9|0.000002905325207632352",0.3,0.7,0.84,2.90532520763235e-06,NA,NA,"Mauritania",NA,0,9,"AF",0.0982142857142857,NA,NA,"Thailand (Siam)",NA,1,9,"AF",0.55655737704918,6085.29560772,4980738.78655661
"800","437","437-800",0.190843130442254,"0.000010518395197802909|0.0000033388315250374075",0.3,0.7,0.84,1.05183951978029e-05,NA,NA,"Ivory Coast",NA,0,9,"AF",0.0872093023255814,NA,NA,"Thailand (Siam)",NA,1,9,"AF",0.55655737704918,18032190.9562481,5723919.52365429
"800","439","439-800",2.49108722503688,"0.0000029151158863453773|2.024148768658473e-7",0.3,0.7,0.84,2.91511588634538e-06,NA,NA,"Burkina Faso (Upper Volta)",NA,0,9,"AF",0.06,NA,NA,"Thailand (Siam)",NA,1,9,"AF",0.55655737704918,4997523.41813058,347009.562142409
"800","452","452-800",0.249722588230904,"0.000005423183381385092",0.3,0.7,0.84,5.42318338138509e-06,NA,NA,"Ghana (Gold Coast)",NA,0,9,"AF",0.0729166666666667,NA,NA,"Thailand (Siam)",NA,1,9,"AF",0.55655737704918,NA,9297224.19483859
"800","461","461-800",2.03080876355227,"0.0000030744172842171832|0.00001569121673696193",0.3,0.7,0.84,1.56912167369619e-05,NA,NA,"Togo (French Togoland)",NA,0,9,"AF",0.0561224489795918,NA,NA,"Thailand (Siam)",NA,1,9,"AF",0.55655737704918,5270621.46892655,26900207.7993681
"800","475","475-800",0.446366374856336,"0.000031828011559604396|6.345982485379596e-8",0.3,0.7,0.84,3.18280115596044e-05,NA,NA,"Nigeria",NA,0,9,"AF",0.04,NA,NA,"Thailand (Siam)",NA,1,9,"AF",0.55655737704918,108792.230971958,54564291.5489942
"800","481","481-800",0.640523871803064,"0.000005330867213524424|3.153557260242257e-8",0.3,0.7,0.84,5.33086721352442e-06,NA,NA,"Gabon",NA,0,9,"AF",0.101851851851852,NA,NA,"Thailand (Siam)",NA,1,9,"AF",0.55655737704918,54062.9493746623,9138962.14669266
"800","483","483-800",1.47074701242089,"0.0000013353465945206775",0.3,0.7,0.84,1.33534659452068e-06,NA,NA,"Chad",NA,0,9,"AF",0.0833333333333333,NA,NA,"Thailand (Siam)",NA,1,9,"AF",0.55655737704918,2289248.91415015,NA
"800","484","484-800",1.74215620823713,"0.000010296107829750577",0.3,0.7,0.84,1.02961078297506e-05,NA,NA,"Congo (Brazzaville) (French Congo) (Middle Congo)",NA,0,9,"AF",0.0681481481481481,NA,NA,"Thailand (Siam)",NA,1,9,"AF",0.55655737704918,NA,17651113.026345
"800","490","490-800",1.07957283625165,"0.000006264312146372628|8.026154152709281e-7",0.2,0.8,0.64,6.26431214637263e-06,NA,NA,"Democratic Republic of the Congo (Zaire) (Kinshasa) (Belgian Congo) (Congo Free State)",NA,0,9,"AF",0.644285714285714,NA,NA,"Thailand (Siam)",NA,1,9,"AF",0.55655737704918,1375962.22241363,10739211.7056536
"800","512","512-800",0.825401068061168,"0.00000773747559234602|0.000001061315524488803",0,1,0,7.73747559234602e-06,NA,NA,"Tanzania (Tanganyika)",NA,5,8,"ME",0.255,NA,NA,"Thailand (Siam)",NA,1,9,"AF",0.55655737704918,1819464.26641302,13264726.6789934
"800","520","520-800",2.40572617300136,"0.000004229374456222053",0,1,0,4.22937445622205e-06,NA,NA,"Somalia",NA,2,1,"AF",0.662105263157895,NA,NA,"Thailand (Siam)",NA,1,9,"AF",0.55655737704918,NA,7250620.11703119
"800","522","522-800",2.19834434834875,"1.4252869972046583e-11|0.000009362224443812492",0,1,0,9.36222444381249e-06,NA,NA,"Djibouti (Afar and Issas) (French Somaliland)",NA,2,1,"AF",0.595185185185185,NA,NA,"Thailand (Siam)",NA,1,9,"AF",0.55655737704918,24.4343807374915,16050111.8061569
"800","541","541-800",2.58828839987505,"0.000030075764827419943",0,1,0,3.00757648274199e-05,NA,NA,"Mozambique (Portuguese East Africa)",NA,5,5,"LA",0.110666666666667,NA,NA,"Thailand (Siam)",NA,1,9,"AF",0.55655737704918,NA,51560330.6706454
"800","551","551-800",1.28353541402913,"4.2486025182336623e-7|0.00001108353463186502",0,1,0,1.1083534631865e-05,NA,NA,"Zambia (Northern Rhodesia)",NA,5,8,"AF",0.135675675675676,NA,NA,"Thailand (Siam)",NA,1,9,"AF",0.55655737704918,19001036.6784589,728358.370885215
"800","572","572-800",0.937953609000137,"5.203084077658755e-7",0,1,0,5.20308407765875e-07,NA,NA,"Eswatini (Swaziland)",NA,5,8,"AF",0.108333333333333,NA,NA,"Thailand (Siam)",NA,1,9,"AF",0.55655737704918,NA,891989.736888328
"800","590","590-800",0.451962680543623,"2.105471298389424e-8|0.0000049828621049096405",0,1,0,4.98286210490964e-06,NA,NA,"Mauritius",NA,5,8,"AF",0.150526315789474,NA,NA,"Thailand (Siam)",NA,1,9,"AF",0.55655737704918,36095.1074679036,8542360.24552028
"800","625","625-800",3.09138741937323,"0.0000014537603296644191|0.000026179419294558456",0,1,0,2.61794192945585e-05,NA,NA,"Sudan (Anglo-Egyptian Sudan) (Mahdist State)",NA,2,8,"AF",0.184736842105263,NA,NA,"Thailand (Siam)",NA,1,9,"AF",0.55655737704918,44880638.0598602,2492251.27751453
"800","645","645-800",1.14889117695842,"0.000003620414519818417",0,1,0,3.62041451981842e-06,NA,NA,"Iraq (Mesopotamia)",NA,2,7,"ME",0.202631578947368,NA,NA,"Thailand (Siam)",NA,1,9,"AF",0.55655737704918,NA,6206650.79933254
"800","652","652-800",0.72554492660078,"0.000014860373821006939",0,1,0,1.48603738210069e-05,NA,NA,"Syria",NA,2,7,"ME",0.218157894736842,NA,NA,"Thailand (Siam)",NA,1,9,"AF",0.55655737704918,NA,25475853.8144298
"800","660","660-800",0.483392847321403,"0.00001530379192598057|2.8195519112294905e-7",0,1,0,1.53037919259806e-05,NA,NA,"Lebanon",NA,2,7,"ME",0.217777777777778,NA,NA,"Thailand (Siam)",NA,1,9,"AF",0.55655737704918,483369.349774617,26236026.8058394
"800","663","663-800",1.4029258201344,"0.000030521099071028794|0.000005347501383412256",0,1,0,3.05210990710288e-05,NA,NA,"Jordan (Transjordan)",NA,2,8,"AF",0.264791666666667,NA,NA,"Thailand (Siam)",NA,1,9,"AF",0.55655737704918,9167478.90444661,52323788.590708
"800","670","670-800",0.477533422209208,"0.0001465192678847175|0.00007741758441478235",0,1,0,0.000146519267884718,NA,NA,"Saudi Arabia (Emirate of Nejd) (Emirate of Diriyah)",NA,2,1,"AS",0.49,NA,NA,"Thailand (Siam)",NA,1,9,"AF",0.55655737704918,132720689.733203,251185030.376
"800","679","679-800",1.68104038059462,"0.00003132887643775444",0,1,0,3.13288764377544e-05,NA,NA,"Yemen",NA,2,1,"AS",0.479444444444445,NA,NA,"Thailand (Siam)",NA,1,9,"AF",0.55655737704918,NA,53708600.194856
"800","696","696-800",1.0324169418583,"0.0001260563966560902|0.00008891284945728735",0,1,0,0.00012605639665609,NA,NA,"United Arab Emirates (Trucial Oman)",NA,2,5,"LA",0.55,NA,NA,"Thailand (Siam)",NA,1,9,"AF",0.55655737704918,152427575.664094,216104545.70427
"800","698","698-800",1.17367330483747,"0.000007097811290914161|0.00004809271174459843",0,1,0,4.80927117445984e-05,NA,NA,"Oman (Sultanate of Muscat and Oman)",NA,2,3,"ME",0.463793103448276,NA,NA,"Thailand (Siam)",NA,1,9,"AF",0.55655737704918,82447649.6151751,12168119.3910562
"800","700","700-800",0.434922677237313,"0.0000017807502616696723",0.7,0.3,0.84,1.78075026166967e-06,NA,NA,"Afghanistan",NA,1,1,"AS",0.3765,NA,NA,"Thailand (Siam)",NA,1,9,"AF",0.55655737704918,NA,3052825.85032778
"800","710","710-800",0.175611498018381,"0.0002794008940919739|0.00011046657864141157",0.7,0.3,0.84,0.000279400894091974,NA,NA,"People's Republic of China (China)",NA,1,2,"WE",0.106923076923077,NA,NA,"Thailand (Siam)",NA,1,9,"AF",0.55655737704918,478990395.480226,189378170.613081
"800","720","720-800",0.547213512230772,"0.00035366438183656926|0.00044416149348772924",0.7,0.3,0.84,0.000444161493487729,NA,NA,"Hong Kong",NA,1,8,"AS",0.167954545454545,NA,NA,"Thailand (Siam)",NA,1,9,"AF",0.55655737704918,606303865.539542,761447418.105763
"800","731","731-800",0.799147319754631,"0.0000071795372970440395|0.00000496876560486239",0.5,0.5,1,7.17953729704404e-06,NA,NA,"North Korea (Democratic People's Republic of Korea)",NA,1,1,"AS",0.417555555555556,NA,NA,"Thailand (Siam)",NA,1,9,"AF",0.55655737704918,8518193.93726825,12308226.2154255
"800","732","732-800",0.642731078701383,"0.00015141365696161934|0.000440548936171244",0.7,0.3,0.84,0.000440548936171244,NA,NA,"South Korea (Republic of South Korea)",NA,1,3,"AS",0.218196721311475,NA,NA,"Thailand (Siam)",NA,1,9,"AF",0.55655737704918,755254237.288136,259575717.052928
"800","740","740-800",1.11907867054004,"0.001692205929921113|0.0031128873177762614",0.7,0.3,0.84,0.00311288731777626,NA,NA,"Japan",NA,1,1,"AS",0.100597014925373,NA,NA,"Thailand (Siam)",NA,1,9,"AF",0.55655737704918,5336572498.35502,2901030042.30215
"800","750","750-800",0.17568178214734,"0.00006556098463796753|0.000020904663622910878",0.4,0.6,0.96,6.55609846379675e-05,NA,NA,"India",NA,2,1,"AS",0.620394736842105,NA,NA,"Thailand (Siam)",NA,1,9,"AF",0.55655737704918,112394350.282486,35837870.6290862
"800","770","770-800",0.418836367245213,"0.00002510255316103961|0.000026526117031526637",0,1,0,2.65261170315266e-05,NA,NA,"Pakistan",NA,2,8,"AS",0.290694444444445,NA,NA,"Thailand (Siam)",NA,1,9,"AF",0.55655737704918,45474998.6709176,43034514.6362048
"800","771","771-800",0.358214317547102,"0.0000026386145082897028|0.000012785589933328247",0.4,0.6,0.96,1.27855899333282e-05,NA,NA,"Bangladesh",NA,2,3,"AS",0.649298245614035,NA,NA,"Thailand (Siam)",NA,1,9,"AF",0.55655737704918,4523503.802495,21918951.9722758
"800","780","780-800",1.29380653944537,"0.00002750982647294807|0.000004730856532959572",0.25,0.75,0.75,2.75098264729481e-05,NA,NA,"Sri Lanka (Ceylon)",NA,2,1,"AS",0.713684210526316,NA,NA,"Thailand (Siam)",NA,1,9,"AF",0.55655737704918,8110334.96885152,47161419.0952881
"800","781","781-800",2.40289997544322,"0.0000021004866143002414|0.000001943385006434641",0.6,0.4,0.96,2.10048661430024e-06,NA,NA,"Maldive Islands",NA,1,8,"AS",0.497857142857143,NA,NA,"Thailand (Siam)",NA,1,9,"AF",0.55655737704918,3331638.4180791,3600965.26302954
"800","790","790-800",1.34218633184701,"3.045776066218754e-8|0.000005129146469779941",0.4,0.6,0.96,5.12914646977994e-06,NA,NA,"Nepal",NA,2,8,"AS",0.7245,NA,NA,"Thailand (Siam)",NA,1,9,"AF",0.55655737704918,52215.204509048,8793142.57035684
"800","95","800-95",0.690447557271016,"0.00005386998447476739|2.9495159924690527e-8",0,1,0,5.38699844747674e-05,NA,NA,"Panama",NA,4,7,"ME",0.0159375,NA,NA,"Thailand (Siam)",NA,1,9,"AF",0.55655737704918,50564.9717514124,92351906.2168373
"811","220","220-811",0.206650591846041,"0.00000141475206075455|8.591003607606712e-7",0,1,0,1.41475206075455e-06,NA,NA,"France",NA,0,9,"AF",0.0404166666666667,NA,NA,"Cambodia (Kampuchea)",NA,1,9,"AS",0.0494117647058823,2425377.52532823,1472797.08211134
"811","255","255-811",0.965374328159347,"9.135088893753655e-7|0.000004993584638927683",0,1,0,4.99358463892768e-06,NA,NA,"Germany (Zollverein)",NA,2,8,"AF",0.083728813559322,NA,NA,"Cambodia (Kampuchea)",NA,1,9,"AS",0.0494117647058823,1566072.24045808,8560742.40147774
"811","305","305-811",1.36035294015508,"2.526677291399475e-7|0.0000010914018871005759",0,1,0,1.09140188710058e-06,NA,NA,"Austria",NA,2,1,"AS",0.0331034482758621,NA,NA,"Cambodia (Kampuchea)",NA,1,9,"AS",0.0494117647058823,433160.444597556,1871042.76537527
"811","315","315-811",0.374194430735405,"7.825914736515118e-8",0,1,0,7.82591473651512e-08,NA,NA,"Czechoslovakia",NA,2,11,"WE",0.105,NA,NA,"Cambodia (Kampuchea)",NA,1,9,"AS",0.0494117647058823,NA,134163.421588907
"811","433","433-811",6.90519883803684,"0.0000034228196371609312",0,1,0,3.42281963716093e-06,NA,NA,"Senegal",NA,0,9,"AF",0.0743243243243243,NA,NA,"Cambodia (Kampuchea)",NA,1,9,"AS",0.0494117647058823,5867904.38516458,NA
"811","551","551-811",2.22889129943437,"2.7878620390492782e-8",0,1,0,2.78786203904928e-08,NA,NA,"Zambia (Northern Rhodesia)",NA,5,8,"AF",0.135675675675676,NA,NA,"Cambodia (Kampuchea)",NA,1,9,"AS",0.0494117647058823,NA,47793.6602518153
"811","620","620-811",3.05429862975337,"6.953607535318129e-7",0,1,0,6.95360753531813e-07,NA,NA,"Libya",NA,2,3,"AS",0.0628125,NA,NA,"Cambodia (Kampuchea)",NA,1,9,"AS",0.0494117647058823,NA,1192090.39548023
"811","651","651-811",1.27984020811909,"2.654414595558738e-7",0,1,0,2.65441459555874e-07,NA,NA,"Egypt Arab Republic (Egypt)",NA,2,8,"AF",0.217818181818182,NA,NA,"Cambodia (Kampuchea)",NA,1,9,"AS",0.0494117647058823,NA,455059.065228556
"811","710","710-811",0.492827382265666,"7.144749353824498e-7|1.4380575686999956e-7",1,0,0,7.1447493538245e-07,NA,NA,"People's Republic of China (China)",NA,1,2,"WE",0.106923076923077,NA,NA,"Cambodia (Kampuchea)",NA,1,9,"AS",0.0494117647058823,1224858.75706215,246533.12788906
"811","720","720-811",1.08615976252339,"0.0000017590236624101688|6.071157472627706e-8",1,0,0,1.75902366241017e-06,NA,NA,"Hong Kong",NA,1,8,"AS",0.167954545454545,NA,NA,"Cambodia (Kampuchea)",NA,1,9,"AS",0.0494117647058823,3015578.89589132,104080.77355255
"811","740","740-811",0.302034701675918,"0.0000022136948345219665|0.0000016413079774131375",1,0,0,2.21369483452197e-06,NA,NA,"Japan",NA,1,1,"AS",0.100597014925373,NA,NA,"Cambodia (Kampuchea)",NA,1,9,"AS",0.0494117647058823,3795043.5617116,2813773.23347854
"811","770","770-811",2.12314689235882,"3.699550557388425e-8|2.715441406541595e-7",0,1,0,2.7154414065416e-07,NA,NA,"Pakistan",NA,2,8,"AS",0.290694444444445,NA,NA,"Cambodia (Kampuchea)",NA,1,9,"AS",0.0494117647058823,465521.185051964,63423.1751598921
"811","800","800-811",2.91073670254577,"0.000003454030968532599|0.0000015194473827749216",0.7,0.3,0.84,3.4540309685326e-06,NA,NA,"Thailand (Siam)",NA,1,9,"AF",0.55655737704918,NA,NA,"Cambodia (Kampuchea)",NA,1,9,"AS",0.0494117647058823,2604861.75304498,5921411.47219723
"812","220","220-812",0.432241715728404,"9.89146773930553e-7|0.000002684618213164697",0,1,0,2.6846182131647e-06,NA,NA,"France",NA,0,9,"AF",0.0404166666666667,NA,NA,"Laos",NA,1,1,"AS",0.131428571428571,1695741.90509577,4602370.1671258
"812","255","255-812",0.0493392128579048,"2.7018176642062264e-7|0.000002841514530362318",0,1,0,2.84151453036232e-06,NA,NA,"Germany (Zollverein)",NA,2,8,"AF",0.083728813559322,NA,NA,"Laos",NA,1,1,"AS",0.131428571428571,463185.601355875,4871345.07240703
"812","390","390-812",0.485488658737878,"3.477731075369768e-8|3.731152168995025e-7",0,1,0,3.73115216899503e-07,NA,NA,"Denmark",NA,3,11,"WE",0.0130769230769231,NA,NA,"Laos",NA,1,1,"AS",0.131428571428571,59620.4170562491,639649.367920605
"812","475","475-812",0.544275356502224,"1.0320264241688394e-7",0,1,0,1.03202642416884e-07,NA,NA,"Nigeria",NA,0,9,"AF",0.04,NA,NA,"Laos",NA,1,1,"AS",0.131428571428571,NA,176925.255255608
"812","551","551-812",0.0854121646979274,"4.648754156552677e-9",0,1,0,4.64875415655268e-09,NA,NA,"Zambia (Northern Rhodesia)",NA,5,8,"AF",0.135675675675676,NA,NA,"Laos",NA,1,1,"AS",0.131428571428571,NA,7969.58291480813
"812","560","560-812",0.779084129276987,"2.4115862019822286e-7",0,1,0,2.41158620198223e-07,NA,NA,"South Africa",NA,5,8,"AF",0,NA,NA,"Laos",NA,1,1,"AS",0.131428571428571,NA,413429.825404165
"812","640","640-812",2.61799467534281,"0.000002784738562722181",0,1,0,2.78473856272218e-06,NA,NA,"Turkey (Ottoman Empire)",NA,2,1,"AS",0.16046511627907,NA,NA,"Laos",NA,1,1,"AS",0.131428571428571,4774011.29943503,NA
"812","710","710-812",1.21308350559818,"0.000003675854902793279|6.66000411504186e-7",1,0,0,3.67585490279328e-06,NA,NA,"People's Republic of China (China)",NA,1,2,"WE",0.106923076923077,NA,NA,"Laos",NA,1,1,"AS",0.131428571428571,6301694.91525424,1141756.54853621
"812","721","721-812",1.67430481883369,"1.3452863312548551e-7",1,0,0,1.34528633125486e-07,NA,NA,"Macao",NA,1,3,"AS",0.0576923076923077,NA,NA,"Laos",NA,1,1,"AS",0.131428571428571,230628.908306137,NA
"812","740","740-812",0.393991616331517,"0.000007027879300233726|0.0000013315087181138886",1,0,0,7.02787930023373e-06,NA,NA,"Japan",NA,1,1,"AS",0.100597014925373,NA,NA,"Laos",NA,1,1,"AS",0.131428571428571,12048231.6148141,2282669.4579753
"812","770","770-812",2.49935242551417,"9.20998138820656e-7|3.7951635890279056e-7",0,1,0,9.20998138820656e-07,NA,NA,"Pakistan",NA,2,8,"AS",0.290694444444445,NA,NA,"Laos",NA,1,1,"AS",0.131428571428571,650623.153633226,1578911.42111034
"812","771","771-812",0.47460704671406,"3.947882651341356e-8",0.5,0.5,1,3.94788265134136e-08,NA,NA,"Bangladesh",NA,2,3,"AS",0.649298245614035,NA,NA,"Laos",NA,1,1,"AS",0.131428571428571,67680.4517258644,NA
"812","800","800-812",4.08734180222444,"0.000014077512501062424|0.000025263179734443656",0.7,0.3,0.84,2.52631797344437e-05,NA,NA,"Thailand (Siam)",NA,1,9,"AF",0.55655737704918,NA,NA,"Laos",NA,1,1,"AS",0.131428571428571,43309884.4991735,24133756.9880576
"815","220","220-815",0.220717356672738,"0.00003506202185118761|0.000027383701939914097",0,1,0,3.50620218511876e-05,NA,NA,"France",NA,0,9,"AF",0.0404166666666667,NA,NA,"Vietnam",NA,1,3,"AS",0.152692307692308,60108510.9889028,46945197.740113
"815","310","310-815",0.29403438236721,"6.920652049368721e-7|0.0000016523880655016577",0,1,0,1.65238806550166e-06,NA,NA,"Hungary",NA,2,2,"WE",0.0875,NA,NA,"Vietnam",NA,1,3,"AS",0.152692307692308,1186440.6779661,2832768.36158192
"815","338","338-815",0.256167621162355,"1.0195282473491012e-10|4.778545462659365e-7",0,1,0,4.77854546265936e-07,NA,NA,"Malta",NA,2,3,"AS",0.243571428571429,NA,NA,"Vietnam",NA,1,3,"AS",0.152692307692308,174.782632671266,819209.039548023
"815","339","339-815",3.44607819547765,"7.828425889610598e-7",0,1,0,7.8284258896106e-07,NA,NA,"Albania",NA,2,14,"WE",0.115454545454545,NA,NA,"Vietnam",NA,1,3,"AS",0.152692307692308,1342064.71494607,NA
"815","355","355-815",1.00184775611288,"2.855143464523113e-7|0.0000010133811929432782",0,1,0,1.01338119294328e-06,NA,NA,"Bulgaria",NA,2,10,"AF",0.1,NA,NA,"Vietnam",NA,1,3,"AS",0.152692307692308,489470.980996404,1737288.13559322
"815","365","365-815",2.36479704520216,"0.00007070105178149173",0,1,0,7.07010517814917e-05,NA,NA,"Russia (USSR)",NA,2,9,"AF",0.072,NA,NA,"Vietnam",NA,1,3,"AS",0.152692307692308,NA,121206214.689266
"815","40","40-815",1.88778596428156,"0.0000010440897139415616|0.0000015515442784965722",0,1,0,1.55154427849657e-06,NA,NA,"Cuba",NA,4,5,"LA",0,NA,NA,"Vietnam",NA,1,3,"AS",0.152692307692308,1789933.2306112,2659887.00564972
"815","552","552-815",0.464096378246563,"2.8994684954005516e-7",0,1,0,2.89946849540055e-07,NA,NA,"Zimbabwe (Rhodesia) (Southern Rhodesia)",NA,5,8,"AF",0.0812,NA,NA,"Vietnam",NA,1,3,"AS",0.152692307692308,497069.834299525,NA
"815","615","615-815",1.21941253117106,"0.000004391318502754206",0,1,0,4.39131850275421e-06,NA,NA,"Algeria (Regency of Algiers)",NA,0,3,"AS",0.0284375,NA,NA,"Vietnam",NA,1,3,"AS",0.152692307692308,NA,7528248.58757062
"815","645","645-815",1.27702483080542,"2.3134751136461162e-7",0,1,0,2.31347511364612e-07,NA,NA,"Iraq (Mesopotamia)",NA,2,7,"ME",0.202631578947368,NA,NA,"Vietnam",NA,1,3,"AS",0.152692307692308,NA,396610.169491525
"815","663","663-815",0.494989003916883,"6.920652049368721e-7",0,1,0,6.92065204936872e-07,NA,NA,"Jordan (Transjordan)",NA,2,8,"AF",0.264791666666667,NA,NA,"Vietnam",NA,1,3,"AS",0.152692307692308,NA,1186440.6779661
"815","712","712-815",0.383034000827442,"3.4603260246843664e-8",0,1,0,3.46032602468437e-08,NA,NA,"Mongolia",NA,2,1,"AS",0.105882352941176,NA,NA,"Vietnam",NA,1,3,"AS",0.152692307692308,NA,59322.0338983051
"815","713","713-815",0.682922728014149,"0.000019214696082783044",0.95,0.05,0.19,1.9214696082783e-05,NA,NA,"Republic of China (Taiwan) (Formosa)",NA,1,5,"LA",0.122,NA,NA,"Vietnam",NA,1,3,"AS",0.152692307692308,NA,32940677.9661017
"815","720","720-815",2.15931915998162,"0.00012571479417438408|0.00007357575882085534",1,0,0,0.000125714794174384,NA,NA,"Hong Kong",NA,1,8,"AS",0.167954545454545,NA,NA,"Vietnam",NA,1,3,"AS",0.152692307692308,215518920.134455,126134463.276836
"815","731","731-815",1.14172175916376,"3.1846983240168626e-7|9.886645784812485e-8",0.75,0.25,0.75,3.18469832401686e-07,NA,NA,"North Korea (Democratic People's Republic of Korea)",NA,1,1,"AS",0.417555555555556,NA,NA,"Vietnam",NA,1,3,"AS",0.152692307692308,545968.156137647,169491.525423729
"815","732","732-815",1.82897985218667,"0.000016912096279500187|0.00006564732801115486",0.95,0.05,0.19,6.56473280111549e-05,NA,NA,"South Korea (Republic of South Korea)",NA,1,3,"AS",0.218196721311475,NA,NA,"Vietnam",NA,1,3,"AS",0.152692307692308,112542372.881356,28993220.338983
"815","740","740-815",1.97188732601298,"0.00007171321204853164|0.0002370626517379526",1,0,0,0.000237062651737953,NA,NA,"Japan",NA,1,1,"AS",0.100597014925373,NA,NA,"Vietnam",NA,1,3,"AS",0.152692307692308,122941409.732841,406407909.60452
"815","750","750-815",0.532521472396376,"0.0000018039833008687835|0.0000042624625526921495",0.5,0.5,1,4.26246255269215e-06,NA,NA,"India",NA,2,1,"AS",0.620394736842105,NA,NA,"Vietnam",NA,1,3,"AS",0.152692307692308,7307344.63276836,3092655.36723164
"815","771","771-815",0.155817023161127,"2.8015274817034033e-7",0.5,0.5,1,2.8015274817034e-07,NA,NA,"Bangladesh",NA,2,3,"AS",0.649298245614035,NA,NA,"Vietnam",NA,1,3,"AS",0.152692307692308,480279.335100518,NA
"815","800","800-815",1.31411948270725,"0.000019027838477450058|0.0000073287647597534474",0.7,0.3,0.84,1.90278384774501e-05,NA,NA,"Thailand (Siam)",NA,1,9,"AF",0.55655737704918,NA,NA,"Vietnam",NA,1,3,"AS",0.152692307692308,12564054.0344881,32620338.9830508
"815","811","811-815",5.38228156077431,"0.0000020709227370587216|0.0000015617904386735621",1,0,0,2.07092273705872e-06,NA,NA,"Cambodia (Kampuchea)",NA,1,9,"AS",0.0494117647058823,NA,NA,"Vietnam",NA,1,3,"AS",0.152692307692308,2677452.49101182,3550282.48587571
"815","812","812-815",4.4047961196403,"9.958548663247465e-7|0.0000011751926289547075",1,0,0,1.17519262895471e-06,NA,NA,"Laos",NA,1,1,"AS",0.131428571428571,NA,NA,"Vietnam",NA,1,3,"AS",0.152692307692308,1707241.91063174,2014689.26553672
"820","155","155-820",0.0813409389178453,"0.000028840618839005347",0,1,0,2.88406188390053e-05,NA,NA,"Chile",NA,4,12,"WE",0,NA,NA,"Malaysia (British Malaya)",NA,1,1,"AS",0.194210526315789,NA,49442860.4764671
"820","2","2-820",0.110878681859606,"0.0019140892852193782|0.0012858901062586608",0,1,0,0.00191408928521938,NA,NA,"United States of America",NA,4,8,"AS",0.00662337662337662,NA,NA,"Malaysia (British Malaya)",NA,1,1,"AS",0.194210526315789,2204463276.83616,3281415353.7028
"820","41","41-820",0.845886736173611,"0.000004965286473856319",0,1,0,4.96528647385632e-06,NA,NA,"Haiti",NA,4,5,"LA",0.031875,NA,NA,"Malaysia (British Malaya)",NA,1,1,"AS",0.194210526315789,NA,8512229.49559407
"820","420","420-820",0.256809204575208,"4.656094171645533e-8|2.9640390216657575e-7",0,1,0,2.96403902166576e-07,NA,NA,"Gambia",NA,0,9,"AF",0.0729166666666667,NA,NA,"Malaysia (British Malaya)",NA,1,1,"AS",0.194210526315789,508139.470283566,79821.6625582994
"820","434","434-820",0.111871895066461,"0.0000012285495056368403|6.658716258783604e-8",0,1,0,1.22854950563684e-06,NA,NA,"Benin (Dahomey)",NA,0,9,"AF",0.0541176470588235,NA,NA,"Malaysia (British Malaya)",NA,1,1,"AS",0.194210526315789,114153.576514163,2106161.52637763
"820","450","450-820",1.95577564494571,"2.1505032105716076e-7|0.00000809658611488981",0.45,0.55,0.99,8.09658611488981e-06,NA,NA,"Liberia",NA,1,11,"AF",0.530952380952381,NA,NA,"Malaysia (British Malaya)",NA,1,1,"AS",0.194210526315789,13880367.125576,368671.112045228
"820","512","512-820",0.00208158199890501,"0.0000012429871084419842|0.0000010671727422288858",0,1,0,1.24298710844198e-06,NA,NA,"Tanzania (Tanganyika)",NA,5,8,"ME",0.255,NA,NA,"Malaysia (British Malaya)",NA,1,1,"AS",0.194210526315789,2130912.6034989,1829505.57659155
"820","541","541-820",0.0254599853797345,"0.0000028380874646986703",0,1,0,2.83808746469867e-06,NA,NA,"Mozambique (Portuguese East Africa)",NA,5,5,"LA",0.110666666666667,NA,NA,"Malaysia (British Malaya)",NA,1,1,"AS",0.194210526315789,NA,4865469.88885437
"820","551","551-820",1.16250314140315,"3.033866837821618e-8|0.000009851817786791418",0,1,0,9.85181778679142e-06,NA,NA,"Zambia (Northern Rhodesia)",NA,5,8,"AF",0.135675675675676,NA,NA,"Malaysia (British Malaya)",NA,1,1,"AS",0.194210526315789,16889445.2296955,52011.0388767816
"820","580","580-820",0.0153398556795305,"6.681379305292896e-9|0.000001199019770578268",0,1,0,1.19901977057827e-06,NA,NA,"Madagascar (Malagasy Republic)",NA,5,8,"ME",0.183076923076923,NA,NA,"Malaysia (British Malaya)",NA,1,1,"AS",0.194210526315789,11454.2100024281,2055537.2808107
"820","590","590-820",0.483257487183503,"0.000006293632274290758|3.3687540774230807e-7",0,1,0,6.29363227429076e-06,NA,NA,"Mauritius",NA,5,8,"AF",0.150526315789474,NA,NA,"Malaysia (British Malaya)",NA,1,1,"AS",0.194210526315789,577521.719486458,10789476.6116149
"820","625","625-820",0.26569260196682,"3.959625189906264e-8|0.0000058896494141761416",0,1,0,5.88964941417614e-06,NA,NA,"Sudan (Anglo-Egyptian Sudan) (Mahdist State)",NA,2,8,"AF",0.184736842105263,NA,NA,"Malaysia (British Malaya)",NA,1,1,"AS",0.194210526315789,67881.7597141379,10096909.3578042
"820","663","663-820",0.199823818125469,"0.000007897103828441446|0.000003665752126128935",0,1,0,7.89710382844145e-06,NA,NA,"Jordan (Transjordan)",NA,2,8,"AF",0.264791666666667,NA,NA,"Malaysia (British Malaya)",NA,1,1,"AS",0.194210526315789,6284375.23914644,13538385.0442812
"820","679","679-820",1.22982675601395,"0.0000010366297653584396|0.00002442398734363466",0,1,0,2.44239873436347e-05,NA,NA,"Yemen",NA,2,1,"AS",0.479444444444445,NA,NA,"Malaysia (British Malaya)",NA,1,1,"AS",0.194210526315789,1777144.2818367,41871216.607777
"820","696","696-820",0.378339791392951,"0.00008022950729083158|0.00002067862237676224",0,1,0,8.02295072908316e-05,NA,NA,"United Arab Emirates (Trucial Oman)",NA,2,5,"LA",0.55,NA,NA,"Malaysia (British Malaya)",NA,1,1,"AS",0.194210526315789,35450357.2453533,137541304.408886
"820","700","700-820",0.59674380742534,"1.2404802866828437e-8|0.0000025627861863096557",0.9,0.1,0.36,2.56278618630966e-06,NA,NA,"Afghanistan",NA,1,1,"AS",0.3765,NA,NA,"Malaysia (British Malaya)",NA,1,1,"AS",0.194210526315789,21266.1503834718,4393507.66181741
"820","713","713-820",0.37386588098251,"0.00030717394460765544",0.95,0.05,0.19,0.000307173944607655,NA,NA,"Republic of China (Taiwan) (Formosa)",NA,1,5,"LA",0.122,NA,NA,"Malaysia (British Malaya)",NA,1,1,"AS",0.194210526315789,NA,526603072.216398
"820","720","720-820",0.187841955292274,"0.00023424522442033518|0.00037957635787441745",1,0,0,0.000379576357874417,NA,NA,"Hong Kong",NA,1,8,"AS",0.167954545454545,NA,NA,"Malaysia (British Malaya)",NA,1,1,"AS",0.194210526315789,401577858.399823,650726012.757
"820","731","731-820",0.402142313254808,"2.6639551054106275e-7|0.0000033514532262039502",0.75,0.25,0.75,3.35145322620395e-06,NA,NA,"North Korea (Democratic People's Republic of Korea)",NA,1,1,"AS",0.417555555555556,NA,NA,"Malaysia (British Malaya)",NA,1,1,"AS",0.194210526315789,5745557.51322853,456694.640734458
"820","732","732-820",0.681261605412639,"0.0004990033499121273|0.0003416824783231192",0.95,0.05,0.19,0.000499003349912127,NA,NA,"South Korea (Republic of South Korea)",NA,1,3,"AS",0.218196721311475,NA,NA,"Malaysia (British Malaya)",NA,1,1,"AS",0.194210526315789,585762711.864407,855465451.16526
"820","740","740-820",0.917671928614681,"0.0025207998022400563|0.0017988532974002808",1,0,0,0.00252079980224006,NA,NA,"Japan",NA,1,1,"AS",0.100597014925373,NA,NA,"Malaysia (British Malaya)",NA,1,1,"AS",0.194210526315789,4321528383.52755,3083860755.46714
"820","750","750-820",0.519435206097662,"0.00010509447854178036|0.00006681790687207668",0.5,0.5,1,0.00010509447854178,NA,NA,"India",NA,2,1,"AS",0.620394736842105,NA,NA,"Malaysia (British Malaya)",NA,1,1,"AS",0.194210526315789,114549152.542373,180168520.945909
"820","770","770-820",1.30376118987557,"0.000010376640170789035|0.0001160089324811563",0,1,0,0.000116008932481156,NA,NA,"Pakistan",NA,2,8,"AS",0.290694444444445,NA,NA,"Malaysia (British Malaya)",NA,1,1,"AS",0.194210526315789,17789173.4932176,198879694.458301
"820","771","771-820",0.311072139977106,"0.000014930643211021737|0.000001233682471831246",0.5,0.5,1,1.49306432110217e-05,NA,NA,"Bangladesh",NA,2,3,"AS",0.649298245614035,NA,NA,"Malaysia (British Malaya)",NA,1,1,"AS",0.194210526315789,2114961.21728569,25596320.010584
"820","775","775-820",1.88424220730144,"0.00002208684407739983|0.00000515404609911811",0.85,0.15,0.51,2.20868440773998e-05,NA,NA,"Myanmar (Burma)",NA,1,10,"AF",0.3108,NA,NA,"Malaysia (British Malaya)",NA,1,1,"AS",0.194210526315789,8835829.20292028,37864539.4601396
"820","780","780-820",1.31466407696041,"0.00003438567056774431|0.000008759930845757947",0.35,0.65,0.91,3.43856705677443e-05,NA,NA,"Sri Lanka (Ceylon)",NA,2,1,"AS",0.713684210526316,NA,NA,"Malaysia (British Malaya)",NA,1,1,"AS",0.194210526315789,15017570.9130258,58949009.4425927
"820","781","781-820",0.795920015619079,"0.0000014454742079427806",0.8,0.2,0.64,1.44547420794278e-06,NA,NA,"Maldive Islands",NA,1,8,"AS",0.497857142857143,NA,NA,"Malaysia (British Malaya)",NA,1,1,"AS",0.194210526315789,NA,2478045.98037923
"820","800","800-820",1.1781991883268,"0.00022545828360663053|0.00036168671799388446",0.7,0.3,0.84,0.000361686717993884,NA,NA,"Thailand (Siam)",NA,1,9,"AF",0.55655737704918,NA,NA,"Malaysia (British Malaya)",NA,1,1,"AS",0.194210526315789,386513982.999223,620056942.39048
"820","811","811-820",2.79378782586405,"0.0000030827457777090946|6.021261032414617e-7",1,0,0,3.08274577770909e-06,NA,NA,"Cambodia (Kampuchea)",NA,1,9,"AS",0.0494117647058823,NA,NA,"Malaysia (British Malaya)",NA,1,1,"AS",0.194210526315789,5284899.40602625,1032253.7487144
"820","815","815-820",0.412263506257916,"0.000007651252267520031|0.000004773602139766956",1,0,0,7.65125226752003e-06,NA,NA,"Vietnam",NA,1,3,"AS",0.152692307692308,NA,NA,"Malaysia (British Malaya)",NA,1,1,"AS",0.194210526315789,8183615.81920904,13116909.8848051
"830","2","2-830",0.281950341799621,"0.0029026532914490457|0.0038470633612690337",0,1,0,0.00384706336126903,NA,NA,"United States of America",NA,4,8,"AS",0.00662337662337662,NA,NA,"Singapore",NA,1,3,"AS",0.152363636363636,4976158192.0904,6595205812.92469
"830","31","31-830",0.784679980631138,"6.253782392955856e-7|0.00002687812360046544",0,1,0,2.68781236004654e-05,NA,NA,"Bahamas",NA,3,7,"ME",0.353076923076923,NA,NA,"Singapore",NA,1,3,"AS",0.152363636363636,1072116.00427561,46078460.4680446
"830","338","338-830",0.589933348369432,"0.00001023633683695552|0.000024608919369226286",0,1,0,2.46089193692263e-05,NA,NA,"Malta",NA,2,3,"AS",0.243571428571429,NA,NA,"Singapore",NA,1,3,"AS",0.152363636363636,17548644.7376511,42188254.4768324
"830","352","352-830",0.52838259325713,"6.469212868888175e-7|0.000033841587772039865",0,1,0,3.38415877720399e-05,NA,NA,"Cyprus",NA,2,5,"LA",0.173877551020408,NA,NA,"Singapore",NA,1,3,"AS",0.152363636363636,1109048.28725941,58016262.1286107
"830","450","450-830",1.03341103777424,"0.00007716899945558663|3.4902141864473514e-8",0.45,0.55,0.99,7.71689994555866e-05,NA,NA,"Liberia",NA,1,11,"AF",0.530952380952381,NA,NA,"Singapore",NA,1,3,"AS",0.152363636363636,59834.421035417,132294528.577554
"830","475","475-830",0.536027099724859,"0.00007218578239853966|0.000005278625581031741",0,1,0,7.21857823985397e-05,NA,NA,"Nigeria",NA,0,9,"AF",0.04,NA,NA,"Singapore",NA,1,3,"AS",0.152363636363636,9049401.80262316,123751559.820507
"830","501","501-830",0.665427120848343,"0.00002333462036438808|0.0000012107845537800368",0,1,0,2.33346203643881e-05,NA,NA,"Kenya (British East Africa Protectorate)",NA,5,14,"WE",0.274666666666667,NA,NA,"Singapore",NA,1,3,"AS",0.152363636363636,2075706.21468927,40003662.3828408
"830","512","512-830",0.628339572948303,"0.000008597894888662705|0.0000044903121388959065",0,1,0,8.5978948886627e-06,NA,NA,"Tanzania (Tanganyika)",NA,5,8,"ME",0.255,NA,NA,"Singapore",NA,1,3,"AS",0.152363636363636,7697958.14086192,14739784.875786
"830","522","522-830",0.604570972770976,"6.337288774457949e-9|0.0000039438016905522894",0,1,0,3.94380169055229e-06,NA,NA,"Djibouti (Afar and Issas) (French Somaliland)",NA,2,1,"AF",0.595185185185185,NA,NA,"Singapore",NA,1,3,"AS",0.152363636363636,10864.3190502847,6761048.9851596
"830","541","541-830",0.157808165170849,"0.000005487512579278248",0,1,0,5.48751257927825e-06,NA,NA,"Mozambique (Portuguese East Africa)",NA,5,5,"LA",0.110666666666667,NA,NA,"Singapore",NA,1,3,"AS",0.152363636363636,NA,9407506.83383983
"830","551","551-830",0.920080061922779,"0.00001493010570377052|5.446675234477604e-7",0,1,0,1.49301057037705e-05,NA,NA,"Zambia (Northern Rhodesia)",NA,5,8,"AF",0.135675675675676,NA,NA,"Singapore",NA,1,3,"AS",0.152363636363636,25595398.5360423,933749.740885215
"830","57","57-830",1.32527734331489,"0.0000030589993207836087|4.882294214722203e-10",0,1,0,3.05899932078361e-06,NA,NA,"St. Vincent and the Grenadines",NA,4,5,"LA",0,NA,NA,"Singapore",NA,1,3,"AS",0.152363636363636,836.995187277672,5244189.71241214
"830","580","580-830",1.15478479724331,"0.000003114873833108411|0.0000056422702232773426",0,1,0,5.64227022327734e-06,NA,NA,"Madagascar (Malagasy Republic)",NA,5,8,"ME",0.183076923076923,NA,NA,"Singapore",NA,1,3,"AS",0.152363636363636,9672815.30875943,5339978.07716559
"830","581","581-830",0.908415740090909,"1.6707899709473762e-7|0.000001588585918971356",0,1,0,1.58858591897136e-06,NA,NA,"Comoros",NA,5,8,"AF",0.0915384615384616,NA,NA,"Singapore",NA,1,3,"AS",0.152363636363636,286431.563345333,2723389.2720899
"830","590","590-830",1.42504070692626,"0.000027339104742921256|0.0000014738299088725954",0,1,0,2.73391047429213e-05,NA,NA,"Mauritius",NA,5,8,"AF",0.150526315789474,NA,NA,"Singapore",NA,1,3,"AS",0.152363636363636,2526657.52275325,46868742.6196155
"830","591","591-830",2.24373986374375,"0.000008454295009748612|6.853643663739091e-8",0,1,0,8.45429500974861e-06,NA,NA,"Seychelles",NA,5,8,"AF",0.254444444444444,NA,NA,"Singapore",NA,1,3,"AS",0.152363636363636,117495.310802201,14493604.6943821
"830","630","630-830",0.197202473456209,"0.0001308003237330689|0.00004881657931554581",0,1,0,0.000130800323733069,NA,NA,"Iran (Persia)",NA,2,7,"ME",0.181707317073171,NA,NA,"Singapore",NA,1,3,"AS",0.152363636363636,224237288.135593,83688610.6192915
"830","651","651-830",1.289211780868,"0.000023800555707704194|0.00008175333310433321",0,1,0,8.17533331043332e-05,NA,NA,"Egypt Arab Republic (Egypt)",NA,2,8,"AF",0.217818181818182,NA,NA,"Singapore",NA,1,3,"AS",0.152363636363636,140153672.316384,40802437.7593066
"830","663","663-830",0.20814338437837,"0.000019160893302499995|0.0000019376600675513005",0,1,0,1.91608933025e-05,NA,NA,"Jordan (Transjordan)",NA,2,8,"AF",0.264791666666667,NA,NA,"Singapore",NA,1,3,"AS",0.152363636363636,3321823.87990898,32848441.2712641
"830","670","670-830",0.95393213607,"0.00014941383879293847|0.000783019706198327",0,1,0,0.000783019706198327,NA,NA,"Saudi Arabia (Emirate of Nejd) (Emirate of Diriyah)",NA,2,1,"AS",0.49,NA,NA,"Singapore",NA,1,3,"AS",0.152363636363636,1342368355.54751,256147332.549657
"830","679","679-830",0.0862005202341626,"0.000013183103806597494|0.0000011000436937755936",0,1,0,1.31831038065975e-05,NA,NA,"Yemen",NA,2,1,"AS",0.479444444444445,NA,NA,"Singapore",NA,1,3,"AS",0.152363636363636,1885857.83033912,22600429.1306969
"830","68","68-830",0.58907362363619,"0.00002000190070058184",0,1,0,2.00019007005818e-05,NA,NA,"Netherlands Antilles",NA,4,5,"LA",0,NA,NA,"Singapore",NA,1,3,"AS",0.152363636363636,NA,34290220.7169534
"830","692","692-830",1.68924595772515,"0.00006032363253342342|0.000010880980994679359",0,1,0,6.03236325334234e-05,NA,NA,"Bahrain",NA,2,8,"ME",0.576428571428571,NA,NA,"Singapore",NA,1,3,"AS",0.152363636363636,103415705.586385,18653789.2328241
"830","694","694-830",0.344620095624866,"0.000028391982554083956|0.00000791587742947032",0,1,0,2.8391982554084e-05,NA,NA,"Qatar",NA,2,3,"ME",0.419655172413793,NA,NA,"Singapore",NA,1,3,"AS",0.152363636363636,48673741.7081122,13570569.5317741
"830","696","696-830",1.06895735203262,"0.00019910955955484194|0.0003836514588967056",0,1,0,0.000383651458896706,NA,NA,"United Arab Emirates (Trucial Oman)",NA,2,5,"LA",0.55,NA,NA,"Singapore",NA,1,3,"AS",0.152363636363636,657712154.503723,341343097.64833
"830","698","698-830",0.884694952715432,"0.00004652886579700312",0,1,0,4.65288657970031e-05,NA,NA,"Oman (Sultanate of Muscat and Oman)",NA,2,3,"ME",0.463793103448276,NA,NA,"Singapore",NA,1,3,"AS",0.152363636363636,NA,79766673.2663226
"830","700","700-830",2.04336086904078,"0.00001844343675696835|9.696167429470893e-8",0.9,0.1,0.36,1.84434367569683e-05,NA,NA,"Afghanistan",NA,1,1,"AS",0.3765,NA,NA,"Singapore",NA,1,3,"AS",0.152363636363636,166226.063333781,31618470.9964698
"830","710","710-830",0.37954295658761,"0.0006637818182305394|0.00028283445824101765",1,0,0,0.000663781818230539,NA,NA,"People's Republic of China (China)",NA,1,2,"WE",0.106923076923077,NA,NA,"Singapore",NA,1,3,"AS",0.152363636363636,1137953107.34463,484876719.699059
"830","713","713-830",0.657982379841045,"0.0006912677111104888",0.95,0.05,0.19,0.000691267711110489,NA,NA,"Republic of China (Taiwan) (Formosa)",NA,1,5,"LA",0.122,NA,NA,"Singapore",NA,1,3,"AS",0.152363636363636,NA,1185073495.92993
"830","720","720-830",0.96887123300682,"0.0008858682021147357|0.001404001361611967",1,0,0,0.00140400136161197,NA,NA,"Hong Kong",NA,1,8,"AS",0.167954545454545,NA,NA,"Singapore",NA,1,3,"AS",0.152363636363636,1518686480.4184,2406947084.54267
"830","731","731-830",0.407916680431654,"0.0000033387440882671755|0.000012361323473158606",0.75,0.25,0.75,1.23613234731586e-05,NA,NA,"North Korea (Democratic People's Republic of Korea)",NA,1,1,"AS",0.417555555555556,NA,NA,"Singapore",NA,1,3,"AS",0.152363636363636,5723769.62659226,21191611.5669915
"830","732","732-830",0.685218244425865,"0.000459025362382873|0.000890589052295908",0.95,0.05,0.19,0.000890589052295908,NA,NA,"South Korea (Republic of South Korea)",NA,1,3,"AS",0.218196721311475,NA,NA,"Singapore",NA,1,3,"AS",0.152363636363636,1526779661.01695,786929263.693943
"830","740","740-830",0.715881844993801,"0.004029846439929291|0.0016917353625697147",1,0,0,0.00402984643992929,NA,NA,"Japan",NA,1,1,"AS",0.100597014925373,NA,NA,"Singapore",NA,1,3,"AS",0.152363636363636,6908559638.86395,2900223326.05137
"830","750","750-830",1.13961186005774,"0.00033097170513370544|0.00012736207788397054",0.5,0.5,1,0.000330971705133705,NA,NA,"India",NA,2,1,"AS",0.620394736842105,NA,NA,"Singapore",NA,1,3,"AS",0.152363636363636,218342937.853107,567400718.061311
"830","770","770-830",0.484744415550729,"0.000044087498475138885|0.00008663006372730067",0,1,0,8.66300637273007e-05,NA,NA,"Pakistan",NA,2,8,"AS",0.290694444444445,NA,NA,"Singapore",NA,1,3,"AS",0.152363636363636,75581319.8056164,148514086.256136
"830","771","771-830",1.86692180092925,"0.0001198525032181816|0.000010871842058401946",0.5,0.5,1,0.000119852503218182,NA,NA,"Bangladesh",NA,2,3,"AS",0.649298245614035,NA,NA,"Singapore",NA,1,3,"AS",0.152363636363636,18638121.9146646,205468912.697445
"830","775","775-830",2.74666924201775,"0.000026703583709784604|0.0000886242630046359",0.85,0.15,0.51,8.86242630046359e-05,NA,NA,"Myanmar (Burma)",NA,1,10,"AF",0.3108,NA,NA,"Singapore",NA,1,3,"AS",0.152363636363636,45779238.3358607,151932838.023633
"830","780","780-830",1.58651531350769,"0.00007643858855394733|0.000022236379881725372",0.35,0.65,0.91,7.64385885539473e-05,NA,NA,"Sri Lanka (Ceylon)",NA,2,1,"AS",0.713684210526316,NA,NA,"Singapore",NA,1,3,"AS",0.152363636363636,38120895.8840699,131042350.026815
"830","781","781-830",3.37804849885484,"0.00003238069513690154|9.046280893103421e-7",0.8,0.2,0.64,3.23806951369015e-05,NA,NA,"Maldive Islands",NA,1,8,"AS",0.497857142857143,NA,NA,"Singapore",NA,1,3,"AS",0.152363636363636,1550847.45762712,55511783.5966676
"830","790","790-830",1.8711687128463,"0.000018050208923582348|0.0000013750805675317418",0.5,0.5,1,1.80502089235823e-05,NA,NA,"Nepal",NA,2,8,"AS",0.7245,NA,NA,"Singapore",NA,1,3,"AS",0.152363636363636,2357366.77579273,30944341.6024336
"830","800","800-830",1.86800442063816,"0.0012211888654438151|0.000769792466350227",0.7,0.3,0.84,0.00122118886544382,NA,NA,"Thailand (Siam)",NA,1,9,"AF",0.55655737704918,NA,NA,"Singapore",NA,1,3,"AS",0.152363636363636,1319692261.87736,2093542826.75427
"830","820","820-830",2.72968698385494,"0.0029000704925125674|0.0026428753041177217",1,0,0,0.00290007049251257,NA,NA,"Malaysia (British Malaya)",NA,1,1,"AS",0.194210526315789,NA,NA,"Singapore",NA,1,3,"AS",0.152363636363636,4530808289.78147,4971730375.6081
"830","95","830-95",0.720582535470052,"0.0001151164287291266",0,1,0,0.000115116428729127,NA,NA,"Panama",NA,4,7,"ME",0.0159375,NA,NA,"Singapore",NA,1,3,"AS",0.152363636363636,NA,197349632.335409
"835","200","200-835",1.37540712047536,"0.0001250648181006164|0.0000026852300777889666",0,1,0,0.000125064818100616,NA,NA,"United Kingdom",NA,4,1,"AS",0.0107228915662651,NA,NA,"Brunei",NA,1,3,"AS",0.103,214404634.879075,4603419.11608966
"835","225","225-835",1.40067863564399,"0.000044403983410237115",0,1,0,4.44039834102371e-05,NA,NA,"Switzerland",NA,2,14,"WE",0.0813157894736842,NA,NA,"Brunei",NA,1,3,"AS",0.103,76123885.1568079,NA
"835","616","616-835",1.55732655080576,"0.0000030376273352908996",0,1,0,3.0376273352909e-06,NA,NA,"Tunisia (Regency of Tunis)",NA,0,8,"AS",0.622037037037037,NA,NA,"Brunei",NA,1,3,"AS",0.103,5207550.68941753,NA
"835","732","732-835",1.54590731445699,"0.0000836801486652817|0.0000011863974941774994",0.95,0.05,0.19,8.36801486652817e-05,NA,NA,"South Korea (Republic of South Korea)",NA,1,3,"AS",0.218196721311475,NA,NA,"Brunei",NA,1,3,"AS",0.103,2033898.30508475,143456904.936865
"835","740","740-835",2.30463660259072,"0.000042441332631856184|0.0005085749590592517",1,0,0,0.000508574959059252,NA,NA,"Japan",NA,1,1,"AS",0.100597014925373,NA,NA,"Brunei",NA,1,3,"AS",0.103,72759218.4989525,871874521.242373
"835","800","800-835",2.13862983564765,"0.000009293231554634108|0.00006674986824574682",0.7,0.3,0.84,6.67498682457468e-05,NA,NA,"Thailand (Siam)",NA,1,9,"AF",0.55655737704918,NA,NA,"Brunei",NA,1,3,"AS",0.103,15931833.9768025,114432510.651732
"835","820","820-835",1.82831968870677,"0.00000830326463770203|0.000038624790878350245",1,0,0,3.86247908783502e-05,NA,NA,"Malaysia (British Malaya)",NA,1,1,"AS",0.194210526315789,NA,NA,"Brunei",NA,1,3,"AS",0.103,66216337.3466938,14234686.0610999
"835","830","830-835",2.85334063166343,"0.00018234705330538378|0.00005435210384404051",1,0,0,0.000182347053305384,NA,NA,"Singapore",NA,1,3,"AS",0.152363636363636,NA,NA,"Brunei",NA,1,3,"AS",0.103,312606326.695032,93178426.6476588
"840","140","140-840",0.149855399095073,"0.00004476080012616|0.0000016952301972358473",0,1,0,4.476080012616e-05,NA,NA,"Brazil",NA,4,5,"LA",0.0085,NA,NA,"Philippines",NA,1,14,"WE",0.0532432432432433,76735593.220339,2906214.68926554
"840","2","2-840",0.856232140857609,"0.0007478258871632126|0.0010385512748919753",0,1,0,0.00103855127489198,NA,NA,"United States of America",NA,4,8,"AS",0.00662337662337662,NA,NA,"Philippines",NA,1,14,"WE",0.0532432432432433,1282033898.30508,1780438418.0791
"840","355","355-840",0.163769035568455,"0.000003034301469956987",0,1,0,3.03430146995699e-06,NA,NA,"Bulgaria",NA,2,10,"AF",0.1,NA,NA,"Philippines",NA,1,14,"WE",0.0532432432432433,5201848.99845916,NA
"840","404","404-840",0.619101906426618,"1.7499363039118077e-7",0,1,0,1.74993630391181e-07,NA,NA,"Guinea-Bissau (Portuguese Guinea)",NA,0,1,"AS",0.0921052631578947,NA,NA,"Philippines",NA,1,14,"WE",0.0532432432432433,NA,3e+05
"840","433","433-840",1.58398642943792,"0.000003501570054781465|5.503566153545609e-8",0,1,0,3.50157005478147e-06,NA,NA,"Senegal",NA,0,9,"AF",0.0743243243243243,NA,NA,"Philippines",NA,1,14,"WE",0.0532432432432433,6002910.01498864,94350.2824858757
"840","434","434-840",1.26265518279912,"8.177370844120251e-8|2.9659937354437396e-9",0,1,0,8.17737084412025e-08,NA,NA,"Benin (Dahomey)",NA,0,9,"AF",0.0541176470588235,NA,NA,"Philippines",NA,1,14,"WE",0.0532432432432433,140188.602736692,5084.74576271186
"840","461","461-840",2.59862353302698,"4.811500948608738e-8|0.000004104605774994647",0,1,0,4.10460577499465e-06,NA,NA,"Togo (French Togoland)",NA,0,9,"AF",0.0561224489795918,NA,NA,"Philippines",NA,1,14,"WE",0.0532432432432433,7036723.16384181,82485.8757062147
"840","475","475-840",0.30966273471479,"0.000013324621140351244|5.826529915849483e-7",0,1,0,1.33246211403512e-05,NA,NA,"Nigeria",NA,0,9,"AF",0.04,NA,NA,"Philippines",NA,1,14,"WE",0.0532432432432433,22843039.1047355,998870.056497175
"840","512","512-840",1.30817320461281,"0.0000017829508101405683|1.2556040146711865e-7",0,1,0,1.78295081014057e-06,NA,NA,"Tanzania (Tanganyika)",NA,5,8,"ME",0.255,NA,NA,"Philippines",NA,1,14,"WE",0.0532432432432433,3056598.35644582,215254.237288136
"840","541","541-840",1.50911849308939,"0.0000032220578612703835",0,1,0,3.22205786127038e-06,NA,NA,"Mozambique (Portuguese East Africa)",NA,5,5,"LA",0.110666666666667,NA,NA,"Philippines",NA,1,14,"WE",0.0532432432432433,NA,5523728.81355932
"840","630","630-840",1.01328885409248,"8.17296051544495e-8|0.000059517607624571236",0,1,0,5.95176076245712e-05,NA,NA,"Iran (Persia)",NA,2,7,"ME",0.181707317073171,NA,NA,"Philippines",NA,1,14,"WE",0.0532432432432433,102033898.305085,140112.994350282
"840","663","663-840",0.29990557170909,"1.001846772861e-7|0.0000015742452844235025",0,1,0,1.5742452844235e-06,NA,NA,"Jordan (Transjordan)",NA,2,8,"AF",0.264791666666667,NA,NA,"Philippines",NA,1,14,"WE",0.0532432432432433,2698804.43231751,171751.412429379
"840","666","666-840",0.31141849654493,"0.00001697207526392807|0.0000015854884290244282",0,1,0,1.69720752639281e-05,NA,NA,"Israel",NA,2,9,"AF",0.0355172413793103,NA,NA,"Philippines",NA,1,14,"WE",0.0532432432432433,29096045.1977401,2718079.0960452
"840","670","670-840",1.07250594829658,"0.00017737135330266805|0.000019594343280919833",0,1,0,0.000177371353302668,NA,NA,"Saudi Arabia (Emirate of Nejd) (Emirate of Diriyah)",NA,2,1,"AS",0.49,NA,NA,"Philippines",NA,1,14,"WE",0.0532432432432433,304076244.785891,33591525.4237288
"840","68","68-840",0.936323418139613,"0.0000043029978004098816",0,1,0,4.30299780040988e-06,NA,NA,"Netherlands Antilles",NA,4,5,"LA",0,NA,NA,"Philippines",NA,1,14,"WE",0.0532432432432433,NA,7376836.15819209
"840","694","694-840",1.93479639562971,"1.24571736888637e-7|0.00002801659467104286",0,1,0,2.80165946710429e-05,NA,NA,"Qatar",NA,2,3,"ME",0.419655172413793,NA,NA,"Philippines",NA,1,14,"WE",0.0532432432432433,48030196.1992809,213559.322033898
"840","696","696-840",1.18416191997367,"0.00002132121074466706|0.00008661326243913978",0,1,0,8.66132624391398e-05,NA,NA,"United Arab Emirates (Trucial Oman)",NA,2,5,"LA",0.55,NA,NA,"Philippines",NA,1,14,"WE",0.0532432432432433,148485282.999486,36551977.4011299
"840","713","713-840",0.238995528007494,"0.0000691152337976076",0.95,0.05,0.19,6.91152337976076e-05,NA,NA,"Republic of China (Taiwan) (Formosa)",NA,1,5,"LA",0.122,NA,NA,"Philippines",NA,1,14,"WE",0.0532432432432433,NA,118487570.621469
"840","720","720-840",0.887863087007224,"0.00012906027407494225|0.0003019983154033686",1,0,0,0.000301998315403369,NA,NA,"Hong Kong",NA,1,8,"AS",0.167954545454545,NA,NA,"Philippines",NA,1,14,"WE",0.0532432432432433,517730242.057865,221254237.288136
"840","731","731-840",0.093755616456334,"9.566363400683591e-7",0.75,0.25,0.75,9.56636340068359e-07,NA,NA,"North Korea (Democratic People's Republic of Korea)",NA,1,1,"AS",0.417555555555556,NA,NA,"Philippines",NA,1,14,"WE",0.0532432432432433,1640007.70416025,NA
"840","732","732-840",0.900632204502376,"0.00007511247313067461|0.00022225179724258418",0.95,0.05,0.19,0.000222251797242584,NA,NA,"South Korea (Republic of South Korea)",NA,1,3,"AS",0.218196721311475,NA,NA,"Philippines",NA,1,14,"WE",0.0532432432432433,381016949.152542,128768926.553672
"840","740","740-840",1.14899248057766,"0.00058374052262128|0.0008774291679936292",1,0,0,0.000877429167993629,NA,NA,"Japan",NA,1,1,"AS",0.100597014925373,NA,NA,"Philippines",NA,1,14,"WE",0.0532432432432433,1504219038.19966,1000734463.27684
"840","770","770-840",0.127199760925091,"8.324555750812121e-7|0.000007724379479684796",0,1,0,7.7243794796848e-06,NA,NA,"Pakistan",NA,2,8,"AS",0.290694444444445,NA,NA,"Philippines",NA,1,14,"WE",0.0532432432432433,13242275.3829686,1427118.6440678
"840","800","800-840",0.931502234559311,"0.00007277065629911245|0.00003460989559013915",0.7,0.3,0.84,7.27706562991125e-05,NA,NA,"Thailand (Siam)",NA,1,9,"AF",0.55655737704918,NA,NA,"Philippines",NA,1,14,"WE",0.0532432432432433,59333409.186561,124754237.288136
"840","815","815-840",1.67838739622375,"0.000006988210795564971|2.465070349013242e-7",1,0,0,6.98821079556497e-06,NA,NA,"Vietnam",NA,1,3,"AS",0.152692307692308,NA,NA,"Philippines",NA,1,14,"WE",0.0532432432432433,422598.870056497,11980225.9887006
"840","820","820-840",0.825322211782814,"0.00004068323366827711|0.00009906634173976359",1,0,0,9.90663417397636e-05,NA,NA,"Malaysia (British Malaya)",NA,1,1,"AS",0.194210526315789,NA,NA,"Philippines",NA,1,14,"WE",0.0532432432432433,169834195.996124,69745224.8587571
"840","830","830-840",1.11583691362291,"0.0002243710017740194|0.00007561735117541911",1,0,0,0.000224371001774019,NA,NA,"Singapore",NA,1,3,"AS",0.152363636363636,NA,NA,"Philippines",NA,1,14,"WE",0.0532432432432433,384650003.441486,129634463.276836
"840","835","835-840",2.33035202038466,"0.000031518126090359886|3.4372571845198043e-7",1,0,0,3.15181260903599e-05,NA,NA,"Brunei",NA,1,3,"AS",0.103,NA,NA,"Philippines",NA,1,14,"WE",0.0532432432432433,54033039.979634,589265.536723164
"840","95","840-95",0.542643675369223,"0.000014647065730199665|1.1328448295097649e-8",0,1,0,1.46470657301997e-05,NA,NA,"Panama",NA,4,7,"ME",0.0159375,NA,NA,"Philippines",NA,1,14,"WE",0.0532432432432433,19420.9039548023,25110169.4915254
"850","140","140-850",0.101594521915977,"0.00006551748339651402|0.0000020118859499741484",0,1,0,6.5517483396514e-05,NA,NA,"Brazil",NA,4,5,"LA",0.0085,NA,NA,"Indonesia (Dutch East Indies)",NA,1,3,"AS",0.156388888888889,112319774.011299,3449072.88135593
"850","432","432-850",1.87131815231479,"1.2840940322744185e-7|0.00000286691067017433",0,1,0,2.86691067017433e-06,NA,NA,"Mali (French Sudan) (Upper Senegal and Niger)",NA,0,9,"AF",0.07,NA,NA,"Indonesia (Dutch East Indies)",NA,1,3,"AS",0.156388888888889,4914882.89676425,220138.418079096
"850","434","434-850",2.13787437858778,"3.013945253975747e-7|2.4716614462031183e-9",0,1,0,3.01394525397575e-07,NA,NA,"Benin (Dahomey)",NA,0,9,"AF",0.0541176470588235,NA,NA,"Indonesia (Dutch East Indies)",NA,1,3,"AS",0.156388888888889,516695.13580095,4237.28813559322
"850","435","435-850",0.253243780342829,"2.177668552002011e-8|0.0000015695162232042013",0,1,0,1.5695162232042e-06,NA,NA,"Mauritania",NA,0,9,"AF",0.0982142857142857,NA,NA,"Indonesia (Dutch East Indies)",NA,1,3,"AS",0.156388888888889,37332.8197226502,2690697.17514124
"850","461","461-850",1.06698537443537,"0.0000013630388988661475|2.1094477001335392e-7",0,1,0,1.36303889886615e-06,NA,NA,"Togo (French Togoland)",NA,0,9,"AF",0.0561224489795918,NA,NA,"Indonesia (Dutch East Indies)",NA,1,3,"AS",0.156388888888889,2336723.16384181,361632.768361582
"850","501","501-850",0.976919678146211,"0.00001597350195948643|9.174807288305956e-7",0,1,0,1.59735019594864e-05,NA,NA,"Kenya (British East Africa Protectorate)",NA,5,14,"WE",0.274666666666667,NA,NA,"Indonesia (Dutch East Indies)",NA,1,3,"AS",0.156388888888889,1572881.3559322,27384142.9378531
"850","512","512-850",0.278291569813598,"9.778815434786099e-7|0.000002886921990231107",0,1,0,2.88692199023111e-06,NA,NA,"Tanzania (Tanganyika)",NA,5,8,"ME",0.255,NA,NA,"Indonesia (Dutch East Indies)",NA,1,3,"AS",0.156388888888889,1676429.37853107,4949189.26553672
"850","551","551-850",2.3938535777487,"0.000020144116385297696|2.199119577401787e-8",0,1,0,2.01441163852977e-05,NA,NA,"Zambia (Northern Rhodesia)",NA,5,8,"AF",0.135675675675676,NA,NA,"Indonesia (Dutch East Indies)",NA,1,3,"AS",0.156388888888889,34534027.9076459,37700.5649717514
"850","552","552-850",0.00876307756147822,"0.000002419875047020383|7.792159875299958e-8",0,1,0,2.41987504702038e-06,NA,NA,"Zimbabwe (Rhodesia) (Southern Rhodesia)",NA,5,8,"AF",0.0812,NA,NA,"Indonesia (Dutch East Indies)",NA,1,3,"AS",0.156388888888889,4148508.21988948,133584.745762712
"850","600","600-850",0.164326815819528,"0.000010030613476732302|0.000004324626156283599",0,1,0,1.00306134767323e-05,NA,NA,"Morocco",NA,0,5,"LA",0.0397916666666667,NA,NA,"Indonesia (Dutch East Indies)",NA,1,3,"AS",0.156388888888889,17195963.283309,7413914.68926554
"850","615","615-850",0.070176523166998,"0.00002573073484652428",0,1,0,2.57307348465243e-05,NA,NA,"Algeria (Regency of Algiers)",NA,0,3,"AS",0.0284375,NA,NA,"Indonesia (Dutch East Indies)",NA,1,3,"AS",0.156388888888889,NA,44111436.7231638
"850","651","651-850",0.315669590757355,"1.4829968677218697e-7|0.00005089371620621622",0,1,0,5.08937162062162e-05,NA,NA,"Egypt Arab Republic (Egypt)",NA,2,8,"AF",0.217818181818182,NA,NA,"Indonesia (Dutch East Indies)",NA,1,3,"AS",0.156388888888889,254237.288135593,87249546.3276836
"850","663","663-850",1.88036297286516,"0.000008143550710228925|0.000011745597871747929",0,1,0,1.17455978717479e-05,NA,NA,"Jordan (Transjordan)",NA,2,8,"AF",0.264791666666667,NA,NA,"Indonesia (Dutch East Indies)",NA,1,3,"AS",0.156388888888889,20136043.5442567,13960880.7909605
"850","670","670-850",0.775693290241487,"0.00020248748153295088|0.00015092335177222817",0,1,0,0.000202487481532951,NA,NA,"Saudi Arabia (Emirate of Nejd) (Emirate of Diriyah)",NA,2,1,"AS",0.49,NA,NA,"Indonesia (Dutch East Indies)",NA,1,3,"AS",0.156388888888889,347134031.816433,258735163.276836
"850","68","68-850",0.615460077016074,"0.000010295576239099333",0,1,0,1.02955762390993e-05,NA,NA,"Netherlands Antilles",NA,4,5,"LA",0,NA,NA,"Indonesia (Dutch East Indies)",NA,1,3,"AS",0.156388888888889,NA,17650201.6949153
"850","692","692-850",0.796101845477966,"0.000007631915622443081|0.000002631282331063491",0,1,0,7.63191562244308e-06,NA,NA,"Bahrain",NA,2,8,"ME",0.576428571428571,NA,NA,"Indonesia (Dutch East Indies)",NA,1,3,"AS",0.156388888888889,13083760.143811,4510933.89830508
"850","696","696-850",0.62883373085464,"0.0000012738415805955684|0.00008752131430384515",0,1,0,8.75213143038451e-05,NA,NA,"United Arab Emirates (Trucial Oman)",NA,2,5,"LA",0.55,NA,NA,"Indonesia (Dutch East Indies)",NA,1,3,"AS",0.156388888888889,2183807.90960452,150042000
"850","710","710-850",0.752369150828657,"0.0001585626842065414|0.0003924657850829787",1,0,0,0.000392465785082979,NA,NA,"People's Republic of China (China)",NA,1,2,"WE",0.106923076923077,NA,NA,"Indonesia (Dutch East Indies)",NA,1,3,"AS",0.156388888888889,271831638.418079,672822977.966102
"850","713","713-850",0.662599022817846,"0.00034815381231106013",0.95,0.05,0.19,0.00034815381231106,NA,NA,"Republic of China (Taiwan) (Formosa)",NA,1,5,"LA",0.122,NA,NA,"Indonesia (Dutch East Indies)",NA,1,3,"AS",0.156388888888889,NA,596856831.073446
"850","720","720-850",0.196193148893191,"0.00023229233618191693|0.000231736903170389",1,0,0,0.000232292336181917,NA,NA,"Hong Kong",NA,1,8,"AS",0.167954545454545,NA,NA,"Indonesia (Dutch East Indies)",NA,1,3,"AS",0.156388888888889,398229928.133928,397277722.59887
"850","731","731-850",1.71976272531783,"0.000005284297486891162|0.000007470188971909129",0.75,0.25,0.75,7.47018897190913e-06,NA,NA,"North Korea (Democratic People's Republic of Korea)",NA,1,1,"AS",0.417555555555556,NA,NA,"Indonesia (Dutch East Indies)",NA,1,3,"AS",0.156388888888889,12806504.3656908,9059125.42372881
"850","732","732-850",1.16542352216361,"0.0004448990603165615|0.0006418796032572524",0.95,0.05,0.19,0.000641879603257252,NA,NA,"South Korea (Republic of South Korea)",NA,1,3,"AS",0.218196721311475,NA,NA,"Indonesia (Dutch East Indies)",NA,1,3,"AS",0.156388888888889,762711864.40678,1100405086.44068
"850","740","740-850",1.76048349767606,"0.0018513231016859663|0.0035482624100381974",1,0,0,0.0035482624100382,NA,NA,"Japan",NA,1,1,"AS",0.100597014925373,NA,NA,"Indonesia (Dutch East Indies)",NA,1,3,"AS",0.156388888888889,3173812265.41935,6082956966.1017
"850","750","750-850",0.372936921309551,"0.00001848724426569832|0.00004781643278338602",0.5,0.5,1,4.7816432783386e-05,NA,NA,"India",NA,2,1,"AS",0.620394736842105,NA,NA,"Indonesia (Dutch East Indies)",NA,1,3,"AS",0.156388888888889,81974011.299435,31693572.3163842
"850","760","760-850",1.07744134601526,"6.205518004267269e-7",0.25,0.75,0.75,6.20551800426727e-07,NA,NA,"Bhutan",NA,2,14,"WE",0.79,NA,NA,"Indonesia (Dutch East Indies)",NA,1,3,"AS",0.156388888888889,NA,1063841.8079096
"850","770","770-850",0.406849822671094,"0.00001569397219696439|0.000022448239590016476",0,1,0,2.24482395900165e-05,NA,NA,"Pakistan",NA,2,8,"AS",0.290694444444445,NA,NA,"Indonesia (Dutch East Indies)",NA,1,3,"AS",0.156388888888889,26904931.617023,38484097.1751412
"850","771","771-850",0.853051436270804,"9.460419021720783e-7|0.00002179960905645119",0.5,0.5,1,2.17996090564512e-05,NA,NA,"Bangladesh",NA,2,3,"AS",0.649298245614035,NA,NA,"Indonesia (Dutch East Indies)",NA,1,3,"AS",0.156388888888889,1621845.14954738,37372118.6440678
"850","780","780-850",0.242261960839863,"5.934480749376808e-7|0.000009991501243122161",0.35,0.65,0.91,9.99150124312216e-06,NA,NA,"Sri Lanka (Ceylon)",NA,2,1,"AS",0.713684210526316,NA,NA,"Indonesia (Dutch East Indies)",NA,1,3,"AS",0.156388888888889,1017376.58726964,17128911.299435
"850","800","800-850",0.257268132288621,"0.0000704386199929999|0.00008805178656764258",0.7,0.3,0.84,8.80517865676426e-05,NA,NA,"Thailand (Siam)",NA,1,9,"AF",0.55655737704918,NA,NA,"Indonesia (Dutch East Indies)",NA,1,3,"AS",0.156388888888889,120756315.247946,150951414.124294
"850","811","811-850",2.31936061900052,"2.794373548432467e-7|0.0000017902692049458088",1,0,0,1.79026920494581e-06,NA,NA,"Cambodia (Kampuchea)",NA,1,9,"AS",0.0494117647058823,NA,NA,"Indonesia (Dutch East Indies)",NA,1,3,"AS",0.156388888888889,479052.901900359,3069144.63276836
"850","815","815-850",2.37881085736487,"0.000005451166930886101|0.000046428510844853794",1,0,0,4.64285108448538e-05,NA,NA,"Vietnam",NA,1,3,"AS",0.152692307692308,NA,NA,"Indonesia (Dutch East Indies)",NA,1,3,"AS",0.156388888888889,9345197.74011299,79594629.9435028
"850","820","820-850",0.909961090817718,"0.00016561631711618454|0.00011263088569612373",1,0,0,0.000165616317116185,NA,NA,"Malaysia (British Malaya)",NA,1,1,"AS",0.194210526315789,NA,NA,"Indonesia (Dutch East Indies)",NA,1,3,"AS",0.156388888888889,283924020.68458,193088546.327684
"850","830","830-850",1.46682225654276,"0.0007941504573940511",1,0,0,0.000794150457394051,NA,NA,"Singapore",NA,1,3,"AS",0.152363636363636,NA,NA,"Indonesia (Dutch East Indies)",NA,1,3,"AS",0.156388888888889,NA,1361450337.85311
"850","840","840-850",0.405021648460421,"0.00005525651371321041|0.000013822519471746303",1,0,0,5.52565137132104e-05,NA,NA,"Philippines",NA,1,14,"WE",0.0532432432432433,NA,NA,"Indonesia (Dutch East Indies)",NA,1,3,"AS",0.156388888888889,23696610.1694915,94728900
"90","2","2-90",1.28093322653403,"0.00031327484943475766|0.00014975813180287672",1,0,0,0.000313274849434758,NA,NA,"United States of America",NA,4,8,"AS",0.00662337662337662,NA,NA,"Guatemala",NA,4,5,"LA",0,537062146.892655,256737570.621469
"90","41","41-90",3.17444349663045,"0.0000017540227841695278|8.033456088525982e-9",1,0,0,1.75402278416953e-06,NA,NA,"Haiti",NA,4,5,"LA",0.031875,NA,NA,"Guatemala",NA,4,5,"LA",0,13772.1402840229,3007005.64971751
"90","42","42-90",1.71963442364964,"0.0000019864578265704713|3.49328151063374e-8",1,0,0,1.98645782657047e-06,NA,NA,"Dominican Republic (Santo Domingo)",NA,4,5,"LA",0.017,NA,NA,"Guatemala",NA,4,5,"LA",0,59887.0056497175,3405480.2259887
"90","51","51-90",2.08684002120635,"0.000001702711092546354|1.150828638192335e-7",1,0,0,1.70271109254635e-06,NA,NA,"Jamaica",NA,4,5,"LA",0,NA,NA,"Guatemala",NA,4,5,"LA",0,197292.09039548,2919039.5480226
"90","52","52-90",1.84880274222088,"0.0000010297271139741703|0.0000011962488582067606",1,0,0,1.19624885820676e-06,NA,NA,"Trinidad and Tobago",NA,4,5,"LA",0.021875,NA,NA,"Guatemala",NA,4,5,"LA",0,2050786.97241608,1765310.73446328
"90","68","68-90",1.2148606604846,"7.599535059925842e-7",1,0,0,7.59953505992584e-07,NA,NA,"Netherlands Antilles",NA,4,5,"LA",0,NA,NA,"Guatemala",NA,4,5,"LA",0,NA,1302824.85875706
"90","70","70-90",1.6549127964523,"0.000046761527678146514|0.000020414638281685736",1,0,0,4.67615276781465e-05,NA,NA,"Mexico",NA,4,5,"LA",0,NA,NA,"Guatemala",NA,4,5,"LA",0,80165536.7231638,34997796.6101695
"90","80","80-90",3.69717401268048,"4.284213173418737e-9|0.0000011247048244802676",1,0,0,1.12470482448027e-06,NA,NA,"Belize (British Honduras)",NA,4,5,"LA",0,NA,NA,"Guatemala",NA,4,5,"LA",0,7344.63276836158,1928135.59322034
"900","2","2-900",0.581489363819822,"0.0013734057282951025|0.0027733359645836972",0,1,0,0.0027733359645837,NA,NA,"United States of America",NA,4,8,"AS",0.00662337662337662,NA,NA,"Australia",NA,1,3,"ME",0.106086956521739,4754463276.83616,2354495518.30828
"900","200","200-900",0.184059691928318,"0.00043999746533691724|0.000786520268774163",0,1,0,0.000786520268774163,NA,NA,"United Kingdom",NA,4,1,"AS",0.0107228915662651,NA,NA,"Australia",NA,1,3,"ME",0.106086956521739,1348369538.39287,754308824.304085
"900","360","360-900",0.0118821122132837,"0.000015401083290211544|0.000001944373671013118",0,1,0,1.54010832902115e-05,NA,NA,"Romania",NA,2,3,"AS",0.119583333333333,NA,NA,"Australia",NA,1,3,"ME",0.106086956521739,3333333.33333333,26402818.0724932
"900","530","530-900",2.95503741451093,"0.000012618607808441842|1.475561134633869e-7",0,1,0,1.26186078084418e-05,NA,NA,"Ethiopia (Abyssinia)",NA,2,3,"AS",0.587391304347826,NA,NA,"Australia",NA,1,3,"ME",0.106086956521739,21632686.481618,252962.544636979
"900","553","553-900",0.598617677970391,"2.848975516034213e-7|0.000002978441404492385",0,1,0,2.97844140449238e-06,NA,NA,"Malawi (Nyasaland) (British Central Africa Protectorate)",NA,5,8,"AF",0.101714285714286,NA,NA,"Australia",NA,1,3,"ME",0.106086956521739,5106085.40065323,488413.579911271
"900","572","572-900",1.53763413017618,"0.0000013844050372626772",0,1,0,1.38440503726268e-06,NA,NA,"Eswatini (Swaziland)",NA,5,8,"AF",0.108333333333333,NA,NA,"Australia",NA,1,3,"ME",0.106086956521739,NA,2373352.16287812
"900","590","590-900",1.06911071421145,"0.000013491717532046847|0.0000011580092141141842",0,1,0,1.34917175320468e-05,NA,NA,"Mauritius",NA,5,8,"AF",0.150526315789474,NA,NA,"Australia",NA,1,3,"ME",0.106086956521739,1985230.9107347,23129500.488482
"900","630","630-900",0.135949773785029,"0.00009585179460878056",0,1,0,9.58517946087806e-05,NA,NA,"Iran (Persia)",NA,2,7,"ME",0.181707317073171,NA,NA,"Australia",NA,1,3,"ME",0.106086956521739,NA,164323343.188858
"900","645","645-900",1.17134529734257,"0.0000054084694926807805",0,1,0,5.40846949268078e-06,NA,NA,"Iraq (Mesopotamia)",NA,2,7,"ME",0.202631578947368,NA,NA,"Australia",NA,1,3,"ME",0.106086956521739,NA,9271999.46750751
"900","651","651-900",0.271082637485358,"0.00006839774409871445|4.788432108444175e-7",0,1,0,6.83977440987145e-05,NA,NA,"Egypt Arab Republic (Egypt)",NA,2,8,"AF",0.217818181818182,NA,NA,"Australia",NA,1,3,"ME",0.106086956521739,820903.95480226,117257543.510272
"900","679","679-900",0.854485492358506,"0.000020023545486687868",0,1,0,2.00235454866879e-05,NA,NA,"Yemen",NA,2,1,"AS",0.479444444444445,NA,NA,"Australia",NA,1,3,"ME",0.106086956521739,NA,34327327.4151646
"900","692","692-900",0.711992530180508,"0.00003235746446478233|0.000003539811170910363",0,1,0,3.23574644647823e-05,NA,NA,"Bahrain",NA,2,8,"ME",0.576428571428571,NA,NA,"Australia",NA,1,3,"ME",0.106086956521739,6068468.60025271,55471958.1377627
"900","696","696-900",0.26377211302975,"0.00010213587314938833|0.0000839000896792667",0,1,0,0.000102135873149388,NA,NA,"United Arab Emirates (Trucial Oman)",NA,2,5,"LA",0.55,NA,NA,"Australia",NA,1,3,"ME",0.106086956521739,175096441.375164,143833960.399101
"900","698","698-900",0.285807810307968,"0.000018009036068030385|0.000008111715224271202",0,1,0,1.80090360680304e-05,NA,NA,"Oman (Sultanate of Muscat and Oman)",NA,2,3,"ME",0.463793103448276,NA,NA,"Australia",NA,1,3,"ME",0.106086956521739,13906303.6856912,30873756.9952226
"900","710","710-900",0.392542623482698,"0.0003848332672591558|0.00018263073470508914",1,0,0,0.000384833267259156,NA,NA,"People's Republic of China (China)",NA,1,2,"WE",0.106923076923077,NA,NA,"Australia",NA,1,3,"ME",0.106086956521739,313092655.367232,659738185.439492
"900","713","713-900",0.858348306891357,"0.0005950116526955841",0.95,0.05,0.19,0.000595011652695584,NA,NA,"Republic of China (Taiwan) (Formosa)",NA,1,5,"LA",0.122,NA,NA,"Australia",NA,1,3,"ME",0.106086956521739,NA,1020057103.848
"900","720","720-900",0.269971150388846,"0.00045686462461151027|0.0004917002879673436",1,0,0,0.000491700287967344,NA,NA,"Hong Kong",NA,1,8,"AS",0.167954545454545,NA,NA,"Australia",NA,1,3,"ME",0.106086956521739,783225006.973514,842945460.703107
"900","731","731-900",0.245107377560118,"0.000007399786206949183|1.0388404489026681e-7",0.75,0.25,0.75,7.39978620694918e-06,NA,NA,"North Korea (Democratic People's Republic of Korea)",NA,1,1,"AS",0.417555555555556,NA,NA,"Australia",NA,1,3,"ME",0.106086956521739,178093.416299858,12685809.5184511
"900","732","732-900",1.07873157851239,"0.0008860444901323074|0.0003262593108988116",0.95,0.05,0.19,0.000886044490132307,NA,NA,"South Korea (Republic of South Korea)",NA,1,3,"AS",0.218196721311475,NA,NA,"Australia",NA,1,3,"ME",0.106086956521739,559322033.898305,1518988699.44862
"900","740","740-900",1.4858186662781,"0.002143282777493558|0.003788539256756061",1,0,0,0.00378853925675606,NA,NA,"Japan",NA,1,1,"AS",0.100597014925373,NA,NA,"Australia",NA,1,3,"ME",0.106086956521739,3674332784.63187,6494875124.80396
"900","750","750-900",0.837043619627012,"0.0001722854228437945|0.00006686668099128174",0.5,0.5,1,0.000172285422843795,NA,NA,"India",NA,2,1,"AS",0.620394736842105,NA,NA,"Australia",NA,1,3,"ME",0.106086956521739,114632768.361582,295357189.502271
"900","770","770-900",0.224965099258977,"0.000047066217047684336|0.000024084287699831367",0,1,0,4.70662170476843e-05,NA,NA,"Pakistan",NA,2,8,"AS",0.290694444444445,NA,NA,"Australia",NA,1,3,"ME",0.106086956521739,41288853.1645295,80687880.3687983
"900","771","771-900",0.674738445755165,"0.000025630072780831448|0.000006705660949866024",0.5,0.5,1,2.56300727808314e-05,NA,NA,"Bangladesh",NA,2,3,"AS",0.649298245614035,NA,NA,"Australia",NA,1,3,"ME",0.106086956521739,11495837.1939759,43938866.9008203
"900","780","780-900",0.155470189164554,"0.000011051604555599358|0.000008054962327207809",0.35,0.65,0.91,1.10516045555994e-05,NA,NA,"Sri Lanka (Ceylon)",NA,2,1,"AS",0.713684210526316,NA,NA,"Australia",NA,1,3,"ME",0.106086956521739,13809009.4637189,18946297.4124737
"900","800","800-900",0.373733030084354,"0.00015250575249274408|0.00017660215515538454",0.7,0.3,0.84,0.000176602155155385,NA,NA,"Thailand (Siam)",NA,1,9,"AF",0.55655737704918,NA,NA,"Australia",NA,1,3,"ME",0.106086956521739,261447948.965627,302757571.393784
"900","811","811-900",1.41781001143628,"0.000001021224838476674|1.4621457034807678e-8",1,0,0,1.02122483847667e-06,NA,NA,"Cambodia (Kampuchea)",NA,1,9,"AS",0.0494117647058823,NA,NA,"Australia",NA,1,3,"ME",0.106086956521739,25066.2672729108,1750734.87451028
"900","815","815-900",0.775924583952735,"0.000013134137925188804|0.000001707423727037116",1,0,0,1.31341379251888e-05,NA,NA,"Vietnam",NA,1,3,"AS",0.152692307692308,NA,NA,"Australia",NA,1,3,"ME",0.106086956521739,2927118.6440678,22516484.564316
"900","820","820-900",0.722597570376692,"0.00027453775658859987|0.00019332191225073157",1,0,0,0.0002745377565886,NA,NA,"Malaysia (British Malaya)",NA,1,1,"AS",0.194210526315789,NA,NA,"Australia",NA,1,3,"ME",0.106086956521739,331421055.415411,470653284.879395
"900","830","830-900",1.06794162754791,"0.0007488806622304106|0.00048054505372774456",1,0,0,0.000748880662230411,NA,NA,"Singapore",NA,1,3,"AS",0.152363636363636,NA,NA,"Australia",NA,1,3,"ME",0.106086956521739,823821505.937446,1283842149.95088
"900","835","835-900",0.862642423030677,"0.000004483052572473088|0.00002150088480726063",1,0,0,2.15008848072606e-05,NA,NA,"Brunei",NA,1,3,"AS",0.103,NA,NA,"Australia",NA,1,3,"ME",0.106086956521739,36860001.2912428,7685512.71686576
"900","840","840-900",0.868275707340856,"0.00003423976123682207|0.00012339956936397014",1,0,0,0.00012339956936397,NA,NA,"Philippines",NA,1,14,"WE",0.0532432432432433,NA,NA,"Australia",NA,1,3,"ME",0.106086956521739,58698870.0564972,211549818.850188
"900","850","850-900",1.49921917654888,"0.00035624412420945373|0.00020694426106138207",1,0,0,0.000356244124209454,NA,NA,"Indonesia (Dutch East Indies)",NA,1,3,"AS",0.156388888888889,NA,NA,"Australia",NA,1,3,"ME",0.106086956521739,354774503.38983,610726442.007813
"91","2","2-91",1.48846450886389,"0.00020649907495878304|0.0001382812190435769",1,0,0,0.000206499074958783,NA,NA,"United States of America",NA,4,8,"AS",0.00662337662337662,NA,NA,"Honduras",NA,4,5,"LA",0,354011299.435028,237062146.892655
"91","42","42-91",1.20130054244293,"2.092673357785309e-7|6.261542330381257e-7",1,0,0,6.26154233038126e-07,NA,NA,"Dominican Republic (Santo Domingo)",NA,4,5,"LA",0.017,NA,NA,"Honduras",NA,4,5,"LA",0,358757.062146893,1073446.32768362
"91","52","52-91",1.12253066030719,"2.63643887594999e-7|1.7483699490502143e-7",1,0,0,2.63643887594999e-07,NA,NA,"Trinidad and Tobago",NA,4,5,"LA",0.021875,NA,NA,"Honduras",NA,4,5,"LA",0,299731.472249917,451977.401129943
"91","70","70-91",1.25630771162155,"0.0000182296566077562|5.272877751899985e-7",1,0,0,1.82296566077562e-05,NA,NA,"Mexico",NA,4,5,"LA",0,NA,NA,"Honduras",NA,4,5,"LA",0,31251977.4011299,903954.802259887
"91","90","90-91",4.60784518336309,"0.000004119435743671865|0.000014452430630182646",1,0,0,1.44524306301826e-05,NA,NA,"Guatemala",NA,4,5,"LA",0,NA,NA,"Honduras",NA,4,5,"LA",0,24776497.1751412,7062146.89265537
"910","375","375-910",0.925125887568172,"2.058038768885955e-7|0.000006678641750733664",0,1,0,6.67864175073366e-06,NA,NA,"Finland",NA,3,10,"AF",0.0110869565217391,NA,NA,"Papua New Guinea",NA,1,1,"AS",0.1645,352819.487935432,11449516.880936
"910","512","512-910",0.259157121428217,"2.2161718880435237e-7",0,1,0,2.21617188804352e-07,NA,NA,"Tanzania (Tanganyika)",NA,5,8,"ME",0.255,NA,NA,"Papua New Guinea",NA,1,1,"AS",0.1645,NA,379929.00937414
"910","625","625-910",2.71746230979397,"7.960043920358422e-7",0,1,0,7.96004392035842e-07,NA,NA,"Sudan (Anglo-Egyptian Sudan) (Mahdist State)",NA,2,8,"AF",0.184736842105263,NA,NA,"Papua New Guinea",NA,1,1,"AS",0.1645,1364628.62720738,NA
"910","712","712-910",0.155691280734439,"1.1387759542715953e-8",0,1,0,1.1387759542716e-08,NA,NA,"Mongolia",NA,2,1,"AS",0.105882352941176,NA,NA,"Papua New Guinea",NA,1,1,"AS",0.1645,19522.5840802201,NA
"910","731","731-910",0.255872478193495,"1.2754290687841803e-7",0.75,0.25,0.75,1.27542906878418e-07,NA,NA,"North Korea (Democratic People's Republic of Korea)",NA,1,1,"AS",0.417555555555556,NA,NA,"Papua New Guinea",NA,1,1,"AS",0.1645,218652.941698464,NA
"910","732","732-910",1.41569814824467,"0.00004287011378991452|0.000007118384965064995",0.95,0.05,0.19,4.28701137899145e-05,NA,NA,"South Korea (Republic of South Korea)",NA,1,3,"AS",0.218196721311475,NA,NA,"Papua New Guinea",NA,1,1,"AS",0.1645,12203389.8305085,73494298.6680418
"910","740","740-910",1.26570233724273,"0.000053833746237730014|0.00010501053470008228",1,0,0,0.000105010534700082,NA,NA,"Japan",NA,1,1,"AS",0.100597014925373,NA,NA,"Papua New Guinea",NA,1,1,"AS",0.1645,92289781.2635638,180024611.979319
"910","771","771-910",0.225268053966435,"2.916517271299686e-7",0.5,0.5,1,2.91651727129969e-07,NA,NA,"Bangladesh",NA,2,3,"AS",0.649298245614035,NA,NA,"Papua New Guinea",NA,1,1,"AS",0.1645,499992.58797822,NA
"910","775","775-910",3.11761633008948,"0.0000031251486389988746",0.85,0.15,0.51,3.12514863899887e-06,NA,NA,"Myanmar (Burma)",NA,1,10,"AF",0.3108,NA,NA,"Papua New Guinea",NA,1,1,"AS",0.1645,NA,5357592.67125252
"910","800","800-910",0.270098770319344,"4.155322290081616e-7|0.000005265835564073575",0.7,0.3,0.84,5.26583556407358e-06,NA,NA,"Thailand (Siam)",NA,1,9,"AF",0.55655737704918,NA,NA,"Papua New Guinea",NA,1,1,"AS",0.1645,9027475.26118921,712366.892576514
"910","820","820-910",0.324256408021735,"0.0000068048567964368245|7.628479170874831e-7",1,0,0,6.80485679643682e-06,NA,NA,"Malaysia (British Malaya)",NA,1,1,"AS",0.194210526315789,NA,NA,"Papua New Guinea",NA,1,1,"AS",0.1645,11665893.4063347,1307786.88695505
"910","830","830-910",1.7514850865109,"0.00004803172663189946|0.000010046184189987308",1,0,0,4.80317266318995e-05,NA,NA,"Singapore",NA,1,3,"AS",0.152363636363636,NA,NA,"Papua New Guinea",NA,1,1,"AS",0.1645,82343099.9023153,17222656.9061915
"910","840","840-910",2.54799941092204,"0.000022864660901174045|7.826927912976543e-7",1,0,0,2.2864660901174e-05,NA,NA,"Philippines",NA,1,14,"WE",0.0532432432432433,NA,NA,"Papua New Guinea",NA,1,1,"AS",0.1645,1341807.90960452,39197988.2640226
"910","900","900-910",3.64870557964626,"0.0002256014948011567|0.000184821117371965",1,0,0,0.000225601494801157,NA,NA,"Australia",NA,1,3,"ME",0.106086956521739,NA,NA,"Papua New Guinea",NA,1,1,"AS",0.1645,386759496.84028,316847733.758336
"92","2","2-92",1.12282928804333,"0.00017594933948371263|0.00006569575407657926",1,0,0,0.000175949339483713,NA,NA,"United States of America",NA,4,8,"AS",0.00662337662337662,NA,NA,"El Salvador",NA,4,5,"LA",0,301638418.079096,112625392.015223
"92","41","41-92",2.47705619801155,"4.253107579612051e-7|4.915332802834528e-10",1,0,0,4.25310757961205e-07,NA,NA,"Haiti",NA,4,5,"LA",0.031875,NA,NA,"El Salvador",NA,4,5,"LA",0,842.659151395418,729130.69523239
"92","42","42-92",1.94742506960111,"1.8455072131649926e-8|0.0000012149269418891836",1,0,0,1.21492694188918e-06,NA,NA,"Dominican Republic (Santo Domingo)",NA,4,5,"LA",0.017,NA,NA,"El Salvador",NA,4,5,"LA",0,31638.418079096,2082807.70992636
"92","68","68-92",0.611404506205262,"2.0241930912439308e-7",1,0,0,2.02419309124393e-07,NA,NA,"Netherlands Antilles",NA,4,5,"LA",0,NA,NA,"El Salvador",NA,4,5,"LA",0,NA,347017.160576482
"92","70","70-92",1.87315843183952,"0.00003826461473581923|0.000002673464124613279",1,0,0,3.82646147358192e-05,NA,NA,"Mexico",NA,4,5,"LA",0,NA,NA,"El Salvador",NA,4,5,"LA",0,65598870.0564972,4583248.17646851
"92","80","80-92",4.60973623616615,"5.437655181646858e-9|0.0000013642749008755598",1,0,0,1.36427490087556e-06,NA,NA,"Belize (British Honduras)",NA,4,5,"LA",0,NA,NA,"El Salvador",NA,4,5,"LA",0,9322.03389830508,2338842.10155397
"92","90","90-92",5.74397563220381,"0.00005098941992607777|0.00003561531568375131",1,0,0,5.09894199260778e-05,NA,NA,"Guatemala",NA,4,5,"LA",0,NA,NA,"El Salvador",NA,4,5,"LA",0,87413615.819209,61057049.2265407
"92","91","91-92",4.6159650745074,"0.000007095939607067057|0.000004613768032912487",1,0,0,7.09593960706706e-06,NA,NA,"Honduras",NA,4,5,"LA",0,NA,NA,"El Salvador",NA,4,5,"LA",0,7909604.51977401,12164910.6733853
"920","101","101-920",0.700663647017426,"3.2955485949374887e-10|0.000019362064823378228",0,1,0,1.93620648233782e-05,NA,NA,"Venezuela",NA,4,5,"LA",0,NA,NA,"New Zealand",NA,1,14,"WE",0.0645098039215686,564.971751412429,33193319.2884157
"920","110","110-920",0.534846677442948,"2.1115115856729621e-7|3.592557775122964e-7",0,1,0,3.59255777512296e-07,NA,NA,"Guyana (British Guiana)",NA,4,5,"LA",0,NA,NA,"New Zealand",NA,1,14,"WE",0.0645098039215686,615889.464163723,361986.590189521
"920","130","130-920",0.977199417041382,"1.434045282043205e-7|0.000004743184226235682",0,1,0,4.74318422623568e-06,NA,NA,"Ecuador",NA,4,5,"LA",0,NA,NA,"New Zealand",NA,1,14,"WE",0.0645098039215686,8131468.92655367,245845.282283282
"920","135","135-920",0.908626138180207,"0.000007513651042083588|2.438705960253745e-7",0,1,0,7.51365104208359e-06,NA,NA,"Peru",NA,4,3,"AS",0.025,NA,NA,"New Zealand",NA,1,14,"WE",0.0645098039215686,418079.096045198,12881013.4836695
"920","2","2-920",0.107163295574536,"0.0004047721473227063|0.0003325538087151419",0,1,0,0.000404772147322706,NA,NA,"United States of America",NA,4,8,"AS",0.00662337662337662,NA,NA,"New Zealand",NA,1,14,"WE",0.0645098039215686,570112994.350282,693920366.846288
"920","200","200-920",0.183519498751985,"0.00019635231716664473|0.0001514718579965214",0,1,0,0.000196352317166645,NA,NA,"United Kingdom",NA,4,1,"AS",0.0107228915662651,NA,NA,"New Zealand",NA,1,14,"WE",0.0645098039215686,259675493.887271,336616224.363799
"920","338","338-920",0.783171027325406,"0.000004701148611913969|4.008785068576767e-9",0,1,0,4.70114861191397e-06,NA,NA,"Malta",NA,2,3,"AS",0.243571428571429,NA,NA,"New Zealand",NA,1,14,"WE",0.0645098039215686,6872.45311663435,8059405.25047401
"920","365","365-920",0.0824323849607875,"0.00004190261086312484",0,1,0,4.19026108631248e-05,NA,NA,"Russia (USSR)",NA,2,9,"AF",0.072,NA,NA,"New Zealand",NA,1,14,"WE",0.0645098039215686,NA,71835661.8514441
"920","40","40-920",1.99871819518908,"0.00001494457680999752|0.0000025263172089994955",0,1,0,1.49445768099975e-05,NA,NA,"Cuba",NA,4,5,"LA",0,NA,NA,"New Zealand",NA,1,14,"WE",0.0645098039215686,4330987.13939273,25620207.0496916
"920","51","51-920",0.461227060765673,"0.0000025965441236948945",0,1,0,2.59654412369489e-06,NA,NA,"Jamaica",NA,4,5,"LA",0,NA,NA,"New Zealand",NA,1,14,"WE",0.0645098039215686,NA,4451380.51806328
"920","52","52-920",0.804289996484343,"2.9453519698914482e-8|0.000002807666413614882",0,1,0,2.80766641361488e-06,NA,NA,"Trinidad and Tobago",NA,4,5,"LA",0.021875,NA,NA,"New Zealand",NA,1,14,"WE",0.0645098039215686,50493.5859089398,4813317.61734177
"920","53","53-920",1.59452587423831,"0.000002335140468635538|5.272877751899986e-9",0,1,0,2.33514046863554e-06,NA,NA,"Barbados",NA,4,5,"LA",0.0182142857142857,NA,NA,"New Zealand",NA,1,14,"WE",0.0645098039215686,9039.54802259887,4003243.65535288
"920","541","541-920",0.0238490574962195,"7.557657504521305e-7",0,1,0,7.5576575045213e-07,NA,NA,"Mozambique (Portuguese East Africa)",NA,5,5,"LA",0.110666666666667,NA,NA,"New Zealand",NA,1,14,"WE",0.0645098039215686,NA,1295645.58794973
"920","55","55-920",1.26400737967928,"3.6817744128887e-7",0,1,0,3.6817744128887e-07,NA,NA,"Grenada",NA,4,5,"LA",0,NA,NA,"New Zealand",NA,1,14,"WE",0.0645098039215686,NA,631184.301621458
"920","553","553-920",0.371932364522521,"2.913559595320715e-7|4.57506760958755e-7",0,1,0,4.57506760958755e-07,NA,NA,"Malawi (Nyasaland) (British Central Africa Protectorate)",NA,5,8,"AF",0.101714285714286,NA,NA,"New Zealand",NA,1,14,"WE",0.0645098039215686,784325.852208525,499485.53935496
"920","590","590-920",1.61559587648533,"0.0000052087165779084234|8.421885193557673e-8",0,1,0,5.20871657790842e-06,NA,NA,"Mauritius",NA,5,8,"AF",0.150526315789474,NA,NA,"New Zealand",NA,1,14,"WE",0.0645098039215686,144380.429871614,8929553.43505622
"920","615","615-920",1.54424034534779,"0.00003529388381885158",0,1,0,3.52938838188516e-05,NA,NA,"Algeria (Regency of Algiers)",NA,0,3,"AS",0.0284375,NA,NA,"New Zealand",NA,1,14,"WE",0.0645098039215686,NA,60506003.1155802
"920","630","630-920",0.546627826118081,"0.000032306019938116024",0,1,0,3.2306019938116e-05,NA,NA,"Iran (Persia)",NA,2,7,"ME",0.181707317073171,NA,NA,"New Zealand",NA,1,14,"WE",0.0645098039215686,NA,55383764.3105623
"920","645","645-920",0.41335029367603,"5.665122865014673e-7",0,1,0,5.66512286501467e-07,NA,NA,"Iraq (Mesopotamia)",NA,2,7,"ME",0.202631578947368,NA,NA,"New Zealand",NA,1,14,"WE",0.0645098039215686,NA,971199.26919926
"920","663","663-920",1.00598892015463,"0.0000067004665797703|9.448471682335293e-8",0,1,0,6.7004665797703e-06,NA,NA,"Jordan (Transjordan)",NA,2,8,"AF",0.264791666666667,NA,NA,"New Zealand",NA,1,14,"WE",0.0645098039215686,161979.695967462,11486932.2354055
"920","670","670-920",0.433352709902012,"0.000029045995027633026|0.00005339167117896422",0,1,0,5.33916711789642e-05,NA,NA,"Saudi Arabia (Emirate of Nejd) (Emirate of Diriyah)",NA,2,1,"AS",0.49,NA,NA,"New Zealand",NA,1,14,"WE",0.0645098039215686,91531910.7208859,49794946.7578396
"920","679","679-920",0.748364894190092,"0.000004025143656083678",0,1,0,4.02514365608368e-06,NA,NA,"Yemen",NA,2,1,"AS",0.479444444444445,NA,NA,"New Zealand",NA,1,14,"WE",0.0645098039215686,NA,6900497.43025367
"920","696","696-920",0.820037637093686,"0.000007661299952080037|0.00003432558837004247",0,1,0,3.43255883700425e-05,NA,NA,"United Arab Emirates (Trucial Oman)",NA,2,5,"LA",0.55,NA,NA,"New Zealand",NA,1,14,"WE",0.0645098039215686,58846007.6403542,13134135.1138678
"920","698","698-920",0.153448681553988,"0.0000035264329026420323|8.864785116717235e-7",0,1,0,3.52643290264203e-06,NA,NA,"Oman (Sultanate of Muscat and Oman)",NA,2,3,"ME",0.463793103448276,NA,NA,"New Zealand",NA,1,14,"WE",0.0645098039215686,1519732.7634556,6045533.59129537
"920","713","713-920",0.256175623614741,"0.0000728338376681973",0.95,0.05,0.19,7.28338376681973e-05,NA,NA,"Republic of China (Taiwan) (Formosa)",NA,1,5,"LA",0.122,NA,NA,"New Zealand",NA,1,14,"WE",0.0645098039215686,NA,124862552.148986
"920","732","732-920",0.712982690757469,"0.00013738546938665738|0.00003954658313924988",0.95,0.05,0.19,0.000137385469386657,NA,NA,"South Korea (Republic of South Korea)",NA,1,3,"AS",0.218196721311475,NA,NA,"New Zealand",NA,1,14,"WE",0.0645098039215686,67796610.1694915,235526520.158841
"920","740","740-920",0.962754673011295,"0.00035669478065003746|0.0005019217113508171",1,0,0,0.000501921711350817,NA,NA,"Japan",NA,1,1,"AS",0.100597014925373,NA,NA,"New Zealand",NA,1,14,"WE",0.0645098039215686,611499024.026215,860468538.589927
"920","750","750-920",0.281676023316246,"0.00002209955083723128|0.00000797720492890571",0.5,0.5,1,2.20995508372313e-05,NA,NA,"India",NA,2,1,"AS",0.620394736842105,NA,NA,"New Zealand",NA,1,14,"WE",0.0645098039215686,13675706.2146893,37886323.2698755
"920","780","780-920",1.2433147096074,"0.000008539882788890202|0.0000011152044361245021",0.35,0.65,0.91,8.5398827888902e-06,NA,NA,"Sri Lanka (Ceylon)",NA,2,1,"AS",0.713684210526316,NA,NA,"New Zealand",NA,1,14,"WE",0.0645098039215686,1911848.62037248,14640331.9420258
"920","790","790-920",3.19564470313231,"0.000010687699298690075|2.8011770202419416e-8",0.5,0.5,1,1.06876992986901e-05,NA,NA,"Nepal",NA,2,8,"AS",0.7245,NA,NA,"New Zealand",NA,1,14,"WE",0.0645098039215686,48021.9253806014,18322437.1220806
"920","80","80-920",0.150694405574112,"2.5123000946459036e-7|9.886645784812483e-10",0,1,0,2.5123000946459e-07,NA,NA,"Belize (British Honduras)",NA,4,5,"LA",0,NA,NA,"New Zealand",NA,1,14,"WE",0.0645098039215686,1694.91525423729,430695.69258548
"920","820","820-920",1.00144908866574,"0.00008110240865220588|0.000023231753773249193",1,0,0,8.11024086522059e-05,NA,NA,"Malaysia (British Malaya)",NA,1,1,"AS",0.194210526315789,NA,NA,"New Zealand",NA,1,14,"WE",0.0645098039215686,39827313.2364594,139037761.210353
"920","830","830-920",0.412310340536107,"0.0000499788459149912|0.00006332858407260282",1,0,0,6.33285840726028e-05,NA,NA,"Singapore",NA,1,3,"AS",0.152363636363636,NA,NA,"New Zealand",NA,1,14,"WE",0.0645098039215686,108567238.586407,85681140.1705339
"920","840","840-920",0.579743261067785,"0.000020669672293213336|0.000003348606927315988",1,0,0,2.06696722932133e-05,NA,NA,"Philippines",NA,1,14,"WE",0.0532432432432433,NA,NA,"New Zealand",NA,1,14,"WE",0.0645098039215686,5740677.9661017,35435013.6865125
"920","850","850-920",0.62721002145449,"0.00003329407412063748|0.00000906214203893598",1,0,0,3.32940741206375e-05,NA,NA,"Indonesia (Dutch East Indies)",NA,1,3,"AS",0.156388888888889,NA,NA,"New Zealand",NA,1,14,"WE",0.0645098039215686,15535666.1016949,57077633.1336379
"920","900","900-920",3.10565390315334,"0.0006594250000626539|0.0005971709457639424",1,0,0,0.000659425000062654,NA,NA,"Australia",NA,1,3,"ME",0.106086956521739,NA,NA,"New Zealand",NA,1,14,"WE",0.0645098039215686,1130484004.34103,1023758883.84456
"920","910","910-920",2.62127393829099,"0.000018049371207968497|0.0000013833760457396685",1,0,0,1.80493712079685e-05,NA,NA,"Papua New Guinea",NA,1,1,"AS",0.1645,NA,NA,"New Zealand",NA,1,14,"WE",0.0645098039215686,2371588.11320264,30942905.466252
"920","92","92-920",0.229181354859054,"0.0000015910536638959358",0,1,0,1.59105366389594e-06,NA,NA,"El Salvador",NA,4,5,"LA",0,NA,NA,"New Zealand",NA,1,14,"WE",0.0645098039215686,NA,2727619.84594404
"920","95","920-95",0.182976284016773,"0.0000015507709892109772|2.75799189032567e-7",0,1,0,1.55077098921098e-06,NA,NA,"Panama",NA,4,7,"ME",0.0159375,NA,NA,"New Zealand",NA,1,14,"WE",0.0645098039215686,472815.81920904,2658561.31862237
"93","2","2-93",0.623595040577016,"0.00001733458560937121|0.00004837865337368235",1,0,0,4.83786533736824e-05,NA,NA,"United States of America",NA,4,8,"AS",0.00662337662337662,NA,NA,"Nicaragua",NA,4,5,"LA",0,82937853.1073446,29717514.1242938
"93","20","20-93",1.32067356551775,"0.0000027044004852781972|0.000010776443905445573",1,0,0,1.07764439054456e-05,NA,NA,"Canada (Province of Canada)",NA,4,4,"AF",0.0392307692307692,NA,NA,"Nicaragua",NA,4,5,"LA",0,4636283.86798899,18474576.2711864
"93","40","40-93",3.13217419657499,"9.886645784812483e-7|0.0000015369240265481211",1,0,0,1.53692402654812e-06,NA,NA,"Cuba",NA,4,5,"LA",0,NA,NA,"Nicaragua",NA,4,5,"LA",0,2634822.80431433,1694915.25423729
"93","42","42-93",0.354233495674753,"2.9659937354437396e-9|9.886645784812485e-8",1,0,0,9.88664578481248e-08,NA,NA,"Dominican Republic (Santo Domingo)",NA,4,5,"LA",0.017,NA,NA,"Nicaragua",NA,4,5,"LA",0,5084.74576271186,169491.525423729
"93","70","70-93",1.30915232430059,"0.000006018989953793827|0.0000042512576874693645",1,0,0,6.01898995379383e-06,NA,NA,"Mexico",NA,4,5,"LA",0,NA,NA,"Nicaragua",NA,4,5,"LA",0,10318644.0677966,7288135.59322034
"93","90","90-93",5.40998033770139,"0.000003756925398228743|0.000016538974267581395",1,0,0,1.65389742675814e-05,NA,NA,"Guatemala",NA,4,5,"LA",0,NA,NA,"Nicaragua",NA,4,5,"LA",0,28353559.3220339,6440677.9661017
"93","91","91-93",4.63665923711408,"2.63643887594999e-7|0.000002900082763544993",1,0,0,2.90008276354499e-06,NA,NA,"Honduras",NA,4,5,"LA",0,NA,NA,"Nicaragua",NA,4,5,"LA",0,451977.401129943,4971751.41242938
"93","92","92-93",5.36102930129955,"0.000006327453302279957|0.000007669940584586089",1,0,0,7.66994058458609e-06,NA,NA,"El Salvador",NA,4,5,"LA",0,NA,NA,"Nicaragua",NA,4,5,"LA",0,13148948.1658973,10847457.6271186
"930","220","220-930",2.21821496406412,"0.00013149633388627834|0.000041030583338874064",0,1,0,0.000131496333886278,NA,NA,"France",NA,0,9,"AF",0.0404166666666667,NA,NA,"New Caledonia",NA,1,3,"AS",0.085,225430491.828185,70340703.1110006
"930","230","230-930",0.57322199552732,"0.0000010212207470324113|0.0000068748393630747655",0,1,0,6.87483936307477e-06,NA,NA,"Spain",NA,0,3,"AS",0.0329310344827586,NA,NA,"New Caledonia",NA,1,3,"AS",0.085,1750727.86035053,11785867.8873741
"930","380","380-930",0.165154150288654,"0.0000023740683594916983",0,1,0,2.3740683594917e-06,NA,NA,"Sweden",NA,3,5,"LA",0.0137837837837838,NA,NA,"New Caledonia",NA,1,3,"AS",0.085,NA,4069979.6115745
"930","732","732-930",1.29219686074495,"7.909316627849975e-7|0.000011745052668879117",0.95,0.05,0.19,1.17450526688791e-05,NA,NA,"South Korea (Republic of South Korea)",NA,1,3,"AS",0.218196721311475,NA,NA,"New Caledonia",NA,1,3,"AS",0.085,1355932.20338983,20135108.8767475
"930","740","740-930",1.55611077605605,"0.00001168928090607452|0.00004352030320166987",1,0,0,4.35203032016699e-05,NA,NA,"Japan",NA,1,1,"AS",0.100597014925373,NA,NA,"New Caledonia",NA,1,3,"AS",0.085,20039496.6604401,74608949.6589983
"930","750","750-930",1.00461972417426,"0.000002181315853984927|5.5694771254443615e-8",0.5,0.5,1,2.18131585398493e-06,NA,NA,"India",NA,2,1,"AS",0.620394736842105,NA,NA,"New Caledonia",NA,1,3,"AS",0.085,95480.2259887006,3739534.71753597
"930","830","830-930",1.02221458572152,"0.000012136042221484503|6.103829341047633e-8",1,0,0,1.21360422214845e-05,NA,NA,"Singapore",NA,1,3,"AS",0.152363636363636,NA,NA,"New Caledonia",NA,1,3,"AS",0.085,20805401.0783517,104640.883112199
"930","900","900-930",2.16564504855418,"0.000026824028514862607|0.000006402595724583176",1,0,0,2.68240285148626e-05,NA,NA,"Australia",NA,1,3,"ME",0.106086956521739,NA,NA,"New Caledonia",NA,1,3,"AS",0.085,45985722.6601337,10976277.8969797
"930","910","910-930",0.289790998154364,"1.4197351157778798e-7|1.2850167033784544e-8",1,0,0,1.41973511577788e-07,NA,NA,"Papua New Guinea",NA,1,1,"AS",0.1645,NA,NA,"New Caledonia",NA,1,3,"AS",0.085,243392.021630308,22029.6596025683
"930","920","920-930",2.58093435776555,"0.000009082593007157055|6.425083516892302e-8",1,0,0,9.08259300715706e-06,NA,NA,"New Zealand",NA,1,14,"WE",0.0645098039215686,NA,NA,"New Caledonia",NA,1,3,"AS",0.085,15570726.1804681,110148.298012842
"935","230","230-935",1.10960728324761,"5.564528632898197e-7|0.0000018838668439045062",0,1,0,1.88386684390451e-06,NA,NA,"Spain",NA,0,3,"AS",0.0329310344827586,NA,NA,"Vanuatu (New Hebrides)",NA,1,3,"AS",0.0666666666666667,3229603.56847271,953953.916001271
"935","255","255-935",1.18109166008555,"0.0000024410372965501972|7.299974659289867e-8",0,1,0,2.4410372965502e-06,NA,NA,"Germany (Zollverein)",NA,2,8,"AF",0.083728813559322,NA,NA,"Vanuatu (New Hebrides)",NA,1,3,"AS",0.0666666666666667,125146.977800932,4184787.68243193
"935","325","325-935",1.25994818575151,"8.451617083657159e-7|0.000006310399592871119",0,1,0,6.31039959287112e-06,NA,NA,"Italy",NA,2,9,"AF",0.112337662337662,NA,NA,"Vanuatu (New Hebrides)",NA,1,3,"AS",0.0666666666666667,10818221.6325786,1448901.37968412
"935","350","350-935",0.953880875127149,"2.391413607742333e-7",0,1,0,2.39141360774233e-07,NA,NA,"Greece",NA,2,2,"WE",0.0898305084745763,NA,NA,"Vanuatu (New Hebrides)",NA,1,3,"AS",0.0666666666666667,409971.540517772,NA
"935","720","720-935",0.173591107695999,"0.0000012726057543606431|3.0931751732418143e-9",1,0,0,1.27260575436064e-06,NA,NA,"Hong Kong",NA,1,8,"AS",0.167954545454545,NA,NA,"Vanuatu (New Hebrides)",NA,1,3,"AS",0.0666666666666667,2181689.27323102,5302.77902057463
"935","740","740-935",1.19605687719484,"0.000008910369556911348|0.0000015810155107274428",1,0,0,8.91036955691135e-06,NA,NA,"Japan",NA,1,1,"AS",0.100597014925373,NA,NA,"Vanuatu (New Hebrides)",NA,1,3,"AS",0.0666666666666667,15275475.2335724,2710410.95700439
"935","750","750-935",0.975971092817779,"4.897185212077111e-7",0.5,0.5,1,4.89718521207711e-07,NA,NA,"India",NA,2,1,"AS",0.620394736842105,NA,NA,"Vanuatu (New Hebrides)",NA,1,3,"AS",0.0666666666666667,839548.02259887,NA
"935","900","900-935",2.94016623060482,"0.000008433697252463557|3.0636377852961057e-7",1,0,0,8.43369725246356e-06,NA,NA,"Australia",NA,1,3,"ME",0.106086956521739,NA,NA,"Vanuatu (New Hebrides)",NA,1,3,"AS",0.0666666666666667,14458292.9680541,525214.165529508
"935","910","910-935",2.95741626151997,"7.618090865149575e-9|6.301226946969462e-8",1,0,0,6.30122694696946e-08,NA,NA,"Papua New Guinea",NA,1,1,"AS",0.1645,NA,NA,"Vanuatu (New Hebrides)",NA,1,3,"AS",0.0666666666666667,13060.059697236,108024.965243884
"935","920","920-935",3.11774495528901,"0.0000022514767340990296|1.161676152660684e-8",1,0,0,2.25147673409903e-06,NA,NA,"New Zealand",NA,1,14,"WE",0.0645098039215686,NA,NA,"Vanuatu (New Hebrides)",NA,1,3,"AS",0.0666666666666667,3859814.8899467,19915.1731991137
"935","930","930-935",5.08612750347711,"2.7744678822943924e-7|2.0560267254055284e-7",1,0,0,2.77446788229439e-07,NA,NA,"New Caledonia",NA,1,3,"AS",0.085,NA,NA,"Vanuatu (New Hebrides)",NA,1,3,"AS",0.0666666666666667,352474.553641093,475640.377782725
"94","10","10-94",0.358783970807142,"5.8001655270899855e-8",0,1,0,5.80016552708999e-08,NA,NA,"Greenland",NA,3,5,"LA",0,NA,NA,"Costa Rica",NA,4,5,"LA",0.00575757575757576,NA,99435.0282485876
"94","2","2-94",1.33528446384406,"0.0003406938137446381|0.0002445291784565864",1,0,0,0.000340693813744638,NA,NA,"United States of America",NA,4,8,"AS",0.00662337662337662,NA,NA,"Costa Rica",NA,4,5,"LA",0.00575757575757576,584067796.61017,419208135.59322
"94","41","41-94",1.18179438593207,"3.0862812591589594e-7",1,0,0,3.08628125915896e-07,NA,NA,"Haiti",NA,4,5,"LA",0.031875,NA,NA,"Costa Rica",NA,4,5,"LA",0.00575757575757576,NA,529096.04519774
"94","42","42-94",1.62965213153465,"6.736101328052257e-7|0.0000023431350510005542",1,0,0,2.34313505100055e-06,NA,NA,"Dominican Republic (Santo Domingo)",NA,4,5,"LA",0.017,NA,NA,"Costa Rica",NA,4,5,"LA",0.00575757575757576,1154802.25988701,4016949.15254237
"94","51","51-94",1.99731645960786,"0.000002009361889305284|1.4987166345197197e-8",1,0,0,2.00936188930528e-06,NA,NA,"Jamaica",NA,4,5,"LA",0,NA,NA,"Costa Rica",NA,4,5,"LA",0.00575757575757576,25693.220338983,3444745.76271186
"94","52","52-94",0.805676621953409,"8.638629286141641e-7|4.178426063521243e-7",1,0,0,8.63862928614164e-07,NA,NA,"Trinidad and Tobago",NA,4,5,"LA",0.021875,NA,NA,"Costa Rica",NA,4,5,"LA",0.00575757575757576,1480961.7813227,716327.683615819
"94","53","53-94",1.51424662127475,"3.589181974746423e-7|8.238871487343707e-9",1,0,0,3.58918197474642e-07,NA,NA,"Barbados",NA,4,5,"LA",0.0182142857142857,NA,NA,"Costa Rica",NA,4,5,"LA",0.00575757575757576,14124.2937853107,615310.734463277
"94","54","54-94",1.57828646129544,"1.1695901963433144e-7",1,0,0,1.16959019634331e-07,NA,NA,"Dominica",NA,4,5,"LA",0,NA,NA,"Costa Rica",NA,4,5,"LA",0.00575757575757576,NA,200508.474576271
"94","56","56-94",1.93189281183801,"2.2518483549207876e-7",1,0,0,2.25184835492079e-07,NA,NA,"St. Lucia",NA,4,5,"LA",0,NA,NA,"Costa Rica",NA,4,5,"LA",0.00575757575757576,NA,386045.197740113
"94","68","68-94",1.30171229597172,"0.0000010698009848886094",1,0,0,1.06980098488861e-06,NA,NA,"Netherlands Antilles",NA,4,5,"LA",0,NA,NA,"Costa Rica",NA,4,5,"LA",0.00575757575757576,NA,1834011.29943503
"94","70","70-94",1.04938488124684,"0.000026287272922378366|0.000004150677544351873",1,0,0,2.62872729223784e-05,NA,NA,"Mexico",NA,4,5,"LA",0,NA,NA,"Costa Rica",NA,4,5,"LA",0.00575757575757576,45065536.7231638,7115706.21468927
"94","80","80-94",1.73535644875257,"2.0409332448447909e-7",1,0,0,2.04093324484479e-07,NA,NA,"Belize (British Honduras)",NA,4,5,"LA",0,NA,NA,"Costa Rica",NA,4,5,"LA",0.00575757575757576,NA,349887.005649718
"94","90","90-94",4.57497288986748,"0.0000248025953248731|0.000019308124885449508",1,0,0,2.48025953248731e-05,NA,NA,"Guatemala",NA,4,5,"LA",0,NA,NA,"Costa Rica",NA,4,5,"LA",0.00575757575757576,42520282.4858757,33100847.4576271
"94","91","91-94",3.50014465424345,"3.9546583139249876e-7|0.00000616125878663731",1,0,0,6.16125878663731e-06,NA,NA,"Honduras",NA,4,5,"LA",0,NA,NA,"Costa Rica",NA,4,5,"LA",0.00575757575757576,677966.101694915,10562542.3728814
"94","92","92-94",4.76670014488491,"0.000014632071326665345|0.00001442342980254725",1,0,0,1.46320713266653e-05,NA,NA,"El Salvador",NA,4,5,"LA",0,NA,NA,"Costa Rica",NA,4,5,"LA",0.00575757575757576,25084463.8641249,24726779.661017
"94","93","93-94",5.27769674214271,"0.00001870059050197279|0.000003888747342026241",1,0,0,1.87005905019728e-05,NA,NA,"Nicaragua",NA,4,5,"LA",0,NA,NA,"Costa Rica",NA,4,5,"LA",0.00575757575757576,6666666.66666667,32059322.0338983
"940","100","100-940",0.109591713713247,"4.7036466309562466e-8",0,1,0,4.70364663095625e-08,NA,NA,"Colombia (New Granada) (Gran Colombia)",NA,4,5,"LA",0.0134210526315789,NA,NA,"Solomon Islands (British Solomon Islands Protectorate)",NA,1,1,"AS",0.157058823529412,NA,80636.8772470469
"940","200","200-940",0.894678867418571,"0.0000036372854570950587|6.96774590023497e-7",0,1,0,3.63728545709506e-06,NA,NA,"United Kingdom",NA,4,1,"AS",0.0107228915662651,NA,NA,"Solomon Islands (British Solomon Islands Protectorate)",NA,1,1,"AS",0.157058823529412,1194514.20340145,6235573.45881265
"940","210","210-940",0.245315396196056,"3.70154326049317e-7|0.0000013843130834372494",0,1,0,1.38431308343725e-06,NA,NA,"Netherlands",NA,0,8,"AF",0.0270588235294118,NA,NA,"Solomon Islands (British Solomon Islands Protectorate)",NA,1,1,"AS",0.157058823529412,634573.370279605,2373194.52201104
"940","385","385-940",0.245036000409816,"2.425936803775674e-7",0,1,0,2.42593680377567e-07,NA,NA,"Norway",NA,3,11,"WE",0.0225806451612903,NA,NA,"Solomon Islands (British Solomon Islands Protectorate)",NA,1,1,"AS",0.157058823529412,NA,415890.018114271
"940","720","720-940",0.306108957935256,"9.798888751548704e-7|0.000001212431004301497",1,0,0,1.2124310043015e-06,NA,NA,"Hong Kong",NA,1,8,"AS",0.167954545454545,NA,NA,"Solomon Islands (British Solomon Islands Protectorate)",NA,1,1,"AS",0.157058823529412,2078528.80403343,1679870.64380188
"940","732","732-940",1.48701329826249,"0.0000025618396395736832|3.9546583139249876e-7",0.95,0.05,0.19,2.56183963957368e-06,NA,NA,"South Korea (Republic of South Korea)",NA,1,3,"AS",0.218196721311475,NA,NA,"Solomon Islands (British Solomon Islands Protectorate)",NA,1,1,"AS",0.157058823529412,677966.101694915,4391884.95120699
"940","740","740-940",1.99484195510069,"0.000012114896585459927|0.0000076058072459804635",1,0,0,1.21148965854599e-05,NA,NA,"Japan",NA,1,1,"AS",0.100597014925373,NA,NA,"Solomon Islands (British Solomon Islands Protectorate)",NA,1,1,"AS",0.157058823529412,13039001.297896,20769150.0971406
"940","750","750-940",0.107657876717042,"1.59684309191062e-7|3.2955485949374886e-9",0.5,0.5,1,1.59684309191062e-07,NA,NA,"India",NA,2,1,"AS",0.620394736842105,NA,NA,"Solomon Islands (British Solomon Islands Protectorate)",NA,1,1,"AS",0.157058823529412,5649.71751412429,273754.494093477
"940","781","781-940",0.829065723266084,"1.3182194379749978e-9",0.8,0.2,0.64,1.318219437975e-09,NA,NA,"Maldive Islands",NA,1,8,"AS",0.497857142857143,NA,NA,"Solomon Islands (British Solomon Islands Protectorate)",NA,1,1,"AS",0.157058823529412,2259.88700564972,NA
"940","800","800-940",1.79837930389295,"2.5837065988242787e-7|0.0000015423691456975116",0.7,0.3,0.84,1.54236914569751e-06,NA,NA,"Thailand (Siam)",NA,1,9,"AF",0.55655737704918,NA,NA,"Solomon Islands (British Solomon Islands Protectorate)",NA,1,1,"AS",0.157058823529412,442937.253152928,2644157.63405165
"940","830","830-940",2.15524811007467,"0.0000053268145804792575|4.781422107319918e-7",1,0,0,5.32681458047926e-06,NA,NA,"Singapore",NA,1,3,"AS",0.152363636363636,NA,NA,"Solomon Islands (British Solomon Islands Protectorate)",NA,1,1,"AS",0.157058823529412,9132014.52288011,819702.196582503
"940","840","840-940",0.346826149871698,"1.4080980360187461e-7|4.416035117216236e-8",1,0,0,1.40809803601875e-07,NA,NA,"Philippines",NA,1,14,"WE",0.0532432432432433,NA,NA,"Solomon Islands (British Solomon Islands Protectorate)",NA,1,1,"AS",0.157058823529412,75706.2146892655,241397.021058038
"940","900","900-940",3.16659518086293,"3.9453719443272835e-7|0.00001031695211688127",1,0,0,1.03169521168813e-05,NA,NA,"Australia",NA,1,3,"ME",0.106086956521739,NA,NA,"Solomon Islands (British Solomon Islands Protectorate)",NA,1,1,"AS",0.157058823529412,17686847.3906486,676374.094675526
"940","910","910-940",4.01206689847675,"8.300256274437989e-7|1.1218481318500317e-7",1,0,0,8.30025627443799e-07,NA,NA,"Papua New Guinea",NA,1,1,"AS",0.1645,NA,NA,"Solomon Islands (British Solomon Islands Protectorate)",NA,1,1,"AS",0.157058823529412,1422952.86792158,192323.822760106
"940","920","920-940",3.27171737452974,"1.9614863205237235e-7|0.0000025617302689662974",1,0,0,2.5617302689663e-06,NA,NA,"New Zealand",NA,1,14,"WE",0.0645098039215686,NA,NA,"Solomon Islands (British Solomon Islands Protectorate)",NA,1,1,"AS",0.157058823529412,4391697.45191263,336267.037172556
"940","935","935-940",4.94983120804465,"3.422214809748218e-8|8.639266589178574e-8",1,0,0,8.63926658917857e-08,NA,NA,"Vanuatu (New Hebrides)",NA,1,3,"AS",0.0666666666666667,NA,NA,"Solomon Islands (British Solomon Islands Protectorate)",NA,1,1,"AS",0.157058823529412,58668.6750043107,148107.103724856
"946","2","2-946",1.43806886139099,"0.000009029803150128746",0,1,0,9.02980315012875e-06,NA,NA,"United States of America",NA,4,8,"AS",0.00662337662337662,NA,NA,"Kiribati",NA,1,5,"LA",0.0316666666666667,15480225.9887006,NA
"946","732","732-946",0.0677446047537186,"3.9546583139249876e-7",0.95,0.05,0.19,3.95465831392499e-07,NA,NA,"South Korea (Republic of South Korea)",NA,1,3,"AS",0.218196721311475,NA,NA,"Kiribati",NA,1,5,"LA",0.0316666666666667,677966.101694915,NA
"946","900","900-946",2.72030311372003,"0.000003218259797605647",1,0,0,3.21825979760565e-06,NA,NA,"Australia",NA,1,3,"ME",0.106086956521739,NA,NA,"Kiribati",NA,1,5,"LA",0.0316666666666667,5517217.61028367,NA
"946","910","910-946",2.45408073381082,"8.51841069466729e-8",1,0,0,8.51841069466729e-08,NA,NA,"Papua New Guinea",NA,1,1,"AS",0.1645,NA,NA,"Kiribati",NA,1,5,"LA",0.0316666666666667,146035.212978185,NA
"946","920","920-946",2.79349083053951,"7.739878050017907e-7",1,0,0,7.73987805001791e-07,NA,NA,"New Zealand",NA,1,14,"WE",0.0645098039215686,NA,NA,"Kiribati",NA,1,5,"LA",0.0316666666666667,1326884.53277691,NA
"947","100","100-947",0.0142127115853439,"1.3182194379749744e-9",0,1,0,1.31821943797497e-09,NA,NA,"Colombia (New Granada) (Gran Colombia)",NA,4,5,"LA",0.0134210526315789,NA,NA,"Tuvalu",NA,1,1,"AS",0,2259.88700564968,NA
"947","200","200-947",0.634687168429582,"6.03469023196873e-8",0,1,0,6.03469023196873e-08,NA,NA,"United Kingdom",NA,4,1,"AS",0.0107228915662651,NA,NA,"Tuvalu",NA,1,1,"AS",0,103455.59810055,NA
"947","205","205-947",0.322866728961893,"5.82571478183722e-9",0,1,0,5.82571478183722e-09,NA,NA,"Ireland",NA,0,8,"AS",0.037037037037037,NA,NA,"Tuvalu",NA,1,1,"AS",0,9987.30314151621,NA
"947","210","210-947",0.586499886146214,"3.754422449928774e-8",0,1,0,3.75442244992877e-08,NA,NA,"Netherlands",NA,0,8,"AF",0.0270588235294118,NA,NA,"Tuvalu",NA,1,1,"AS",0,64363.870414074,NA
"947","225","225-947",0.0951695687057634,"1.2180271307830965e-8",0,1,0,1.2180271307831e-08,NA,NA,"Switzerland",NA,2,14,"WE",0.0813157894736842,NA,NA,"Tuvalu",NA,1,1,"AS",0,20881.2251290573,NA
"947","325","325-947",0.128040758931232,"3.4208665283298674e-8",0,1,0,3.42086652832987e-08,NA,NA,"Italy",NA,2,9,"AF",0.112337662337662,NA,NA,"Tuvalu",NA,1,1,"AS",0,58645.560767261,NA
"947","390","390-947",0.535295479719994,"1.0804326117466633e-8",0,1,0,1.08043261174666e-08,NA,NA,"Denmark",NA,3,11,"WE",0.0130769230769231,NA,NA,"Tuvalu",NA,1,1,"AS",0,18522.3760887433,NA
"947","720","720-947",0.465723819946625,"2.8656683415283967e-8",1,0,0,2.8656683415284e-08,NA,NA,"Hong Kong",NA,1,8,"AS",0.167954545454545,NA,NA,"Tuvalu",NA,1,1,"AS",0,49127.5311299471,NA
"947","900","900-947",3.78641068741171,"3.3051998405499284e-7",1,0,0,3.30519984054993e-07,NA,NA,"Australia",NA,1,3,"ME",0.106086956521739,NA,NA,"Tuvalu",NA,1,1,"AS",0,566626.310882542,NA
"947","920","920-947",2.07423130329314,"1.333323890615478e-8",1,0,0,1.33332389061548e-08,NA,NA,"New Zealand",NA,1,14,"WE",0.0645098039215686,NA,NA,"Tuvalu",NA,1,1,"AS",0,22857.8129552767,NA
"95","2","2-95",1.05658000666588,"0.000323392183621216|0.000045723392960596946",1,0,0,0.000323392183621216,NA,NA,"United States of America",NA,4,8,"AS",0.00662337662337662,NA,NA,"Panama",NA,4,7,"ME",0.0159375,554406779.661017,78385812.4293785
"95","31","31-95",1.50153647062158,"1.034502663483562e-8|3.0152094581605404e-7",0.15,0.85,0.51,3.01520945816054e-07,NA,NA,"Bahamas",NA,3,7,"ME",0.353076923076923,NA,NA,"Panama",NA,4,7,"ME",0.0159375,17734.9768875193,516911.86440678
"95","40","40-95",2.13793285852834,"5.97511301980086e-7|5.374889960679623e-8",1,0,0,5.97511301980086e-07,NA,NA,"Cuba",NA,4,5,"LA",0,NA,NA,"Panama",NA,4,7,"ME",0.0159375,92144.3246019514,1024342.37288136
"95","51","51-95",0.345704266341964,"9.808903793457903e-8|8.046872826202697e-8",1,0,0,9.8089037934579e-08,NA,NA,"Jamaica",NA,4,5,"LA",0,NA,NA,"Panama",NA,4,7,"ME",0.0159375,168158.757062147,137951.412429379
"95","52","52-95",0.0749848525228023,"4.7099321409127644e-8|0.0000014715496052071363",1,0,0,1.47154960520714e-06,NA,NA,"Trinidad and Tobago",NA,4,5,"LA",0.021875,NA,NA,"Panama",NA,4,7,"ME",0.0159375,2522748.28846793,80744.6327683616
"95","68","68-95",2.80607600253844,"0.0000010057612254820628",1,0,0,1.00576122548206e-06,NA,NA,"Netherlands Antilles",NA,4,5,"LA",0,NA,NA,"Panama",NA,4,7,"ME",0.0159375,NA,1724224.85875706
"95","70","70-95",0.984774530217386,"0.00003270238781728372|0.000004249502148732837",1,0,0,3.27023878172837e-05,NA,NA,"Mexico",NA,4,5,"LA",0,NA,NA,"Panama",NA,4,7,"ME",0.0159375,56063276.8361582,7285125.98870056
"95","80","80-95",1.70344943207488,"2.4716614462031182e-8|4.128828057167435e-8",1,0,0,4.12882805716744e-08,NA,NA,"Belize (British Honduras)",NA,4,5,"LA",0,NA,NA,"Panama",NA,4,7,"ME",0.0159375,42372.8813559322,70782.4858757062
"95","90","90-95",3.44920845118816,"0.00000930811222897122|0.00000210572373022126",1,0,0,9.30811222897122e-06,NA,NA,"Guatemala",NA,4,5,"LA",0,NA,NA,"Panama",NA,4,7,"ME",0.0159375,15957344.6327684,3609943.50282486
"95","91","91-95",3.44203958605721,"0.0000012141987421243904",1,0,0,1.21419874212439e-06,NA,NA,"Honduras",NA,4,5,"LA",0,NA,NA,"Panama",NA,4,7,"ME",0.0159375,NA,2081559.3220339
"95","92","92-95",3.73801916305432,"0.000001849081565171062|0.000003276158984701161",1,0,0,3.27615898470116e-06,NA,NA,"El Salvador",NA,4,5,"LA",0,NA,NA,"Panama",NA,4,7,"ME",0.0159375,5616476.97240917,3169969.49152542
"95","93","93-95",3.89984184534123,"9.847263979102972e-7|0.0000010216200644306216",1,0,0,1.02162006443062e-06,NA,NA,"Nicaragua",NA,4,5,"LA",0,NA,NA,"Panama",NA,4,7,"ME",0.0159375,1751412.42937853,1688163.84180791
"95","94","94-95",4.85083762921254,"0.000008809585695033801|0.000017989971358446433",1,0,0,1.79899713584464e-05,NA,NA,"Costa Rica",NA,4,5,"LA",0.00575757575757576,NA,NA,"Panama",NA,4,7,"ME",0.0159375,30841073.4463277,15102696.6101695
"950","20","20-950",0.135104976604939,"6.40502868253952e-7|0.000004941797336995822",0,1,0,4.94179733699582e-06,NA,NA,"Canada (Province of Canada)",NA,4,4,"AF",0.0392307692307692,NA,NA,"Fiji",NA,1,8,"AS",0.0792307692307692,1098044.88338605,8471960.93814774
"950","200","200-950",1.7733648420106,"0.000004836602853730802|0.00003845329209699575",0,1,0,3.84532920969958e-05,NA,NA,"United Kingdom",NA,4,1,"AS",0.0107228915662651,NA,NA,"Fiji",NA,1,8,"AS",0.0792307692307692,8291620.97429328,65922328.7345441
"950","710","710-950",0.067246938038546,"0.0000032075574474526628|0.0000023460003441586294",1,0,0,3.20755744745266e-06,NA,NA,"People's Republic of China (China)",NA,1,2,"WE",0.106923076923077,NA,NA,"Fiji",NA,1,8,"AS",0.0792307692307692,5498870.05649718,4021861.26246032
"950","713","713-950",0.188506877197362,"0.0000025700798641445995",0.95,0.05,0.19,2.5700798641446e-06,NA,NA,"Republic of China (Taiwan) (Formosa)",NA,1,5,"LA",0.122,NA,NA,"Fiji",NA,1,8,"AS",0.0792307692307692,NA,4406011.56464857
"950","720","720-950",0.428677979030691,"0.000007915016995996247|0.0000016187616784134126",1,0,0,7.91501699599625e-06,NA,NA,"Hong Kong",NA,1,8,"AS",0.167954545454545,NA,NA,"Fiji",NA,1,8,"AS",0.0792307692307692,13569094.4492717,2775121.02833943
"950","740","740-950",0.155551746193275,"0.000017563832095066713|0.000008454224838111354",1,0,0,1.75638320950667e-05,NA,NA,"Japan",NA,1,1,"AS",0.100597014925373,NA,NA,"Fiji",NA,1,8,"AS",0.0792307692307692,30110522.4043947,14493484.3957682
"950","800","800-950",1.16287173781732,"2.8404658932426596e-8|0.000004704999468336266",0.7,0.3,0.84,4.70499946833627e-06,NA,NA,"Thailand (Siam)",NA,1,9,"AF",0.55655737704918,NA,NA,"Fiji",NA,1,8,"AS",0.0792307692307692,8066006.95891395,48695.4734334001
"950","830","830-950",1.67337491024269,"0.000016254413074297495|2.718417685521767e-7",1,0,0,1.62544130742975e-05,NA,NA,"Singapore",NA,1,3,"AS",0.152363636363636,NA,NA,"Fiji",NA,1,8,"AS",0.0792307692307692,27865722.3773729,466031.422877224
"950","900","900-950",3.21969262916971,"0.00005375141826225129|0.000023358672867316764",1,0,0,5.37514182622513e-05,NA,NA,"Australia",NA,1,3,"ME",0.106086956521739,NA,NA,"Fiji",NA,1,8,"AS",0.0792307692307692,92148642.4541774,40044896.7458429
"950","910","910-950",0.0663314418904761,"7.929740036905707e-8",1,0,0,7.92974003690571e-08,NA,NA,"Papua New Guinea",NA,1,1,"AS",0.1645,NA,NA,"Fiji",NA,1,8,"AS",0.0792307692307692,135943.348666684,NA
"950","920","920-950",4.30333625004455,"0.00003550899404308167|0.000013252115677435005",1,0,0,3.55089940430817e-05,NA,NA,"New Zealand",NA,1,14,"WE",0.0645098039215686,NA,NA,"Fiji",NA,1,8,"AS",0.0792307692307692,60874776.9225169,22718739.5012228
"955","2","2-955",0.0458465332011519,"0.0000016477742974687474|8.728781050794355e-7",0,1,0,1.64777429746875e-06,NA,NA,"United States of America",NA,4,8,"AS",0.00662337662337662,NA,NA,"Tonga (Haʻapai)",NA,1,3,"AS",0,2824858.75706215,1496416.93208182
"955","740","740-955",2.20362305388875,"0.0000013482223758014844|0.0000031674643488984784",1,0,0,3.16746434889848e-06,NA,NA,"Japan",NA,1,1,"AS",0.100597014925373,NA,NA,"Tonga (Haʻapai)",NA,1,3,"AS",0,2311322.48548876,5430136.52865752
"955","900","900-955",2.75693775752239,"0.0000029147191244244335|4.879316144329437e-7",1,0,0,2.91471912442443e-06,NA,NA,"Australia",NA,1,3,"ME",0.106086956521739,NA,NA,"Tonga (Haʻapai)",NA,1,3,"AS",0,4996843.23008021,836484.642341932
"955","920","920-955",4.98983515044037,"0.000006076587042851577|4.680410142882723e-7",1,0,0,6.07658704285158e-06,NA,NA,"New Zealand",NA,1,14,"WE",0.0645098039215686,NA,NA,"Tonga (Haʻapai)",NA,1,3,"AS",0,10417385.5287212,802385.229522949
"955","935","935-955",3.09421156330089,"2.2770845059309718e-9|2.034193686895335e-10",1,0,0,2.27708450593097e-09,NA,NA,"Vanuatu (New Hebrides)",NA,1,3,"AS",0.0666666666666667,NA,NA,"Tonga (Haʻapai)",NA,1,3,"AS",0,3903.71552525788,348.731610804593
"955","946","946-955",2.17758613464921,"7.628226325857602e-10",1,0,0,7.6282263258576e-10,NA,NA,"Kiribati",NA,1,5,"LA",0.0316666666666667,NA,NA,"Tonga (Haʻapai)",NA,1,3,"AS",0,NA,1307.74354051724
"955","950","950-955",5.06950892859058,"1.3939795360451098e-7",1,0,0,1.39397953604511e-07,NA,NA,"Fiji",NA,1,8,"AS",0.0792307692307692,NA,NA,"Tonga (Haʻapai)",NA,1,3,"AS",0,NA,238976.618679607
"960","220","220-960",1.96496813526136,"0.00008980203842892628",0,1,0,8.98020384289263e-05,NA,NA,"France",NA,0,9,"AF",0.0404166666666667,NA,NA,"French Polynesia",NA,1,3,"AS",0,153951955.099479,NA
"960","820","820-960",1.36171861411404,"0.00000885128624933754",1,0,0,8.85128624933754e-06,NA,NA,"Malaysia (British Malaya)",NA,1,1,"AS",0.194210526315789,NA,NA,"French Polynesia",NA,1,3,"AS",0,15174185.8767397,NA
"960","830","830-960",0.629152299948502,"0.000007206568968149706",1,0,0,7.20656896814971e-06,NA,NA,"Singapore",NA,1,3,"AS",0.152363636363636,NA,NA,"French Polynesia",NA,1,3,"AS",0,12354567.9097693,NA
"960","900","900-960",1.90235499405079,"0.000018135721359911913",1,0,0,1.81357213599119e-05,NA,NA,"Australia",NA,1,3,"ME",0.106086956521739,NA,NA,"French Polynesia",NA,1,3,"AS",0,31090939.6862697,NA
"960","920","920-960",3.23055989706058,"0.000015300121906093712",1,0,0,1.53001219060937e-05,NA,NA,"New Zealand",NA,1,14,"WE",0.0645098039215686,NA,NA,"French Polynesia",NA,1,3,"AS",0,26229735.1141727,NA
"960","930","930-960",3.55315159731032,"0.0000010119506539105308",1,0,0,1.01195065391053e-06,NA,NA,"New Caledonia",NA,1,3,"AS",0.085,NA,NA,"French Polynesia",NA,1,3,"AS",0,1734835.69370225,NA
"960","935","935-960",3.87049420225923,"7.237575668675078e-8",1,0,0,7.23757566867508e-08,NA,NA,"Vanuatu (New Hebrides)",NA,1,3,"AS",0.0666666666666667,NA,NA,"French Polynesia",NA,1,3,"AS",0,124077.241882968,NA
"970","200","200-970",0.333330377610092,"6.752188002970262e-7",0,1,0,6.75218800297026e-07,NA,NA,"United Kingdom",NA,4,1,"AS",0.0107228915662651,NA,NA,"Nauru",NA,1,5,"LA",0,1157560.07596558,NA
"970","350","350-970",0.19974386390302,"2.860649880203039e-8",0,1,0,2.86064988020304e-08,NA,NA,"Greece",NA,2,2,"WE",0.0898305084745763,NA,NA,"Nauru",NA,1,5,"LA",0,49041.497232928,NA
"970","770","770-970",2.01426584861072,"1.1159051585058921e-7",0,1,0,1.11590515850589e-07,NA,NA,"Pakistan",NA,2,8,"AS",0.290694444444445,NA,NA,"Nauru",NA,1,5,"LA",0,191304.990246456,NA
"970","830","830-970",2.35699884706943,"0.0000016990955432267192",1,0,0,1.69909554322672e-06,NA,NA,"Singapore",NA,1,3,"AS",0.152363636363636,NA,NA,"Nauru",NA,1,5,"LA",0,2912841.23787002,NA
"970","840","840-970",1.01591018128462,"6.755874619621855e-8",1,0,0,6.75587461962186e-08,NA,NA,"Philippines",NA,1,14,"WE",0.0532432432432433,NA,NA,"Nauru",NA,1,5,"LA",0,115819.209039548,NA
"970","900","900-970",3.68075337184504,"0.000004497575569056014",1,0,0,4.49757556905601e-06,NA,NA,"Australia",NA,1,3,"ME",0.106086956521739,NA,NA,"Nauru",NA,1,5,"LA",0,7710410.18864881,NA
"970","920","920-970",3.73833059666828,"0.0000010649076245556336",1,0,0,1.06490762455563e-06,NA,NA,"New Zealand",NA,1,14,"WE",0.0645098039215686,NA,NA,"Nauru",NA,1,5,"LA",0,1825622.37638331,NA
"985","732","732-985",1.48028968908956,"0.000020959689063802437",0.95,0.05,0.19,2.09596890638024e-05,NA,NA,"South Korea (Republic of South Korea)",NA,1,3,"AS",0.218196721311475,NA,NA,"Guam",NA,1,5,"LA",0.0316666666666667,35932203.3898305,NA
"985","740","740-985",1.47038712323751,"0.00009107062531350728",1,0,0,9.10706253135073e-05,NA,NA,"Japan",NA,1,1,"AS",0.100597014925373,NA,NA,"Guam",NA,1,5,"LA",0.0316666666666667,156126754.630888,NA
"985","830","830-985",2.970877804787,"0.00007575272443850168",1,0,0,7.57527244385017e-05,NA,NA,"Singapore",NA,1,3,"AS",0.152363636363636,NA,NA,"Guam",NA,1,5,"LA",0.0316666666666667,129866540.174915,NA
"985","840","840-985",2.20764613837997,"0.000005368119106293678",1,0,0,5.36811910629368e-06,NA,NA,"Philippines",NA,1,14,"WE",0.0532432432432433,NA,NA,"Guam",NA,1,5,"LA",0.0316666666666667,9202824.85875706,NA
"985","900","900-985",0.728059031272945,"0.000005665207514061697",1,0,0,5.6652075140617e-06,NA,NA,"Australia",NA,1,3,"ME",0.106086956521739,NA,NA,"Guam",NA,1,5,"LA",0.0316666666666667,9712137.80992661,NA
"985","920","920-985",1.98407608497305,"0.0000044465695992262496",1,0,0,4.44656959922625e-06,NA,NA,"New Zealand",NA,1,14,"WE",0.0645098039215686,NA,NA,"Guam",NA,1,5,"LA",0.0316666666666667,7622968.20053345,NA
"990","732","732-990",1.28540764101365,"0.0000023727949883549924",0.95,0.05,0.19,2.37279498835499e-06,NA,NA,"South Korea (Republic of South Korea)",NA,1,3,"AS",0.218196721311475,NA,NA,"Samoa (Western Samoa) (German Samoa)",NA,1,3,"AS",0.119,4067796.61016949,NA
"990","771","771-990",0.253943533836355,"1.9236420559465324e-8",0.5,0.5,1,1.92364205594653e-08,NA,NA,"Bangladesh",NA,2,3,"AS",0.649298245614035,NA,NA,"Samoa (Western Samoa) (German Samoa)",NA,1,3,"AS",0.119,32977.9212817019,NA
"990","900","900-990",3.25249955854833,"0.00000638767004909214|6.950171148024864e-7",1,0,0,6.38767004909214e-06,NA,NA,"Australia",NA,1,3,"ME",0.106086956521739,NA,NA,"Samoa (Western Samoa) (German Samoa)",NA,1,3,"AS",0.119,10950690.0933705,1191501.27907315
"990","920","920-990",5.38187205770666,"0.000011872305033390049|0.000001126229404643602",1,0,0,1.187230503339e-05,NA,NA,"New Zealand",NA,1,14,"WE",0.0645098039215686,NA,NA,"Samoa (Western Samoa) (German Samoa)",NA,1,3,"AS",0.119,20353263.7276866,1930749.25434605
"990","930","930-990",2.37326699184688,"5.78902648278632e-9",1,0,0,5.78902648278632e-09,NA,NA,"New Caledonia",NA,1,3,"AS",0.085,NA,NA,"Samoa (Western Samoa) (German Samoa)",NA,1,3,"AS",0.119,NA,9924.40662527921
"990","935","935-990",5.0200181702462,"3.176931544979724e-8",1,0,0,3.17693154497972e-08,NA,NA,"Vanuatu (New Hebrides)",NA,1,3,"AS",0.0666666666666667,NA,NA,"Samoa (Western Samoa) (German Samoa)",NA,1,3,"AS",0.119,54463.665983922,NA
"990","940","940-990",1.71589487756308,"4.0227308168044985e-9",1,0,0,4.0227308168045e-09,NA,NA,"Solomon Islands (British Solomon Islands Protectorate)",NA,1,1,"AS",0.157058823529412,NA,NA,"Samoa (Western Samoa) (German Samoa)",NA,1,3,"AS",0.119,6896.3609837891,NA
"990","950","950-990",0.357864041366781,"5.387980731715383e-10",1,0,0,5.38798073171538e-10,NA,NA,"Fiji",NA,1,8,"AS",0.0792307692307692,NA,NA,"Samoa (Western Samoa) (German Samoa)",NA,1,3,"AS",0.119,NA,923.687459881441
"990","955","955-990",6.48551354386362,"1.0061427104437491e-7|7.719805585180176e-9",1,0,0,1.00614271044375e-07,NA,NA,"Tonga (Haʻapai)",NA,1,3,"AS",0,NA,NA,"Samoa (Western Samoa) (German Samoa)",NA,1,3,"AS",0.119,172487.885678116,13234.4341355568
"991","385","385-991",2.15524128009139,"0.00000204868079009751",0,1,0,2.04868079009751e-06,NA,NA,"Norway",NA,3,11,"WE",0.0225806451612903,NA,NA,"American Samoa",NA,1,11,"WE",0.108181818181818,3512152.04607943,NA
"991","552","552-991",0.18914216728478,"1.0761886887955854e-8",0,1,0,1.07618868879559e-08,NA,NA,"Zimbabwe (Rhodesia) (Southern Rhodesia)",NA,5,8,"AF",0.0812,NA,NA,"American Samoa",NA,1,11,"WE",0.108181818181818,18449.620475726,NA
"991","732","732-991",1.12201894202948,"0.000001581863325569995",0.95,0.05,0.19,1.58186332557e-06,NA,NA,"South Korea (Republic of South Korea)",NA,1,3,"AS",0.218196721311475,NA,NA,"American Samoa",NA,1,11,"WE",0.108181818181818,2711864.40677966,NA
"991","740","740-991",1.28874061020727,"0.000008201048315470443",1,0,0,8.20104831547044e-06,NA,NA,"Japan",NA,1,1,"AS",0.100597014925373,NA,NA,"American Samoa",NA,1,11,"WE",0.108181818181818,14059451.7019925,NA
"991","771","771-991",0.142800598675367,"1.351210623894147e-8",0.5,0.5,1,1.35121062389415e-08,NA,NA,"Bangladesh",NA,2,3,"AS",0.649298245614035,NA,NA,"American Samoa",NA,1,11,"WE",0.108181818181818,23164.4538296677,NA
"991","840","840-991",0.531185382159891,"1.084235487734433e-7",1,0,0,1.08423548773443e-07,NA,NA,"Philippines",NA,1,14,"WE",0.0532432432432433,NA,NA,"American Samoa",NA,1,11,"WE",0.108181818181818,185875.706214689,NA
"991","900","900-991",2.65231020514749,"0.000004190700455924396",1,0,0,4.1907004559244e-06,NA,NA,"Australia",NA,1,3,"ME",0.106086956521739,NA,NA,"American Samoa",NA,1,11,"WE",0.108181818181818,7184319.41760938,NA
"991","920","920-991",4.31207478179178,"0.0000049253966712586176",1,0,0,4.92539667125862e-06,NA,NA,"New Zealand",NA,1,14,"WE",0.0645098039215686,NA,NA,"American Samoa",NA,1,11,"WE",0.108181818181818,8443844.48779373,NA
"991","930","930-991",3.19360365588081,"7.710100220270739e-8",1,0,0,7.71010022027074e-08,NA,NA,"New Caledonia",NA,1,3,"AS",0.085,NA,NA,"American Samoa",NA,1,11,"WE",0.108181818181818,132177.95761541,NA
"991","955","955-991",6.74152354319836,"1.0202600146308036e-7",1,0,0,1.0202600146308e-07,NA,NA,"Tonga (Haʻapai)",NA,1,3,"AS",0,NA,NA,"American Samoa",NA,1,11,"WE",0.108181818181818,174908.0830571,NA
"991","990","990-991",8.70213523717167,"3.116052148285624e-7",1,0,0,3.11605214828562e-07,NA,NA,"Samoa (Western Samoa) (German Samoa)",NA,1,3,"AS",0.119,NA,NA,"American Samoa",NA,1,11,"WE",0.108181818181818,534199.811956584,NA
