"id","year","importerId","importerLabel","importerType","exporterId","exporterLabel","exporterType","value","reportedBy","partial","valueToSplit","newReporters","newPartners","originalReportedTradeFlowIds","status","notes"
"625->900",1954,"900","Australia","GPH","625","Sudan (Anglo-Egyptian Sudan) (Mahdist State)","GPH",106761.565836299,"625",NA,NA,NA,NA,NA,"ok",NA
"625->501",1954,"501","Kenya (British East Africa Protectorate)","GPH","625","Sudan (Anglo-Egyptian Sudan) (Mahdist State)","GPH",35587.1886120996,"625",NA,NA,NA,NA,NA,"ok",NA
"625->380",1954,"380","Sweden","GPH","625","Sudan (Anglo-Egyptian Sudan) (Mahdist State)","GPH",284697.508896797,"625",NA,NA,NA,NA,NA,"ok",NA
"625->310",1954,"310","Hungary","GPH","625","Sudan (Anglo-Egyptian Sudan) (Mahdist State)","GPH",142348.754448399,"625",NA,NA,NA,NA,NA,"ok",NA
"625->500",1954,"500","Uganda","GPH","625","Sudan (Anglo-Egyptian Sudan) (Mahdist State)","GPH",35587.1886120996,"625",NA,NA,NA,NA,NA,"ok",NA
"625->560",1954,"560","South Africa","GPH","625","Sudan (Anglo-Egyptian Sudan) (Mahdist State)","GPH",142348.754448399,"625",NA,NA,NA,NA,NA,"ok",NA
"52->490",1954,"490","Democratic Republic of the Congo (Zaire) (Kinshasa) (Belgian Congo) (Congo Free State)","GPH","52","Trinidad and Tobago","GPH",35587.1886120996,"52",NA,NA,NA,NA,NA,"ok",NA
"52->560",1954,"560","South Africa","GPH","52","Trinidad and Tobago","GPH",498220.640569395,"52",NA,NA,NA,NA,NA,"ok",NA
"615->960",1954,"960","French Polynesia","GPH","615","Algeria (Regency of Algiers)","GPH",213523.131672598,"615",NA,NA,NA,NA,NA,"ok",NA
"380->490",1954,"490","Democratic Republic of the Congo (Zaire) (Kinshasa) (Belgian Congo) (Congo Free State)","GPH","380","Sweden","GPH",498220.640569395,"380",NA,NA,NA,NA,NA,"ok",NA
"615->315",1954,"315","Czechoslovakia","GPH","615","Algeria (Regency of Algiers)","GPH",106761.565836299,"615",NA,NA,NA,NA,NA,"ok",NA
"380->680",1954,"680","Yemen People's Republic (South Yemen)","GPH","380","Sweden","GPH",35587.1886120996,"380",NA,NA,NA,NA,NA,"ok",NA
"380->315",1954,"315","Czechoslovakia","GPH","380","Sweden","GPH",1032028.46975089,"380",NA,NA,NA,NA,NA,"ok",NA
"490->100",1954,"100","Colombia (New Granada) (Gran Colombia)","GPH","490","Democratic Republic of the Congo (Zaire) (Kinshasa) (Belgian Congo) (Congo Free State)","GPH",249110.320284698,"490",NA,NA,NA,NA,NA,"ok",NA
"380->265",1954,"265","German Democratic Republic","GPH","380","Sweden","GPH",6334519.57295374,"380",NA,NA,NA,NA,NA,"ok",NA
"380->365",1954,"365","Russia (USSR)","GPH","380","Sweden","GPH",8042704.62633452,"380",NA,NA,NA,NA,NA,"ok",NA
"390->490",1954,"490","Democratic Republic of the Congo (Zaire) (Kinshasa) (Belgian Congo) (Congo Free State)","GPH","390","Denmark","GPH",249110.320284698,"390",NA,NA,NA,NA,NA,"ok",NA
"615->365",1954,"365","Russia (USSR)","GPH","615","Algeria (Regency of Algiers)","GPH",747330.960854092,"615",NA,NA,NA,NA,NA,"ok",NA
"900->365",1954,"365","Russia (USSR)","GPH","900","Australia","GPH",10889679.7153025,"900",NA,NA,NA,NA,NA,"ok",NA
"390->265",1954,"265","German Democratic Republic","GPH","390","Denmark","GPH",8505338.07829181,"390",NA,NA,NA,NA,NA,"ok",NA
"452->365",1954,"365","Russia (USSR)","GPH","452","Ghana (Gold Coast)","GPH",7259786.47686833,"452",NA,NA,NA,NA,NA,"ok",NA
"390->365",1954,"365","Russia (USSR)","GPH","390","Denmark","GPH",6512455.51601424,"390",NA,NA,NA,NA,NA,"ok",NA
"390->345",1954,"345","Yugoslavia (Kingdom of Serbs, Croats and Slovenes)","GPH","390","Denmark","GPH",1067615.65836299,"390",NA,NA,NA,NA,NA,"ok",NA
"230->490",1954,"490","Democratic Republic of the Congo (Zaire) (Kinshasa) (Belgian Congo) (Congo Free State)","GPH","230","Spain","GPH",533807.829181495,"230",NA,NA,NA,NA,NA,"ok",NA
"900->315",1954,"315","Czechoslovakia","GPH","900","Australia","GPH",1850533.80782918,"900",NA,NA,NA,NA,NA,"ok",NA
"900->680",1954,"680","Yemen People's Republic (South Yemen)","GPH","900","Australia","GPH",640569.395017794,"900",NA,NA,NA,NA,NA,"ok",NA
"512->680",1954,"680","Yemen People's Republic (South Yemen)","GPH","512","Tanzania (Tanganyika)","GPH",142348.754448399,"512",NA,NA,NA,NA,NA,"ok",NA
"20->315",1954,"315","Czechoslovakia","GPH","20","Canada (Province of Canada)","GPH",106761.565836299,"20",NA,NA,NA,NA,NA,"ok",NA
"490->315",1954,"315","Czechoslovakia","GPH","490","Democratic Republic of the Congo (Zaire) (Kinshasa) (Belgian Congo) (Congo Free State)","GPH",35587.1886120996,"490",NA,NA,NA,NA,NA,"ok",NA
"900->345",1954,"345","Yugoslavia (Kingdom of Serbs, Croats and Slovenes)","GPH","900","Australia","GPH",533807.829181495,"900",NA,NA,NA,NA,NA,"ok",NA
"160->315",1954,"315","Czechoslovakia","GPH","160","Argentina (La Plata)","GPH",4733096.08540925,"160",NA,NA,NA,NA,NA,"ok",NA
"770->315",1954,"315","Czechoslovakia","GPH","770","Pakistan","GPH",284697.508896797,"770",NA,NA,NA,NA,NA,"ok",NA
"770->680",1954,"680","Yemen People's Republic (South Yemen)","GPH","770","Pakistan","GPH",35587.1886120996,"770",NA,NA,NA,NA,NA,"ok",NA
"2->345",1954,"345","Yugoslavia (Kingdom of Serbs, Croats and Slovenes)","GPH","2","United States of America","GPH",106049822.064057,"2",NA,NA,NA,NA,NA,"ok",NA
"200->345",1954,"345","Yugoslavia (Kingdom of Serbs, Croats and Slovenes)","GPH","200","United Kingdom","GPH",7580071.17437722,"200",NA,NA,NA,NA,NA,"ok",NA
"160->365",1954,"365","Russia (USSR)","GPH","160","Argentina (La Plata)","GPH",16227758.0071174,"160",NA,NA,NA,NA,NA,"ok",NA
"325->680",1954,"680","Yemen People's Republic (South Yemen)","GPH","325","Italy","GPH",2277580.07117438,"325",NA,NA,NA,NA,NA,"ok",NA
"325->315",1954,"315","Czechoslovakia","GPH","325","Italy","GPH",2562277.58007117,"325",NA,NA,NA,NA,NA,"ok",NA
"512->160",1954,"160","Argentina (La Plata)","GPH","512","Tanzania (Tanganyika)","GPH",35587.1886120996,"512",NA,NA,NA,NA,NA,"ok",NA
"2->265",1954,"265","German Democratic Republic","GPH","2","United States of America","GPH",355871.886120996,"2",NA,NA,NA,NA,NA,"ok",NA
"490->130",1954,"130","Ecuador","GPH","490","Democratic Republic of the Congo (Zaire) (Kinshasa) (Belgian Congo) (Congo Free State)","GPH",106761.565836299,"490",NA,NA,NA,NA,NA,"ok",NA
"325->345",1954,"345","Yugoslavia (Kingdom of Serbs, Croats and Slovenes)","GPH","325","Italy","GPH",9893238.4341637,"325",NA,NA,NA,NA,NA,"ok",NA
"51->652",1954,"652","Syria","GPH","51","Jamaica","GPH",35587.1886120996,"51",NA,NA,NA,NA,NA,"ok",NA
"325->490",1954,"490","Democratic Republic of the Congo (Zaire) (Kinshasa) (Belgian Congo) (Congo Free State)","GPH","325","Italy","GPH",2419928.82562278,"325",NA,NA,NA,NA,NA,"ok",NA
"200->68",1954,"68","Netherlands Antilles","GPH","200","United Kingdom","GPH",10071174.3772242,"200",NA,NA,NA,NA,NA,"ok",NA
"2->315",1954,"315","Czechoslovakia","GPH","2","United States of America","GPH",355871.886120996,"2",NA,NA,NA,NA,NA,"ok",NA
"530->680",1954,"680","Yemen People's Republic (South Yemen)","GPH","530","Ethiopia (Abyssinia)","GPH",6120996.44128114,"530",NA,NA,NA,NA,NA,"ok",NA
"160->345",1954,"345","Yugoslavia (Kingdom of Serbs, Croats and Slovenes)","GPH","160","Argentina (La Plata)","GPH",818505.338078292,"160",NA,NA,NA,NA,NA,"ok",NA
"160->68",1954,"68","Netherlands Antilles","GPH","160","Argentina (La Plata)","GPH",177935.943060498,"160",NA,NA,NA,NA,NA,"ok",NA
"651->680",1954,"680","Yemen People's Republic (South Yemen)","GPH","651","Egypt Arab Republic (Egypt)","GPH",106761.565836299,"651",NA,NA,NA,NA,NA,"ok",NA
"600->315",1954,"315","Czechoslovakia","GPH","600","Morocco","GPH",213523.131672598,"600",NA,NA,NA,NA,NA,"ok",NA
"325->265",1954,"265","German Democratic Republic","GPH","325","Italy","GPH",2135231.31672598,"325",NA,NA,NA,NA,NA,"ok",NA
"325->365",1954,"365","Russia (USSR)","GPH","325","Italy","GPH",9252669.03914591,"325",NA,NA,NA,NA,NA,"ok",NA
"615->666",1954,"666","Israel","GPH","615","Algeria (Regency of Algiers)","GPH",35587.1886120996,"615",NA,NA,NA,NA,NA,"ok",NA
"850->345",1954,"345","Yugoslavia (Kingdom of Serbs, Croats and Slovenes)","GPH","850","Indonesia (Dutch East Indies)","GPH",106761.565836299,"850",NA,NA,NA,NA,NA,"ok",NA
"385->345",1954,"345","Yugoslavia (Kingdom of Serbs, Croats and Slovenes)","GPH","385","Norway","GPH",320284.697508897,"385",NA,NA,NA,NA,NA,"ok",NA
"660->315",1954,"315","Czechoslovakia","GPH","660","Lebanon","GPH",177935.943060498,"660",NA,NA,NA,NA,NA,"ok",NA
"600->345",1954,"345","Yugoslavia (Kingdom of Serbs, Croats and Slovenes)","GPH","600","Morocco","GPH",284697.508896797,"600",NA,NA,NA,NA,NA,"ok",NA
"20->365",1954,"365","Russia (USSR)","GPH","20","Canada (Province of Canada)","GPH",1779359.43060498,"20",NA,NA,NA,NA,NA,"ok",NA
"651->265",1954,"265","German Democratic Republic","GPH","651","Egypt Arab Republic (Egypt)","GPH",747330.960854092,"651",NA,NA,NA,NA,NA,"ok",NA
"651->365",1954,"365","Russia (USSR)","GPH","651","Egypt Arab Republic (Egypt)","GPH",1921708.18505338,"651",NA,NA,NA,NA,NA,"ok",NA
"850->315",1954,"315","Czechoslovakia","GPH","850","Indonesia (Dutch East Indies)","GPH",1423487.54448399,"850",NA,NA,NA,NA,NA,"ok",NA
"850->680",1954,"680","Yemen People's Republic (South Yemen)","GPH","850","Indonesia (Dutch East Indies)","GPH",35587.1886120996,"850",NA,NA,NA,NA,NA,"ok",NA
"385->265",1954,"265","German Democratic Republic","GPH","385","Norway","GPH",2811387.90035587,"385",NA,NA,NA,NA,NA,"ok",NA
"660->680",1954,"680","Yemen People's Republic (South Yemen)","GPH","660","Lebanon","GPH",711743.772241993,"660",NA,NA,NA,NA,NA,"ok",NA
"651->345",1954,"345","Yugoslavia (Kingdom of Serbs, Croats and Slovenes)","GPH","651","Egypt Arab Republic (Egypt)","GPH",1174377.22419929,"651",NA,NA,NA,NA,NA,"ok",NA
"395->265",1954,"265","German Democratic Republic","GPH","395","Iceland","GPH",355871.886120996,"395",NA,NA,NA,NA,NA,"ok",NA
"395->365",1954,"365","Russia (USSR)","GPH","395","Iceland","GPH",2811387.90035587,"395",NA,NA,NA,NA,NA,"ok",NA
"395->315",1954,"315","Czechoslovakia","GPH","395","Iceland","GPH",996441.28113879,"395",NA,NA,NA,NA,NA,"ok",NA
"2->680",1954,"680","Yemen People's Republic (South Yemen)","GPH","2","United States of America","GPH",1779359.43060498,"2",NA,NA,NA,NA,NA,"ok",NA
"385->365",1954,"365","Russia (USSR)","GPH","385","Norway","GPH",8647686.83274021,"385",NA,NA,NA,NA,NA,"ok",NA
"770->365",1954,"365","Russia (USSR)","GPH","770","Pakistan","GPH",1281138.79003559,"770",NA,NA,NA,NA,NA,"ok",NA
"101->200",1954,"200","United Kingdom","GPH","101","Venezuela","GPH",14163701.0676157,"101",NA,NA,NA,NA,NA,"ok",NA
"235->365",1954,"365","Russia (USSR)","GPH","235","Portugal","GPH",1708185.05338078,"235",NA,NA,NA,NA,NA,"ok",NA
"600->365",1954,"365","Russia (USSR)","GPH","600","Morocco","GPH",213523.131672598,"600",NA,NA,NA,NA,NA,"ok",NA
"640->345",1954,"345","Yugoslavia (Kingdom of Serbs, Croats and Slovenes)","GPH","640","Turkey (Ottoman Empire)","GPH",5907473.30960854,"640",NA,NA,NA,NA,NA,"ok",NA
"235->490",1954,"490","Democratic Republic of the Congo (Zaire) (Kinshasa) (Belgian Congo) (Congo Free State)","GPH","235","Portugal","GPH",711743.772241993,"235",NA,NA,NA,NA,NA,"ok",NA
"375->490",1954,"490","Democratic Republic of the Congo (Zaire) (Kinshasa) (Belgian Congo) (Congo Free State)","GPH","375","Finland","GPH",35587.1886120996,"375",NA,NA,NA,NA,NA,"ok",NA
"770->68",1954,"68","Netherlands Antilles","GPH","770","Pakistan","GPH",35587.1886120996,"770",NA,NA,NA,NA,NA,"ok",NA
"352->680",1954,"680","Yemen People's Republic (South Yemen)","GPH","352","Cyprus","GPH",35587.1886120996,"352",NA,NA,NA,NA,NA,"ok",NA
"200->680",1954,"680","Yemen People's Republic (South Yemen)","GPH","200","United Kingdom","GPH",13238434.1637011,"200",NA,NA,NA,NA,NA,"ok",NA
"41->652",1954,"652","Syria","GPH","41","Haiti","GPH",106761.565836299,"41",NA,NA,NA,NA,NA,"ok",NA
"200->315",1954,"315","Czechoslovakia","GPH","200","United Kingdom","GPH",3024911.03202847,"200",NA,NA,NA,NA,NA,"ok",NA
"200->265",1954,"265","German Democratic Republic","GPH","200","United Kingdom","GPH",2135231.31672598,"200",NA,NA,NA,NA,NA,"ok",NA
"640->265",1954,"265","German Democratic Republic","GPH","640","Turkey (Ottoman Empire)","GPH",2882562.27758007,"640",NA,NA,NA,NA,NA,"ok",NA
"200->365",1954,"365","Russia (USSR)","GPH","200","United Kingdom","GPH",14661921.7081851,"200",NA,NA,NA,NA,NA,"ok",NA
"616->315",1954,"315","Czechoslovakia","GPH","616","Tunisia (Regency of Tunis)","GPH",142348.754448399,"616",NA,NA,NA,NA,NA,"ok",NA
"501->680",1954,"680","Yemen People's Republic (South Yemen)","GPH","501","Kenya (British East Africa Protectorate)","GPH",320284.697508897,"501",NA,NA,NA,NA,NA,"ok",NA
"501->365",1954,"365","Russia (USSR)","GPH","501","Kenya (British East Africa Protectorate)","GPH",35587.1886120996,"501",NA,NA,NA,NA,NA,"ok",NA
"220->490",1954,"490","Democratic Republic of the Congo (Zaire) (Kinshasa) (Belgian Congo) (Congo Free State)","GPH","220","France","GPH",3914590.74733096,"220",NA,NA,NA,NA,NA,"ok",NA
"220->265",1954,"265","German Democratic Republic","GPH","220","France","GPH",2064056.93950178,"220",NA,NA,NA,NA,NA,"ok",NA
"220->365",1954,"365","Russia (USSR)","GPH","220","France","GPH",10996441.2811388,"220",NA,NA,NA,NA,NA,"ok",NA
"740->315",1954,"315","Czechoslovakia","GPH","740","Japan","GPH",462633.451957295,"740",NA,NA,NA,NA,NA,"ok",NA
"740->345",1954,"345","Yugoslavia (Kingdom of Serbs, Croats and Slovenes)","GPH","740","Japan","GPH",462633.451957295,"740",NA,NA,NA,NA,NA,"ok",NA
"740->265",1954,"265","German Democratic Republic","GPH","740","Japan","GPH",854092.526690391,"740",NA,NA,NA,NA,NA,"ok",NA
"740->680",1954,"680","Yemen People's Republic (South Yemen)","GPH","740","Japan","GPH",3309608.54092527,"740",NA,NA,NA,NA,NA,"ok",NA
"375->315",1954,"315","Czechoslovakia","GPH","375","Finland","GPH",1601423.48754448,"375",NA,NA,NA,NA,NA,"ok",NA
"375->345",1954,"345","Yugoslavia (Kingdom of Serbs, Croats and Slovenes)","GPH","375","Finland","GPH",391459.074733096,"375",NA,NA,NA,NA,NA,"ok",NA
"500->680",1954,"680","Yemen People's Republic (South Yemen)","GPH","500","Uganda","GPH",71174.3772241993,"500",NA,NA,NA,NA,NA,"ok",NA
"375->265",1954,"265","German Democratic Republic","GPH","375","Finland","GPH",4163701.06761566,"375",NA,NA,NA,NA,NA,"ok",NA
"615->345",1954,"345","Yugoslavia (Kingdom of Serbs, Croats and Slovenes)","GPH","615","Algeria (Regency of Algiers)","GPH",320284.697508897,"615",NA,NA,NA,NA,NA,"ok",NA
"235->68",1954,"68","Netherlands Antilles","GPH","235","Portugal","GPH",35587.1886120996,"235",NA,NA,NA,NA,NA,"ok",NA
"375->365",1954,"365","Russia (USSR)","GPH","375","Finland","GPH",52170818.5053381,"375",NA,NA,NA,NA,NA,"ok",NA
"20->68",1954,"68","Netherlands Antilles","GPH","20","Canada (Province of Canada)","GPH",640569.395017794,"20",NA,NA,NA,NA,NA,"ok",NA
"640->352",1954,"352","Cyprus","GPH","640","Turkey (Ottoman Empire)","GPH",249110.320284698,"640",NA,NA,NA,NA,NA,"ok",NA
"235->345",1954,"345","Yugoslavia (Kingdom of Serbs, Croats and Slovenes)","GPH","235","Portugal","GPH",35587.1886120996,"235",NA,NA,NA,NA,NA,"ok",NA
"235->315",1954,"315","Czechoslovakia","GPH","235","Portugal","GPH",284697.508896797,"235",NA,NA,NA,NA,NA,"ok",NA
"235->680",1954,"680","Yemen People's Republic (South Yemen)","GPH","235","Portugal","GPH",35587.1886120996,"235",NA,NA,NA,NA,NA,"ok",NA
"640->315",1954,"315","Czechoslovakia","GPH","640","Turkey (Ottoman Empire)","GPH",4555160.14234875,"640",NA,NA,NA,NA,NA,"ok",NA
"645->365",1954,"365","Russia (USSR)","GPH","645","Iraq (Mesopotamia)","GPH",35587.1886120996,"645",NA,NA,NA,NA,NA,"ok",NA
"640->365",1954,"365","Russia (USSR)","GPH","640","Turkey (Ottoman Empire)","GPH",1850533.80782918,"640",NA,NA,NA,NA,NA,"ok",NA
"616->345",1954,"345","Yugoslavia (Kingdom of Serbs, Croats and Slovenes)","GPH","616","Tunisia (Regency of Tunis)","GPH",35587.1886120996,"616",NA,NA,NA,NA,NA,"ok",NA
"220->345",1954,"345","Yugoslavia (Kingdom of Serbs, Croats and Slovenes)","GPH","220","France","GPH",6868327.40213523,"220",NA,NA,NA,NA,NA,"ok",NA
"220->315",1954,"315","Czechoslovakia","GPH","220","France","GPH",2348754.44839858,"220",NA,NA,NA,NA,NA,"ok",NA
"645->345",1954,"345","Yugoslavia (Kingdom of Serbs, Croats and Slovenes)","GPH","645","Iraq (Mesopotamia)","GPH",2099644.12811388,"645",NA,NA,NA,NA,NA,"ok",NA
"255->490",1954,"490","Democratic Republic of the Congo (Zaire) (Kinshasa) (Belgian Congo) (Congo Free State)","GPH","255","Germany (Zollverein)","GPH",7473309.60854093,"255",NA,NA,NA,NA,NA,"ok",NA
"750->315",1954,"315","Czechoslovakia","GPH","750","India","GPH",1565836.29893238,"750",NA,NA,NA,NA,NA,"ok",NA
"750->680",1954,"680","Yemen People's Republic (South Yemen)","GPH","750","India","GPH",5480427.04626335,"750",NA,NA,NA,NA,NA,"ok",NA
"205->315",1954,"315","Czechoslovakia","GPH","205","Ireland","GPH",106761.565836299,"205",NA,NA,NA,NA,NA,"ok",NA
"625->680",1954,"680","Yemen People's Republic (South Yemen)","GPH","625","Sudan (Anglo-Egyptian Sudan) (Mahdist State)","GPH",142348.754448399,"625",NA,NA,NA,NA,NA,"ok",NA
"40->395",1954,"395","Iceland","GPH","40","Cuba","GPH",177935.943060498,"40",NA,NA,NA,NA,NA,"ok",NA
"255->68",1954,"68","Netherlands Antilles","GPH","255","Germany (Zollverein)","GPH",711743.772241993,"255",NA,NA,NA,NA,NA,"ok",NA
"140->315",1954,"315","Czechoslovakia","GPH","140","Brazil","GPH",4341637.01067616,"140",NA,NA,NA,NA,NA,"ok",NA
"350->315",1954,"315","Czechoslovakia","GPH","350","Greece","GPH",462633.451957295,"350",NA,NA,NA,NA,NA,"ok",NA
"625->101",1954,"101","Venezuela","GPH","625","Sudan (Anglo-Egyptian Sudan) (Mahdist State)","GPH",711743.772241993,"625",NA,NA,NA,NA,NA,"ok",NA
"666->365",1954,"365","Russia (USSR)","GPH","666","Israel","GPH",1103202.84697509,"666",NA,NA,NA,NA,NA,"ok",NA
"350->265",1954,"265","German Democratic Republic","GPH","350","Greece","GPH",1209964.41281139,"350",NA,NA,NA,NA,NA,"ok",NA
"140->345",1954,"345","Yugoslavia (Kingdom of Serbs, Croats and Slovenes)","GPH","140","Brazil","GPH",3950177.93594306,"140",NA,NA,NA,NA,NA,"ok",NA
"40->652",1954,"652","Syria","GPH","40","Cuba","GPH",177935.943060498,"40",NA,NA,NA,NA,NA,"ok",NA
"666->616",1954,"616","Tunisia (Regency of Tunis)","GPH","666","Israel","GPH",71174.3772241993,"666",NA,NA,NA,NA,NA,"ok",NA
"350->345",1954,"345","Yugoslavia (Kingdom of Serbs, Croats and Slovenes)","GPH","350","Greece","GPH",818505.338078292,"350",NA,NA,NA,NA,NA,"ok",NA
"255->680",1954,"680","Yemen People's Republic (South Yemen)","GPH","255","Germany (Zollverein)","GPH",711743.772241993,"255",NA,NA,NA,NA,NA,"ok",NA
"40->305",1954,"305","Austria","GPH","40","Cuba","GPH",284697.508896797,"40",NA,NA,NA,NA,NA,"ok",NA
"350->365",1954,"365","Russia (USSR)","GPH","350","Greece","GPH",1316725.97864769,"350",NA,NA,NA,NA,NA,"ok",NA
"40->365",1954,"365","Russia (USSR)","GPH","40","Cuba","GPH",284697.508896797,"40",NA,NA,NA,NA,NA,"ok",NA
"750->365",1954,"365","Russia (USSR)","GPH","750","India","GPH",1886120.99644128,"750",NA,NA,NA,NA,NA,"ok",NA
"350->490",1954,"490","Democratic Republic of the Congo (Zaire) (Kinshasa) (Belgian Congo) (Congo Free State)","GPH","350","Greece","GPH",35587.1886120996,"350",NA,NA,NA,NA,NA,"ok",NA
"666->315",1954,"315","Czechoslovakia","GPH","666","Israel","GPH",35587.1886120996,"666",NA,NA,NA,NA,NA,"ok",NA
"155->345",1954,"345","Yugoslavia (Kingdom of Serbs, Croats and Slovenes)","GPH","155","Chile","GPH",177935.943060498,"155",NA,NA,NA,NA,NA,"ok",NA
"155->315",1954,"315","Czechoslovakia","GPH","155","Chile","GPH",177935.943060498,"155",NA,NA,NA,NA,NA,"ok",NA
"255->365",1954,"365","Russia (USSR)","GPH","255","Germany (Zollverein)","GPH",4626334.51957295,"255",NA,NA,NA,NA,NA,"ok",NA
"920->265",1954,"265","German Democratic Republic","GPH","920","New Zealand","GPH",142348.754448399,"920",NA,NA,NA,NA,NA,"ok",NA
"210->365",1954,"365","Russia (USSR)","GPH","210","Netherlands","GPH",11672597.8647687,"210",NA,NA,NA,NA,NA,"ok",NA
"920->315",1954,"315","Czechoslovakia","GPH","920","New Zealand","GPH",249110.320284698,"920",NA,NA,NA,NA,NA,"ok",NA
"210->680",1954,"680","Yemen People's Republic (South Yemen)","GPH","210","Netherlands","GPH",1032028.46975089,"210",NA,NA,NA,NA,NA,"ok",NA
"780->680",1954,"680","Yemen People's Republic (South Yemen)","GPH","780","Sri Lanka (Ceylon)","GPH",355871.886120996,"780",NA,NA,NA,NA,NA,"ok",NA
"225->345",1954,"345","Yugoslavia (Kingdom of Serbs, Croats and Slovenes)","GPH","225","Switzerland","GPH",2811387.90035587,"225",NA,NA,NA,NA,NA,"ok",NA
"652->345",1954,"345","Yugoslavia (Kingdom of Serbs, Croats and Slovenes)","GPH","652","Syria","GPH",106761.565836299,"652",NA,NA,NA,NA,NA,"ok",NA
"652->352",1954,"352","Cyprus","GPH","652","Syria","GPH",35587.1886120996,"652",NA,NA,NA,NA,NA,"ok",NA
"652->380",1954,"380","Sweden","GPH","652","Syria","GPH",106761.565836299,"652",NA,NA,NA,NA,NA,"ok",NA
"920->365",1954,"365","Russia (USSR)","GPH","920","New Zealand","GPH",2918149.46619217,"920",NA,NA,NA,NA,NA,"ok",NA
"305->345",1954,"345","Yugoslavia (Kingdom of Serbs, Croats and Slovenes)","GPH","305","Austria","GPH",8683274.02135231,"305",NA,NA,NA,NA,NA,"ok",NA
"471->315",1954,"315","Czechoslovakia","GPH","471","Cameroun (French Cameroon)","GPH",71174.3772241993,"471",NA,NA,NA,NA,NA,"ok",NA
"93->68",1954,"68","Netherlands Antilles","GPH","93","Nicaragua","GPH",213523.131672598,"93",NA,NA,NA,NA,NA,"ok",NA
"225->315",1954,"315","Czechoslovakia","GPH","225","Switzerland","GPH",3274021.35231317,"225",NA,NA,NA,NA,NA,"ok",NA
"305->490",1954,"490","Democratic Republic of the Congo (Zaire) (Kinshasa) (Belgian Congo) (Congo Free State)","GPH","305","Austria","GPH",177935.943060498,"305",NA,NA,NA,NA,NA,"ok",NA
"652->680",1954,"680","Yemen People's Republic (South Yemen)","GPH","652","Syria","GPH",142348.754448399,"652",NA,NA,NA,NA,NA,"ok",NA
"210->315",1954,"315","Czechoslovakia","GPH","210","Netherlands","GPH",5551601.42348754,"210",NA,NA,NA,NA,NA,"ok",NA
"305->315",1954,"315","Czechoslovakia","GPH","305","Austria","GPH",2669039.14590747,"305",NA,NA,NA,NA,NA,"ok",NA
"652->310",1954,"310","Hungary","GPH","652","Syria","GPH",35587.1886120996,"652",NA,NA,NA,NA,NA,"ok",NA
"210->265",1954,"265","German Democratic Republic","GPH","210","Netherlands","GPH",9039145.90747331,"210",NA,NA,NA,NA,NA,"ok",NA
"210->68",1954,"68","Netherlands Antilles","GPH","210","Netherlands","GPH",7686832.74021352,"210",NA,NA,NA,NA,NA,"ok",NA
"210->490",1954,"490","Democratic Republic of the Congo (Zaire) (Kinshasa) (Belgian Congo) (Congo Free State)","GPH","210","Netherlands","GPH",3523131.67259786,"210",NA,NA,NA,NA,NA,"ok",NA
"225->265",1954,"265","German Democratic Republic","GPH","225","Switzerland","GPH",3202846.97508897,"225",NA,NA,NA,NA,NA,"ok",NA
"225->365",1954,"365","Russia (USSR)","GPH","225","Switzerland","GPH",1281138.79003559,"225",NA,NA,NA,NA,NA,"ok",NA
"652->390",1954,"390","Denmark","GPH","652","Syria","GPH",1921708.18505338,"652",NA,NA,NA,NA,NA,"ok",NA
"305->265",1954,"265","German Democratic Republic","GPH","305","Austria","GPH",3558718.86120996,"305",NA,NA,NA,NA,NA,"ok",NA
"780->315",1954,"315","Czechoslovakia","GPH","780","Sri Lanka (Ceylon)","GPH",106761.565836299,"780",NA,NA,NA,NA,NA,"ok",NA
"210->345",1954,"345","Yugoslavia (Kingdom of Serbs, Croats and Slovenes)","GPH","210","Netherlands","GPH",2811387.90035587,"210",NA,NA,NA,NA,NA,"ok",NA
"475->315",1954,"315","Czechoslovakia","GPH","475","Nigeria","GPH",142348.754448399,"475",NA,NA,NA,NA,NA,"ok",NA
"666->345",1954,"345","Yugoslavia (Kingdom of Serbs, Croats and Slovenes)","GPH","666","Israel","GPH",604982.206405694,"666",NA,NA,NA,NA,NA,"ok",NA
"255->315",1954,"315","Czechoslovakia","GPH","255","Germany (Zollverein)","GPH",3558718.86120996,"255",NA,NA,NA,NA,NA,"ok",NA
"625->780",1954,"780","Sri Lanka (Ceylon)","GPH","625","Sudan (Anglo-Egyptian Sudan) (Mahdist State)","GPH",35587.1886120996,"625",NA,NA,NA,NA,NA,"ok",NA
"225->680",1954,"680","Yemen People's Republic (South Yemen)","GPH","225","Switzerland","GPH",533807.829181495,"225",NA,NA,NA,NA,NA,"ok",NA
"165->315",1954,"315","Czechoslovakia","GPH","165","Uruguay","GPH",640569.395017794,"165",NA,NA,NA,NA,NA,"ok",NA
"305->365",1954,"365","Russia (USSR)","GPH","305","Austria","GPH",533807.829181495,"305",NA,NA,NA,NA,NA,"ok",NA
"165->365",1954,"365","Russia (USSR)","GPH","165","Uruguay","GPH",7081850.53380783,"165",NA,NA,NA,NA,NA,"ok",NA
"640->666",1954,"666","Israel","GPH","640","Turkey (Ottoman Empire)","GPH",4306049.82206406,"640",NA,NA,NA,NA,NA,"ok",NA
"625->490",1954,"490","Democratic Republic of the Congo (Zaire) (Kinshasa) (Belgian Congo) (Congo Free State)","GPH","625","Sudan (Anglo-Egyptian Sudan) (Mahdist State)","GPH",106761.565836299,"625",NA,NA,NA,NA,NA,"ok",NA
"20->345",1954,"345","Yugoslavia (Kingdom of Serbs, Croats and Slovenes)","GPH","20","Canada (Province of Canada)","GPH",2633451.95729537,"20",NA,NA,NA,NA,NA,"ok",NA
"325->68",1954,"68","Netherlands Antilles","GPH","325","Italy","GPH",106761.565836299,"325",NA,NA,NA,NA,NA,"ok",NA
"52->385",1954,"385","Norway","GPH","52","Trinidad and Tobago","GPH",284697.508896797,"52",NA,NA,NA,NA,NA,"ok",NA
"40->666",1954,"666","Israel","GPH","40","Cuba","GPH",106761.565836299,"40",NA,NA,NA,NA,NA,"ok",NA
"52->390",1954,"390","Denmark","GPH","52","Trinidad and Tobago","GPH",71174.3772241993,"52",NA,NA,NA,NA,NA,"ok",NA
"220->68",1954,"68","Netherlands Antilles","GPH","220","France","GPH",533807.829181495,"220",NA,NA,NA,NA,NA,"ok",NA
"740->68",1954,"68","Netherlands Antilles","GPH","740","Japan","GPH",1245551.60142349,"740",NA,NA,NA,NA,NA,"ok",NA
"40->375",1954,"375","Finland","GPH","40","Cuba","GPH",71174.3772241993,"40",NA,NA,NA,NA,NA,"ok",NA
"380->68",1954,"68","Netherlands Antilles","GPH","380","Sweden","GPH",106761.565836299,"380",NA,NA,NA,NA,NA,"ok",NA
"780->625",1954,"625","Sudan (Anglo-Egyptian Sudan) (Mahdist State)","GPH","780","Sri Lanka (Ceylon)","GPH",996441.28113879,"780",NA,NA,NA,NA,NA,"ok",NA
"920->68",1954,"68","Netherlands Antilles","GPH","920","New Zealand","GPH",213523.131672598,"920",NA,NA,NA,NA,NA,"ok",NA
"52->475",1954,"475","Nigeria","GPH","52","Trinidad and Tobago","GPH",462633.451957295,"52",NA,NA,NA,NA,NA,"ok",NA
"780->345",1954,"345","Yugoslavia (Kingdom of Serbs, Croats and Slovenes)","GPH","780","Sri Lanka (Ceylon)","GPH",35587.1886120996,"780",NA,NA,NA,NA,NA,"ok",NA
"471->652",1954,"652","Syria","GPH","471","Cameroun (French Cameroon)","GPH",35587.1886120996,"471",NA,NA,NA,NA,NA,"ok",NA
"255->345",1954,"345","Yugoslavia (Kingdom of Serbs, Croats and Slovenes)","GPH","255","Germany (Zollverein)","GPH",22064056.9395018,"255",NA,NA,NA,NA,NA,"ok",NA
"750->265",1954,"265","German Democratic Republic","GPH","750","India","GPH",35587.1886120996,"750",NA,NA,NA,NA,NA,"ok",NA
"652->225",1954,"225","Switzerland","GPH","652","Syria","GPH",142348.754448399,"652",NA,NA,NA,NA,NA,"ok",NA
"42->68",1954,"68","Netherlands Antilles","GPH","42","Dominican Republic (Santo Domingo)","GPH",427046.263345196,"42",NA,NA,NA,NA,NA,"ok",NA
"390->68",1954,"68","Netherlands Antilles","GPH","390","Denmark","GPH",213523.131672598,"390",NA,NA,NA,NA,NA,"ok",NA
"380->345",1954,"345","Yugoslavia (Kingdom of Serbs, Croats and Slovenes)","GPH","380","Sweden","GPH",2028469.75088968,"380",NA,NA,NA,NA,NA,"ok",NA
"390->315",1954,"315","Czechoslovakia","GPH","390","Denmark","GPH",4056939.50177936,"390",NA,NA,NA,NA,NA,"ok",NA
"230->68",1954,"68","Netherlands Antilles","GPH","230","Spain","GPH",35587.1886120996,"230",NA,NA,NA,NA,NA,"ok",NA
"651->315",1954,"315","Czechoslovakia","GPH","651","Egypt Arab Republic (Egypt)","GPH",6156583.62989324,"651",NA,NA,NA,NA,NA,"ok",NA
"770->345",1954,"345","Yugoslavia (Kingdom of Serbs, Croats and Slovenes)","GPH","770","Pakistan","GPH",142348.754448399,"770",NA,NA,NA,NA,NA,"ok",NA
"70->68",1954,"68","Netherlands Antilles","GPH","70","Mexico","GPH",35587.1886120996,"70",NA,NA,NA,NA,NA,"ok",NA
"625->385",1954,"385","Norway","GPH","625","Sudan (Anglo-Egyptian Sudan) (Mahdist State)","GPH",35587.1886120996,"625",NA,NA,NA,NA,NA,"ok",NA
"40->580",1954,"580","Madagascar (Malagasy Republic)","GPH","40","Cuba","GPH",106761.565836299,"40",NA,NA,NA,NA,NA,"ok",NA
"475->390",1954,"390","Denmark","GPH","475","Nigeria","GPH",1032028.46975089,"475",NA,NA,NA,NA,NA,"ok",NA
"475->900",1954,"900","Australia","GPH","475","Nigeria","GPH",213523.131672598,"475",NA,NA,NA,NA,NA,"ok",NA
"325->651",1954,"651","Egypt Arab Republic (Egypt)","GPH","325","Italy","GPH",12028469.7508897,"325",NA,NA,NA,NA,NA,"ok",NA
"900->640",1954,"640","Turkey (Ottoman Empire)","GPH","900","Australia","GPH",2419928.82562278,"900",NA,NA,NA,NA,NA,"ok",NA
"900->200",1954,"200","United Kingdom","GPH","900","Australia","GPH",222384341.637011,"900",NA,NA,NA,NA,NA,"ok",NA
"900->165",1954,"165","Uruguay","GPH","900","Australia","GPH",71174.3772241993,"900",NA,NA,NA,NA,NA,"ok",NA
"900->670",1954,"670","Saudi Arabia (Emirate of Nejd) (Emirate of Diriyah)","GPH","900","Australia","GPH",640569.395017794,"900",NA,NA,NA,NA,NA,"ok",NA
"325->225",1954,"225","Switzerland","GPH","325","Italy","GPH",42135231.316726,"325",NA,NA,NA,NA,NA,"ok",NA
"20->800",1954,"800","Thailand (Siam)","GPH","20","Canada (Province of Canada)","GPH",640569.395017794,"20",NA,NA,NA,NA,NA,"ok",NA
"20->390",1954,"390","Denmark","GPH","20","Canada (Province of Canada)","GPH",1281138.79003559,"20",NA,NA,NA,NA,NA,"ok",NA
"20->135",1954,"135","Peru","GPH","20","Canada (Province of Canada)","GPH",1850533.80782918,"20",NA,NA,NA,NA,NA,"ok",NA
"20->670",1954,"670","Saudi Arabia (Emirate of Nejd) (Emirate of Diriyah)","GPH","20","Canada (Province of Canada)","GPH",604982.206405694,"20",NA,NA,NA,NA,NA,"ok",NA
"20->200",1954,"200","United Kingdom","GPH","20","Canada (Province of Canada)","GPH",241850533.807829,"20",NA,NA,NA,NA,NA,"ok",NA
"20->165",1954,"165","Uruguay","GPH","20","Canada (Province of Canada)","GPH",1032028.46975089,"20",NA,NA,NA,NA,NA,"ok",NA
"20->640",1954,"640","Turkey (Ottoman Empire)","GPH","20","Canada (Province of Canada)","GPH",2597864.76868327,"20",NA,NA,NA,NA,NA,"ok",NA
"395->290",1954,"290","Poland","GPH","395","Iceland","GPH",391459.074733096,"395",NA,NA,NA,NA,NA,"ok",NA
"20->70",1954,"70","Mexico","GPH","20","Canada (Province of Canada)","GPH",10071174.3772242,"20",NA,NA,NA,NA,NA,"ok",NA
"20->380",1954,"380","Sweden","GPH","20","Canada (Province of Canada)","GPH",1352313.16725979,"20",NA,NA,NA,NA,NA,"ok",NA
"720->710",1954,"710","People's Republic of China (China)","GPH","720","Hong Kong","GPH",24341637.0106762,"720",NA,NA,NA,NA,NA,"ok",NA
"720->713",1954,"713","Republic of China (Taiwan) (Formosa)","GPH","720","Hong Kong","GPH",4982206.40569395,"720",NA,NA,NA,NA,NA,"ok",NA
"20->325",1954,"325","Italy","GPH","20","Canada (Province of Canada)","GPH",9359430.60498221,"20",NA,NA,NA,NA,NA,"ok",NA
"20->660",1954,"660","Lebanon","GPH","20","Canada (Province of Canada)","GPH",355871.886120996,"20",NA,NA,NA,NA,NA,"ok",NA
"20->225",1954,"225","Switzerland","GPH","20","Canada (Province of Canada)","GPH",9928825.6227758,"20",NA,NA,NA,NA,NA,"ok",NA
"20->90",1954,"90","Guatemala","GPH","20","Canada (Province of Canada)","GPH",747330.960854092,"20",NA,NA,NA,NA,NA,"ok",NA
"20->290",1954,"290","Poland","GPH","20","Canada (Province of Canada)","GPH",213523.131672598,"20",NA,NA,NA,NA,NA,"ok",NA
"720->225",1954,"225","Switzerland","GPH","720","Hong Kong","GPH",213523.131672598,"720",NA,NA,NA,NA,NA,"ok",NA
"720->220",1954,"220","France","GPH","720","Hong Kong","GPH",925266.903914591,"720",NA,NA,NA,NA,NA,"ok",NA
"720->325",1954,"325","Italy","GPH","720","Hong Kong","GPH",249110.320284698,"720",NA,NA,NA,NA,NA,"ok",NA
"325->290",1954,"290","Poland","GPH","325","Italy","GPH",3451957.29537367,"325",NA,NA,NA,NA,NA,"ok",NA
"325->660",1954,"660","Lebanon","GPH","325","Italy","GPH",2882562.27758007,"325",NA,NA,NA,NA,NA,"ok",NA
"395->325",1954,"325","Italy","GPH","395","Iceland","GPH",1316725.97864769,"395",NA,NA,NA,NA,NA,"ok",NA
"395->220",1954,"220","France","GPH","395","Iceland","GPH",249110.320284698,"395",NA,NA,NA,NA,NA,"ok",NA
"395->225",1954,"225","Switzerland","GPH","395","Iceland","GPH",71174.3772241993,"395",NA,NA,NA,NA,NA,"ok",NA
"900->541",1954,"541","Mozambique (Portuguese East Africa)","GPH","900","Australia","GPH",213523.131672598,"900",NA,NA,NA,NA,NA,"ok",NA
"900->52",1954,"52","Trinidad and Tobago","GPH","900","Australia","GPH",391459.074733096,"900",NA,NA,NA,NA,NA,"ok",NA
"900->750",1954,"750","India","GPH","900","Australia","GPH",10640569.3950178,"900",NA,NA,NA,NA,NA,"ok",NA
"900->770",1954,"770","Pakistan","GPH","900","Australia","GPH",1530249.11032028,"900",NA,NA,NA,NA,NA,"ok",NA
"900->230",1954,"230","Spain","GPH","900","Australia","GPH",213523.131672598,"900",NA,NA,NA,NA,NA,"ok",NA
"20->130",1954,"130","Ecuador","GPH","20","Canada (Province of Canada)","GPH",2028469.75088968,"20",NA,NA,NA,NA,NA,"ok",NA
"20->305",1954,"305","Austria","GPH","20","Canada (Province of Canada)","GPH",1067615.65836299,"20",NA,NA,NA,NA,NA,"ok",NA
"720->160",1954,"160","Argentina (La Plata)","GPH","720","Hong Kong","GPH",35587.1886120996,"720",NA,NA,NA,NA,NA,"ok",NA
"380->42",1954,"42","Dominican Republic (Santo Domingo)","GPH","380","Sweden","GPH",106761.565836299,"380",NA,NA,NA,NA,NA,"ok",NA
"20->160",1954,"160","Argentina (La Plata)","GPH","20","Canada (Province of Canada)","GPH",2455516.01423488,"20",NA,NA,NA,NA,NA,"ok",NA
"20->51",1954,"51","Jamaica","GPH","20","Canada (Province of Canada)","GPH",4234875.44483986,"20",NA,NA,NA,NA,NA,"ok",NA
"380->41",1954,"41","Haiti","GPH","380","Sweden","GPH",35587.1886120996,"380",NA,NA,NA,NA,NA,"ok",NA
"20->93",1954,"93","Nicaragua","GPH","20","Canada (Province of Canada)","GPH",604982.206405694,"20",NA,NA,NA,NA,NA,"ok",NA
"20->145",1954,"145","Bolivia","GPH","20","Canada (Province of Canada)","GPH",462633.451957295,"20",NA,NA,NA,NA,NA,"ok",NA
"390->541",1954,"541","Mozambique (Portuguese East Africa)","GPH","390","Denmark","GPH",71174.3772241993,"390",NA,NA,NA,NA,NA,"ok",NA
"20->220",1954,"220","France","GPH","20","Canada (Province of Canada)","GPH",12419928.8256228,"20",NA,NA,NA,NA,NA,"ok",NA
"900->51",1954,"51","Jamaica","GPH","900","Australia","GPH",249110.320284698,"900",NA,NA,NA,NA,NA,"ok",NA
"900->145",1954,"145","Bolivia","GPH","900","Australia","GPH",35587.1886120996,"900",NA,NA,NA,NA,NA,"ok",NA
"380->115",1954,"115","Surinam (Dutch Guiana)","GPH","380","Sweden","GPH",35587.1886120996,"380",NA,NA,NA,NA,NA,"ok",NA
"900->920",1954,"920","New Zealand","GPH","900","Australia","GPH",28327402.1352313,"900",NA,NA,NA,NA,NA,"ok",NA
"900->625",1954,"625","Sudan (Anglo-Egyptian Sudan) (Mahdist State)","GPH","900","Australia","GPH",249110.320284698,"900",NA,NA,NA,NA,NA,"ok",NA
"380->91",1954,"91","Honduras","GPH","380","Sweden","GPH",35587.1886120996,"380",NA,NA,NA,NA,NA,"ok",NA
"740->666",1954,"666","Israel","GPH","740","Japan","GPH",213523.131672598,"740",NA,NA,NA,NA,NA,"ok",NA
"200->145",1954,"145","Bolivia","GPH","200","United Kingdom","GPH",1530249.11032028,"200",NA,NA,NA,NA,NA,"ok",NA
"20->42",1954,"42","Dominican Republic (Santo Domingo)","GPH","20","Canada (Province of Canada)","GPH",1565836.29893238,"20",NA,NA,NA,NA,NA,"ok",NA
"380->51",1954,"51","Jamaica","GPH","380","Sweden","GPH",106761.565836299,"380",NA,NA,NA,NA,NA,"ok",NA
"155->40",1954,"40","Cuba","GPH","155","Chile","GPH",284697.508896797,"155",NA,NA,NA,NA,NA,"ok",NA
"155->920",1954,"920","New Zealand","GPH","155","Chile","GPH",35587.1886120996,"155",NA,NA,NA,NA,NA,"ok",NA
"140->900",1954,"900","Australia","GPH","140","Brazil","GPH",1174377.22419929,"140",NA,NA,NA,NA,NA,"ok",NA
"395->235",1954,"235","Portugal","GPH","395","Iceland","GPH",498220.640569395,"395",NA,NA,NA,NA,NA,"ok",NA
"350->615",1954,"615","Algeria (Regency of Algiers)","GPH","350","Greece","GPH",35587.1886120996,"350",NA,NA,NA,NA,NA,"ok",NA
"155->900",1954,"900","Australia","GPH","155","Chile","GPH",213523.131672598,"155",NA,NA,NA,NA,NA,"ok",NA
"20->630",1954,"630","Iran (Persia)","GPH","20","Canada (Province of Canada)","GPH",284697.508896797,"20",NA,NA,NA,NA,NA,"ok",NA
"20->360",1954,"360","Romania","GPH","20","Canada (Province of Canada)","GPH",35587.1886120996,"20",NA,NA,NA,NA,NA,"ok",NA
"40->350",1954,"350","Greece","GPH","40","Cuba","GPH",996441.28113879,"40",NA,NA,NA,NA,NA,"ok",NA
"380->625",1954,"625","Sudan (Anglo-Egyptian Sudan) (Mahdist State)","GPH","380","Sweden","GPH",427046.263345196,"380",NA,NA,NA,NA,NA,"ok",NA
"155->145",1954,"145","Bolivia","GPH","155","Chile","GPH",427046.263345196,"155",NA,NA,NA,NA,NA,"ok",NA
"140->352",1954,"352","Cyprus","GPH","140","Brazil","GPH",142348.754448399,"140",NA,NA,NA,NA,NA,"ok",NA
"140->220",1954,"220","France","GPH","140","Brazil","GPH",32597864.7686833,"140",NA,NA,NA,NA,NA,"ok",NA
"40->205",1954,"205","Ireland","GPH","40","Cuba","GPH",462633.451957295,"40",NA,NA,NA,NA,NA,"ok",NA
"395->380",1954,"380","Sweden","GPH","395","Iceland","GPH",391459.074733096,"395",NA,NA,NA,NA,NA,"ok",NA
"155->652",1954,"652","Syria","GPH","155","Chile","GPH",71174.3772241993,"155",NA,NA,NA,NA,NA,"ok",NA
"235->95",1954,"95","Panama","GPH","235","Portugal","GPH",35587.1886120996,"235",NA,NA,NA,NA,NA,"ok",NA
"666->360",1954,"360","Romania","GPH","666","Israel","GPH",106761.565836299,"666",NA,NA,NA,NA,NA,"ok",NA
"140->560",1954,"560","South Africa","GPH","140","Brazil","GPH",2099644.12811388,"140",NA,NA,NA,NA,NA,"ok",NA
"200->51",1954,"51","Jamaica","GPH","200","United Kingdom","GPH",14697508.8967972,"200",NA,NA,NA,NA,NA,"ok",NA
"200->501",1954,"501","Kenya (British East Africa Protectorate)","GPH","200","United Kingdom","GPH",33772241.9928826,"200",NA,NA,NA,NA,NA,"ok",NA
"200->92",1954,"92","El Salvador","GPH","200","United Kingdom","GPH",889679.715302491,"200",NA,NA,NA,NA,NA,"ok",NA
"200->452",1954,"452","Ghana (Gold Coast)","GPH","200","United Kingdom","GPH",34056939.5017794,"200",NA,NA,NA,NA,NA,"ok",NA
"200->95",1954,"95","Panama","GPH","200","United Kingdom","GPH",4590747.33096085,"200",NA,NA,NA,NA,NA,"ok",NA
"200->580",1954,"580","Madagascar (Malagasy Republic)","GPH","200","United Kingdom","GPH",676156.583629893,"200",NA,NA,NA,NA,NA,"ok",NA
"390->41",1954,"41","Haiti","GPH","390","Denmark","GPH",71174.3772241993,"390",NA,NA,NA,NA,NA,"ok",NA
"900->800",1954,"800","Thailand (Siam)","GPH","900","Australia","GPH",889679.715302491,"900",NA,NA,NA,NA,NA,"ok",NA
"900->135",1954,"135","Peru","GPH","900","Australia","GPH",35587.1886120996,"900",NA,NA,NA,NA,NA,"ok",NA
"155->255",1954,"255","Germany (Zollverein)","GPH","155","Chile","GPH",10213523.1316726,"155",NA,NA,NA,NA,NA,"ok",NA
"541->390",1954,"390","Denmark","GPH","541","Mozambique (Portuguese East Africa)","GPH",355871.886120996,"541",NA,NA,NA,NA,NA,"ok",NA
"350->740",1954,"740","Japan","GPH","350","Greece","GPH",71174.3772241993,"350",NA,NA,NA,NA,NA,"ok",NA
"920->750",1954,"750","India","GPH","920","New Zealand","GPH",1245551.60142349,"920",NA,NA,NA,NA,NA,"ok",NA
"155->2",1954,"2","United States of America","GPH","155","Chile","GPH",66583629.8932384,"155",NA,NA,NA,NA,NA,"ok",NA
"155->101",1954,"101","Venezuela","GPH","155","Chile","GPH",177935.943060498,"155",NA,NA,NA,NA,NA,"ok",NA
"920->732",1954,"732","South Korea (Republic of South Korea)","GPH","920","New Zealand","GPH",35587.1886120996,"920",NA,NA,NA,NA,NA,"ok",NA
"155->160",1954,"160","Argentina (La Plata)","GPH","155","Chile","GPH",12953736.6548043,"155",NA,NA,NA,NA,NA,"ok",NA
"155->94",1954,"94","Costa Rica","GPH","155","Chile","GPH",35587.1886120996,"155",NA,NA,NA,NA,NA,"ok",NA
"140->200",1954,"200","United Kingdom","GPH","140","Brazil","GPH",26476868.3274021,"140",NA,NA,NA,NA,NA,"ok",NA
"200->205",1954,"205","Ireland","GPH","200","United Kingdom","GPH",104946619.217082,"200",NA,NA,NA,NA,NA,"ok",NA
"200->150",1954,"150","Paraguay","GPH","200","United Kingdom","GPH",1245551.60142349,"200",NA,NA,NA,NA,NA,"ok",NA
"380->580",1954,"580","Madagascar (Malagasy Republic)","GPH","380","Sweden","GPH",391459.074733096,"380",NA,NA,NA,NA,NA,"ok",NA
"140->600",1954,"600","Morocco","GPH","140","Brazil","GPH",640569.395017794,"140",NA,NA,NA,NA,NA,"ok",NA
"140->255",1954,"255","Germany (Zollverein)","GPH","140","Brazil","GPH",66725978.6476868,"140",NA,NA,NA,NA,NA,"ok",NA
"155->100",1954,"100","Colombia (New Granada) (Gran Colombia)","GPH","155","Chile","GPH",284697.508896797,"155",NA,NA,NA,NA,NA,"ok",NA
"140->390",1954,"390","Denmark","GPH","140","Brazil","GPH",12384341.6370107,"140",NA,NA,NA,NA,NA,"ok",NA
"350->225",1954,"225","Switzerland","GPH","350","Greece","GPH",818505.338078292,"350",NA,NA,NA,NA,NA,"ok",NA
"255->115",1954,"115","Surinam (Dutch Guiana)","GPH","255","Germany (Zollverein)","GPH",355871.886120996,"255",NA,NA,NA,NA,NA,"ok",NA
"155->95",1954,"95","Panama","GPH","155","Chile","GPH",35587.1886120996,"155",NA,NA,NA,NA,NA,"ok",NA
"380->775",1954,"775","Myanmar (Burma)","GPH","380","Sweden","GPH",355871.886120996,"380",NA,NA,NA,NA,NA,"ok",NA
"200->500",1954,"500","Uganda","GPH","200","United Kingdom","GPH",8896797.15302491,"200",NA,NA,NA,NA,NA,"ok",NA
"666->355",1954,"355","Bulgaria","GPH","666","Israel","GPH",35587.1886120996,"666",NA,NA,NA,NA,NA,"ok",NA
"350->645",1954,"645","Iraq (Mesopotamia)","GPH","350","Greece","GPH",106761.565836299,"350",NA,NA,NA,NA,NA,"ok",NA
"740->205",1954,"205","Ireland","GPH","740","Japan","GPH",1138790.03558719,"740",NA,NA,NA,NA,NA,"ok",NA
"740->225",1954,"225","Switzerland","GPH","740","Japan","GPH",1672597.86476868,"740",NA,NA,NA,NA,NA,"ok",NA
"200->475",1954,"475","Nigeria","GPH","200","United Kingdom","GPH",49430604.9822064,"200",NA,NA,NA,NA,NA,"ok",NA
"666->350",1954,"350","Greece","GPH","666","Israel","GPH",249110.320284698,"666",NA,NA,NA,NA,NA,"ok",NA
"380->630",1954,"630","Iran (Persia)","GPH","380","Sweden","GPH",747330.960854092,"380",NA,NA,NA,NA,NA,"ok",NA
"140->720",1954,"720","Hong Kong","GPH","140","Brazil","GPH",4768683.27402135,"140",NA,NA,NA,NA,NA,"ok",NA
"140->205",1954,"205","Ireland","GPH","140","Brazil","GPH",35587.1886120996,"140",NA,NA,NA,NA,NA,"ok",NA
"140->150",1954,"150","Paraguay","GPH","140","Brazil","GPH",71174.3772241993,"140",NA,NA,NA,NA,NA,"ok",NA
"666->375",1954,"375","Finland","GPH","666","Israel","GPH",2419928.82562278,"666",NA,NA,NA,NA,NA,"ok",NA
"140->710",1954,"710","People's Republic of China (China)","GPH","140","Brazil","GPH",925266.903914591,"140",NA,NA,NA,NA,NA,"ok",NA
"140->310",1954,"310","Hungary","GPH","140","Brazil","GPH",782918.149466192,"140",NA,NA,NA,NA,NA,"ok",NA
"140->305",1954,"305","Austria","GPH","140","Brazil","GPH",2633451.95729537,"140",NA,NA,NA,NA,NA,"ok",NA
"140->360",1954,"360","Romania","GPH","140","Brazil","GPH",355871.886120996,"140",NA,NA,NA,NA,NA,"ok",NA
"666->290",1954,"290","Poland","GPH","666","Israel","GPH",213523.131672598,"666",NA,NA,NA,NA,NA,"ok",NA
"920->840",1954,"840","Philippines","GPH","920","New Zealand","GPH",249110.320284698,"920",NA,NA,NA,NA,NA,"ok",NA
"666->900",1954,"900","Australia","GPH","666","Israel","GPH",142348.754448399,"666",NA,NA,NA,NA,NA,"ok",NA
"325->775",1954,"775","Myanmar (Burma)","GPH","325","Italy","GPH",889679.715302491,"325",NA,NA,NA,NA,NA,"ok",NA
"325->220",1954,"220","France","GPH","325","Italy","GPH",34412811.3879004,"325",NA,NA,NA,NA,NA,"ok",NA
"325->90",1954,"90","Guatemala","GPH","325","Italy","GPH",177935.943060498,"325",NA,NA,NA,NA,NA,"ok",NA
"325->41",1954,"41","Haiti","GPH","325","Italy","GPH",2064056.93950178,"325",NA,NA,NA,NA,NA,"ok",NA
"325->350",1954,"350","Greece","GPH","325","Italy","GPH",22846975.088968,"325",NA,NA,NA,NA,NA,"ok",NA
"325->94",1954,"94","Costa Rica","GPH","325","Italy","GPH",320284.697508897,"325",NA,NA,NA,NA,NA,"ok",NA
"920->200",1954,"200","United Kingdom","GPH","920","New Zealand","GPH",162704626.33452,"920",NA,NA,NA,NA,NA,"ok",NA
"325->900",1954,"900","Australia","GPH","325","Italy","GPH",7366548.04270463,"325",NA,NA,NA,NA,NA,"ok",NA
"325->615",1954,"615","Algeria (Regency of Algiers)","GPH","325","Italy","GPH",1174377.22419929,"325",NA,NA,NA,NA,NA,"ok",NA
"325->155",1954,"155","Chile","GPH","325","Italy","GPH",2419928.82562278,"325",NA,NA,NA,NA,NA,"ok",NA
"155->200",1954,"200","United Kingdom","GPH","155","Chile","GPH",19644128.113879,"155",NA,NA,NA,NA,NA,"ok",NA
"155->640",1954,"640","Turkey (Ottoman Empire)","GPH","155","Chile","GPH",35587.1886120996,"155",NA,NA,NA,NA,NA,"ok",NA
"155->140",1954,"140","Brazil","GPH","155","Chile","GPH",3024911.03202847,"155",NA,NA,NA,NA,NA,"ok",NA
"325->530",1954,"530","Ethiopia (Abyssinia)","GPH","325","Italy","GPH",2775800.71174377,"325",NA,NA,NA,NA,NA,"ok",NA
"325->800",1954,"800","Thailand (Siam)","GPH","325","Italy","GPH",960854.09252669,"325",NA,NA,NA,NA,NA,"ok",NA
"325->135",1954,"135","Peru","GPH","325","Italy","GPH",1138790.03558719,"325",NA,NA,NA,NA,NA,"ok",NA
"325->210",1954,"210","Netherlands","GPH","325","Italy","GPH",12882562.2775801,"325",NA,NA,NA,NA,NA,"ok",NA
"325->140",1954,"140","Brazil","GPH","325","Italy","GPH",15871886.1209964,"325",NA,NA,NA,NA,NA,"ok",NA
"325->720",1954,"720","Hong Kong","GPH","325","Italy","GPH",1957295.37366548,"325",NA,NA,NA,NA,NA,"ok",NA
"350->750",1954,"750","India","GPH","350","Greece","GPH",71174.3772241993,"350",NA,NA,NA,NA,NA,"ok",NA
"920->541",1954,"541","Mozambique (Portuguese East Africa)","GPH","920","New Zealand","GPH",35587.1886120996,"920",NA,NA,NA,NA,NA,"ok",NA
"325->101",1954,"101","Venezuela","GPH","325","Italy","GPH",6975088.96797153,"325",NA,NA,NA,NA,NA,"ok",NA
"325->2",1954,"2","United States of America","GPH","325","Italy","GPH",45943060.4982206,"325",NA,NA,NA,NA,NA,"ok",NA
"325->840",1954,"840","Philippines","GPH","325","Italy","GPH",284697.508896797,"325",NA,NA,NA,NA,NA,"ok",NA
"325->339",1954,"339","Albania","GPH","325","Italy","GPH",35587.1886120996,"325",NA,NA,NA,NA,NA,"ok",NA
"325->740",1954,"740","Japan","GPH","325","Italy","GPH",4626334.51957295,"325",NA,NA,NA,NA,NA,"ok",NA
"325->645",1954,"645","Iraq (Mesopotamia)","GPH","325","Italy","GPH",1814946.61921708,"325",NA,NA,NA,NA,NA,"ok",NA
"325->850",1954,"850","Indonesia (Dutch East Indies)","GPH","325","Italy","GPH",3024911.03202847,"325",NA,NA,NA,NA,NA,"ok",NA
"325->390",1954,"390","Denmark","GPH","325","Italy","GPH",7295373.66548043,"325",NA,NA,NA,NA,NA,"ok",NA
"325->385",1954,"385","Norway","GPH","325","Italy","GPH",5373665.48042705,"325",NA,NA,NA,NA,NA,"ok",NA
"920->350",1954,"350","Greece","GPH","920","New Zealand","GPH",284697.508896797,"920",NA,NA,NA,NA,NA,"ok",NA
"325->70",1954,"70","Mexico","GPH","325","Italy","GPH",4982206.40569395,"325",NA,NA,NA,NA,NA,"ok",NA
"325->380",1954,"380","Sweden","GPH","325","Italy","GPH",17366548.0427046,"325",NA,NA,NA,NA,NA,"ok",NA
"325->95",1954,"95","Panama","GPH","325","Italy","GPH",213523.131672598,"325",NA,NA,NA,NA,NA,"ok",NA
"325->92",1954,"92","El Salvador","GPH","325","Italy","GPH",462633.451957295,"325",NA,NA,NA,NA,NA,"ok",NA
"325->93",1954,"93","Nicaragua","GPH","325","Italy","GPH",106761.565836299,"325",NA,NA,NA,NA,NA,"ok",NA
"325->630",1954,"630","Iran (Persia)","GPH","325","Italy","GPH",2597864.76868327,"325",NA,NA,NA,NA,NA,"ok",NA
"325->360",1954,"360","Romania","GPH","325","Italy","GPH",1316725.97864769,"325",NA,NA,NA,NA,NA,"ok",NA
"666->220",1954,"220","France","GPH","666","Israel","GPH",747330.960854092,"666",NA,NA,NA,NA,NA,"ok",NA
"325->560",1954,"560","South Africa","GPH","325","Italy","GPH",8149466.19217082,"325",NA,NA,NA,NA,NA,"ok",NA
"325->255",1954,"255","Germany (Zollverein)","GPH","325","Italy","GPH",65587188.6120996,"325",NA,NA,NA,NA,NA,"ok",NA
"325->91",1954,"91","Honduras","GPH","325","Italy","GPH",213523.131672598,"325",NA,NA,NA,NA,NA,"ok",NA
"325->780",1954,"780","Sri Lanka (Ceylon)","GPH","325","Italy","GPH",2206405.69395018,"325",NA,NA,NA,NA,NA,"ok",NA
"325->100",1954,"100","Colombia (New Granada) (Gran Colombia)","GPH","325","Italy","GPH",2206405.69395018,"325",NA,NA,NA,NA,NA,"ok",NA
"325->42",1954,"42","Dominican Republic (Santo Domingo)","GPH","325","Italy","GPH",818505.338078292,"325",NA,NA,NA,NA,NA,"ok",NA
"325->205",1954,"205","Ireland","GPH","325","Italy","GPH",1103202.84697509,"325",NA,NA,NA,NA,NA,"ok",NA
"325->652",1954,"652","Syria","GPH","325","Italy","GPH",5409252.66903915,"325",NA,NA,NA,NA,NA,"ok",NA
"325->150",1954,"150","Paraguay","GPH","325","Italy","GPH",142348.754448399,"325",NA,NA,NA,NA,NA,"ok",NA
"325->20",1954,"20","Canada (Province of Canada)","GPH","325","Italy","GPH",4306049.82206406,"325",NA,NA,NA,NA,NA,"ok",NA
"325->625",1954,"625","Sudan (Anglo-Egyptian Sudan) (Mahdist State)","GPH","325","Italy","GPH",1708185.05338078,"325",NA,NA,NA,NA,NA,"ok",NA
"325->600",1954,"600","Morocco","GPH","325","Italy","GPH",4982206.40569395,"325",NA,NA,NA,NA,NA,"ok",NA
"325->230",1954,"230","Spain","GPH","325","Italy","GPH",3558718.86120996,"325",NA,NA,NA,NA,NA,"ok",NA
"325->235",1954,"235","Portugal","GPH","325","Italy","GPH",3131672.59786477,"325",NA,NA,NA,NA,NA,"ok",NA
"530->325",1954,"325","Italy","GPH","530","Ethiopia (Abyssinia)","GPH",2882562.27758007,"530",NA,NA,NA,NA,NA,"ok",NA
"325->920",1954,"920","New Zealand","GPH","325","Italy","GPH",818505.338078292,"325",NA,NA,NA,NA,NA,"ok",NA
"325->40",1954,"40","Cuba","GPH","325","Italy","GPH",1281138.79003559,"325",NA,NA,NA,NA,NA,"ok",NA
"740->600",1954,"600","Morocco","GPH","740","Japan","GPH",782918.149466192,"740",NA,NA,NA,NA,NA,"ok",NA
"740->91",1954,"91","Honduras","GPH","740","Japan","GPH",747330.960854092,"740",NA,NA,NA,NA,NA,"ok",NA
"900->305",1954,"305","Austria","GPH","900","Australia","GPH",533807.829181495,"900",NA,NA,NA,NA,NA,"ok",NA
"740->290",1954,"290","Poland","GPH","740","Japan","GPH",427046.263345196,"740",NA,NA,NA,NA,NA,"ok",NA
"235->652",1954,"652","Syria","GPH","235","Portugal","GPH",71174.3772241993,"235",NA,NA,NA,NA,NA,"ok",NA
"740->750",1954,"750","India","GPH","740","Japan","GPH",15622775.8007117,"740",NA,NA,NA,NA,NA,"ok",NA
"740->20",1954,"20","Canada (Province of Canada)","GPH","740","Japan","GPH",7473309.60854093,"740",NA,NA,NA,NA,NA,"ok",NA
"920->2",1954,"2","United States of America","GPH","920","New Zealand","GPH",14021352.3131673,"920",NA,NA,NA,NA,NA,"ok",NA
"920->380",1954,"380","Sweden","GPH","920","New Zealand","GPH",462633.451957295,"920",NA,NA,NA,NA,NA,"ok",NA
"352->2",1954,"2","United States of America","GPH","352","Cyprus","GPH",711743.772241993,"352",NA,NA,NA,NA,NA,"ok",NA
"920->900",1954,"900","Australia","GPH","920","New Zealand","GPH",6405693.95017794,"920",NA,NA,NA,NA,NA,"ok",NA
"920->290",1954,"290","Poland","GPH","920","New Zealand","GPH",2277580.07117438,"920",NA,NA,NA,NA,NA,"ok",NA
"920->670",1954,"670","Saudi Arabia (Emirate of Nejd) (Emirate of Diriyah)","GPH","920","New Zealand","GPH",71174.3772241993,"920",NA,NA,NA,NA,NA,"ok",NA
"920->325",1954,"325","Italy","GPH","920","New Zealand","GPH",4270462.63345196,"920",NA,NA,NA,NA,NA,"ok",NA
"666->2",1954,"2","United States of America","GPH","666","Israel","GPH",5124555.16014235,"666",NA,NA,NA,NA,NA,"ok",NA
"920->490",1954,"490","Democratic Republic of the Congo (Zaire) (Kinshasa) (Belgian Congo) (Congo Free State)","GPH","920","New Zealand","GPH",106761.565836299,"920",NA,NA,NA,NA,NA,"ok",NA
"920->651",1954,"651","Egypt Arab Republic (Egypt)","GPH","920","New Zealand","GPH",142348.754448399,"920",NA,NA,NA,NA,NA,"ok",NA
"920->230",1954,"230","Spain","GPH","920","New Zealand","GPH",35587.1886120996,"920",NA,NA,NA,NA,NA,"ok",NA
"920->560",1954,"560","South Africa","GPH","920","New Zealand","GPH",533807.829181495,"920",NA,NA,NA,NA,NA,"ok",NA
"920->160",1954,"160","Argentina (La Plata)","GPH","920","New Zealand","GPH",71174.3772241993,"920",NA,NA,NA,NA,NA,"ok",NA
"920->255",1954,"255","Germany (Zollverein)","GPH","920","New Zealand","GPH",10462633.4519573,"920",NA,NA,NA,NA,NA,"ok",NA
"920->720",1954,"720","Hong Kong","GPH","920","New Zealand","GPH",106761.565836299,"920",NA,NA,NA,NA,NA,"ok",NA
"93->225",1954,"225","Switzerland","GPH","93","Nicaragua","GPH",35587.1886120996,"93",NA,NA,NA,NA,NA,"ok",NA
"920->100",1954,"100","Colombia (New Granada) (Gran Colombia)","GPH","920","New Zealand","GPH",71174.3772241993,"920",NA,NA,NA,NA,NA,"ok",NA
"920->210",1954,"210","Netherlands","GPH","920","New Zealand","GPH",4056939.50177936,"920",NA,NA,NA,NA,NA,"ok",NA
"920->205",1954,"205","Ireland","GPH","920","New Zealand","GPH",427046.263345196,"920",NA,NA,NA,NA,NA,"ok",NA
"325->750",1954,"750","India","GPH","325","Italy","GPH",12491103.202847,"325",NA,NA,NA,NA,NA,"ok",NA
"325->355",1954,"355","Bulgaria","GPH","325","Italy","GPH",284697.508896797,"325",NA,NA,NA,NA,NA,"ok",NA
"235->850",1954,"850","Indonesia (Dutch East Indies)","GPH","235","Portugal","GPH",35587.1886120996,"235",NA,NA,NA,NA,NA,"ok",NA
"325->616",1954,"616","Tunisia (Regency of Tunis)","GPH","325","Italy","GPH",1957295.37366548,"325",NA,NA,NA,NA,NA,"ok",NA
"645->325",1954,"325","Italy","GPH","645","Iraq (Mesopotamia)","GPH",33665480.4270463,"645",NA,NA,NA,NA,NA,"ok",NA
"352->225",1954,"225","Switzerland","GPH","352","Cyprus","GPH",35587.1886120996,"352",NA,NA,NA,NA,NA,"ok",NA
"666->775",1954,"775","Myanmar (Burma)","GPH","666","Israel","GPH",35587.1886120996,"666",NA,NA,NA,NA,NA,"ok",NA
"471->375",1954,"375","Finland","GPH","471","Cameroun (French Cameroon)","GPH",71174.3772241993,"471",NA,NA,NA,NA,NA,"ok",NA
"93->135",1954,"135","Peru","GPH","93","Nicaragua","GPH",355871.886120996,"93",NA,NA,NA,NA,NA,"ok",NA
"390->101",1954,"101","Venezuela","GPH","390","Denmark","GPH",2704626.33451957,"390",NA,NA,NA,NA,NA,"ok",NA
"541->490",1954,"490","Democratic Republic of the Congo (Zaire) (Kinshasa) (Belgian Congo) (Congo Free State)","GPH","541","Mozambique (Portuguese East Africa)","GPH",35587.1886120996,"541",NA,NA,NA,NA,NA,"ok",NA
"352->666",1954,"666","Israel","GPH","352","Cyprus","GPH",249110.320284698,"352",NA,NA,NA,NA,NA,"ok",NA
"541->651",1954,"651","Egypt Arab Republic (Egypt)","GPH","541","Mozambique (Portuguese East Africa)","GPH",71174.3772241993,"541",NA,NA,NA,NA,NA,"ok",NA
"380->530",1954,"530","Ethiopia (Abyssinia)","GPH","380","Sweden","GPH",213523.131672598,"380",NA,NA,NA,NA,NA,"ok",NA
"740->920",1954,"920","New Zealand","GPH","740","Japan","GPH",925266.903914591,"740",NA,NA,NA,NA,NA,"ok",NA
"740->115",1954,"115","Surinam (Dutch Guiana)","GPH","740","Japan","GPH",249110.320284698,"740",NA,NA,NA,NA,NA,"ok",NA
"740->210",1954,"210","Netherlands","GPH","740","Japan","GPH",7758007.11743772,"740",NA,NA,NA,NA,NA,"ok",NA
"840->740",1954,"740","Japan","GPH","840","Philippines","GPH",17971530.2491103,"840",NA,NA,NA,NA,NA,"ok",NA
"352->625",1954,"625","Sudan (Anglo-Egyptian Sudan) (Mahdist State)","GPH","352","Cyprus","GPH",177935.943060498,"352",NA,NA,NA,NA,NA,"ok",NA
"235->630",1954,"630","Iran (Persia)","GPH","235","Portugal","GPH",213523.131672598,"235",NA,NA,NA,NA,NA,"ok",NA
"220->130",1954,"130","Ecuador","GPH","220","France","GPH",711743.772241993,"220",NA,NA,NA,NA,NA,"ok",NA
"375->541",1954,"541","Mozambique (Portuguese East Africa)","GPH","375","Finland","GPH",177935.943060498,"375",NA,NA,NA,NA,NA,"ok",NA
"375->770",1954,"770","Pakistan","GPH","375","Finland","GPH",249110.320284698,"375",NA,NA,NA,NA,NA,"ok",NA
"375->91",1954,"91","Honduras","GPH","375","Finland","GPH",35587.1886120996,"375",NA,NA,NA,NA,NA,"ok",NA
"740->500",1954,"500","Uganda","GPH","740","Japan","GPH",284697.508896797,"740",NA,NA,NA,NA,NA,"ok",NA
"375->94",1954,"94","Costa Rica","GPH","375","Finland","GPH",35587.1886120996,"375",NA,NA,NA,NA,NA,"ok",NA
"375->145",1954,"145","Bolivia","GPH","375","Finland","GPH",35587.1886120996,"375",NA,NA,NA,NA,NA,"ok",NA
"615->580",1954,"580","Madagascar (Malagasy Republic)","GPH","615","Algeria (Regency of Algiers)","GPH",854092.526690391,"615",NA,NA,NA,NA,NA,"ok",NA
"70->740",1954,"740","Japan","GPH","70","Mexico","GPH",11637010.6761566,"70",NA,NA,NA,NA,NA,"ok",NA
"740->145",1954,"145","Bolivia","GPH","740","Japan","GPH",249110.320284698,"740",NA,NA,NA,NA,NA,"ok",NA
"740->51",1954,"51","Jamaica","GPH","740","Japan","GPH",533807.829181495,"740",NA,NA,NA,NA,NA,"ok",NA
"740->93",1954,"93","Nicaragua","GPH","740","Japan","GPH",1387900.35587189,"740",NA,NA,NA,NA,NA,"ok",NA
"740->160",1954,"160","Argentina (La Plata)","GPH","740","Japan","GPH",17402135.2313167,"740",NA,NA,NA,NA,NA,"ok",NA
"740->100",1954,"100","Colombia (New Granada) (Gran Colombia)","GPH","740","Japan","GPH",3380782.91814947,"740",NA,NA,NA,NA,NA,"ok",NA
"740->42",1954,"42","Dominican Republic (Santo Domingo)","GPH","740","Japan","GPH",462633.451957295,"740",NA,NA,NA,NA,NA,"ok",NA
"40->235",1954,"235","Portugal","GPH","40","Cuba","GPH",35587.1886120996,"40",NA,NA,NA,NA,NA,"ok",NA
"140->651",1954,"651","Egypt Arab Republic (Egypt)","GPH","140","Brazil","GPH",284697.508896797,"140",NA,NA,NA,NA,NA,"ok",NA
"350->900",1954,"900","Australia","GPH","350","Greece","GPH",35587.1886120996,"350",NA,NA,NA,NA,NA,"ok",NA
"140->615",1954,"615","Algeria (Regency of Algiers)","GPH","140","Brazil","GPH",213523.131672598,"140",NA,NA,NA,NA,NA,"ok",NA
"140->750",1954,"750","India","GPH","140","Brazil","GPH",142348.754448399,"140",NA,NA,NA,NA,NA,"ok",NA
"140->541",1954,"541","Mozambique (Portuguese East Africa)","GPH","140","Brazil","GPH",35587.1886120996,"140",NA,NA,NA,NA,NA,"ok",NA
"140->210",1954,"210","Netherlands","GPH","140","Brazil","GPH",16227758.0071174,"140",NA,NA,NA,NA,NA,"ok",NA
"140->350",1954,"350","Greece","GPH","140","Brazil","GPH",1921708.18505338,"140",NA,NA,NA,NA,NA,"ok",NA
"350->140",1954,"140","Brazil","GPH","350","Greece","GPH",2526690.39145907,"350",NA,NA,NA,NA,NA,"ok",NA
"140->660",1954,"660","Lebanon","GPH","140","Brazil","GPH",213523.131672598,"140",NA,NA,NA,NA,NA,"ok",NA
"140->325",1954,"325","Italy","GPH","140","Brazil","GPH",18932384.341637,"140",NA,NA,NA,NA,NA,"ok",NA
"350->670",1954,"670","Saudi Arabia (Emirate of Nejd) (Emirate of Diriyah)","GPH","350","Greece","GPH",355871.886120996,"350",NA,NA,NA,NA,NA,"ok",NA
"140->70",1954,"70","Mexico","GPH","140","Brazil","GPH",35587.1886120996,"140",NA,NA,NA,NA,NA,"ok",NA
"350->530",1954,"530","Ethiopia (Abyssinia)","GPH","350","Greece","GPH",35587.1886120996,"350",NA,NA,NA,NA,NA,"ok",NA
"40->200",1954,"200","United Kingdom","GPH","40","Cuba","GPH",7686832.74021352,"40",NA,NA,NA,NA,NA,"ok",NA
"140->395",1954,"395","Iceland","GPH","140","Brazil","GPH",604982.206405694,"140",NA,NA,NA,NA,NA,"ok",NA
"666->530",1954,"530","Ethiopia (Abyssinia)","GPH","666","Israel","GPH",35587.1886120996,"666",NA,NA,NA,NA,NA,"ok",NA
"140->666",1954,"666","Israel","GPH","140","Brazil","GPH",213523.131672598,"140",NA,NA,NA,NA,NA,"ok",NA
"140->235",1954,"235","Portugal","GPH","140","Brazil","GPH",604982.206405694,"140",NA,NA,NA,NA,NA,"ok",NA
"666->850",1954,"850","Indonesia (Dutch East Indies)","GPH","666","Israel","GPH",35587.1886120996,"666",NA,NA,NA,NA,NA,"ok",NA
"350->20",1954,"20","Canada (Province of Canada)","GPH","350","Greece","GPH",71174.3772241993,"350",NA,NA,NA,NA,NA,"ok",NA
"140->230",1954,"230","Spain","GPH","140","Brazil","GPH",8007117.43772242,"140",NA,NA,NA,NA,NA,"ok",NA
"140->840",1954,"840","Philippines","GPH","140","Brazil","GPH",106761.565836299,"140",NA,NA,NA,NA,NA,"ok",NA
"140->101",1954,"101","Venezuela","GPH","140","Brazil","GPH",142348.754448399,"140",NA,NA,NA,NA,NA,"ok",NA
"140->2",1954,"2","United States of America","GPH","140","Brazil","GPH",205907473.309609,"140",NA,NA,NA,NA,NA,"ok",NA
"140->145",1954,"145","Bolivia","GPH","140","Brazil","GPH",177935.943060498,"140",NA,NA,NA,NA,NA,"ok",NA
"666->225",1954,"225","Switzerland","GPH","666","Israel","GPH",569395.017793594,"666",NA,NA,NA,NA,NA,"ok",NA
"140->40",1954,"40","Cuba","GPH","140","Brazil","GPH",320284.697508897,"140",NA,NA,NA,NA,NA,"ok",NA
"140->155",1954,"155","Chile","GPH","140","Brazil","GPH",4234875.44483986,"140",NA,NA,NA,NA,NA,"ok",NA
"666->840",1954,"840","Philippines","GPH","666","Israel","GPH",177935.943060498,"666",NA,NA,NA,NA,NA,"ok",NA
"140->640",1954,"640","Turkey (Ottoman Empire)","GPH","140","Brazil","GPH",4199288.25622776,"140",NA,NA,NA,NA,NA,"ok",NA
"350->165",1954,"165","Uruguay","GPH","350","Greece","GPH",106761.565836299,"350",NA,NA,NA,NA,NA,"ok",NA
"140->380",1954,"380","Sweden","GPH","140","Brazil","GPH",20035587.1886121,"140",NA,NA,NA,NA,NA,"ok",NA
"140->540",1954,"540","Angola","GPH","140","Brazil","GPH",35587.1886120996,"140",NA,NA,NA,NA,NA,"ok",NA
"375->101",1954,"101","Venezuela","GPH","375","Finland","GPH",355871.886120996,"375",NA,NA,NA,NA,NA,"ok",NA
"666->325",1954,"325","Italy","GPH","666","Israel","GPH",177935.943060498,"666",NA,NA,NA,NA,NA,"ok",NA
"140->375",1954,"375","Finland","GPH","140","Brazil","GPH",14839857.6512456,"140",NA,NA,NA,NA,NA,"ok",NA
"140->20",1954,"20","Canada (Province of Canada)","GPH","140","Brazil","GPH",5338078.29181495,"140",NA,NA,NA,NA,NA,"ok",NA
"666->385",1954,"385","Norway","GPH","666","Israel","GPH",818505.338078292,"666",NA,NA,NA,NA,NA,"ok",NA
"140->100",1954,"100","Colombia (New Granada) (Gran Colombia)","GPH","140","Brazil","GPH",142348.754448399,"140",NA,NA,NA,NA,NA,"ok",NA
"140->713",1954,"713","Republic of China (Taiwan) (Formosa)","GPH","140","Brazil","GPH",71174.3772241993,"140",NA,NA,NA,NA,NA,"ok",NA
"140->652",1954,"652","Syria","GPH","140","Brazil","GPH",142348.754448399,"140",NA,NA,NA,NA,NA,"ok",NA
"666->740",1954,"740","Japan","GPH","666","Israel","GPH",35587.1886120996,"666",NA,NA,NA,NA,NA,"ok",NA
"70->100",1954,"100","Colombia (New Granada) (Gran Colombia)","GPH","70","Mexico","GPH",569395.017793594,"70",NA,NA,NA,NA,NA,"ok",NA
"70->42",1954,"42","Dominican Republic (Santo Domingo)","GPH","70","Mexico","GPH",177935.943060498,"70",NA,NA,NA,NA,NA,"ok",NA
"645->740",1954,"740","Japan","GPH","645","Iraq (Mesopotamia)","GPH",462633.451957295,"645",NA,NA,NA,NA,NA,"ok",NA
"375->40",1954,"40","Cuba","GPH","375","Finland","GPH",249110.320284698,"375",NA,NA,NA,NA,NA,"ok",NA
"325->310",1954,"310","Hungary","GPH","325","Italy","GPH",1316725.97864769,"325",NA,NA,NA,NA,NA,"ok",NA
"70->380",1954,"380","Sweden","GPH","70","Mexico","GPH",355871.886120996,"70",NA,NA,NA,NA,NA,"ok",NA
"101->255",1954,"255","Germany (Zollverein)","GPH","101","Venezuela","GPH",3523131.67259786,"101",NA,NA,NA,NA,NA,"ok",NA
"325->305",1954,"305","Austria","GPH","325","Italy","GPH",20284697.5088968,"325",NA,NA,NA,NA,NA,"ok",NA
"325->130",1954,"130","Ecuador","GPH","325","Italy","GPH",854092.526690391,"325",NA,NA,NA,NA,NA,"ok",NA
"235->660",1954,"660","Lebanon","GPH","235","Portugal","GPH",142348.754448399,"235",NA,NA,NA,NA,NA,"ok",NA
"645->380",1954,"380","Sweden","GPH","645","Iraq (Mesopotamia)","GPH",320284.697508897,"645",NA,NA,NA,NA,NA,"ok",NA
"920->960",1954,"960","French Polynesia","GPH","920","New Zealand","GPH",284697.508896797,"920",NA,NA,NA,NA,NA,"ok",NA
"70->90",1954,"90","Guatemala","GPH","70","Mexico","GPH",1459074.73309609,"70",NA,NA,NA,NA,NA,"ok",NA
"70->220",1954,"220","France","GPH","70","Mexico","GPH",462633.451957295,"70",NA,NA,NA,NA,NA,"ok",NA
"70->225",1954,"225","Switzerland","GPH","70","Mexico","GPH",320284.697508897,"70",NA,NA,NA,NA,NA,"ok",NA
"70->325",1954,"325","Italy","GPH","70","Mexico","GPH",320284.697508897,"70",NA,NA,NA,NA,NA,"ok",NA
"512->165",1954,"165","Uruguay","GPH","512","Tanzania (Tanganyika)","GPH",35587.1886120996,"512",NA,NA,NA,NA,NA,"ok",NA
"20->235",1954,"235","Portugal","GPH","20","Canada (Province of Canada)","GPH",996441.28113879,"20",NA,NA,NA,NA,NA,"ok",NA
"20->375",1954,"375","Finland","GPH","20","Canada (Province of Canada)","GPH",177935.943060498,"20",NA,NA,NA,NA,NA,"ok",NA
"20->666",1954,"666","Israel","GPH","20","Canada (Province of Canada)","GPH",3879003.55871886,"20",NA,NA,NA,NA,NA,"ok",NA
"200->652",1954,"652","Syria","GPH","200","United Kingdom","GPH",6903914.59074733,"200",NA,NA,NA,NA,NA,"ok",NA
"645->710",1954,"710","People's Republic of China (China)","GPH","645","Iraq (Mesopotamia)","GPH",177935.943060498,"645",NA,NA,NA,NA,NA,"ok",NA
"40->740",1954,"740","Japan","GPH","40","Cuba","GPH",8042704.62633452,"40",NA,NA,NA,NA,NA,"ok",NA
"140->160",1954,"160","Argentina (La Plata)","GPH","140","Brazil","GPH",35587188.6120996,"140",NA,NA,NA,NA,NA,"ok",NA
"140->130",1954,"130","Ecuador","GPH","140","Brazil","GPH",35587.1886120996,"140",NA,NA,NA,NA,NA,"ok",NA
"140->165",1954,"165","Uruguay","GPH","140","Brazil","GPH",10960854.0925267,"140",NA,NA,NA,NA,NA,"ok",NA
"40->20",1954,"20","Canada (Province of Canada)","GPH","40","Cuba","GPH",2918149.46619217,"40",NA,NA,NA,NA,NA,"ok",NA
"140->616",1954,"616","Tunisia (Regency of Tunis)","GPH","140","Brazil","GPH",355871.886120996,"140",NA,NA,NA,NA,NA,"ok",NA
"666->720",1954,"720","Hong Kong","GPH","666","Israel","GPH",35587.1886120996,"666",NA,NA,NA,NA,NA,"ok",NA
"666->310",1954,"310","Hungary","GPH","666","Israel","GPH",71174.3772241993,"666",NA,NA,NA,NA,NA,"ok",NA
"140->225",1954,"225","Switzerland","GPH","140","Brazil","GPH",1459074.73309609,"140",NA,NA,NA,NA,NA,"ok",NA
"350->652",1954,"652","Syria","GPH","350","Greece","GPH",142348.754448399,"350",NA,NA,NA,NA,NA,"ok",NA
"140->290",1954,"290","Poland","GPH","140","Brazil","GPH",2170818.50533808,"140",NA,NA,NA,NA,NA,"ok",NA
"140->740",1954,"740","Japan","GPH","140","Brazil","GPH",24306049.8220641,"140",NA,NA,NA,NA,NA,"ok",NA
"666->395",1954,"395","Iceland","GPH","666","Israel","GPH",142348.754448399,"666",NA,NA,NA,NA,NA,"ok",NA
"666->255",1954,"255","Germany (Zollverein)","GPH","666","Israel","GPH",604982.206405694,"666",NA,NA,NA,NA,NA,"ok",NA
"666->352",1954,"352","Cyprus","GPH","666","Israel","GPH",177935.943060498,"666",NA,NA,NA,NA,NA,"ok",NA
"70->92",1954,"92","El Salvador","GPH","70","Mexico","GPH",320284.697508897,"70",NA,NA,NA,NA,NA,"ok",NA
"350->616",1954,"616","Tunisia (Regency of Tunis)","GPH","350","Greece","GPH",35587.1886120996,"350",NA,NA,NA,NA,NA,"ok",NA
"70->95",1954,"95","Panama","GPH","70","Mexico","GPH",249110.320284698,"70",NA,NA,NA,NA,NA,"ok",NA
"40->325",1954,"325","Italy","GPH","40","Cuba","GPH",711743.772241993,"40",NA,NA,NA,NA,NA,"ok",NA
"255->541",1954,"541","Mozambique (Portuguese East Africa)","GPH","255","Germany (Zollverein)","GPH",2135231.31672598,"255",NA,NA,NA,NA,NA,"ok",NA
"380->452",1954,"452","Ghana (Gold Coast)","GPH","380","Sweden","GPH",213523.131672598,"380",NA,NA,NA,NA,NA,"ok",NA
"325->732",1954,"732","South Korea (Republic of South Korea)","GPH","325","Italy","GPH",1565836.29893238,"325",NA,NA,NA,NA,NA,"ok",NA
"325->352",1954,"352","Cyprus","GPH","325","Italy","GPH",1530249.11032028,"325",NA,NA,NA,NA,NA,"ok",NA
"200->20",1954,"20","Canada (Province of Canada)","GPH","200","United Kingdom","GPH",135160142.348754,"200",NA,NA,NA,NA,NA,"ok",NA
"200->800",1954,"800","Thailand (Siam)","GPH","200","United Kingdom","GPH",11565836.2989324,"200",NA,NA,NA,NA,NA,"ok",NA
"200->70",1954,"70","Mexico","GPH","200","United Kingdom","GPH",5693950.17793594,"200",NA,NA,NA,NA,NA,"ok",NA
"200->530",1954,"530","Ethiopia (Abyssinia)","GPH","200","United Kingdom","GPH",2135231.31672598,"200",NA,NA,NA,NA,NA,"ok",NA
"200->325",1954,"325","Italy","GPH","200","United Kingdom","GPH",63096085.4092527,"200",NA,NA,NA,NA,NA,"ok",NA
"740->660",1954,"660","Lebanon","GPH","740","Japan","GPH",462633.451957295,"740",NA,NA,NA,NA,NA,"ok",NA
"740->501",1954,"501","Kenya (British East Africa Protectorate)","GPH","740","Japan","GPH",498220.640569395,"740",NA,NA,NA,NA,NA,"ok",NA
"740->710",1954,"710","People's Republic of China (China)","GPH","740","Japan","GPH",6797153.02491103,"740",NA,NA,NA,NA,NA,"ok",NA
"200->840",1954,"840","Philippines","GPH","200","United Kingdom","GPH",3487544.48398576,"200",NA,NA,NA,NA,NA,"ok",NA
"920->20",1954,"20","Canada (Province of Canada)","GPH","920","New Zealand","GPH",2989323.84341637,"920",NA,NA,NA,NA,NA,"ok",NA
"200->155",1954,"155","Chile","GPH","200","United Kingdom","GPH",4341637.01067616,"200",NA,NA,NA,NA,NA,"ok",NA
"220->92",1954,"92","El Salvador","GPH","220","France","GPH",391459.074733096,"220",NA,NA,NA,NA,NA,"ok",NA
"920->385",1954,"385","Norway","GPH","920","New Zealand","GPH",71174.3772241993,"920",NA,NA,NA,NA,NA,"ok",NA
"920->770",1954,"770","Pakistan","GPH","920","New Zealand","GPH",35587.1886120996,"920",NA,NA,NA,NA,NA,"ok",NA
"920->740",1954,"740","Japan","GPH","920","New Zealand","GPH",1281138.79003559,"920",NA,NA,NA,NA,NA,"ok",NA
"920->600",1954,"600","Morocco","GPH","920","New Zealand","GPH",71174.3772241993,"920",NA,NA,NA,NA,NA,"ok",NA
"840->255",1954,"255","Germany (Zollverein)","GPH","840","Philippines","GPH",3807829.18149466,"840",NA,NA,NA,NA,NA,"ok",NA
"395->2",1954,"2","United States of America","GPH","395","Iceland","GPH",3167259.78647687,"395",NA,NA,NA,NA,NA,"ok",NA
"490->652",1954,"652","Syria","GPH","490","Democratic Republic of the Congo (Zaire) (Kinshasa) (Belgian Congo) (Congo Free State)","GPH",106761.565836299,"490",NA,NA,NA,NA,NA,"ok",NA
"395->205",1954,"205","Ireland","GPH","395","Iceland","GPH",177935.943060498,"395",NA,NA,NA,NA,NA,"ok",NA
"395->390",1954,"390","Denmark","GPH","395","Iceland","GPH",711743.772241993,"395",NA,NA,NA,NA,NA,"ok",NA
"395->200",1954,"200","United Kingdom","GPH","395","Iceland","GPH",1743772.24199288,"395",NA,NA,NA,NA,NA,"ok",NA
"20->205",1954,"205","Ireland","GPH","20","Canada (Province of Canada)","GPH",3238434.16370107,"20",NA,NA,NA,NA,NA,"ok",NA
"720->780",1954,"780","Sri Lanka (Ceylon)","GPH","720","Hong Kong","GPH",818505.338078292,"720",NA,NA,NA,NA,NA,"ok",NA
"325->670",1954,"670","Saudi Arabia (Emirate of Nejd) (Emirate of Diriyah)","GPH","325","Italy","GPH",1138790.03558719,"325",NA,NA,NA,NA,NA,"ok",NA
"325->640",1954,"640","Turkey (Ottoman Empire)","GPH","325","Italy","GPH",11992882.5622776,"325",NA,NA,NA,NA,NA,"ok",NA
"325->200",1954,"200","United Kingdom","GPH","325","Italy","GPH",46120996.4412811,"325",NA,NA,NA,NA,NA,"ok",NA
"325->165",1954,"165","Uruguay","GPH","325","Italy","GPH",2704626.33451957,"325",NA,NA,NA,NA,NA,"ok",NA
"325->710",1954,"710","People's Republic of China (China)","GPH","325","Italy","GPH",2206405.69395018,"325",NA,NA,NA,NA,NA,"ok",NA
"325->145",1954,"145","Bolivia","GPH","325","Italy","GPH",142348.754448399,"325",NA,NA,NA,NA,NA,"ok",NA
"720->651",1954,"651","Egypt Arab Republic (Egypt)","GPH","720","Hong Kong","GPH",142348.754448399,"720",NA,NA,NA,NA,NA,"ok",NA
"720->732",1954,"732","South Korea (Republic of South Korea)","GPH","720","Hong Kong","GPH",10604982.2064057,"720",NA,NA,NA,NA,NA,"ok",NA
"325->160",1954,"160","Argentina (La Plata)","GPH","325","Italy","GPH",12526690.3914591,"325",NA,NA,NA,NA,NA,"ok",NA
"380->101",1954,"101","Venezuela","GPH","380","Sweden","GPH",2348754.44839858,"380",NA,NA,NA,NA,NA,"ok",NA
"720->255",1954,"255","Germany (Zollverein)","GPH","720","Hong Kong","GPH",1387900.35587189,"720",NA,NA,NA,NA,NA,"ok",NA
"325->395",1954,"395","Iceland","GPH","325","Italy","GPH",427046.263345196,"325",NA,NA,NA,NA,NA,"ok",NA
"325->770",1954,"770","Pakistan","GPH","325","Italy","GPH",5160142.34875445,"325",NA,NA,NA,NA,NA,"ok",NA
"325->375",1954,"375","Finland","GPH","325","Italy","GPH",2384341.63701068,"325",NA,NA,NA,NA,NA,"ok",NA
"325->666",1954,"666","Israel","GPH","325","Italy","GPH",1352313.16725979,"325",NA,NA,NA,NA,NA,"ok",NA
"530->255",1954,"255","Germany (Zollverein)","GPH","530","Ethiopia (Abyssinia)","GPH",142348.754448399,"530",NA,NA,NA,NA,NA,"ok",NA
"900->255",1954,"255","Germany (Zollverein)","GPH","900","Australia","GPH",24199288.2562278,"900",NA,NA,NA,NA,NA,"ok",NA
"200->471",1954,"471","Cameroun (French Cameroon)","GPH","200","United Kingdom","GPH",996441.28113879,"200",NA,NA,NA,NA,NA,"ok",NA
"200->135",1954,"135","Peru","GPH","200","United Kingdom","GPH",6512455.51601424,"200",NA,NA,NA,NA,NA,"ok",NA
"20->780",1954,"780","Sri Lanka (Ceylon)","GPH","20","Canada (Province of Canada)","GPH",1174377.22419929,"20",NA,NA,NA,NA,NA,"ok",NA
"20->100",1954,"100","Colombia (New Granada) (Gran Colombia)","GPH","20","Canada (Province of Canada)","GPH",7686832.74021352,"20",NA,NA,NA,NA,NA,"ok",NA
"200->770",1954,"770","Pakistan","GPH","200","United Kingdom","GPH",45765124.5551601,"200",NA,NA,NA,NA,NA,"ok",NA
"200->355",1954,"355","Bulgaria","GPH","200","United Kingdom","GPH",1174377.22419929,"200",NA,NA,NA,NA,NA,"ok",NA
"200->750",1954,"750","India","GPH","200","United Kingdom","GPH",114768683.274021,"200",NA,NA,NA,NA,NA,"ok",NA
"200->541",1954,"541","Mozambique (Portuguese East Africa)","GPH","200","United Kingdom","GPH",4128113.87900356,"200",NA,NA,NA,NA,NA,"ok",NA
"900->850",1954,"850","Indonesia (Dutch East Indies)","GPH","900","Australia","GPH",3558718.86120996,"900",NA,NA,NA,NA,NA,"ok",NA
"900->645",1954,"645","Iraq (Mesopotamia)","GPH","900","Australia","GPH",284697.508896797,"900",NA,NA,NA,NA,NA,"ok",NA
"395->666",1954,"666","Israel","GPH","395","Iceland","GPH",177935.943060498,"395",NA,NA,NA,NA,NA,"ok",NA
"395->375",1954,"375","Finland","GPH","395","Iceland","GPH",604982.206405694,"395",NA,NA,NA,NA,NA,"ok",NA
"840->900",1954,"900","Australia","GPH","840","Philippines","GPH",71174.3772241993,"840",NA,NA,NA,NA,NA,"ok",NA
"20->52",1954,"52","Trinidad and Tobago","GPH","20","Canada (Province of Canada)","GPH",4199288.25622776,"20",NA,NA,NA,NA,NA,"ok",NA
"20->541",1954,"541","Mozambique (Portuguese East Africa)","GPH","20","Canada (Province of Canada)","GPH",960854.09252669,"20",NA,NA,NA,NA,NA,"ok",NA
"20->230",1954,"230","Spain","GPH","20","Canada (Province of Canada)","GPH",996441.28113879,"20",NA,NA,NA,NA,NA,"ok",NA
"20->770",1954,"770","Pakistan","GPH","20","Canada (Province of Canada)","GPH",3345195.72953737,"20",NA,NA,NA,NA,NA,"ok",NA
"720->920",1954,"920","New Zealand","GPH","720","Hong Kong","GPH",569395.017793594,"720",NA,NA,NA,NA,NA,"ok",NA
"20->900",1954,"900","Australia","GPH","20","Canada (Province of Canada)","GPH",16903914.5907473,"20",NA,NA,NA,NA,NA,"ok",NA
"380->52",1954,"52","Trinidad and Tobago","GPH","380","Sweden","GPH",106761.565836299,"380",NA,NA,NA,NA,NA,"ok",NA
"380->541",1954,"541","Mozambique (Portuguese East Africa)","GPH","380","Sweden","GPH",320284.697508897,"380",NA,NA,NA,NA,NA,"ok",NA
"200->380",1954,"380","Sweden","GPH","200","United Kingdom","GPH",95765124.5551601,"200",NA,NA,NA,NA,NA,"ok",NA
"352->740",1954,"740","Japan","GPH","352","Cyprus","GPH",35587.1886120996,"352",NA,NA,NA,NA,NA,"ok",NA
"20->155",1954,"155","Chile","GPH","20","Canada (Province of Canada)","GPH",1174377.22419929,"20",NA,NA,NA,NA,NA,"ok",NA
"530->350",1954,"350","Greece","GPH","530","Ethiopia (Abyssinia)","GPH",106761.565836299,"530",NA,NA,NA,NA,NA,"ok",NA
"200->350",1954,"350","Greece","GPH","200","United Kingdom","GPH",15587188.6120996,"200",NA,NA,NA,NA,NA,"ok",NA
"200->41",1954,"41","Haiti","GPH","200","United Kingdom","GPH",747330.960854092,"200",NA,NA,NA,NA,NA,"ok",NA
"200->94",1954,"94","Costa Rica","GPH","200","United Kingdom","GPH",1886120.99644128,"200",NA,NA,NA,NA,NA,"ok",NA
"20->40",1954,"40","Cuba","GPH","20","Canada (Province of Canada)","GPH",6405693.95017794,"20",NA,NA,NA,NA,NA,"ok",NA
"20->540",1954,"540","Angola","GPH","20","Canada (Province of Canada)","GPH",106761.565836299,"20",NA,NA,NA,NA,NA,"ok",NA
"20->920",1954,"920","New Zealand","GPH","20","Canada (Province of Canada)","GPH",5444839.85765125,"20",NA,NA,NA,NA,NA,"ok",NA
"200->616",1954,"616","Tunisia (Regency of Tunis)","GPH","200","United Kingdom","GPH",1138790.03558719,"200",NA,NA,NA,NA,NA,"ok",NA
"200->615",1954,"615","Algeria (Regency of Algiers)","GPH","200","United Kingdom","GPH",3096085.40925267,"200",NA,NA,NA,NA,NA,"ok",NA
"200->900",1954,"900","Australia","GPH","200","United Kingdom","GPH",278185053.380783,"200",NA,NA,NA,NA,NA,"ok",NA
"200->625",1954,"625","Sudan (Anglo-Egyptian Sudan) (Mahdist State)","GPH","200","United Kingdom","GPH",13558718.86121,"200",NA,NA,NA,NA,NA,"ok",NA
"200->740",1954,"740","Japan","GPH","200","United Kingdom","GPH",11921708.1850534,"200",NA,NA,NA,NA,NA,"ok",NA
"200->110",1954,"110","Guyana (British Guiana)","GPH","200","United Kingdom","GPH",8007117.43772242,"200",NA,NA,NA,NA,NA,"ok",NA
"395->40",1954,"40","Cuba","GPH","395","Iceland","GPH",142348.754448399,"395",NA,NA,NA,NA,NA,"ok",NA
"395->210",1954,"210","Netherlands","GPH","395","Iceland","GPH",747330.960854092,"395",NA,NA,NA,NA,NA,"ok",NA
"395->140",1954,"140","Brazil","GPH","395","Iceland","GPH",569395.017793594,"395",NA,NA,NA,NA,NA,"ok",NA
"235->580",1954,"580","Madagascar (Malagasy Republic)","GPH","235","Portugal","GPH",213523.131672598,"235",NA,NA,NA,NA,NA,"ok",NA
"200->660",1954,"660","Lebanon","GPH","200","United Kingdom","GPH",5444839.85765125,"200",NA,NA,NA,NA,NA,"ok",NA
"200->352",1954,"352","Cyprus","GPH","200","United Kingdom","GPH",10676156.5836299,"200",NA,NA,NA,NA,NA,"ok",NA
"200->220",1954,"220","France","GPH","200","United Kingdom","GPH",73451957.2953737,"200",NA,NA,NA,NA,NA,"ok",NA
"200->225",1954,"225","Switzerland","GPH","200","United Kingdom","GPH",29359430.6049822,"200",NA,NA,NA,NA,NA,"ok",NA
"200->90",1954,"90","Guatemala","GPH","200","United Kingdom","GPH",1138790.03558719,"200",NA,NA,NA,NA,NA,"ok",NA
"840->210",1954,"210","Netherlands","GPH","840","Philippines","GPH",11672597.8647687,"840",NA,NA,NA,NA,NA,"ok",NA
"200->52",1954,"52","Trinidad and Tobago","GPH","200","United Kingdom","GPH",17864768.683274,"200",NA,NA,NA,NA,NA,"ok",NA
"530->666",1954,"666","Israel","GPH","530","Ethiopia (Abyssinia)","GPH",355871.886120996,"530",NA,NA,NA,NA,NA,"ok",NA
"720->800",1954,"800","Thailand (Siam)","GPH","720","Hong Kong","GPH",8113879.00355872,"720",NA,NA,NA,NA,NA,"ok",NA
"200->775",1954,"775","Myanmar (Burma)","GPH","200","United Kingdom","GPH",22846975.088968,"200",NA,NA,NA,NA,NA,"ok",NA
"200->651",1954,"651","Egypt Arab Republic (Egypt)","GPH","200","United Kingdom","GPH",21387900.3558719,"200",NA,NA,NA,NA,NA,"ok",NA
"720->380",1954,"380","Sweden","GPH","720","Hong Kong","GPH",249110.320284698,"720",NA,NA,NA,NA,NA,"ok",NA
"840->666",1954,"666","Israel","GPH","840","Philippines","GPH",284697.508896797,"840",NA,NA,NA,NA,NA,"ok",NA
"352->660",1954,"660","Lebanon","GPH","352","Cyprus","GPH",142348.754448399,"352",NA,NA,NA,NA,NA,"ok",NA
"235->40",1954,"40","Cuba","GPH","235","Portugal","GPH",249110.320284698,"235",NA,NA,NA,NA,NA,"ok",NA
"70->155",1954,"155","Chile","GPH","70","Mexico","GPH",213523.131672598,"70",NA,NA,NA,NA,NA,"ok",NA
"200->560",1954,"560","South Africa","GPH","200","United Kingdom","GPH",156975088.967972,"200",NA,NA,NA,NA,NA,"ok",NA
"70->20",1954,"20","Canada (Province of Canada)","GPH","70","Mexico","GPH",2028469.75088968,"70",NA,NA,NA,NA,NA,"ok",NA
"70->375",1954,"375","Finland","GPH","70","Mexico","GPH",284697.508896797,"70",NA,NA,NA,NA,NA,"ok",NA
"395->310",1954,"310","Hungary","GPH","395","Iceland","GPH",35587.1886120996,"395",NA,NA,NA,NA,NA,"ok",NA
"70->385",1954,"385","Norway","GPH","70","Mexico","GPH",533807.829181495,"70",NA,NA,NA,NA,NA,"ok",NA
"840->230",1954,"230","Spain","GPH","840","Philippines","GPH",1067615.65836299,"840",NA,NA,NA,NA,NA,"ok",NA
"840->750",1954,"750","India","GPH","840","Philippines","GPH",213523.131672598,"840",NA,NA,NA,NA,NA,"ok",NA
"740->652",1954,"652","Syria","GPH","740","Japan","GPH",1352313.16725979,"740",NA,NA,NA,NA,NA,"ok",NA
"840->220",1954,"220","France","GPH","840","Philippines","GPH",1601423.48754448,"840",NA,NA,NA,NA,NA,"ok",NA
"740->395",1954,"395","Iceland","GPH","740","Japan","GPH",35587.1886120996,"740",NA,NA,NA,NA,NA,"ok",NA
"740->255",1954,"255","Germany (Zollverein)","GPH","740","Japan","GPH",6441281.13879004,"740",NA,NA,NA,NA,NA,"ok",NA
"740->490",1954,"490","Democratic Republic of the Congo (Zaire) (Kinshasa) (Belgian Congo) (Congo Free State)","GPH","740","Japan","GPH",4661921.70818505,"740",NA,NA,NA,NA,NA,"ok",NA
"740->800",1954,"800","Thailand (Siam)","GPH","740","Japan","GPH",23167259.7864769,"740",NA,NA,NA,NA,NA,"ok",NA
"740->471",1954,"471","Cameroun (French Cameroon)","GPH","740","Japan","GPH",177935.943060498,"740",NA,NA,NA,NA,NA,"ok",NA
"740->135",1954,"135","Peru","GPH","740","Japan","GPH",1637010.67615658,"740",NA,NA,NA,NA,NA,"ok",NA
"200->780",1954,"780","Sri Lanka (Ceylon)","GPH","200","United Kingdom","GPH",19430604.9822064,"200",NA,NA,NA,NA,NA,"ok",NA
"200->42",1954,"42","Dominican Republic (Santo Domingo)","GPH","200","United Kingdom","GPH",782918.149466192,"200",NA,NA,NA,NA,NA,"ok",NA
"740->70",1954,"70","Mexico","GPH","740","Japan","GPH",10249110.3202847,"740",NA,NA,NA,NA,NA,"ok",NA
"740->380",1954,"380","Sweden","GPH","740","Japan","GPH",2989323.84341637,"740",NA,NA,NA,NA,NA,"ok",NA
"900->310",1954,"310","Hungary","GPH","900","Australia","GPH",71174.3772241993,"900",NA,NA,NA,NA,NA,"ok",NA
"200->720",1954,"720","Hong Kong","GPH","200","United Kingdom","GPH",23985765.1245552,"200",NA,NA,NA,NA,NA,"ok",NA
"200->522",1954,"522","Djibouti (Afar and Issas) (French Somaliland)","GPH","200","United Kingdom","GPH",249110.320284698,"200",NA,NA,NA,NA,NA,"ok",NA
"200->210",1954,"210","Netherlands","GPH","200","United Kingdom","GPH",105978647.686833,"200",NA,NA,NA,NA,NA,"ok",NA
"200->140",1954,"140","Brazil","GPH","200","United Kingdom","GPH",8932384.34163701,"200",NA,NA,NA,NA,NA,"ok",NA
"70->135",1954,"135","Peru","GPH","70","Mexico","GPH",284697.508896797,"70",NA,NA,NA,NA,NA,"ok",NA
"70->200",1954,"200","United Kingdom","GPH","70","Mexico","GPH",13807829.1814947,"70",NA,NA,NA,NA,NA,"ok",NA
"70->165",1954,"165","Uruguay","GPH","70","Mexico","GPH",35587.1886120996,"70",NA,NA,NA,NA,NA,"ok",NA
"352->780",1954,"780","Sri Lanka (Ceylon)","GPH","352","Cyprus","GPH",35587.1886120996,"352",NA,NA,NA,NA,NA,"ok",NA
"740->130",1954,"130","Ecuador","GPH","740","Japan","GPH",462633.451957295,"740",NA,NA,NA,NA,NA,"ok",NA
"740->305",1954,"305","Austria","GPH","740","Japan","GPH",284697.508896797,"740",NA,NA,NA,NA,NA,"ok",NA
"101->325",1954,"325","Italy","GPH","101","Venezuela","GPH",3523131.67259786,"101",NA,NA,NA,NA,NA,"ok",NA
"200->130",1954,"130","Ecuador","GPH","200","United Kingdom","GPH",2811387.90035587,"200",NA,NA,NA,NA,NA,"ok",NA
"200->305",1954,"305","Austria","GPH","200","United Kingdom","GPH",9608540.9252669,"200",NA,NA,NA,NA,NA,"ok",NA
"616->780",1954,"780","Sri Lanka (Ceylon)","GPH","616","Tunisia (Regency of Tunis)","GPH",35587.1886120996,"616",NA,NA,NA,NA,NA,"ok",NA
"500->205",1954,"205","Ireland","GPH","500","Uganda","GPH",35587.1886120996,"500",NA,NA,NA,NA,NA,"ok",NA
"500->645",1954,"645","Iraq (Mesopotamia)","GPH","500","Uganda","GPH",106761.565836299,"500",NA,NA,NA,NA,NA,"ok",NA
"740->615",1954,"615","Algeria (Regency of Algiers)","GPH","740","Japan","GPH",1067615.65836299,"740",NA,NA,NA,NA,NA,"ok",NA
"740->155",1954,"155","Chile","GPH","740","Japan","GPH",427046.263345196,"740",NA,NA,NA,NA,NA,"ok",NA
"740->900",1954,"900","Australia","GPH","740","Japan","GPH",10035587.1886121,"740",NA,NA,NA,NA,NA,"ok",NA
"200->850",1954,"850","Indonesia (Dutch East Indies)","GPH","200","United Kingdom","GPH",10142348.7544484,"200",NA,NA,NA,NA,NA,"ok",NA
"740->95",1954,"95","Panama","GPH","740","Japan","GPH",569395.017793594,"740",NA,NA,NA,NA,NA,"ok",NA
"740->580",1954,"580","Madagascar (Malagasy Republic)","GPH","740","Japan","GPH",213523.131672598,"740",NA,NA,NA,NA,NA,"ok",NA
"740->452",1954,"452","Ghana (Gold Coast)","GPH","740","Japan","GPH",5302491.10320285,"740",NA,NA,NA,NA,NA,"ok",NA
"740->94",1954,"94","Costa Rica","GPH","740","Japan","GPH",391459.074733096,"740",NA,NA,NA,NA,NA,"ok",NA
"740->385",1954,"385","Norway","GPH","740","Japan","GPH",427046.263345196,"740",NA,NA,NA,NA,NA,"ok",NA
"740->630",1954,"630","Iran (Persia)","GPH","740","Japan","GPH",8362989.32384342,"740",NA,NA,NA,NA,NA,"ok",NA
"740->713",1954,"713","Republic of China (Taiwan) (Formosa)","GPH","740","Japan","GPH",23451957.2953737,"740",NA,NA,NA,NA,NA,"ok",NA
"740->90",1954,"90","Guatemala","GPH","740","Japan","GPH",71174.3772241993,"740",NA,NA,NA,NA,NA,"ok",NA
"740->352",1954,"352","Cyprus","GPH","740","Japan","GPH",71174.3772241993,"740",NA,NA,NA,NA,NA,"ok",NA
"740->220",1954,"220","France","GPH","740","Japan","GPH",4128113.87900356,"740",NA,NA,NA,NA,NA,"ok",NA
"352->732",1954,"732","South Korea (Republic of South Korea)","GPH","352","Cyprus","GPH",35587.1886120996,"352",NA,NA,NA,NA,NA,"ok",NA
"70->94",1954,"94","Costa Rica","GPH","70","Mexico","GPH",213523.131672598,"70",NA,NA,NA,NA,NA,"ok",NA
"740->150",1954,"150","Paraguay","GPH","740","Japan","GPH",320284.697508897,"740",NA,NA,NA,NA,NA,"ok",NA
"616->40",1954,"40","Cuba","GPH","616","Tunisia (Regency of Tunis)","GPH",35587.1886120996,"616",NA,NA,NA,NA,NA,"ok",NA
"615->375",1954,"375","Finland","GPH","615","Algeria (Regency of Algiers)","GPH",71174.3772241993,"615",NA,NA,NA,NA,NA,"ok",NA
"740->625",1954,"625","Sudan (Anglo-Egyptian Sudan) (Mahdist State)","GPH","740","Japan","GPH",177935.943060498,"740",NA,NA,NA,NA,NA,"ok",NA
"101->20",1954,"20","Canada (Province of Canada)","GPH","101","Venezuela","GPH",11637010.6761566,"101",NA,NA,NA,NA,NA,"ok",NA
"740->325",1954,"325","Italy","GPH","740","Japan","GPH",1921708.18505338,"740",NA,NA,NA,NA,NA,"ok",NA
"70->630",1954,"630","Iran (Persia)","GPH","70","Mexico","GPH",177935.943060498,"70",NA,NA,NA,NA,NA,"ok",NA
"220->95",1954,"95","Panama","GPH","220","France","GPH",747330.960854092,"220",NA,NA,NA,NA,NA,"ok",NA
"740->720",1954,"720","Hong Kong","GPH","740","Japan","GPH",27508896.797153,"740",NA,NA,NA,NA,NA,"ok",NA
"740->235",1954,"235","Portugal","GPH","740","Japan","GPH",35587.1886120996,"740",NA,NA,NA,NA,NA,"ok",NA
"740->375",1954,"375","Finland","GPH","740","Japan","GPH",533807.829181495,"740",NA,NA,NA,NA,NA,"ok",NA
"740->541",1954,"541","Mozambique (Portuguese East Africa)","GPH","740","Japan","GPH",142348.754448399,"740",NA,NA,NA,NA,NA,"ok",NA
"740->165",1954,"165","Uruguay","GPH","740","Japan","GPH",889679.715302491,"740",NA,NA,NA,NA,NA,"ok",NA
"740->390",1954,"390","Denmark","GPH","740","Japan","GPH",462633.451957295,"740",NA,NA,NA,NA,NA,"ok",NA
"390->580",1954,"580","Madagascar (Malagasy Republic)","GPH","390","Denmark","GPH",142348.754448399,"390",NA,NA,NA,NA,NA,"ok",NA
"380->40",1954,"40","Cuba","GPH","380","Sweden","GPH",498220.640569395,"380",NA,NA,NA,NA,NA,"ok",NA
"740->140",1954,"140","Brazil","GPH","740","Japan","GPH",27829181.4946619,"740",NA,NA,NA,NA,NA,"ok",NA
"390->93",1954,"93","Nicaragua","GPH","390","Denmark","GPH",35587.1886120996,"390",NA,NA,NA,NA,NA,"ok",NA
"390->775",1954,"775","Myanmar (Burma)","GPH","390","Denmark","GPH",355871.886120996,"390",NA,NA,NA,NA,NA,"ok",NA
"840->720",1954,"720","Hong Kong","GPH","840","Philippines","GPH",604982.206405694,"840",NA,NA,NA,NA,NA,"ok",NA
"900->360",1954,"360","Romania","GPH","900","Australia","GPH",142348.754448399,"900",NA,NA,NA,NA,NA,"ok",NA
"900->710",1954,"710","People's Republic of China (China)","GPH","900","Australia","GPH",1138790.03558719,"900",NA,NA,NA,NA,NA,"ok",NA
"900->713",1954,"713","Republic of China (Taiwan) (Formosa)","GPH","900","Australia","GPH",462633.451957295,"900",NA,NA,NA,NA,NA,"ok",NA
"900->630",1954,"630","Iran (Persia)","GPH","900","Australia","GPH",177935.943060498,"900",NA,NA,NA,NA,NA,"ok",NA
"70->210",1954,"210","Netherlands","GPH","70","Mexico","GPH",2882562.27758007,"70",NA,NA,NA,NA,NA,"ok",NA
"70->140",1954,"140","Brazil","GPH","70","Mexico","GPH",711743.772241993,"70",NA,NA,NA,NA,NA,"ok",NA
"70->350",1954,"350","Greece","GPH","70","Mexico","GPH",177935.943060498,"70",NA,NA,NA,NA,NA,"ok",NA
"70->41",1954,"41","Haiti","GPH","70","Mexico","GPH",142348.754448399,"70",NA,NA,NA,NA,NA,"ok",NA
"390->40",1954,"40","Cuba","GPH","390","Denmark","GPH",106761.565836299,"390",NA,NA,NA,NA,NA,"ok",NA
"20->475",1954,"475","Nigeria","GPH","20","Canada (Province of Canada)","GPH",533807.829181495,"20",NA,NA,NA,NA,NA,"ok",NA
"20->101",1954,"101","Venezuela","GPH","20","Canada (Province of Canada)","GPH",11387900.3558719,"20",NA,NA,NA,NA,NA,"ok",NA
"720->2",1954,"2","United States of America","GPH","720","Hong Kong","GPH",5800711.74377224,"720",NA,NA,NA,NA,NA,"ok",NA
"720->840",1954,"840","Philippines","GPH","720","Hong Kong","GPH",3274021.35231317,"720",NA,NA,NA,NA,NA,"ok",NA
"20->530",1954,"530","Ethiopia (Abyssinia)","GPH","20","Canada (Province of Canada)","GPH",35587.1886120996,"20",NA,NA,NA,NA,NA,"ok",NA
"200->390",1954,"390","Denmark","GPH","200","United Kingdom","GPH",84199288.2562278,"200",NA,NA,NA,NA,NA,"ok",NA
"395->840",1954,"840","Philippines","GPH","395","Iceland","GPH",35587.1886120996,"395",NA,NA,NA,NA,NA,"ok",NA
"20->385",1954,"385","Norway","GPH","20","Canada (Province of Canada)","GPH",16049822.0640569,"20",NA,NA,NA,NA,NA,"ok",NA
"20->350",1954,"350","Greece","GPH","20","Canada (Province of Canada)","GPH",925266.903914591,"20",NA,NA,NA,NA,NA,"ok",NA
"20->94",1954,"94","Costa Rica","GPH","20","Canada (Province of Canada)","GPH",1032028.46975089,"20",NA,NA,NA,NA,NA,"ok",NA
"720->210",1954,"210","Netherlands","GPH","720","Hong Kong","GPH",747330.960854092,"720",NA,NA,NA,NA,NA,"ok",NA
"200->713",1954,"713","Republic of China (Taiwan) (Formosa)","GPH","200","United Kingdom","GPH",1138790.03558719,"200",NA,NA,NA,NA,NA,"ok",NA
"200->235",1954,"235","Portugal","GPH","200","United Kingdom","GPH",18790035.5871886,"200",NA,NA,NA,NA,NA,"ok",NA
"200->375",1954,"375","Finland","GPH","200","United Kingdom","GPH",32704626.3345196,"200",NA,NA,NA,NA,NA,"ok",NA
"200->666",1954,"666","Israel","GPH","200","United Kingdom","GPH",6939501.77935943,"200",NA,NA,NA,NA,NA,"ok",NA
"900->70",1954,"70","Mexico","GPH","900","Australia","GPH",2918149.46619217,"900",NA,NA,NA,NA,NA,"ok",NA
"200->360",1954,"360","Romania","GPH","200","United Kingdom","GPH",2597864.76868327,"200",NA,NA,NA,NA,NA,"ok",NA
"900->380",1954,"380","Sweden","GPH","900","Australia","GPH",2455516.01423488,"900",NA,NA,NA,NA,NA,"ok",NA
"20->840",1954,"840","Philippines","GPH","20","Canada (Province of Canada)","GPH",5800711.74377224,"20",NA,NA,NA,NA,NA,"ok",NA
"20->960",1954,"960","French Polynesia","GPH","20","Canada (Province of Canada)","GPH",142348.754448399,"20",NA,NA,NA,NA,NA,"ok",NA
"200->165",1954,"165","Uruguay","GPH","200","United Kingdom","GPH",13594306.0498221,"200",NA,NA,NA,NA,NA,"ok",NA
"200->670",1954,"670","Saudi Arabia (Emirate of Nejd) (Emirate of Diriyah)","GPH","200","United Kingdom","GPH",5693950.17793594,"200",NA,NA,NA,NA,NA,"ok",NA
"20->560",1954,"560","South Africa","GPH","20","Canada (Province of Canada)","GPH",14590747.3309609,"20",NA,NA,NA,NA,NA,"ok",NA
"200->640",1954,"640","Turkey (Ottoman Empire)","GPH","200","United Kingdom","GPH",12170818.5053381,"200",NA,NA,NA,NA,NA,"ok",NA
"20->150",1954,"150","Paraguay","GPH","20","Canada (Province of Canada)","GPH",71174.3772241993,"20",NA,NA,NA,NA,NA,"ok",NA
"20->41",1954,"41","Haiti","GPH","20","Canada (Province of Canada)","GPH",1209964.41281139,"20",NA,NA,NA,NA,NA,"ok",NA
"200->710",1954,"710","People's Republic of China (China)","GPH","200","United Kingdom","GPH",6903914.59074733,"200",NA,NA,NA,NA,NA,"ok",NA
"200->630",1954,"630","Iran (Persia)","GPH","200","United Kingdom","GPH",8256227.75800712,"200",NA,NA,NA,NA,NA,"ok",NA
"200->230",1954,"230","Spain","GPH","200","United Kingdom","GPH",23665480.4270463,"200",NA,NA,NA,NA,NA,"ok",NA
"20->710",1954,"710","People's Republic of China (China)","GPH","20","Canada (Province of Canada)","GPH",35587.1886120996,"20",NA,NA,NA,NA,NA,"ok",NA
"200->540",1954,"540","Angola","GPH","200","United Kingdom","GPH",3096085.40925267,"200",NA,NA,NA,NA,NA,"ok",NA
"720->775",1954,"775","Myanmar (Burma)","GPH","720","Hong Kong","GPH",2562277.58007117,"720",NA,NA,NA,NA,NA,"ok",NA
"200->290",1954,"290","Poland","GPH","200","United Kingdom","GPH",9074733.09608541,"200",NA,NA,NA,NA,NA,"ok",NA
"20->750",1954,"750","India","GPH","20","Canada (Province of Canada)","GPH",6548042.70462633,"20",NA,NA,NA,NA,NA,"ok",NA
"720->850",1954,"850","Indonesia (Dutch East Indies)","GPH","720","Hong Kong","GPH",13985765.1245552,"720",NA,NA,NA,NA,NA,"ok",NA
"235->135",1954,"135","Peru","GPH","235","Portugal","GPH",106761.565836299,"235",NA,NA,NA,NA,NA,"ok",NA
"740->350",1954,"350","Greece","GPH","740","Japan","GPH",177935.943060498,"740",NA,NA,NA,NA,NA,"ok",NA
"200->920",1954,"920","New Zealand","GPH","200","United Kingdom","GPH",126120996.441281,"200",NA,NA,NA,NA,NA,"ok",NA
"200->310",1954,"310","Hungary","GPH","200","United Kingdom","GPH",2064056.93950178,"200",NA,NA,NA,NA,NA,"ok",NA
"740->92",1954,"92","El Salvador","GPH","740","Japan","GPH",782918.149466192,"740",NA,NA,NA,NA,NA,"ok",NA
"740->616",1954,"616","Tunisia (Regency of Tunis)","GPH","740","Japan","GPH",106761.565836299,"740",NA,NA,NA,NA,NA,"ok",NA
"200->101",1954,"101","Venezuela","GPH","200","United Kingdom","GPH",25516014.2348754,"200",NA,NA,NA,NA,NA,"ok",NA
"375->630",1954,"630","Iran (Persia)","GPH","375","Finland","GPH",71174.3772241993,"375",NA,NA,NA,NA,NA,"ok",NA
"200->645",1954,"645","Iraq (Mesopotamia)","GPH","200","United Kingdom","GPH",23487544.4839858,"200",NA,NA,NA,NA,NA,"ok",NA
"352->651",1954,"651","Egypt Arab Republic (Egypt)","GPH","352","Cyprus","GPH",747330.960854092,"352",NA,NA,NA,NA,NA,"ok",NA
"325->522",1954,"522","Djibouti (Afar and Issas) (French Somaliland)","GPH","325","Italy","GPH",427046.263345196,"325",NA,NA,NA,NA,NA,"ok",NA
"720->900",1954,"900","Australia","GPH","720","Hong Kong","GPH",2918149.46619217,"720",NA,NA,NA,NA,NA,"ok",NA
"900->205",1954,"205","Ireland","GPH","900","Australia","GPH",2170818.50533808,"900",NA,NA,NA,NA,NA,"ok",NA
"395->385",1954,"385","Norway","GPH","395","Iceland","GPH",889679.715302491,"395",NA,NA,NA,NA,NA,"ok",NA
"900->780",1954,"780","Sri Lanka (Ceylon)","GPH","900","Australia","GPH",8220640.56939502,"900",NA,NA,NA,NA,NA,"ok",NA
"900->100",1954,"100","Colombia (New Granada) (Gran Colombia)","GPH","900","Australia","GPH",284697.508896797,"900",NA,NA,NA,NA,NA,"ok",NA
"395->255",1954,"255","Germany (Zollverein)","GPH","395","Iceland","GPH",1209964.41281139,"395",NA,NA,NA,NA,NA,"ok",NA
"720->770",1954,"770","Pakistan","GPH","720","Hong Kong","GPH",889679.715302491,"720",NA,NA,NA,NA,NA,"ok",NA
"720->750",1954,"750","India","GPH","720","Hong Kong","GPH",1245551.60142349,"720",NA,NA,NA,NA,NA,"ok",NA
"900->660",1954,"660","Lebanon","GPH","900","Australia","GPH",106761.565836299,"900",NA,NA,NA,NA,NA,"ok",NA
"900->225",1954,"225","Switzerland","GPH","900","Australia","GPH",1850533.80782918,"900",NA,NA,NA,NA,NA,"ok",NA
"900->290",1954,"290","Poland","GPH","900","Australia","GPH",5729537.36654804,"900",NA,NA,NA,NA,NA,"ok",NA
"900->352",1954,"352","Cyprus","GPH","900","Australia","GPH",818505.338078292,"900",NA,NA,NA,NA,NA,"ok",NA
"900->325",1954,"325","Italy","GPH","900","Australia","GPH",31530249.1103203,"900",NA,NA,NA,NA,NA,"ok",NA
"900->220",1954,"220","France","GPH","900","Australia","GPH",50213523.1316726,"900",NA,NA,NA,NA,NA,"ok",NA
"900->720",1954,"720","Hong Kong","GPH","900","Australia","GPH",9501779.3594306,"900",NA,NA,NA,NA,NA,"ok",NA
"900->560",1954,"560","South Africa","GPH","900","Australia","GPH",2135231.31672598,"900",NA,NA,NA,NA,NA,"ok",NA
"900->210",1954,"210","Netherlands","GPH","900","Australia","GPH",5622775.80071174,"900",NA,NA,NA,NA,NA,"ok",NA
"390->652",1954,"652","Syria","GPH","390","Denmark","GPH",213523.131672598,"390",NA,NA,NA,NA,NA,"ok",NA
"616->325",1954,"325","Italy","GPH","616","Tunisia (Regency of Tunis)","GPH",3309608.54092527,"616",NA,NA,NA,NA,NA,"ok",NA
"720->560",1954,"560","South Africa","GPH","720","Hong Kong","GPH",1530249.11032028,"720",NA,NA,NA,NA,NA,"ok",NA
"20->91",1954,"91","Honduras","GPH","20","Canada (Province of Canada)","GPH",177935.943060498,"20",NA,NA,NA,NA,NA,"ok",NA
"20->255",1954,"255","Germany (Zollverein)","GPH","20","Canada (Province of Canada)","GPH",32135231.316726,"20",NA,NA,NA,NA,NA,"ok",NA
"20->490",1954,"490","Democratic Republic of the Congo (Zaire) (Kinshasa) (Belgian Congo) (Congo Free State)","GPH","20","Canada (Province of Canada)","GPH",1352313.16725979,"20",NA,NA,NA,NA,NA,"ok",NA
"20->600",1954,"600","Morocco","GPH","20","Canada (Province of Canada)","GPH",1032028.46975089,"20",NA,NA,NA,NA,NA,"ok",NA
"20->395",1954,"395","Iceland","GPH","20","Canada (Province of Canada)","GPH",249110.320284698,"20",NA,NA,NA,NA,NA,"ok",NA
"20->713",1954,"713","Republic of China (Taiwan) (Formosa)","GPH","20","Canada (Province of Canada)","GPH",1245551.60142349,"20",NA,NA,NA,NA,NA,"ok",NA
"900->651",1954,"651","Egypt Arab Republic (Egypt)","GPH","900","Australia","GPH",1779359.43060498,"900",NA,NA,NA,NA,NA,"ok",NA
"900->775",1954,"775","Myanmar (Burma)","GPH","900","Australia","GPH",1209964.41281139,"900",NA,NA,NA,NA,NA,"ok",NA
"200->490",1954,"490","Democratic Republic of the Congo (Zaire) (Kinshasa) (Belgian Congo) (Congo Free State)","GPH","200","United Kingdom","GPH",7900355.87188612,"200",NA,NA,NA,NA,NA,"ok",NA
"200->600",1954,"600","Morocco","GPH","200","United Kingdom","GPH",5444839.85765125,"200",NA,NA,NA,NA,NA,"ok",NA
"900->732",1954,"732","South Korea (Republic of South Korea)","GPH","900","Australia","GPH",925266.903914591,"900",NA,NA,NA,NA,NA,"ok",NA
"200->395",1954,"395","Iceland","GPH","200","United Kingdom","GPH",2989323.84341637,"200",NA,NA,NA,NA,NA,"ok",NA
"200->255",1954,"255","Germany (Zollverein)","GPH","200","United Kingdom","GPH",87081850.5338078,"200",NA,NA,NA,NA,NA,"ok",NA
"20->720",1954,"720","Hong Kong","GPH","20","Canada (Province of Canada)","GPH",3096085.40925267,"20",NA,NA,NA,NA,NA,"ok",NA
"20->210",1954,"210","Netherlands","GPH","20","Canada (Province of Canada)","GPH",14733096.0854093,"20",NA,NA,NA,NA,NA,"ok",NA
"20->140",1954,"140","Brazil","GPH","20","Canada (Province of Canada)","GPH",16476868.3274021,"20",NA,NA,NA,NA,NA,"ok",NA
"395->350",1954,"350","Greece","GPH","395","Iceland","GPH",213523.131672598,"395",NA,NA,NA,NA,NA,"ok",NA
"20->651",1954,"651","Egypt Arab Republic (Egypt)","GPH","20","Canada (Province of Canada)","GPH",427046.263345196,"20",NA,NA,NA,NA,NA,"ok",NA
"20->775",1954,"775","Myanmar (Burma)","GPH","20","Canada (Province of Canada)","GPH",71174.3772241993,"20",NA,NA,NA,NA,NA,"ok",NA
"20->732",1954,"732","South Korea (Republic of South Korea)","GPH","20","Canada (Province of Canada)","GPH",1174377.22419929,"20",NA,NA,NA,NA,NA,"ok",NA
"20->92",1954,"92","El Salvador","GPH","20","Canada (Province of Canada)","GPH",569395.017793594,"20",NA,NA,NA,NA,NA,"ok",NA
"20->95",1954,"95","Panama","GPH","20","Canada (Province of Canada)","GPH",1850533.80782918,"20",NA,NA,NA,NA,NA,"ok",NA
"20->452",1954,"452","Ghana (Gold Coast)","GPH","20","Canada (Province of Canada)","GPH",854092.526690391,"20",NA,NA,NA,NA,NA,"ok",NA
"395->230",1954,"230","Spain","GPH","395","Iceland","GPH",498220.640569395,"395",NA,NA,NA,NA,NA,"ok",NA
"720->20",1954,"20","Canada (Province of Canada)","GPH","720","Hong Kong","GPH",1281138.79003559,"720",NA,NA,NA,NA,NA,"ok",NA
"900->95",1954,"95","Panama","GPH","900","Australia","GPH",35587.1886120996,"900",NA,NA,NA,NA,NA,"ok",NA
"900->501",1954,"501","Kenya (British East Africa Protectorate)","GPH","900","Australia","GPH",320284.697508897,"900",NA,NA,NA,NA,NA,"ok",NA
"900->452",1954,"452","Ghana (Gold Coast)","GPH","900","Australia","GPH",177935.943060498,"900",NA,NA,NA,NA,NA,"ok",NA
"900->20",1954,"20","Canada (Province of Canada)","GPH","900","Australia","GPH",7900355.87188612,"900",NA,NA,NA,NA,NA,"ok",NA
"900->375",1954,"375","Finland","GPH","900","Australia","GPH",106761.565836299,"900",NA,NA,NA,NA,NA,"ok",NA
"720->200",1954,"200","United Kingdom","GPH","720","Hong Kong","GPH",10106761.5658363,"720",NA,NA,NA,NA,NA,"ok",NA
"720->640",1954,"640","Turkey (Ottoman Empire)","GPH","720","Hong Kong","GPH",35587.1886120996,"720",NA,NA,NA,NA,NA,"ok",NA
"720->390",1954,"390","Denmark","GPH","720","Hong Kong","GPH",427046.263345196,"720",NA,NA,NA,NA,NA,"ok",NA
"900->390",1954,"390","Denmark","GPH","900","Australia","GPH",1174377.22419929,"900",NA,NA,NA,NA,NA,"ok",NA
"900->385",1954,"385","Norway","GPH","900","Australia","GPH",498220.640569395,"900",NA,NA,NA,NA,NA,"ok",NA
"900->350",1954,"350","Greece","GPH","900","Australia","GPH",427046.263345196,"900",NA,NA,NA,NA,NA,"ok",NA
"900->840",1954,"840","Philippines","GPH","900","Australia","GPH",1067615.65836299,"900",NA,NA,NA,NA,NA,"ok",NA
"900->475",1954,"475","Nigeria","GPH","900","Australia","GPH",35587.1886120996,"900",NA,NA,NA,NA,NA,"ok",NA
"395->651",1954,"651","Egypt Arab Republic (Egypt)","GPH","395","Iceland","GPH",35587.1886120996,"395",NA,NA,NA,NA,NA,"ok",NA
"900->530",1954,"530","Ethiopia (Abyssinia)","GPH","900","Australia","GPH",71174.3772241993,"900",NA,NA,NA,NA,NA,"ok",NA
"900->740",1954,"740","Japan","GPH","900","Australia","GPH",41138790.0355872,"900",NA,NA,NA,NA,NA,"ok",NA
"900->101",1954,"101","Venezuela","GPH","900","Australia","GPH",35587.1886120996,"900",NA,NA,NA,NA,NA,"ok",NA
"900->960",1954,"960","French Polynesia","GPH","900","Australia","GPH",2241992.88256228,"900",NA,NA,NA,NA,NA,"ok",NA
"900->2",1954,"2","United States of America","GPH","900","Australia","GPH",40569395.0177936,"900",NA,NA,NA,NA,NA,"ok",NA
"200->91",1954,"91","Honduras","GPH","200","United Kingdom","GPH",462633.451957295,"200",NA,NA,NA,NA,NA,"ok",NA
"615->900",1954,"900","Australia","GPH","615","Algeria (Regency of Algiers)","GPH",35587.1886120996,"615",NA,NA,NA,NA,NA,"ok",NA
"720->740",1954,"740","Japan","GPH","720","Hong Kong","GPH",7153024.91103203,"720",NA,NA,NA,NA,NA,"ok",NA
"720->385",1954,"385","Norway","GPH","720","Hong Kong","GPH",284697.508896797,"720",NA,NA,NA,NA,NA,"ok",NA
"20->645",1954,"645","Iraq (Mesopotamia)","GPH","20","Canada (Province of Canada)","GPH",142348.754448399,"20",NA,NA,NA,NA,NA,"ok",NA
"20->850",1954,"850","Indonesia (Dutch East Indies)","GPH","20","Canada (Province of Canada)","GPH",498220.640569395,"20",NA,NA,NA,NA,NA,"ok",NA
"20->115",1954,"115","Surinam (Dutch Guiana)","GPH","20","Canada (Province of Canada)","GPH",320284.697508897,"20",NA,NA,NA,NA,NA,"ok",NA
"20->2",1954,"2","United States of America","GPH","20","Canada (Province of Canada)","GPH",868540925.266904,"20",NA,NA,NA,NA,NA,"ok",NA
"20->740",1954,"740","Japan","GPH","20","Canada (Province of Canada)","GPH",35338078.2918149,"20",NA,NA,NA,NA,NA,"ok",NA
"900->666",1954,"666","Israel","GPH","900","Australia","GPH",35587.1886120996,"900",NA,NA,NA,NA,NA,"ok",NA
"900->235",1954,"235","Portugal","GPH","900","Australia","GPH",1032028.46975089,"900",NA,NA,NA,NA,NA,"ok",NA
"615->101",1954,"101","Venezuela","GPH","615","Algeria (Regency of Algiers)","GPH",35587.1886120996,"615",NA,NA,NA,NA,NA,"ok",NA
"235->640",1954,"640","Turkey (Ottoman Empire)","GPH","235","Portugal","GPH",106761.565836299,"235",NA,NA,NA,NA,NA,"ok",NA
"616->380",1954,"380","Sweden","GPH","616","Tunisia (Regency of Tunis)","GPH",106761.565836299,"616",NA,NA,NA,NA,NA,"ok",NA
"380->135",1954,"135","Peru","GPH","380","Sweden","GPH",1387900.35587189,"380",NA,NA,NA,NA,NA,"ok",NA
"380->800",1954,"800","Thailand (Siam)","GPH","380","Sweden","GPH",818505.338078292,"380",NA,NA,NA,NA,NA,"ok",NA
"375->645",1954,"645","Iraq (Mesopotamia)","GPH","375","Finland","GPH",35587.1886120996,"375",NA,NA,NA,NA,NA,"ok",NA
"500->770",1954,"770","Pakistan","GPH","500","Uganda","GPH",71174.3772241993,"500",NA,NA,NA,NA,NA,"ok",NA
"500->670",1954,"670","Saudi Arabia (Emirate of Nejd) (Emirate of Diriyah)","GPH","500","Uganda","GPH",35587.1886120996,"500",NA,NA,NA,NA,NA,"ok",NA
"40->210",1954,"210","Netherlands","GPH","40","Cuba","GPH",3202846.97508897,"40",NA,NA,NA,NA,NA,"ok",NA
"52->210",1954,"210","Netherlands","GPH","52","Trinidad and Tobago","GPH",355871.886120996,"52",NA,NA,NA,NA,NA,"ok",NA
"255->150",1954,"150","Paraguay","GPH","255","Germany (Zollverein)","GPH",1067615.65836299,"255",NA,NA,NA,NA,NA,"ok",NA
"255->92",1954,"92","El Salvador","GPH","255","Germany (Zollverein)","GPH",1779359.43060498,"255",NA,NA,NA,NA,NA,"ok",NA
"255->452",1954,"452","Ghana (Gold Coast)","GPH","255","Germany (Zollverein)","GPH",3202846.97508897,"255",NA,NA,NA,NA,NA,"ok",NA
"255->652",1954,"652","Syria","GPH","255","Germany (Zollverein)","GPH",7117437.72241993,"255",NA,NA,NA,NA,NA,"ok",NA
"255->165",1954,"165","Uruguay","GPH","255","Germany (Zollverein)","GPH",8540925.26690391,"255",NA,NA,NA,NA,NA,"ok",NA
"255->471",1954,"471","Cameroun (French Cameroon)","GPH","255","Germany (Zollverein)","GPH",1067615.65836299,"255",NA,NA,NA,NA,NA,"ok",NA
"255->625",1954,"625","Sudan (Anglo-Egyptian Sudan) (Mahdist State)","GPH","255","Germany (Zollverein)","GPH",1779359.43060498,"255",NA,NA,NA,NA,NA,"ok",NA
"255->90",1954,"90","Guatemala","GPH","255","Germany (Zollverein)","GPH",2135231.31672598,"255",NA,NA,NA,NA,NA,"ok",NA
"235->225",1954,"225","Switzerland","GPH","235","Portugal","GPH",676156.583629893,"235",NA,NA,NA,NA,NA,"ok",NA
"235->560",1954,"560","South Africa","GPH","235","Portugal","GPH",1281138.79003559,"235",NA,NA,NA,NA,NA,"ok",NA
"235->160",1954,"160","Argentina (La Plata)","GPH","235","Portugal","GPH",1245551.60142349,"235",NA,NA,NA,NA,NA,"ok",NA
"235->20",1954,"20","Canada (Province of Canada)","GPH","235","Portugal","GPH",747330.960854092,"235",NA,NA,NA,NA,NA,"ok",NA
"380->70",1954,"70","Mexico","GPH","380","Sweden","GPH",4163701.06761566,"380",NA,NA,NA,NA,NA,"ok",NA
"380->645",1954,"645","Iraq (Mesopotamia)","GPH","380","Sweden","GPH",676156.583629893,"380",NA,NA,NA,NA,NA,"ok",NA
"375->160",1954,"160","Argentina (La Plata)","GPH","375","Finland","GPH",4234875.44483986,"375",NA,NA,NA,NA,NA,"ok",NA
"616->210",1954,"210","Netherlands","GPH","616","Tunisia (Regency of Tunis)","GPH",854092.526690391,"616",NA,NA,NA,NA,NA,"ok",NA
"375->95",1954,"95","Panama","GPH","375","Finland","GPH",35587.1886120996,"375",NA,NA,NA,NA,NA,"ok",NA
"500->920",1954,"920","New Zealand","GPH","500","Uganda","GPH",106761.565836299,"500",NA,NA,NA,NA,NA,"ok",NA
"380->840",1954,"840","Philippines","GPH","380","Sweden","GPH",355871.886120996,"380",NA,NA,NA,NA,NA,"ok",NA
"530->210",1954,"210","Netherlands","GPH","530","Ethiopia (Abyssinia)","GPH",462633.451957295,"530",NA,NA,NA,NA,NA,"ok",NA
"380->770",1954,"770","Pakistan","GPH","380","Sweden","GPH",1992882.56227758,"380",NA,NA,NA,NA,NA,"ok",NA
"380->616",1954,"616","Tunisia (Regency of Tunis)","GPH","380","Sweden","GPH",320284.697508897,"380",NA,NA,NA,NA,NA,"ok",NA
"380->660",1954,"660","Lebanon","GPH","380","Sweden","GPH",569395.017793594,"380",NA,NA,NA,NA,NA,"ok",NA
"380->90",1954,"90","Guatemala","GPH","380","Sweden","GPH",71174.3772241993,"380",NA,NA,NA,NA,NA,"ok",NA
"380->652",1954,"652","Syria","GPH","380","Sweden","GPH",1316725.97864769,"380",NA,NA,NA,NA,NA,"ok",NA
"640->625",1954,"625","Sudan (Anglo-Egyptian Sudan) (Mahdist State)","GPH","640","Turkey (Ottoman Empire)","GPH",35587.1886120996,"640",NA,NA,NA,NA,NA,"ok",NA
"645->235",1954,"235","Portugal","GPH","645","Iraq (Mesopotamia)","GPH",2704626.33451957,"645",NA,NA,NA,NA,NA,"ok",NA
"235->155",1954,"155","Chile","GPH","235","Portugal","GPH",106761.565836299,"235",NA,NA,NA,NA,NA,"ok",NA
"255->145",1954,"145","Bolivia","GPH","255","Germany (Zollverein)","GPH",2135231.31672598,"255",NA,NA,NA,NA,NA,"ok",NA
"205->645",1954,"645","Iraq (Mesopotamia)","GPH","205","Ireland","GPH",35587.1886120996,"205",NA,NA,NA,NA,NA,"ok",NA
"255->580",1954,"580","Madagascar (Malagasy Republic)","GPH","255","Germany (Zollverein)","GPH",711743.772241993,"255",NA,NA,NA,NA,NA,"ok",NA
"255->530",1954,"530","Ethiopia (Abyssinia)","GPH","255","Germany (Zollverein)","GPH",1423487.54448399,"255",NA,NA,NA,NA,NA,"ok",NA
"255->93",1954,"93","Nicaragua","GPH","255","Germany (Zollverein)","GPH",2846975.08896797,"255",NA,NA,NA,NA,NA,"ok",NA
"475->380",1954,"380","Sweden","GPH","475","Nigeria","GPH",142348.754448399,"475",NA,NA,NA,NA,NA,"ok",NA
"255->40",1954,"40","Cuba","GPH","255","Germany (Zollverein)","GPH",5338078.29181495,"255",NA,NA,NA,NA,NA,"ok",NA
"20->652",1954,"652","Syria","GPH","20","Canada (Province of Canada)","GPH",427046.263345196,"20",NA,NA,NA,NA,NA,"ok",NA
"205->775",1954,"775","Myanmar (Burma)","GPH","205","Ireland","GPH",142348.754448399,"205",NA,NA,NA,NA,NA,"ok",NA
"390->145",1954,"145","Bolivia","GPH","390","Denmark","GPH",213523.131672598,"390",NA,NA,NA,NA,NA,"ok",NA
"740->530",1954,"530","Ethiopia (Abyssinia)","GPH","740","Japan","GPH",1459074.73309609,"740",NA,NA,NA,NA,NA,"ok",NA
"740->960",1954,"960","French Polynesia","GPH","740","Japan","GPH",177935.943060498,"740",NA,NA,NA,NA,NA,"ok",NA
"390->92",1954,"92","El Salvador","GPH","390","Denmark","GPH",249110.320284698,"390",NA,NA,NA,NA,NA,"ok",NA
"740->560",1954,"560","South Africa","GPH","740","Japan","GPH",10747330.9608541,"740",NA,NA,NA,NA,NA,"ok",NA
"70->93",1954,"93","Nicaragua","GPH","70","Mexico","GPH",320284.697508897,"70",NA,NA,NA,NA,NA,"ok",NA
"101->380",1954,"380","Sweden","GPH","101","Venezuela","GPH",6370106.76156584,"101",NA,NA,NA,NA,NA,"ok",NA
"70->145",1954,"145","Bolivia","GPH","70","Mexico","GPH",355871.886120996,"70",NA,NA,NA,NA,NA,"ok",NA
"70->130",1954,"130","Ecuador","GPH","70","Mexico","GPH",213523.131672598,"70",NA,NA,NA,NA,NA,"ok",NA
"740->475",1954,"475","Nigeria","GPH","740","Japan","GPH",9822064.0569395,"740",NA,NA,NA,NA,NA,"ok",NA
"740->840",1954,"840","Philippines","GPH","740","Japan","GPH",11103202.8469751,"740",NA,NA,NA,NA,NA,"ok",NA
"645->920",1954,"920","New Zealand","GPH","645","Iraq (Mesopotamia)","GPH",35587.1886120996,"645",NA,NA,NA,NA,NA,"ok",NA
"70->305",1954,"305","Austria","GPH","70","Mexico","GPH",35587.1886120996,"70",NA,NA,NA,NA,NA,"ok",NA
"740->2",1954,"2","United States of America","GPH","740","Japan","GPH",100676156.58363,"740",NA,NA,NA,NA,NA,"ok",NA
"740->101",1954,"101","Venezuela","GPH","740","Japan","GPH",3238434.16370107,"740",NA,NA,NA,NA,NA,"ok",NA
"740->780",1954,"780","Sri Lanka (Ceylon)","GPH","740","Japan","GPH",6156583.62989324,"740",NA,NA,NA,NA,NA,"ok",NA
"740->850",1954,"850","Indonesia (Dutch East Indies)","GPH","740","Japan","GPH",42597864.7686833,"740",NA,NA,NA,NA,NA,"ok",NA
"740->645",1954,"645","Iraq (Mesopotamia)","GPH","740","Japan","GPH",6049822.06405694,"740",NA,NA,NA,NA,NA,"ok",NA
"70->2",1954,"2","United States of America","GPH","70","Mexico","GPH",129964412.811388,"70",NA,NA,NA,NA,NA,"ok",NA
"616->200",1954,"200","United Kingdom","GPH","616","Tunisia (Regency of Tunis)","GPH",4128113.87900356,"616",NA,NA,NA,NA,NA,"ok",NA
"235->780",1954,"780","Sri Lanka (Ceylon)","GPH","235","Portugal","GPH",35587.1886120996,"235",NA,NA,NA,NA,NA,"ok",NA
"70->101",1954,"101","Venezuela","GPH","70","Mexico","GPH",569395.017793594,"70",NA,NA,NA,NA,NA,"ok",NA
"70->255",1954,"255","Germany (Zollverein)","GPH","70","Mexico","GPH",4021352.31316726,"70",NA,NA,NA,NA,NA,"ok",NA
"70->91",1954,"91","Honduras","GPH","70","Mexico","GPH",284697.508896797,"70",NA,NA,NA,NA,NA,"ok",NA
"840->95",1954,"95","Panama","GPH","840","Philippines","GPH",106761.565836299,"840",NA,NA,NA,NA,NA,"ok",NA
"390->91",1954,"91","Honduras","GPH","390","Denmark","GPH",35587.1886120996,"390",NA,NA,NA,NA,NA,"ok",NA
"220->41",1954,"41","Haiti","GPH","220","France","GPH",711743.772241993,"220",NA,NA,NA,NA,NA,"ok",NA
"390->540",1954,"540","Angola","GPH","390","Denmark","GPH",35587.1886120996,"390",NA,NA,NA,NA,NA,"ok",NA
"645->255",1954,"255","Germany (Zollverein)","GPH","645","Iraq (Mesopotamia)","GPH",10889679.7153025,"645",NA,NA,NA,NA,NA,"ok",NA
"390->960",1954,"960","French Polynesia","GPH","390","Denmark","GPH",35587.1886120996,"390",NA,NA,NA,NA,NA,"ok",NA
"70->750",1954,"750","India","GPH","70","Mexico","GPH",106761.565836299,"70",NA,NA,NA,NA,NA,"ok",NA
"220->90",1954,"90","Guatemala","GPH","220","France","GPH",249110.320284698,"220",NA,NA,NA,NA,NA,"ok",NA
"645->20",1954,"20","Canada (Province of Canada)","GPH","645","Iraq (Mesopotamia)","GPH",106761.565836299,"645",NA,NA,NA,NA,NA,"ok",NA
"70->230",1954,"230","Spain","GPH","70","Mexico","GPH",818505.338078292,"70",NA,NA,NA,NA,NA,"ok",NA
"70->160",1954,"160","Argentina (La Plata)","GPH","70","Mexico","GPH",284697.508896797,"70",NA,NA,NA,NA,NA,"ok",NA
"220->625",1954,"625","Sudan (Anglo-Egyptian Sudan) (Mahdist State)","GPH","220","France","GPH",1708185.05338078,"220",NA,NA,NA,NA,NA,"ok",NA
"235->615",1954,"615","Algeria (Regency of Algiers)","GPH","235","Portugal","GPH",213523.131672598,"235",NA,NA,NA,NA,NA,"ok",NA
"70->390",1954,"390","Denmark","GPH","70","Mexico","GPH",142348.754448399,"70",NA,NA,NA,NA,NA,"ok",NA
"645->900",1954,"900","Australia","GPH","645","Iraq (Mesopotamia)","GPH",106761.565836299,"645",NA,NA,NA,NA,NA,"ok",NA
"70->40",1954,"40","Cuba","GPH","70","Mexico","GPH",1779359.43060498,"70",NA,NA,NA,NA,NA,"ok",NA
"220->775",1954,"775","Myanmar (Burma)","GPH","220","France","GPH",391459.074733096,"220",NA,NA,NA,NA,NA,"ok",NA
"645->200",1954,"200","United Kingdom","GPH","645","Iraq (Mesopotamia)","GPH",28505338.0782918,"645",NA,NA,NA,NA,NA,"ok",NA
"500->305",1954,"305","Austria","GPH","500","Uganda","GPH",177935.943060498,"500",NA,NA,NA,NA,NA,"ok",NA
"500->652",1954,"652","Syria","GPH","500","Uganda","GPH",106761.565836299,"500",NA,NA,NA,NA,NA,"ok",NA
"500->780",1954,"780","Sri Lanka (Ceylon)","GPH","500","Uganda","GPH",177935.943060498,"500",NA,NA,NA,NA,NA,"ok",NA
"155->92",1954,"92","El Salvador","GPH","155","Chile","GPH",106761.565836299,"155",NA,NA,NA,NA,NA,"ok",NA
"155->210",1954,"210","Netherlands","GPH","155","Chile","GPH",4626334.51957295,"155",NA,NA,NA,NA,NA,"ok",NA
"155->70",1954,"70","Mexico","GPH","155","Chile","GPH",177935.943060498,"155",NA,NA,NA,NA,NA,"ok",NA
"155->740",1954,"740","Japan","GPH","155","Chile","GPH",533807.829181495,"155",NA,NA,NA,NA,NA,"ok",NA
"155->52",1954,"52","Trinidad and Tobago","GPH","155","Chile","GPH",35587.1886120996,"155",NA,NA,NA,NA,NA,"ok",NA
"155->230",1954,"230","Spain","GPH","155","Chile","GPH",3416370.10676157,"155",NA,NA,NA,NA,NA,"ok",NA
"40->720",1954,"720","Hong Kong","GPH","40","Cuba","GPH",213523.131672598,"40",NA,NA,NA,NA,NA,"ok",NA
"155->225",1954,"225","Switzerland","GPH","155","Chile","GPH",355871.886120996,"155",NA,NA,NA,NA,NA,"ok",NA
"155->385",1954,"385","Norway","GPH","155","Chile","GPH",213523.131672598,"155",NA,NA,NA,NA,NA,"ok",NA
"155->380",1954,"380","Sweden","GPH","155","Chile","GPH",1601423.48754448,"155",NA,NA,NA,NA,NA,"ok",NA
"40->920",1954,"920","New Zealand","GPH","40","Cuba","GPH",177935.943060498,"40",NA,NA,NA,NA,NA,"ok",NA
"155->750",1954,"750","India","GPH","155","Chile","GPH",213523.131672598,"155",NA,NA,NA,NA,NA,"ok",NA
"52->920",1954,"920","New Zealand","GPH","52","Trinidad and Tobago","GPH",177935.943060498,"52",NA,NA,NA,NA,NA,"ok",NA
"920->305",1954,"305","Austria","GPH","920","New Zealand","GPH",71174.3772241993,"920",NA,NA,NA,NA,NA,"ok",NA
"375->775",1954,"775","Myanmar (Burma)","GPH","375","Finland","GPH",71174.3772241993,"375",NA,NA,NA,NA,NA,"ok",NA
"920->780",1954,"780","Sri Lanka (Ceylon)","GPH","920","New Zealand","GPH",35587.1886120996,"920",NA,NA,NA,NA,NA,"ok",NA
"920->70",1954,"70","Mexico","GPH","920","New Zealand","GPH",355871.886120996,"920",NA,NA,NA,NA,NA,"ok",NA
"920->220",1954,"220","France","GPH","920","New Zealand","GPH",14626334.519573,"920",NA,NA,NA,NA,NA,"ok",NA
"155->290",1954,"290","Poland","GPH","155","Chile","GPH",391459.074733096,"155",NA,NA,NA,NA,NA,"ok",NA
"920->390",1954,"390","Denmark","GPH","920","New Zealand","GPH",676156.583629893,"920",NA,NA,NA,NA,NA,"ok",NA
"920->375",1954,"375","Finland","GPH","920","New Zealand","GPH",71174.3772241993,"920",NA,NA,NA,NA,NA,"ok",NA
"920->235",1954,"235","Portugal","GPH","920","New Zealand","GPH",35587.1886120996,"920",NA,NA,NA,NA,NA,"ok",NA
"920->775",1954,"775","Myanmar (Burma)","GPH","920","New Zealand","GPH",35587.1886120996,"920",NA,NA,NA,NA,NA,"ok",NA
"40->390",1954,"390","Denmark","GPH","40","Cuba","GPH",35587.1886120996,"40",NA,NA,NA,NA,NA,"ok",NA
"155->325",1954,"325","Italy","GPH","155","Chile","GPH",5088967.97153025,"155",NA,NA,NA,NA,NA,"ok",NA
"155->220",1954,"220","France","GPH","155","Chile","GPH",2740213.52313167,"155",NA,NA,NA,NA,NA,"ok",NA
"155->90",1954,"90","Guatemala","GPH","155","Chile","GPH",35587.1886120996,"155",NA,NA,NA,NA,NA,"ok",NA
"920->95",1954,"95","Panama","GPH","920","New Zealand","GPH",177935.943060498,"920",NA,NA,NA,NA,NA,"ok",NA
"155->130",1954,"130","Ecuador","GPH","155","Chile","GPH",391459.074733096,"155",NA,NA,NA,NA,NA,"ok",NA
"155->310",1954,"310","Hungary","GPH","155","Chile","GPH",142348.754448399,"155",NA,NA,NA,NA,NA,"ok",NA
"40->220",1954,"220","France","GPH","40","Cuba","GPH",1565836.29893238,"40",NA,NA,NA,NA,NA,"ok",NA
"155->651",1954,"651","Egypt Arab Republic (Egypt)","GPH","155","Chile","GPH",1743772.24199288,"155",NA,NA,NA,NA,NA,"ok",NA
"155->305",1954,"305","Austria","GPH","155","Chile","GPH",35587.1886120996,"155",NA,NA,NA,NA,NA,"ok",NA
"40->255",1954,"255","Germany (Zollverein)","GPH","40","Cuba","GPH",3024911.03202847,"40",NA,NA,NA,NA,NA,"ok",NA
"920->225",1954,"225","Switzerland","GPH","920","New Zealand","GPH",106761.565836299,"920",NA,NA,NA,NA,NA,"ok",NA
"40->70",1954,"70","Mexico","GPH","40","Cuba","GPH",676156.583629893,"40",NA,NA,NA,NA,NA,"ok",NA
"40->380",1954,"380","Sweden","GPH","40","Cuba","GPH",355871.886120996,"40",NA,NA,NA,NA,NA,"ok",NA
"350->600",1954,"600","Morocco","GPH","350","Greece","GPH",35587.1886120996,"350",NA,NA,NA,NA,NA,"ok",NA
"40->155",1954,"155","Chile","GPH","40","Cuba","GPH",2419928.82562278,"40",NA,NA,NA,NA,NA,"ok",NA
"740->640",1954,"640","Turkey (Ottoman Empire)","GPH","740","Japan","GPH",2419928.82562278,"740",NA,NA,NA,NA,NA,"ok",NA
"740->200",1954,"200","United Kingdom","GPH","740","Japan","GPH",18185053.3807829,"740",NA,NA,NA,NA,NA,"ok",NA
"740->670",1954,"670","Saudi Arabia (Emirate of Nejd) (Emirate of Diriyah)","GPH","740","Japan","GPH",996441.28113879,"740",NA,NA,NA,NA,NA,"ok",NA
"740->770",1954,"770","Pakistan","GPH","740","Japan","GPH",19928825.6227758,"740",NA,NA,NA,NA,NA,"ok",NA
"740->52",1954,"52","Trinidad and Tobago","GPH","740","Japan","GPH",213523.131672598,"740",NA,NA,NA,NA,NA,"ok",NA
"740->230",1954,"230","Spain","GPH","740","Japan","GPH",569395.017793594,"740",NA,NA,NA,NA,NA,"ok",NA
"740->651",1954,"651","Egypt Arab Republic (Egypt)","GPH","740","Japan","GPH",2277580.07117438,"740",NA,NA,NA,NA,NA,"ok",NA
"740->775",1954,"775","Myanmar (Burma)","GPH","740","Japan","GPH",16227758.0071174,"740",NA,NA,NA,NA,NA,"ok",NA
"740->732",1954,"732","South Korea (Republic of South Korea)","GPH","740","Japan","GPH",24412811.3879004,"740",NA,NA,NA,NA,NA,"ok",NA
"740->40",1954,"40","Cuba","GPH","740","Japan","GPH",1067615.65836299,"740",NA,NA,NA,NA,NA,"ok",NA
"305->41",1954,"41","Haiti","GPH","305","Austria","GPH",35587.1886120996,"305",NA,NA,NA,NA,NA,"ok",NA
"155->135",1954,"135","Peru","GPH","155","Chile","GPH",782918.149466192,"155",NA,NA,NA,NA,NA,"ok",NA
"210->775",1954,"775","Myanmar (Burma)","GPH","210","Netherlands","GPH",2846975.08896797,"210",NA,NA,NA,NA,NA,"ok",NA
"210->522",1954,"522","Djibouti (Afar and Issas) (French Somaliland)","GPH","210","Netherlands","GPH",106761.565836299,"210",NA,NA,NA,NA,NA,"ok",NA
"210->41",1954,"41","Haiti","GPH","210","Netherlands","GPH",284697.508896797,"210",NA,NA,NA,NA,NA,"ok",NA
"471->325",1954,"325","Italy","GPH","471","Cameroun (French Cameroon)","GPH",1138790.03558719,"471",NA,NA,NA,NA,NA,"ok",NA
"93->51",1954,"51","Jamaica","GPH","93","Nicaragua","GPH",106761.565836299,"93",NA,NA,NA,NA,NA,"ok",NA
"666->200",1954,"200","United Kingdom","GPH","666","Israel","GPH",6903914.59074733,"666",NA,NA,NA,NA,NA,"ok",NA
"666->640",1954,"640","Turkey (Ottoman Empire)","GPH","666","Israel","GPH",4519572.95373665,"666",NA,NA,NA,NA,NA,"ok",NA
"512->652",1954,"652","Syria","GPH","512","Tanzania (Tanganyika)","GPH",142348.754448399,"512",NA,NA,NA,NA,NA,"ok",NA
"666->380",1954,"380","Sweden","GPH","666","Israel","GPH",925266.903914591,"666",NA,NA,NA,NA,NA,"ok",NA
"666->560",1954,"560","South Africa","GPH","666","Israel","GPH",142348.754448399,"666",NA,NA,NA,NA,NA,"ok",NA
"666->305",1954,"305","Austria","GPH","666","Israel","GPH",462633.451957295,"666",NA,NA,NA,NA,NA,"ok",NA
"666->780",1954,"780","Sri Lanka (Ceylon)","GPH","666","Israel","GPH",71174.3772241993,"666",NA,NA,NA,NA,NA,"ok",NA
"666->20",1954,"20","Canada (Province of Canada)","GPH","666","Israel","GPH",355871.886120996,"666",NA,NA,NA,NA,NA,"ok",NA
"666->160",1954,"160","Argentina (La Plata)","GPH","666","Israel","GPH",320284.697508897,"666",NA,NA,NA,NA,NA,"ok",NA
"666->205",1954,"205","Ireland","GPH","666","Israel","GPH",106761.565836299,"666",NA,NA,NA,NA,NA,"ok",NA
"155->235",1954,"235","Portugal","GPH","155","Chile","GPH",320284.697508897,"155",NA,NA,NA,NA,NA,"ok",NA
"155->350",1954,"350","Greece","GPH","155","Chile","GPH",711743.772241993,"155",NA,NA,NA,NA,NA,"ok",NA
"666->390",1954,"390","Denmark","GPH","666","Israel","GPH",604982.206405694,"666",NA,NA,NA,NA,NA,"ok",NA
"666->210",1954,"210","Netherlands","GPH","666","Israel","GPH",854092.526690391,"666",NA,NA,NA,NA,NA,"ok",NA
"471->390",1954,"390","Denmark","GPH","471","Cameroun (French Cameroon)","GPH",35587.1886120996,"471",NA,NA,NA,NA,NA,"ok",NA
"352->380",1954,"380","Sweden","GPH","352","Cyprus","GPH",284697.508896797,"352",NA,NA,NA,NA,NA,"ok",NA
"101->390",1954,"390","Denmark","GPH","101","Venezuela","GPH",889679.715302491,"101",NA,NA,NA,NA,NA,"ok",NA
"352->375",1954,"375","Finland","GPH","352","Cyprus","GPH",35587.1886120996,"352",NA,NA,NA,NA,NA,"ok",NA
"375->780",1954,"780","Sri Lanka (Ceylon)","GPH","375","Finland","GPH",355871.886120996,"375",NA,NA,NA,NA,NA,"ok",NA
"352->210",1954,"210","Netherlands","GPH","352","Cyprus","GPH",604982.206405694,"352",NA,NA,NA,NA,NA,"ok",NA
"352->200",1954,"200","United Kingdom","GPH","352","Cyprus","GPH",5302491.10320285,"352",NA,NA,NA,NA,NA,"ok",NA
"375->580",1954,"580","Madagascar (Malagasy Republic)","GPH","375","Finland","GPH",35587.1886120996,"375",NA,NA,NA,NA,NA,"ok",NA
"380->150",1954,"150","Paraguay","GPH","380","Sweden","GPH",284697.508896797,"380",NA,NA,NA,NA,NA,"ok",NA
"640->165",1954,"165","Uruguay","GPH","640","Turkey (Ottoman Empire)","GPH",142348.754448399,"640",NA,NA,NA,NA,NA,"ok",NA
"235->770",1954,"770","Pakistan","GPH","235","Portugal","GPH",35587.1886120996,"235",NA,NA,NA,NA,NA,"ok",NA
"235->800",1954,"800","Thailand (Siam)","GPH","235","Portugal","GPH",71174.3772241993,"235",NA,NA,NA,NA,NA,"ok",NA
"380->92",1954,"92","El Salvador","GPH","380","Sweden","GPH",213523.131672598,"380",NA,NA,NA,NA,NA,"ok",NA
"380->94",1954,"94","Costa Rica","GPH","380","Sweden","GPH",213523.131672598,"380",NA,NA,NA,NA,NA,"ok",NA
"490->666",1954,"666","Israel","GPH","490","Democratic Republic of the Congo (Zaire) (Kinshasa) (Belgian Congo) (Congo Free State)","GPH",106761.565836299,"490",NA,NA,NA,NA,NA,"ok",NA
"490->380",1954,"380","Sweden","GPH","490","Democratic Republic of the Congo (Zaire) (Kinshasa) (Belgian Congo) (Congo Free State)","GPH",1138790.03558719,"490",NA,NA,NA,NA,NA,"ok",NA
"235->165",1954,"165","Uruguay","GPH","235","Portugal","GPH",106761.565836299,"235",NA,NA,NA,NA,NA,"ok",NA
"235->840",1954,"840","Philippines","GPH","235","Portugal","GPH",71174.3772241993,"235",NA,NA,NA,NA,NA,"ok",NA
"235->920",1954,"920","New Zealand","GPH","235","Portugal","GPH",142348.754448399,"235",NA,NA,NA,NA,NA,"ok",NA
"235->651",1954,"651","Egypt Arab Republic (Egypt)","GPH","235","Portugal","GPH",177935.943060498,"235",NA,NA,NA,NA,NA,"ok",NA
"235->720",1954,"720","Hong Kong","GPH","235","Portugal","GPH",142348.754448399,"235",NA,NA,NA,NA,NA,"ok",NA
"235->101",1954,"101","Venezuela","GPH","235","Portugal","GPH",462633.451957295,"235",NA,NA,NA,NA,NA,"ok",NA
"235->740",1954,"740","Japan","GPH","235","Portugal","GPH",391459.074733096,"235",NA,NA,NA,NA,NA,"ok",NA
"640->40",1954,"40","Cuba","GPH","640","Turkey (Ottoman Empire)","GPH",35587.1886120996,"640",NA,NA,NA,NA,NA,"ok",NA
"235->385",1954,"385","Norway","GPH","235","Portugal","GPH",1103202.84697509,"235",NA,NA,NA,NA,NA,"ok",NA
"380->720",1954,"720","Hong Kong","GPH","380","Sweden","GPH",1316725.97864769,"380",NA,NA,NA,NA,NA,"ok",NA
"380->145",1954,"145","Bolivia","GPH","380","Sweden","GPH",284697.508896797,"380",NA,NA,NA,NA,NA,"ok",NA
"380->93",1954,"93","Nicaragua","GPH","380","Sweden","GPH",782918.149466192,"380",NA,NA,NA,NA,NA,"ok",NA
"255->41",1954,"41","Haiti","GPH","255","Germany (Zollverein)","GPH",711743.772241993,"255",NA,NA,NA,NA,NA,"ok",NA
"380->130",1954,"130","Ecuador","GPH","380","Sweden","GPH",569395.017793594,"380",NA,NA,NA,NA,NA,"ok",NA
"380->540",1954,"540","Angola","GPH","380","Sweden","GPH",355871.886120996,"380",NA,NA,NA,NA,NA,"ok",NA
"380->920",1954,"920","New Zealand","GPH","380","Sweden","GPH",1921708.18505338,"380",NA,NA,NA,NA,NA,"ok",NA
"380->560",1954,"560","South Africa","GPH","380","Sweden","GPH",6868327.40213523,"380",NA,NA,NA,NA,NA,"ok",NA
"380->160",1954,"160","Argentina (La Plata)","GPH","380","Sweden","GPH",5017793.59430605,"380",NA,NA,NA,NA,NA,"ok",NA
"380->395",1954,"395","Iceland","GPH","380","Sweden","GPH",1103202.84697509,"380",NA,NA,NA,NA,NA,"ok",NA
"380->615",1954,"615","Algeria (Regency of Algiers)","GPH","380","Sweden","GPH",1245551.60142349,"380",NA,NA,NA,NA,NA,"ok",NA
"380->155",1954,"155","Chile","GPH","380","Sweden","GPH",1743772.24199288,"380",NA,NA,NA,NA,NA,"ok",NA
"380->100",1954,"100","Colombia (New Granada) (Gran Colombia)","GPH","380","Sweden","GPH",3060498.22064057,"380",NA,NA,NA,NA,NA,"ok",NA
"380->165",1954,"165","Uruguay","GPH","380","Sweden","GPH",2740213.52313167,"380",NA,NA,NA,NA,NA,"ok",NA
"380->670",1954,"670","Saudi Arabia (Emirate of Nejd) (Emirate of Diriyah)","GPH","380","Sweden","GPH",355871.886120996,"380",NA,NA,NA,NA,NA,"ok",NA
"380->666",1954,"666","Israel","GPH","380","Sweden","GPH",818505.338078292,"380",NA,NA,NA,NA,NA,"ok",NA
"380->95",1954,"95","Panama","GPH","380","Sweden","GPH",1245551.60142349,"380",NA,NA,NA,NA,NA,"ok",NA
"380->651",1954,"651","Egypt Arab Republic (Egypt)","GPH","380","Sweden","GPH",4163701.06761566,"380",NA,NA,NA,NA,NA,"ok",NA
"305->775",1954,"775","Myanmar (Burma)","GPH","305","Austria","GPH",391459.074733096,"305",NA,NA,NA,NA,NA,"ok",NA
"255->101",1954,"101","Venezuela","GPH","255","Germany (Zollverein)","GPH",20996441.2811388,"255",NA,NA,NA,NA,NA,"ok",NA
"305->92",1954,"92","El Salvador","GPH","305","Austria","GPH",35587.1886120996,"305",NA,NA,NA,NA,NA,"ok",NA
"210->580",1954,"580","Madagascar (Malagasy Republic)","GPH","210","Netherlands","GPH",462633.451957295,"210",NA,NA,NA,NA,NA,"ok",NA
"210->42",1954,"42","Dominican Republic (Santo Domingo)","GPH","210","Netherlands","GPH",355871.886120996,"210",NA,NA,NA,NA,NA,"ok",NA
"210->150",1954,"150","Paraguay","GPH","210","Netherlands","GPH",284697.508896797,"210",NA,NA,NA,NA,NA,"ok",NA
"210->92",1954,"92","El Salvador","GPH","210","Netherlands","GPH",320284.697508897,"210",NA,NA,NA,NA,NA,"ok",NA
"210->145",1954,"145","Bolivia","GPH","210","Netherlands","GPH",960854.09252669,"210",NA,NA,NA,NA,NA,"ok",NA
"210->94",1954,"94","Costa Rica","GPH","210","Netherlands","GPH",569395.017793594,"210",NA,NA,NA,NA,NA,"ok",NA
"210->52",1954,"52","Trinidad and Tobago","GPH","210","Netherlands","GPH",1601423.48754448,"210",NA,NA,NA,NA,NA,"ok",NA
"255->91",1954,"91","Honduras","GPH","255","Germany (Zollverein)","GPH",1779359.43060498,"255",NA,NA,NA,NA,NA,"ok",NA
"210->90",1954,"90","Guatemala","GPH","210","Netherlands","GPH",498220.640569395,"210",NA,NA,NA,NA,NA,"ok",NA
"210->130",1954,"130","Ecuador","GPH","210","Netherlands","GPH",427046.263345196,"210",NA,NA,NA,NA,NA,"ok",NA
"210->960",1954,"960","French Polynesia","GPH","210","Netherlands","GPH",71174.3772241993,"210",NA,NA,NA,NA,NA,"ok",NA
"210->93",1954,"93","Nicaragua","GPH","210","Netherlands","GPH",213523.131672598,"210",NA,NA,NA,NA,NA,"ok",NA
"255->840",1954,"840","Philippines","GPH","255","Germany (Zollverein)","GPH",3202846.97508897,"255",NA,NA,NA,NA,NA,"ok",NA
"255->475",1954,"475","Nigeria","GPH","255","Germany (Zollverein)","GPH",9608540.9252669,"255",NA,NA,NA,NA,NA,"ok",NA
"255->42",1954,"42","Dominican Republic (Santo Domingo)","GPH","255","Germany (Zollverein)","GPH",1423487.54448399,"255",NA,NA,NA,NA,NA,"ok",NA
"305->145",1954,"145","Bolivia","GPH","305","Austria","GPH",71174.3772241993,"305",NA,NA,NA,NA,NA,"ok",NA
"305->101",1954,"101","Venezuela","GPH","305","Austria","GPH",747330.960854092,"305",NA,NA,NA,NA,NA,"ok",NA
"255->540",1954,"540","Angola","GPH","255","Germany (Zollverein)","GPH",4270462.63345196,"255",NA,NA,NA,NA,NA,"ok",NA
"210->115",1954,"115","Surinam (Dutch Guiana)","GPH","210","Netherlands","GPH",2064056.93950178,"210",NA,NA,NA,NA,NA,"ok",NA
"210->51",1954,"51","Jamaica","GPH","210","Netherlands","GPH",320284.697508897,"210",NA,NA,NA,NA,NA,"ok",NA
"210->101",1954,"101","Venezuela","GPH","210","Netherlands","GPH",7971530.24911032,"210",NA,NA,NA,NA,NA,"ok",NA
"101->210",1954,"210","Netherlands","GPH","101","Venezuela","GPH",12064056.9395018,"101",NA,NA,NA,NA,NA,"ok",NA
"160->230",1954,"230","Spain","GPH","160","Argentina (La Plata)","GPH",640569.395017794,"160",NA,NA,NA,NA,NA,"ok",NA
"230->652",1954,"652","Syria","GPH","230","Spain","GPH",996441.28113879,"230",NA,NA,NA,NA,NA,"ok",NA
"160->70",1954,"70","Mexico","GPH","160","Argentina (La Plata)","GPH",177935.943060498,"160",NA,NA,NA,NA,NA,"ok",NA
"160->380",1954,"380","Sweden","GPH","160","Argentina (La Plata)","GPH",3416370.10676157,"160",NA,NA,NA,NA,NA,"ok",NA
"200->160",1954,"160","Argentina (La Plata)","GPH","200","United Kingdom","GPH",23701067.6156584,"200",NA,NA,NA,NA,NA,"ok",NA
"220->630",1954,"630","Iran (Persia)","GPH","220","France","GPH",2277580.07117438,"220",NA,NA,NA,NA,NA,"ok",NA
"101->220",1954,"220","France","GPH","101","Venezuela","GPH",6014234.87544484,"101",NA,NA,NA,NA,NA,"ok",NA
"220->652",1954,"652","Syria","GPH","220","France","GPH",8042704.62633452,"220",NA,NA,NA,NA,NA,"ok",NA
"640->390",1954,"390","Denmark","GPH","640","Turkey (Ottoman Empire)","GPH",1459074.73309609,"640",NA,NA,NA,NA,NA,"ok",NA
"220->145",1954,"145","Bolivia","GPH","220","France","GPH",1032028.46975089,"220",NA,NA,NA,NA,NA,"ok",NA
"230->625",1954,"625","Sudan (Anglo-Egyptian Sudan) (Mahdist State)","GPH","230","Spain","GPH",106761.565836299,"230",NA,NA,NA,NA,NA,"ok",NA
"230->780",1954,"780","Sri Lanka (Ceylon)","GPH","230","Spain","GPH",35587.1886120996,"230",NA,NA,NA,NA,NA,"ok",NA
"230->94",1954,"94","Costa Rica","GPH","230","Spain","GPH",106761.565836299,"230",NA,NA,NA,NA,NA,"ok",NA
"230->630",1954,"630","Iran (Persia)","GPH","230","Spain","GPH",462633.451957295,"230",NA,NA,NA,NA,NA,"ok",NA
"230->770",1954,"770","Pakistan","GPH","230","Spain","GPH",106761.565836299,"230",NA,NA,NA,NA,NA,"ok",NA
"230->541",1954,"541","Mozambique (Portuguese East Africa)","GPH","230","Spain","GPH",284697.508896797,"230",NA,NA,NA,NA,NA,"ok",NA
"350->310",1954,"310","Hungary","GPH","350","Greece","GPH",213523.131672598,"350",NA,NA,NA,NA,NA,"ok",NA
"350->305",1954,"305","Austria","GPH","350","Greece","GPH",1672597.86476868,"350",NA,NA,NA,NA,NA,"ok",NA
"350->625",1954,"625","Sudan (Anglo-Egyptian Sudan) (Mahdist State)","GPH","350","Greece","GPH",106761.565836299,"350",NA,NA,NA,NA,NA,"ok",NA
"40->230",1954,"230","Spain","GPH","40","Cuba","GPH",4021352.31316726,"40",NA,NA,NA,NA,NA,"ok",NA
"350->390",1954,"390","Denmark","GPH","350","Greece","GPH",142348.754448399,"350",NA,NA,NA,NA,NA,"ok",NA
"350->325",1954,"325","Italy","GPH","350","Greece","GPH",6939501.77935943,"350",NA,NA,NA,NA,NA,"ok",NA
"350->660",1954,"660","Lebanon","GPH","350","Greece","GPH",142348.754448399,"350",NA,NA,NA,NA,NA,"ok",NA
"350->235",1954,"235","Portugal","GPH","350","Greece","GPH",106761.565836299,"350",NA,NA,NA,NA,NA,"ok",NA
"350->220",1954,"220","France","GPH","350","Greece","GPH",3950177.93594306,"350",NA,NA,NA,NA,NA,"ok",NA
"350->200",1954,"200","United Kingdom","GPH","350","Greece","GPH",6868327.40213523,"350",NA,NA,NA,NA,NA,"ok",NA
"350->290",1954,"290","Poland","GPH","350","Greece","GPH",355871.886120996,"350",NA,NA,NA,NA,NA,"ok",NA
"350->666",1954,"666","Israel","GPH","350","Greece","GPH",284697.508896797,"350",NA,NA,NA,NA,NA,"ok",NA
"350->230",1954,"230","Spain","GPH","350","Greece","GPH",106761.565836299,"350",NA,NA,NA,NA,NA,"ok",NA
"350->355",1954,"355","Bulgaria","GPH","350","Greece","GPH",177935.943060498,"350",NA,NA,NA,NA,NA,"ok",NA
"350->360",1954,"360","Romania","GPH","350","Greece","GPH",106761.565836299,"350",NA,NA,NA,NA,NA,"ok",NA
"350->651",1954,"651","Egypt Arab Republic (Egypt)","GPH","350","Greece","GPH",1316725.97864769,"350",NA,NA,NA,NA,NA,"ok",NA
"220->101",1954,"101","Venezuela","GPH","220","France","GPH",8398576.51245552,"220",NA,NA,NA,NA,NA,"ok",NA
"220->94",1954,"94","Costa Rica","GPH","220","France","GPH",355871.886120996,"220",NA,NA,NA,NA,NA,"ok",NA
"220->770",1954,"770","Pakistan","GPH","220","France","GPH",7829181.49466192,"220",NA,NA,NA,NA,NA,"ok",NA
"616->255",1954,"255","Germany (Zollverein)","GPH","616","Tunisia (Regency of Tunis)","GPH",747330.960854092,"616",NA,NA,NA,NA,NA,"ok",NA
"625->710",1954,"710","People's Republic of China (China)","GPH","625","Sudan (Anglo-Egyptian Sudan) (Mahdist State)","GPH",71174.3772241993,"625",NA,NA,NA,NA,NA,"ok",NA
"350->255",1954,"255","Germany (Zollverein)","GPH","350","Greece","GPH",13202846.975089,"350",NA,NA,NA,NA,NA,"ok",NA
"235->616",1954,"616","Tunisia (Regency of Tunis)","GPH","235","Portugal","GPH",106761.565836299,"235",NA,NA,NA,NA,NA,"ok",NA
"235->70",1954,"70","Mexico","GPH","235","Portugal","GPH",533807.829181495,"235",NA,NA,NA,NA,NA,"ok",NA
"640->380",1954,"380","Sweden","GPH","640","Turkey (Ottoman Empire)","GPH",1423487.54448399,"640",NA,NA,NA,NA,NA,"ok",NA
"640->375",1954,"375","Finland","GPH","640","Turkey (Ottoman Empire)","GPH",3558718.86120996,"640",NA,NA,NA,NA,NA,"ok",NA
"640->205",1954,"205","Ireland","GPH","640","Turkey (Ottoman Empire)","GPH",142348.754448399,"640",NA,NA,NA,NA,NA,"ok",NA
"220->580",1954,"580","Madagascar (Malagasy Republic)","GPH","220","France","GPH",26903914.5907473,"220",NA,NA,NA,NA,NA,"ok",NA
"220->150",1954,"150","Paraguay","GPH","220","France","GPH",960854.09252669,"220",NA,NA,NA,NA,NA,"ok",NA
"220->42",1954,"42","Dominican Republic (Santo Domingo)","GPH","220","France","GPH",604982.206405694,"220",NA,NA,NA,NA,NA,"ok",NA
"375->600",1954,"600","Morocco","GPH","375","Finland","GPH",391459.074733096,"375",NA,NA,NA,NA,NA,"ok",NA
"375->92",1954,"92","El Salvador","GPH","375","Finland","GPH",35587.1886120996,"375",NA,NA,NA,NA,NA,"ok",NA
"375->130",1954,"130","Ecuador","GPH","375","Finland","GPH",71174.3772241993,"375",NA,NA,NA,NA,NA,"ok",NA
"375->615",1954,"615","Algeria (Regency of Algiers)","GPH","375","Finland","GPH",427046.263345196,"375",NA,NA,NA,NA,NA,"ok",NA
"210->652",1954,"652","Syria","GPH","210","Netherlands","GPH",1423487.54448399,"210",NA,NA,NA,NA,NA,"ok",NA
"640->740",1954,"740","Japan","GPH","640","Turkey (Ottoman Empire)","GPH",925266.903914591,"640",NA,NA,NA,NA,NA,"ok",NA
"235->670",1954,"670","Saudi Arabia (Emirate of Nejd) (Emirate of Diriyah)","GPH","235","Portugal","GPH",106761.565836299,"235",NA,NA,NA,NA,NA,"ok",NA
"640->305",1954,"305","Austria","GPH","640","Turkey (Ottoman Empire)","GPH",2064056.93950178,"640",NA,NA,NA,NA,NA,"ok",NA
"640->140",1954,"140","Brazil","GPH","640","Turkey (Ottoman Empire)","GPH",3772241.99288256,"640",NA,NA,NA,NA,NA,"ok",NA
"220->160",1954,"160","Argentina (La Plata)","GPH","220","France","GPH",15658362.9893238,"220",NA,NA,NA,NA,NA,"ok",NA
"220->920",1954,"920","New Zealand","GPH","220","France","GPH",1672597.86476868,"220",NA,NA,NA,NA,NA,"ok",NA
"640->900",1954,"900","Australia","GPH","640","Turkey (Ottoman Empire)","GPH",35587.1886120996,"640",NA,NA,NA,NA,NA,"ok",NA
"255->775",1954,"775","Myanmar (Burma)","GPH","255","Germany (Zollverein)","GPH",4982206.40569395,"255",NA,NA,NA,NA,NA,"ok",NA
"205->840",1954,"840","Philippines","GPH","205","Ireland","GPH",35587.1886120996,"205",NA,NA,NA,NA,NA,"ok",NA
"210->140",1954,"140","Brazil","GPH","210","Netherlands","GPH",6797153.02491103,"210",NA,NA,NA,NA,NA,"ok",NA
"210->560",1954,"560","South Africa","GPH","210","Netherlands","GPH",8718861.20996441,"210",NA,NA,NA,NA,NA,"ok",NA
"210->40",1954,"40","Cuba","GPH","210","Netherlands","GPH",1601423.48754448,"210",NA,NA,NA,NA,NA,"ok",NA
"220->165",1954,"165","Uruguay","GPH","220","France","GPH",5943060.49822064,"220",NA,NA,NA,NA,NA,"ok",NA
"220->350",1954,"350","Greece","GPH","220","France","GPH",7259786.47686833,"220",NA,NA,NA,NA,NA,"ok",NA
"220->385",1954,"385","Norway","GPH","220","France","GPH",11672597.8647687,"220",NA,NA,NA,NA,NA,"ok",NA
"220->616",1954,"616","Tunisia (Regency of Tunis)","GPH","220","France","GPH",42740213.5231317,"220",NA,NA,NA,NA,NA,"ok",NA
"220->800",1954,"800","Thailand (Siam)","GPH","220","France","GPH",1103202.84697509,"220",NA,NA,NA,NA,NA,"ok",NA
"220->660",1954,"660","Lebanon","GPH","220","France","GPH",7686832.74021352,"220",NA,NA,NA,NA,NA,"ok",NA
"220->720",1954,"720","Hong Kong","GPH","220","France","GPH",1921708.18505338,"220",NA,NA,NA,NA,NA,"ok",NA
"220->140",1954,"140","Brazil","GPH","220","France","GPH",28007117.4377224,"220",NA,NA,NA,NA,NA,"ok",NA
"220->210",1954,"210","Netherlands","GPH","220","France","GPH",37330960.8540925,"220",NA,NA,NA,NA,NA,"ok",NA
"220->355",1954,"355","Bulgaria","GPH","220","France","GPH",249110.320284698,"220",NA,NA,NA,NA,NA,"ok",NA
"220->645",1954,"645","Iraq (Mesopotamia)","GPH","220","France","GPH",1316725.97864769,"220",NA,NA,NA,NA,NA,"ok",NA
"220->70",1954,"70","Mexico","GPH","220","France","GPH",4234875.44483986,"220",NA,NA,NA,NA,NA,"ok",NA
"220->380",1954,"380","Sweden","GPH","220","France","GPH",31637010.6761566,"220",NA,NA,NA,NA,NA,"ok",NA
"645->390",1954,"390","Denmark","GPH","645","Iraq (Mesopotamia)","GPH",1814946.61921708,"645",NA,NA,NA,NA,NA,"ok",NA
"255->750",1954,"750","India","GPH","255","Germany (Zollverein)","GPH",31672597.8647687,"255",NA,NA,NA,NA,NA,"ok",NA
"255->70",1954,"70","Mexico","GPH","255","Germany (Zollverein)","GPH",12811387.9003559,"255",NA,NA,NA,NA,NA,"ok",NA
"210->541",1954,"541","Mozambique (Portuguese East Africa)","GPH","210","Netherlands","GPH",1316725.97864769,"210",NA,NA,NA,NA,NA,"ok",NA
"255->95",1954,"95","Panama","GPH","255","Germany (Zollverein)","GPH",2135231.31672598,"255",NA,NA,NA,NA,NA,"ok",NA
"160->255",1954,"255","Germany (Zollverein)","GPH","160","Argentina (La Plata)","GPH",39964412.8113879,"160",NA,NA,NA,NA,NA,"ok",NA
"255->645",1954,"645","Iraq (Mesopotamia)","GPH","255","Germany (Zollverein)","GPH",5693950.17793594,"255",NA,NA,NA,NA,NA,"ok",NA
"255->850",1954,"850","Indonesia (Dutch East Indies)","GPH","255","Germany (Zollverein)","GPH",14946619.2170819,"255",NA,NA,NA,NA,NA,"ok",NA
"255->160",1954,"160","Argentina (La Plata)","GPH","255","Germany (Zollverein)","GPH",27402135.2313167,"255",NA,NA,NA,NA,NA,"ok",NA
"210->732",1954,"732","South Korea (Republic of South Korea)","GPH","210","Netherlands","GPH",35587.1886120996,"210",NA,NA,NA,NA,NA,"ok",NA
"255->560",1954,"560","South Africa","GPH","255","Germany (Zollverein)","GPH",22064056.9395018,"255",NA,NA,NA,NA,NA,"ok",NA
"255->780",1954,"780","Sri Lanka (Ceylon)","GPH","255","Germany (Zollverein)","GPH",1423487.54448399,"255",NA,NA,NA,NA,NA,"ok",NA
"255->740",1954,"740","Japan","GPH","255","Germany (Zollverein)","GPH",14946619.2170819,"255",NA,NA,NA,NA,NA,"ok",NA
"255->651",1954,"651","Egypt Arab Republic (Egypt)","GPH","255","Germany (Zollverein)","GPH",16725978.6476868,"255",NA,NA,NA,NA,NA,"ok",NA
"255->640",1954,"640","Turkey (Ottoman Empire)","GPH","255","Germany (Zollverein)","GPH",28113879.0035587,"255",NA,NA,NA,NA,NA,"ok",NA
"230->145",1954,"145","Bolivia","GPH","230","Spain","GPH",35587.1886120996,"230",NA,NA,NA,NA,NA,"ok",NA
"210->100",1954,"100","Colombia (New Granada) (Gran Colombia)","GPH","210","Netherlands","GPH",3274021.35231317,"210",NA,NA,NA,NA,NA,"ok",NA
"200->93",1954,"93","Nicaragua","GPH","200","United Kingdom","GPH",889679.715302491,"200",NA,NA,NA,NA,NA,"ok",NA
"255->385",1954,"385","Norway","GPH","255","Germany (Zollverein)","GPH",54092526.6903915,"255",NA,NA,NA,NA,NA,"ok",NA
"255->800",1954,"800","Thailand (Siam)","GPH","255","Germany (Zollverein)","GPH",7829181.49466192,"255",NA,NA,NA,NA,NA,"ok",NA
"255->600",1954,"600","Morocco","GPH","255","Germany (Zollverein)","GPH",6761565.83629893,"255",NA,NA,NA,NA,NA,"ok",NA
"165->395",1954,"395","Iceland","GPH","165","Uruguay","GPH",35587.1886120996,"165",NA,NA,NA,NA,NA,"ok",NA
"255->225",1954,"225","Switzerland","GPH","255","Germany (Zollverein)","GPH",106405693.950178,"255",NA,NA,NA,NA,NA,"ok",NA
"255->660",1954,"660","Lebanon","GPH","255","Germany (Zollverein)","GPH",4982206.40569395,"255",NA,NA,NA,NA,NA,"ok",NA
"255->900",1954,"900","Australia","GPH","255","Germany (Zollverein)","GPH",21352313.1672598,"255",NA,NA,NA,NA,NA,"ok",NA
"255->155",1954,"155","Chile","GPH","255","Germany (Zollverein)","GPH",11387900.3558719,"255",NA,NA,NA,NA,NA,"ok",NA
"210->380",1954,"380","Sweden","GPH","210","Netherlands","GPH",38220640.569395,"210",NA,NA,NA,NA,NA,"ok",NA
"210->840",1954,"840","Philippines","GPH","210","Netherlands","GPH",2669039.14590747,"210",NA,NA,NA,NA,NA,"ok",NA
"210->225",1954,"225","Switzerland","GPH","210","Netherlands","GPH",19893238.4341637,"210",NA,NA,NA,NA,NA,"ok",NA
"645->220",1954,"220","France","GPH","645","Iraq (Mesopotamia)","GPH",54412811.3879004,"645",NA,NA,NA,NA,NA,"ok",NA
"255->666",1954,"666","Israel","GPH","255","Germany (Zollverein)","GPH",18861209.9644128,"255",NA,NA,NA,NA,NA,"ok",NA
"235->220",1954,"220","France","GPH","235","Portugal","GPH",3487544.48398576,"235",NA,NA,NA,NA,NA,"ok",NA
"375->616",1954,"616","Tunisia (Regency of Tunis)","GPH","375","Finland","GPH",106761.565836299,"375",NA,NA,NA,NA,NA,"ok",NA
"235->750",1954,"750","India","GPH","235","Portugal","GPH",213523.131672598,"235",NA,NA,NA,NA,NA,"ok",NA
"235->541",1954,"541","Mozambique (Portuguese East Africa)","GPH","235","Portugal","GPH",6512455.51601424,"235",NA,NA,NA,NA,NA,"ok",NA
"640->651",1954,"651","Egypt Arab Republic (Egypt)","GPH","640","Turkey (Ottoman Empire)","GPH",1281138.79003559,"640",NA,NA,NA,NA,NA,"ok",NA
"625->720",1954,"720","Hong Kong","GPH","625","Sudan (Anglo-Egyptian Sudan) (Mahdist State)","GPH",462633.451957295,"625",NA,NA,NA,NA,NA,"ok",NA
"380->740",1954,"740","Japan","GPH","380","Sweden","GPH",2277580.07117438,"380",NA,NA,NA,NA,NA,"ok",NA
"380->2",1954,"2","United States of America","GPH","380","Sweden","GPH",26405693.9501779,"380",NA,NA,NA,NA,NA,"ok",NA
"380->750",1954,"750","India","GPH","380","Sweden","GPH",4661921.70818505,"380",NA,NA,NA,NA,NA,"ok",NA
"380->230",1954,"230","Spain","GPH","380","Sweden","GPH",5373665.48042705,"380",NA,NA,NA,NA,NA,"ok",NA
"380->355",1954,"355","Bulgaria","GPH","380","Sweden","GPH",177935.943060498,"380",NA,NA,NA,NA,NA,"ok",NA
"380->352",1954,"352","Cyprus","GPH","380","Sweden","GPH",427046.263345196,"380",NA,NA,NA,NA,NA,"ok",NA
"380->225",1954,"225","Switzerland","GPH","380","Sweden","GPH",6868327.40213523,"380",NA,NA,NA,NA,NA,"ok",NA
"380->290",1954,"290","Poland","GPH","380","Sweden","GPH",5160142.34875445,"380",NA,NA,NA,NA,NA,"ok",NA
"380->220",1954,"220","France","GPH","380","Sweden","GPH",26868327.4021352,"380",NA,NA,NA,NA,NA,"ok",NA
"380->325",1954,"325","Italy","GPH","380","Sweden","GPH",17686832.7402135,"380",NA,NA,NA,NA,NA,"ok",NA
"380->310",1954,"310","Hungary","GPH","380","Sweden","GPH",2811387.90035587,"380",NA,NA,NA,NA,NA,"ok",NA
"380->305",1954,"305","Austria","GPH","380","Sweden","GPH",2669039.14590747,"380",NA,NA,NA,NA,NA,"ok",NA
"380->20",1954,"20","Canada (Province of Canada)","GPH","380","Sweden","GPH",3238434.16370107,"380",NA,NA,NA,NA,NA,"ok",NA
"380->255",1954,"255","Germany (Zollverein)","GPH","380","Sweden","GPH",69323843.4163701,"380",NA,NA,NA,NA,NA,"ok",NA
"380->600",1954,"600","Morocco","GPH","380","Sweden","GPH",2135231.31672598,"380",NA,NA,NA,NA,NA,"ok",NA
"380->780",1954,"780","Sri Lanka (Ceylon)","GPH","380","Sweden","GPH",320284.697508897,"380",NA,NA,NA,NA,NA,"ok",NA
"380->200",1954,"200","United Kingdom","GPH","380","Sweden","GPH",104768683.274021,"380",NA,NA,NA,NA,NA,"ok",NA
"380->640",1954,"640","Turkey (Ottoman Empire)","GPH","380","Sweden","GPH",2206405.69395018,"380",NA,NA,NA,NA,NA,"ok",NA
"380->375",1954,"375","Finland","GPH","380","Sweden","GPH",10640569.3950178,"380",NA,NA,NA,NA,NA,"ok",NA
"380->235",1954,"235","Portugal","GPH","380","Sweden","GPH",2348754.44839858,"380",NA,NA,NA,NA,NA,"ok",NA
"380->710",1954,"710","People's Republic of China (China)","GPH","380","Sweden","GPH",249110.320284698,"380",NA,NA,NA,NA,NA,"ok",NA
"380->713",1954,"713","Republic of China (Taiwan) (Formosa)","GPH","380","Sweden","GPH",106761.565836299,"380",NA,NA,NA,NA,NA,"ok",NA
"380->385",1954,"385","Norway","GPH","380","Sweden","GPH",55338078.2918149,"380",NA,NA,NA,NA,NA,"ok",NA
"380->350",1954,"350","Greece","GPH","380","Sweden","GPH",4768683.27402135,"380",NA,NA,NA,NA,NA,"ok",NA
"255->2",1954,"2","United States of America","GPH","255","Germany (Zollverein)","GPH",104982206.405694,"255",NA,NA,NA,NA,NA,"ok",NA
"210->800",1954,"800","Thailand (Siam)","GPH","210","Netherlands","GPH",4875444.83985765,"210",NA,NA,NA,NA,NA,"ok",NA
"210->160",1954,"160","Argentina (La Plata)","GPH","210","Netherlands","GPH",9039145.90747331,"210",NA,NA,NA,NA,NA,"ok",NA
"210->713",1954,"713","Republic of China (Taiwan) (Formosa)","GPH","210","Netherlands","GPH",142348.754448399,"210",NA,NA,NA,NA,NA,"ok",NA
"255->670",1954,"670","Saudi Arabia (Emirate of Nejd) (Emirate of Diriyah)","GPH","255","Germany (Zollverein)","GPH",3202846.97508897,"255",NA,NA,NA,NA,NA,"ok",NA
"210->600",1954,"600","Morocco","GPH","210","Netherlands","GPH",3523131.67259786,"210",NA,NA,NA,NA,NA,"ok",NA
"210->640",1954,"640","Turkey (Ottoman Empire)","GPH","210","Netherlands","GPH",3131672.59786477,"210",NA,NA,NA,NA,NA,"ok",NA
"210->615",1954,"615","Algeria (Regency of Algiers)","GPH","210","Netherlands","GPH",2135231.31672598,"210",NA,NA,NA,NA,NA,"ok",NA
"210->200",1954,"200","United Kingdom","GPH","210","Netherlands","GPH",98576512.455516,"210",NA,NA,NA,NA,NA,"ok",NA
"210->710",1954,"710","People's Republic of China (China)","GPH","210","Netherlands","GPH",355871.886120996,"210",NA,NA,NA,NA,NA,"ok",NA
"210->310",1954,"310","Hungary","GPH","210","Netherlands","GPH",1138790.03558719,"210",NA,NA,NA,NA,NA,"ok",NA
"210->850",1954,"850","Indonesia (Dutch East Indies)","GPH","210","Netherlands","GPH",21779359.430605,"210",NA,NA,NA,NA,NA,"ok",NA
"210->645",1954,"645","Iraq (Mesopotamia)","GPH","210","Netherlands","GPH",2135231.31672598,"210",NA,NA,NA,NA,NA,"ok",NA
"210->670",1954,"670","Saudi Arabia (Emirate of Nejd) (Emirate of Diriyah)","GPH","210","Netherlands","GPH",1957295.37366548,"210",NA,NA,NA,NA,NA,"ok",NA
"210->390",1954,"390","Denmark","GPH","210","Netherlands","GPH",21992882.5622776,"210",NA,NA,NA,NA,NA,"ok",NA
"210->720",1954,"720","Hong Kong","GPH","210","Netherlands","GPH",4661921.70818505,"210",NA,NA,NA,NA,NA,"ok",NA
"210->920",1954,"920","New Zealand","GPH","210","Netherlands","GPH",2419928.82562278,"210",NA,NA,NA,NA,NA,"ok",NA
"210->305",1954,"305","Austria","GPH","210","Netherlands","GPH",5409252.66903915,"210",NA,NA,NA,NA,NA,"ok",NA
"210->375",1954,"375","Finland","GPH","210","Netherlands","GPH",13665480.4270463,"210",NA,NA,NA,NA,NA,"ok",NA
"255->616",1954,"616","Tunisia (Regency of Tunis)","GPH","255","Germany (Zollverein)","GPH",711743.772241993,"255",NA,NA,NA,NA,NA,"ok",NA
"471->210",1954,"210","Netherlands","GPH","471","Cameroun (French Cameroon)","GPH",5302491.10320285,"471",NA,NA,NA,NA,NA,"ok",NA
"210->70",1954,"70","Mexico","GPH","210","Netherlands","GPH",1921708.18505338,"210",NA,NA,NA,NA,NA,"ok",NA
"210->770",1954,"770","Pakistan","GPH","210","Netherlands","GPH",1530249.11032028,"210",NA,NA,NA,NA,NA,"ok",NA
"210->630",1954,"630","Iran (Persia)","GPH","210","Netherlands","GPH",1459074.73309609,"210",NA,NA,NA,NA,NA,"ok",NA
"210->475",1954,"475","Nigeria","GPH","210","Netherlands","GPH",3985765.12455516,"210",NA,NA,NA,NA,NA,"ok",NA
"210->205",1954,"205","Ireland","GPH","210","Netherlands","GPH",4661921.70818505,"210",NA,NA,NA,NA,NA,"ok",NA
"255->395",1954,"395","Iceland","GPH","255","Germany (Zollverein)","GPH",2491103.20284698,"255",NA,NA,NA,NA,NA,"ok",NA
"210->135",1954,"135","Peru","GPH","210","Netherlands","GPH",2348754.44839858,"210",NA,NA,NA,NA,NA,"ok",NA
"210->660",1954,"660","Lebanon","GPH","210","Netherlands","GPH",1138790.03558719,"210",NA,NA,NA,NA,NA,"ok",NA
"210->616",1954,"616","Tunisia (Regency of Tunis)","GPH","210","Netherlands","GPH",640569.395017794,"210",NA,NA,NA,NA,NA,"ok",NA
"210->220",1954,"220","France","GPH","210","Netherlands","GPH",35373665.480427,"210",NA,NA,NA,NA,NA,"ok",NA
"210->325",1954,"325","Italy","GPH","210","Netherlands","GPH",16975088.9679715,"210",NA,NA,NA,NA,NA,"ok",NA
"255->130",1954,"130","Ecuador","GPH","255","Germany (Zollverein)","GPH",3558718.86120996,"255",NA,NA,NA,NA,NA,"ok",NA
"210->230",1954,"230","Spain","GPH","210","Netherlands","GPH",5729537.36654804,"210",NA,NA,NA,NA,NA,"ok",NA
"255->720",1954,"720","Hong Kong","GPH","255","Germany (Zollverein)","GPH",7829181.49466192,"255",NA,NA,NA,NA,NA,"ok",NA
"255->140",1954,"140","Brazil","GPH","255","Germany (Zollverein)","GPH",50177935.9430605,"255",NA,NA,NA,NA,NA,"ok",NA
"210->360",1954,"360","Romania","GPH","210","Netherlands","GPH",1352313.16725979,"210",NA,NA,NA,NA,NA,"ok",NA
"210->780",1954,"780","Sri Lanka (Ceylon)","GPH","210","Netherlands","GPH",1494661.92170818,"210",NA,NA,NA,NA,NA,"ok",NA
"255->94",1954,"94","Costa Rica","GPH","255","Germany (Zollverein)","GPH",2491103.20284698,"255",NA,NA,NA,NA,NA,"ok",NA
"210->235",1954,"235","Portugal","GPH","210","Netherlands","GPH",4341637.01067616,"210",NA,NA,NA,NA,NA,"ok",NA
"210->255",1954,"255","Germany (Zollverein)","GPH","210","Netherlands","GPH",134768683.274021,"210",NA,NA,NA,NA,NA,"ok",NA
"210->91",1954,"91","Honduras","GPH","210","Netherlands","GPH",213523.131672598,"210",NA,NA,NA,NA,NA,"ok",NA
"255->20",1954,"20","Canada (Province of Canada)","GPH","255","Germany (Zollverein)","GPH",14590747.3309609,"255",NA,NA,NA,NA,NA,"ok",NA
"210->355",1954,"355","Bulgaria","GPH","210","Netherlands","GPH",142348.754448399,"210",NA,NA,NA,NA,NA,"ok",NA
"210->155",1954,"155","Chile","GPH","210","Netherlands","GPH",782918.149466192,"210",NA,NA,NA,NA,NA,"ok",NA
"210->95",1954,"95","Panama","GPH","210","Netherlands","GPH",249110.320284698,"210",NA,NA,NA,NA,NA,"ok",NA
"255->135",1954,"135","Peru","GPH","255","Germany (Zollverein)","GPH",5693950.17793594,"255",NA,NA,NA,NA,NA,"ok",NA
"255->713",1954,"713","Republic of China (Taiwan) (Formosa)","GPH","255","Germany (Zollverein)","GPH",1423487.54448399,"255",NA,NA,NA,NA,NA,"ok",NA
"230->92",1954,"92","El Salvador","GPH","230","Spain","GPH",71174.3772241993,"230",NA,NA,NA,NA,NA,"ok",NA
"230->395",1954,"395","Iceland","GPH","230","Spain","GPH",747330.960854092,"230",NA,NA,NA,NA,NA,"ok",NA
"230->91",1954,"91","Honduras","GPH","230","Spain","GPH",35587.1886120996,"230",NA,NA,NA,NA,NA,"ok",NA
"160->210",1954,"210","Netherlands","GPH","160","Argentina (La Plata)","GPH",25444839.8576512,"160",NA,NA,NA,NA,NA,"ok",NA
"160->40",1954,"40","Cuba","GPH","160","Argentina (La Plata)","GPH",177935.943060498,"160",NA,NA,NA,NA,NA,"ok",NA
"160->740",1954,"740","Japan","GPH","160","Argentina (La Plata)","GPH",16654804.2704626,"160",NA,NA,NA,NA,NA,"ok",NA
"160->200",1954,"200","United Kingdom","GPH","160","Argentina (La Plata)","GPH",72811387.9003559,"160",NA,NA,NA,NA,NA,"ok",NA
"160->20",1954,"20","Canada (Province of Canada)","GPH","160","Argentina (La Plata)","GPH",1032028.46975089,"160",NA,NA,NA,NA,NA,"ok",NA
"160->666",1954,"666","Israel","GPH","160","Argentina (La Plata)","GPH",604982.206405694,"160",NA,NA,NA,NA,NA,"ok",NA
"530->220",1954,"220","France","GPH","530","Ethiopia (Abyssinia)","GPH",249110.320284698,"530",NA,NA,NA,NA,NA,"ok",NA
"160->95",1954,"95","Panama","GPH","160","Argentina (La Plata)","GPH",71174.3772241993,"160",NA,NA,NA,NA,NA,"ok",NA
"160->155",1954,"155","Chile","GPH","160","Argentina (La Plata)","GPH",18932384.341637,"160",NA,NA,NA,NA,NA,"ok",NA
"235->290",1954,"290","Poland","GPH","235","Portugal","GPH",35587.1886120996,"235",NA,NA,NA,NA,NA,"ok",NA
"235->325",1954,"325","Italy","GPH","235","Portugal","GPH",2384341.63701068,"235",NA,NA,NA,NA,NA,"ok",NA
"235->352",1954,"352","Cyprus","GPH","235","Portugal","GPH",391459.074733096,"235",NA,NA,NA,NA,NA,"ok",NA
"235->540",1954,"540","Angola","GPH","235","Portugal","GPH",13309608.5409253,"235",NA,NA,NA,NA,NA,"ok",NA
"160->310",1954,"310","Hungary","GPH","160","Argentina (La Plata)","GPH",3024911.03202847,"160",NA,NA,NA,NA,NA,"ok",NA
"160->325",1954,"325","Italy","GPH","160","Argentina (La Plata)","GPH",12206405.6939502,"160",NA,NA,NA,NA,NA,"ok",NA
"160->220",1954,"220","France","GPH","160","Argentina (La Plata)","GPH",18362989.3238434,"160",NA,NA,NA,NA,NA,"ok",NA
"220->93",1954,"93","Nicaragua","GPH","220","France","GPH",177935.943060498,"220",NA,NA,NA,NA,NA,"ok",NA
"220->91",1954,"91","Honduras","GPH","220","France","GPH",142348.754448399,"220",NA,NA,NA,NA,NA,"ok",NA
"220->600",1954,"600","Morocco","GPH","220","France","GPH",78967971.5302491,"220",NA,NA,NA,NA,NA,"ok",NA
"220->255",1954,"255","Germany (Zollverein)","GPH","220","France","GPH",125124555.160142,"220",NA,NA,NA,NA,NA,"ok",NA
"220->666",1954,"666","Israel","GPH","220","France","GPH",2241992.88256228,"220",NA,NA,NA,NA,NA,"ok",NA
"220->20",1954,"20","Canada (Province of Canada)","GPH","220","France","GPH",7758007.11743772,"220",NA,NA,NA,NA,NA,"ok",NA
"220->40",1954,"40","Cuba","GPH","220","France","GPH",2313167.25978648,"220",NA,NA,NA,NA,NA,"ok",NA
"220->100",1954,"100","Colombia (New Granada) (Gran Colombia)","GPH","220","France","GPH",8825622.77580071,"220",NA,NA,NA,NA,NA,"ok",NA
"380->900",1954,"900","Australia","GPH","380","Sweden","GPH",9501779.3594306,"380",NA,NA,NA,NA,NA,"ok",NA
"380->390",1954,"390","Denmark","GPH","380","Sweden","GPH",37081850.5338078,"380",NA,NA,NA,NA,NA,"ok",NA
"230->90",1954,"90","Guatemala","GPH","230","Spain","GPH",71174.3772241993,"230",NA,NA,NA,NA,NA,"ok",NA
"230->93",1954,"93","Nicaragua","GPH","230","Spain","GPH",35587.1886120996,"230",NA,NA,NA,NA,NA,"ok",NA
"380->210",1954,"210","Netherlands","GPH","380","Sweden","GPH",33380782.9181495,"380",NA,NA,NA,NA,NA,"ok",NA
"380->140",1954,"140","Brazil","GPH","380","Sweden","GPH",18398576.5124555,"380",NA,NA,NA,NA,NA,"ok",NA
"210->2",1954,"2","United States of America","GPH","210","Netherlands","GPH",56085409.252669,"210",NA,NA,NA,NA,NA,"ok",NA
"210->385",1954,"385","Norway","GPH","210","Netherlands","GPH",19537366.5480427,"210",NA,NA,NA,NA,NA,"ok",NA
"210->900",1954,"900","Australia","GPH","210","Netherlands","GPH",8469750.88967972,"210",NA,NA,NA,NA,NA,"ok",NA
"210->666",1954,"666","Israel","GPH","210","Netherlands","GPH",1387900.35587189,"210",NA,NA,NA,NA,NA,"ok",NA
"210->471",1954,"471","Cameroun (French Cameroon)","GPH","210","Netherlands","GPH",604982.206405694,"210",NA,NA,NA,NA,NA,"ok",NA
"210->20",1954,"20","Canada (Province of Canada)","GPH","210","Netherlands","GPH",5124555.16014235,"210",NA,NA,NA,NA,NA,"ok",NA
"210->540",1954,"540","Angola","GPH","210","Netherlands","GPH",533807.829181495,"210",NA,NA,NA,NA,NA,"ok",NA
"210->452",1954,"452","Ghana (Gold Coast)","GPH","210","Netherlands","GPH",5409252.66903915,"210",NA,NA,NA,NA,NA,"ok",NA
"210->350",1954,"350","Greece","GPH","210","Netherlands","GPH",3879003.55871886,"210",NA,NA,NA,NA,NA,"ok",NA
"210->290",1954,"290","Poland","GPH","210","Netherlands","GPH",1281138.79003559,"210",NA,NA,NA,NA,NA,"ok",NA
"471->220",1954,"220","France","GPH","471","Cameroun (French Cameroon)","GPH",15943060.4982206,"471",NA,NA,NA,NA,NA,"ok",NA
"210->530",1954,"530","Ethiopia (Abyssinia)","GPH","210","Netherlands","GPH",569395.017793594,"210",NA,NA,NA,NA,NA,"ok",NA
"210->740",1954,"740","Japan","GPH","210","Netherlands","GPH",3345195.72953737,"210",NA,NA,NA,NA,NA,"ok",NA
"210->625",1954,"625","Sudan (Anglo-Egyptian Sudan) (Mahdist State)","GPH","210","Netherlands","GPH",1814946.61921708,"210",NA,NA,NA,NA,NA,"ok",NA
"210->750",1954,"750","India","GPH","210","Netherlands","GPH",7935943.06049822,"210",NA,NA,NA,NA,NA,"ok",NA
"255->100",1954,"100","Colombia (New Granada) (Gran Colombia)","GPH","255","Germany (Zollverein)","GPH",19572953.7366548,"255",NA,NA,NA,NA,NA,"ok",NA
"210->395",1954,"395","Iceland","GPH","210","Netherlands","GPH",1103202.84697509,"210",NA,NA,NA,NA,NA,"ok",NA
"350->205",1954,"205","Ireland","GPH","350","Greece","GPH",213523.131672598,"350",NA,NA,NA,NA,NA,"ok",NA
"235->230",1954,"230","Spain","GPH","235","Portugal","GPH",1672597.86476868,"235",NA,NA,NA,NA,NA,"ok",NA
"235->666",1954,"666","Israel","GPH","235","Portugal","GPH",498220.640569395,"235",NA,NA,NA,NA,NA,"ok",NA
"640->385",1954,"385","Norway","GPH","640","Turkey (Ottoman Empire)","GPH",498220.640569395,"640",NA,NA,NA,NA,NA,"ok",NA
"640->660",1954,"660","Lebanon","GPH","640","Turkey (Ottoman Empire)","GPH",889679.715302491,"640",NA,NA,NA,NA,NA,"ok",NA
"235->205",1954,"205","Ireland","GPH","235","Portugal","GPH",569395.017793594,"235",NA,NA,NA,NA,NA,"ok",NA
"235->390",1954,"390","Denmark","GPH","235","Portugal","GPH",1138790.03558719,"235",NA,NA,NA,NA,NA,"ok",NA
"235->200",1954,"200","United Kingdom","GPH","235","Portugal","GPH",13523131.6725979,"235",NA,NA,NA,NA,NA,"ok",NA
"235->210",1954,"210","Netherlands","GPH","235","Portugal","GPH",1637010.67615658,"235",NA,NA,NA,NA,NA,"ok",NA
"235->255",1954,"255","Germany (Zollverein)","GPH","235","Portugal","GPH",6227758.00711744,"235",NA,NA,NA,NA,NA,"ok",NA
"235->600",1954,"600","Morocco","GPH","235","Portugal","GPH",2918149.46619217,"235",NA,NA,NA,NA,NA,"ok",NA
"235->100",1954,"100","Colombia (New Granada) (Gran Colombia)","GPH","235","Portugal","GPH",142348.754448399,"235",NA,NA,NA,NA,NA,"ok",NA
"220->640",1954,"640","Turkey (Ottoman Empire)","GPH","220","France","GPH",13024911.0320285,"220",NA,NA,NA,NA,NA,"ok",NA
"220->670",1954,"670","Saudi Arabia (Emirate of Nejd) (Emirate of Diriyah)","GPH","220","France","GPH",1423487.54448399,"220",NA,NA,NA,NA,NA,"ok",NA
"220->200",1954,"200","United Kingdom","GPH","220","France","GPH",85836298.9323843,"220",NA,NA,NA,NA,NA,"ok",NA
"220->390",1954,"390","Denmark","GPH","220","France","GPH",15800711.7437722,"220",NA,NA,NA,NA,NA,"ok",NA
"235->310",1954,"310","Hungary","GPH","235","Portugal","GPH",106761.565836299,"235",NA,NA,NA,NA,NA,"ok",NA
"235->380",1954,"380","Sweden","GPH","235","Portugal","GPH",2135231.31672598,"235",NA,NA,NA,NA,NA,"ok",NA
"380->850",1954,"850","Indonesia (Dutch East Indies)","GPH","380","Sweden","GPH",2491103.20284698,"380",NA,NA,NA,NA,NA,"ok",NA
"645->210",1954,"210","Netherlands","GPH","645","Iraq (Mesopotamia)","GPH",9466192.17081851,"645",NA,NA,NA,NA,NA,"ok",NA
"220->360",1954,"360","Romania","GPH","220","France","GPH",355871.886120996,"220",NA,NA,NA,NA,NA,"ok",NA
"616->220",1954,"220","France","GPH","616","Tunisia (Regency of Tunis)","GPH",26298932.3843416,"616",NA,NA,NA,NA,NA,"ok",NA
"220->395",1954,"395","Iceland","GPH","220","France","GPH",355871.886120996,"220",NA,NA,NA,NA,NA,"ok",NA
"220->375",1954,"375","Finland","GPH","220","France","GPH",14946619.2170819,"220",NA,NA,NA,NA,NA,"ok",NA
"220->235",1954,"235","Portugal","GPH","220","France","GPH",8291814.94661922,"220",NA,NA,NA,NA,NA,"ok",NA
"220->205",1954,"205","Ireland","GPH","220","France","GPH",2135231.31672598,"220",NA,NA,NA,NA,NA,"ok",NA
"220->560",1954,"560","South Africa","GPH","220","France","GPH",6903914.59074733,"220",NA,NA,NA,NA,NA,"ok",NA
"220->740",1954,"740","Japan","GPH","220","France","GPH",4839857.65124555,"220",NA,NA,NA,NA,NA,"ok",NA
"220->2",1954,"2","United States of America","GPH","220","France","GPH",55587188.6120996,"220",NA,NA,NA,NA,NA,"ok",NA
"220->840",1954,"840","Philippines","GPH","220","France","GPH",1316725.97864769,"220",NA,NA,NA,NA,NA,"ok",NA
"220->780",1954,"780","Sri Lanka (Ceylon)","GPH","220","France","GPH",2419928.82562278,"220",NA,NA,NA,NA,NA,"ok",NA
"220->310",1954,"310","Hungary","GPH","220","France","GPH",4377224.19928826,"220",NA,NA,NA,NA,NA,"ok",NA
"220->305",1954,"305","Austria","GPH","220","France","GPH",8754448.39857651,"220",NA,NA,NA,NA,NA,"ok",NA
"375->140",1954,"140","Brazil","GPH","375","Finland","GPH",5195729.53736655,"375",NA,NA,NA,NA,NA,"ok",NA
"235->375",1954,"375","Finland","GPH","235","Portugal","GPH",142348.754448399,"235",NA,NA,NA,NA,NA,"ok",NA
"220->225",1954,"225","Switzerland","GPH","220","France","GPH",57615658.3629893,"220",NA,NA,NA,NA,NA,"ok",NA
"375->920",1954,"920","New Zealand","GPH","375","Finland","GPH",106761.565836299,"375",NA,NA,NA,NA,NA,"ok",NA
"235->350",1954,"350","Greece","GPH","235","Portugal","GPH",284697.508896797,"235",NA,NA,NA,NA,NA,"ok",NA
"220->710",1954,"710","People's Republic of China (China)","GPH","220","France","GPH",3167259.78647687,"220",NA,NA,NA,NA,NA,"ok",NA
"101->230",1954,"230","Spain","GPH","101","Venezuela","GPH",4661921.70818505,"101",NA,NA,NA,NA,NA,"ok",NA
"352->325",1954,"325","Italy","GPH","352","Cyprus","GPH",747330.960854092,"352",NA,NA,NA,NA,NA,"ok",NA
"352->255",1954,"255","Germany (Zollverein)","GPH","352","Cyprus","GPH",5302491.10320285,"352",NA,NA,NA,NA,NA,"ok",NA
"352->220",1954,"220","France","GPH","352","Cyprus","GPH",782918.149466192,"352",NA,NA,NA,NA,NA,"ok",NA
"352->290",1954,"290","Poland","GPH","352","Cyprus","GPH",35587.1886120996,"352",NA,NA,NA,NA,NA,"ok",NA
"230->305",1954,"305","Austria","GPH","230","Spain","GPH",889679.715302491,"230",NA,NA,NA,NA,NA,"ok",NA
"375->42",1954,"42","Dominican Republic (Santo Domingo)","GPH","375","Finland","GPH",71174.3772241993,"375",NA,NA,NA,NA,NA,"ok",NA
"352->390",1954,"390","Denmark","GPH","352","Cyprus","GPH",284697.508896797,"352",NA,NA,NA,NA,NA,"ok",NA
"352->205",1954,"205","Ireland","GPH","352","Cyprus","GPH",71174.3772241993,"352",NA,NA,NA,NA,NA,"ok",NA
"230->130",1954,"130","Ecuador","GPH","230","Spain","GPH",142348.754448399,"230",NA,NA,NA,NA,NA,"ok",NA
"352->385",1954,"385","Norway","GPH","352","Cyprus","GPH",35587.1886120996,"352",NA,NA,NA,NA,NA,"ok",NA
"352->305",1954,"305","Austria","GPH","352","Cyprus","GPH",142348.754448399,"352",NA,NA,NA,NA,NA,"ok",NA
"305->385",1954,"385","Norway","GPH","305","Austria","GPH",1459074.73309609,"305",NA,NA,NA,NA,NA,"ok",NA
"305->660",1954,"660","Lebanon","GPH","305","Austria","GPH",427046.263345196,"305",NA,NA,NA,NA,NA,"ok",NA
"305->70",1954,"70","Mexico","GPH","305","Austria","GPH",391459.074733096,"305",NA,NA,NA,NA,NA,"ok",NA
"305->380",1954,"380","Sweden","GPH","305","Austria","GPH",3629893.23843416,"305",NA,NA,NA,NA,NA,"ok",NA
"305->780",1954,"780","Sri Lanka (Ceylon)","GPH","305","Austria","GPH",106761.565836299,"305",NA,NA,NA,NA,NA,"ok",NA
"305->652",1954,"652","Syria","GPH","305","Austria","GPH",640569.395017794,"305",NA,NA,NA,NA,NA,"ok",NA
"305->160",1954,"160","Argentina (La Plata)","GPH","305","Austria","GPH",3914590.74733096,"305",NA,NA,NA,NA,NA,"ok",NA
"230->615",1954,"615","Algeria (Regency of Algiers)","GPH","230","Spain","GPH",355871.886120996,"230",NA,NA,NA,NA,NA,"ok",NA
"230->42",1954,"42","Dominican Republic (Santo Domingo)","GPH","230","Spain","GPH",142348.754448399,"230",NA,NA,NA,NA,NA,"ok",NA
"230->900",1954,"900","Australia","GPH","230","Spain","GPH",640569.395017794,"230",NA,NA,NA,NA,NA,"ok",NA
"230->155",1954,"155","Chile","GPH","230","Spain","GPH",2135231.31672598,"230",NA,NA,NA,NA,NA,"ok",NA
"230->160",1954,"160","Argentina (La Plata)","GPH","230","Spain","GPH",604982.206405694,"230",NA,NA,NA,NA,NA,"ok",NA
"230->20",1954,"20","Canada (Province of Canada)","GPH","230","Spain","GPH",1601423.48754448,"230",NA,NA,NA,NA,NA,"ok",NA
"230->101",1954,"101","Venezuela","GPH","230","Spain","GPH",1281138.79003559,"230",NA,NA,NA,NA,NA,"ok",NA
"230->225",1954,"225","Switzerland","GPH","230","Spain","GPH",6690391.45907473,"230",NA,NA,NA,NA,NA,"ok",NA
"230->95",1954,"95","Panama","GPH","230","Spain","GPH",142348.754448399,"230",NA,NA,NA,NA,NA,"ok",NA
"230->560",1954,"560","South Africa","GPH","230","Spain","GPH",498220.640569395,"230",NA,NA,NA,NA,NA,"ok",NA
"230->390",1954,"390","Denmark","GPH","230","Spain","GPH",2704626.33451957,"230",NA,NA,NA,NA,NA,"ok",NA
"230->640",1954,"640","Turkey (Ottoman Empire)","GPH","230","Spain","GPH",4911032.02846975,"230",NA,NA,NA,NA,NA,"ok",NA
"230->670",1954,"670","Saudi Arabia (Emirate of Nejd) (Emirate of Diriyah)","GPH","230","Spain","GPH",71174.3772241993,"230",NA,NA,NA,NA,NA,"ok",NA
"230->165",1954,"165","Uruguay","GPH","230","Spain","GPH",177935.943060498,"230",NA,NA,NA,NA,NA,"ok",NA
"305->225",1954,"225","Switzerland","GPH","305","Austria","GPH",9501779.3594306,"305",NA,NA,NA,NA,NA,"ok",NA
"390->90",1954,"90","Guatemala","GPH","390","Denmark","GPH",35587.1886120996,"390",NA,NA,NA,NA,NA,"ok",NA
"230->150",1954,"150","Paraguay","GPH","230","Spain","GPH",106761.565836299,"230",NA,NA,NA,NA,NA,"ok",NA
"230->205",1954,"205","Ireland","GPH","230","Spain","GPH",854092.526690391,"230",NA,NA,NA,NA,NA,"ok",NA
"390->42",1954,"42","Dominican Republic (Santo Domingo)","GPH","390","Denmark","GPH",35587.1886120996,"390",NA,NA,NA,NA,NA,"ok",NA
"230->645",1954,"645","Iraq (Mesopotamia)","GPH","230","Spain","GPH",71174.3772241993,"230",NA,NA,NA,NA,NA,"ok",NA
"230->325",1954,"325","Italy","GPH","230","Spain","GPH",2455516.01423488,"230",NA,NA,NA,NA,NA,"ok",NA
"230->651",1954,"651","Egypt Arab Republic (Egypt)","GPH","230","Spain","GPH",284697.508896797,"230",NA,NA,NA,NA,NA,"ok",NA
"230->800",1954,"800","Thailand (Siam)","GPH","230","Spain","GPH",142348.754448399,"230",NA,NA,NA,NA,NA,"ok",NA
"230->720",1954,"720","Hong Kong","GPH","230","Spain","GPH",71174.3772241993,"230",NA,NA,NA,NA,NA,"ok",NA
"230->210",1954,"210","Netherlands","GPH","230","Spain","GPH",5800711.74377224,"230",NA,NA,NA,NA,NA,"ok",NA
"230->40",1954,"40","Cuba","GPH","230","Spain","GPH",3202846.97508897,"230",NA,NA,NA,NA,NA,"ok",NA
"390->51",1954,"51","Jamaica","GPH","390","Denmark","GPH",71174.3772241993,"390",NA,NA,NA,NA,NA,"ok",NA
"230->750",1954,"750","India","GPH","230","Spain","GPH",1245551.60142349,"230",NA,NA,NA,NA,NA,"ok",NA
"390->70",1954,"70","Mexico","GPH","390","Denmark","GPH",213523.131672598,"390",NA,NA,NA,NA,NA,"ok",NA
"305->390",1954,"390","Denmark","GPH","305","Austria","GPH",2028469.75088968,"305",NA,NA,NA,NA,NA,"ok",NA
"305->530",1954,"530","Ethiopia (Abyssinia)","GPH","305","Austria","GPH",106761.565836299,"305",NA,NA,NA,NA,NA,"ok",NA
"220->530",1954,"530","Ethiopia (Abyssinia)","GPH","220","France","GPH",640569.395017794,"220",NA,NA,NA,NA,NA,"ok",NA
"220->960",1954,"960","French Polynesia","GPH","220","France","GPH",3558718.86120996,"220",NA,NA,NA,NA,NA,"ok",NA
"375->135",1954,"135","Peru","GPH","375","Finland","GPH",355871.886120996,"375",NA,NA,NA,NA,NA,"ok",NA
"235->305",1954,"305","Austria","GPH","235","Portugal","GPH",284697.508896797,"235",NA,NA,NA,NA,NA,"ok",NA
"220->325",1954,"325","Italy","GPH","220","France","GPH",58505338.0782918,"220",NA,NA,NA,NA,NA,"ok",NA
"220->352",1954,"352","Cyprus","GPH","220","France","GPH",106761.565836299,"220",NA,NA,NA,NA,NA,"ok",NA
"220->290",1954,"290","Poland","GPH","220","France","GPH",5978647.68683274,"220",NA,NA,NA,NA,NA,"ok",NA
"220->471",1954,"471","Cameroun (French Cameroon)","GPH","220","France","GPH",18113879.0035587,"220",NA,NA,NA,NA,NA,"ok",NA
"220->135",1954,"135","Peru","GPH","220","France","GPH",3772241.99288256,"220",NA,NA,NA,NA,NA,"ok",NA
"220->615",1954,"615","Algeria (Regency of Algiers)","GPH","220","France","GPH",175302491.103203,"220",NA,NA,NA,NA,NA,"ok",NA
"220->155",1954,"155","Chile","GPH","220","France","GPH",5551601.42348754,"220",NA,NA,NA,NA,NA,"ok",NA
"220->900",1954,"900","Australia","GPH","220","France","GPH",8113879.00355872,"220",NA,NA,NA,NA,NA,"ok",NA
"235->900",1954,"900","Australia","GPH","235","Portugal","GPH",533807.829181495,"235",NA,NA,NA,NA,NA,"ok",NA
"220->522",1954,"522","Djibouti (Afar and Issas) (French Somaliland)","GPH","220","France","GPH",1423487.54448399,"220",NA,NA,NA,NA,NA,"ok",NA
"220->230",1954,"230","Spain","GPH","220","France","GPH",20177935.9430605,"220",NA,NA,NA,NA,NA,"ok",NA
"220->750",1954,"750","India","GPH","220","France","GPH",13665480.4270463,"220",NA,NA,NA,NA,NA,"ok",NA
"220->850",1954,"850","Indonesia (Dutch East Indies)","GPH","220","France","GPH",3594306.04982206,"220",NA,NA,NA,NA,NA,"ok",NA
"220->651",1954,"651","Egypt Arab Republic (Egypt)","GPH","220","France","GPH",20925266.9039146,"220",NA,NA,NA,NA,NA,"ok",NA
"840->652",1954,"652","Syria","GPH","840","Philippines","GPH",142348.754448399,"840",NA,NA,NA,NA,NA,"ok",NA
"255->920",1954,"920","New Zealand","GPH","255","Germany (Zollverein)","GPH",4982206.40569395,"255",NA,NA,NA,NA,NA,"ok",NA
"255->732",1954,"732","South Korea (Republic of South Korea)","GPH","255","Germany (Zollverein)","GPH",1779359.43060498,"255",NA,NA,NA,NA,NA,"ok",NA
"255->630",1954,"630","Iran (Persia)","GPH","255","Germany (Zollverein)","GPH",15658362.9893238,"255",NA,NA,NA,NA,NA,"ok",NA
"350->385",1954,"385","Norway","GPH","350","Greece","GPH",177935.943060498,"350",NA,NA,NA,NA,NA,"ok",NA
"255->770",1954,"770","Pakistan","GPH","255","Germany (Zollverein)","GPH",9608540.9252669,"255",NA,NA,NA,NA,NA,"ok",NA
"255->960",1954,"960","French Polynesia","GPH","255","Germany (Zollverein)","GPH",355871.886120996,"255",NA,NA,NA,NA,NA,"ok",NA
"350->2",1954,"2","United States of America","GPH","350","Greece","GPH",5373665.48042705,"350",NA,NA,NA,NA,NA,"ok",NA
"350->375",1954,"375","Finland","GPH","350","Greece","GPH",1138790.03558719,"350",NA,NA,NA,NA,NA,"ok",NA
"205->52",1954,"52","Trinidad and Tobago","GPH","205","Ireland","GPH",35587.1886120996,"205",NA,NA,NA,NA,NA,"ok",NA
"255->615",1954,"615","Algeria (Regency of Algiers)","GPH","255","Germany (Zollverein)","GPH",1779359.43060498,"255",NA,NA,NA,NA,NA,"ok",NA
"350->95",1954,"95","Panama","GPH","350","Greece","GPH",35587.1886120996,"350",NA,NA,NA,NA,NA,"ok",NA
"350->640",1954,"640","Turkey (Ottoman Empire)","GPH","350","Greece","GPH",427046.263345196,"350",NA,NA,NA,NA,NA,"ok",NA
"350->352",1954,"352","Cyprus","GPH","350","Greece","GPH",249110.320284698,"350",NA,NA,NA,NA,NA,"ok",NA
"350->210",1954,"210","Netherlands","GPH","350","Greece","GPH",1352313.16725979,"350",NA,NA,NA,NA,NA,"ok",NA
"255->710",1954,"710","People's Republic of China (China)","GPH","255","Germany (Zollverein)","GPH",7829181.49466192,"255",NA,NA,NA,NA,NA,"ok",NA
"350->380",1954,"380","Sweden","GPH","350","Greece","GPH",498220.640569395,"350",NA,NA,NA,NA,NA,"ok",NA
"380->205",1954,"205","Ireland","GPH","380","Sweden","GPH",2989323.84341637,"380",NA,NA,NA,NA,NA,"ok",NA
"210->165",1954,"165","Uruguay","GPH","210","Netherlands","GPH",2099644.12811388,"210",NA,NA,NA,NA,NA,"ok",NA
"235->2",1954,"2","United States of America","GPH","235","Portugal","GPH",9359430.60498221,"235",NA,NA,NA,NA,NA,"ok",NA
"380->732",1954,"732","South Korea (Republic of South Korea)","GPH","380","Sweden","GPH",106761.565836299,"380",NA,NA,NA,NA,NA,"ok",NA
"210->651",1954,"651","Egypt Arab Republic (Egypt)","GPH","210","Netherlands","GPH",5017793.59430605,"210",NA,NA,NA,NA,NA,"ok",NA
"210->352",1954,"352","Cyprus","GPH","210","Netherlands","GPH",782918.149466192,"210",NA,NA,NA,NA,NA,"ok",NA
"235->360",1954,"360","Romania","GPH","235","Portugal","GPH",35587.1886120996,"235",NA,NA,NA,NA,NA,"ok",NA
"235->140",1954,"140","Brazil","GPH","235","Portugal","GPH",1281138.79003559,"235",NA,NA,NA,NA,NA,"ok",NA
"305->625",1954,"625","Sudan (Anglo-Egyptian Sudan) (Mahdist State)","GPH","305","Austria","GPH",142348.754448399,"305",NA,NA,NA,NA,NA,"ok",NA
"352->350",1954,"350","Greece","GPH","352","Cyprus","GPH",71174.3772241993,"352",NA,NA,NA,NA,NA,"ok",NA
"375->165",1954,"165","Uruguay","GPH","375","Finland","GPH",533807.829181495,"375",NA,NA,NA,NA,NA,"ok",NA
"305->205",1954,"205","Ireland","GPH","305","Austria","GPH",249110.320284698,"305",NA,NA,NA,NA,NA,"ok",NA
"645->230",1954,"230","Spain","GPH","645","Iraq (Mesopotamia)","GPH",71174.3772241993,"645",NA,NA,NA,NA,NA,"ok",NA
"616->230",1954,"230","Spain","GPH","616","Tunisia (Regency of Tunis)","GPH",391459.074733096,"616",NA,NA,NA,NA,NA,"ok",NA
"305->352",1954,"352","Cyprus","GPH","305","Austria","GPH",249110.320284698,"305",NA,NA,NA,NA,NA,"ok",NA
"305->360",1954,"360","Romania","GPH","305","Austria","GPH",2028469.75088968,"305",NA,NA,NA,NA,NA,"ok",NA
"305->960",1954,"960","French Polynesia","GPH","305","Austria","GPH",35587.1886120996,"305",NA,NA,NA,NA,NA,"ok",NA
"390->355",1954,"355","Bulgaria","GPH","390","Denmark","GPH",71174.3772241993,"390",NA,NA,NA,NA,NA,"ok",NA
"305->350",1954,"350","Greece","GPH","305","Austria","GPH",3736654.80427046,"305",NA,NA,NA,NA,NA,"ok",NA
"305->220",1954,"220","France","GPH","305","Austria","GPH",6049822.06405694,"305",NA,NA,NA,NA,NA,"ok",NA
"305->375",1954,"375","Finland","GPH","305","Austria","GPH",925266.903914591,"305",NA,NA,NA,NA,NA,"ok",NA
"305->140",1954,"140","Brazil","GPH","305","Austria","GPH",2241992.88256228,"305",NA,NA,NA,NA,NA,"ok",NA
"255->235",1954,"235","Portugal","GPH","255","Germany (Zollverein)","GPH",17437722.4199288,"255",NA,NA,NA,NA,NA,"ok",NA
"255->360",1954,"360","Romania","GPH","255","Germany (Zollverein)","GPH",4270462.63345196,"255",NA,NA,NA,NA,NA,"ok",NA
"255->390",1954,"390","Denmark","GPH","255","Germany (Zollverein)","GPH",78291814.9466192,"255",NA,NA,NA,NA,NA,"ok",NA
"255->200",1954,"200","United Kingdom","GPH","255","Germany (Zollverein)","GPH",72953736.6548043,"255",NA,NA,NA,NA,NA,"ok",NA
"255->380",1954,"380","Sweden","GPH","255","Germany (Zollverein)","GPH",125266903.914591,"255",NA,NA,NA,NA,NA,"ok",NA
"305->900",1954,"900","Australia","GPH","305","Austria","GPH",2170818.50533808,"305",NA,NA,NA,NA,NA,"ok",NA
"255->305",1954,"305","Austria","GPH","255","Germany (Zollverein)","GPH",87900355.8718861,"255",NA,NA,NA,NA,NA,"ok",NA
"255->290",1954,"290","Poland","GPH","255","Germany (Zollverein)","GPH",6761565.83629893,"255",NA,NA,NA,NA,NA,"ok",NA
"255->325",1954,"325","Italy","GPH","255","Germany (Zollverein)","GPH",113167259.786477,"255",NA,NA,NA,NA,NA,"ok",NA
"305->290",1954,"290","Poland","GPH","305","Austria","GPH",6370106.76156584,"305",NA,NA,NA,NA,NA,"ok",NA
"305->235",1954,"235","Portugal","GPH","305","Austria","GPH",1103202.84697509,"305",NA,NA,NA,NA,NA,"ok",NA
"305->135",1954,"135","Peru","GPH","305","Austria","GPH",284697.508896797,"305",NA,NA,NA,NA,NA,"ok",NA
"375->100",1954,"100","Colombia (New Granada) (Gran Colombia)","GPH","375","Finland","GPH",213523.131672598,"375",NA,NA,NA,NA,NA,"ok",NA
"375->666",1954,"666","Israel","GPH","375","Finland","GPH",1637010.67615658,"375",NA,NA,NA,NA,NA,"ok",NA
"375->225",1954,"225","Switzerland","GPH","375","Finland","GPH",1459074.73309609,"375",NA,NA,NA,NA,NA,"ok",NA
"390->95",1954,"95","Panama","GPH","390","Denmark","GPH",1032028.46975089,"390",NA,NA,NA,NA,NA,"ok",NA
"305->310",1954,"310","Hungary","GPH","305","Austria","GPH",4163701.06761566,"305",NA,NA,NA,NA,NA,"ok",NA
"230->350",1954,"350","Greece","GPH","230","Spain","GPH",71174.3772241993,"230",NA,NA,NA,NA,NA,"ok",NA
"230->600",1954,"600","Morocco","GPH","230","Spain","GPH",462633.451957295,"230",NA,NA,NA,NA,NA,"ok",NA
"200->40",1954,"40","Cuba","GPH","200","United Kingdom","GPH",4234875.44483986,"200",NA,NA,NA,NA,NA,"ok",NA
"230->920",1954,"920","New Zealand","GPH","230","Spain","GPH",71174.3772241993,"230",NA,NA,NA,NA,NA,"ok",NA
"230->850",1954,"850","Indonesia (Dutch East Indies)","GPH","230","Spain","GPH",142348.754448399,"230",NA,NA,NA,NA,NA,"ok",NA
"305->165",1954,"165","Uruguay","GPH","305","Austria","GPH",320284.697508897,"305",NA,NA,NA,NA,NA,"ok",NA
"305->200",1954,"200","United Kingdom","GPH","305","Austria","GPH",8434163.70106762,"305",NA,NA,NA,NA,NA,"ok",NA
"305->640",1954,"640","Turkey (Ottoman Empire)","GPH","305","Austria","GPH",2669039.14590747,"305",NA,NA,NA,NA,NA,"ok",NA
"305->325",1954,"325","Italy","GPH","305","Austria","GPH",37153024.911032,"305",NA,NA,NA,NA,NA,"ok",NA
"305->90",1954,"90","Guatemala","GPH","305","Austria","GPH",35587.1886120996,"305",NA,NA,NA,NA,NA,"ok",NA
"305->630",1954,"630","Iran (Persia)","GPH","305","Austria","GPH",604982.206405694,"305",NA,NA,NA,NA,NA,"ok",NA
"305->395",1954,"395","Iceland","GPH","305","Austria","GPH",106761.565836299,"305",NA,NA,NA,NA,NA,"ok",NA
"305->920",1954,"920","New Zealand","GPH","305","Austria","GPH",249110.320284698,"305",NA,NA,NA,NA,NA,"ok",NA
"305->155",1954,"155","Chile","GPH","305","Austria","GPH",177935.943060498,"305",NA,NA,NA,NA,NA,"ok",NA
"305->355",1954,"355","Bulgaria","GPH","305","Austria","GPH",1103202.84697509,"305",NA,NA,NA,NA,NA,"ok",NA
"305->20",1954,"20","Canada (Province of Canada)","GPH","305","Austria","GPH",960854.09252669,"305",NA,NA,NA,NA,NA,"ok",NA
"305->710",1954,"710","People's Republic of China (China)","GPH","305","Austria","GPH",462633.451957295,"305",NA,NA,NA,NA,NA,"ok",NA
"305->94",1954,"94","Costa Rica","GPH","305","Austria","GPH",71174.3772241993,"305",NA,NA,NA,NA,NA,"ok",NA
"305->600",1954,"600","Morocco","GPH","305","Austria","GPH",854092.526690391,"305",NA,NA,NA,NA,NA,"ok",NA
"305->750",1954,"750","India","GPH","305","Austria","GPH",2597864.76868327,"305",NA,NA,NA,NA,NA,"ok",NA
"305->800",1954,"800","Thailand (Siam)","GPH","305","Austria","GPH",355871.886120996,"305",NA,NA,NA,NA,NA,"ok",NA
"255->350",1954,"350","Greece","GPH","255","Germany (Zollverein)","GPH",20640569.3950178,"255",NA,NA,NA,NA,NA,"ok",NA
"305->666",1954,"666","Israel","GPH","305","Austria","GPH",889679.715302491,"305",NA,NA,NA,NA,NA,"ok",NA
"305->645",1954,"645","Iraq (Mesopotamia)","GPH","305","Austria","GPH",498220.640569395,"305",NA,NA,NA,NA,NA,"ok",NA
"305->850",1954,"850","Indonesia (Dutch East Indies)","GPH","305","Austria","GPH",2384341.63701068,"305",NA,NA,NA,NA,NA,"ok",NA
"305->255",1954,"255","Germany (Zollverein)","GPH","305","Austria","GPH",51032028.4697509,"305",NA,NA,NA,NA,NA,"ok",NA
"305->615",1954,"615","Algeria (Regency of Algiers)","GPH","305","Austria","GPH",213523.131672598,"305",NA,NA,NA,NA,NA,"ok",NA
"305->100",1954,"100","Colombia (New Granada) (Gran Colombia)","GPH","305","Austria","GPH",604982.206405694,"305",NA,NA,NA,NA,NA,"ok",NA
"305->40",1954,"40","Cuba","GPH","305","Austria","GPH",106761.565836299,"305",NA,NA,NA,NA,NA,"ok",NA
"305->651",1954,"651","Egypt Arab Republic (Egypt)","GPH","305","Austria","GPH",2028469.75088968,"305",NA,NA,NA,NA,NA,"ok",NA
"305->670",1954,"670","Saudi Arabia (Emirate of Nejd) (Emirate of Diriyah)","GPH","305","Austria","GPH",106761.565836299,"305",NA,NA,NA,NA,NA,"ok",NA
"305->210",1954,"210","Netherlands","GPH","305","Austria","GPH",9181494.66192171,"305",NA,NA,NA,NA,NA,"ok",NA
"305->560",1954,"560","South Africa","GPH","305","Austria","GPH",2206405.69395018,"305",NA,NA,NA,NA,NA,"ok",NA
"305->130",1954,"130","Ecuador","GPH","305","Austria","GPH",177935.943060498,"305",NA,NA,NA,NA,NA,"ok",NA
"305->2",1954,"2","United States of America","GPH","305","Austria","GPH",10035587.1886121,"305",NA,NA,NA,NA,NA,"ok",NA
"305->840",1954,"840","Philippines","GPH","305","Austria","GPH",35587.1886120996,"305",NA,NA,NA,NA,NA,"ok",NA
"230->385",1954,"385","Norway","GPH","230","Spain","GPH",3060498.22064057,"230",NA,NA,NA,NA,NA,"ok",NA
"230->200",1954,"200","United Kingdom","GPH","230","Spain","GPH",27508896.797153,"230",NA,NA,NA,NA,NA,"ok",NA
"230->255",1954,"255","Germany (Zollverein)","GPH","230","Spain","GPH",18256227.7580071,"230",NA,NA,NA,NA,NA,"ok",NA
"230->616",1954,"616","Tunisia (Regency of Tunis)","GPH","230","Spain","GPH",142348.754448399,"230",NA,NA,NA,NA,NA,"ok",NA
"200->115",1954,"115","Surinam (Dutch Guiana)","GPH","200","United Kingdom","GPH",711743.772241993,"200",NA,NA,NA,NA,NA,"ok",NA
"375->395",1954,"395","Iceland","GPH","375","Finland","GPH",1530249.11032028,"375",NA,NA,NA,NA,NA,"ok",NA
"305->740",1954,"740","Japan","GPH","305","Austria","GPH",142348.754448399,"305",NA,NA,NA,NA,NA,"ok",NA
"230->70",1954,"70","Mexico","GPH","230","Spain","GPH",1281138.79003559,"230",NA,NA,NA,NA,NA,"ok",NA
"230->380",1954,"380","Sweden","GPH","230","Spain","GPH",4483985.76512455,"230",NA,NA,NA,NA,NA,"ok",NA
"230->220",1954,"220","France","GPH","230","Spain","GPH",11209964.4128114,"230",NA,NA,NA,NA,NA,"ok",NA
"390->310",1954,"310","Hungary","GPH","390","Denmark","GPH",747330.960854092,"390",NA,NA,NA,NA,NA,"ok",NA
"230->140",1954,"140","Brazil","GPH","230","Spain","GPH",4234875.44483986,"230",NA,NA,NA,NA,NA,"ok",NA
"230->100",1954,"100","Colombia (New Granada) (Gran Colombia)","GPH","230","Spain","GPH",640569.395017794,"230",NA,NA,NA,NA,NA,"ok",NA
"230->135",1954,"135","Peru","GPH","230","Spain","GPH",177935.943060498,"230",NA,NA,NA,NA,NA,"ok",NA
"230->375",1954,"375","Finland","GPH","230","Spain","GPH",2028469.75088968,"230",NA,NA,NA,NA,NA,"ok",NA
"230->2",1954,"2","United States of America","GPH","230","Spain","GPH",17259786.4768683,"230",NA,NA,NA,NA,NA,"ok",NA
"230->235",1954,"235","Portugal","GPH","230","Spain","GPH",533807.829181495,"230",NA,NA,NA,NA,NA,"ok",NA
"230->666",1954,"666","Israel","GPH","230","Spain","GPH",71174.3772241993,"230",NA,NA,NA,NA,NA,"ok",NA
"230->840",1954,"840","Philippines","GPH","230","Spain","GPH",142348.754448399,"230",NA,NA,NA,NA,NA,"ok",NA
"230->740",1954,"740","Japan","GPH","230","Spain","GPH",4163701.06761566,"230",NA,NA,NA,NA,NA,"ok",NA
"255->375",1954,"375","Finland","GPH","255","Germany (Zollverein)","GPH",16014234.8754448,"255",NA,NA,NA,NA,NA,"ok",NA
"255->220",1954,"220","France","GPH","255","Germany (Zollverein)","GPH",123487544.483986,"255",NA,NA,NA,NA,NA,"ok",NA
"255->352",1954,"352","Cyprus","GPH","255","Germany (Zollverein)","GPH",1067615.65836299,"255",NA,NA,NA,NA,NA,"ok",NA
"375->155",1954,"155","Chile","GPH","375","Finland","GPH",213523.131672598,"375",NA,NA,NA,NA,NA,"ok",NA
"500->385",1954,"385","Norway","GPH","500","Uganda","GPH",35587.1886120996,"500",NA,NA,NA,NA,NA,"ok",NA
"375->850",1954,"850","Indonesia (Dutch East Indies)","GPH","375","Finland","GPH",462633.451957295,"375",NA,NA,NA,NA,NA,"ok",NA
"375->70",1954,"70","Mexico","GPH","375","Finland","GPH",284697.508896797,"375",NA,NA,NA,NA,NA,"ok",NA
"255->355",1954,"355","Bulgaria","GPH","255","Germany (Zollverein)","GPH",1423487.54448399,"255",NA,NA,NA,NA,NA,"ok",NA
"255->205",1954,"205","Ireland","GPH","255","Germany (Zollverein)","GPH",7117437.72241993,"255",NA,NA,NA,NA,NA,"ok",NA
"255->230",1954,"230","Spain","GPH","255","Germany (Zollverein)","GPH",27046263.3451957,"255",NA,NA,NA,NA,NA,"ok",NA
"255->310",1954,"310","Hungary","GPH","255","Germany (Zollverein)","GPH",8540925.26690391,"255",NA,NA,NA,NA,NA,"ok",NA
"255->210",1954,"210","Netherlands","GPH","255","Germany (Zollverein)","GPH",175088967.97153,"255",NA,NA,NA,NA,NA,"ok",NA
"305->95",1954,"95","Panama","GPH","305","Austria","GPH",35587.1886120996,"305",NA,NA,NA,NA,NA,"ok",NA
"305->230",1954,"230","Spain","GPH","305","Austria","GPH",1067615.65836299,"305",NA,NA,NA,NA,NA,"ok",NA
"305->770",1954,"770","Pakistan","GPH","305","Austria","GPH",498220.640569395,"305",NA,NA,NA,NA,NA,"ok",NA
"305->616",1954,"616","Tunisia (Regency of Tunis)","GPH","305","Austria","GPH",213523.131672598,"305",NA,NA,NA,NA,NA,"ok",NA
"94->20",1954,"20","Canada (Province of Canada)","GPH","94","Costa Rica","GPH",2775800.71174377,"94",NA,NA,NA,NA,NA,"ok",NA
"51->220",1954,"220","France","GPH","51","Jamaica","GPH",106761.565836299,"51",NA,NA,NA,NA,NA,"ok",NA
"850->710",1954,"710","People's Republic of China (China)","GPH","850","Indonesia (Dutch East Indies)","GPH",996441.28113879,"850",NA,NA,NA,NA,NA,"ok",NA
"512->385",1954,"385","Norway","GPH","512","Tanzania (Tanganyika)","GPH",71174.3772241993,"512",NA,NA,NA,NA,NA,"ok",NA
"615->616",1954,"616","Tunisia (Regency of Tunis)","GPH","615","Algeria (Regency of Algiers)","GPH",2099644.12811388,"615",NA,NA,NA,NA,NA,"ok",NA
"850->775",1954,"775","Myanmar (Burma)","GPH","850","Indonesia (Dutch East Indies)","GPH",213523.131672598,"850",NA,NA,NA,NA,NA,"ok",NA
"42->115",1954,"115","Surinam (Dutch Guiana)","GPH","42","Dominican Republic (Santo Domingo)","GPH",35587.1886120996,"42",NA,NA,NA,NA,NA,"ok",NA
"42->255",1954,"255","Germany (Zollverein)","GPH","42","Dominican Republic (Santo Domingo)","GPH",854092.526690391,"42",NA,NA,NA,NA,NA,"ok",NA
"770->350",1954,"350","Greece","GPH","770","Pakistan","GPH",462633.451957295,"770",NA,NA,NA,NA,NA,"ok",NA
"41->385",1954,"385","Norway","GPH","41","Haiti","GPH",427046.263345196,"41",NA,NA,NA,NA,NA,"ok",NA
"42->40",1954,"40","Cuba","GPH","42","Dominican Republic (Santo Domingo)","GPH",71174.3772241993,"42",NA,NA,NA,NA,NA,"ok",NA
"645->850",1954,"850","Indonesia (Dutch East Indies)","GPH","645","Iraq (Mesopotamia)","GPH",2170818.50533808,"645",NA,NA,NA,NA,NA,"ok",NA
"2->850",1954,"850","Indonesia (Dutch East Indies)","GPH","2","United States of America","GPH",26334519.5729537,"2",NA,NA,NA,NA,NA,"ok",NA
"770->900",1954,"900","Australia","GPH","770","Pakistan","GPH",2206405.69395018,"770",NA,NA,NA,NA,NA,"ok",NA
"2->70",1954,"70","Mexico","GPH","2","United States of America","GPH",230249110.320285,"2",NA,NA,NA,NA,NA,"ok",NA
"840->100",1954,"100","Colombia (New Granada) (Gran Colombia)","GPH","840","Philippines","GPH",2064056.93950178,"840",NA,NA,NA,NA,NA,"ok",NA
"645->775",1954,"775","Myanmar (Burma)","GPH","645","Iraq (Mesopotamia)","GPH",35587.1886120996,"645",NA,NA,NA,NA,NA,"ok",NA
"600->666",1954,"666","Israel","GPH","600","Morocco","GPH",427046.263345196,"600",NA,NA,NA,NA,NA,"ok",NA
"92->220",1954,"220","France","GPH","92","El Salvador","GPH",284697.508896797,"92",NA,NA,NA,NA,NA,"ok",NA
"92->225",1954,"225","Switzerland","GPH","92","El Salvador","GPH",35587.1886120996,"92",NA,NA,NA,NA,NA,"ok",NA
"2->770",1954,"770","Pakistan","GPH","2","United States of America","GPH",12099644.1281139,"2",NA,NA,NA,NA,NA,"ok",NA
"500->325",1954,"325","Italy","GPH","500","Uganda","GPH",2419928.82562278,"500",NA,NA,NA,NA,NA,"ok",NA
"42->385",1954,"385","Norway","GPH","42","Dominican Republic (Santo Domingo)","GPH",35587.1886120996,"42",NA,NA,NA,NA,NA,"ok",NA
"90->380",1954,"380","Sweden","GPH","90","Guatemala","GPH",1103202.84697509,"90",NA,NA,NA,NA,NA,"ok",NA
"42->380",1954,"380","Sweden","GPH","42","Dominican Republic (Santo Domingo)","GPH",106761.565836299,"42",NA,NA,NA,NA,NA,"ok",NA
"91->200",1954,"200","United Kingdom","GPH","91","Honduras","GPH",71174.3772241993,"91",NA,NA,NA,NA,NA,"ok",NA
"92->130",1954,"130","Ecuador","GPH","92","El Salvador","GPH",71174.3772241993,"92",NA,NA,NA,NA,NA,"ok",NA
"135->900",1954,"900","Australia","GPH","135","Peru","GPH",249110.320284698,"135",NA,NA,NA,NA,NA,"ok",NA
"385->652",1954,"652","Syria","GPH","385","Norway","GPH",106761.565836299,"385",NA,NA,NA,NA,NA,"ok",NA
"91->40",1954,"40","Cuba","GPH","91","Honduras","GPH",427046.263345196,"91",NA,NA,NA,NA,NA,"ok",NA
"200->2",1954,"2","United States of America","GPH","200","United Kingdom","GPH",160747330.960854,"200",NA,NA,NA,NA,NA,"ok",NA
"385->490",1954,"490","Democratic Republic of the Congo (Zaire) (Kinshasa) (Belgian Congo) (Congo Free State)","GPH","385","Norway","GPH",106761.565836299,"385",NA,NA,NA,NA,NA,"ok",NA
"512->210",1954,"210","Netherlands","GPH","512","Tanzania (Tanganyika)","GPH",1708185.05338078,"512",NA,NA,NA,NA,NA,"ok",NA
"512->255",1954,"255","Germany (Zollverein)","GPH","512","Tanzania (Tanganyika)","GPH",3487544.48398576,"512",NA,NA,NA,NA,NA,"ok",NA
"512->490",1954,"490","Democratic Republic of the Congo (Zaire) (Kinshasa) (Belgian Congo) (Congo Free State)","GPH","512","Tanzania (Tanganyika)","GPH",533807.829181495,"512",NA,NA,NA,NA,NA,"ok",NA
"42->750",1954,"750","India","GPH","42","Dominican Republic (Santo Domingo)","GPH",213523.131672598,"42",NA,NA,NA,NA,NA,"ok",NA
"512->651",1954,"651","Egypt Arab Republic (Egypt)","GPH","512","Tanzania (Tanganyika)","GPH",284697.508896797,"512",NA,NA,NA,NA,NA,"ok",NA
"452->205",1954,"205","Ireland","GPH","452","Ghana (Gold Coast)","GPH",462633.451957295,"452",NA,NA,NA,NA,NA,"ok",NA
"92->210",1954,"210","Netherlands","GPH","92","El Salvador","GPH",1138790.03558719,"92",NA,NA,NA,NA,NA,"ok",NA
"770->840",1954,"840","Philippines","GPH","770","Pakistan","GPH",569395.017793594,"770",NA,NA,NA,NA,NA,"ok",NA
"385->68",1954,"68","Netherlands Antilles","GPH","385","Norway","GPH",71174.3772241993,"385",NA,NA,NA,NA,NA,"ok",NA
"512->900",1954,"900","Australia","GPH","512","Tanzania (Tanganyika)","GPH",854092.526690391,"512",NA,NA,NA,NA,NA,"ok",NA
"130->325",1954,"325","Italy","GPH","130","Ecuador","GPH",818505.338078292,"130",NA,NA,NA,NA,NA,"ok",NA
"500->225",1954,"225","Switzerland","GPH","500","Uganda","GPH",142348.754448399,"500",NA,NA,NA,NA,NA,"ok",NA
"91->20",1954,"20","Canada (Province of Canada)","GPH","91","Honduras","GPH",782918.149466192,"91",NA,NA,NA,NA,NA,"ok",NA
"500->560",1954,"560","South Africa","GPH","500","Uganda","GPH",1814946.61921708,"500",NA,NA,NA,NA,NA,"ok",NA
"750->210",1954,"210","Netherlands","GPH","750","India","GPH",7758007.11743772,"750",NA,NA,NA,NA,NA,"ok",NA
"780->640",1954,"640","Turkey (Ottoman Empire)","GPH","780","Sri Lanka (Ceylon)","GPH",142348.754448399,"780",NA,NA,NA,NA,NA,"ok",NA
"145->155",1954,"155","Chile","GPH","145","Bolivia","GPH",320284.697508897,"145",NA,NA,NA,NA,NA,"ok",NA
"145->140",1954,"140","Brazil","GPH","145","Bolivia","GPH",320284.697508897,"145",NA,NA,NA,NA,NA,"ok",NA
"135->720",1954,"720","Hong Kong","GPH","135","Peru","GPH",35587.1886120996,"135",NA,NA,NA,NA,NA,"ok",NA
"135->140",1954,"140","Brazil","GPH","135","Peru","GPH",213523.131672598,"135",NA,NA,NA,NA,NA,"ok",NA
"135->210",1954,"210","Netherlands","GPH","135","Peru","GPH",3060498.22064057,"135",NA,NA,NA,NA,NA,"ok",NA
"385->130",1954,"130","Ecuador","GPH","385","Norway","GPH",35587.1886120996,"385",NA,NA,NA,NA,NA,"ok",NA
"385->310",1954,"310","Hungary","GPH","385","Norway","GPH",284697.508896797,"385",NA,NA,NA,NA,NA,"ok",NA
"385->305",1954,"305","Austria","GPH","385","Norway","GPH",1708185.05338078,"385",NA,NA,NA,NA,NA,"ok",NA
"390->130",1954,"130","Ecuador","GPH","390","Denmark","GPH",71174.3772241993,"390",NA,NA,NA,NA,NA,"ok",NA
"42->615",1954,"615","Algeria (Regency of Algiers)","GPH","42","Dominican Republic (Santo Domingo)","GPH",177935.943060498,"42",NA,NA,NA,NA,NA,"ok",NA
"2->92",1954,"92","El Salvador","GPH","2","United States of America","GPH",14946619.2170819,"2",NA,NA,NA,NA,NA,"ok",NA
"2->380",1954,"380","Sweden","GPH","2","United States of America","GPH",43060498.2206406,"2",NA,NA,NA,NA,NA,"ok",NA
"2->150",1954,"150","Paraguay","GPH","2","United States of America","GPH",2491103.20284698,"2",NA,NA,NA,NA,NA,"ok",NA
"2->640",1954,"640","Turkey (Ottoman Empire)","GPH","2","United States of America","GPH",91459074.7330961,"2",NA,NA,NA,NA,NA,"ok",NA
"390->150",1954,"150","Paraguay","GPH","390","Denmark","GPH",35587.1886120996,"390",NA,NA,NA,NA,NA,"ok",NA
"2->90",1954,"90","Guatemala","GPH","2","United States of America","GPH",17437722.4199288,"2",NA,NA,NA,NA,NA,"ok",NA
"2->325",1954,"325","Italy","GPH","2","United States of America","GPH",186120996.441281,"2",NA,NA,NA,NA,NA,"ok",NA
"2->220",1954,"220","France","GPH","2","United States of America","GPH",275444839.857651,"2",NA,NA,NA,NA,NA,"ok",NA
"2->290",1954,"290","Poland","GPH","2","United States of America","GPH",711743.772241993,"2",NA,NA,NA,NA,NA,"ok",NA
"2->225",1954,"225","Switzerland","GPH","2","United States of America","GPH",55516014.2348754,"2",NA,NA,NA,NA,NA,"ok",NA
"385->380",1954,"380","Sweden","GPH","385","Norway","GPH",19750889.6797153,"385",NA,NA,NA,NA,NA,"ok",NA
"385->800",1954,"800","Thailand (Siam)","GPH","385","Norway","GPH",355871.886120996,"385",NA,NA,NA,NA,NA,"ok",NA
"385->135",1954,"135","Peru","GPH","385","Norway","GPH",284697.508896797,"385",NA,NA,NA,NA,NA,"ok",NA
"390->645",1954,"645","Iraq (Mesopotamia)","GPH","390","Denmark","GPH",427046.263345196,"390",NA,NA,NA,NA,NA,"ok",NA
"385->713",1954,"713","Republic of China (Taiwan) (Formosa)","GPH","385","Norway","GPH",35587.1886120996,"385",NA,NA,NA,NA,NA,"ok",NA
"385->630",1954,"630","Iran (Persia)","GPH","385","Norway","GPH",71174.3772241993,"385",NA,NA,NA,NA,NA,"ok",NA
"385->360",1954,"360","Romania","GPH","385","Norway","GPH",533807.829181495,"385",NA,NA,NA,NA,NA,"ok",NA
"530->385",1954,"385","Norway","GPH","530","Ethiopia (Abyssinia)","GPH",71174.3772241993,"530",NA,NA,NA,NA,NA,"ok",NA
"2->94",1954,"94","Costa Rica","GPH","2","United States of America","GPH",14946619.2170819,"2",NA,NA,NA,NA,NA,"ok",NA
"385->235",1954,"235","Portugal","GPH","385","Norway","GPH",1032028.46975089,"385",NA,NA,NA,NA,NA,"ok",NA
"385->640",1954,"640","Turkey (Ottoman Empire)","GPH","385","Norway","GPH",177935.943060498,"385",NA,NA,NA,NA,NA,"ok",NA
"385->145",1954,"145","Bolivia","GPH","385","Norway","GPH",71174.3772241993,"385",NA,NA,NA,NA,NA,"ok",NA
"385->625",1954,"625","Sudan (Anglo-Egyptian Sudan) (Mahdist State)","GPH","385","Norway","GPH",249110.320284698,"385",NA,NA,NA,NA,NA,"ok",NA
"600->165",1954,"165","Uruguay","GPH","600","Morocco","GPH",106761.565836299,"600",NA,NA,NA,NA,NA,"ok",NA
"385->2",1954,"2","United States of America","GPH","385","Norway","GPH",17900355.8718861,"385",NA,NA,NA,NA,NA,"ok",NA
"385->840",1954,"840","Philippines","GPH","385","Norway","GPH",71174.3772241993,"385",NA,NA,NA,NA,NA,"ok",NA
"92->94",1954,"94","Costa Rica","GPH","92","El Salvador","GPH",35587.1886120996,"92",NA,NA,NA,NA,NA,"ok",NA
"92->41",1954,"41","Haiti","GPH","92","El Salvador","GPH",35587.1886120996,"92",NA,NA,NA,NA,NA,"ok",NA
"770->560",1954,"560","South Africa","GPH","770","Pakistan","GPH",2669039.14590747,"770",NA,NA,NA,NA,NA,"ok",NA
"385->775",1954,"775","Myanmar (Burma)","GPH","385","Norway","GPH",284697.508896797,"385",NA,NA,NA,NA,NA,"ok",NA
"385->350",1954,"350","Greece","GPH","385","Norway","GPH",284697.508896797,"385",NA,NA,NA,NA,NA,"ok",NA
"2->310",1954,"310","Hungary","GPH","2","United States of America","GPH",1067615.65836299,"2",NA,NA,NA,NA,NA,"ok",NA
"2->305",1954,"305","Austria","GPH","2","United States of America","GPH",13167259.7864769,"2",NA,NA,NA,NA,NA,"ok",NA
"2->130",1954,"130","Ecuador","GPH","2","United States of America","GPH",18861209.9644128,"2",NA,NA,NA,NA,NA,"ok",NA
"2->101",1954,"101","Venezuela","GPH","2","United States of America","GPH",196797153.024911,"2",NA,NA,NA,NA,NA,"ok",NA
"2->840",1954,"840","Philippines","GPH","2","United States of America","GPH",124199288.256228,"2",NA,NA,NA,NA,NA,"ok",NA
"390->660",1954,"660","Lebanon","GPH","390","Denmark","GPH",320284.697508897,"390",NA,NA,NA,NA,NA,"ok",NA
"770->230",1954,"230","Spain","GPH","770","Pakistan","GPH",1032028.46975089,"770",NA,NA,NA,NA,NA,"ok",NA
"840->732",1954,"732","South Korea (Republic of South Korea)","GPH","840","Philippines","GPH",854092.526690391,"840",NA,NA,NA,NA,NA,"ok",NA
"385->780",1954,"780","Sri Lanka (Ceylon)","GPH","385","Norway","GPH",177935.943060498,"385",NA,NA,NA,NA,NA,"ok",NA
"385->42",1954,"42","Dominican Republic (Santo Domingo)","GPH","385","Norway","GPH",35587.1886120996,"385",NA,NA,NA,NA,NA,"ok",NA
"385->100",1954,"100","Colombia (New Granada) (Gran Colombia)","GPH","385","Norway","GPH",427046.263345196,"385",NA,NA,NA,NA,NA,"ok",NA
"2->115",1954,"115","Surinam (Dutch Guiana)","GPH","2","United States of America","GPH",3202846.97508897,"2",NA,NA,NA,NA,NA,"ok",NA
"2->20",1954,"20","Canada (Province of Canada)","GPH","2","United States of America","GPH",1049822064.05694,"2",NA,NA,NA,NA,NA,"ok",NA
"41->255",1954,"255","Germany (Zollverein)","GPH","41","Haiti","GPH",142348.754448399,"41",NA,NA,NA,NA,NA,"ok",NA
"2->651",1954,"651","Egypt Arab Republic (Egypt)","GPH","2","United States of America","GPH",14590747.3309609,"2",NA,NA,NA,NA,NA,"ok",NA
"385->720",1954,"720","Hong Kong","GPH","385","Norway","GPH",391459.074733096,"385",NA,NA,NA,NA,NA,"ok",NA
"385->290",1954,"290","Poland","GPH","385","Norway","GPH",1743772.24199288,"385",NA,NA,NA,NA,NA,"ok",NA
"385->225",1954,"225","Switzerland","GPH","385","Norway","GPH",1245551.60142349,"385",NA,NA,NA,NA,NA,"ok",NA
"385->560",1954,"560","South Africa","GPH","385","Norway","GPH",1957295.37366548,"385",NA,NA,NA,NA,NA,"ok",NA
"2->732",1954,"732","South Korea (Republic of South Korea)","GPH","2","United States of America","GPH",32028469.7508897,"2",NA,NA,NA,NA,NA,"ok",NA
"2->775",1954,"775","Myanmar (Burma)","GPH","2","United States of America","GPH",2135231.31672598,"2",NA,NA,NA,NA,NA,"ok",NA
"101->165",1954,"165","Uruguay","GPH","101","Venezuela","GPH",4412811.38790036,"101",NA,NA,NA,NA,NA,"ok",NA
"840->560",1954,"560","South Africa","GPH","840","Philippines","GPH",498220.640569395,"840",NA,NA,NA,NA,NA,"ok",NA
"41->380",1954,"380","Sweden","GPH","41","Haiti","GPH",320284.697508897,"41",NA,NA,NA,NA,NA,"ok",NA
"590->200",1954,"200","United Kingdom","GPH","590","Mauritius","GPH",14768683.2740214,"590",NA,NA,NA,NA,NA,"ok",NA
"135->95",1954,"95","Panama","GPH","135","Peru","GPH",35587.1886120996,"135",NA,NA,NA,NA,NA,"ok",NA
"600->40",1954,"40","Cuba","GPH","600","Morocco","GPH",71174.3772241993,"600",NA,NA,NA,NA,NA,"ok",NA
"2->616",1954,"616","Tunisia (Regency of Tunis)","GPH","2","United States of America","GPH",2135231.31672598,"2",NA,NA,NA,NA,NA,"ok",NA
"40->68",1954,"68","Netherlands Antilles","GPH","40","Cuba","GPH",142348.754448399,"40",NA,NA,NA,NA,NA,"ok",NA
"40->101",1954,"101","Venezuela","GPH","40","Cuba","GPH",1032028.46975089,"40",NA,NA,NA,NA,NA,"ok",NA
"750->51",1954,"51","Jamaica","GPH","750","India","GPH",462633.451957295,"750",NA,NA,NA,NA,NA,"ok",NA
"40->732",1954,"732","South Korea (Republic of South Korea)","GPH","40","Cuba","GPH",391459.074733096,"40",NA,NA,NA,NA,NA,"ok",NA
"750->205",1954,"205","Ireland","GPH","750","India","GPH",5195729.53736655,"750",NA,NA,NA,NA,NA,"ok",NA
"452->200",1954,"200","United Kingdom","GPH","452","Ghana (Gold Coast)","GPH",46014234.8754448,"452",NA,NA,NA,NA,NA,"ok",NA
"540->390",1954,"390","Denmark","GPH","540","Angola","GPH",249110.320284698,"540",NA,NA,NA,NA,NA,"ok",NA
"130->160",1954,"160","Argentina (La Plata)","GPH","130","Ecuador","GPH",569395.017793594,"130",NA,NA,NA,NA,NA,"ok",NA
"625->530",1954,"530","Ethiopia (Abyssinia)","GPH","625","Sudan (Anglo-Egyptian Sudan) (Mahdist State)","GPH",391459.074733096,"625",NA,NA,NA,NA,NA,"ok",NA
"52->160",1954,"160","Argentina (La Plata)","GPH","52","Trinidad and Tobago","GPH",142348.754448399,"52",NA,NA,NA,NA,NA,"ok",NA
"651->360",1954,"360","Romania","GPH","651","Egypt Arab Republic (Egypt)","GPH",2740213.52313167,"651",NA,NA,NA,NA,NA,"ok",NA
"541->380",1954,"380","Sweden","GPH","541","Mozambique (Portuguese East Africa)","GPH",213523.131672598,"541",NA,NA,NA,NA,NA,"ok",NA
"512->325",1954,"325","Italy","GPH","512","Tanzania (Tanganyika)","GPH",1565836.29893238,"512",NA,NA,NA,NA,NA,"ok",NA
"850->235",1954,"235","Portugal","GPH","850","Indonesia (Dutch East Indies)","GPH",142348.754448399,"850",NA,NA,NA,NA,NA,"ok",NA
"541->225",1954,"225","Switzerland","GPH","541","Mozambique (Portuguese East Africa)","GPH",35587.1886120996,"541",NA,NA,NA,NA,NA,"ok",NA
"625->220",1954,"220","France","GPH","625","Sudan (Anglo-Egyptian Sudan) (Mahdist State)","GPH",2277580.07117438,"625",NA,NA,NA,NA,NA,"ok",NA
"850->625",1954,"625","Sudan (Anglo-Egyptian Sudan) (Mahdist State)","GPH","850","Indonesia (Dutch East Indies)","GPH",498220.640569395,"850",NA,NA,NA,NA,NA,"ok",NA
"52->20",1954,"20","Canada (Province of Canada)","GPH","52","Trinidad and Tobago","GPH",3238434.16370107,"52",NA,NA,NA,NA,NA,"ok",NA
"92->380",1954,"380","Sweden","GPH","92","El Salvador","GPH",320284.697508897,"92",NA,NA,NA,NA,NA,"ok",NA
"780->475",1954,"475","Nigeria","GPH","780","Sri Lanka (Ceylon)","GPH",35587.1886120996,"780",NA,NA,NA,NA,NA,"ok",NA
"541->552",1954,"552","Zimbabwe (Rhodesia) (Southern Rhodesia)","GPH","541","Mozambique (Portuguese East Africa)","GPH",711743.772241993,"541",NA,NA,NA,NA,NA,"ok",NA
"225->616",1954,"616","Tunisia (Regency of Tunis)","GPH","225","Switzerland","GPH",320284.697508897,"225",NA,NA,NA,NA,NA,"ok",NA
"850->385",1954,"385","Norway","GPH","850","Indonesia (Dutch East Indies)","GPH",782918.149466192,"850",NA,NA,NA,NA,NA,"ok",NA
"850->350",1954,"350","Greece","GPH","850","Indonesia (Dutch East Indies)","GPH",106761.565836299,"850",NA,NA,NA,NA,NA,"ok",NA
"651->385",1954,"385","Norway","GPH","651","Egypt Arab Republic (Egypt)","GPH",249110.320284698,"651",NA,NA,NA,NA,NA,"ok",NA
"660->670",1954,"670","Saudi Arabia (Emirate of Nejd) (Emirate of Diriyah)","GPH","660","Lebanon","GPH",1316725.97864769,"660",NA,NA,NA,NA,NA,"ok",NA
"780->710",1954,"710","People's Republic of China (China)","GPH","780","Sri Lanka (Ceylon)","GPH",16548042.7046263,"780",NA,NA,NA,NA,NA,"ok",NA
"780->530",1954,"530","Ethiopia (Abyssinia)","GPH","780","Sri Lanka (Ceylon)","GPH",142348.754448399,"780",NA,NA,NA,NA,NA,"ok",NA
"225->780",1954,"780","Sri Lanka (Ceylon)","GPH","225","Switzerland","GPH",533807.829181495,"225",NA,NA,NA,NA,NA,"ok",NA
"651->20",1954,"20","Canada (Province of Canada)","GPH","651","Egypt Arab Republic (Egypt)","GPH",142348.754448399,"651",NA,NA,NA,NA,NA,"ok",NA
"651->160",1954,"160","Argentina (La Plata)","GPH","651","Egypt Arab Republic (Egypt)","GPH",35587.1886120996,"651",NA,NA,NA,NA,NA,"ok",NA
"475->750",1954,"750","India","GPH","475","Nigeria","GPH",427046.263345196,"475",NA,NA,NA,NA,NA,"ok",NA
"770->160",1954,"160","Argentina (La Plata)","GPH","770","Pakistan","GPH",1032028.46975089,"770",NA,NA,NA,NA,NA,"ok",NA
"52->101",1954,"101","Venezuela","GPH","52","Trinidad and Tobago","GPH",71174.3772241993,"52",NA,NA,NA,NA,NA,"ok",NA
"780->630",1954,"630","Iran (Persia)","GPH","780","Sri Lanka (Ceylon)","GPH",640569.395017794,"780",NA,NA,NA,NA,NA,"ok",NA
"512->530",1954,"530","Ethiopia (Abyssinia)","GPH","512","Tanzania (Tanganyika)","GPH",35587.1886120996,"512",NA,NA,NA,NA,NA,"ok",NA
"540->220",1954,"220","France","GPH","540","Angola","GPH",1174377.22419929,"540",NA,NA,NA,NA,NA,"ok",NA
"51->52",1954,"52","Trinidad and Tobago","GPH","51","Jamaica","GPH",106761.565836299,"51",NA,NA,NA,NA,NA,"ok",NA
"540->360",1954,"360","Romania","GPH","540","Angola","GPH",35587.1886120996,"540",NA,NA,NA,NA,NA,"ok",NA
"540->560",1954,"560","South Africa","GPH","540","Angola","GPH",533807.829181495,"540",NA,NA,NA,NA,NA,"ok",NA
"540->541",1954,"541","Mozambique (Portuguese East Africa)","GPH","540","Angola","GPH",320284.697508897,"540",NA,NA,NA,NA,NA,"ok",NA
"160->2",1954,"2","United States of America","GPH","160","Argentina (La Plata)","GPH",43558718.86121,"160",NA,NA,NA,NA,NA,"ok",NA
"750->500",1954,"500","Uganda","GPH","750","India","GPH",604982.206405694,"750",NA,NA,NA,NA,NA,"ok",NA
"40->750",1954,"750","India","GPH","40","Cuba","GPH",8540925.26690391,"40",NA,NA,NA,NA,NA,"ok",NA
"475->2",1954,"2","United States of America","GPH","475","Nigeria","GPH",15658362.9893238,"475",NA,NA,NA,NA,NA,"ok",NA
"780->210",1954,"210","Netherlands","GPH","780","Sri Lanka (Ceylon)","GPH",3131672.59786477,"780",NA,NA,NA,NA,NA,"ok",NA
"590->2",1954,"2","United States of America","GPH","590","Mauritius","GPH",106761.565836299,"590",NA,NA,NA,NA,NA,"ok",NA
"780->645",1954,"645","Iraq (Mesopotamia)","GPH","780","Sri Lanka (Ceylon)","GPH",5409252.66903915,"780",NA,NA,NA,NA,NA,"ok",NA
"780->600",1954,"600","Morocco","GPH","780","Sri Lanka (Ceylon)","GPH",71174.3772241993,"780",NA,NA,NA,NA,NA,"ok",NA
"40->160",1954,"160","Argentina (La Plata)","GPH","40","Cuba","GPH",35587.1886120996,"40",NA,NA,NA,NA,NA,"ok",NA
"780->920",1954,"920","New Zealand","GPH","780","Sri Lanka (Ceylon)","GPH",3060498.22064057,"780",NA,NA,NA,NA,NA,"ok",NA
"475->451",1954,"451","Sierra Leone","GPH","475","Nigeria","GPH",177935.943060498,"475",NA,NA,NA,NA,NA,"ok",NA
"92->740",1954,"740","Japan","GPH","92","El Salvador","GPH",676156.583629893,"92",NA,NA,NA,NA,NA,"ok",NA
"770->305",1954,"305","Austria","GPH","770","Pakistan","GPH",355871.886120996,"770",NA,NA,NA,NA,NA,"ok",NA
"165->135",1954,"135","Peru","GPH","165","Uruguay","GPH",106761.565836299,"165",NA,NA,NA,NA,NA,"ok",NA
"512->305",1954,"305","Austria","GPH","512","Tanzania (Tanganyika)","GPH",35587.1886120996,"512",NA,NA,NA,NA,NA,"ok",NA
"165->900",1954,"900","Australia","GPH","165","Uruguay","GPH",284697.508896797,"165",NA,NA,NA,NA,NA,"ok",NA
"780->230",1954,"230","Spain","GPH","780","Sri Lanka (Ceylon)","GPH",71174.3772241993,"780",NA,NA,NA,NA,NA,"ok",NA
"165->210",1954,"210","Netherlands","GPH","165","Uruguay","GPH",11281138.7900356,"165",NA,NA,NA,NA,NA,"ok",NA
"651->720",1954,"720","Hong Kong","GPH","651","Egypt Arab Republic (Egypt)","GPH",782918.149466192,"651",NA,NA,NA,NA,NA,"ok",NA
"600->210",1954,"210","Netherlands","GPH","600","Morocco","GPH",3807829.18149466,"600",NA,NA,NA,NA,NA,"ok",NA
"225->630",1954,"630","Iran (Persia)","GPH","225","Switzerland","GPH",1352313.16725979,"225",NA,NA,NA,NA,NA,"ok",NA
"225->660",1954,"660","Lebanon","GPH","225","Switzerland","GPH",1138790.03558719,"225",NA,NA,NA,NA,NA,"ok",NA
"541->740",1954,"740","Japan","GPH","541","Mozambique (Portuguese East Africa)","GPH",35587.1886120996,"541",NA,NA,NA,NA,NA,"ok",NA
"165->150",1954,"150","Paraguay","GPH","165","Uruguay","GPH",925266.903914591,"165",NA,NA,NA,NA,NA,"ok",NA
"165->640",1954,"640","Turkey (Ottoman Empire)","GPH","165","Uruguay","GPH",498220.640569395,"165",NA,NA,NA,NA,NA,"ok",NA
"40->560",1954,"560","South Africa","GPH","40","Cuba","GPH",35587.1886120996,"40",NA,NA,NA,NA,NA,"ok",NA
"616->235",1954,"235","Portugal","GPH","616","Tunisia (Regency of Tunis)","GPH",35587.1886120996,"616",NA,NA,NA,NA,NA,"ok",NA
"475->20",1954,"20","Canada (Province of Canada)","GPH","475","Nigeria","GPH",249110.320284698,"475",NA,NA,NA,NA,NA,"ok",NA
"40->385",1954,"385","Norway","GPH","40","Cuba","GPH",177935.943060498,"40",NA,NA,NA,NA,NA,"ok",NA
"541->235",1954,"235","Portugal","GPH","541","Mozambique (Portuguese East Africa)","GPH",8113879.00355872,"541",NA,NA,NA,NA,NA,"ok",NA
"750->310",1954,"310","Hungary","GPH","750","India","GPH",142348.754448399,"750",NA,NA,NA,NA,NA,"ok",NA
"780->2",1954,"2","United States of America","GPH","780","Sri Lanka (Ceylon)","GPH",8896797.15302491,"780",NA,NA,NA,NA,NA,"ok",NA
"93->255",1954,"255","Germany (Zollverein)","GPH","93","Nicaragua","GPH",3024911.03202847,"93",NA,NA,NA,NA,NA,"ok",NA
"750->840",1954,"840","Philippines","GPH","750","India","GPH",676156.583629893,"750",NA,NA,NA,NA,NA,"ok",NA
"750->475",1954,"475","Nigeria","GPH","750","India","GPH",6441281.13879004,"750",NA,NA,NA,NA,NA,"ok",NA
"225->290",1954,"290","Poland","GPH","225","Switzerland","GPH",1779359.43060498,"225",NA,NA,NA,NA,NA,"ok",NA
"52->100",1954,"100","Colombia (New Granada) (Gran Colombia)","GPH","52","Trinidad and Tobago","GPH",35587.1886120996,"52",NA,NA,NA,NA,NA,"ok",NA
"541->350",1954,"350","Greece","GPH","541","Mozambique (Portuguese East Africa)","GPH",71174.3772241993,"541",NA,NA,NA,NA,NA,"ok",NA
"541->220",1954,"220","France","GPH","541","Mozambique (Portuguese East Africa)","GPH",1281138.79003559,"541",NA,NA,NA,NA,NA,"ok",NA
"780->255",1954,"255","Germany (Zollverein)","GPH","780","Sri Lanka (Ceylon)","GPH",2633451.95729537,"780",NA,NA,NA,NA,NA,"ok",NA
"165->40",1954,"40","Cuba","GPH","165","Uruguay","GPH",106761.565836299,"165",NA,NA,NA,NA,NA,"ok",NA
"615->770",1954,"770","Pakistan","GPH","615","Algeria (Regency of Algiers)","GPH",35587.1886120996,"615",NA,NA,NA,NA,NA,"ok",NA
"92->325",1954,"325","Italy","GPH","92","El Salvador","GPH",177935.943060498,"92",NA,NA,NA,NA,NA,"ok",NA
"850->645",1954,"645","Iraq (Mesopotamia)","GPH","850","Indonesia (Dutch East Indies)","GPH",320284.697508897,"850",NA,NA,NA,NA,NA,"ok",NA
"52->40",1954,"40","Cuba","GPH","52","Trinidad and Tobago","GPH",35587.1886120996,"52",NA,NA,NA,NA,NA,"ok",NA
"750->135",1954,"135","Peru","GPH","750","India","GPH",818505.338078292,"750",NA,NA,NA,NA,NA,"ok",NA
"750->800",1954,"800","Thailand (Siam)","GPH","750","India","GPH",1850533.80782918,"750",NA,NA,NA,NA,NA,"ok",NA
"541->210",1954,"210","Netherlands","GPH","541","Mozambique (Portuguese East Africa)","GPH",1138790.03558719,"541",NA,NA,NA,NA,NA,"ok",NA
"225->150",1954,"150","Paraguay","GPH","225","Switzerland","GPH",249110.320284698,"225",NA,NA,NA,NA,NA,"ok",NA
"225->750",1954,"750","India","GPH","225","Switzerland","GPH",8576512.45551601,"225",NA,NA,NA,NA,NA,"ok",NA
"780->616",1954,"616","Tunisia (Regency of Tunis)","GPH","780","Sri Lanka (Ceylon)","GPH",284697.508896797,"780",NA,NA,NA,NA,NA,"ok",NA
"652->660",1954,"660","Lebanon","GPH","652","Syria","GPH",12775800.7117438,"652",NA,NA,NA,NA,NA,"ok",NA
"652->630",1954,"630","Iran (Persia)","GPH","652","Syria","GPH",427046.263345196,"652",NA,NA,NA,NA,NA,"ok",NA
"780->305",1954,"305","Austria","GPH","780","Sri Lanka (Ceylon)","GPH",35587.1886120996,"780",NA,NA,NA,NA,NA,"ok",NA
"225->70",1954,"70","Mexico","GPH","225","Switzerland","GPH",4982206.40569395,"225",NA,NA,NA,NA,NA,"ok",NA
"225->380",1954,"380","Sweden","GPH","225","Switzerland","GPH",15124555.1601423,"225",NA,NA,NA,NA,NA,"ok",NA
"225->205",1954,"205","Ireland","GPH","225","Switzerland","GPH",960854.09252669,"225",NA,NA,NA,NA,NA,"ok",NA
"471->651",1954,"651","Egypt Arab Republic (Egypt)","GPH","471","Cameroun (French Cameroon)","GPH",71174.3772241993,"471",NA,NA,NA,NA,NA,"ok",NA
"225->530",1954,"530","Ethiopia (Abyssinia)","GPH","225","Switzerland","GPH",106761.565836299,"225",NA,NA,NA,NA,NA,"ok",NA
"652->255",1954,"255","Germany (Zollverein)","GPH","652","Syria","GPH",2775800.71174377,"652",NA,NA,NA,NA,NA,"ok",NA
"652->220",1954,"220","France","GPH","652","Syria","GPH",7188612.09964413,"652",NA,NA,NA,NA,NA,"ok",NA
"130->20",1954,"20","Canada (Province of Canada)","GPH","130","Ecuador","GPH",106761.565836299,"130",NA,NA,NA,NA,NA,"ok",NA
"100->220",1954,"220","France","GPH","100","Colombia (New Granada) (Gran Colombia)","GPH",925266.903914591,"100",NA,NA,NA,NA,NA,"ok",NA
"850->920",1954,"920","New Zealand","GPH","850","Indonesia (Dutch East Indies)","GPH",782918.149466192,"850",NA,NA,NA,NA,NA,"ok",NA
"42->660",1954,"660","Lebanon","GPH","42","Dominican Republic (Santo Domingo)","GPH",249110.320284698,"42",NA,NA,NA,NA,NA,"ok",NA
"42->225",1954,"225","Switzerland","GPH","42","Dominican Republic (Santo Domingo)","GPH",35587.1886120996,"42",NA,NA,NA,NA,NA,"ok",NA
"850->200",1954,"200","United Kingdom","GPH","850","Indonesia (Dutch East Indies)","GPH",14056939.5017794,"850",NA,NA,NA,NA,NA,"ok",NA
"615->255",1954,"255","Germany (Zollverein)","GPH","615","Algeria (Regency of Algiers)","GPH",2740213.52313167,"615",NA,NA,NA,NA,NA,"ok",NA
"452->255",1954,"255","Germany (Zollverein)","GPH","452","Ghana (Gold Coast)","GPH",15587188.6120996,"452",NA,NA,NA,NA,NA,"ok",NA
"615->600",1954,"600","Morocco","GPH","615","Algeria (Regency of Algiers)","GPH",4341637.01067616,"615",NA,NA,NA,NA,NA,"ok",NA
"200->385",1954,"385","Norway","GPH","200","United Kingdom","GPH",69359430.6049822,"200",NA,NA,NA,NA,NA,"ok",NA
"770->640",1954,"640","Turkey (Ottoman Empire)","GPH","770","Pakistan","GPH",71174.3772241993,"770",NA,NA,NA,NA,NA,"ok",NA
"770->165",1954,"165","Uruguay","GPH","770","Pakistan","GPH",35587.1886120996,"770",NA,NA,NA,NA,NA,"ok",NA
"42->91",1954,"91","Honduras","GPH","42","Dominican Republic (Santo Domingo)","GPH",71174.3772241993,"42",NA,NA,NA,NA,NA,"ok",NA
"42->210",1954,"210","Netherlands","GPH","42","Dominican Republic (Santo Domingo)","GPH",1423487.54448399,"42",NA,NA,NA,NA,NA,"ok",NA
"385->670",1954,"670","Saudi Arabia (Emirate of Nejd) (Emirate of Diriyah)","GPH","385","Norway","GPH",71174.3772241993,"385",NA,NA,NA,NA,NA,"ok",NA
"385->375",1954,"375","Finland","GPH","385","Norway","GPH",4412811.38790036,"385",NA,NA,NA,NA,NA,"ok",NA
"160->140",1954,"140","Brazil","GPH","160","Argentina (La Plata)","GPH",32953736.6548043,"160",NA,NA,NA,NA,NA,"ok",NA
"385->165",1954,"165","Uruguay","GPH","385","Norway","GPH",213523.131672598,"385",NA,NA,NA,NA,NA,"ok",NA
"385->390",1954,"390","Denmark","GPH","385","Norway","GPH",13701067.6156584,"385",NA,NA,NA,NA,NA,"ok",NA
"385->51",1954,"51","Jamaica","GPH","385","Norway","GPH",71174.3772241993,"385",NA,NA,NA,NA,NA,"ok",NA
"651->800",1954,"800","Thailand (Siam)","GPH","651","Egypt Arab Republic (Egypt)","GPH",35587.1886120996,"651",NA,NA,NA,NA,NA,"ok",NA
"385->200",1954,"200","United Kingdom","GPH","385","Norway","GPH",39644128.113879,"385",NA,NA,NA,NA,NA,"ok",NA
"770->210",1954,"210","Netherlands","GPH","770","Pakistan","GPH",1530249.11032028,"770",NA,NA,NA,NA,NA,"ok",NA
"590->780",1954,"780","Sri Lanka (Ceylon)","GPH","590","Mauritius","GPH",1387900.35587189,"590",NA,NA,NA,NA,NA,"ok",NA
"770->255",1954,"255","Germany (Zollverein)","GPH","770","Pakistan","GPH",9252669.03914591,"770",NA,NA,NA,NA,NA,"ok",NA
"160->100",1954,"100","Colombia (New Granada) (Gran Colombia)","GPH","160","Argentina (La Plata)","GPH",142348.754448399,"160",NA,NA,NA,NA,NA,"ok",NA
"130->100",1954,"100","Colombia (New Granada) (Gran Colombia)","GPH","130","Ecuador","GPH",2775800.71174377,"130",NA,NA,NA,NA,NA,"ok",NA
"130->560",1954,"560","South Africa","GPH","130","Ecuador","GPH",71174.3772241993,"130",NA,NA,NA,NA,NA,"ok",NA
"385->95",1954,"95","Panama","GPH","385","Norway","GPH",1067615.65836299,"385",NA,NA,NA,NA,NA,"ok",NA
"385->580",1954,"580","Madagascar (Malagasy Republic)","GPH","385","Norway","GPH",35587.1886120996,"385",NA,NA,NA,NA,NA,"ok",NA
"660->210",1954,"210","Netherlands","GPH","660","Lebanon","GPH",142348.754448399,"660",NA,NA,NA,NA,NA,"ok",NA
"452->380",1954,"380","Sweden","GPH","452","Ghana (Gold Coast)","GPH",1459074.73309609,"452",NA,NA,NA,NA,NA,"ok",NA
"615->305",1954,"305","Austria","GPH","615","Algeria (Regency of Algiers)","GPH",355871.886120996,"615",NA,NA,NA,NA,NA,"ok",NA
"512->541",1954,"541","Mozambique (Portuguese East Africa)","GPH","512","Tanzania (Tanganyika)","GPH",35587.1886120996,"512",NA,NA,NA,NA,NA,"ok",NA
"512->750",1954,"750","India","GPH","512","Tanzania (Tanganyika)","GPH",1850533.80782918,"512",NA,NA,NA,NA,NA,"ok",NA
"130->220",1954,"220","France","GPH","130","Ecuador","GPH",498220.640569395,"130",NA,NA,NA,NA,NA,"ok",NA
"512->350",1954,"350","Greece","GPH","512","Tanzania (Tanganyika)","GPH",106761.565836299,"512",NA,NA,NA,NA,NA,"ok",NA
"160->205",1954,"205","Ireland","GPH","160","Argentina (La Plata)","GPH",1174377.22419929,"160",NA,NA,NA,NA,NA,"ok",NA
"160->150",1954,"150","Paraguay","GPH","160","Argentina (La Plata)","GPH",3523131.67259786,"160",NA,NA,NA,NA,NA,"ok",NA
"42->20",1954,"20","Canada (Province of Canada)","GPH","42","Dominican Republic (Santo Domingo)","GPH",71174.3772241993,"42",NA,NA,NA,NA,NA,"ok",NA
"452->750",1954,"750","India","GPH","452","Ghana (Gold Coast)","GPH",35587.1886120996,"452",NA,NA,NA,NA,NA,"ok",NA
"600->390",1954,"390","Denmark","GPH","600","Morocco","GPH",1672597.86476868,"600",NA,NA,NA,NA,NA,"ok",NA
"600->200",1954,"200","United Kingdom","GPH","600","Morocco","GPH",7153024.91103203,"600",NA,NA,NA,NA,NA,"ok",NA
"660->2",1954,"2","United States of America","GPH","660","Lebanon","GPH",711743.772241993,"660",NA,NA,NA,NA,NA,"ok",NA
"385->740",1954,"740","Japan","GPH","385","Norway","GPH",106761.565836299,"385",NA,NA,NA,NA,NA,"ok",NA
"385->101",1954,"101","Venezuela","GPH","385","Norway","GPH",462633.451957295,"385",NA,NA,NA,NA,NA,"ok",NA
"600->350",1954,"350","Greece","GPH","600","Morocco","GPH",35587.1886120996,"600",NA,NA,NA,NA,NA,"ok",NA
"600->750",1954,"750","India","GPH","600","Morocco","GPH",71174.3772241993,"600",NA,NA,NA,NA,NA,"ok",NA
"600->230",1954,"230","Spain","GPH","600","Morocco","GPH",2313167.25978648,"600",NA,NA,NA,NA,NA,"ok",NA
"130->200",1954,"200","United Kingdom","GPH","130","Ecuador","GPH",249110.320284698,"130",NA,NA,NA,NA,NA,"ok",NA
"130->390",1954,"390","Denmark","GPH","130","Ecuador","GPH",35587.1886120996,"130",NA,NA,NA,NA,NA,"ok",NA
"130->165",1954,"165","Uruguay","GPH","130","Ecuador","GPH",106761.565836299,"130",NA,NA,NA,NA,NA,"ok",NA
"580->616",1954,"616","Tunisia (Regency of Tunis)","GPH","580","Madagascar (Malagasy Republic)","GPH",71174.3772241993,"580",NA,NA,NA,NA,NA,"ok",NA
"100->390",1954,"390","Denmark","GPH","100","Colombia (New Granada) (Gran Colombia)","GPH",284697.508896797,"100",NA,NA,NA,NA,NA,"ok",NA
"100->165",1954,"165","Uruguay","GPH","100","Colombia (New Granada) (Gran Colombia)","GPH",142348.754448399,"100",NA,NA,NA,NA,NA,"ok",NA
"452->390",1954,"390","Denmark","GPH","452","Ghana (Gold Coast)","GPH",391459.074733096,"452",NA,NA,NA,NA,NA,"ok",NA
"452->165",1954,"165","Uruguay","GPH","452","Ghana (Gold Coast)","GPH",35587.1886120996,"452",NA,NA,NA,NA,NA,"ok",NA
"100->200",1954,"200","United Kingdom","GPH","100","Colombia (New Granada) (Gran Colombia)","GPH",462633.451957295,"100",NA,NA,NA,NA,NA,"ok",NA
"615->325",1954,"325","Italy","GPH","615","Algeria (Regency of Algiers)","GPH",1957295.37366548,"615",NA,NA,NA,NA,NA,"ok",NA
"615->350",1954,"350","Greece","GPH","615","Algeria (Regency of Algiers)","GPH",71174.3772241993,"615",NA,NA,NA,NA,NA,"ok",NA
"530->501",1954,"501","Kenya (British East Africa Protectorate)","GPH","530","Ethiopia (Abyssinia)","GPH",35587.1886120996,"530",NA,NA,NA,NA,NA,"ok",NA
"615->220",1954,"220","France","GPH","615","Algeria (Regency of Algiers)","GPH",103772241.992883,"615",NA,NA,NA,NA,NA,"ok",NA
"850->380",1954,"380","Sweden","GPH","850","Indonesia (Dutch East Indies)","GPH",1814946.61921708,"850",NA,NA,NA,NA,NA,"ok",NA
"850->70",1954,"70","Mexico","GPH","850","Indonesia (Dutch East Indies)","GPH",889679.715302491,"850",NA,NA,NA,NA,NA,"ok",NA
"615->210",1954,"210","Netherlands","GPH","615","Algeria (Regency of Algiers)","GPH",1601423.48754448,"615",NA,NA,NA,NA,NA,"ok",NA
"615->522",1954,"522","Djibouti (Afar and Issas) (French Somaliland)","GPH","615","Algeria (Regency of Algiers)","GPH",35587.1886120996,"615",NA,NA,NA,NA,NA,"ok",NA
"615->140",1954,"140","Brazil","GPH","615","Algeria (Regency of Algiers)","GPH",213523.131672598,"615",NA,NA,NA,NA,NA,"ok",NA
"615->380",1954,"380","Sweden","GPH","615","Algeria (Regency of Algiers)","GPH",284697.508896797,"615",NA,NA,NA,NA,NA,"ok",NA
"651->40",1954,"40","Cuba","GPH","651","Egypt Arab Republic (Egypt)","GPH",71174.3772241993,"651",NA,NA,NA,NA,NA,"ok",NA
"42->220",1954,"220","France","GPH","42","Dominican Republic (Santo Domingo)","GPH",142348.754448399,"42",NA,NA,NA,NA,NA,"ok",NA
"42->95",1954,"95","Panama","GPH","42","Dominican Republic (Santo Domingo)","GPH",35587.1886120996,"42",NA,NA,NA,NA,NA,"ok",NA
"850->210",1954,"210","Netherlands","GPH","850","Indonesia (Dutch East Indies)","GPH",59822064.0569395,"850",NA,NA,NA,NA,NA,"ok",NA
"850->140",1954,"140","Brazil","GPH","850","Indonesia (Dutch East Indies)","GPH",1174377.22419929,"850",NA,NA,NA,NA,NA,"ok",NA
"590->20",1954,"20","Canada (Province of Canada)","GPH","590","Mauritius","GPH",2989323.84341637,"590",NA,NA,NA,NA,NA,"ok",NA
"512->560",1954,"560","South Africa","GPH","512","Tanzania (Tanganyika)","GPH",1245551.60142349,"512",NA,NA,NA,NA,NA,"ok",NA
"600->900",1954,"900","Australia","GPH","600","Morocco","GPH",35587.1886120996,"600",NA,NA,NA,NA,NA,"ok",NA
"600->615",1954,"615","Algeria (Regency of Algiers)","GPH","600","Morocco","GPH",4448398.57651246,"600",NA,NA,NA,NA,NA,"ok",NA
"850->740",1954,"740","Japan","GPH","850","Indonesia (Dutch East Indies)","GPH",17935943.0604982,"850",NA,NA,NA,NA,NA,"ok",NA
"100->130",1954,"130","Ecuador","GPH","100","Colombia (New Granada) (Gran Colombia)","GPH",177935.943060498,"100",NA,NA,NA,NA,NA,"ok",NA
"385->732",1954,"732","South Korea (Republic of South Korea)","GPH","385","Norway","GPH",71174.3772241993,"385",NA,NA,NA,NA,NA,"ok",NA
"200->960",1954,"960","French Polynesia","GPH","200","United Kingdom","GPH",213523.131672598,"200",NA,NA,NA,NA,NA,"ok",NA
"580->850",1954,"850","Indonesia (Dutch East Indies)","GPH","580","Madagascar (Malagasy Republic)","GPH",818505.338078292,"580",NA,NA,NA,NA,NA,"ok",NA
"580->2",1954,"2","United States of America","GPH","580","Madagascar (Malagasy Republic)","GPH",3487544.48398576,"580",NA,NA,NA,NA,NA,"ok",NA
"850->2",1954,"2","United States of America","GPH","850","Indonesia (Dutch East Indies)","GPH",52882562.2775801,"850",NA,NA,NA,NA,NA,"ok",NA
"850->840",1954,"840","Philippines","GPH","850","Indonesia (Dutch East Indies)","GPH",3701067.61565836,"850",NA,NA,NA,NA,NA,"ok",NA
"600->580",1954,"580","Madagascar (Malagasy Republic)","GPH","600","Morocco","GPH",177935.943060498,"600",NA,NA,NA,NA,NA,"ok",NA
"100->385",1954,"385","Norway","GPH","100","Colombia (New Granada) (Gran Colombia)","GPH",71174.3772241993,"100",NA,NA,NA,NA,NA,"ok",NA
"100->94",1954,"94","Costa Rica","GPH","100","Colombia (New Granada) (Gran Colombia)","GPH",106761.565836299,"100",NA,NA,NA,NA,NA,"ok",NA
"100->91",1954,"91","Honduras","GPH","100","Colombia (New Granada) (Gran Colombia)","GPH",35587.1886120996,"100",NA,NA,NA,NA,NA,"ok",NA
"100->600",1954,"600","Morocco","GPH","100","Colombia (New Granada) (Gran Colombia)","GPH",35587.1886120996,"100",NA,NA,NA,NA,NA,"ok",NA
"2->625",1954,"625","Sudan (Anglo-Egyptian Sudan) (Mahdist State)","GPH","2","United States of America","GPH",355871.886120996,"2",NA,NA,NA,NA,NA,"ok",NA
"770->750",1954,"750","India","GPH","770","Pakistan","GPH",11637010.6761566,"770",NA,NA,NA,NA,NA,"ok",NA
"770->541",1954,"541","Mozambique (Portuguese East Africa)","GPH","770","Pakistan","GPH",35587.1886120996,"770",NA,NA,NA,NA,NA,"ok",NA
"840->651",1954,"651","Egypt Arab Republic (Egypt)","GPH","840","Philippines","GPH",35587.1886120996,"840",NA,NA,NA,NA,NA,"ok",NA
"2->522",1954,"522","Djibouti (Afar and Issas) (French Somaliland)","GPH","2","United States of America","GPH",355871.886120996,"2",NA,NA,NA,NA,NA,"ok",NA
"2->490",1954,"490","Democratic Republic of the Congo (Zaire) (Kinshasa) (Belgian Congo) (Congo Free State)","GPH","2","United States of America","GPH",18505338.0782918,"2",NA,NA,NA,NA,NA,"ok",NA
"540->380",1954,"380","Sweden","GPH","540","Angola","GPH",284697.508896797,"540",NA,NA,NA,NA,NA,"ok",NA
"850->220",1954,"220","France","GPH","850","Indonesia (Dutch East Indies)","GPH",3060498.22064057,"850",NA,NA,NA,NA,NA,"ok",NA
"160->375",1954,"375","Finland","GPH","160","Argentina (La Plata)","GPH",5373665.48042705,"160",NA,NA,NA,NA,NA,"ok",NA
"160->235",1954,"235","Portugal","GPH","160","Argentina (La Plata)","GPH",71174.3772241993,"160",NA,NA,NA,NA,NA,"ok",NA
"130->2",1954,"2","United States of America","GPH","130","Ecuador","GPH",23024911.0320285,"130",NA,NA,NA,NA,NA,"ok",NA
"530->225",1954,"225","Switzerland","GPH","530","Ethiopia (Abyssinia)","GPH",106761.565836299,"530",NA,NA,NA,NA,NA,"ok",NA
"512->920",1954,"920","New Zealand","GPH","512","Tanzania (Tanganyika)","GPH",106761.565836299,"512",NA,NA,NA,NA,NA,"ok",NA
"850->800",1954,"800","Thailand (Siam)","GPH","850","Indonesia (Dutch East Indies)","GPH",2989323.84341637,"850",NA,NA,NA,NA,NA,"ok",NA
"651->220",1954,"220","France","GPH","651","Egypt Arab Republic (Egypt)","GPH",16263345.1957295,"651",NA,NA,NA,NA,NA,"ok",NA
"651->290",1954,"290","Poland","GPH","651","Egypt Arab Republic (Egypt)","GPH",2455516.01423488,"651",NA,NA,NA,NA,NA,"ok",NA
"615->360",1954,"360","Romania","GPH","615","Algeria (Regency of Algiers)","GPH",35587.1886120996,"615",NA,NA,NA,NA,NA,"ok",NA
"91->325",1954,"325","Italy","GPH","91","Honduras","GPH",35587.1886120996,"91",NA,NA,NA,NA,NA,"ok",NA
"615->235",1954,"235","Portugal","GPH","615","Algeria (Regency of Algiers)","GPH",106761.565836299,"615",NA,NA,NA,NA,NA,"ok",NA
"615->20",1954,"20","Canada (Province of Canada)","GPH","615","Algeria (Regency of Algiers)","GPH",71174.3772241993,"615",NA,NA,NA,NA,NA,"ok",NA
"100->225",1954,"225","Switzerland","GPH","100","Colombia (New Granada) (Gran Colombia)","GPH",249110.320284698,"100",NA,NA,NA,NA,NA,"ok",NA
"850->640",1954,"640","Turkey (Ottoman Empire)","GPH","850","Indonesia (Dutch East Indies)","GPH",35587.1886120996,"850",NA,NA,NA,NA,NA,"ok",NA
"130->95",1954,"95","Panama","GPH","130","Ecuador","GPH",106761.565836299,"130",NA,NA,NA,NA,NA,"ok",NA
"600->385",1954,"385","Norway","GPH","600","Morocco","GPH",533807.829181495,"600",NA,NA,NA,NA,NA,"ok",NA
"600->713",1954,"713","Republic of China (Taiwan) (Formosa)","GPH","600","Morocco","GPH",35587.1886120996,"600",NA,NA,NA,NA,NA,"ok",NA
"600->155",1954,"155","Chile","GPH","600","Morocco","GPH",71174.3772241993,"600",NA,NA,NA,NA,NA,"ok",NA
"130->652",1954,"652","Syria","GPH","130","Ecuador","GPH",106761.565836299,"130",NA,NA,NA,NA,NA,"ok",NA
"41->325",1954,"325","Italy","GPH","41","Haiti","GPH",1387900.35587189,"41",NA,NA,NA,NA,NA,"ok",NA
"600->2",1954,"2","United States of America","GPH","600","Morocco","GPH",4163701.06761566,"600",NA,NA,NA,NA,NA,"ok",NA
"850->720",1954,"720","Hong Kong","GPH","850","Indonesia (Dutch East Indies)","GPH",14234875.4448399,"850",NA,NA,NA,NA,NA,"ok",NA
"651->390",1954,"390","Denmark","GPH","651","Egypt Arab Republic (Egypt)","GPH",498220.640569395,"651",NA,NA,NA,NA,NA,"ok",NA
"770->385",1954,"385","Norway","GPH","770","Pakistan","GPH",71174.3772241993,"770",NA,NA,NA,NA,NA,"ok",NA
"385->40",1954,"40","Cuba","GPH","385","Norway","GPH",818505.338078292,"385",NA,NA,NA,NA,NA,"ok",NA
"385->920",1954,"920","New Zealand","GPH","385","Norway","GPH",854092.526690391,"385",NA,NA,NA,NA,NA,"ok",NA
"600->560",1954,"560","South Africa","GPH","600","Morocco","GPH",1459074.73309609,"600",NA,NA,NA,NA,NA,"ok",NA
"100->41",1954,"41","Haiti","GPH","100","Colombia (New Granada) (Gran Colombia)","GPH",35587.1886120996,"100",NA,NA,NA,NA,NA,"ok",NA
"580->375",1954,"375","Finland","GPH","580","Madagascar (Malagasy Republic)","GPH",71174.3772241993,"580",NA,NA,NA,NA,NA,"ok",NA
"600->490",1954,"490","Democratic Republic of the Congo (Zaire) (Kinshasa) (Belgian Congo) (Congo Free State)","GPH","600","Morocco","GPH",35587.1886120996,"600",NA,NA,NA,NA,NA,"ok",NA
"540->305",1954,"305","Austria","GPH","540","Angola","GPH",106761.565836299,"540",NA,NA,NA,NA,NA,"ok",NA
"2->740",1954,"740","Japan","GPH","2","United States of America","GPH",245907473.309609,"2",NA,NA,NA,NA,NA,"ok",NA
"2->475",1954,"475","Nigeria","GPH","2","United States of America","GPH",3914590.74733096,"2",NA,NA,NA,NA,NA,"ok",NA
"2->960",1954,"960","French Polynesia","GPH","2","United States of America","GPH",1779359.43060498,"2",NA,NA,NA,NA,NA,"ok",NA
"840->225",1954,"225","Switzerland","GPH","840","Philippines","GPH",320284.697508897,"840",NA,NA,NA,NA,NA,"ok",NA
"651->652",1954,"652","Syria","GPH","651","Egypt Arab Republic (Egypt)","GPH",854092.526690391,"651",NA,NA,NA,NA,NA,"ok",NA
"580->220",1954,"220","France","GPH","580","Madagascar (Malagasy Republic)","GPH",22669039.1459075,"580",NA,NA,NA,NA,NA,"ok",NA
"660->205",1954,"205","Ireland","GPH","660","Lebanon","GPH",35587.1886120996,"660",NA,NA,NA,NA,NA,"ok",NA
"660->750",1954,"750","India","GPH","660","Lebanon","GPH",71174.3772241993,"660",NA,NA,NA,NA,NA,"ok",NA
"385->140",1954,"140","Brazil","GPH","385","Norway","GPH",6690391.45907473,"385",NA,NA,NA,NA,NA,"ok",NA
"840->920",1954,"920","New Zealand","GPH","840","Philippines","GPH",35587.1886120996,"840",NA,NA,NA,NA,NA,"ok",NA
"385->616",1954,"616","Tunisia (Regency of Tunis)","GPH","385","Norway","GPH",35587.1886120996,"385",NA,NA,NA,NA,NA,"ok",NA
"840->850",1954,"850","Indonesia (Dutch East Indies)","GPH","840","Philippines","GPH",71174.3772241993,"840",NA,NA,NA,NA,NA,"ok",NA
"100->615",1954,"615","Algeria (Regency of Algiers)","GPH","100","Colombia (New Granada) (Gran Colombia)","GPH",35587.1886120996,"100",NA,NA,NA,NA,NA,"ok",NA
"640->200",1954,"200","United Kingdom","GPH","640","Turkey (Ottoman Empire)","GPH",8256227.75800712,"640",NA,NA,NA,NA,NA,"ok",NA
"640->255",1954,"255","Germany (Zollverein)","GPH","640","Turkey (Ottoman Empire)","GPH",21281138.7900356,"640",NA,NA,NA,NA,NA,"ok",NA
"130->840",1954,"840","Philippines","GPH","130","Ecuador","GPH",177935.943060498,"130",NA,NA,NA,NA,NA,"ok",NA
"660->380",1954,"380","Sweden","GPH","660","Lebanon","GPH",35587.1886120996,"660",NA,NA,NA,NA,NA,"ok",NA
"41->2",1954,"2","United States of America","GPH","41","Haiti","GPH",8790035.58718861,"41",NA,NA,NA,NA,NA,"ok",NA
"600->375",1954,"375","Finland","GPH","600","Morocco","GPH",391459.074733096,"600",NA,NA,NA,NA,NA,"ok",NA
"775->380",1954,"380","Sweden","GPH","775","Myanmar (Burma)","GPH",71174.3772241993,"775",NA,NA,NA,NA,NA,"ok",NA
"90->155",1954,"155","Chile","GPH","90","Guatemala","GPH",35587.1886120996,"90",NA,NA,NA,NA,NA,"ok",NA
"40->135",1954,"135","Peru","GPH","40","Cuba","GPH",142348.754448399,"40",NA,NA,NA,NA,NA,"ok",NA
"750->130",1954,"130","Ecuador","GPH","750","India","GPH",106761.565836299,"750",NA,NA,NA,NA,NA,"ok",NA
"750->20",1954,"20","Canada (Province of Canada)","GPH","750","India","GPH",11281138.7900356,"750",NA,NA,NA,NA,NA,"ok",NA
"225->90",1954,"90","Guatemala","GPH","225","Switzerland","GPH",320284.697508897,"225",NA,NA,NA,NA,NA,"ok",NA
"780->666",1954,"666","Israel","GPH","780","Sri Lanka (Ceylon)","GPH",284697.508896797,"780",NA,NA,NA,NA,NA,"ok",NA
"165->155",1954,"155","Chile","GPH","165","Uruguay","GPH",71174.3772241993,"165",NA,NA,NA,NA,NA,"ok",NA
"225->305",1954,"305","Austria","GPH","225","Switzerland","GPH",11174377.2241993,"225",NA,NA,NA,NA,NA,"ok",NA
"475->200",1954,"200","United Kingdom","GPH","475","Nigeria","GPH",105943060.498221,"475",NA,NA,NA,NA,NA,"ok",NA
"625->740",1954,"740","Japan","GPH","625","Sudan (Anglo-Egyptian Sudan) (Mahdist State)","GPH",177935.943060498,"625",NA,NA,NA,NA,NA,"ok",NA
"475->651",1954,"651","Egypt Arab Republic (Egypt)","GPH","475","Nigeria","GPH",35587.1886120996,"475",NA,NA,NA,NA,NA,"ok",NA
"165->145",1954,"145","Bolivia","GPH","165","Uruguay","GPH",177935.943060498,"165",NA,NA,NA,NA,NA,"ok",NA
"225->770",1954,"770","Pakistan","GPH","225","Switzerland","GPH",1316725.97864769,"225",NA,NA,NA,NA,NA,"ok",NA
"225->775",1954,"775","Myanmar (Burma)","GPH","225","Switzerland","GPH",925266.903914591,"225",NA,NA,NA,NA,NA,"ok",NA
"652->305",1954,"305","Austria","GPH","652","Syria","GPH",35587.1886120996,"652",NA,NA,NA,NA,NA,"ok",NA
"93->2",1954,"2","United States of America","GPH","93","Nicaragua","GPH",10177935.9430605,"93",NA,NA,NA,NA,NA,"ok",NA
"225->2",1954,"2","United States of America","GPH","225","Switzerland","GPH",53060498.2206406,"225",NA,NA,NA,NA,NA,"ok",NA
"471->2",1954,"2","United States of America","GPH","471","Cameroun (French Cameroon)","GPH",3167259.78647687,"471",NA,NA,NA,NA,NA,"ok",NA
"652->625",1954,"625","Sudan (Anglo-Egyptian Sudan) (Mahdist State)","GPH","652","Syria","GPH",35587.1886120996,"652",NA,NA,NA,NA,NA,"ok",NA
"225->94",1954,"94","Costa Rica","GPH","225","Switzerland","GPH",249110.320284698,"225",NA,NA,NA,NA,NA,"ok",NA
"225->41",1954,"41","Haiti","GPH","225","Switzerland","GPH",213523.131672598,"225",NA,NA,NA,NA,NA,"ok",NA
"225->625",1954,"625","Sudan (Anglo-Egyptian Sudan) (Mahdist State)","GPH","225","Switzerland","GPH",142348.754448399,"225",NA,NA,NA,NA,NA,"ok",NA
"225->220",1954,"220","France","GPH","225","Switzerland","GPH",32704626.3345196,"225",NA,NA,NA,NA,NA,"ok",NA
"225->352",1954,"352","Cyprus","GPH","225","Switzerland","GPH",320284.697508897,"225",NA,NA,NA,NA,NA,"ok",NA
"225->850",1954,"850","Indonesia (Dutch East Indies)","GPH","225","Switzerland","GPH",2811387.90035587,"225",NA,NA,NA,NA,NA,"ok",NA
"225->645",1954,"645","Iraq (Mesopotamia)","GPH","225","Switzerland","GPH",1316725.97864769,"225",NA,NA,NA,NA,NA,"ok",NA
"652->210",1954,"210","Netherlands","GPH","652","Syria","GPH",4234875.44483986,"652",NA,NA,NA,NA,NA,"ok",NA
"225->101",1954,"101","Venezuela","GPH","225","Switzerland","GPH",4982206.40569395,"225",NA,NA,NA,NA,NA,"ok",NA
"225->20",1954,"20","Canada (Province of Canada)","GPH","225","Switzerland","GPH",7508896.79715302,"225",NA,NA,NA,NA,NA,"ok",NA
"225->666",1954,"666","Israel","GPH","225","Switzerland","GPH",1743772.24199288,"225",NA,NA,NA,NA,NA,"ok",NA
"660->645",1954,"645","Iraq (Mesopotamia)","GPH","660","Lebanon","GPH",498220.640569395,"660",NA,NA,NA,NA,NA,"ok",NA
"850->290",1954,"290","Poland","GPH","850","Indonesia (Dutch East Indies)","GPH",213523.131672598,"850",NA,NA,NA,NA,NA,"ok",NA
"850->325",1954,"325","Italy","GPH","850","Indonesia (Dutch East Indies)","GPH",5373665.48042705,"850",NA,NA,NA,NA,NA,"ok",NA
"160->390",1954,"390","Denmark","GPH","160","Argentina (La Plata)","GPH",6120996.44128114,"160",NA,NA,NA,NA,NA,"ok",NA
"160->165",1954,"165","Uruguay","GPH","160","Argentina (La Plata)","GPH",604982.206405694,"160",NA,NA,NA,NA,NA,"ok",NA
"2->145",1954,"145","Bolivia","GPH","2","United States of America","GPH",11743772.2419929,"2",NA,NA,NA,NA,NA,"ok",NA
"2->51",1954,"51","Jamaica","GPH","2","United States of America","GPH",5693950.17793594,"2",NA,NA,NA,NA,NA,"ok",NA
"130->101",1954,"101","Venezuela","GPH","130","Ecuador","GPH",106761.565836299,"130",NA,NA,NA,NA,NA,"ok",NA
"2->452",1954,"452","Ghana (Gold Coast)","GPH","2","United States of America","GPH",2135231.31672598,"2",NA,NA,NA,NA,NA,"ok",NA
"2->95",1954,"95","Panama","GPH","2","United States of America","GPH",36298932.3843416,"2",NA,NA,NA,NA,NA,"ok",NA
"452->900",1954,"900","Australia","GPH","452","Ghana (Gold Coast)","GPH",2526690.39145907,"452",NA,NA,NA,NA,NA,"ok",NA
"615->230",1954,"230","Spain","GPH","615","Algeria (Regency of Algiers)","GPH",604982.206405694,"615",NA,NA,NA,NA,NA,"ok",NA
"615->355",1954,"355","Bulgaria","GPH","615","Algeria (Regency of Algiers)","GPH",35587.1886120996,"615",NA,NA,NA,NA,NA,"ok",NA
"512->645",1954,"645","Iraq (Mesopotamia)","GPH","512","Tanzania (Tanganyika)","GPH",71174.3772241993,"512",NA,NA,NA,NA,NA,"ok",NA
"530->780",1954,"780","Sri Lanka (Ceylon)","GPH","530","Ethiopia (Abyssinia)","GPH",106761.565836299,"530",NA,NA,NA,NA,NA,"ok",NA
"770->310",1954,"310","Hungary","GPH","770","Pakistan","GPH",71174.3772241993,"770",NA,NA,NA,NA,NA,"ok",NA
"2->900",1954,"900","Australia","GPH","2","United States of America","GPH",72953736.6548043,"2",NA,NA,NA,NA,NA,"ok",NA
"530->625",1954,"625","Sudan (Anglo-Egyptian Sudan) (Mahdist State)","GPH","530","Ethiopia (Abyssinia)","GPH",498220.640569395,"530",NA,NA,NA,NA,NA,"ok",NA
"2->155",1954,"155","Chile","GPH","2","United States of America","GPH",30604982.2064057,"2",NA,NA,NA,NA,NA,"ok",NA
"2->230",1954,"230","Spain","GPH","2","United States of America","GPH",51245551.6014235,"2",NA,NA,NA,NA,NA,"ok",NA
"530->660",1954,"660","Lebanon","GPH","530","Ethiopia (Abyssinia)","GPH",71174.3772241993,"530",NA,NA,NA,NA,NA,"ok",NA
"2->352",1954,"352","Cyprus","GPH","2","United States of America","GPH",355871.886120996,"2",NA,NA,NA,NA,NA,"ok",NA
"2->660",1954,"660","Lebanon","GPH","2","United States of America","GPH",11387900.3558719,"2",NA,NA,NA,NA,NA,"ok",NA
"2->205",1954,"205","Ireland","GPH","2","United States of America","GPH",9608540.9252669,"2",NA,NA,NA,NA,NA,"ok",NA
"42->230",1954,"230","Spain","GPH","42","Dominican Republic (Santo Domingo)","GPH",284697.508896797,"42",NA,NA,NA,NA,NA,"ok",NA
"651->210",1954,"210","Netherlands","GPH","651","Egypt Arab Republic (Egypt)","GPH",3131672.59786477,"651",NA,NA,NA,NA,NA,"ok",NA
"600->140",1954,"140","Brazil","GPH","600","Morocco","GPH",142348.754448399,"600",NA,NA,NA,NA,NA,"ok",NA
"530->670",1954,"670","Saudi Arabia (Emirate of Nejd) (Emirate of Diriyah)","GPH","530","Ethiopia (Abyssinia)","GPH",498220.640569395,"530",NA,NA,NA,NA,NA,"ok",NA
"540->490",1954,"490","Democratic Republic of the Congo (Zaire) (Kinshasa) (Belgian Congo) (Congo Free State)","GPH","540","Angola","GPH",818505.338078292,"540",NA,NA,NA,NA,NA,"ok",NA
"540->255",1954,"255","Germany (Zollverein)","GPH","540","Angola","GPH",2669039.14590747,"540",NA,NA,NA,NA,NA,"ok",NA
"160->145",1954,"145","Bolivia","GPH","160","Argentina (La Plata)","GPH",1103202.84697509,"160",NA,NA,NA,NA,NA,"ok",NA
"651->560",1954,"560","South Africa","GPH","651","Egypt Arab Republic (Egypt)","GPH",498220.640569395,"651",NA,NA,NA,NA,NA,"ok",NA
"130->230",1954,"230","Spain","GPH","130","Ecuador","GPH",35587.1886120996,"130",NA,NA,NA,NA,NA,"ok",NA
"91->210",1954,"210","Netherlands","GPH","91","Honduras","GPH",996441.28113879,"91",NA,NA,NA,NA,NA,"ok",NA
"452->560",1954,"560","South Africa","GPH","452","Ghana (Gold Coast)","GPH",1281138.79003559,"452",NA,NA,NA,NA,NA,"ok",NA
"130->155",1954,"155","Chile","GPH","130","Ecuador","GPH",747330.960854092,"130",NA,NA,NA,NA,NA,"ok",NA
"651->225",1954,"225","Switzerland","GPH","651","Egypt Arab Republic (Egypt)","GPH",4341637.01067616,"651",NA,NA,NA,NA,NA,"ok",NA
"651->325",1954,"325","Italy","GPH","651","Egypt Arab Republic (Egypt)","GPH",10747330.9608541,"651",NA,NA,NA,NA,NA,"ok",NA
"651->660",1954,"660","Lebanon","GPH","651","Egypt Arab Republic (Egypt)","GPH",1637010.67615658,"651",NA,NA,NA,NA,NA,"ok",NA
"385->850",1954,"850","Indonesia (Dutch East Indies)","GPH","385","Norway","GPH",711743.772241993,"385",NA,NA,NA,NA,NA,"ok",NA
"385->645",1954,"645","Iraq (Mesopotamia)","GPH","385","Norway","GPH",213523.131672598,"385",NA,NA,NA,NA,NA,"ok",NA
"42->2",1954,"2","United States of America","GPH","42","Dominican Republic (Santo Domingo)","GPH",25409252.6690391,"42",NA,NA,NA,NA,NA,"ok",NA
"42->740",1954,"740","Japan","GPH","42","Dominican Republic (Santo Domingo)","GPH",711743.772241993,"42",NA,NA,NA,NA,NA,"ok",NA
"600->651",1954,"651","Egypt Arab Republic (Egypt)","GPH","600","Morocco","GPH",213523.131672598,"600",NA,NA,NA,NA,NA,"ok",NA
"615->652",1954,"652","Syria","GPH","615","Algeria (Regency of Algiers)","GPH",71174.3772241993,"615",NA,NA,NA,NA,NA,"ok",NA
"615->40",1954,"40","Cuba","GPH","615","Algeria (Regency of Algiers)","GPH",106761.565836299,"615",NA,NA,NA,NA,NA,"ok",NA
"452->20",1954,"20","Canada (Province of Canada)","GPH","452","Ghana (Gold Coast)","GPH",462633.451957295,"452",NA,NA,NA,NA,NA,"ok",NA
"512->390",1954,"390","Denmark","GPH","512","Tanzania (Tanganyika)","GPH",391459.074733096,"512",NA,NA,NA,NA,NA,"ok",NA
"452->666",1954,"666","Israel","GPH","452","Ghana (Gold Coast)","GPH",71174.3772241993,"452",NA,NA,NA,NA,NA,"ok",NA
"130->380",1954,"380","Sweden","GPH","130","Ecuador","GPH",427046.263345196,"130",NA,NA,NA,NA,NA,"ok",NA
"91->225",1954,"225","Switzerland","GPH","91","Honduras","GPH",142348.754448399,"91",NA,NA,NA,NA,NA,"ok",NA
"2->41",1954,"41","Haiti","GPH","2","United States of America","GPH",13167259.7864769,"2",NA,NA,NA,NA,NA,"ok",NA
"2->385",1954,"385","Norway","GPH","2","United States of America","GPH",44839857.6512455,"2",NA,NA,NA,NA,NA,"ok",NA
"51->210",1954,"210","Netherlands","GPH","51","Jamaica","GPH",355871.886120996,"51",NA,NA,NA,NA,NA,"ok",NA
"651->645",1954,"645","Iraq (Mesopotamia)","GPH","651","Egypt Arab Republic (Egypt)","GPH",142348.754448399,"651",NA,NA,NA,NA,NA,"ok",NA
"600->616",1954,"616","Tunisia (Regency of Tunis)","GPH","600","Morocco","GPH",249110.320284698,"600",NA,NA,NA,NA,NA,"ok",NA
"651->850",1954,"850","Indonesia (Dutch East Indies)","GPH","651","Egypt Arab Republic (Egypt)","GPH",106761.565836299,"651",NA,NA,NA,NA,NA,"ok",NA
"91->100",1954,"100","Colombia (New Granada) (Gran Colombia)","GPH","91","Honduras","GPH",35587.1886120996,"91",NA,NA,NA,NA,NA,"ok",NA
"130->150",1954,"150","Paraguay","GPH","130","Ecuador","GPH",35587.1886120996,"130",NA,NA,NA,NA,NA,"ok",NA
"452->220",1954,"220","France","GPH","452","Ghana (Gold Coast)","GPH",2028469.75088968,"452",NA,NA,NA,NA,NA,"ok",NA
"130->135",1954,"135","Peru","GPH","130","Ecuador","GPH",35587.1886120996,"130",NA,NA,NA,NA,NA,"ok",NA
"850->205",1954,"205","Ireland","GPH","850","Indonesia (Dutch East Indies)","GPH",213523.131672598,"850",NA,NA,NA,NA,NA,"ok",NA
"42->100",1954,"100","Colombia (New Granada) (Gran Colombia)","GPH","42","Dominican Republic (Santo Domingo)","GPH",106761.565836299,"42",NA,NA,NA,NA,NA,"ok",NA
"600->780",1954,"780","Sri Lanka (Ceylon)","GPH","600","Morocco","GPH",142348.754448399,"600",NA,NA,NA,NA,NA,"ok",NA
"840->140",1954,"140","Brazil","GPH","840","Philippines","GPH",142348.754448399,"840",NA,NA,NA,NA,NA,"ok",NA
"385->651",1954,"651","Egypt Arab Republic (Egypt)","GPH","385","Norway","GPH",2277580.07117438,"385",NA,NA,NA,NA,NA,"ok",NA
"600->255",1954,"255","Germany (Zollverein)","GPH","600","Morocco","GPH",10213523.1316726,"600",NA,NA,NA,NA,NA,"ok",NA
"95->93",1954,"93","Nicaragua","GPH","95","Panama","GPH",35587.1886120996,"95",NA,NA,NA,NA,NA,"ok",NA
"2->530",1954,"530","Ethiopia (Abyssinia)","GPH","2","United States of America","GPH",3914590.74733096,"2",NA,NA,NA,NA,NA,"ok",NA
"2->110",1954,"110","Guyana (British Guiana)","GPH","2","United States of America","GPH",1779359.43060498,"2",NA,NA,NA,NA,NA,"ok",NA
"512->205",1954,"205","Ireland","GPH","512","Tanzania (Tanganyika)","GPH",284697.508896797,"512",NA,NA,NA,NA,NA,"ok",NA
"660->780",1954,"780","Sri Lanka (Ceylon)","GPH","660","Lebanon","GPH",391459.074733096,"660",NA,NA,NA,NA,NA,"ok",NA
"160->560",1954,"560","South Africa","GPH","160","Argentina (La Plata)","GPH",818505.338078292,"160",NA,NA,NA,NA,NA,"ok",NA
"580->140",1954,"140","Brazil","GPH","580","Madagascar (Malagasy Republic)","GPH",284697.508896797,"580",NA,NA,NA,NA,NA,"ok",NA
"580->210",1954,"210","Netherlands","GPH","580","Madagascar (Malagasy Republic)","GPH",106761.565836299,"580",NA,NA,NA,NA,NA,"ok",NA
"580->325",1954,"325","Italy","GPH","580","Madagascar (Malagasy Republic)","GPH",71174.3772241993,"580",NA,NA,NA,NA,NA,"ok",NA
"100->375",1954,"375","Finland","GPH","100","Colombia (New Granada) (Gran Colombia)","GPH",355871.886120996,"100",NA,NA,NA,NA,NA,"ok",NA
"100->68",1954,"68","Netherlands Antilles","GPH","100","Colombia (New Granada) (Gran Colombia)","GPH",12775800.7117438,"100",NA,NA,NA,NA,NA,"ok",NA
"580->200",1954,"200","United Kingdom","GPH","580","Madagascar (Malagasy Republic)","GPH",676156.583629893,"580",NA,NA,NA,NA,NA,"ok",NA
"390->20",1954,"20","Canada (Province of Canada)","GPH","390","Denmark","GPH",1103202.84697509,"390",NA,NA,NA,NA,NA,"ok",NA
"651->616",1954,"616","Tunisia (Regency of Tunis)","GPH","651","Egypt Arab Republic (Egypt)","GPH",35587.1886120996,"651",NA,NA,NA,NA,NA,"ok",NA
"2->666",1954,"666","Israel","GPH","2","United States of America","GPH",27402135.2313167,"2",NA,NA,NA,NA,NA,"ok",NA
"2->235",1954,"235","Portugal","GPH","2","United States of America","GPH",17793594.3060498,"2",NA,NA,NA,NA,NA,"ok",NA
"2->375",1954,"375","Finland","GPH","2","United States of America","GPH",10320284.6975089,"2",NA,NA,NA,NA,NA,"ok",NA
"2->630",1954,"630","Iran (Persia)","GPH","2","United States of America","GPH",28469750.8896797,"2",NA,NA,NA,NA,NA,"ok",NA
"840->630",1954,"630","Iran (Persia)","GPH","840","Philippines","GPH",71174.3772241993,"840",NA,NA,NA,NA,NA,"ok",NA
"840->710",1954,"710","People's Republic of China (China)","GPH","840","Philippines","GPH",462633.451957295,"840",NA,NA,NA,NA,NA,"ok",NA
"2->713",1954,"713","Republic of China (Taiwan) (Formosa)","GPH","2","United States of America","GPH",96085409.252669,"2",NA,NA,NA,NA,NA,"ok",NA
"385->220",1954,"220","France","GPH","385","Norway","GPH",8505338.07829181,"385",NA,NA,NA,NA,NA,"ok",NA
"385->395",1954,"395","Iceland","GPH","385","Norway","GPH",355871.886120996,"385",NA,NA,NA,NA,NA,"ok",NA
"385->600",1954,"600","Morocco","GPH","385","Norway","GPH",391459.074733096,"385",NA,NA,NA,NA,NA,"ok",NA
"385->255",1954,"255","Germany (Zollverein)","GPH","385","Norway","GPH",21138790.0355872,"385",NA,NA,NA,NA,NA,"ok",NA
"41->20",1954,"20","Canada (Province of Canada)","GPH","41","Haiti","GPH",71174.3772241993,"41",NA,NA,NA,NA,NA,"ok",NA
"200->732",1954,"732","South Korea (Republic of South Korea)","GPH","200","United Kingdom","GPH",2170818.50533808,"200",NA,NA,NA,NA,NA,"ok",NA
"385->315",1954,"315","Czechoslovakia","GPH","385","Norway","GPH",1957295.37366548,"385",NA,NA,NA,NA,NA,"ok",NA
"840->380",1954,"380","Sweden","GPH","840","Philippines","GPH",569395.017793594,"840",NA,NA,NA,NA,NA,"ok",NA
"385->325",1954,"325","Italy","GPH","385","Norway","GPH",5907473.30960854,"385",NA,NA,NA,NA,NA,"ok",NA
"101->385",1954,"385","Norway","GPH","101","Venezuela","GPH",1459074.73309609,"101",NA,NA,NA,NA,NA,"ok",NA
"840->20",1954,"20","Canada (Province of Canada)","GPH","840","Philippines","GPH",1281138.79003559,"840",NA,NA,NA,NA,NA,"ok",NA
"770->155",1954,"155","Chile","GPH","770","Pakistan","GPH",177935.943060498,"770",NA,NA,NA,NA,NA,"ok",NA
"660->625",1954,"625","Sudan (Anglo-Egyptian Sudan) (Mahdist State)","GPH","660","Lebanon","GPH",35587.1886120996,"660",NA,NA,NA,NA,NA,"ok",NA
"600->220",1954,"220","France","GPH","600","Morocco","GPH",43416370.1067616,"600",NA,NA,NA,NA,NA,"ok",NA
"770->710",1954,"710","People's Republic of China (China)","GPH","770","Pakistan","GPH",9288256.22775801,"770",NA,NA,NA,NA,NA,"ok",NA
"452->210",1954,"210","Netherlands","GPH","452","Ghana (Gold Coast)","GPH",11032028.4697509,"452",NA,NA,NA,NA,NA,"ok",NA
"490->625",1954,"625","Sudan (Anglo-Egyptian Sudan) (Mahdist State)","GPH","490","Democratic Republic of the Congo (Zaire) (Kinshasa) (Belgian Congo) (Congo Free State)","GPH",284697.508896797,"490",NA,NA,NA,NA,NA,"ok",NA
"390->780",1954,"780","Sri Lanka (Ceylon)","GPH","390","Denmark","GPH",106761.565836299,"390",NA,NA,NA,NA,NA,"ok",NA
"94->92",1954,"92","El Salvador","GPH","94","Costa Rica","GPH",177935.943060498,"94",NA,NA,NA,NA,NA,"ok",NA
"94->68",1954,"68","Netherlands Antilles","GPH","94","Costa Rica","GPH",71174.3772241993,"94",NA,NA,NA,NA,NA,"ok",NA
"390->732",1954,"732","South Korea (Republic of South Korea)","GPH","390","Denmark","GPH",35587.1886120996,"390",NA,NA,NA,NA,NA,"ok",NA
"615->225",1954,"225","Switzerland","GPH","615","Algeria (Regency of Algiers)","GPH",355871.886120996,"615",NA,NA,NA,NA,NA,"ok",NA
"615->290",1954,"290","Poland","GPH","615","Algeria (Regency of Algiers)","GPH",284697.508896797,"615",NA,NA,NA,NA,NA,"ok",NA
"390->140",1954,"140","Brazil","GPH","390","Denmark","GPH",10640569.3950178,"390",NA,NA,NA,NA,NA,"ok",NA
"390->920",1954,"920","New Zealand","GPH","390","Denmark","GPH",249110.320284698,"390",NA,NA,NA,NA,NA,"ok",NA
"94->225",1954,"225","Switzerland","GPH","94","Costa Rica","GPH",177935.943060498,"94",NA,NA,NA,NA,NA,"ok",NA
"390->740",1954,"740","Japan","GPH","390","Denmark","GPH",854092.526690391,"390",NA,NA,NA,NA,NA,"ok",NA
"390->840",1954,"840","Philippines","GPH","390","Denmark","GPH",177935.943060498,"390",NA,NA,NA,NA,NA,"ok",NA
"390->530",1954,"530","Ethiopia (Abyssinia)","GPH","390","Denmark","GPH",35587.1886120996,"390",NA,NA,NA,NA,NA,"ok",NA
"390->165",1954,"165","Uruguay","GPH","390","Denmark","GPH",320284.697508897,"390",NA,NA,NA,NA,NA,"ok",NA
"51->20",1954,"20","Canada (Province of Canada)","GPH","51","Jamaica","GPH",5231316.72597865,"51",NA,NA,NA,NA,NA,"ok",NA
"92->91",1954,"91","Honduras","GPH","92","El Salvador","GPH",676156.583629893,"92",NA,NA,NA,NA,NA,"ok",NA
"92->255",1954,"255","Germany (Zollverein)","GPH","92","El Salvador","GPH",3950177.93594306,"92",NA,NA,NA,NA,NA,"ok",NA
"512->720",1954,"720","Hong Kong","GPH","512","Tanzania (Tanganyika)","GPH",782918.149466192,"512",NA,NA,NA,NA,NA,"ok",NA
"2->615",1954,"615","Algeria (Regency of Algiers)","GPH","2","United States of America","GPH",6405693.95017794,"2",NA,NA,NA,NA,NA,"ok",NA
"2->780",1954,"780","Sri Lanka (Ceylon)","GPH","2","United States of America","GPH",2491103.20284698,"2",NA,NA,NA,NA,NA,"ok",NA
"2->42",1954,"42","Dominican Republic (Santo Domingo)","GPH","2","United States of America","GPH",19928825.6227758,"2",NA,NA,NA,NA,NA,"ok",NA
"2->100",1954,"100","Colombia (New Granada) (Gran Colombia)","GPH","2","United States of America","GPH",128113879.003559,"2",NA,NA,NA,NA,NA,"ok",NA
"2->52",1954,"52","Trinidad and Tobago","GPH","2","United States of America","GPH",3914590.74733096,"2",NA,NA,NA,NA,NA,"ok",NA
"94->2",1954,"2","United States of America","GPH","94","Costa Rica","GPH",17971530.2491103,"94",NA,NA,NA,NA,NA,"ok",NA
"94->740",1954,"740","Japan","GPH","94","Costa Rica","GPH",71174.3772241993,"94",NA,NA,NA,NA,NA,"ok",NA
"2->350",1954,"350","Greece","GPH","2","United States of America","GPH",35943060.4982206,"2",NA,NA,NA,NA,NA,"ok",NA
"2->471",1954,"471","Cameroun (French Cameroon)","GPH","2","United States of America","GPH",1423487.54448399,"2",NA,NA,NA,NA,NA,"ok",NA
"2->580",1954,"580","Madagascar (Malagasy Republic)","GPH","2","United States of America","GPH",1067615.65836299,"2",NA,NA,NA,NA,NA,"ok",NA
"2->200",1954,"200","United Kingdom","GPH","2","United States of America","GPH",283985765.124555,"2",NA,NA,NA,NA,NA,"ok",NA
"2->390",1954,"390","Denmark","GPH","2","United States of America","GPH",30960854.0925267,"2",NA,NA,NA,NA,NA,"ok",NA
"2->670",1954,"670","Saudi Arabia (Emirate of Nejd) (Emirate of Diriyah)","GPH","2","United States of America","GPH",15658362.9893238,"2",NA,NA,NA,NA,NA,"ok",NA
"2->93",1954,"93","Nicaragua","GPH","2","United States of America","GPH",14234875.4448399,"2",NA,NA,NA,NA,NA,"ok",NA
"2->652",1954,"652","Syria","GPH","2","United States of America","GPH",8185053.38078292,"2",NA,NA,NA,NA,NA,"ok",NA
"390->220",1954,"220","France","GPH","390","Denmark","GPH",6370106.76156584,"390",NA,NA,NA,NA,NA,"ok",NA
"390->325",1954,"325","Italy","GPH","390","Denmark","GPH",11387900.3558719,"390",NA,NA,NA,NA,NA,"ok",NA
"390->94",1954,"94","Costa Rica","GPH","390","Denmark","GPH",142348.754448399,"390",NA,NA,NA,NA,NA,"ok",NA
"390->800",1954,"800","Thailand (Siam)","GPH","390","Denmark","GPH",1138790.03558719,"390",NA,NA,NA,NA,NA,"ok",NA
"390->135",1954,"135","Peru","GPH","390","Denmark","GPH",1245551.60142349,"390",NA,NA,NA,NA,NA,"ok",NA
"390->360",1954,"360","Romania","GPH","390","Denmark","GPH",249110.320284698,"390",NA,NA,NA,NA,NA,"ok",NA
"390->615",1954,"615","Algeria (Regency of Algiers)","GPH","390","Denmark","GPH",640569.395017794,"390",NA,NA,NA,NA,NA,"ok",NA
"390->710",1954,"710","People's Republic of China (China)","GPH","390","Denmark","GPH",106761.565836299,"390",NA,NA,NA,NA,NA,"ok",NA
"390->155",1954,"155","Chile","GPH","390","Denmark","GPH",854092.526690391,"390",NA,NA,NA,NA,NA,"ok",NA
"390->900",1954,"900","Australia","GPH","390","Denmark","GPH",782918.149466192,"390",NA,NA,NA,NA,NA,"ok",NA
"390->630",1954,"630","Iran (Persia)","GPH","390","Denmark","GPH",106761.565836299,"390",NA,NA,NA,NA,NA,"ok",NA
"390->305",1954,"305","Austria","GPH","390","Denmark","GPH",1921708.18505338,"390",NA,NA,NA,NA,NA,"ok",NA
"51->200",1954,"200","United Kingdom","GPH","51","Jamaica","GPH",16476868.3274021,"51",NA,NA,NA,NA,NA,"ok",NA
"390->770",1954,"770","Pakistan","GPH","390","Denmark","GPH",106761.565836299,"390",NA,NA,NA,NA,NA,"ok",NA
"390->750",1954,"750","India","GPH","390","Denmark","GPH",1067615.65836299,"390",NA,NA,NA,NA,NA,"ok",NA
"390->560",1954,"560","South Africa","GPH","390","Denmark","GPH",462633.451957295,"390",NA,NA,NA,NA,NA,"ok",NA
"390->160",1954,"160","Argentina (La Plata)","GPH","390","Denmark","GPH",604982.206405694,"390",NA,NA,NA,NA,NA,"ok",NA
"390->616",1954,"616","Tunisia (Regency of Tunis)","GPH","390","Denmark","GPH",391459.074733096,"390",NA,NA,NA,NA,NA,"ok",NA
"94->255",1954,"255","Germany (Zollverein)","GPH","94","Costa Rica","GPH",5231316.72597865,"94",NA,NA,NA,NA,NA,"ok",NA
"390->666",1954,"666","Israel","GPH","390","Denmark","GPH",533807.829181495,"390",NA,NA,NA,NA,NA,"ok",NA
"615->560",1954,"560","South Africa","GPH","615","Algeria (Regency of Algiers)","GPH",35587.1886120996,"615",NA,NA,NA,NA,NA,"ok",NA
"225->92",1954,"92","El Salvador","GPH","225","Switzerland","GPH",355871.886120996,"225",NA,NA,NA,NA,NA,"ok",NA
"375->560",1954,"560","South Africa","GPH","375","Finland","GPH",925266.903914591,"375",NA,NA,NA,NA,NA,"ok",NA
"130->210",1954,"210","Netherlands","GPH","130","Ecuador","GPH",854092.526690391,"130",NA,NA,NA,NA,NA,"ok",NA
"452->2",1954,"2","United States of America","GPH","452","Ghana (Gold Coast)","GPH",19466192.1708185,"452",NA,NA,NA,NA,NA,"ok",NA
"615->2",1954,"2","United States of America","GPH","615","Algeria (Regency of Algiers)","GPH",1743772.24199288,"615",NA,NA,NA,NA,NA,"ok",NA
"850->68",1954,"68","Netherlands Antilles","GPH","850","Indonesia (Dutch East Indies)","GPH",249110.320284698,"850",NA,NA,NA,NA,NA,"ok",NA
"850->20",1954,"20","Canada (Province of Canada)","GPH","850","Indonesia (Dutch East Indies)","GPH",177935.943060498,"850",NA,NA,NA,NA,NA,"ok",NA
"130->40",1954,"40","Cuba","GPH","130","Ecuador","GPH",35587.1886120996,"130",NA,NA,NA,NA,NA,"ok",NA
"651->630",1954,"630","Iran (Persia)","GPH","651","Egypt Arab Republic (Egypt)","GPH",35587.1886120996,"651",NA,NA,NA,NA,NA,"ok",NA
"651->713",1954,"713","Republic of China (Taiwan) (Formosa)","GPH","651","Egypt Arab Republic (Egypt)","GPH",71174.3772241993,"651",NA,NA,NA,NA,NA,"ok",NA
"51->68",1954,"68","Netherlands Antilles","GPH","51","Jamaica","GPH",35587.1886120996,"51",NA,NA,NA,NA,NA,"ok",NA
"512->220",1954,"220","France","GPH","512","Tanzania (Tanganyika)","GPH",640569.395017794,"512",NA,NA,NA,NA,NA,"ok",NA
"512->225",1954,"225","Switzerland","GPH","512","Tanzania (Tanganyika)","GPH",284697.508896797,"512",NA,NA,NA,NA,NA,"ok",NA
"850->630",1954,"630","Iran (Persia)","GPH","850","Indonesia (Dutch East Indies)","GPH",71174.3772241993,"850",NA,NA,NA,NA,NA,"ok",NA
"94->220",1954,"220","France","GPH","94","Costa Rica","GPH",71174.3772241993,"94",NA,NA,NA,NA,NA,"ok",NA
"512->200",1954,"200","United Kingdom","GPH","512","Tanzania (Tanganyika)","GPH",12882562.2775801,"512",NA,NA,NA,NA,NA,"ok",NA
"850->390",1954,"390","Denmark","GPH","850","Indonesia (Dutch East Indies)","GPH",782918.149466192,"850",NA,NA,NA,NA,NA,"ok",NA
"51->100",1954,"100","Colombia (New Granada) (Gran Colombia)","GPH","51","Jamaica","GPH",71174.3772241993,"51",NA,NA,NA,NA,NA,"ok",NA
"160->360",1954,"360","Romania","GPH","160","Argentina (La Plata)","GPH",2419928.82562278,"160",NA,NA,NA,NA,NA,"ok",NA
"452->385",1954,"385","Norway","GPH","452","Ghana (Gold Coast)","GPH",2277580.07117438,"452",NA,NA,NA,NA,NA,"ok",NA
"660->200",1954,"200","United Kingdom","GPH","660","Lebanon","GPH",462633.451957295,"660",NA,NA,NA,NA,NA,"ok",NA
"660->390",1954,"390","Denmark","GPH","660","Lebanon","GPH",71174.3772241993,"660",NA,NA,NA,NA,NA,"ok",NA
"850->652",1954,"652","Syria","GPH","850","Indonesia (Dutch East Indies)","GPH",35587.1886120996,"850",NA,NA,NA,NA,NA,"ok",NA
"651->155",1954,"155","Chile","GPH","651","Egypt Arab Republic (Egypt)","GPH",1779359.43060498,"651",NA,NA,NA,NA,NA,"ok",NA
"651->900",1954,"900","Australia","GPH","651","Egypt Arab Republic (Egypt)","GPH",320284.697508897,"651",NA,NA,NA,NA,NA,"ok",NA
"651->625",1954,"625","Sudan (Anglo-Egyptian Sudan) (Mahdist State)","GPH","651","Egypt Arab Republic (Egypt)","GPH",5693950.17793594,"651",NA,NA,NA,NA,NA,"ok",NA
"850->651",1954,"651","Egypt Arab Republic (Egypt)","GPH","850","Indonesia (Dutch East Indies)","GPH",462633.451957295,"850",NA,NA,NA,NA,NA,"ok",NA
"660->360",1954,"360","Romania","GPH","660","Lebanon","GPH",71174.3772241993,"660",NA,NA,NA,NA,NA,"ok",NA
"51->255",1954,"255","Germany (Zollverein)","GPH","51","Jamaica","GPH",320284.697508897,"51",NA,NA,NA,NA,NA,"ok",NA
"651->235",1954,"235","Portugal","GPH","651","Egypt Arab Republic (Egypt)","GPH",462633.451957295,"651",NA,NA,NA,NA,NA,"ok",NA
"92->20",1954,"20","Canada (Province of Canada)","GPH","92","El Salvador","GPH",284697.508896797,"92",NA,NA,NA,NA,NA,"ok",NA
"42->200",1954,"200","United Kingdom","GPH","42","Dominican Republic (Santo Domingo)","GPH",8790035.58718861,"42",NA,NA,NA,NA,NA,"ok",NA
"850->750",1954,"750","India","GPH","850","Indonesia (Dutch East Indies)","GPH",320284.697508897,"850",NA,NA,NA,NA,NA,"ok",NA
"540->651",1954,"651","Egypt Arab Republic (Egypt)","GPH","540","Angola","GPH",35587.1886120996,"540",NA,NA,NA,NA,NA,"ok",NA
"651->780",1954,"780","Sri Lanka (Ceylon)","GPH","651","Egypt Arab Republic (Egypt)","GPH",462633.451957295,"651",NA,NA,NA,NA,NA,"ok",NA
"42->600",1954,"600","Morocco","GPH","42","Dominican Republic (Santo Domingo)","GPH",925266.903914591,"42",NA,NA,NA,NA,NA,"ok",NA
"2->210",1954,"210","Netherlands","GPH","2","United States of America","GPH",204626334.519573,"2",NA,NA,NA,NA,NA,"ok",NA
"2->720",1954,"720","Hong Kong","GPH","2","United States of America","GPH",16370106.7615658,"2",NA,NA,NA,NA,NA,"ok",NA
"512->740",1954,"740","Japan","GPH","512","Tanzania (Tanganyika)","GPH",427046.263345196,"512",NA,NA,NA,NA,NA,"ok",NA
"2->140",1954,"140","Brazil","GPH","2","United States of America","GPH",180071174.377224,"2",NA,NA,NA,NA,NA,"ok",NA
"2->255",1954,"255","Germany (Zollverein)","GPH","2","United States of America","GPH",177935943.060498,"2",NA,NA,NA,NA,NA,"ok",NA
"2->395",1954,"395","Iceland","GPH","2","United States of America","GPH",4626334.51957295,"2",NA,NA,NA,NA,NA,"ok",NA
"2->600",1954,"600","Morocco","GPH","2","United States of America","GPH",18149466.1921708,"2",NA,NA,NA,NA,NA,"ok",NA
"2->91",1954,"91","Honduras","GPH","2","United States of America","GPH",12811387.9003559,"2",NA,NA,NA,NA,NA,"ok",NA
"850->255",1954,"255","Germany (Zollverein)","GPH","850","Indonesia (Dutch East Indies)","GPH",14021352.3131673,"850",NA,NA,NA,NA,NA,"ok",NA
"540->225",1954,"225","Switzerland","GPH","540","Angola","GPH",249110.320284698,"540",NA,NA,NA,NA,NA,"ok",NA
"850->560",1954,"560","South Africa","GPH","850","Indonesia (Dutch East Indies)","GPH",996441.28113879,"850",NA,NA,NA,NA,NA,"ok",NA
"850->780",1954,"780","Sri Lanka (Ceylon)","GPH","850","Indonesia (Dutch East Indies)","GPH",106761.565836299,"850",NA,NA,NA,NA,NA,"ok",NA
"540->235",1954,"235","Portugal","GPH","540","Angola","GPH",7615658.36298932,"540",NA,NA,NA,NA,NA,"ok",NA
"51->2",1954,"2","United States of America","GPH","51","Jamaica","GPH",4555160.14234875,"51",NA,NA,NA,NA,NA,"ok",NA
"512->2",1954,"2","United States of America","GPH","512","Tanzania (Tanganyika)","GPH",4804270.46263345,"512",NA,NA,NA,NA,NA,"ok",NA
"52->541",1954,"541","Mozambique (Portuguese East Africa)","GPH","52","Trinidad and Tobago","GPH",498220.640569395,"52",NA,NA,NA,NA,NA,"ok",NA
"140->385",1954,"385","Norway","GPH","140","Brazil","GPH",7580071.17437722,"140",NA,NA,NA,NA,NA,"ok",NA
"40->51",1954,"51","Jamaica","GPH","40","Cuba","GPH",106761.565836299,"40",NA,NA,NA,NA,NA,"ok",NA
"52->380",1954,"380","Sweden","GPH","52","Trinidad and Tobago","GPH",676156.583629893,"52",NA,NA,NA,NA,NA,"ok",NA
"625->390",1954,"390","Denmark","GPH","625","Sudan (Anglo-Egyptian Sudan) (Mahdist State)","GPH",676156.583629893,"625",NA,NA,NA,NA,NA,"ok",NA
"625->352",1954,"352","Cyprus","GPH","625","Sudan (Anglo-Egyptian Sudan) (Mahdist State)","GPH",106761.565836299,"625",NA,NA,NA,NA,NA,"ok",NA
"625->290",1954,"290","Poland","GPH","625","Sudan (Anglo-Egyptian Sudan) (Mahdist State)","GPH",106761.565836299,"625",NA,NA,NA,NA,NA,"ok",NA
"52->235",1954,"235","Portugal","GPH","52","Trinidad and Tobago","GPH",35587.1886120996,"52",NA,NA,NA,NA,NA,"ok",NA
"780->352",1954,"352","Cyprus","GPH","780","Sri Lanka (Ceylon)","GPH",35587.1886120996,"780",NA,NA,NA,NA,NA,"ok",NA
"165->375",1954,"375","Finland","GPH","165","Uruguay","GPH",533807.829181495,"165",NA,NA,NA,NA,NA,"ok",NA
"165->220",1954,"220","France","GPH","165","Uruguay","GPH",4448398.57651246,"165",NA,NA,NA,NA,NA,"ok",NA
"92->135",1954,"135","Peru","GPH","92","El Salvador","GPH",35587.1886120996,"92",NA,NA,NA,NA,NA,"ok",NA
"165->380",1954,"380","Sweden","GPH","165","Uruguay","GPH",2135231.31672598,"165",NA,NA,NA,NA,NA,"ok",NA
"225->325",1954,"325","Italy","GPH","225","Switzerland","GPH",38256227.7580071,"225",NA,NA,NA,NA,NA,"ok",NA
"51->900",1954,"900","Australia","GPH","51","Jamaica","GPH",35587.1886120996,"51",NA,NA,NA,NA,NA,"ok",NA
"500->740",1954,"740","Japan","GPH","500","Uganda","GPH",1138790.03558719,"500",NA,NA,NA,NA,NA,"ok",NA
"90->2",1954,"2","United States of America","GPH","90","Guatemala","GPH",24128113.8790036,"90",NA,NA,NA,NA,NA,"ok",NA
"90->740",1954,"740","Japan","GPH","90","Guatemala","GPH",71174.3772241993,"90",NA,NA,NA,NA,NA,"ok",NA
"90->101",1954,"101","Venezuela","GPH","90","Guatemala","GPH",35587.1886120996,"90",NA,NA,NA,NA,NA,"ok",NA
"663->2",1954,"2","United States of America","GPH","663","Jordan (Transjordan)","GPH",35587.1886120996,"663",NA,NA,NA,NA,NA,"ok",NA
"775->560",1954,"560","South Africa","GPH","775","Myanmar (Burma)","GPH",106761.565836299,"775",NA,NA,NA,NA,NA,"ok",NA
"645->600",1954,"600","Morocco","GPH","645","Iraq (Mesopotamia)","GPH",35587.1886120996,"645",NA,NA,NA,NA,NA,"ok",NA
"92->200",1954,"200","United Kingdom","GPH","92","El Salvador","GPH",1209964.41281139,"92",NA,NA,NA,NA,NA,"ok",NA
"135->160",1954,"160","Argentina (La Plata)","GPH","135","Peru","GPH",2135231.31672598,"135",NA,NA,NA,NA,NA,"ok",NA
"135->305",1954,"305","Austria","GPH","135","Peru","GPH",35587.1886120996,"135",NA,NA,NA,NA,NA,"ok",NA
"135->130",1954,"130","Ecuador","GPH","135","Peru","GPH",818505.338078292,"135",NA,NA,NA,NA,NA,"ok",NA
"625->20",1954,"20","Canada (Province of Canada)","GPH","625","Sudan (Anglo-Egyptian Sudan) (Mahdist State)","GPH",35587.1886120996,"625",NA,NA,NA,NA,NA,"ok",NA
"40->92",1954,"92","El Salvador","GPH","40","Cuba","GPH",35587.1886120996,"40",NA,NA,NA,NA,NA,"ok",NA
"52->255",1954,"255","Germany (Zollverein)","GPH","52","Trinidad and Tobago","GPH",177935.943060498,"52",NA,NA,NA,NA,NA,"ok",NA
"775->651",1954,"651","Egypt Arab Republic (Egypt)","GPH","775","Myanmar (Burma)","GPH",35587.1886120996,"775",NA,NA,NA,NA,NA,"ok",NA
"840->130",1954,"130","Ecuador","GPH","840","Philippines","GPH",35587.1886120996,"840",NA,NA,NA,NA,NA,"ok",NA
"840->390",1954,"390","Denmark","GPH","840","Philippines","GPH",2740213.52313167,"840",NA,NA,NA,NA,NA,"ok",NA
"840->200",1954,"200","United Kingdom","GPH","840","Philippines","GPH",1779359.43060498,"840",NA,NA,NA,NA,NA,"ok",NA
"101->2",1954,"2","United States of America","GPH","101","Venezuela","GPH",221814946.619217,"101",NA,NA,NA,NA,NA,"ok",NA
"490->385",1954,"385","Norway","GPH","490","Democratic Republic of the Congo (Zaire) (Kinshasa) (Belgian Congo) (Congo Free State)","GPH",35587.1886120996,"490",NA,NA,NA,NA,NA,"ok",NA
"490->225",1954,"225","Switzerland","GPH","490","Democratic Republic of the Congo (Zaire) (Kinshasa) (Belgian Congo) (Congo Free State)","GPH",213523.131672598,"490",NA,NA,NA,NA,NA,"ok",NA
"490->210",1954,"210","Netherlands","GPH","490","Democratic Republic of the Congo (Zaire) (Kinshasa) (Belgian Congo) (Congo Free State)","GPH",355871.886120996,"490",NA,NA,NA,NA,NA,"ok",NA
"490->200",1954,"200","United Kingdom","GPH","490","Democratic Republic of the Congo (Zaire) (Kinshasa) (Belgian Congo) (Congo Free State)","GPH",11352313.1672598,"490",NA,NA,NA,NA,NA,"ok",NA
"130->651",1954,"651","Egypt Arab Republic (Egypt)","GPH","130","Ecuador","GPH",35587.1886120996,"130",NA,NA,NA,NA,NA,"ok",NA
"130->225",1954,"225","Switzerland","GPH","130","Ecuador","GPH",35587.1886120996,"130",NA,NA,NA,NA,NA,"ok",NA
"51->380",1954,"380","Sweden","GPH","51","Jamaica","GPH",569395.017793594,"51",NA,NA,NA,NA,NA,"ok",NA
"490->2",1954,"2","United States of America","GPH","490","Democratic Republic of the Congo (Zaire) (Kinshasa) (Belgian Congo) (Congo Free State)","GPH",23843416.3701068,"490",NA,NA,NA,NA,NA,"ok",NA
"390->380",1954,"380","Sweden","GPH","390","Denmark","GPH",22099644.1281139,"390",NA,NA,NA,NA,NA,"ok",NA
"540->325",1954,"325","Italy","GPH","540","Angola","GPH",177935.943060498,"540",NA,NA,NA,NA,NA,"ok",NA
"130->740",1954,"740","Japan","GPH","130","Ecuador","GPH",35587.1886120996,"130",NA,NA,NA,NA,NA,"ok",NA
"390->850",1954,"850","Indonesia (Dutch East Indies)","GPH","390","Denmark","GPH",676156.583629893,"390",NA,NA,NA,NA,NA,"ok",NA
"540->2",1954,"2","United States of America","GPH","540","Angola","GPH",10106761.5658363,"540",NA,NA,NA,NA,NA,"ok",NA
"840->385",1954,"385","Norway","GPH","840","Philippines","GPH",1814946.61921708,"840",NA,NA,NA,NA,NA,"ok",NA
"640->360",1954,"360","Romania","GPH","640","Turkey (Ottoman Empire)","GPH",2206405.69395018,"640",NA,NA,NA,NA,NA,"ok",NA
"225->651",1954,"651","Egypt Arab Republic (Egypt)","GPH","225","Switzerland","GPH",6441281.13879004,"225",NA,NA,NA,NA,NA,"ok",NA
"471->385",1954,"385","Norway","GPH","471","Cameroun (French Cameroon)","GPH",35587.1886120996,"471",NA,NA,NA,NA,NA,"ok",NA
"225->710",1954,"710","People's Republic of China (China)","GPH","225","Switzerland","GPH",8256227.75800712,"225",NA,NA,NA,NA,NA,"ok",NA
"225->490",1954,"490","Democratic Republic of the Congo (Zaire) (Kinshasa) (Belgian Congo) (Congo Free State)","GPH","225","Switzerland","GPH",2028469.75088968,"225",NA,NA,NA,NA,NA,"ok",NA
"770->325",1954,"325","Italy","GPH","770","Pakistan","GPH",6298932.38434164,"770",NA,NA,NA,NA,NA,"ok",NA
"2->560",1954,"560","South Africa","GPH","2","United States of America","GPH",84341637.0106762,"2",NA,NA,NA,NA,NA,"ok",NA
"145->255",1954,"255","Germany (Zollverein)","GPH","145","Bolivia","GPH",35587.1886120996,"145",NA,NA,NA,NA,NA,"ok",NA
"2->920",1954,"920","New Zealand","GPH","2","United States of America","GPH",16370106.7615658,"2",NA,NA,NA,NA,NA,"ok",NA
"145->160",1954,"160","Argentina (La Plata)","GPH","145","Bolivia","GPH",604982.206405694,"145",NA,NA,NA,NA,NA,"ok",NA
"840->101",1954,"101","Venezuela","GPH","840","Philippines","GPH",1886120.99644128,"840",NA,NA,NA,NA,NA,"ok",NA
"2->540",1954,"540","Angola","GPH","2","United States of America","GPH",4626334.51957295,"2",NA,NA,NA,NA,NA,"ok",NA
"2->40",1954,"40","Cuba","GPH","2","United States of America","GPH",155871886.120996,"2",NA,NA,NA,NA,NA,"ok",NA
"135->100",1954,"100","Colombia (New Granada) (Gran Colombia)","GPH","135","Peru","GPH",1067615.65836299,"135",NA,NA,NA,NA,NA,"ok",NA
"2->800",1954,"800","Thailand (Siam)","GPH","2","United States of America","GPH",31672597.8647687,"2",NA,NA,NA,NA,NA,"ok",NA
"2->135",1954,"135","Peru","GPH","2","United States of America","GPH",38078291.8149466,"2",NA,NA,NA,NA,NA,"ok",NA
"135->660",1954,"660","Lebanon","GPH","135","Peru","GPH",35587.1886120996,"135",NA,NA,NA,NA,NA,"ok",NA
"135->380",1954,"380","Sweden","GPH","135","Peru","GPH",427046.263345196,"135",NA,NA,NA,NA,NA,"ok",NA
"775->375",1954,"375","Finland","GPH","775","Myanmar (Burma)","GPH",213523.131672598,"775",NA,NA,NA,NA,NA,"ok",NA
"775->200",1954,"200","United Kingdom","GPH","775","Myanmar (Burma)","GPH",5871886.12099644,"775",NA,NA,NA,NA,NA,"ok",NA
"385->750",1954,"750","India","GPH","385","Norway","GPH",1957295.37366548,"385",NA,NA,NA,NA,NA,"ok",NA
"385->355",1954,"355","Bulgaria","GPH","385","Norway","GPH",35587.1886120996,"385",NA,NA,NA,NA,NA,"ok",NA
"385->770",1954,"770","Pakistan","GPH","385","Norway","GPH",498220.640569395,"385",NA,NA,NA,NA,NA,"ok",NA
"775->325",1954,"325","Italy","GPH","775","Myanmar (Burma)","GPH",142348.754448399,"775",NA,NA,NA,NA,NA,"ok",NA
"840->135",1954,"135","Peru","GPH","840","Philippines","GPH",35587.1886120996,"840",NA,NA,NA,NA,NA,"ok",NA
"2->645",1954,"645","Iraq (Mesopotamia)","GPH","2","United States of America","GPH",11387900.3558719,"2",NA,NA,NA,NA,NA,"ok",NA
"616->350",1954,"350","Greece","GPH","616","Tunisia (Regency of Tunis)","GPH",533807.829181495,"616",NA,NA,NA,NA,NA,"ok",NA
"616->165",1954,"165","Uruguay","GPH","616","Tunisia (Regency of Tunis)","GPH",35587.1886120996,"616",NA,NA,NA,NA,NA,"ok",NA
"51->385",1954,"385","Norway","GPH","51","Jamaica","GPH",1281138.79003559,"51",NA,NA,NA,NA,NA,"ok",NA
"500->350",1954,"350","Greece","GPH","500","Uganda","GPH",71174.3772241993,"500",NA,NA,NA,NA,NA,"ok",NA
"500->666",1954,"666","Israel","GPH","500","Uganda","GPH",35587.1886120996,"500",NA,NA,NA,NA,NA,"ok",NA
"500->255",1954,"255","Germany (Zollverein)","GPH","500","Uganda","GPH",4270462.63345196,"500",NA,NA,NA,NA,NA,"ok",NA
"500->2",1954,"2","United States of America","GPH","500","Uganda","GPH",2989323.84341637,"500",NA,NA,NA,NA,NA,"ok",NA
"385->205",1954,"205","Ireland","GPH","385","Norway","GPH",427046.263345196,"385",NA,NA,NA,NA,NA,"ok",NA
"385->210",1954,"210","Netherlands","GPH","385","Norway","GPH",7686832.74021352,"385",NA,NA,NA,NA,NA,"ok",NA
"165->2",1954,"2","United States of America","GPH","165","Uruguay","GPH",11601423.4875445,"165",NA,NA,NA,NA,NA,"ok",NA
"2->68",1954,"68","Netherlands Antilles","GPH","2","United States of America","GPH",23131672.5978648,"2",NA,NA,NA,NA,NA,"ok",NA
"165->70",1954,"70","Mexico","GPH","165","Uruguay","GPH",35587.1886120996,"165",NA,NA,NA,NA,NA,"ok",NA
"225->95",1954,"95","Panama","GPH","225","Switzerland","GPH",427046.263345196,"225",NA,NA,NA,NA,NA,"ok",NA
"225->360",1954,"360","Romania","GPH","225","Switzerland","GPH",818505.338078292,"225",NA,NA,NA,NA,NA,"ok",NA
"385->160",1954,"160","Argentina (La Plata)","GPH","385","Norway","GPH",711743.772241993,"385",NA,NA,NA,NA,NA,"ok",NA
"41->210",1954,"210","Netherlands","GPH","41","Haiti","GPH",854092.526690391,"41",NA,NA,NA,NA,NA,"ok",NA
"512->666",1954,"666","Israel","GPH","512","Tanzania (Tanganyika)","GPH",71174.3772241993,"512",NA,NA,NA,NA,NA,"ok",NA
"660->350",1954,"350","Greece","GPH","660","Lebanon","GPH",177935.943060498,"660",NA,NA,NA,NA,NA,"ok",NA
"580->615",1954,"615","Algeria (Regency of Algiers)","GPH","580","Madagascar (Malagasy Republic)","GPH",355871.886120996,"580",NA,NA,NA,NA,NA,"ok",NA
"540->850",1954,"850","Indonesia (Dutch East Indies)","GPH","540","Angola","GPH",35587.1886120996,"540",NA,NA,NA,NA,NA,"ok",NA
"660->325",1954,"325","Italy","GPH","660","Lebanon","GPH",320284.697508897,"660",NA,NA,NA,NA,NA,"ok",NA
"770->645",1954,"645","Iraq (Mesopotamia)","GPH","770","Pakistan","GPH",142348.754448399,"770",NA,NA,NA,NA,NA,"ok",NA
"512->780",1954,"780","Sri Lanka (Ceylon)","GPH","512","Tanzania (Tanganyika)","GPH",71174.3772241993,"512",NA,NA,NA,NA,NA,"ok",NA
"41->200",1954,"200","United Kingdom","GPH","41","Haiti","GPH",427046.263345196,"41",NA,NA,NA,NA,NA,"ok",NA
"660->615",1954,"615","Algeria (Regency of Algiers)","GPH","660","Lebanon","GPH",35587.1886120996,"660",NA,NA,NA,NA,NA,"ok",NA
"100->52",1954,"52","Trinidad and Tobago","GPH","100","Colombia (New Granada) (Gran Colombia)","GPH",1174377.22419929,"100",NA,NA,NA,NA,NA,"ok",NA
"660->652",1954,"652","Syria","GPH","660","Lebanon","GPH",1672597.86476868,"660",NA,NA,NA,NA,NA,"ok",NA
"100->135",1954,"135","Peru","GPH","100","Colombia (New Granada) (Gran Colombia)","GPH",320284.697508897,"100",NA,NA,NA,NA,NA,"ok",NA
"770->630",1954,"630","Iran (Persia)","GPH","770","Pakistan","GPH",213523.131672598,"770",NA,NA,NA,NA,NA,"ok",NA
"135->145",1954,"145","Bolivia","GPH","135","Peru","GPH",1708185.05338078,"135",NA,NA,NA,NA,NA,"ok",NA
"600->920",1954,"920","New Zealand","GPH","600","Morocco","GPH",71174.3772241993,"600",NA,NA,NA,NA,NA,"ok",NA
"160->850",1954,"850","Indonesia (Dutch East Indies)","GPH","160","Argentina (La Plata)","GPH",35587.1886120996,"160",NA,NA,NA,NA,NA,"ok",NA
"95->91",1954,"91","Honduras","GPH","95","Panama","GPH",35587.1886120996,"95",NA,NA,NA,NA,NA,"ok",NA
"580->350",1954,"350","Greece","GPH","580","Madagascar (Malagasy Republic)","GPH",35587.1886120996,"580",NA,NA,NA,NA,NA,"ok",NA
"95->230",1954,"230","Spain","GPH","95","Panama","GPH",35587.1886120996,"95",NA,NA,NA,NA,NA,"ok",NA
"600->305",1954,"305","Austria","GPH","600","Morocco","GPH",320284.697508897,"600",NA,NA,NA,NA,NA,"ok",NA
"512->380",1954,"380","Sweden","GPH","512","Tanzania (Tanganyika)","GPH",142348.754448399,"512",NA,NA,NA,NA,NA,"ok",NA
"600->310",1954,"310","Hungary","GPH","600","Morocco","GPH",35587.1886120996,"600",NA,NA,NA,NA,NA,"ok",NA
"95->94",1954,"94","Costa Rica","GPH","95","Panama","GPH",142348.754448399,"95",NA,NA,NA,NA,NA,"ok",NA
"530->750",1954,"750","India","GPH","530","Ethiopia (Abyssinia)","GPH",71174.3772241993,"530",NA,NA,NA,NA,NA,"ok",NA
"41->40",1954,"40","Cuba","GPH","41","Haiti","GPH",35587.1886120996,"41",NA,NA,NA,NA,NA,"ok",NA
"645->651",1954,"651","Egypt Arab Republic (Egypt)","GPH","645","Iraq (Mesopotamia)","GPH",249110.320284698,"645",NA,NA,NA,NA,NA,"ok",NA
"600->235",1954,"235","Portugal","GPH","600","Morocco","GPH",889679.715302491,"600",NA,NA,NA,NA,NA,"ok",NA
"501->20",1954,"20","Canada (Province of Canada)","GPH","501","Kenya (British East Africa Protectorate)","GPH",676156.583629893,"501",NA,NA,NA,NA,NA,"ok",NA
"501->230",1954,"230","Spain","GPH","501","Kenya (British East Africa Protectorate)","GPH",35587.1886120996,"501",NA,NA,NA,NA,NA,"ok",NA
"501->205",1954,"205","Ireland","GPH","501","Kenya (British East Africa Protectorate)","GPH",35587.1886120996,"501",NA,NA,NA,NA,NA,"ok",NA
"615->471",1954,"471","Cameroun (French Cameroon)","GPH","615","Algeria (Regency of Algiers)","GPH",533807.829181495,"615",NA,NA,NA,NA,NA,"ok",NA
"645->780",1954,"780","Sri Lanka (Ceylon)","GPH","645","Iraq (Mesopotamia)","GPH",142348.754448399,"645",NA,NA,NA,NA,NA,"ok",NA
"616->305",1954,"305","Austria","GPH","616","Tunisia (Regency of Tunis)","GPH",142348.754448399,"616",NA,NA,NA,NA,NA,"ok",NA
"2->541",1954,"541","Mozambique (Portuguese East Africa)","GPH","2","United States of America","GPH",4982206.40569395,"2",NA,NA,NA,NA,NA,"ok",NA
"91->95",1954,"95","Panama","GPH","91","Honduras","GPH",35587.1886120996,"91",NA,NA,NA,NA,NA,"ok",NA
"91->51",1954,"51","Jamaica","GPH","91","Honduras","GPH",71174.3772241993,"91",NA,NA,NA,NA,NA,"ok",NA
"500->720",1954,"720","Hong Kong","GPH","500","Uganda","GPH",1245551.60142349,"500",NA,NA,NA,NA,NA,"ok",NA
"663->670",1954,"670","Saudi Arabia (Emirate of Nejd) (Emirate of Diriyah)","GPH","663","Jordan (Transjordan)","GPH",71174.3772241993,"663",NA,NA,NA,NA,NA,"ok",NA
"501->200",1954,"200","United Kingdom","GPH","501","Kenya (British East Africa Protectorate)","GPH",6583629.89323843,"501",NA,NA,NA,NA,NA,"ok",NA
"90->95",1954,"95","Panama","GPH","90","Guatemala","GPH",35587.1886120996,"90",NA,NA,NA,NA,NA,"ok",NA
"100->380",1954,"380","Sweden","GPH","100","Colombia (New Granada) (Gran Colombia)","GPH",3914590.74733096,"100",NA,NA,NA,NA,NA,"ok",NA
"375->640",1954,"640","Turkey (Ottoman Empire)","GPH","375","Finland","GPH",3558718.86120996,"375",NA,NA,NA,NA,NA,"ok",NA
"750->720",1954,"720","Hong Kong","GPH","750","India","GPH",2704626.33451957,"750",NA,NA,NA,NA,NA,"ok",NA
"750->490",1954,"490","Democratic Republic of the Congo (Zaire) (Kinshasa) (Belgian Congo) (Congo Free State)","GPH","750","India","GPH",213523.131672598,"750",NA,NA,NA,NA,NA,"ok",NA
"750->530",1954,"530","Ethiopia (Abyssinia)","GPH","750","India","GPH",2597864.76868327,"750",NA,NA,NA,NA,NA,"ok",NA
"52->325",1954,"325","Italy","GPH","52","Trinidad and Tobago","GPH",355871.886120996,"52",NA,NA,NA,NA,NA,"ok",NA
"385->230",1954,"230","Spain","GPH","385","Norway","GPH",3451957.29537367,"385",NA,NA,NA,NA,NA,"ok",NA
"750->710",1954,"710","People's Republic of China (China)","GPH","750","India","GPH",1316725.97864769,"750",NA,NA,NA,NA,NA,"ok",NA
"770->390",1954,"390","Denmark","GPH","770","Pakistan","GPH",142348.754448399,"770",NA,NA,NA,NA,NA,"ok",NA
"385->666",1954,"666","Israel","GPH","385","Norway","GPH",854092.526690391,"385",NA,NA,NA,NA,NA,"ok",NA
"590->560",1954,"560","South Africa","GPH","590","Mauritius","GPH",35587.1886120996,"590",NA,NA,NA,NA,NA,"ok",NA
"750->900",1954,"900","Australia","GPH","750","India","GPH",16939501.7793594,"750",NA,NA,NA,NA,NA,"ok",NA
"750->651",1954,"651","Egypt Arab Republic (Egypt)","GPH","750","India","GPH",4733096.08540925,"750",NA,NA,NA,NA,NA,"ok",NA
"40->90",1954,"90","Guatemala","GPH","40","Cuba","GPH",35587.1886120996,"40",NA,NA,NA,NA,NA,"ok",NA
"750->775",1954,"775","Myanmar (Burma)","GPH","750","India","GPH",12419928.8256228,"750",NA,NA,NA,NA,NA,"ok",NA
"750->160",1954,"160","Argentina (La Plata)","GPH","750","India","GPH",10213523.1316726,"750",NA,NA,NA,NA,NA,"ok",NA
"750->94",1954,"94","Costa Rica","GPH","750","India","GPH",35587.1886120996,"750",NA,NA,NA,NA,NA,"ok",NA
"750->70",1954,"70","Mexico","GPH","750","India","GPH",71174.3772241993,"750",NA,NA,NA,NA,NA,"ok",NA
"750->380",1954,"380","Sweden","GPH","750","India","GPH",1209964.41281139,"750",NA,NA,NA,NA,NA,"ok",NA
"541->385",1954,"385","Norway","GPH","541","Mozambique (Portuguese East Africa)","GPH",462633.451957295,"541",NA,NA,NA,NA,NA,"ok",NA
"750->305",1954,"305","Austria","GPH","750","India","GPH",213523.131672598,"750",NA,NA,NA,NA,NA,"ok",NA
"385->530",1954,"530","Ethiopia (Abyssinia)","GPH","385","Norway","GPH",106761.565836299,"385",NA,NA,NA,NA,NA,"ok",NA
"40->710",1954,"710","People's Republic of China (China)","GPH","40","Cuba","GPH",427046.263345196,"40",NA,NA,NA,NA,NA,"ok",NA
"750->560",1954,"560","South Africa","GPH","750","India","GPH",35587.1886120996,"750",NA,NA,NA,NA,NA,"ok",NA
"750->101",1954,"101","Venezuela","GPH","750","India","GPH",71174.3772241993,"750",NA,NA,NA,NA,NA,"ok",NA
"615->385",1954,"385","Norway","GPH","615","Algeria (Regency of Algiers)","GPH",35587.1886120996,"615",NA,NA,NA,NA,NA,"ok",NA
"40->41",1954,"41","Haiti","GPH","40","Cuba","GPH",35587.1886120996,"40",NA,NA,NA,NA,NA,"ok",NA
"475->385",1954,"385","Norway","GPH","475","Nigeria","GPH",533807.829181495,"475",NA,NA,NA,NA,NA,"ok",NA
"41->220",1954,"220","France","GPH","41","Haiti","GPH",2562277.58007117,"41",NA,NA,NA,NA,NA,"ok",NA
"225->115",1954,"115","Surinam (Dutch Guiana)","GPH","225","Switzerland","GPH",35587.1886120996,"225",NA,NA,NA,NA,NA,"ok",NA
"750->375",1954,"375","Finland","GPH","750","India","GPH",177935.943060498,"750",NA,NA,NA,NA,NA,"ok",NA
"780->740",1954,"740","Japan","GPH","780","Sri Lanka (Ceylon)","GPH",1067615.65836299,"780",NA,NA,NA,NA,NA,"ok",NA
"205->305",1954,"305","Austria","GPH","205","Ireland","GPH",35587.1886120996,"205",NA,NA,NA,NA,NA,"ok",NA
"780->165",1954,"165","Uruguay","GPH","780","Sri Lanka (Ceylon)","GPH",284697.508896797,"780",NA,NA,NA,NA,NA,"ok",NA
"780->200",1954,"200","United Kingdom","GPH","780","Sri Lanka (Ceylon)","GPH",37508896.797153,"780",NA,NA,NA,NA,NA,"ok",NA
"475->560",1954,"560","South Africa","GPH","475","Nigeria","GPH",177935.943060498,"475",NA,NA,NA,NA,NA,"ok",NA
"93->325",1954,"325","Italy","GPH","93","Nicaragua","GPH",71174.3772241993,"93",NA,NA,NA,NA,NA,"ok",NA
"375->800",1954,"800","Thailand (Siam)","GPH","375","Finland","GPH",71174.3772241993,"375",NA,NA,NA,NA,NA,"ok",NA
"375->352",1954,"352","Cyprus","GPH","375","Finland","GPH",106761.565836299,"375",NA,NA,NA,NA,NA,"ok",NA
"225->560",1954,"560","South Africa","GPH","225","Switzerland","GPH",4590747.33096085,"225",NA,NA,NA,NA,NA,"ok",NA
"225->255",1954,"255","Germany (Zollverein)","GPH","225","Switzerland","GPH",53060498.2206406,"225",NA,NA,NA,NA,NA,"ok",NA
"500->750",1954,"750","India","GPH","500","Uganda","GPH",9359430.60498221,"500",NA,NA,NA,NA,NA,"ok",NA
"750->91",1954,"91","Honduras","GPH","750","India","GPH",35587.1886120996,"750",NA,NA,NA,NA,NA,"ok",NA
"390->205",1954,"205","Ireland","GPH","390","Denmark","GPH",747330.960854092,"390",NA,NA,NA,NA,NA,"ok",NA
"616->2",1954,"2","United States of America","GPH","616","Tunisia (Regency of Tunis)","GPH",889679.715302491,"616",NA,NA,NA,NA,NA,"ok",NA
"640->210",1954,"210","Netherlands","GPH","640","Turkey (Ottoman Empire)","GPH",1174377.22419929,"640",NA,NA,NA,NA,NA,"ok",NA
"475->210",1954,"210","Netherlands","GPH","475","Nigeria","GPH",9572953.7366548,"475",NA,NA,NA,NA,NA,"ok",NA
"225->652",1954,"652","Syria","GPH","225","Switzerland","GPH",1138790.03558719,"225",NA,NA,NA,NA,NA,"ok",NA
"93->380",1954,"380","Sweden","GPH","93","Nicaragua","GPH",391459.074733096,"93",NA,NA,NA,NA,NA,"ok",NA
"205->380",1954,"380","Sweden","GPH","205","Ireland","GPH",462633.451957295,"205",NA,NA,NA,NA,NA,"ok",NA
"205->920",1954,"920","New Zealand","GPH","205","Ireland","GPH",35587.1886120996,"205",NA,NA,NA,NA,NA,"ok",NA
"205->225",1954,"225","Switzerland","GPH","205","Ireland","GPH",106761.565836299,"205",NA,NA,NA,NA,NA,"ok",NA
"205->385",1954,"385","Norway","GPH","205","Ireland","GPH",142348.754448399,"205",NA,NA,NA,NA,NA,"ok",NA
"205->720",1954,"720","Hong Kong","GPH","205","Ireland","GPH",35587.1886120996,"205",NA,NA,NA,NA,NA,"ok",NA
"205->560",1954,"560","South Africa","GPH","205","Ireland","GPH",71174.3772241993,"205",NA,NA,NA,NA,NA,"ok",NA
"625->660",1954,"660","Lebanon","GPH","625","Sudan (Anglo-Egyptian Sudan) (Mahdist State)","GPH",106761.565836299,"625",NA,NA,NA,NA,NA,"ok",NA
"205->200",1954,"200","United Kingdom","GPH","205","Ireland","GPH",101637010.676157,"205",NA,NA,NA,NA,NA,"ok",NA
"205->640",1954,"640","Turkey (Ottoman Empire)","GPH","205","Ireland","GPH",35587.1886120996,"205",NA,NA,NA,NA,NA,"ok",NA
"165->350",1954,"350","Greece","GPH","165","Uruguay","GPH",284697.508896797,"165",NA,NA,NA,NA,NA,"ok",NA
"490->390",1954,"390","Denmark","GPH","490","Democratic Republic of the Congo (Zaire) (Kinshasa) (Belgian Congo) (Congo Free State)","GPH",676156.583629893,"490",NA,NA,NA,NA,NA,"ok",NA
"390->375",1954,"375","Finland","GPH","390","Denmark","GPH",5088967.97153025,"390",NA,NA,NA,NA,NA,"ok",NA
"390->352",1954,"352","Cyprus","GPH","390","Denmark","GPH",142348.754448399,"390",NA,NA,NA,NA,NA,"ok",NA
"390->385",1954,"385","Norway","GPH","390","Denmark","GPH",13060498.2206406,"390",NA,NA,NA,NA,NA,"ok",NA
"390->290",1954,"290","Poland","GPH","390","Denmark","GPH",1743772.24199288,"390",NA,NA,NA,NA,NA,"ok",NA
"390->235",1954,"235","Portugal","GPH","390","Denmark","GPH",462633.451957295,"390",NA,NA,NA,NA,NA,"ok",NA
"490->560",1954,"560","South Africa","GPH","490","Democratic Republic of the Congo (Zaire) (Kinshasa) (Belgian Congo) (Congo Free State)","GPH",1672597.86476868,"490",NA,NA,NA,NA,NA,"ok",NA
"390->230",1954,"230","Spain","GPH","390","Denmark","GPH",1459074.73309609,"390",NA,NA,NA,NA,NA,"ok",NA
"390->255",1954,"255","Germany (Zollverein)","GPH","390","Denmark","GPH",49181494.6619217,"390",NA,NA,NA,NA,NA,"ok",NA
"390->210",1954,"210","Netherlands","GPH","390","Denmark","GPH",5373665.48042705,"390",NA,NA,NA,NA,NA,"ok",NA
"390->651",1954,"651","Egypt Arab Republic (Egypt)","GPH","390","Denmark","GPH",1672597.86476868,"390",NA,NA,NA,NA,NA,"ok",NA
"490->230",1954,"230","Spain","GPH","490","Democratic Republic of the Congo (Zaire) (Kinshasa) (Belgian Congo) (Congo Free State)","GPH",71174.3772241993,"490",NA,NA,NA,NA,NA,"ok",NA
"490->750",1954,"750","India","GPH","490","Democratic Republic of the Congo (Zaire) (Kinshasa) (Belgian Congo) (Congo Free State)","GPH",2028469.75088968,"490",NA,NA,NA,NA,NA,"ok",NA
"490->770",1954,"770","Pakistan","GPH","490","Democratic Republic of the Congo (Zaire) (Kinshasa) (Belgian Congo) (Congo Free State)","GPH",35587.1886120996,"490",NA,NA,NA,NA,NA,"ok",NA
"390->2",1954,"2","United States of America","GPH","390","Denmark","GPH",20427046.2633452,"390",NA,NA,NA,NA,NA,"ok",NA
"390->200",1954,"200","United Kingdom","GPH","390","Denmark","GPH",122811387.900356,"390",NA,NA,NA,NA,NA,"ok",NA
"490->325",1954,"325","Italy","GPH","490","Democratic Republic of the Congo (Zaire) (Kinshasa) (Belgian Congo) (Congo Free State)","GPH",4590747.33096085,"490",NA,NA,NA,NA,NA,"ok",NA
"490->255",1954,"255","Germany (Zollverein)","GPH","490","Democratic Republic of the Congo (Zaire) (Kinshasa) (Belgian Congo) (Congo Free State)","GPH",4804270.46263345,"490",NA,NA,NA,NA,NA,"ok",NA
"490->600",1954,"600","Morocco","GPH","490","Democratic Republic of the Congo (Zaire) (Kinshasa) (Belgian Congo) (Congo Free State)","GPH",35587.1886120996,"490",NA,NA,NA,NA,NA,"ok",NA
"780->350",1954,"350","Greece","GPH","780","Sri Lanka (Ceylon)","GPH",142348.754448399,"780",NA,NA,NA,NA,NA,"ok",NA
"850->541",1954,"541","Mozambique (Portuguese East Africa)","GPH","850","Indonesia (Dutch East Indies)","GPH",604982.206405694,"850",NA,NA,NA,NA,NA,"ok",NA
"850->230",1954,"230","Spain","GPH","850","Indonesia (Dutch East Indies)","GPH",142348.754448399,"850",NA,NA,NA,NA,NA,"ok",NA
"651->352",1954,"352","Cyprus","GPH","651","Egypt Arab Republic (Egypt)","GPH",142348.754448399,"651",NA,NA,NA,NA,NA,"ok",NA
"165->225",1954,"225","Switzerland","GPH","165","Uruguay","GPH",1814946.61921708,"165",NA,NA,NA,NA,NA,"ok",NA
"750->670",1954,"670","Saudi Arabia (Emirate of Nejd) (Emirate of Diriyah)","GPH","750","India","GPH",2206405.69395018,"750",NA,NA,NA,NA,NA,"ok",NA
"165->390",1954,"390","Denmark","GPH","165","Uruguay","GPH",925266.903914591,"165",NA,NA,NA,NA,NA,"ok",NA
"91->90",1954,"90","Guatemala","GPH","91","Honduras","GPH",106761.565836299,"91",NA,NA,NA,NA,NA,"ok",NA
"780->541",1954,"541","Mozambique (Portuguese East Africa)","GPH","780","Sri Lanka (Ceylon)","GPH",71174.3772241993,"780",NA,NA,NA,NA,NA,"ok",NA
"165->100",1954,"100","Colombia (New Granada) (Gran Colombia)","GPH","165","Uruguay","GPH",498220.640569395,"165",NA,NA,NA,NA,NA,"ok",NA
"225->310",1954,"310","Hungary","GPH","225","Switzerland","GPH",1957295.37366548,"225",NA,NA,NA,NA,NA,"ok",NA
"92->375",1954,"375","Finland","GPH","92","El Salvador","GPH",35587.1886120996,"92",NA,NA,NA,NA,NA,"ok",NA
"780->501",1954,"501","Kenya (British East Africa Protectorate)","GPH","780","Sri Lanka (Ceylon)","GPH",35587.1886120996,"780",NA,NA,NA,NA,NA,"ok",NA
"100->325",1954,"325","Italy","GPH","100","Colombia (New Granada) (Gran Colombia)","GPH",1316725.97864769,"100",NA,NA,NA,NA,NA,"ok",NA
"780->155",1954,"155","Chile","GPH","780","Sri Lanka (Ceylon)","GPH",106761.565836299,"780",NA,NA,NA,NA,NA,"ok",NA
"780->900",1954,"900","Australia","GPH","780","Sri Lanka (Ceylon)","GPH",12918149.4661922,"780",NA,NA,NA,NA,NA,"ok",NA
"92->2",1954,"2","United States of America","GPH","92","El Salvador","GPH",26939501.7793594,"92",NA,NA,NA,NA,NA,"ok",NA
"600->640",1954,"640","Turkey (Ottoman Empire)","GPH","600","Morocco","GPH",35587.1886120996,"600",NA,NA,NA,NA,NA,"ok",NA
"660->740",1954,"740","Japan","GPH","660","Lebanon","GPH",35587.1886120996,"660",NA,NA,NA,NA,NA,"ok",NA
"780->652",1954,"652","Syria","GPH","780","Sri Lanka (Ceylon)","GPH",427046.263345196,"780",NA,NA,NA,NA,NA,"ok",NA
"225->740",1954,"740","Japan","GPH","225","Switzerland","GPH",3736654.80427046,"225",NA,NA,NA,NA,NA,"ok",NA
"225->600",1954,"600","Morocco","GPH","225","Switzerland","GPH",1316725.97864769,"225",NA,NA,NA,NA,NA,"ok",NA
"160->750",1954,"750","India","GPH","160","Argentina (La Plata)","GPH",249110.320284698,"160",NA,NA,NA,NA,NA,"ok",NA
"205->780",1954,"780","Sri Lanka (Ceylon)","GPH","205","Ireland","GPH",142348.754448399,"205",NA,NA,NA,NA,NA,"ok",NA
"512->625",1954,"625","Sudan (Anglo-Egyptian Sudan) (Mahdist State)","GPH","512","Tanzania (Tanganyika)","GPH",462633.451957295,"512",NA,NA,NA,NA,NA,"ok",NA
"165->385",1954,"385","Norway","GPH","165","Uruguay","GPH",177935.943060498,"165",NA,NA,NA,NA,NA,"ok",NA
"580->651",1954,"651","Egypt Arab Republic (Egypt)","GPH","580","Madagascar (Malagasy Republic)","GPH",71174.3772241993,"580",NA,NA,NA,NA,NA,"ok",NA
"780->220",1954,"220","France","GPH","780","Sri Lanka (Ceylon)","GPH",1032028.46975089,"780",NA,NA,NA,NA,NA,"ok",NA
"780->325",1954,"325","Italy","GPH","780","Sri Lanka (Ceylon)","GPH",2526690.39145907,"780",NA,NA,NA,NA,NA,"ok",NA
"600->740",1954,"740","Japan","GPH","600","Morocco","GPH",284697.508896797,"600",NA,NA,NA,NA,NA,"ok",NA
"651->670",1954,"670","Saudi Arabia (Emirate of Nejd) (Emirate of Diriyah)","GPH","651","Egypt Arab Republic (Egypt)","GPH",1886120.99644128,"651",NA,NA,NA,NA,NA,"ok",NA
"651->640",1954,"640","Turkey (Ottoman Empire)","GPH","651","Egypt Arab Republic (Egypt)","GPH",498220.640569395,"651",NA,NA,NA,NA,NA,"ok",NA
"512->20",1954,"20","Canada (Province of Canada)","GPH","512","Tanzania (Tanganyika)","GPH",1103202.84697509,"512",NA,NA,NA,NA,NA,"ok",NA
"580->740",1954,"740","Japan","GPH","580","Madagascar (Malagasy Republic)","GPH",35587.1886120996,"580",NA,NA,NA,NA,NA,"ok",NA
"590->580",1954,"580","Madagascar (Malagasy Republic)","GPH","590","Mauritius","GPH",35587.1886120996,"590",NA,NA,NA,NA,NA,"ok",NA
"750->140",1954,"140","Brazil","GPH","750","India","GPH",71174.3772241993,"750",NA,NA,NA,NA,NA,"ok",NA
"165->325",1954,"325","Italy","GPH","165","Uruguay","GPH",2775800.71174377,"165",NA,NA,NA,NA,NA,"ok",NA
"160->135",1954,"135","Peru","GPH","160","Argentina (La Plata)","GPH",6120996.44128114,"160",NA,NA,NA,NA,NA,"ok",NA
"780->750",1954,"750","India","GPH","780","Sri Lanka (Ceylon)","GPH",5551601.42348754,"780",NA,NA,NA,NA,NA,"ok",NA
"225->210",1954,"210","Netherlands","GPH","225","Switzerland","GPH",17153024.911032,"225",NA,NA,NA,NA,NA,"ok",NA
"780->775",1954,"775","Myanmar (Burma)","GPH","780","Sri Lanka (Ceylon)","GPH",569395.017793594,"780",NA,NA,NA,NA,NA,"ok",NA
"780->720",1954,"720","Hong Kong","GPH","780","Sri Lanka (Ceylon)","GPH",355871.886120996,"780",NA,NA,NA,NA,NA,"ok",NA
"165->740",1954,"740","Japan","GPH","165","Uruguay","GPH",2953736.65480427,"165",NA,NA,NA,NA,NA,"ok",NA
"225->541",1954,"541","Mozambique (Portuguese East Africa)","GPH","225","Switzerland","GPH",213523.131672598,"225",NA,NA,NA,NA,NA,"ok",NA
"100->93",1954,"93","Nicaragua","GPH","100","Colombia (New Granada) (Gran Colombia)","GPH",106761.565836299,"100",NA,NA,NA,NA,NA,"ok",NA
"100->20",1954,"20","Canada (Province of Canada)","GPH","100","Colombia (New Granada) (Gran Colombia)","GPH",3843416.37010676,"100",NA,NA,NA,NA,NA,"ok",NA
"660->651",1954,"651","Egypt Arab Republic (Egypt)","GPH","660","Lebanon","GPH",960854.09252669,"660",NA,NA,NA,NA,NA,"ok",NA
"100->92",1954,"92","El Salvador","GPH","100","Colombia (New Granada) (Gran Colombia)","GPH",71174.3772241993,"100",NA,NA,NA,NA,NA,"ok",NA
"100->95",1954,"95","Panama","GPH","100","Colombia (New Granada) (Gran Colombia)","GPH",249110.320284698,"100",NA,NA,NA,NA,NA,"ok",NA
"225->145",1954,"145","Bolivia","GPH","225","Switzerland","GPH",569395.017793594,"225",NA,NA,NA,NA,NA,"ok",NA
"652->710",1954,"710","People's Republic of China (China)","GPH","652","Syria","GPH",213523.131672598,"652",NA,NA,NA,NA,NA,"ok",NA
"225->385",1954,"385","Norway","GPH","225","Switzerland","GPH",4270462.63345196,"225",NA,NA,NA,NA,NA,"ok",NA
"580->255",1954,"255","Germany (Zollverein)","GPH","580","Madagascar (Malagasy Republic)","GPH",213523.131672598,"580",NA,NA,NA,NA,NA,"ok",NA
"101->225",1954,"225","Switzerland","GPH","101","Venezuela","GPH",213523.131672598,"101",NA,NA,NA,NA,NA,"ok",NA
"225->732",1954,"732","South Korea (Republic of South Korea)","GPH","225","Switzerland","GPH",35587.1886120996,"225",NA,NA,NA,NA,NA,"ok",NA
"645->660",1954,"660","Lebanon","GPH","645","Iraq (Mesopotamia)","GPH",569395.017793594,"645",NA,NA,NA,NA,NA,"ok",NA
"93->200",1954,"200","United Kingdom","GPH","93","Nicaragua","GPH",2633451.95729537,"93",NA,NA,NA,NA,NA,"ok",NA
"660->225",1954,"225","Switzerland","GPH","660","Lebanon","GPH",71174.3772241993,"660",NA,NA,NA,NA,NA,"ok",NA
"660->352",1954,"352","Cyprus","GPH","660","Lebanon","GPH",177935.943060498,"660",NA,NA,NA,NA,NA,"ok",NA
"660->220",1954,"220","France","GPH","660","Lebanon","GPH",498220.640569395,"660",NA,NA,NA,NA,NA,"ok",NA
"652->2",1954,"2","United States of America","GPH","652","Syria","GPH",1921708.18505338,"652",NA,NA,NA,NA,NA,"ok",NA
"100->155",1954,"155","Chile","GPH","100","Colombia (New Granada) (Gran Colombia)","GPH",35587.1886120996,"100",NA,NA,NA,NA,NA,"ok",NA
"225->390",1954,"390","Denmark","GPH","225","Switzerland","GPH",8825622.77580071,"225",NA,NA,NA,NA,NA,"ok",NA
"225->355",1954,"355","Bulgaria","GPH","225","Switzerland","GPH",355871.886120996,"225",NA,NA,NA,NA,NA,"ok",NA
"225->900",1954,"900","Australia","GPH","225","Switzerland","GPH",8434163.70106762,"225",NA,NA,NA,NA,NA,"ok",NA
"225->68",1954,"68","Netherlands Antilles","GPH","225","Switzerland","GPH",284697.508896797,"225",NA,NA,NA,NA,NA,"ok",NA
"225->155",1954,"155","Chile","GPH","225","Switzerland","GPH",1423487.54448399,"225",NA,NA,NA,NA,NA,"ok",NA
"225->93",1954,"93","Nicaragua","GPH","225","Switzerland","GPH",177935.943060498,"225",NA,NA,NA,NA,NA,"ok",NA
"471->600",1954,"600","Morocco","GPH","471","Cameroun (French Cameroon)","GPH",71174.3772241993,"471",NA,NA,NA,NA,NA,"ok",NA
"471->615",1954,"615","Algeria (Regency of Algiers)","GPH","471","Cameroun (French Cameroon)","GPH",320284.697508897,"471",NA,NA,NA,NA,NA,"ok",NA
"660->255",1954,"255","Germany (Zollverein)","GPH","660","Lebanon","GPH",284697.508896797,"660",NA,NA,NA,NA,NA,"ok",NA
"475->490",1954,"490","Democratic Republic of the Congo (Zaire) (Kinshasa) (Belgian Congo) (Congo Free State)","GPH","475","Nigeria","GPH",35587.1886120996,"475",NA,NA,NA,NA,NA,"ok",NA
"100->255",1954,"255","Germany (Zollverein)","GPH","100","Colombia (New Granada) (Gran Colombia)","GPH",12704626.3345196,"100",NA,NA,NA,NA,NA,"ok",NA
"225->540",1954,"540","Angola","GPH","225","Switzerland","GPH",249110.320284698,"225",NA,NA,NA,NA,NA,"ok",NA
"652->645",1954,"645","Iraq (Mesopotamia)","GPH","652","Syria","GPH",1601423.48754448,"652",NA,NA,NA,NA,NA,"ok",NA
"225->235",1954,"235","Portugal","GPH","225","Switzerland","GPH",4128113.87900356,"225",NA,NA,NA,NA,NA,"ok",NA
"580->600",1954,"600","Morocco","GPH","580","Madagascar (Malagasy Republic)","GPH",35587.1886120996,"580",NA,NA,NA,NA,NA,"ok",NA
"652->640",1954,"640","Turkey (Ottoman Empire)","GPH","652","Syria","GPH",35587.1886120996,"652",NA,NA,NA,NA,NA,"ok",NA
"780->20",1954,"20","Canada (Province of Canada)","GPH","780","Sri Lanka (Ceylon)","GPH",5266903.91459075,"780",NA,NA,NA,NA,NA,"ok",NA
"91->94",1954,"94","Costa Rica","GPH","91","Honduras","GPH",106761.565836299,"91",NA,NA,NA,NA,NA,"ok",NA
"160->350",1954,"350","Greece","GPH","160","Argentina (La Plata)","GPH",355871.886120996,"160",NA,NA,NA,NA,NA,"ok",NA
"780->70",1954,"70","Mexico","GPH","780","Sri Lanka (Ceylon)","GPH",355871.886120996,"780",NA,NA,NA,NA,NA,"ok",NA
"93->20",1954,"20","Canada (Province of Canada)","GPH","93","Nicaragua","GPH",35587.1886120996,"93",NA,NA,NA,NA,NA,"ok",NA
"225->91",1954,"91","Honduras","GPH","225","Switzerland","GPH",106761.565836299,"225",NA,NA,NA,NA,NA,"ok",NA
"225->100",1954,"100","Colombia (New Granada) (Gran Colombia)","GPH","225","Switzerland","GPH",4270462.63345196,"225",NA,NA,NA,NA,NA,"ok",NA
"225->475",1954,"475","Nigeria","GPH","225","Switzerland","GPH",498220.640569395,"225",NA,NA,NA,NA,NA,"ok",NA
"780->205",1954,"205","Ireland","GPH","780","Sri Lanka (Ceylon)","GPH",498220.640569395,"780",NA,NA,NA,NA,NA,"ok",NA
"541->325",1954,"325","Italy","GPH","541","Mozambique (Portuguese East Africa)","GPH",427046.263345196,"541",NA,NA,NA,NA,NA,"ok",NA
"93->210",1954,"210","Netherlands","GPH","93","Nicaragua","GPH",1209964.41281139,"93",NA,NA,NA,NA,NA,"ok",NA
"475->255",1954,"255","Germany (Zollverein)","GPH","475","Nigeria","GPH",4519572.95373665,"475",NA,NA,NA,NA,NA,"ok",NA
"93->95",1954,"95","Panama","GPH","93","Nicaragua","GPH",71174.3772241993,"93",NA,NA,NA,NA,NA,"ok",NA
"2->165",1954,"165","Uruguay","GPH","2","United States of America","GPH",16370106.7615658,"2",NA,NA,NA,NA,NA,"ok",NA
"2->160",1954,"160","Argentina (La Plata)","GPH","2","United States of America","GPH",46263345.1957295,"2",NA,NA,NA,NA,NA,"ok",NA
"130->255",1954,"255","Germany (Zollverein)","GPH","130","Ecuador","GPH",2597864.76868327,"130",NA,NA,NA,NA,NA,"ok",NA
"616->225",1954,"225","Switzerland","GPH","616","Tunisia (Regency of Tunis)","GPH",35587.1886120996,"616",NA,NA,NA,NA,NA,"ok",NA
"651->710",1954,"710","People's Republic of China (China)","GPH","651","Egypt Arab Republic (Egypt)","GPH",4056939.50177936,"651",NA,NA,NA,NA,NA,"ok",NA
"850->900",1954,"900","Australia","GPH","850","Indonesia (Dutch East Indies)","GPH",10782918.1494662,"850",NA,NA,NA,NA,NA,"ok",NA
"651->70",1954,"70","Mexico","GPH","651","Egypt Arab Republic (Egypt)","GPH",35587.1886120996,"651",NA,NA,NA,NA,NA,"ok",NA
"651->380",1954,"380","Sweden","GPH","651","Egypt Arab Republic (Egypt)","GPH",498220.640569395,"651",NA,NA,NA,NA,NA,"ok",NA
"651->350",1954,"350","Greece","GPH","651","Egypt Arab Republic (Egypt)","GPH",498220.640569395,"651",NA,NA,NA,NA,NA,"ok",NA
"660->640",1954,"640","Turkey (Ottoman Empire)","GPH","660","Lebanon","GPH",106761.565836299,"660",NA,NA,NA,NA,NA,"ok",NA
"490->305",1954,"305","Austria","GPH","490","Democratic Republic of the Congo (Zaire) (Kinshasa) (Belgian Congo) (Congo Free State)","GPH",35587.1886120996,"490",NA,NA,NA,NA,NA,"ok",NA
"375->670",1954,"670","Saudi Arabia (Emirate of Nejd) (Emirate of Diriyah)","GPH","375","Finland","GPH",71174.3772241993,"375",NA,NA,NA,NA,NA,"ok",NA
"770->580",1954,"580","Madagascar (Malagasy Republic)","GPH","770","Pakistan","GPH",71174.3772241993,"770",NA,NA,NA,NA,NA,"ok",NA
"160->305",1954,"305","Austria","GPH","160","Argentina (La Plata)","GPH",4056939.50177936,"160",NA,NA,NA,NA,NA,"ok",NA
"160->130",1954,"130","Ecuador","GPH","160","Argentina (La Plata)","GPH",35587.1886120996,"160",NA,NA,NA,NA,NA,"ok",NA
"600->380",1954,"380","Sweden","GPH","600","Morocco","GPH",1494661.92170818,"600",NA,NA,NA,NA,NA,"ok",NA
"200->100",1954,"100","Colombia (New Granada) (Gran Colombia)","GPH","200","United Kingdom","GPH",9430604.98220641,"200",NA,NA,NA,NA,NA,"ok",NA
"101->140",1954,"140","Brazil","GPH","101","Venezuela","GPH",24128113.8790036,"101",NA,NA,NA,NA,NA,"ok",NA
"770->20",1954,"20","Canada (Province of Canada)","GPH","770","Pakistan","GPH",177935.943060498,"770",NA,NA,NA,NA,NA,"ok",NA
"770->375",1954,"375","Finland","GPH","770","Pakistan","GPH",71174.3772241993,"770",NA,NA,NA,NA,NA,"ok",NA
"770->235",1954,"235","Portugal","GPH","770","Pakistan","GPH",533807.829181495,"770",NA,NA,NA,NA,NA,"ok",NA
"100->70",1954,"70","Mexico","GPH","100","Colombia (New Granada) (Gran Colombia)","GPH",35587.1886120996,"100",NA,NA,NA,NA,NA,"ok",NA
"770->651",1954,"651","Egypt Arab Republic (Egypt)","GPH","770","Pakistan","GPH",177935.943060498,"770",NA,NA,NA,NA,NA,"ok",NA
"770->775",1954,"775","Myanmar (Burma)","GPH","770","Pakistan","GPH",106761.565836299,"770",NA,NA,NA,NA,NA,"ok",NA
"375->355",1954,"355","Bulgaria","GPH","375","Finland","GPH",177935.943060498,"375",NA,NA,NA,NA,NA,"ok",NA
"100->210",1954,"210","Netherlands","GPH","100","Colombia (New Granada) (Gran Colombia)","GPH",5266903.91459075,"100",NA,NA,NA,NA,NA,"ok",NA
"600->135",1954,"135","Peru","GPH","600","Morocco","GPH",35587.1886120996,"600",NA,NA,NA,NA,NA,"ok",NA
"600->471",1954,"471","Cameroun (French Cameroon)","GPH","600","Morocco","GPH",782918.149466192,"600",NA,NA,NA,NA,NA,"ok",NA
"41->740",1954,"740","Japan","GPH","41","Haiti","GPH",106761.565836299,"41",NA,NA,NA,NA,NA,"ok",NA
"160->225",1954,"225","Switzerland","GPH","160","Argentina (La Plata)","GPH",8469750.88967972,"160",NA,NA,NA,NA,NA,"ok",NA
"160->290",1954,"290","Poland","GPH","160","Argentina (La Plata)","GPH",8362989.32384342,"160",NA,NA,NA,NA,NA,"ok",NA
"91->101",1954,"101","Venezuela","GPH","91","Honduras","GPH",213523.131672598,"91",NA,NA,NA,NA,NA,"ok",NA
"91->2",1954,"2","United States of America","GPH","91","Honduras","GPH",15622775.8007117,"91",NA,NA,NA,NA,NA,"ok",NA
"375->651",1954,"651","Egypt Arab Republic (Egypt)","GPH","375","Finland","GPH",3416370.10676157,"375",NA,NA,NA,NA,NA,"ok",NA
"615->670",1954,"670","Saudi Arabia (Emirate of Nejd) (Emirate of Diriyah)","GPH","615","Algeria (Regency of Algiers)","GPH",35587.1886120996,"615",NA,NA,NA,NA,NA,"ok",NA
"95->100",1954,"100","Colombia (New Granada) (Gran Colombia)","GPH","95","Panama","GPH",142348.754448399,"95",NA,NA,NA,NA,NA,"ok",NA
"600->20",1954,"20","Canada (Province of Canada)","GPH","600","Morocco","GPH",106761.565836299,"600",NA,NA,NA,NA,NA,"ok",NA
"375->710",1954,"710","People's Republic of China (China)","GPH","375","Finland","GPH",2348754.44839858,"375",NA,NA,NA,NA,NA,"ok",NA
"135->750",1954,"750","India","GPH","135","Peru","GPH",747330.960854092,"135",NA,NA,NA,NA,NA,"ok",NA
"501->750",1954,"750","India","GPH","501","Kenya (British East Africa Protectorate)","GPH",1672597.86476868,"501",NA,NA,NA,NA,NA,"ok",NA
"501->770",1954,"770","Pakistan","GPH","501","Kenya (British East Africa Protectorate)","GPH",35587.1886120996,"501",NA,NA,NA,NA,NA,"ok",NA
"616->600",1954,"600","Morocco","GPH","616","Tunisia (Regency of Tunis)","GPH",462633.451957295,"616",NA,NA,NA,NA,NA,"ok",NA
"91->255",1954,"255","Germany (Zollverein)","GPH","91","Honduras","GPH",142348.754448399,"91",NA,NA,NA,NA,NA,"ok",NA
"101->160",1954,"160","Argentina (La Plata)","GPH","101","Venezuela","GPH",12028469.7508897,"101",NA,NA,NA,NA,NA,"ok",NA
"101->52",1954,"52","Trinidad and Tobago","GPH","101","Venezuela","GPH",15765124.5551601,"101",NA,NA,NA,NA,NA,"ok",NA
"501->385",1954,"385","Norway","GPH","501","Kenya (British East Africa Protectorate)","GPH",35587.1886120996,"501",NA,NA,NA,NA,NA,"ok",NA
"501->350",1954,"350","Greece","GPH","501","Kenya (British East Africa Protectorate)","GPH",106761.565836299,"501",NA,NA,NA,NA,NA,"ok",NA
"501->390",1954,"390","Denmark","GPH","501","Kenya (British East Africa Protectorate)","GPH",249110.320284698,"501",NA,NA,NA,NA,NA,"ok",NA
"94->91",1954,"91","Honduras","GPH","94","Costa Rica","GPH",106761.565836299,"94",NA,NA,NA,NA,NA,"ok",NA
"500->220",1954,"220","France","GPH","500","Uganda","GPH",427046.263345196,"500",NA,NA,NA,NA,NA,"ok",NA
"501->490",1954,"490","Democratic Republic of the Congo (Zaire) (Kinshasa) (Belgian Congo) (Congo Free State)","GPH","501","Kenya (British East Africa Protectorate)","GPH",355871.886120996,"501",NA,NA,NA,NA,NA,"ok",NA
"501->580",1954,"580","Madagascar (Malagasy Republic)","GPH","501","Kenya (British East Africa Protectorate)","GPH",71174.3772241993,"501",NA,NA,NA,NA,NA,"ok",NA
"501->255",1954,"255","Germany (Zollverein)","GPH","501","Kenya (British East Africa Protectorate)","GPH",3238434.16370107,"501",NA,NA,NA,NA,NA,"ok",NA
"390->225",1954,"225","Switzerland","GPH","390","Denmark","GPH",4804270.46263345,"390",NA,NA,NA,NA,NA,"ok",NA
"501->160",1954,"160","Argentina (La Plata)","GPH","501","Kenya (British East Africa Protectorate)","GPH",106761.565836299,"501",NA,NA,NA,NA,NA,"ok",NA
"775->780",1954,"780","Sri Lanka (Ceylon)","GPH","775","Myanmar (Burma)","GPH",9003558.71886121,"775",NA,NA,NA,NA,NA,"ok",NA
"135->94",1954,"94","Costa Rica","GPH","135","Peru","GPH",71174.3772241993,"135",NA,NA,NA,NA,NA,"ok",NA
"390->350",1954,"350","Greece","GPH","390","Denmark","GPH",1209964.41281139,"390",NA,NA,NA,NA,NA,"ok",NA
"501->625",1954,"625","Sudan (Anglo-Egyptian Sudan) (Mahdist State)","GPH","501","Kenya (British East Africa Protectorate)","GPH",177935.943060498,"501",NA,NA,NA,NA,NA,"ok",NA
"501->900",1954,"900","Australia","GPH","501","Kenya (British East Africa Protectorate)","GPH",498220.640569395,"501",NA,NA,NA,NA,NA,"ok",NA
"615->660",1954,"660","Lebanon","GPH","615","Algeria (Regency of Algiers)","GPH",71174.3772241993,"615",NA,NA,NA,NA,NA,"ok",NA
"490->220",1954,"220","France","GPH","490","Democratic Republic of the Congo (Zaire) (Kinshasa) (Belgian Congo) (Congo Free State)","GPH",9537366.5480427,"490",NA,NA,NA,NA,NA,"ok",NA
"390->100",1954,"100","Colombia (New Granada) (Gran Colombia)","GPH","390","Denmark","GPH",640569.395017794,"390",NA,NA,NA,NA,NA,"ok",NA
"501->560",1954,"560","South Africa","GPH","501","Kenya (British East Africa Protectorate)","GPH",960854.09252669,"501",NA,NA,NA,NA,NA,"ok",NA
"501->325",1954,"325","Italy","GPH","501","Kenya (British East Africa Protectorate)","GPH",533807.829181495,"501",NA,NA,NA,NA,NA,"ok",NA
"501->220",1954,"220","France","GPH","501","Kenya (British East Africa Protectorate)","GPH",320284.697508897,"501",NA,NA,NA,NA,NA,"ok",NA
"501->225",1954,"225","Switzerland","GPH","501","Kenya (British East Africa Protectorate)","GPH",35587.1886120996,"501",NA,NA,NA,NA,NA,"ok",NA
"616->310",1954,"310","Hungary","GPH","616","Tunisia (Regency of Tunis)","GPH",35587.1886120996,"616",NA,NA,NA,NA,NA,"ok",NA
"616->385",1954,"385","Norway","GPH","616","Tunisia (Regency of Tunis)","GPH",35587.1886120996,"616",NA,NA,NA,NA,NA,"ok",NA
"640->310",1954,"310","Hungary","GPH","640","Turkey (Ottoman Empire)","GPH",1708185.05338078,"640",NA,NA,NA,NA,NA,"ok",NA
"616->352",1954,"352","Cyprus","GPH","616","Tunisia (Regency of Tunis)","GPH",142348.754448399,"616",NA,NA,NA,NA,NA,"ok",NA
"616->140",1954,"140","Brazil","GPH","616","Tunisia (Regency of Tunis)","GPH",533807.829181495,"616",NA,NA,NA,NA,NA,"ok",NA
"135->155",1954,"155","Chile","GPH","135","Peru","GPH",9323843.41637011,"135",NA,NA,NA,NA,NA,"ok",NA
"101->68",1954,"68","Netherlands Antilles","GPH","101","Venezuela","GPH",234661921.708185,"101",NA,NA,NA,NA,NA,"ok",NA
"91->92",1954,"92","El Salvador","GPH","91","Honduras","GPH",1316725.97864769,"91",NA,NA,NA,NA,NA,"ok",NA
"616->205",1954,"205","Ireland","GPH","616","Tunisia (Regency of Tunis)","GPH",71174.3772241993,"616",NA,NA,NA,NA,NA,"ok",NA
"135->230",1954,"230","Spain","GPH","135","Peru","GPH",71174.3772241993,"135",NA,NA,NA,NA,NA,"ok",NA
"90->92",1954,"92","El Salvador","GPH","90","Guatemala","GPH",533807.829181495,"90",NA,NA,NA,NA,NA,"ok",NA
"616->660",1954,"660","Lebanon","GPH","616","Tunisia (Regency of Tunis)","GPH",35587.1886120996,"616",NA,NA,NA,NA,NA,"ok",NA
"616->290",1954,"290","Poland","GPH","616","Tunisia (Regency of Tunis)","GPH",213523.131672598,"616",NA,NA,NA,NA,NA,"ok",NA
"501->780",1954,"780","Sri Lanka (Ceylon)","GPH","501","Kenya (British East Africa Protectorate)","GPH",35587.1886120996,"501",NA,NA,NA,NA,NA,"ok",NA
"663->325",1954,"325","Italy","GPH","663","Jordan (Transjordan)","GPH",35587.1886120996,"663",NA,NA,NA,NA,NA,"ok",NA
"663->660",1954,"660","Lebanon","GPH","663","Jordan (Transjordan)","GPH",1209964.41281139,"663",NA,NA,NA,NA,NA,"ok",NA
"500->210",1954,"210","Netherlands","GPH","500","Uganda","GPH",533807.829181495,"500",NA,NA,NA,NA,NA,"ok",NA
"640->355",1954,"355","Bulgaria","GPH","640","Turkey (Ottoman Empire)","GPH",1103202.84697509,"640",NA,NA,NA,NA,NA,"ok",NA
"640->230",1954,"230","Spain","GPH","640","Turkey (Ottoman Empire)","GPH",4697508.89679715,"640",NA,NA,NA,NA,NA,"ok",NA
"640->350",1954,"350","Greece","GPH","640","Turkey (Ottoman Empire)","GPH",747330.960854092,"640",NA,NA,NA,NA,NA,"ok",NA
"101->40",1954,"40","Cuba","GPH","101","Venezuela","GPH",2419928.82562278,"101",NA,NA,NA,NA,NA,"ok",NA
"501->651",1954,"651","Egypt Arab Republic (Egypt)","GPH","501","Kenya (British East Africa Protectorate)","GPH",106761.565836299,"501",NA,NA,NA,NA,NA,"ok",NA
"94->210",1954,"210","Netherlands","GPH","94","Costa Rica","GPH",1245551.60142349,"94",NA,NA,NA,NA,NA,"ok",NA
"663->652",1954,"652","Syria","GPH","663","Jordan (Transjordan)","GPH",676156.583629893,"663",NA,NA,NA,NA,NA,"ok",NA
"94->93",1954,"93","Nicaragua","GPH","94","Costa Rica","GPH",71174.3772241993,"94",NA,NA,NA,NA,NA,"ok",NA
"90->210",1954,"210","Netherlands","GPH","90","Guatemala","GPH",2562277.58007117,"90",NA,NA,NA,NA,NA,"ok",NA
"42->780",1954,"780","Sri Lanka (Ceylon)","GPH","42","Dominican Republic (Santo Domingo)","GPH",925266.903914591,"42",NA,NA,NA,NA,NA,"ok",NA
"94->40",1954,"40","Cuba","GPH","94","Costa Rica","GPH",35587.1886120996,"94",NA,NA,NA,NA,NA,"ok",NA
"501->720",1954,"720","Hong Kong","GPH","501","Kenya (British East Africa Protectorate)","GPH",142348.754448399,"501",NA,NA,NA,NA,NA,"ok",NA
"501->210",1954,"210","Netherlands","GPH","501","Kenya (British East Africa Protectorate)","GPH",711743.772241993,"501",NA,NA,NA,NA,NA,"ok",NA
"135->630",1954,"630","Iran (Persia)","GPH","135","Peru","GPH",320284.697508897,"135",NA,NA,NA,NA,NA,"ok",NA
"500->651",1954,"651","Egypt Arab Republic (Egypt)","GPH","500","Uganda","GPH",391459.074733096,"500",NA,NA,NA,NA,NA,"ok",NA
"490->20",1954,"20","Canada (Province of Canada)","GPH","490","Democratic Republic of the Congo (Zaire) (Kinshasa) (Belgian Congo) (Congo Free State)","GPH",177935.943060498,"490",NA,NA,NA,NA,NA,"ok",NA
"42->325",1954,"325","Italy","GPH","42","Dominican Republic (Santo Domingo)","GPH",355871.886120996,"42",NA,NA,NA,NA,NA,"ok",NA
"616->651",1954,"651","Egypt Arab Republic (Egypt)","GPH","616","Tunisia (Regency of Tunis)","GPH",106761.565836299,"616",NA,NA,NA,NA,NA,"ok",NA
"390->600",1954,"600","Morocco","GPH","390","Denmark","GPH",1387900.35587189,"390",NA,NA,NA,NA,NA,"ok",NA
"390->720",1954,"720","Hong Kong","GPH","390","Denmark","GPH",854092.526690391,"390",NA,NA,NA,NA,NA,"ok",NA
"501->920",1954,"920","New Zealand","GPH","501","Kenya (British East Africa Protectorate)","GPH",106761.565836299,"501",NA,NA,NA,NA,NA,"ok",NA
"616->920",1954,"920","New Zealand","GPH","616","Tunisia (Regency of Tunis)","GPH",71174.3772241993,"616",NA,NA,NA,NA,NA,"ok",NA
"490->540",1954,"540","Angola","GPH","490","Democratic Republic of the Congo (Zaire) (Kinshasa) (Belgian Congo) (Congo Free State)","GPH",284697.508896797,"490",NA,NA,NA,NA,NA,"ok",NA
"135->70",1954,"70","Mexico","GPH","135","Peru","GPH",35587.1886120996,"135",NA,NA,NA,NA,NA,"ok",NA
"90->40",1954,"40","Cuba","GPH","90","Guatemala","GPH",35587.1886120996,"90",NA,NA,NA,NA,NA,"ok",NA
"501->800",1954,"800","Thailand (Siam)","GPH","501","Kenya (British East Africa Protectorate)","GPH",35587.1886120996,"501",NA,NA,NA,NA,NA,"ok",NA
"135->20",1954,"20","Canada (Province of Canada)","GPH","135","Peru","GPH",355871.886120996,"135",NA,NA,NA,NA,NA,"ok",NA
"94->325",1954,"325","Italy","GPH","94","Costa Rica","GPH",284697.508896797,"94",NA,NA,NA,NA,NA,"ok",NA
"615->310",1954,"310","Hungary","GPH","615","Algeria (Regency of Algiers)","GPH",427046.263345196,"615",NA,NA,NA,NA,NA,"ok",NA
"135->920",1954,"920","New Zealand","GPH","135","Peru","GPH",71174.3772241993,"135",NA,NA,NA,NA,NA,"ok",NA
"385->20",1954,"20","Canada (Province of Canada)","GPH","385","Norway","GPH",640569.395017794,"385",NA,NA,NA,NA,NA,"ok",NA
"390->640",1954,"640","Turkey (Ottoman Empire)","GPH","390","Denmark","GPH",427046.263345196,"390",NA,NA,NA,NA,NA,"ok",NA
"490->615",1954,"615","Algeria (Regency of Algiers)","GPH","490","Democratic Republic of the Congo (Zaire) (Kinshasa) (Belgian Congo) (Congo Free State)","GPH",676156.583629893,"490",NA,NA,NA,NA,NA,"ok",NA
"100->160",1954,"160","Argentina (La Plata)","GPH","100","Colombia (New Granada) (Gran Colombia)","GPH",569395.017793594,"100",NA,NA,NA,NA,NA,"ok",NA
"135->255",1954,"255","Germany (Zollverein)","GPH","135","Peru","GPH",4056939.50177936,"135",NA,NA,NA,NA,NA,"ok",NA
"600->652",1954,"652","Syria","GPH","600","Morocco","GPH",35587.1886120996,"600",NA,NA,NA,NA,NA,"ok",NA
"135->165",1954,"165","Uruguay","GPH","135","Peru","GPH",604982.206405694,"135",NA,NA,NA,NA,NA,"ok",NA
"135->390",1954,"390","Denmark","GPH","135","Peru","GPH",925266.903914591,"135",NA,NA,NA,NA,NA,"ok",NA
"135->200",1954,"200","United Kingdom","GPH","135","Peru","GPH",12455516.0142349,"135",NA,NA,NA,NA,NA,"ok",NA
"165->560",1954,"560","South Africa","GPH","165","Uruguay","GPH",391459.074733096,"165",NA,NA,NA,NA,NA,"ok",NA
"780->840",1954,"840","Philippines","GPH","780","Sri Lanka (Ceylon)","GPH",320284.697508897,"780",NA,NA,NA,NA,NA,"ok",NA
"770->652",1954,"652","Syria","GPH","770","Pakistan","GPH",71174.3772241993,"770",NA,NA,NA,NA,NA,"ok",NA
"770->135",1954,"135","Peru","GPH","770","Pakistan","GPH",35587.1886120996,"770",NA,NA,NA,NA,NA,"ok",NA
"770->800",1954,"800","Thailand (Siam)","GPH","770","Pakistan","GPH",35587.1886120996,"770",NA,NA,NA,NA,NA,"ok",NA
"52->95",1954,"95","Panama","GPH","52","Trinidad and Tobago","GPH",35587.1886120996,"52",NA,NA,NA,NA,NA,"ok",NA
"52->452",1954,"452","Ghana (Gold Coast)","GPH","52","Trinidad and Tobago","GPH",106761.565836299,"52",NA,NA,NA,NA,NA,"ok",NA
"165->68",1954,"68","Netherlands Antilles","GPH","165","Uruguay","GPH",35587.1886120996,"165",NA,NA,NA,NA,NA,"ok",NA
"225->140",1954,"140","Brazil","GPH","225","Switzerland","GPH",11992882.5622776,"225",NA,NA,NA,NA,NA,"ok",NA
"90->220",1954,"220","France","GPH","90","Guatemala","GPH",35587.1886120996,"90",NA,NA,NA,NA,NA,"ok",NA
"90->225",1954,"225","Switzerland","GPH","90","Guatemala","GPH",35587.1886120996,"90",NA,NA,NA,NA,NA,"ok",NA
"90->325",1954,"325","Italy","GPH","90","Guatemala","GPH",35587.1886120996,"90",NA,NA,NA,NA,NA,"ok",NA
"780->380",1954,"380","Sweden","GPH","780","Sri Lanka (Ceylon)","GPH",462633.451957295,"780",NA,NA,NA,NA,NA,"ok",NA
"471->225",1954,"225","Switzerland","GPH","471","Cameroun (French Cameroon)","GPH",355871.886120996,"471",NA,NA,NA,NA,NA,"ok",NA
"770->380",1954,"380","Sweden","GPH","770","Pakistan","GPH",1067615.65836299,"770",NA,NA,NA,NA,NA,"ok",NA
"95->740",1954,"740","Japan","GPH","95","Panama","GPH",35587.1886120996,"95",NA,NA,NA,NA,NA,"ok",NA
"600->205",1954,"205","Ireland","GPH","600","Morocco","GPH",284697.508896797,"600",NA,NA,NA,NA,NA,"ok",NA
"770->225",1954,"225","Switzerland","GPH","770","Pakistan","GPH",142348.754448399,"770",NA,NA,NA,NA,NA,"ok",NA
"750->2",1954,"2","United States of America","GPH","750","India","GPH",65836298.9323843,"750",NA,NA,NA,NA,NA,"ok",NA
"375->230",1954,"230","Spain","GPH","375","Finland","GPH",2597864.76868327,"375",NA,NA,NA,NA,NA,"ok",NA
"225->230",1954,"230","Spain","GPH","225","Switzerland","GPH",9572953.7366548,"225",NA,NA,NA,NA,NA,"ok",NA
"471->560",1954,"560","South Africa","GPH","471","Cameroun (French Cameroon)","GPH",35587.1886120996,"471",NA,NA,NA,NA,NA,"ok",NA
"375->750",1954,"750","India","GPH","375","Finland","GPH",1530249.11032028,"375",NA,NA,NA,NA,NA,"ok",NA
"225->615",1954,"615","Algeria (Regency of Algiers)","GPH","225","Switzerland","GPH",996441.28113879,"225",NA,NA,NA,NA,NA,"ok",NA
"590->501",1954,"501","Kenya (British East Africa Protectorate)","GPH","590","Mauritius","GPH",35587.1886120996,"590",NA,NA,NA,NA,NA,"ok",NA
"375->255",1954,"255","Germany (Zollverein)","GPH","375","Finland","GPH",18078291.8149466,"375",NA,NA,NA,NA,NA,"ok",NA
"375->20",1954,"20","Canada (Province of Canada)","GPH","375","Finland","GPH",213523.131672598,"375",NA,NA,NA,NA,NA,"ok",NA
"375->235",1954,"235","Portugal","GPH","375","Finland","GPH",213523.131672598,"375",NA,NA,NA,NA,NA,"ok",NA
"95->101",1954,"101","Venezuela","GPH","95","Panama","GPH",142348.754448399,"95",NA,NA,NA,NA,NA,"ok",NA
"652->200",1954,"200","United Kingdom","GPH","652","Syria","GPH",2918149.46619217,"652",NA,NA,NA,NA,NA,"ok",NA
"95->2",1954,"2","United States of America","GPH","95","Panama","GPH",5587188.61209964,"95",NA,NA,NA,NA,NA,"ok",NA
"375->305",1954,"305","Austria","GPH","375","Finland","GPH",106761.565836299,"375",NA,NA,NA,NA,NA,"ok",NA
"375->310",1954,"310","Hungary","GPH","375","Finland","GPH",1209964.41281139,"375",NA,NA,NA,NA,NA,"ok",NA
"375->720",1954,"720","Hong Kong","GPH","375","Finland","GPH",213523.131672598,"375",NA,NA,NA,NA,NA,"ok",NA
"471->200",1954,"200","United Kingdom","GPH","471","Cameroun (French Cameroon)","GPH",960854.09252669,"471",NA,NA,NA,NA,NA,"ok",NA
"501->652",1954,"652","Syria","GPH","501","Kenya (British East Africa Protectorate)","GPH",177935.943060498,"501",NA,NA,NA,NA,NA,"ok",NA
"375->350",1954,"350","Greece","GPH","375","Finland","GPH",1032028.46975089,"375",NA,NA,NA,NA,NA,"ok",NA
"375->385",1954,"385","Norway","GPH","375","Finland","GPH",3167259.78647687,"375",NA,NA,NA,NA,NA,"ok",NA
"375->210",1954,"210","Netherlands","GPH","375","Finland","GPH",10427046.2633452,"375",NA,NA,NA,NA,NA,"ok",NA
"615->165",1954,"165","Uruguay","GPH","615","Algeria (Regency of Algiers)","GPH",71174.3772241993,"615",NA,NA,NA,NA,NA,"ok",NA
"615->390",1954,"390","Denmark","GPH","615","Algeria (Regency of Algiers)","GPH",284697.508896797,"615",NA,NA,NA,NA,NA,"ok",NA
"615->640",1954,"640","Turkey (Ottoman Empire)","GPH","615","Algeria (Regency of Algiers)","GPH",106761.565836299,"615",NA,NA,NA,NA,NA,"ok",NA
"225->135",1954,"135","Peru","GPH","225","Switzerland","GPH",1814946.61921708,"225",NA,NA,NA,NA,NA,"ok",NA
"90->255",1954,"255","Germany (Zollverein)","GPH","90","Guatemala","GPH",2811387.90035587,"90",NA,NA,NA,NA,NA,"ok",NA
"375->205",1954,"205","Ireland","GPH","375","Finland","GPH",2491103.20284698,"375",NA,NA,NA,NA,NA,"ok",NA
"225->130",1954,"130","Ecuador","GPH","225","Switzerland","GPH",782918.149466192,"225",NA,NA,NA,NA,NA,"ok",NA
"93->92",1954,"92","El Salvador","GPH","93","Nicaragua","GPH",640569.395017794,"93",NA,NA,NA,NA,NA,"ok",NA
"225->640",1954,"640","Turkey (Ottoman Empire)","GPH","225","Switzerland","GPH",3345195.72953737,"225",NA,NA,NA,NA,NA,"ok",NA
"375->390",1954,"390","Denmark","GPH","375","Finland","GPH",8256227.75800712,"375",NA,NA,NA,NA,NA,"ok",NA
"375->200",1954,"200","United Kingdom","GPH","375","Finland","GPH",52562277.5800712,"375",NA,NA,NA,NA,NA,"ok",NA
"652->615",1954,"615","Algeria (Regency of Algiers)","GPH","652","Syria","GPH",35587.1886120996,"652",NA,NA,NA,NA,NA,"ok",NA
"840->2",1954,"2","United States of America","GPH","840","Philippines","GPH",87615658.3629893,"840",NA,NA,NA,NA,NA,"ok",NA
"100->40",1954,"40","Cuba","GPH","100","Colombia (New Granada) (Gran Colombia)","GPH",71174.3772241993,"100",NA,NA,NA,NA,NA,"ok",NA
"90->20",1954,"20","Canada (Province of Canada)","GPH","90","Guatemala","GPH",818505.338078292,"90",NA,NA,NA,NA,NA,"ok",NA
"225->350",1954,"350","Greece","GPH","225","Switzerland","GPH",1743772.24199288,"225",NA,NA,NA,NA,NA,"ok",NA
"93->101",1954,"101","Venezuela","GPH","93","Nicaragua","GPH",35587.1886120996,"93",NA,NA,NA,NA,NA,"ok",NA
"501->380",1954,"380","Sweden","GPH","501","Kenya (British East Africa Protectorate)","GPH",106761.565836299,"501",NA,NA,NA,NA,NA,"ok",NA
"93->40",1954,"40","Cuba","GPH","93","Nicaragua","GPH",106761.565836299,"93",NA,NA,NA,NA,NA,"ok",NA
"375->740",1954,"740","Japan","GPH","375","Finland","GPH",498220.640569395,"375",NA,NA,NA,NA,NA,"ok",NA
"375->2",1954,"2","United States of America","GPH","375","Finland","GPH",13950177.9359431,"375",NA,NA,NA,NA,NA,"ok",NA
"225->40",1954,"40","Cuba","GPH","225","Switzerland","GPH",1387900.35587189,"225",NA,NA,NA,NA,NA,"ok",NA
"225->165",1954,"165","Uruguay","GPH","225","Switzerland","GPH",1708185.05338078,"225",NA,NA,NA,NA,NA,"ok",NA
"225->200",1954,"200","United Kingdom","GPH","225","Switzerland","GPH",21743772.2419929,"225",NA,NA,NA,NA,NA,"ok",NA
"541->750",1954,"750","India","GPH","541","Mozambique (Portuguese East Africa)","GPH",1814946.61921708,"541",NA,NA,NA,NA,NA,"ok",NA
"93->740",1954,"740","Japan","GPH","93","Nicaragua","GPH",2419928.82562278,"93",NA,NA,NA,NA,NA,"ok",NA
"225->375",1954,"375","Finland","GPH","225","Switzerland","GPH",2419928.82562278,"225",NA,NA,NA,NA,NA,"ok",NA
"645->2",1954,"2","United States of America","GPH","645","Iraq (Mesopotamia)","GPH",1708185.05338078,"645",NA,NA,NA,NA,NA,"ok",NA
"652->325",1954,"325","Italy","GPH","652","Syria","GPH",1814946.61921708,"652",NA,NA,NA,NA,NA,"ok",NA
"135->220",1954,"220","France","GPH","135","Peru","GPH",2135231.31672598,"135",NA,NA,NA,NA,NA,"ok",NA
"135->560",1954,"560","South Africa","GPH","135","Peru","GPH",71174.3772241993,"135",NA,NA,NA,NA,NA,"ok",NA
"135->225",1954,"225","Switzerland","GPH","135","Peru","GPH",960854.09252669,"135",NA,NA,NA,NA,NA,"ok",NA
"93->100",1954,"100","Colombia (New Granada) (Gran Colombia)","GPH","93","Nicaragua","GPH",35587.1886120996,"93",NA,NA,NA,NA,NA,"ok",NA
"385->94",1954,"94","Costa Rica","GPH","385","Norway","GPH",213523.131672598,"385",NA,NA,NA,NA,NA,"ok",NA
"616->580",1954,"580","Madagascar (Malagasy Republic)","GPH","616","Tunisia (Regency of Tunis)","GPH",106761.565836299,"616",NA,NA,NA,NA,NA,"ok",NA
"640->225",1954,"225","Switzerland","GPH","640","Turkey (Ottoman Empire)","GPH",3024911.03202847,"640",NA,NA,NA,NA,NA,"ok",NA
"775->740",1954,"740","Japan","GPH","775","Myanmar (Burma)","GPH",19964412.8113879,"775",NA,NA,NA,NA,NA,"ok",NA
"775->2",1954,"2","United States of America","GPH","775","Myanmar (Burma)","GPH",604982.206405694,"775",NA,NA,NA,NA,NA,"ok",NA
"135->205",1954,"205","Ireland","GPH","135","Peru","GPH",106761.565836299,"135",NA,NA,NA,NA,NA,"ok",NA
"385->615",1954,"615","Algeria (Regency of Algiers)","GPH","385","Norway","GPH",284697.508896797,"385",NA,NA,NA,NA,NA,"ok",NA
"385->155",1954,"155","Chile","GPH","385","Norway","GPH",106761.565836299,"385",NA,NA,NA,NA,NA,"ok",NA
"385->900",1954,"900","Australia","GPH","385","Norway","GPH",4448398.57651246,"385",NA,NA,NA,NA,NA,"ok",NA
"640->652",1954,"652","Syria","GPH","640","Turkey (Ottoman Empire)","GPH",427046.263345196,"640",NA,NA,NA,NA,NA,"ok",NA
"225->160",1954,"160","Argentina (La Plata)","GPH","225","Switzerland","GPH",4946619.21708185,"225",NA,NA,NA,NA,NA,"ok",NA
"652->350",1954,"350","Greece","GPH","652","Syria","GPH",106761.565836299,"652",NA,NA,NA,NA,NA,"ok",NA
"775->710",1954,"710","People's Republic of China (China)","GPH","775","Myanmar (Burma)","GPH",35587.1886120996,"775",NA,NA,NA,NA,NA,"ok",NA
"651->305",1954,"305","Austria","GPH","651","Egypt Arab Republic (Egypt)","GPH",2562277.58007117,"651",NA,NA,NA,NA,NA,"ok",NA
"775->255",1954,"255","Germany (Zollverein)","GPH","775","Myanmar (Burma)","GPH",462633.451957295,"775",NA,NA,NA,NA,NA,"ok",NA
"652->651",1954,"651","Egypt Arab Republic (Egypt)","GPH","652","Syria","GPH",320284.697508897,"652",NA,NA,NA,NA,NA,"ok",NA
"375->652",1954,"652","Syria","GPH","375","Finland","GPH",284697.508896797,"375",NA,NA,NA,NA,NA,"ok",NA
"475->452",1954,"452","Ghana (Gold Coast)","GPH","475","Nigeria","GPH",640569.395017794,"475",NA,NA,NA,NA,NA,"ok",NA
"775->720",1954,"720","Hong Kong","GPH","775","Myanmar (Burma)","GPH",498220.640569395,"775",NA,NA,NA,NA,NA,"ok",NA
"225->960",1954,"960","French Polynesia","GPH","225","Switzerland","GPH",35587.1886120996,"225",NA,NA,NA,NA,NA,"ok",NA
"616->640",1954,"640","Turkey (Ottoman Empire)","GPH","616","Tunisia (Regency of Tunis)","GPH",213523.131672598,"616",NA,NA,NA,NA,NA,"ok",NA
"616->390",1954,"390","Denmark","GPH","616","Tunisia (Regency of Tunis)","GPH",177935.943060498,"616",NA,NA,NA,NA,NA,"ok",NA
"500->20",1954,"20","Canada (Province of Canada)","GPH","500","Uganda","GPH",604982.206405694,"500",NA,NA,NA,NA,NA,"ok",NA
"500->625",1954,"625","Sudan (Anglo-Egyptian Sudan) (Mahdist State)","GPH","500","Uganda","GPH",604982.206405694,"500",NA,NA,NA,NA,NA,"ok",NA
"165->200",1954,"200","United Kingdom","GPH","165","Uruguay","GPH",16441281.13879,"165",NA,NA,NA,NA,NA,"ok",NA
"500->490",1954,"490","Democratic Republic of the Congo (Zaire) (Kinshasa) (Belgian Congo) (Congo Free State)","GPH","500","Uganda","GPH",711743.772241993,"500",NA,NA,NA,NA,NA,"ok",NA
"100->101",1954,"101","Venezuela","GPH","100","Colombia (New Granada) (Gran Colombia)","GPH",1352313.16725979,"100",NA,NA,NA,NA,NA,"ok",NA
"93->94",1954,"94","Costa Rica","GPH","93","Nicaragua","GPH",35587.1886120996,"93",NA,NA,NA,NA,NA,"ok",NA
"780->385",1954,"385","Norway","GPH","780","Sri Lanka (Ceylon)","GPH",106761.565836299,"780",NA,NA,NA,NA,NA,"ok",NA
"91->68",1954,"68","Netherlands Antilles","GPH","91","Honduras","GPH",71174.3772241993,"91",NA,NA,NA,NA,NA,"ok",NA
"385->92",1954,"92","El Salvador","GPH","385","Norway","GPH",35587.1886120996,"385",NA,NA,NA,NA,NA,"ok",NA
"93->91",1954,"91","Honduras","GPH","93","Nicaragua","GPH",142348.754448399,"93",NA,NA,NA,NA,NA,"ok",NA
"205->325",1954,"325","Italy","GPH","205","Ireland","GPH",320284.697508897,"205",NA,NA,NA,NA,NA,"ok",NA
"205->600",1954,"600","Morocco","GPH","205","Ireland","GPH",35587.1886120996,"205",NA,NA,NA,NA,NA,"ok",NA
"205->235",1954,"235","Portugal","GPH","205","Ireland","GPH",71174.3772241993,"205",NA,NA,NA,NA,NA,"ok",NA
"205->20",1954,"20","Canada (Province of Canada)","GPH","205","Ireland","GPH",569395.017793594,"205",NA,NA,NA,NA,NA,"ok",NA
"375->290",1954,"290","Poland","GPH","375","Finland","GPH",5195729.53736655,"375",NA,NA,NA,NA,NA,"ok",NA
"375->325",1954,"325","Italy","GPH","375","Finland","GPH",3309608.54092527,"375",NA,NA,NA,NA,NA,"ok",NA
"375->220",1954,"220","France","GPH","375","Finland","GPH",11565836.2989324,"375",NA,NA,NA,NA,NA,"ok",NA
"375->660",1954,"660","Lebanon","GPH","375","Finland","GPH",462633.451957295,"375",NA,NA,NA,NA,NA,"ok",NA
"40->130",1954,"130","Ecuador","GPH","40","Cuba","GPH",35587.1886120996,"40",NA,NA,NA,NA,NA,"ok",NA
"205->666",1954,"666","Israel","GPH","205","Ireland","GPH",35587.1886120996,"205",NA,NA,NA,NA,NA,"ok",NA
"205->375",1954,"375","Finland","GPH","205","Ireland","GPH",427046.263345196,"205",NA,NA,NA,NA,NA,"ok",NA
"205->390",1954,"390","Denmark","GPH","205","Ireland","GPH",71174.3772241993,"205",NA,NA,NA,NA,NA,"ok",NA
"375->380",1954,"380","Sweden","GPH","375","Finland","GPH",5836298.93238434,"375",NA,NA,NA,NA,NA,"ok",NA
"850->310",1954,"310","Hungary","GPH","850","Indonesia (Dutch East Indies)","GPH",569395.017793594,"850",NA,NA,NA,NA,NA,"ok",NA
"501->740",1954,"740","Japan","GPH","501","Kenya (British East Africa Protectorate)","GPH",284697.508896797,"501",NA,NA,NA,NA,NA,"ok",NA
"500->390",1954,"390","Denmark","GPH","500","Uganda","GPH",284697.508896797,"500",NA,NA,NA,NA,NA,"ok",NA
"500->200",1954,"200","United Kingdom","GPH","500","Uganda","GPH",10960854.0925267,"500",NA,NA,NA,NA,NA,"ok",NA
"750->630",1954,"630","Iran (Persia)","GPH","750","India","GPH",2846975.08896797,"750",NA,NA,NA,NA,NA,"ok",NA
"750->625",1954,"625","Sudan (Anglo-Egyptian Sudan) (Mahdist State)","GPH","750","India","GPH",5373665.48042705,"750",NA,NA,NA,NA,NA,"ok",NA
"750->255",1954,"255","Germany (Zollverein)","GPH","750","India","GPH",11032028.4697509,"750",NA,NA,NA,NA,NA,"ok",NA
"750->616",1954,"616","Tunisia (Regency of Tunis)","GPH","750","India","GPH",249110.320284698,"750",NA,NA,NA,NA,NA,"ok",NA
"750->68",1954,"68","Netherlands Antilles","GPH","750","India","GPH",35587.1886120996,"750",NA,NA,NA,NA,NA,"ok",NA
"375->360",1954,"360","Romania","GPH","375","Finland","GPH",818505.338078292,"375",NA,NA,NA,NA,NA,"ok",NA
"750->235",1954,"235","Portugal","GPH","750","India","GPH",320284.697508897,"750",NA,NA,NA,NA,NA,"ok",NA
"375->900",1954,"900","Australia","GPH","375","Finland","GPH",2135231.31672598,"375",NA,NA,NA,NA,NA,"ok",NA
"750->225",1954,"225","Switzerland","GPH","750","India","GPH",747330.960854092,"750",NA,NA,NA,NA,NA,"ok",NA
"750->660",1954,"660","Lebanon","GPH","750","India","GPH",320284.697508897,"750",NA,NA,NA,NA,NA,"ok",NA
"750->220",1954,"220","France","GPH","750","India","GPH",3950177.93594306,"750",NA,NA,NA,NA,NA,"ok",NA
"750->90",1954,"90","Guatemala","GPH","750","India","GPH",35587.1886120996,"750",NA,NA,NA,NA,NA,"ok",NA
"750->452",1954,"452","Ghana (Gold Coast)","GPH","750","India","GPH",854092.526690391,"750",NA,NA,NA,NA,NA,"ok",NA
"541->255",1954,"255","Germany (Zollverein)","GPH","541","Mozambique (Portuguese East Africa)","GPH",676156.583629893,"541",NA,NA,NA,NA,NA,"ok",NA
"52->140",1954,"140","Brazil","GPH","52","Trinidad and Tobago","GPH",5160142.34875445,"52",NA,NA,NA,NA,NA,"ok",NA
"541->540",1954,"540","Angola","GPH","541","Mozambique (Portuguese East Africa)","GPH",71174.3772241993,"541",NA,NA,NA,NA,NA,"ok",NA
"95->92",1954,"92","El Salvador","GPH","95","Panama","GPH",35587.1886120996,"95",NA,NA,NA,NA,NA,"ok",NA
"145->2",1954,"2","United States of America","GPH","145","Bolivia","GPH",22313167.2597865,"145",NA,NA,NA,NA,NA,"ok",NA
"95->68",1954,"68","Netherlands Antilles","GPH","95","Panama","GPH",35587.1886120996,"95",NA,NA,NA,NA,NA,"ok",NA
"90->200",1954,"200","United Kingdom","GPH","90","Guatemala","GPH",249110.320284698,"90",NA,NA,NA,NA,NA,"ok",NA
"750->93",1954,"93","Nicaragua","GPH","750","India","GPH",142348.754448399,"750",NA,NA,NA,NA,NA,"ok",NA
"645->530",1954,"530","Ethiopia (Abyssinia)","GPH","645","Iraq (Mesopotamia)","GPH",71174.3772241993,"645",NA,NA,NA,NA,NA,"ok",NA
"750->41",1954,"41","Haiti","GPH","750","India","GPH",142348.754448399,"750",NA,NA,NA,NA,NA,"ok",NA
"750->42",1954,"42","Dominican Republic (Santo Domingo)","GPH","750","India","GPH",213523.131672598,"750",NA,NA,NA,NA,NA,"ok",NA
"40->95",1954,"95","Panama","GPH","40","Cuba","GPH",106761.565836299,"40",NA,NA,NA,NA,NA,"ok",NA
"135->740",1954,"740","Japan","GPH","135","Peru","GPH",5658362.98932384,"135",NA,NA,NA,NA,NA,"ok",NA
"135->101",1954,"101","Venezuela","GPH","135","Peru","GPH",355871.886120996,"135",NA,NA,NA,NA,NA,"ok",NA
"135->325",1954,"325","Italy","GPH","135","Peru","GPH",249110.320284698,"135",NA,NA,NA,NA,NA,"ok",NA
"750->580",1954,"580","Madagascar (Malagasy Republic)","GPH","750","India","GPH",71174.3772241993,"750",NA,NA,NA,NA,NA,"ok",NA
"750->540",1954,"540","Angola","GPH","750","India","GPH",391459.074733096,"750",NA,NA,NA,NA,NA,"ok",NA
"750->155",1954,"155","Chile","GPH","750","India","GPH",676156.583629893,"750",NA,NA,NA,NA,NA,"ok",NA
"52->651",1954,"651","Egypt Arab Republic (Egypt)","GPH","52","Trinidad and Tobago","GPH",142348.754448399,"52",NA,NA,NA,NA,NA,"ok",NA
"625->225",1954,"225","Switzerland","GPH","625","Sudan (Anglo-Egyptian Sudan) (Mahdist State)","GPH",71174.3772241993,"625",NA,NA,NA,NA,NA,"ok",NA
"775->750",1954,"750","India","GPH","775","Myanmar (Burma)","GPH",32241992.8825623,"775",NA,NA,NA,NA,NA,"ok",NA
"775->770",1954,"770","Pakistan","GPH","775","Myanmar (Burma)","GPH",177935.943060498,"775",NA,NA,NA,NA,NA,"ok",NA
"615->160",1954,"160","Argentina (La Plata)","GPH","615","Algeria (Regency of Algiers)","GPH",71174.3772241993,"615",NA,NA,NA,NA,NA,"ok",NA
"640->325",1954,"325","Italy","GPH","640","Turkey (Ottoman Empire)","GPH",7402135.23131673,"640",NA,NA,NA,NA,NA,"ok",NA
"640->290",1954,"290","Poland","GPH","640","Turkey (Ottoman Empire)","GPH",5302491.10320285,"640",NA,NA,NA,NA,NA,"ok",NA
"640->220",1954,"220","France","GPH","640","Turkey (Ottoman Empire)","GPH",3558718.86120996,"640",NA,NA,NA,NA,NA,"ok",NA
"625->255",1954,"255","Germany (Zollverein)","GPH","625","Sudan (Anglo-Egyptian Sudan) (Mahdist State)","GPH",2669039.14590747,"625",NA,NA,NA,NA,NA,"ok",NA
"616->375",1954,"375","Finland","GPH","616","Tunisia (Regency of Tunis)","GPH",106761.565836299,"616",NA,NA,NA,NA,NA,"ok",NA
"616->20",1954,"20","Canada (Province of Canada)","GPH","616","Tunisia (Regency of Tunis)","GPH",35587.1886120996,"616",NA,NA,NA,NA,NA,"ok",NA
"52->900",1954,"900","Australia","GPH","52","Trinidad and Tobago","GPH",106761.565836299,"52",NA,NA,NA,NA,NA,"ok",NA
"40->630",1954,"630","Iran (Persia)","GPH","40","Cuba","GPH",569395.017793594,"40",NA,NA,NA,NA,NA,"ok",NA
"775->630",1954,"630","Iran (Persia)","GPH","775","Myanmar (Burma)","GPH",35587.1886120996,"775",NA,NA,NA,NA,NA,"ok",NA
"750->385",1954,"385","Norway","GPH","750","India","GPH",391459.074733096,"750",NA,NA,NA,NA,NA,"ok",NA
"651->310",1954,"310","Hungary","GPH","651","Egypt Arab Republic (Egypt)","GPH",1886120.99644128,"651",NA,NA,NA,NA,NA,"ok",NA
"616->615",1954,"615","Algeria (Regency of Algiers)","GPH","616","Tunisia (Regency of Tunis)","GPH",3345195.72953737,"616",NA,NA,NA,NA,NA,"ok",NA
"616->155",1954,"155","Chile","GPH","616","Tunisia (Regency of Tunis)","GPH",177935.943060498,"616",NA,NA,NA,NA,NA,"ok",NA
"750->350",1954,"350","Greece","GPH","750","India","GPH",177935.943060498,"750",NA,NA,NA,NA,NA,"ok",NA
"775->850",1954,"850","Indonesia (Dutch East Indies)","GPH","775","Myanmar (Burma)","GPH",7935943.06049822,"775",NA,NA,NA,NA,NA,"ok",NA
"775->645",1954,"645","Iraq (Mesopotamia)","GPH","775","Myanmar (Burma)","GPH",106761.565836299,"775",NA,NA,NA,NA,NA,"ok",NA
"135->2",1954,"2","United States of America","GPH","135","Peru","GPH",31352313.1672598,"135",NA,NA,NA,NA,NA,"ok",NA
"775->390",1954,"390","Denmark","GPH","775","Myanmar (Burma)","GPH",177935.943060498,"775",NA,NA,NA,NA,NA,"ok",NA
"95->200",1954,"200","United Kingdom","GPH","95","Panama","GPH",35587.1886120996,"95",NA,NA,NA,NA,NA,"ok",NA
"2->750",1954,"750","India","GPH","2","United States of America","GPH",58362989.3238434,"2",NA,NA,NA,NA,NA,"ok",NA
"840->325",1954,"325","Italy","GPH","840","Philippines","GPH",1459074.73309609,"840",NA,NA,NA,NA,NA,"ok",NA
"615->200",1954,"200","United Kingdom","GPH","615","Algeria (Regency of Algiers)","GPH",11423487.544484,"615",NA,NA,NA,NA,NA,"ok",NA
"645->770",1954,"770","Pakistan","GPH","645","Iraq (Mesopotamia)","GPH",106761.565836299,"645",NA,NA,NA,NA,NA,"ok",NA
"645->750",1954,"750","India","GPH","645","Iraq (Mesopotamia)","GPH",1067615.65836299,"645",NA,NA,NA,NA,NA,"ok",NA
"616->740",1954,"740","Japan","GPH","616","Tunisia (Regency of Tunis)","GPH",35587.1886120996,"616",NA,NA,NA,NA,NA,"ok",NA
"501->645",1954,"645","Iraq (Mesopotamia)","GPH","501","Kenya (British East Africa Protectorate)","GPH",106761.565836299,"501",NA,NA,NA,NA,NA,"ok",NA
"640->2",1954,"2","United States of America","GPH","640","Turkey (Ottoman Empire)","GPH",20711743.772242,"640",NA,NA,NA,NA,NA,"ok",NA
"775->210",1954,"210","Netherlands","GPH","775","Myanmar (Burma)","GPH",996441.28113879,"775",NA,NA,NA,NA,NA,"ok",NA
"775->800",1954,"800","Thailand (Siam)","GPH","775","Myanmar (Burma)","GPH",35587.1886120996,"775",NA,NA,NA,NA,NA,"ok",NA
"95->130",1954,"130","Ecuador","GPH","95","Panama","GPH",35587.1886120996,"95",NA,NA,NA,NA,NA,"ok",NA
"663->645",1954,"645","Iraq (Mesopotamia)","GPH","663","Jordan (Transjordan)","GPH",320284.697508897,"663",NA,NA,NA,NA,NA,"ok",NA
"775->220",1954,"220","France","GPH","775","Myanmar (Burma)","GPH",249110.320284698,"775",NA,NA,NA,NA,NA,"ok",NA
"500->900",1954,"900","Australia","GPH","500","Uganda","GPH",640569.395017794,"500",NA,NA,NA,NA,NA,"ok",NA
"100->2",1954,"2","United States of America","GPH","100","Colombia (New Granada) (Gran Colombia)","GPH",184483985.765125,"100",NA,NA,NA,NA,NA,"ok",NA
"100->740",1954,"740","Japan","GPH","100","Colombia (New Granada) (Gran Colombia)","GPH",177935.943060498,"100",NA,NA,NA,NA,NA,"ok",NA
"616->355",1954,"355","Bulgaria","GPH","616","Tunisia (Regency of Tunis)","GPH",71174.3772241993,"616",NA,NA,NA,NA,NA,"ok",NA
"645->625",1954,"625","Sudan (Anglo-Egyptian Sudan) (Mahdist State)","GPH","645","Iraq (Mesopotamia)","GPH",35587.1886120996,"645",NA,NA,NA,NA,NA,"ok",NA
"645->652",1954,"652","Syria","GPH","645","Iraq (Mesopotamia)","GPH",4199288.25622776,"645",NA,NA,NA,NA,NA,"ok",NA
"645->670",1954,"670","Saudi Arabia (Emirate of Nejd) (Emirate of Diriyah)","GPH","645","Iraq (Mesopotamia)","GPH",498220.640569395,"645",NA,NA,NA,NA,NA,"ok",NA
"501->530",1954,"530","Ethiopia (Abyssinia)","GPH","501","Kenya (British East Africa Protectorate)","GPH",71174.3772241993,"501",NA,NA,NA,NA,NA,"ok",NA
"501->2",1954,"2","United States of America","GPH","501","Kenya (British East Africa Protectorate)","GPH",1672597.86476868,"501",NA,NA,NA,NA,NA,"ok",NA
"500->380",1954,"380","Sweden","GPH","500","Uganda","GPH",177935.943060498,"500",NA,NA,NA,NA,NA,"ok",NA
"750->645",1954,"645","Iraq (Mesopotamia)","GPH","750","India","GPH",1886120.99644128,"750",NA,NA,NA,NA,NA,"ok",NA
"750->850",1954,"850","Indonesia (Dutch East Indies)","GPH","750","India","GPH",4021352.31316726,"750",NA,NA,NA,NA,NA,"ok",NA
"750->360",1954,"360","Romania","GPH","750","India","GPH",35587.1886120996,"750",NA,NA,NA,NA,NA,"ok",NA
"750->713",1954,"713","Republic of China (Taiwan) (Formosa)","GPH","750","India","GPH",35587.1886120996,"750",NA,NA,NA,NA,NA,"ok",NA
"625->200",1954,"200","United Kingdom","GPH","625","Sudan (Anglo-Egyptian Sudan) (Mahdist State)","GPH",17473309.6085409,"625",NA,NA,NA,NA,NA,"ok",NA
"750->352",1954,"352","Cyprus","GPH","750","India","GPH",462633.451957295,"750",NA,NA,NA,NA,NA,"ok",NA
"750->325",1954,"325","Italy","GPH","750","India","GPH",4483985.76512455,"750",NA,NA,NA,NA,NA,"ok",NA
"750->501",1954,"501","Kenya (British East Africa Protectorate)","GPH","750","India","GPH",5195729.53736655,"750",NA,NA,NA,NA,NA,"ok",NA
"52->115",1954,"115","Surinam (Dutch Guiana)","GPH","52","Trinidad and Tobago","GPH",498220.640569395,"52",NA,NA,NA,NA,NA,"ok",NA
"750->522",1954,"522","Djibouti (Afar and Issas) (French Somaliland)","GPH","750","India","GPH",35587.1886120996,"750",NA,NA,NA,NA,NA,"ok",NA
"750->115",1954,"115","Surinam (Dutch Guiana)","GPH","750","India","GPH",71174.3772241993,"750",NA,NA,NA,NA,NA,"ok",NA
"750->290",1954,"290","Poland","GPH","750","India","GPH",213523.131672598,"750",NA,NA,NA,NA,NA,"ok",NA
"541->670",1954,"670","Saudi Arabia (Emirate of Nejd) (Emirate of Diriyah)","GPH","541","Mozambique (Portuguese East Africa)","GPH",35587.1886120996,"541",NA,NA,NA,NA,NA,"ok",NA
"750->390",1954,"390","Denmark","GPH","750","India","GPH",925266.903914591,"750",NA,NA,NA,NA,NA,"ok",NA
"750->165",1954,"165","Uruguay","GPH","750","India","GPH",1138790.03558719,"750",NA,NA,NA,NA,NA,"ok",NA
"750->95",1954,"95","Panama","GPH","750","India","GPH",35587.1886120996,"750",NA,NA,NA,NA,NA,"ok",NA
"625->750",1954,"750","India","GPH","625","Sudan (Anglo-Egyptian Sudan) (Mahdist State)","GPH",1743772.24199288,"625",NA,NA,NA,NA,NA,"ok",NA
"750->200",1954,"200","United Kingdom","GPH","750","India","GPH",132491103.202847,"750",NA,NA,NA,NA,NA,"ok",NA
"750->640",1954,"640","Turkey (Ottoman Empire)","GPH","750","India","GPH",1352313.16725979,"750",NA,NA,NA,NA,NA,"ok",NA
"52->91",1954,"91","Honduras","GPH","52","Trinidad and Tobago","GPH",35587.1886120996,"52",NA,NA,NA,NA,NA,"ok",NA
"40->91",1954,"91","Honduras","GPH","40","Cuba","GPH",106761.565836299,"40",NA,NA,NA,NA,NA,"ok",NA
"40->600",1954,"600","Morocco","GPH","40","Cuba","GPH",3523131.67259786,"40",NA,NA,NA,NA,NA,"ok",NA
"750->732",1954,"732","South Korea (Republic of South Korea)","GPH","750","India","GPH",782918.149466192,"750",NA,NA,NA,NA,NA,"ok",NA
"750->52",1954,"52","Trinidad and Tobago","GPH","750","India","GPH",320284.697508897,"750",NA,NA,NA,NA,NA,"ok",NA
"40->225",1954,"225","Switzerland","GPH","40","Cuba","GPH",2811387.90035587,"40",NA,NA,NA,NA,NA,"ok",NA
"541->720",1954,"720","Hong Kong","GPH","541","Mozambique (Portuguese East Africa)","GPH",71174.3772241993,"541",NA,NA,NA,NA,NA,"ok",NA
"40->100",1954,"100","Colombia (New Granada) (Gran Colombia)","GPH","40","Cuba","GPH",355871.886120996,"40",NA,NA,NA,NA,NA,"ok",NA
"40->42",1954,"42","Dominican Republic (Santo Domingo)","GPH","40","Cuba","GPH",71174.3772241993,"40",NA,NA,NA,NA,NA,"ok",NA
"750->780",1954,"780","Sri Lanka (Ceylon)","GPH","750","India","GPH",13772241.9928826,"750",NA,NA,NA,NA,NA,"ok",NA
"40->660",1954,"660","Lebanon","GPH","40","Cuba","GPH",142348.754448399,"40",NA,NA,NA,NA,NA,"ok",NA
"750->920",1954,"920","New Zealand","GPH","750","India","GPH",3096085.40925267,"750",NA,NA,NA,NA,NA,"ok",NA
"52->70",1954,"70","Mexico","GPH","52","Trinidad and Tobago","GPH",35587.1886120996,"52",NA,NA,NA,NA,NA,"ok",NA
"52->750",1954,"750","India","GPH","52","Trinidad and Tobago","GPH",889679.715302491,"52",NA,NA,NA,NA,NA,"ok",NA
"40->93",1954,"93","Nicaragua","GPH","40","Cuba","GPH",35587.1886120996,"40",NA,NA,NA,NA,NA,"ok",NA
"205->651",1954,"651","Egypt Arab Republic (Egypt)","GPH","205","Ireland","GPH",35587.1886120996,"205",NA,NA,NA,NA,NA,"ok",NA
"205->220",1954,"220","France","GPH","205","Ireland","GPH",391459.074733096,"205",NA,NA,NA,NA,NA,"ok",NA
"52->68",1954,"68","Netherlands Antilles","GPH","52","Trinidad and Tobago","GPH",1814946.61921708,"52",NA,NA,NA,NA,NA,"ok",NA
"625->2",1954,"2","United States of America","GPH","625","Sudan (Anglo-Egyptian Sudan) (Mahdist State)","GPH",1530249.11032028,"625",NA,NA,NA,NA,NA,"ok",NA
"780->40",1954,"40","Cuba","GPH","780","Sri Lanka (Ceylon)","GPH",35587.1886120996,"780",NA,NA,NA,NA,NA,"ok",NA
"780->225",1954,"225","Switzerland","GPH","780","Sri Lanka (Ceylon)","GPH",284697.508896797,"780",NA,NA,NA,NA,NA,"ok",NA
"205->750",1954,"750","India","GPH","205","Ireland","GPH",35587.1886120996,"205",NA,NA,NA,NA,NA,"ok",NA
"52->220",1954,"220","France","GPH","52","Trinidad and Tobago","GPH",71174.3772241993,"52",NA,NA,NA,NA,NA,"ok",NA
"205->230",1954,"230","Spain","GPH","205","Ireland","GPH",569395.017793594,"205",NA,NA,NA,NA,NA,"ok",NA
"205->210",1954,"210","Netherlands","GPH","205","Ireland","GPH",711743.772241993,"205",NA,NA,NA,NA,NA,"ok",NA
"750->40",1954,"40","Cuba","GPH","750","India","GPH",3451957.29537367,"750",NA,NA,NA,NA,NA,"ok",NA
"205->2",1954,"2","United States of America","GPH","205","Ireland","GPH",2170818.50533808,"205",NA,NA,NA,NA,NA,"ok",NA
"625->325",1954,"325","Italy","GPH","625","Sudan (Anglo-Egyptian Sudan) (Mahdist State)","GPH",3167259.78647687,"625",NA,NA,NA,NA,NA,"ok",NA
"40->615",1954,"615","Algeria (Regency of Algiers)","GPH","40","Cuba","GPH",35587.1886120996,"40",NA,NA,NA,NA,NA,"ok",NA
"541->200",1954,"200","United Kingdom","GPH","541","Mozambique (Portuguese East Africa)","GPH",640569.395017794,"541",NA,NA,NA,NA,NA,"ok",NA
"52->200",1954,"200","United Kingdom","GPH","52","Trinidad and Tobago","GPH",21459074.7330961,"52",NA,NA,NA,NA,NA,"ok",NA
"780->560",1954,"560","South Africa","GPH","780","Sri Lanka (Ceylon)","GPH",6405693.95017794,"780",NA,NA,NA,NA,NA,"ok",NA
"205->900",1954,"900","Australia","GPH","205","Ireland","GPH",213523.131672598,"205",NA,NA,NA,NA,NA,"ok",NA
"165->20",1954,"20","Canada (Province of Canada)","GPH","165","Uruguay","GPH",142348.754448399,"165",NA,NA,NA,NA,NA,"ok",NA
"52->2",1954,"2","United States of America","GPH","52","Trinidad and Tobago","GPH",2669039.14590747,"52",NA,NA,NA,NA,NA,"ok",NA
"165->255",1954,"255","Germany (Zollverein)","GPH","165","Uruguay","GPH",5693950.17793594,"165",NA,NA,NA,NA,NA,"ok",NA
"475->325",1954,"325","Italy","GPH","475","Nigeria","GPH",3380782.91814947,"475",NA,NA,NA,NA,NA,"ok",NA
"475->220",1954,"220","France","GPH","475","Nigeria","GPH",2313167.25978648,"475",NA,NA,NA,NA,NA,"ok",NA
"780->651",1954,"651","Egypt Arab Republic (Egypt)","GPH","780","Sri Lanka (Ceylon)","GPH",6548042.70462633,"780",NA,NA,NA,NA,NA,"ok",NA
"780->390",1954,"390","Denmark","GPH","780","Sri Lanka (Ceylon)","GPH",498220.640569395,"780",NA,NA,NA,NA,NA,"ok",NA
"475->225",1954,"225","Switzerland","GPH","475","Nigeria","GPH",320284.697508897,"475",NA,NA,NA,NA,NA,"ok",NA
"205->255",1954,"255","Germany (Zollverein)","GPH","205","Ireland","GPH",1779359.43060498,"205",NA,NA,NA,NA,NA,"ok",NA
"165->651",1954,"651","Egypt Arab Republic (Egypt)","GPH","165","Uruguay","GPH",71174.3772241993,"165",NA,NA,NA,NA,NA,"ok",NA
"625->350",1954,"350","Greece","GPH","625","Sudan (Anglo-Egyptian Sudan) (Mahdist State)","GPH",355871.886120996,"625",NA,NA,NA,NA,NA,"ok",NA
"625->670",1954,"670","Saudi Arabia (Emirate of Nejd) (Emirate of Diriyah)","GPH","625","Sudan (Anglo-Egyptian Sudan) (Mahdist State)","GPH",640569.395017794,"625",NA,NA,NA,NA,NA,"ok",NA
"165->140",1954,"140","Brazil","GPH","165","Uruguay","GPH",12206405.6939502,"165",NA,NA,NA,NA,NA,"ok",NA
"780->135",1954,"135","Peru","GPH","780","Sri Lanka (Ceylon)","GPH",106761.565836299,"780",NA,NA,NA,NA,NA,"ok",NA
"165->840",1954,"840","Philippines","GPH","165","Uruguay","GPH",142348.754448399,"165",NA,NA,NA,NA,NA,"ok",NA
"165->290",1954,"290","Poland","GPH","165","Uruguay","GPH",320284.697508897,"165",NA,NA,NA,NA,NA,"ok",NA
"165->101",1954,"101","Venezuela","GPH","165","Uruguay","GPH",71174.3772241993,"165",NA,NA,NA,NA,NA,"ok",NA
"780->770",1954,"770","Pakistan","GPH","780","Sri Lanka (Ceylon)","GPH",854092.526690391,"780",NA,NA,NA,NA,NA,"ok",NA
"615->205",1954,"205","Ireland","GPH","615","Algeria (Regency of Algiers)","GPH",284697.508896797,"615",NA,NA,NA,NA,NA,"ok",NA
"145->200",1954,"200","United Kingdom","GPH","145","Bolivia","GPH",11743772.2419929,"145",NA,NA,NA,NA,NA,"ok",NA
"475->350",1954,"350","Greece","GPH","475","Nigeria","GPH",71174.3772241993,"475",NA,NA,NA,NA,NA,"ok",NA
"625->210",1954,"210","Netherlands","GPH","625","Sudan (Anglo-Egyptian Sudan) (Mahdist State)","GPH",1601423.48754448,"625",NA,NA,NA,NA,NA,"ok",NA
"51->325",1954,"325","Italy","GPH","51","Jamaica","GPH",427046.263345196,"51",NA,NA,NA,NA,NA,"ok",NA
"651->200",1954,"200","United Kingdom","GPH","651","Egypt Arab Republic (Egypt)","GPH",14804270.4626335,"651",NA,NA,NA,NA,NA,"ok",NA
"651->165",1954,"165","Uruguay","GPH","651","Egypt Arab Republic (Egypt)","GPH",249110.320284698,"651",NA,NA,NA,NA,NA,"ok",NA
"41->100",1954,"100","Colombia (New Granada) (Gran Colombia)","GPH","41","Haiti","GPH",35587.1886120996,"41",NA,NA,NA,NA,NA,"ok",NA
"530->651",1954,"651","Egypt Arab Republic (Egypt)","GPH","530","Ethiopia (Abyssinia)","GPH",249110.320284698,"530",NA,NA,NA,NA,NA,"ok",NA
"94->95",1954,"95","Panama","GPH","94","Costa Rica","GPH",498220.640569395,"94",NA,NA,NA,NA,NA,"ok",NA
"452->920",1954,"920","New Zealand","GPH","452","Ghana (Gold Coast)","GPH",249110.320284698,"452",NA,NA,NA,NA,NA,"ok",NA
"94->100",1954,"100","Colombia (New Granada) (Gran Colombia)","GPH","94","Costa Rica","GPH",640569.395017794,"94",NA,NA,NA,NA,NA,"ok",NA
"660->770",1954,"770","Pakistan","GPH","660","Lebanon","GPH",177935.943060498,"660",NA,NA,NA,NA,NA,"ok",NA
"225->670",1954,"670","Saudi Arabia (Emirate of Nejd) (Emirate of Diriyah)","GPH","225","Switzerland","GPH",1032028.46975089,"225",NA,NA,NA,NA,NA,"ok",NA
"225->920",1954,"920","New Zealand","GPH","225","Switzerland","GPH",1494661.92170818,"225",NA,NA,NA,NA,NA,"ok",NA
"95->210",1954,"210","Netherlands","GPH","95","Panama","GPH",35587.1886120996,"95",NA,NA,NA,NA,NA,"ok",NA
"540->666",1954,"666","Israel","GPH","540","Angola","GPH",71174.3772241993,"540",NA,NA,NA,NA,NA,"ok",NA
"540->210",1954,"210","Netherlands","GPH","540","Angola","GPH",4056939.50177936,"540",NA,NA,NA,NA,NA,"ok",NA
"512->630",1954,"630","Iran (Persia)","GPH","512","Tanzania (Tanganyika)","GPH",35587.1886120996,"512",NA,NA,NA,NA,NA,"ok",NA
"530->200",1954,"200","United Kingdom","GPH","530","Ethiopia (Abyssinia)","GPH",1067615.65836299,"530",NA,NA,NA,NA,NA,"ok",NA
"540->200",1954,"200","United Kingdom","GPH","540","Angola","GPH",6192170.81850534,"540",NA,NA,NA,NA,NA,"ok",NA
"160->385",1954,"385","Norway","GPH","160","Argentina (La Plata)","GPH",996441.28113879,"160",NA,NA,NA,NA,NA,"ok",NA
"94->380",1954,"380","Sweden","GPH","94","Costa Rica","GPH",142348.754448399,"94",NA,NA,NA,NA,NA,"ok",NA
"94->135",1954,"135","Peru","GPH","94","Costa Rica","GPH",35587.1886120996,"94",NA,NA,NA,NA,NA,"ok",NA
"651->775",1954,"775","Myanmar (Burma)","GPH","651","Egypt Arab Republic (Egypt)","GPH",498220.640569395,"651",NA,NA,NA,NA,NA,"ok",NA
"452->780",1954,"780","Sri Lanka (Ceylon)","GPH","452","Ghana (Gold Coast)","GPH",35587.1886120996,"452",NA,NA,NA,NA,NA,"ok",NA
"530->522",1954,"522","Djibouti (Afar and Issas) (French Somaliland)","GPH","530","Ethiopia (Abyssinia)","GPH",2348754.44839858,"530",NA,NA,NA,NA,NA,"ok",NA
"651->615",1954,"615","Algeria (Regency of Algiers)","GPH","651","Egypt Arab Republic (Egypt)","GPH",35587.1886120996,"651",NA,NA,NA,NA,NA,"ok",NA
"660->630",1954,"630","Iran (Persia)","GPH","660","Lebanon","GPH",71174.3772241993,"660",NA,NA,NA,NA,NA,"ok",NA
"651->580",1954,"580","Madagascar (Malagasy Republic)","GPH","651","Egypt Arab Republic (Egypt)","GPH",142348.754448399,"651",NA,NA,NA,NA,NA,"ok",NA
"92->95",1954,"95","Panama","GPH","92","El Salvador","GPH",35587.1886120996,"92",NA,NA,NA,NA,NA,"ok",NA
"51->750",1954,"750","India","GPH","51","Jamaica","GPH",71174.3772241993,"51",NA,NA,NA,NA,NA,"ok",NA
"540->20",1954,"20","Canada (Province of Canada)","GPH","540","Angola","GPH",213523.131672598,"540",NA,NA,NA,NA,NA,"ok",NA
"651->2",1954,"2","United States of America","GPH","651","Egypt Arab Republic (Egypt)","GPH",6725978.64768683,"651",NA,NA,NA,NA,NA,"ok",NA
"651->530",1954,"530","Ethiopia (Abyssinia)","GPH","651","Egypt Arab Republic (Egypt)","GPH",71174.3772241993,"651",NA,NA,NA,NA,NA,"ok",NA
"651->740",1954,"740","Japan","GPH","651","Egypt Arab Republic (Egypt)","GPH",6975088.96797153,"651",NA,NA,NA,NA,NA,"ok",NA
"160->101",1954,"101","Venezuela","GPH","160","Argentina (La Plata)","GPH",1067615.65836299,"160",NA,NA,NA,NA,NA,"ok",NA
"770->780",1954,"780","Sri Lanka (Ceylon)","GPH","770","Pakistan","GPH",427046.263345196,"770",NA,NA,NA,NA,NA,"ok",NA
"651->255",1954,"255","Germany (Zollverein)","GPH","651","Egypt Arab Republic (Egypt)","GPH",11779359.430605,"651",NA,NA,NA,NA,NA,"ok",NA
"651->375",1954,"375","Finland","GPH","651","Egypt Arab Republic (Egypt)","GPH",604982.206405694,"651",NA,NA,NA,NA,NA,"ok",NA
"651->355",1954,"355","Bulgaria","GPH","651","Egypt Arab Republic (Egypt)","GPH",106761.565836299,"651",NA,NA,NA,NA,NA,"ok",NA
"651->230",1954,"230","Spain","GPH","651","Egypt Arab Republic (Egypt)","GPH",3380782.91814947,"651",NA,NA,NA,NA,NA,"ok",NA
"651->750",1954,"750","India","GPH","651","Egypt Arab Republic (Egypt)","GPH",18647686.8327402,"651",NA,NA,NA,NA,NA,"ok",NA
"651->770",1954,"770","Pakistan","GPH","651","Egypt Arab Republic (Egypt)","GPH",355871.886120996,"651",NA,NA,NA,NA,NA,"ok",NA
"651->140",1954,"140","Brazil","GPH","651","Egypt Arab Republic (Egypt)","GPH",35587.1886120996,"651",NA,NA,NA,NA,NA,"ok",NA
"540->385",1954,"385","Norway","GPH","540","Angola","GPH",106761.565836299,"540",NA,NA,NA,NA,NA,"ok",NA
"225->42",1954,"42","Dominican Republic (Santo Domingo)","GPH","225","Switzerland","GPH",106761.565836299,"225",NA,NA,NA,NA,NA,"ok",NA
"652->740",1954,"740","Japan","GPH","652","Syria","GPH",213523.131672598,"652",NA,NA,NA,NA,NA,"ok",NA
"42->101",1954,"101","Venezuela","GPH","42","Dominican Republic (Santo Domingo)","GPH",213523.131672598,"42",NA,NA,NA,NA,NA,"ok",NA
"94->200",1954,"200","United Kingdom","GPH","94","Costa Rica","GPH",106761.565836299,"94",NA,NA,NA,NA,NA,"ok",NA
"452->475",1954,"475","Nigeria","GPH","452","Ghana (Gold Coast)","GPH",355871.886120996,"452",NA,NA,NA,NA,NA,"ok",NA
"92->93",1954,"93","Nicaragua","GPH","92","El Salvador","GPH",462633.451957295,"92",NA,NA,NA,NA,NA,"ok",NA
"92->90",1954,"90","Guatemala","GPH","92","El Salvador","GPH",427046.263345196,"92",NA,NA,NA,NA,NA,"ok",NA
"42->165",1954,"165","Uruguay","GPH","42","Dominican Republic (Santo Domingo)","GPH",106761.565836299,"42",NA,NA,NA,NA,NA,"ok",NA
"42->41",1954,"41","Haiti","GPH","42","Dominican Republic (Santo Domingo)","GPH",35587.1886120996,"42",NA,NA,NA,NA,NA,"ok",NA
"600->660",1954,"660","Lebanon","GPH","600","Morocco","GPH",106761.565836299,"600",NA,NA,NA,NA,NA,"ok",NA
"600->290",1954,"290","Poland","GPH","600","Morocco","GPH",604982.206405694,"600",NA,NA,NA,NA,NA,"ok",NA
"600->325",1954,"325","Italy","GPH","600","Morocco","GPH",4128113.87900356,"600",NA,NA,NA,NA,NA,"ok",NA
"600->225",1954,"225","Switzerland","GPH","600","Morocco","GPH",284697.508896797,"600",NA,NA,NA,NA,NA,"ok",NA
"471->165",1954,"165","Uruguay","GPH","471","Cameroun (French Cameroon)","GPH",35587.1886120996,"471",NA,NA,NA,NA,NA,"ok",NA
"471->475",1954,"475","Nigeria","GPH","471","Cameroun (French Cameroon)","GPH",142348.754448399,"471",NA,NA,NA,NA,NA,"ok",NA
"652->670",1954,"670","Saudi Arabia (Emirate of Nejd) (Emirate of Diriyah)","GPH","652","Syria","GPH",1209964.41281139,"652",NA,NA,NA,NA,NA,"ok",NA
"225->800",1954,"800","Thailand (Siam)","GPH","225","Switzerland","GPH",1565836.29893238,"225",NA,NA,NA,NA,NA,"ok",NA
"541->2",1954,"2","United States of America","GPH","541","Mozambique (Portuguese East Africa)","GPH",1174377.22419929,"541",NA,NA,NA,NA,NA,"ok",NA
"541->560",1954,"560","South Africa","GPH","541","Mozambique (Portuguese East Africa)","GPH",2846975.08896797,"541",NA,NA,NA,NA,NA,"ok",NA
"750->230",1954,"230","Spain","GPH","750","India","GPH",142348.754448399,"750",NA,NA,NA,NA,NA,"ok",NA
"750->541",1954,"541","Mozambique (Portuguese East Africa)","GPH","750","India","GPH",462633.451957295,"750",NA,NA,NA,NA,NA,"ok",NA
"750->770",1954,"770","Pakistan","GPH","750","India","GPH",7544483.98576512,"750",NA,NA,NA,NA,NA,"ok",NA
"750->150",1954,"150","Paraguay","GPH","750","India","GPH",35587.1886120996,"750",NA,NA,NA,NA,NA,"ok",NA
"615->651",1954,"651","Egypt Arab Republic (Egypt)","GPH","615","Algeria (Regency of Algiers)","GPH",142348.754448399,"615",NA,NA,NA,NA,NA,"ok",NA
"750->600",1954,"600","Morocco","GPH","750","India","GPH",640569.395017794,"750",NA,NA,NA,NA,NA,"ok",NA
"452->325",1954,"325","Italy","GPH","452","Ghana (Gold Coast)","GPH",1459074.73309609,"452",NA,NA,NA,NA,NA,"ok",NA
"625->652",1954,"652","Syria","GPH","625","Sudan (Anglo-Egyptian Sudan) (Mahdist State)","GPH",35587.1886120996,"625",NA,NA,NA,NA,NA,"ok",NA
"750->652",1954,"652","Syria","GPH","750","India","GPH",1209964.41281139,"750",NA,NA,NA,NA,NA,"ok",NA
"541->230",1954,"230","Spain","GPH","541","Mozambique (Portuguese East Africa)","GPH",177935.943060498,"541",NA,NA,NA,NA,NA,"ok",NA
"40->94",1954,"94","Costa Rica","GPH","40","Cuba","GPH",35587.1886120996,"40",NA,NA,NA,NA,NA,"ok",NA
"40->140",1954,"140","Brazil","GPH","40","Cuba","GPH",35587.1886120996,"40",NA,NA,NA,NA,NA,"ok",NA
"780->670",1954,"670","Saudi Arabia (Emirate of Nejd) (Emirate of Diriyah)","GPH","780","Sri Lanka (Ceylon)","GPH",782918.149466192,"780",NA,NA,NA,NA,NA,"ok",NA
"52->41",1954,"41","Haiti","GPH","52","Trinidad and Tobago","GPH",35587.1886120996,"52",NA,NA,NA,NA,NA,"ok",NA
"100->230",1954,"230","Spain","GPH","100","Colombia (New Granada) (Gran Colombia)","GPH",320284.697508897,"100",NA,NA,NA,NA,NA,"ok",NA
"40->165",1954,"165","Uruguay","GPH","40","Cuba","GPH",498220.640569395,"40",NA,NA,NA,NA,NA,"ok",NA
"52->51",1954,"51","Jamaica","GPH","52","Trinidad and Tobago","GPH",747330.960854092,"52",NA,NA,NA,NA,NA,"ok",NA
"40->780",1954,"780","Sri Lanka (Ceylon)","GPH","40","Cuba","GPH",604982.206405694,"40",NA,NA,NA,NA,NA,"ok",NA
"390->395",1954,"395","Iceland","GPH","390","Denmark","GPH",1637010.67615658,"390",NA,NA,NA,NA,NA,"ok",NA
"625->651",1954,"651","Egypt Arab Republic (Egypt)","GPH","625","Sudan (Anglo-Egyptian Sudan) (Mahdist State)","GPH",3629893.23843416,"625",NA,NA,NA,NA,NA,"ok",NA
"780->290",1954,"290","Poland","GPH","780","Sri Lanka (Ceylon)","GPH",35587.1886120996,"780",NA,NA,NA,NA,NA,"ok",NA
"52->90",1954,"90","Guatemala","GPH","52","Trinidad and Tobago","GPH",249110.320284698,"52",NA,NA,NA,NA,NA,"ok",NA
"52->225",1954,"225","Switzerland","GPH","52","Trinidad and Tobago","GPH",35587.1886120996,"52",NA,NA,NA,NA,NA,"ok",NA
"770->205",1954,"205","Ireland","GPH","770","Pakistan","GPH",925266.903914591,"770",NA,NA,NA,NA,NA,"ok",NA
"475->666",1954,"666","Israel","GPH","475","Nigeria","GPH",177935.943060498,"475",NA,NA,NA,NA,NA,"ok",NA
"770->720",1954,"720","Hong Kong","GPH","770","Pakistan","GPH",4306049.82206406,"770",NA,NA,NA,NA,NA,"ok",NA
"780->800",1954,"800","Thailand (Siam)","GPH","780","Sri Lanka (Ceylon)","GPH",71174.3772241993,"780",NA,NA,NA,NA,NA,"ok",NA
"225->395",1954,"395","Iceland","GPH","225","Switzerland","GPH",142348.754448399,"225",NA,NA,NA,NA,NA,"ok",NA
"770->740",1954,"740","Japan","GPH","770","Pakistan","GPH",11174377.2241993,"770",NA,NA,NA,NA,NA,"ok",NA
"770->2",1954,"2","United States of America","GPH","770","Pakistan","GPH",8505338.07829181,"770",NA,NA,NA,NA,NA,"ok",NA
"750->740",1954,"740","Japan","GPH","750","India","GPH",12313167.2597865,"750",NA,NA,NA,NA,NA,"ok",NA
"225->840",1954,"840","Philippines","GPH","225","Switzerland","GPH",747330.960854092,"225",NA,NA,NA,NA,NA,"ok",NA
