id,year,importerId,importerLabel,importerType,exporterId,exporterLabel,exporterType,value,reportedBy,partial,valueToSplit,newReporters,newPartners,originalReportedTradeFlowIds,status,notes
220->615,1841,615,Algeria (Regency of Algiers),GPH-AUTONOMOUS-CITED,220,France,GPH-AUTONOMOUS-CITED,1171766.7550769963,220,,,,,,ok,
220<-615,1841,220,France,GPH-AUTONOMOUS-CITED,615,Algeria (Regency of Algiers),GPH-AUTONOMOUS-CITED,71256.08645738491,220,,,,,,ok,
220->200,1841,200,United Kingdom,GPH-AUTONOMOUS-CITED,220,France,GPH-AUTONOMOUS-CITED,4255571.830093821,220,,,,,,ok,
220<-200,1841,220,France,GPH-AUTONOMOUS-CITED,200,United Kingdom,GPH-AUTONOMOUS-CITED,4033886.2277819565,220,,,,,,ok,
220->255,1841,255,Germany (Zollverein),GPH,220,France,GPH-AUTONOMOUS-CITED,1900162.305530264,220,,1900162.305530264,,239|241|242|243|244|245|247|252|254|258|259|261|262|264|266|267|268|269|270|271|272|273|275|277,,split_failed_no_ratio,
220<-255,1841,220,France,GPH-AUTONOMOUS-CITED,255,Germany (Zollverein),GPH,2066426.5072641622,220,,2066426.5072641622,,239|241|242|243|244|245|247|252|254|258|259|261|262|264|266|267|268|269|270|271|272|273|275|277,,split_failed_no_ratio,
220->Africa (other),1841,Africa (other),Africa (other),RIC,220,France,GPH-AUTONOMOUS-CITED,15834.685879418868,220,,15834.685879418868,,403|411|413|481|483|500|511|516|517|520|530|540|541|562|570|572|580|698|4050|4060|4070|4111|4112|4325|4326|4327|4328|4331|4332|4333|4334|4335|4336|4337|4343|4349|4352|4354|4362|4382|4392|4394|4395|4396|4397|4501|4515|4527|4529|4534|4711|4737|4741|4742|4744|4746|4751|4763|4769|4773|4776|4791|4795|4821|4822|4831|4832|4841|4842|4902|4904|4908|4910|5001|5002|5003|5013|5018|5102|5104|5203|5212|5221|5303|5306|5307|5309|5321|5322|5323|5324|5332|5403|5511|5512|5513|5516|5517|5522|5606|5611|5614|5621|5642|5796|5801|5803|5811|5812|5813|5814|5901|5902|5903|6151|6251|6255,,split_failed_no_ratio,
220<-Africa (other),1841,220,France,GPH-AUTONOMOUS-CITED,Africa (other),Africa (other),RIC,11876.01440956415,220,,11876.01440956415,,403|411|413|481|483|500|511|516|517|520|530|540|541|562|570|572|580|698|4050|4060|4070|4111|4112|4325|4326|4327|4328|4331|4332|4333|4334|4335|4336|4337|4343|4349|4352|4354|4362|4382|4392|4394|4395|4396|4397|4501|4515|4527|4529|4534|4711|4737|4741|4742|4744|4746|4751|4763|4769|4773|4776|4791|4795|4821|4822|4831|4832|4841|4842|4902|4904|4908|4910|5001|5002|5003|5013|5018|5102|5104|5203|5212|5221|5303|5306|5307|5309|5321|5322|5323|5324|5332|5403|5511|5512|5513|5516|5517|5522|5606|5611|5614|5621|5642|5796|5801|5803|5811|5812|5813|5814|5901|5902|5903|6151|6251|6255,,split_failed_no_ratio,
220->300,1841,300,Austria-Hungary (Austrian Empire),GPH-AUTONOMOUS-CITED,220,France,GPH-AUTONOMOUS-CITED,106884.12968607736,220,,,,,,ok,
220<-300,1841,220,France,GPH-AUTONOMOUS-CITED,300,Austria-Hungary (Austrian Empire),GPH-AUTONOMOUS-CITED,391908.475515617,220,,,,,,ok,
220->211,1841,211,Belgium,GPH-AUTONOMOUS-CITED,220,France,GPH-AUTONOMOUS-CITED,1817030.204663315,220,,,,,,ok,
220<-211,1841,220,France,GPH-AUTONOMOUS-CITED,211,Belgium,GPH-AUTONOMOUS-CITED,3558845.6513993903,220,,,,,,ok,
220->140,1841,140,Brazil,GPH-AUTONOMOUS-CITED,220,France,GPH-AUTONOMOUS-CITED,803610.3083805075,220,,,,,,ok,
220<-140,1841,220,France,GPH-AUTONOMOUS-CITED,140,Brazil,GPH-AUTONOMOUS-CITED,316693.71758837736,220,,,,,,ok,
220->Cayenne,1841,Cayenne,Cayenne,RIC,220,France,GPH-AUTONOMOUS-CITED,95008.1152765132,220,,,,,,ignore_resolved,
220<-Cayenne,1841,220,France,GPH-AUTONOMOUS-CITED,Cayenne,Cayenne,RIC,75214.75792723963,220,,,,,,ignore_resolved,
220->155,1841,155,Chile,GPH-AUTONOMOUS-CITED,220,France,GPH-AUTONOMOUS-CITED,494833.9337318396,220,,,,,,ok,
220<-155,1841,220,France,GPH-AUTONOMOUS-CITED,155,Chile,GPH-AUTONOMOUS-CITED,146470.84438462454,220,,,,,,ok,
220->Cochin China & Oceania & People's Republic of China (China),1841,Cochin China & Oceania & People's Republic of China (China),Cochin China & Oceania & People's Republic of China (China),RIC,220,France,GPH-AUTONOMOUS-CITED,3958.671469854717,220,,3958.671469854717,,4|710|815|901|902|903|906|920|930|955|960|970|9002|9004|9006|9007|9203|9205|9206|9253|9322|9324|9552|9604|9606|9620|9621|9810|9820|9900|9960|9971|9974|9984,,split_failed_no_ratio,
220<-Cochin China & Oceania & People's Republic of China (China),1841,220,France,GPH-AUTONOMOUS-CITED,Cochin China & Oceania & People's Republic of China (China),Cochin China & Oceania & People's Republic of China (China),RIC,55421.40057796604,220,,55421.40057796604,,4|710|815|901|902|903|906|920|930|955|960|970|9002|9004|9006|9007|9203|9205|9206|9253|9322|9324|9552|9604|9606|9620|9621|9810|9820|9900|9960|9971|9974|9984,,split_failed_no_ratio,
220->Western Africa,1841,Western Africa,Western Africa,RIC,220,France,GPH-AUTONOMOUS-CITED,23752.0288191283,220,,23752.0288191283,,402|432|450|451|4041|4042|4044|4341|4348|4361|4381|4383|4391|4521|4535|4781|4792|4793,,split_failed_no_ratio,
220<-Western Africa,1841,220,France,GPH-AUTONOMOUS-CITED,Western Africa,Western Africa,RIC,27710.70028898302,220,,27710.70028898302,,402|432|450|451|4041|4042|4044|4341|4348|4361|4381|4383|4391|4521|4535|4781|4792|4793,,split_failed_no_ratio,
220->390,1841,390,Denmark,GPH-AUTONOMOUS-CITED,220,France,GPH-AUTONOMOUS-CITED,79173.42939709434,220,,,,,,ok,
220<-390,1841,220,France,GPH-AUTONOMOUS-CITED,390,Denmark,GPH-AUTONOMOUS-CITED,35628.043228692455,220,,,,,,ok,
220->329,1841,329,Two Sicilies,GPH-AUTONOMOUS-CITED,220,France,GPH-AUTONOMOUS-CITED,285024.34582953964,220,,,,,,ok,
220<-329,1841,220,France,GPH-AUTONOMOUS-CITED,329,Two Sicilies,GPH-AUTONOMOUS-CITED,554214.0057796603,220,,,,,,ok,
220->651,1841,651,Egypt Arab Republic (Egypt),GPH-AUTONOMOUS-CITED,220,France,GPH-AUTONOMOUS-CITED,154388.18732433397,220,,,,,,ok,
220<-651,1841,220,France,GPH-AUTONOMOUS-CITED,651,Egypt Arab Republic (Egypt),GPH-AUTONOMOUS-CITED,190016.2305530264,220,,,,,,ok,
220->130,1841,130,Ecuador,GPH-AUTONOMOUS-CITED,220,France,GPH-AUTONOMOUS-CITED,3958.671469854717,220,,,,,,ok,
220<-130,1841,220,France,GPH-AUTONOMOUS-CITED,130,Ecuador,GPH-AUTONOMOUS-CITED,3958.671469854717,220,,,,,,ok,
220->230,1841,230,Spain,GPH-AUTONOMOUS-CITED,220,France,GPH-AUTONOMOUS-CITED,3131309.132655081,220,,,,,,ok,
220<-230,1841,220,France,GPH-AUTONOMOUS-CITED,230,Spain,GPH-AUTONOMOUS-CITED,1112386.6830291755,220,,,,,,ok,
220->Barbary Coast,1841,Barbary Coast,Barbary Coast,RIC,220,France,GPH-AUTONOMOUS-CITED,95008.1152765132,220,,95008.1152765132,,600|616|6062|6064,,split_failed_no_ratio,
220<-Barbary Coast,1841,220,France,GPH-AUTONOMOUS-CITED,Barbary Coast,Barbary Coast,RIC,205850.9164324453,220,,205850.9164324453,,600|616|6062|6064,,split_failed_no_ratio,
220->Lucca & Monaco & Papal States,1841,Lucca & Monaco & Papal States,Lucca & Monaco & Papal States,RIC,220,France,GPH-AUTONOMOUS-CITED,71256.08645738491,220,,71256.08645738491,,221|327|335,,split_failed_no_ratio,
220<-Lucca & Monaco & Papal States,1841,220,France,GPH-AUTONOMOUS-CITED,Lucca & Monaco & Papal States,Lucca & Monaco & Papal States,RIC,114801.47262578679,220,,114801.47262578679,,221|327|335,,split_failed_no_ratio,
220->324,1841,324,Kingdom of Sardinia,GPH-AUTONOMOUS-CITED,220,France,GPH-AUTONOMOUS-CITED,1539923.201773485,220,,,,,,ok,
220<-324,1841,220,France,GPH-AUTONOMOUS-CITED,324,Kingdom of Sardinia,GPH-AUTONOMOUS-CITED,3254027.948220577,220,,,,,,ok,
220->2,1841,2,United States of America,GPH-AUTONOMOUS-CITED,220,France,GPH-AUTONOMOUS-CITED,4797909.821463916,220,,,,,,ok,
220<-2,1841,220,France,GPH-AUTONOMOUS-CITED,2,United States of America,GPH-AUTONOMOUS-CITED,4809785.835873481,220,,,,,,ok,
220->350,1841,350,Greece,GPH-AUTONOMOUS-CITED,220,France,GPH-AUTONOMOUS-CITED,71256.08645738491,220,,,,,,ok,
220<-350,1841,220,France,GPH-AUTONOMOUS-CITED,350,Greece,GPH-AUTONOMOUS-CITED,15834.685879418868,220,,,,,,ok,
220->65,1841,65,Guadeloupe,GPH-AUTONOMOUS-CITED,220,France,GPH-AUTONOMOUS-CITED,688808.8357547207,220,,,,,,ok,
220<-65,1841,220,France,GPH-AUTONOMOUS-CITED,65,Guadeloupe,GPH-AUTONOMOUS-CITED,625470.0922370453,220,,,,,,ok,
220<-90,1841,220,France,GPH-AUTONOMOUS-CITED,90,Guatemala,GPH-AUTONOMOUS-CITED,27710.70028898302,220,,,,,,ok,
220->90,1841,90,Guatemala,GPH-AUTONOMOUS-CITED,220,France,GPH-AUTONOMOUS-CITED,7917.342939709434,220,,,,,,ok,
220->41,1841,41,Haiti,GPH-AUTONOMOUS-CITED,220,France,GPH-AUTONOMOUS-CITED,122718.81556549622,220,,,,,,ok,
220<-41,1841,220,France,GPH-AUTONOMOUS-CITED,41,Haiti,GPH-AUTONOMOUS-CITED,205850.9164324453,220,,,,,,ok,
220->240,1841,240,Hanover,GPH-AUTONOMOUS-CITED,220,France,GPH-AUTONOMOUS-CITED,7917.342939709434,220,,,,,,ok,
220->585,1841,585,Reunion (Bourbon I.),GPH-AUTONOMOUS-CITED,220,France,GPH-AUTONOMOUS-CITED,633387.4351767547,220,,,,,,ok,
220<-585,1841,220,France,GPH-AUTONOMOUS-CITED,585,Reunion (Bourbon I.),GPH-AUTONOMOUS-CITED,827362.3371996358,220,,,,,,ok,
220->Cape Colony (Cape of Good Hope) & Mauritius,1841,Cape Colony (Cape of Good Hope) & Mauritius,Cape Colony (Cape of Good Hope) & Mauritius,RIC,220,France,GPH-AUTONOMOUS-CITED,225644.27378171886,220,,225644.27378171886,,561|590,,ignore_resolved,
220<-Cape Colony (Cape of Good Hope) & Mauritius,1841,220,France,GPH-AUTONOMOUS-CITED,Cape Colony (Cape of Good Hope) & Mauritius,Cape Colony (Cape of Good Hope) & Mauritius,RIC,3958.671469854717,220,,3958.671469854717,,561|590,,ignore_resolved,
220->750,1841,750,India,GPH-AUTONOMOUS-CITED,220,France,GPH-AUTONOMOUS-CITED,237520.288191283,220,,,,,,ok,
220<-750,1841,220,France,GPH-AUTONOMOUS-CITED,750,India,GPH-AUTONOMOUS-CITED,839238.3516092,220,,,,,,ok,
220->850,1841,850,Indonesia (Dutch East Indies),GPH-AUTONOMOUS-CITED,220,France,GPH-AUTONOMOUS-CITED,27710.70028898302,220,,,,,,ok,
220<-850,1841,220,France,GPH-AUTONOMOUS-CITED,850,Indonesia (Dutch East Indies),GPH-AUTONOMOUS-CITED,154388.18732433397,220,,,,,,ok,
220->66,1841,66,Martinique,GPH-AUTONOMOUS-CITED,220,France,GPH-AUTONOMOUS-CITED,724436.8789834132,220,,,,,,ok,
220<-66,1841,220,France,GPH-AUTONOMOUS-CITED,66,Martinique,GPH-AUTONOMOUS-CITED,574007.3631289339,220,,,,,,ok,
220->280,1841,280,Mecklenburg Schwerin,GPH-AUTONOMOUS-CITED,220,France,GPH-AUTONOMOUS-CITED,19793.357349273585,220,,,,,,ok,
220<-280,1841,220,France,GPH-AUTONOMOUS-CITED,280,Mecklenburg Schwerin,GPH-AUTONOMOUS-CITED,3958.671469854717,220,,,,,,ok,
220->70,1841,70,Mexico,GPH-AUTONOMOUS-CITED,220,France,GPH-AUTONOMOUS-CITED,399825.8184553264,220,,,,,,ok,
220<-70,1841,220,France,GPH-AUTONOMOUS-CITED,70,Mexico,GPH-AUTONOMOUS-CITED,178140.21614346225,220,,,,,,ok,
220->385,1841,385,Norway,GPH-AUTONOMOUS-CITED,220,France,GPH-AUTONOMOUS-CITED,75214.75792723963,220,,,,,,ok,
220<-385,1841,220,France,GPH-AUTONOMOUS-CITED,385,Norway,GPH-AUTONOMOUS-CITED,478999.2478524207,220,,,,,,ok,
220->Colombia (New Granada) (Gran Colombia) (other),1841,Colombia (New Granada) (Gran Colombia) (other),Colombia (New Granada) (Gran Colombia) (other),RIC,220,France,GPH-AUTONOMOUS-CITED,11876.01440956415,220,,,,,,ignore_resolved,
220<-Colombia (New Granada) (Gran Colombia) (other),1841,220,France,GPH-AUTONOMOUS-CITED,Colombia (New Granada) (Gran Colombia) (other),Colombia (New Granada) (Gran Colombia) (other),RIC,23752.0288191283,220,,,,,,ignore_resolved,
220->210,1841,210,Netherlands,GPH-AUTONOMOUS-CITED,220,France,GPH-AUTONOMOUS-CITED,724436.8789834132,220,,,,,,ok,
220<-210,1841,220,France,GPH-AUTONOMOUS-CITED,210,Netherlands,GPH-AUTONOMOUS-CITED,756106.2507422509,220,,,,,,ok,
220->135,1841,135,Peru,GPH-AUTONOMOUS-CITED,220,France,GPH-AUTONOMOUS-CITED,55421.40057796604,220,,,,,,ok,
220<-135,1841,220,France,GPH-AUTONOMOUS-CITED,135,Peru,GPH-AUTONOMOUS-CITED,55421.40057796604,220,,,,,,ok,
220<-840,1841,220,France,GPH-AUTONOMOUS-CITED,840,Philippines,GPH-AUTONOMOUS-CITED,35628.043228692455,220,,,,,,ok,
220->235,1841,235,Portugal,GPH-AUTONOMOUS-CITED,220,France,GPH-AUTONOMOUS-CITED,98966.78674636793,220,,,,,,ok,
220<-235,1841,220,France,GPH-AUTONOMOUS-CITED,235,Portugal,GPH-AUTONOMOUS-CITED,47504.0576382566,220,,,,,,ok,
220->British America,1841,British America,British America,RIC,220,France,GPH-AUTONOMOUS-CITED,11876.01440956415,220,,11876.01440956415,,20|21|30|31|51|54|110|1022|1023|1024|1025|1026|1048|1055|1063|1163,,split_failed_no_ratio,
220<-British America,1841,220,France,GPH-AUTONOMOUS-CITED,British America,British America,RIC,3958.671469854717,220,,3958.671469854717,,20|21|30|31|51|54|110|1022|1023|1024|1025|1026|1048|1055|1063|1163,,split_failed_no_ratio,
220->5,1841,5,Virgin Islands (Danish West Indies),GPH-AUTONOMOUS-CITED,220,France,GPH-AUTONOMOUS-CITED,193974.9020228811,220,,,,,,ok,
220<-5,1841,220,France,GPH-AUTONOMOUS-CITED,5,Virgin Islands (Danish West Indies),GPH-AUTONOMOUS-CITED,15834.685879418868,220,,,,,,ok,
220->Spanish America,1841,Spanish America,Spanish America,RIC,220,France,GPH-AUTONOMOUS-CITED,352321.7608170698,220,,352321.7608170698,,6|40,,ignore_resolved,
220<-Spanish America,1841,220,France,GPH-AUTONOMOUS-CITED,Spanish America,Spanish America,RIC,312735.04611852264,220,,312735.04611852264,,6|40,,ignore_resolved,
220->751,1841,751,French India,GPH-AUTONOMOUS-CITED,220,France,GPH-AUTONOMOUS-CITED,23752.0288191283,220,,,,,,ok,
220<-751,1841,220,France,GPH-AUTONOMOUS-CITED,751,French India,GPH-AUTONOMOUS-CITED,39586.71469854717,220,,,,,,ok,
220->160,1841,160,Argentina (La Plata),GPH-AUTONOMOUS-CITED,220,France,GPH-AUTONOMOUS-CITED,122718.81556549622,220,,,,,,ok,
220<-160,1841,220,France,GPH-AUTONOMOUS-CITED,160,Argentina (La Plata),GPH-AUTONOMOUS-CITED,182098.88761331697,220,,,,,,ok,
220->365,1841,365,Russia (USSR),GPH-AUTONOMOUS-CITED,220,France,GPH-AUTONOMOUS-CITED,471081.9049127113,220,,,,,,ok,
220<-365,1841,220,France,GPH-AUTONOMOUS-CITED,365,Russia (USSR),GPH-AUTONOMOUS-CITED,1389493.6859190057,220,,,,,,ok,
220->1029,1841,1029,St. Pierre and Miquelon,GPH-AUTONOMOUS-CITED,220,France,GPH-AUTONOMOUS-CITED,174181.54467360754,220,,,,,,ok,
220<-1029,1841,220,France,GPH-AUTONOMOUS-CITED,1029,St. Pierre and Miquelon,GPH-AUTONOMOUS-CITED,538379.3199002414,220,,,,,,ok,
220->433,1841,433,Senegal,GPH-AUTONOMOUS-CITED,220,France,GPH-AUTONOMOUS-CITED,142512.17291476982,220,,,,,,ok,
220<-433,1841,220,France,GPH-AUTONOMOUS-CITED,433,Senegal,GPH-AUTONOMOUS-CITED,122718.81556549622,220,,,,,,ok,
220->380,1841,380,Sweden,GPH-AUTONOMOUS-CITED,220,France,GPH-AUTONOMOUS-CITED,35628.043228692455,220,,,,,,ok,
220<-380,1841,220,France,GPH-AUTONOMOUS-CITED,380,Sweden,GPH-AUTONOMOUS-CITED,162305.53026404337,220,,,,,,ok,
220->225,1841,225,Switzerland,GPH-AUTONOMOUS-CITED,220,France,GPH-AUTONOMOUS-CITED,1563675.230592613,220,,,,,,ok,
220<-225,1841,220,France,GPH-AUTONOMOUS-CITED,225,Switzerland,GPH-AUTONOMOUS-CITED,878825.0663077472,220,,,,,,ok,
220->7,1841,7,Texas,GPH-AUTONOMOUS-CITED,220,France,GPH-AUTONOMOUS-CITED,3958.671469854717,220,,,,,,ok,
220->337,1841,337,Tuscany,GPH-AUTONOMOUS-CITED,220,France,GPH-AUTONOMOUS-CITED,443371.2046237283,220,,,,,,ok,
220<-337,1841,220,France,GPH-AUTONOMOUS-CITED,337,Tuscany,GPH-AUTONOMOUS-CITED,522544.63402082265,220,,,,,,ok,
220->640,1841,640,Turkey (Ottoman Empire),GPH-AUTONOMOUS-CITED,220,France,GPH-AUTONOMOUS-CITED,467123.2334428566,220,,,,,,ok,
220<-640,1841,220,France,GPH-AUTONOMOUS-CITED,640,Turkey (Ottoman Empire),GPH-AUTONOMOUS-CITED,1132180.040378449,220,,,,,,ok,
220->165,1841,165,Uruguay,GPH-AUTONOMOUS-CITED,220,France,GPH-AUTONOMOUS-CITED,340445.74640750565,220,,,,,,ok,
220<-165,1841,220,France,GPH-AUTONOMOUS-CITED,165,Uruguay,GPH-AUTONOMOUS-CITED,320652.3890582321,220,,,,,,ok,
220->101,1841,101,Venezuela,GPH-AUTONOMOUS-CITED,220,France,GPH-AUTONOMOUS-CITED,102925.45821622264,220,,,,,,ok,
220<-101,1841,220,France,GPH-AUTONOMOUS-CITED,101,Venezuela,GPH-AUTONOMOUS-CITED,98966.78674636793,220,,,,,,ok,
220->Hanse Towns,1841,Hanse Towns,Hanse Towns,RIC,220,France,GPH-AUTONOMOUS-CITED,684850.1642848661,220,,684850.1642848661,,246|248|276,,ignore_resolved,
220<-Hanse Towns,1841,220,France,GPH-AUTONOMOUS-CITED,Hanse Towns,Hanse Towns,RIC,229602.94525157358,220,,229602.94525157358,,246|248|276,,ignore_resolved,
31<-200,1841,31,Bahamas,GPH-AUTONOMOUS-CITED,200,United Kingdom,GPH-AUTONOMOUS-CITED,30510,31,,,,,,ok,
31<-British West Indies,1841,31,Bahamas,GPH-AUTONOMOUS-CITED,British West Indies,British West Indies,RIC,8847,31,,8847,,30|51|54|1048|1055|1063,,split_failed_no_ratio,
31<-British Northern America,1841,31,Bahamas,GPH-AUTONOMOUS-CITED,British Northern America,British Northern America,RIC,1991,31,,1991,,20|21|1022|1023|1024|1025|1026,,split_failed_no_ratio,
31<-British Colonies (other),1841,31,Bahamas,GPH-AUTONOMOUS-CITED,British Colonies (other),British Colonies (other),RIC,13749,31,,13749,,110|231|338|451|561|590|720|750|780|901|902|903|906|920|1163|2249|4044|4050|4383|5614|7501|9004|9620,,split_failed_no_ratio,
31<-2,1841,31,Bahamas,GPH-AUTONOMOUS-CITED,2,United States of America,GPH-AUTONOMOUS-CITED,43478,31,,,,,,ok,
31->200,1841,200,United Kingdom,GPH-AUTONOMOUS-CITED,31,Bahamas,GPH-AUTONOMOUS-CITED,29900,31,,,,,,ok,
31->British West Indies,1841,British West Indies,British West Indies,RIC,31,Bahamas,GPH-AUTONOMOUS-CITED,13337,31,,13337,,30|51|54|1048|1055|1063,,split_failed_no_ratio,
31->British Northern America,1841,British Northern America,British Northern America,RIC,31,Bahamas,GPH-AUTONOMOUS-CITED,2006,31,,2006,,20|21|1022|1023|1024|1025|1026,,split_failed_no_ratio,
31->British Colonies (other),1841,British Colonies (other),British Colonies (other),RIC,31,Bahamas,GPH-AUTONOMOUS-CITED,37,31,,37,,110|231|338|451|561|590|720|750|780|901|902|903|906|920|1163|2249|4044|4050|4383|5614|7501|9004|9620,,split_failed_no_ratio,
31->2,1841,2,United States of America,GPH-AUTONOMOUS-CITED,31,Bahamas,GPH-AUTONOMOUS-CITED,12529,31,,,,,,ok,
1049<-200,1841,1049,Tobago,GPH,200,United Kingdom,GPH-AUTONOMOUS-CITED,42824,1049,,,,,,ignore_resolved,
1049<-British West Indies,1841,1049,Tobago,GPH,British West Indies,British West Indies,RIC,24351,1049,,,,,,ignore_resolved,
1049<-British Northern America,1841,1049,Tobago,GPH,British Northern America,British Northern America,RIC,8316,1049,,,,,,ignore_resolved,
1049->200,1841,200,United Kingdom,GPH-AUTONOMOUS-CITED,1049,Tobago,GPH,86934,1049,,,,,,ignore_resolved,
1049->British West Indies,1841,British West Indies,British West Indies,RIC,1049,Tobago,GPH,950,1049,,,,,,ignore_resolved,
British Northern America<-200,1841,British Northern America,British Northern America,RIC,200,United Kingdom,GPH-AUTONOMOUS-CITED,3252962,British Northern America,,,20|21|1022|1023|1024|1025|1026,,,split_failed_no_ratio,From a flow part-of reporter British Northern America to/from 200
British Northern America<-205,1841,British Northern America,British Northern America,RIC,205,Ireland,GPH,32576,British Northern America,,,20|21|1022|1023|1024|1025|1026,,,ignore_resolved,From a flow part-of reporter British Northern America to/from 205
British Northern America<-Guernsey & Jersey,1841,British Northern America,British Northern America,RIC,Guernsey & Jersey,Guernsey & Jersey,RIC,14390,British Northern America,,,20|21|1022|1023|1024|1025|1026,,,ignore_resolved,From a flow part-of reporter British Northern America to/from Guernsey & Jersey
British Northern America<-390,1841,British Northern America,British Northern America,RIC,390,Denmark,GPH-AUTONOMOUS-CITED,28526,British Northern America,,,20|21|1022|1023|1024|1025|1026,,,split_failed_no_ratio,From a flow part-of reporter British Northern America to/from 390
British Northern America<-255,1841,British Northern America,British Northern America,RIC,255,Germany (Zollverein),GPH,110393,British Northern America,,110393,20|21|1022|1023|1024|1025|1026,239|241|242|243|244|245|247|252|254|258|259|261|262|264|266|267|268|269|270|271|272|273|275|277,,split_failed_no_ratio,From a flow part-of reporter British Northern America to/from 255
British Northern America<-220,1841,British Northern America,British Northern America,RIC,220,France,GPH-AUTONOMOUS-CITED,8033,British Northern America,,,20|21|1022|1023|1024|1025|1026,,,split_failed_no_ratio,From a flow part-of reporter British Northern America to/from 220
British Northern America<-235,1841,British Northern America,British Northern America,RIC,235,Portugal,GPH-AUTONOMOUS-CITED,10573,British Northern America,,,20|21|1022|1023|1024|1025|1026,,,split_failed_no_ratio,From a flow part-of reporter British Northern America to/from 235
British Northern America<-400,1841,British Northern America,British Northern America,RIC,400,Azores (Western Isles),GPH,2453,British Northern America,,,20|21|1022|1023|1024|1025|1026,,,ignore_resolved,From a flow part-of reporter British Northern America to/from 400
British Northern America<-401,1841,British Northern America,British Northern America,RIC,401,Madeira Isles,GPH,331,British Northern America,,,20|21|1022|1023|1024|1025|1026,,,ignore_resolved,From a flow part-of reporter British Northern America to/from 401
British Northern America<-230,1841,British Northern America,British Northern America,RIC,230,Spain,GPH-AUTONOMOUS-CITED,11604,British Northern America,,,20|21|1022|1023|1024|1025|1026,,,split_failed_no_ratio,From a flow part-of reporter British Northern America to/from 230
British Northern America<-231,1841,British Northern America,British Northern America,RIC,231,Gibraltar,GPH-AUTONOMOUS-CITED,16731,British Northern America,,,20|21|1022|1023|1024|1025|1026,,,split_failed_no_ratio,From a flow part-of reporter British Northern America to/from 231
British Northern America<-325,1841,British Northern America,British Northern America,RIC,325,Italy,GPH,3511,British Northern America,,3511,20|21|1022|1023|1024|1025|1026,324|329|335|337,,split_failed_no_ratio,From a flow part-of reporter British Northern America to/from 325
British Northern America<-Western Africa,1841,British Northern America,British Northern America,RIC,Western Africa,Western Africa,RIC,2282,British Northern America,,2282,20|21|1022|1023|1024|1025|1026,402|432|433|450|451|4041|4042|4044|4341|4348|4361|4381|4383|4391|4521|4535|4781|4792|4793,,split_failed_no_ratio,From a flow part-of reporter British Northern America to/from Western Africa
British Northern America<-750,1841,British Northern America,British Northern America,RIC,750,India,GPH-AUTONOMOUS-CITED,9270,British Northern America,,,20|21|1022|1023|1024|1025|1026,,,split_failed_no_ratio,From a flow part-of reporter British Northern America to/from 750
British Northern America<-British West Indies,1841,British Northern America,British Northern America,RIC,British West Indies,British West Indies,RIC,53038,British Northern America,,53038,20|21|1022|1023|1024|1025|1026,30|31|51|54|1048|1055|1063,,split_failed_no_ratio,From a flow part-of reporter British Northern America to/from British West Indies
British Northern America<-West Indies (other),1841,British Northern America,British Northern America,RIC,West Indies (other),West Indies (other),RIC,371607,British Northern America,,371607,20|21|1022|1023|1024|1025|1026,5|41|42|65|66|68|91|1032|1058|1064,,split_failed_no_ratio,From a flow part-of reporter British Northern America to/from West Indies (other)
British Northern America<-2,1841,British Northern America,British Northern America,RIC,2,United States of America,GPH-AUTONOMOUS-CITED,898958,British Northern America,,,20|21|1022|1023|1024|1025|1026,,,split_failed_no_ratio,From a flow part-of reporter British Northern America to/from 2
British Northern America<-French Northern America,1841,British Northern America,British Northern America,RIC,French Northern America,French Northern America,RIC,368,British Northern America,,,20|21|1022|1023|1024|1025|1026,,,ignore_resolved,From a flow part-of reporter British Northern America to/from French Northern America
British Northern America<-100,1841,British Northern America,British Northern America,RIC,100,Colombia (New Granada) (Gran Colombia),GPH-AUTONOMOUS-CITED,7185,British Northern America,,,20|21|1022|1023|1024|1025|1026,,,split_failed_no_ratio,From a flow part-of reporter British Northern America to/from 100
British Northern America<-140,1841,British Northern America,British Northern America,RIC,140,Brazil,GPH-AUTONOMOUS-CITED,35219,British Northern America,,,20|21|1022|1023|1024|1025|1026,,,split_failed_no_ratio,From a flow part-of reporter British Northern America to/from 140
British Northern America->200,1841,200,United Kingdom,GPH-AUTONOMOUS-CITED,British Northern America,British Northern America,RIC,2455842,British Northern America,,,20|21|1022|1023|1024|1025|1026,,,split_failed_no_ratio,From a flow part-of reporter British Northern America to/from 200
British Northern America->205,1841,205,Ireland,GPH,British Northern America,British Northern America,RIC,393870,British Northern America,,,20|21|1022|1023|1024|1025|1026,,,ignore_resolved,From a flow part-of reporter British Northern America to/from 205
British Northern America->Guernsey & Jersey,1841,Guernsey & Jersey,Guernsey & Jersey,RIC,British Northern America,British Northern America,RIC,8993,British Northern America,,,20|21|1022|1023|1024|1025|1026,,,ignore_resolved,From a flow part-of reporter British Northern America to/from Guernsey & Jersey
British Northern America->255,1841,255,Germany (Zollverein),GPH,British Northern America,British Northern America,RIC,9920,British Northern America,,9920,20|21|1022|1023|1024|1025|1026,239|241|242|243|244|245|247|252|254|258|259|261|262|264|266|267|268|269|270|271|272|273|275|277,,split_failed_no_ratio,From a flow part-of reporter British Northern America to/from 255
British Northern America->220,1841,220,France,GPH-AUTONOMOUS-CITED,British Northern America,British Northern America,RIC,11700,British Northern America,,,20|21|1022|1023|1024|1025|1026,,,split_failed_no_ratio,From a flow part-of reporter British Northern America to/from 220
British Northern America->235,1841,235,Portugal,GPH-AUTONOMOUS-CITED,British Northern America,British Northern America,RIC,156778,British Northern America,,,20|21|1022|1023|1024|1025|1026,,,split_failed_no_ratio,From a flow part-of reporter British Northern America to/from 235
British Northern America->400,1841,400,Azores (Western Isles),GPH,British Northern America,British Northern America,RIC,1630,British Northern America,,,20|21|1022|1023|1024|1025|1026,,,ignore_resolved,From a flow part-of reporter British Northern America to/from 400
British Northern America->401,1841,401,Madeira Isles,GPH,British Northern America,British Northern America,RIC,3606,British Northern America,,,20|21|1022|1023|1024|1025|1026,,,ignore_resolved,From a flow part-of reporter British Northern America to/from 401
British Northern America->230,1841,230,Spain,GPH-AUTONOMOUS-CITED,British Northern America,British Northern America,RIC,111539,British Northern America,,,20|21|1022|1023|1024|1025|1026,,,split_failed_no_ratio,From a flow part-of reporter British Northern America to/from 230
British Northern America->231,1841,231,Gibraltar,GPH-AUTONOMOUS-CITED,British Northern America,British Northern America,RIC,26562,British Northern America,,,20|21|1022|1023|1024|1025|1026,,,split_failed_no_ratio,From a flow part-of reporter British Northern America to/from 231
British Northern America->325,1841,325,Italy,GPH,British Northern America,British Northern America,RIC,78347,British Northern America,,78347,20|21|1022|1023|1024|1025|1026,324|329|335|337,,split_failed_no_ratio,From a flow part-of reporter British Northern America to/from 325
British Northern America->338,1841,338,Malta,GPH-AUTONOMOUS-CITED,British Northern America,British Northern America,RIC,1189,British Northern America,,,20|21|1022|1023|1024|1025|1026,,,split_failed_no_ratio,From a flow part-of reporter British Northern America to/from 338
British Northern America->Mediterranean Sea,1841,Mediterranean Sea,Mediterranean Sea,RIC,British Northern America,British Northern America,RIC,1500,British Northern America,,1500,20|21|1022|1023|1024|1025|1026,300|327|600|615|616|640|651,,split_failed_no_ratio,From a flow part-of reporter British Northern America to/from Mediterranean Sea
British Northern America->3349,1841,3349,Ionian Is.,GPH-AUTONOMOUS-CITED,British Northern America,British Northern America,RIC,4294,British Northern America,,,20|21|1022|1023|1024|1025|1026,,,split_failed_no_ratio,From a flow part-of reporter British Northern America to/from 3349
British Northern America->350,1841,350,Greece,GPH-AUTONOMOUS-CITED,British Northern America,British Northern America,RIC,4050,British Northern America,,,20|21|1022|1023|1024|1025|1026,,,split_failed_no_ratio,From a flow part-of reporter British Northern America to/from 350
British Northern America->Western Africa,1841,Western Africa,Western Africa,RIC,British Northern America,British Northern America,RIC,2431,British Northern America,,2431,20|21|1022|1023|1024|1025|1026,402|432|433|450|451|4041|4042|4044|4341|4348|4361|4381|4383|4391|4521|4535|4781|4792|4793,,split_failed_no_ratio,From a flow part-of reporter British Northern America to/from Western Africa
British Northern America->590,1841,590,Mauritius,GPH-AUTONOMOUS-CITED,British Northern America,British Northern America,RIC,14366,British Northern America,,,20|21|1022|1023|1024|1025|1026,,,split_failed_no_ratio,From a flow part-of reporter British Northern America to/from 590
British Northern America->901,1841,901,New South Wales,GPH-AUTONOMOUS-CITED,British Northern America,British Northern America,RIC,3320,British Northern America,,,20|21|1022|1023|1024|1025|1026,,,split_failed_no_ratio,From a flow part-of reporter British Northern America to/from 901
British Northern America->French Northern America,1841,French Northern America,French Northern America,RIC,British Northern America,British Northern America,RIC,1293,British Northern America,,,20|21|1022|1023|1024|1025|1026,,,ignore_resolved,From a flow part-of reporter British Northern America to/from French Northern America
British Northern America->2,1841,2,United States of America,GPH-AUTONOMOUS-CITED,British Northern America,British Northern America,RIC,229035,British Northern America,,,20|21|1022|1023|1024|1025|1026,,,split_failed_no_ratio,From a flow part-of reporter British Northern America to/from 2
British Northern America->British West Indies,1841,British West Indies,British West Indies,RIC,British Northern America,British Northern America,RIC,776892,British Northern America,,776892,20|21|1022|1023|1024|1025|1026,30|31|51|54|1048|1055|1063,,split_failed_no_ratio,From a flow part-of reporter British Northern America to/from British West Indies
British Northern America->Spanish West Indies,1841,Spanish West Indies,Spanish West Indies,RIC,British Northern America,British Northern America,RIC,1924,British Northern America,,1924,20|21|1022|1023|1024|1025|1026,6|40,,split_failed_no_ratio,From a flow part-of reporter British Northern America to/from Spanish West Indies
British Northern America->West Indies (other),1841,West Indies (other),West Indies (other),RIC,British Northern America,British Northern America,RIC,10124,British Northern America,,10124,20|21|1022|1023|1024|1025|1026,5|41|42|65|66|68|91|1032|1058|1064,,split_failed_no_ratio,From a flow part-of reporter British Northern America to/from West Indies (other)
British Northern America->140,1841,140,Brazil,GPH-AUTONOMOUS-CITED,British Northern America,British Northern America,RIC,75478,British Northern America,,,20|21|1022|1023|1024|1025|1026,,,split_failed_no_ratio,From a flow part-of reporter British Northern America to/from 140
British Northern America->160,1841,160,Argentina (La Plata),GPH-AUTONOMOUS-CITED,British Northern America,British Northern America,RIC,3411,British Northern America,,,20|21|1022|1023|1024|1025|1026,,,split_failed_no_ratio,From a flow part-of reporter British Northern America to/from 160
British West Indies<-200,1841,British West Indies,British West Indies,RIC,200,United Kingdom,GPH-AUTONOMOUS-CITED,2372541,British West Indies,,,,,,ignore_partial_duplicate,
British West Indies<-205,1841,British West Indies,British West Indies,RIC,205,Ireland,GPH,105250,British West Indies,,,,,,ignore_partial_duplicate,
British West Indies<-Guernsey & Jersey,1841,British West Indies,British West Indies,RIC,Guernsey & Jersey,Guernsey & Jersey,RIC,766,British West Indies,,,,,,ignore_partial_duplicate,
British West Indies<-390,1841,British West Indies,British West Indies,RIC,390,Denmark,GPH-AUTONOMOUS-CITED,2486,British West Indies,,,,,,ignore_partial_duplicate,
British West Indies<-255,1841,British West Indies,British West Indies,RIC,255,Germany (Zollverein),GPH,2867,British West Indies,,,,,,ignore_partial_duplicate,
British West Indies<-220,1841,British West Indies,British West Indies,RIC,220,France,GPH-AUTONOMOUS-CITED,4469,British West Indies,,,,,,ignore_partial_duplicate,
British West Indies<-230,1841,British West Indies,British West Indies,RIC,230,Spain,GPH-AUTONOMOUS-CITED,1420,British West Indies,,,,,,ignore_partial_duplicate,
British West Indies<-325,1841,British West Indies,British West Indies,RIC,325,Italy,GPH,1291,British West Indies,,,,,,ignore_partial_duplicate,
British West Indies<-401,1841,British West Indies,British West Indies,RIC,401,Madeira Isles,GPH,41519,British West Indies,,,,,,ignore_partial_duplicate,
British West Indies<-British Western Africa,1841,British West Indies,British West Indies,RIC,British Western Africa,British Western Africa,RIC,283,British West Indies,,,,,,ignore_partial_duplicate,
British West Indies<-750,1841,British West Indies,British West Indies,RIC,750,India,GPH-AUTONOMOUS-CITED,8613,British West Indies,,,,,,ignore_partial_duplicate,
British West Indies<-Java,1841,British West Indies,British West Indies,RIC,Java,Java,RIC,14894,British West Indies,,,,,,ignore_partial_duplicate,
British West Indies<-British Northern America,1841,British West Indies,British West Indies,RIC,British Northern America,British Northern America,RIC,740614,British West Indies,,,,,,ignore_partial_duplicate,
British West Indies<-2,1841,British West Indies,British West Indies,RIC,2,United States of America,GPH-AUTONOMOUS-CITED,808126,British West Indies,,,,,,ignore_partial_duplicate,
British West Indies<-Swedish West Indies,1841,British West Indies,British West Indies,RIC,Swedish West Indies,Swedish West Indies,RIC,9039,British West Indies,,,,,,ignore_partial_duplicate,
British West Indies<-5,1841,British West Indies,British West Indies,RIC,5,Virgin Islands (Danish West Indies),GPH-AUTONOMOUS-CITED,58147,British West Indies,,,,,,ignore_partial_duplicate,
British West Indies<-68,1841,British West Indies,British West Indies,RIC,68,Netherlands Antilles,GPH-AUTONOMOUS-CITED,8625,British West Indies,,,,,,ignore_partial_duplicate,
British West Indies<-French West Indies,1841,British West Indies,British West Indies,RIC,French West Indies,French West Indies,RIC,75830,British West Indies,,,,,,ignore_partial_duplicate,
British West Indies<-Spanish West Indies,1841,British West Indies,British West Indies,RIC,Spanish West Indies,Spanish West Indies,RIC,61490,British West Indies,,,,,,ignore_partial_duplicate,
British West Indies<-41,1841,British West Indies,British West Indies,RIC,41,Haiti,GPH-AUTONOMOUS-CITED,4719,British West Indies,,,,,,ignore_partial_duplicate,
British West Indies<-West Indies (other),1841,British West Indies,British West Indies,RIC,West Indies (other),West Indies (other),RIC,11918,British West Indies,,,,,,ignore_partial_duplicate,
British West Indies<-70,1841,British West Indies,British West Indies,RIC,70,Mexico,GPH-AUTONOMOUS-CITED,4454,British West Indies,,,,,,ignore_partial_duplicate,
British West Indies<-90,1841,British West Indies,British West Indies,RIC,90,Guatemala,GPH-AUTONOMOUS-CITED,5679,British West Indies,,,,,,ignore_partial_duplicate,
British West Indies<-North Western America,1841,British West Indies,British West Indies,RIC,North Western America,North Western America,RIC,767,British West Indies,,,,,,ignore_partial_duplicate,
British West Indies<-100,1841,British West Indies,British West Indies,RIC,100,Colombia (New Granada) (Gran Colombia),GPH-AUTONOMOUS-CITED,54771,British West Indies,,,,,,ignore_partial_duplicate,
British West Indies<-140,1841,British West Indies,British West Indies,RIC,140,Brazil,GPH-AUTONOMOUS-CITED,39,British West Indies,,,,,,ignore_partial_duplicate,
British West Indies->200,1841,200,United Kingdom,GPH-AUTONOMOUS-CITED,British West Indies,British West Indies,RIC,4470731,British West Indies,,,,,,ignore_partial_duplicate,
British West Indies->205,1841,205,Ireland,GPH,British West Indies,British West Indies,RIC,284459,British West Indies,,,,,,ignore_partial_duplicate,
British West Indies->255,1841,255,Germany (Zollverein),GPH,British West Indies,British West Indies,RIC,6069,British West Indies,,,,,,ignore_partial_duplicate,
British West Indies->230,1841,230,Spain,GPH-AUTONOMOUS-CITED,British West Indies,British West Indies,RIC,6978,British West Indies,,,,,,ignore_partial_duplicate,
British West Indies->British Northern America,1841,British Northern America,British Northern America,RIC,British West Indies,British West Indies,RIC,32742,British West Indies,,,,,,ignore_partial_duplicate,
British West Indies->2,1841,2,United States of America,GPH-AUTONOMOUS-CITED,British West Indies,British West Indies,RIC,105671,British West Indies,,,,,,ignore_partial_duplicate,
British West Indies->Swedish West Indies,1841,Swedish West Indies,Swedish West Indies,RIC,British West Indies,British West Indies,RIC,395,British West Indies,,,,,,ignore_partial_duplicate,
British West Indies->5,1841,5,Virgin Islands (Danish West Indies),GPH-AUTONOMOUS-CITED,British West Indies,British West Indies,RIC,10701,British West Indies,,,,,,ignore_partial_duplicate,
British West Indies->68,1841,68,Netherlands Antilles,GPH-AUTONOMOUS-CITED,British West Indies,British West Indies,RIC,14594,British West Indies,,,,,,ignore_partial_duplicate,
British West Indies->French West Indies,1841,French West Indies,French West Indies,RIC,British West Indies,British West Indies,RIC,17655,British West Indies,,,,,,ignore_partial_duplicate,
British West Indies->Spanish West Indies,1841,Spanish West Indies,Spanish West Indies,RIC,British West Indies,British West Indies,RIC,96827,British West Indies,,,,,,ignore_partial_duplicate,
British West Indies->41,1841,41,Haiti,GPH-AUTONOMOUS-CITED,British West Indies,British West Indies,RIC,234,British West Indies,,,,,,ignore_partial_duplicate,
British West Indies->West Indies (other),1841,West Indies (other),West Indies (other),RIC,British West Indies,British West Indies,RIC,4322,British West Indies,,,,,,ignore_partial_duplicate,
British West Indies->70,1841,70,Mexico,GPH-AUTONOMOUS-CITED,British West Indies,British West Indies,RIC,18921,British West Indies,,,,,,ignore_partial_duplicate,
British West Indies->90,1841,90,Guatemala,GPH-AUTONOMOUS-CITED,British West Indies,British West Indies,RIC,7086,British West Indies,,,,,,ignore_partial_duplicate,
British West Indies->100,1841,100,Colombia (New Granada) (Gran Colombia),GPH-AUTONOMOUS-CITED,British West Indies,British West Indies,RIC,108087,British West Indies,,,,,,ignore_partial_duplicate,
British West Indies->140,1841,140,Brazil,GPH-AUTONOMOUS-CITED,British West Indies,British West Indies,RIC,170,British West Indies,,,,,,ignore_partial_duplicate,
New South Wales & Tasmania<-200,1841,New South Wales & Tasmania,New South Wales & Tasmania,RIC,200,United Kingdom,GPH-AUTONOMOUS-CITED,1565372,New South Wales & Tasmania,,,901|906,,,split_failed_no_ratio,From a flow part-of reporter New South Wales & Tasmania to/from 200
New South Wales & Tasmania<-205,1841,New South Wales & Tasmania,New South Wales & Tasmania,RIC,205,Ireland,GPH,4445,New South Wales & Tasmania,,,901|906,,,ignore_resolved,From a flow part-of reporter New South Wales & Tasmania to/from 205
New South Wales & Tasmania<-Guernsey & Jersey,1841,New South Wales & Tasmania,New South Wales & Tasmania,RIC,Guernsey & Jersey,Guernsey & Jersey,RIC,984,New South Wales & Tasmania,,,901|906,,,ignore_resolved,From a flow part-of reporter New South Wales & Tasmania to/from Guernsey & Jersey
New South Wales & Tasmania<-380,1841,New South Wales & Tasmania,New South Wales & Tasmania,RIC,380,Sweden,GPH-AUTONOMOUS-CITED,1107,New South Wales & Tasmania,,,901|906,,,split_failed_no_ratio,From a flow part-of reporter New South Wales & Tasmania to/from 380
New South Wales & Tasmania<-255,1841,New South Wales & Tasmania,New South Wales & Tasmania,RIC,255,Germany (Zollverein),GPH,16845,New South Wales & Tasmania,,16845,901|906,239|241|242|243|244|245|247|252|254|258|259|261|262|264|266|267|268|269|270|271|272|273|275|277,,split_failed_no_ratio,From a flow part-of reporter New South Wales & Tasmania to/from 255
New South Wales & Tasmania<-235,1841,New South Wales & Tasmania,New South Wales & Tasmania,RIC,235,Portugal,GPH-AUTONOMOUS-CITED,3267,New South Wales & Tasmania,,,901|906,,,split_failed_no_ratio,From a flow part-of reporter New South Wales & Tasmania to/from 235
New South Wales & Tasmania<-230,1841,New South Wales & Tasmania,New South Wales & Tasmania,RIC,230,Spain,GPH-AUTONOMOUS-CITED,4270,New South Wales & Tasmania,,,901|906,,,split_failed_no_ratio,From a flow part-of reporter New South Wales & Tasmania to/from 230
New South Wales & Tasmania<-561,1841,New South Wales & Tasmania,New South Wales & Tasmania,RIC,561,Cape Colony (Cape of Good Hope),GPH-AUTONOMOUS-CITED,24647,New South Wales & Tasmania,,,901|906,,,split_failed_no_ratio,From a flow part-of reporter New South Wales & Tasmania to/from 561
New South Wales & Tasmania<-590,1841,New South Wales & Tasmania,New South Wales & Tasmania,RIC,590,Mauritius,GPH-AUTONOMOUS-CITED,5856,New South Wales & Tasmania,,,901|906,,,split_failed_no_ratio,From a flow part-of reporter New South Wales & Tasmania to/from 590
New South Wales & Tasmania<-585,1841,New South Wales & Tasmania,New South Wales & Tasmania,RIC,585,Reunion (Bourbon I.),GPH-AUTONOMOUS-CITED,7595,New South Wales & Tasmania,,,901|906,,,split_failed_no_ratio,From a flow part-of reporter New South Wales & Tasmania to/from 585
New South Wales & Tasmania<-750,1841,New South Wales & Tasmania,New South Wales & Tasmania,RIC,750,India,GPH-AUTONOMOUS-CITED,63765,New South Wales & Tasmania,,,901|906,,,split_failed_no_ratio,From a flow part-of reporter New South Wales & Tasmania to/from 750
New South Wales & Tasmania<-Indian Ocean Islands (other) & Java,1841,New South Wales & Tasmania,New South Wales & Tasmania,RIC,Indian Ocean Islands (other) & Java,Indian Ocean Islands (other) & Java,RIC,14157,New South Wales & Tasmania,,14157,901|906,850|9002,,split_failed_no_ratio,From a flow part-of reporter New South Wales & Tasmania to/from Indian Ocean Islands (other) & Java
New South Wales & Tasmania<-840,1841,New South Wales & Tasmania,New South Wales & Tasmania,RIC,840,Philippines,GPH-AUTONOMOUS-CITED,72776,New South Wales & Tasmania,,,901|906,,,split_failed_no_ratio,From a flow part-of reporter New South Wales & Tasmania to/from 840
New South Wales & Tasmania<-710,1841,New South Wales & Tasmania,New South Wales & Tasmania,RIC,710,People's Republic of China (China),GPH-AUTONOMOUS-CITED,80538,New South Wales & Tasmania,,,901|906,,,split_failed_no_ratio,From a flow part-of reporter New South Wales & Tasmania to/from 710
New South Wales & Tasmania<-902,1841,New South Wales & Tasmania,New South Wales & Tasmania,RIC,902,Western Australia,GPH-AUTONOMOUS-CITED,3161,New South Wales & Tasmania,,,901|906,,,split_failed_no_ratio,From a flow part-of reporter New South Wales & Tasmania to/from 902
New South Wales & Tasmania<-903,1841,New South Wales & Tasmania,New South Wales & Tasmania,RIC,903,South Australia,GPH-AUTONOMOUS-CITED,19333,New South Wales & Tasmania,,,901|906,,,split_failed_no_ratio,From a flow part-of reporter New South Wales & Tasmania to/from 903
New South Wales & Tasmania<-920,1841,New South Wales & Tasmania,New South Wales & Tasmania,RIC,920,New Zealand,GPH-AUTONOMOUS-CITED,42871,New South Wales & Tasmania,,,901|906,,,split_failed_no_ratio,From a flow part-of reporter New South Wales & Tasmania to/from 920
New South Wales & Tasmania<-Pacific Islands,1841,New South Wales & Tasmania,New South Wales & Tasmania,RIC,Pacific Islands,Pacific Islands,RIC,28165,New South Wales & Tasmania,,28165,901|906,930|955|960|970|9004|9007|9253|9606|9620|9810|9820|9900,,split_failed_no_ratio,From a flow part-of reporter New South Wales & Tasmania to/from Pacific Islands
New South Wales & Tasmania<-2,1841,New South Wales & Tasmania,New South Wales & Tasmania,RIC,2,United States of America,GPH-AUTONOMOUS-CITED,77699,New South Wales & Tasmania,,,901|906,,,split_failed_no_ratio,From a flow part-of reporter New South Wales & Tasmania to/from 2
New South Wales & Tasmania<-155,1841,New South Wales & Tasmania,New South Wales & Tasmania,RIC,155,Chile,GPH-AUTONOMOUS-CITED,27656,New South Wales & Tasmania,,,901|906,,,split_failed_no_ratio,From a flow part-of reporter New South Wales & Tasmania to/from 155
New South Wales & Tasmania<-140,1841,New South Wales & Tasmania,New South Wales & Tasmania,RIC,140,Brazil,GPH-AUTONOMOUS-CITED,1237,New South Wales & Tasmania,,,901|906,,,split_failed_no_ratio,From a flow part-of reporter New South Wales & Tasmania to/from 140
New South Wales & Tasmania->200,1841,200,United Kingdom,GPH-AUTONOMOUS-CITED,New South Wales & Tasmania,New South Wales & Tasmania,RIC,1053769,New South Wales & Tasmania,,,901|906,,,split_failed_no_ratio,From a flow part-of reporter New South Wales & Tasmania to/from 200
New South Wales & Tasmania->590,1841,590,Mauritius,GPH-AUTONOMOUS-CITED,New South Wales & Tasmania,New South Wales & Tasmania,RIC,2311,New South Wales & Tasmania,,,901|906,,,split_failed_no_ratio,From a flow part-of reporter New South Wales & Tasmania to/from 590
New South Wales & Tasmania->585,1841,585,Reunion (Bourbon I.),GPH-AUTONOMOUS-CITED,New South Wales & Tasmania,New South Wales & Tasmania,RIC,868,New South Wales & Tasmania,,,901|906,,,split_failed_no_ratio,From a flow part-of reporter New South Wales & Tasmania to/from 585
New South Wales & Tasmania->750,1841,750,India,GPH-AUTONOMOUS-CITED,New South Wales & Tasmania,New South Wales & Tasmania,RIC,5200,New South Wales & Tasmania,,,901|906,,,split_failed_no_ratio,From a flow part-of reporter New South Wales & Tasmania to/from 750
New South Wales & Tasmania->Indian Ocean Islands (other) & Java,1841,Indian Ocean Islands (other) & Java,Indian Ocean Islands (other) & Java,RIC,New South Wales & Tasmania,New South Wales & Tasmania,RIC,8707,New South Wales & Tasmania,,8707,901|906,850|9002,,split_failed_no_ratio,From a flow part-of reporter New South Wales & Tasmania to/from Indian Ocean Islands (other) & Java
New South Wales & Tasmania->710,1841,710,People's Republic of China (China),GPH-AUTONOMOUS-CITED,New South Wales & Tasmania,New South Wales & Tasmania,RIC,5435,New South Wales & Tasmania,,,901|906,,,split_failed_no_ratio,From a flow part-of reporter New South Wales & Tasmania to/from 710
New South Wales & Tasmania->840,1841,840,Philippines,GPH-AUTONOMOUS-CITED,New South Wales & Tasmania,New South Wales & Tasmania,RIC,12503,New South Wales & Tasmania,,,901|906,,,split_failed_no_ratio,From a flow part-of reporter New South Wales & Tasmania to/from 840
New South Wales & Tasmania->902,1841,902,Western Australia,GPH-AUTONOMOUS-CITED,New South Wales & Tasmania,New South Wales & Tasmania,RIC,10072,New South Wales & Tasmania,,,901|906,,,split_failed_no_ratio,From a flow part-of reporter New South Wales & Tasmania to/from 902
New South Wales & Tasmania->903,1841,903,South Australia,GPH-AUTONOMOUS-CITED,New South Wales & Tasmania,New South Wales & Tasmania,RIC,45105,New South Wales & Tasmania,,,901|906,,,split_failed_no_ratio,From a flow part-of reporter New South Wales & Tasmania to/from 903
New South Wales & Tasmania->920,1841,920,New Zealand,GPH-AUTONOMOUS-CITED,New South Wales & Tasmania,New South Wales & Tasmania,RIC,126886,New South Wales & Tasmania,,,901|906,,,split_failed_no_ratio,From a flow part-of reporter New South Wales & Tasmania to/from 920
New South Wales & Tasmania->Pacific Islands,1841,Pacific Islands,Pacific Islands,RIC,New South Wales & Tasmania,New South Wales & Tasmania,RIC,17520,New South Wales & Tasmania,,17520,901|906,930|955|960|970|9004|9007|9253|9606|9620|9810|9820|9900,,split_failed_no_ratio,From a flow part-of reporter New South Wales & Tasmania to/from Pacific Islands
New South Wales & Tasmania->2,1841,2,United States of America,GPH-AUTONOMOUS-CITED,New South Wales & Tasmania,New South Wales & Tasmania,RIC,5577,New South Wales & Tasmania,,,901|906,,,split_failed_no_ratio,From a flow part-of reporter New South Wales & Tasmania to/from 2
New South Wales & Tasmania->70,1841,70,Mexico,GPH-AUTONOMOUS-CITED,New South Wales & Tasmania,New South Wales & Tasmania,RIC,50,New South Wales & Tasmania,,,901|906,,,split_failed_no_ratio,From a flow part-of reporter New South Wales & Tasmania to/from 70
New South Wales & Tasmania->155,1841,155,Chile,GPH-AUTONOMOUS-CITED,New South Wales & Tasmania,New South Wales & Tasmania,RIC,7023,New South Wales & Tasmania,,,901|906,,,split_failed_no_ratio,From a flow part-of reporter New South Wales & Tasmania to/from 155
New South Wales & Tasmania->135,1841,135,Peru,GPH-AUTONOMOUS-CITED,New South Wales & Tasmania,New South Wales & Tasmania,RIC,943,New South Wales & Tasmania,,,901|906,,,split_failed_no_ratio,From a flow part-of reporter New South Wales & Tasmania to/from 135
New South Wales & Tasmania->Port Essington,1841,Port Essington,Port Essington,RIC,New South Wales & Tasmania,New South Wales & Tasmania,RIC,65,New South Wales & Tasmania,,,901|906,,,ignore_resolved,From a flow part-of reporter New South Wales & Tasmania to/from Port Essington
590<-200,1841,590,Mauritius,GPH-AUTONOMOUS-CITED,200,United Kingdom,GPH-AUTONOMOUS-CITED,435845,590,,,,,,ok,
590<-Guernsey & Jersey,1841,590,Mauritius,GPH-AUTONOMOUS-CITED,Guernsey & Jersey,Guernsey & Jersey,RIC,720,590,,,,,,ignore_resolved,
590<-380,1841,590,Mauritius,GPH-AUTONOMOUS-CITED,380,Sweden,GPH-AUTONOMOUS-CITED,1183,590,,,,,,ok,
590<-210,1841,590,Mauritius,GPH-AUTONOMOUS-CITED,210,Netherlands,GPH-AUTONOMOUS-CITED,2468,590,,,,,,ok,
590<-220,1841,590,Mauritius,GPH-AUTONOMOUS-CITED,220,France,GPH-AUTONOMOUS-CITED,182320,590,,,,,,ok,
590<-230,1841,590,Mauritius,GPH-AUTONOMOUS-CITED,230,Spain,GPH-AUTONOMOUS-CITED,80,590,,,,,,ok,
590<-401,1841,590,Mauritius,GPH-AUTONOMOUS-CITED,401,Madeira Isles,GPH,795,590,,,,,,ignore_resolved,
590<-561,1841,590,Mauritius,GPH-AUTONOMOUS-CITED,561,Cape Colony (Cape of Good Hope),GPH-AUTONOMOUS-CITED,41062,590,,,,,,ok,
590<-585,1841,590,Mauritius,GPH-AUTONOMOUS-CITED,585,Reunion (Bourbon I.),GPH-AUTONOMOUS-CITED,13925,590,,,,,,ok,
590<-580,1841,590,Mauritius,GPH-AUTONOMOUS-CITED,580,Madagascar (Malagasy Republic),GPH-AUTONOMOUS-CITED,73707,590,,,,,,ok,
590<-511,1841,590,Mauritius,GPH-AUTONOMOUS-CITED,511,Zanzibar,GPH-AUTONOMOUS-CITED,782,590,,,,,,ok,
590<-591,1841,590,Mauritius,GPH-AUTONOMOUS-CITED,591,Seychelles,GPH,495,590,,,,,,ignore_internal,
590<-Arabia,1841,590,Mauritius,GPH-AUTONOMOUS-CITED,Arabia,Arabia,RIC,2199,590,,2199,,651|670|678|681|690|692|696|698|6800,,split_failed_no_ratio,
590<-581,1841,590,Mauritius,GPH-AUTONOMOUS-CITED,581,Comoros,GPH,382,590,,,,,,split_failed_error,
590<-750,1841,590,Mauritius,GPH-AUTONOMOUS-CITED,750,India,GPH-AUTONOMOUS-CITED,387838,590,,,,,,ok,
590<-751,1841,590,Mauritius,GPH-AUTONOMOUS-CITED,751,French India,GPH-AUTONOMOUS-CITED,50238,590,,,,,,ok,
590<-Java,1841,590,Mauritius,GPH-AUTONOMOUS-CITED,Java,Java,RIC,11456,590,,,,,,ignore_resolved,
590<-Sumatra,1841,590,Mauritius,GPH-AUTONOMOUS-CITED,Sumatra,Sumatra,RIC,1908,590,,,,,,ignore_resolved,
590<-710,1841,590,Mauritius,GPH-AUTONOMOUS-CITED,710,People's Republic of China (China),GPH-AUTONOMOUS-CITED,4625,590,,,,,,ok,
590<-860,1841,590,Mauritius,GPH-AUTONOMOUS-CITED,860,East Timor (Portuguese Timor),GPH-AUTONOMOUS-CITED,892,590,,,,,,ok,
590<-900,1841,590,Mauritius,GPH-AUTONOMOUS-CITED,900,Australia,GPH,9265,590,,9265,,901|902|903|906,,split_failed_no_ratio,
590<-British Northern America,1841,590,Mauritius,GPH-AUTONOMOUS-CITED,British Northern America,British Northern America,RIC,5322,590,,5322,,20|21|1022|1023|1024|1025|1026,,split_failed_no_ratio,
590<-2,1841,590,Mauritius,GPH-AUTONOMOUS-CITED,2,United States of America,GPH-AUTONOMOUS-CITED,326,590,,,,,,ok,
590->200,1841,200,United Kingdom,GPH-AUTONOMOUS-CITED,590,Mauritius,GPH-AUTONOMOUS-CITED,801308,590,,,,,,ok,
590->561,1841,561,Cape Colony (Cape of Good Hope),GPH-AUTONOMOUS-CITED,590,Mauritius,GPH-AUTONOMOUS-CITED,24246,590,,,,,,ok,
590->585,1841,585,Reunion (Bourbon I.),GPH-AUTONOMOUS-CITED,590,Mauritius,GPH-AUTONOMOUS-CITED,3888,590,,,,,,ok,
590->580,1841,580,Madagascar (Malagasy Republic),GPH-AUTONOMOUS-CITED,590,Mauritius,GPH-AUTONOMOUS-CITED,28619,590,,,,,,ok,
590->Arabia,1841,Arabia,Arabia,RIC,590,Mauritius,GPH-AUTONOMOUS-CITED,50,590,,50,,651|670|678|681|690|692|696|698|6800,,split_failed_no_ratio,
590->581,1841,581,Comoros,GPH,590,Mauritius,GPH-AUTONOMOUS-CITED,299,590,,,,,,split_failed_error,
590->750,1841,750,India,GPH-AUTONOMOUS-CITED,590,Mauritius,GPH-AUTONOMOUS-CITED,7231,590,,,,,,ok,
590->751,1841,751,French India,GPH-AUTONOMOUS-CITED,590,Mauritius,GPH-AUTONOMOUS-CITED,5792,590,,,,,,ok,
590->710,1841,710,People's Republic of China (China),GPH-AUTONOMOUS-CITED,590,Mauritius,GPH-AUTONOMOUS-CITED,896,590,,,,,,ok,
590->900,1841,900,Australia,GPH,590,Mauritius,GPH-AUTONOMOUS-CITED,13973,590,,13973,,901|902|903|906,,ignore_resolved,
Gambia & Sierra Leone<-200,1841,Gambia & Sierra Leone,Gambia & Sierra Leone,RIC,200,United Kingdom,GPH-AUTONOMOUS-CITED,122348,Gambia & Sierra Leone,,,,,,ignore_duplicate,
Gambia & Sierra Leone<-Guernsey & Jersey,1841,Gambia & Sierra Leone,Gambia & Sierra Leone,RIC,Guernsey & Jersey,Guernsey & Jersey,RIC,509,Gambia & Sierra Leone,,,,,,ignore_duplicate,
Gambia & Sierra Leone<-255,1841,Gambia & Sierra Leone,Gambia & Sierra Leone,RIC,255,Germany (Zollverein),GPH,1535,Gambia & Sierra Leone,,,,,,ignore_duplicate,
Gambia & Sierra Leone<-220,1841,Gambia & Sierra Leone,Gambia & Sierra Leone,RIC,220,France,GPH-AUTONOMOUS-CITED,1997,Gambia & Sierra Leone,,,,,,ignore_duplicate,
Gambia & Sierra Leone<-410,1841,Gambia & Sierra Leone,Gambia & Sierra Leone,RIC,410,Canary Is.,GPH,48,Gambia & Sierra Leone,,,,,,ignore_duplicate,
Gambia & Sierra Leone<-402,1841,Gambia & Sierra Leone,Gambia & Sierra Leone,RIC,402,Cape Verde,GPH-AUTONOMOUS-CITED,213,Gambia & Sierra Leone,,,,,,ignore_duplicate,
Gambia & Sierra Leone<-433,1841,Gambia & Sierra Leone,Gambia & Sierra Leone,RIC,433,Senegal,GPH-AUTONOMOUS-CITED,8180,Gambia & Sierra Leone,,,,,,ignore_duplicate,
Gambia & Sierra Leone<-Leeward Coast of Africa,1841,Gambia & Sierra Leone,Gambia & Sierra Leone,RIC,Leeward Coast of Africa,Leeward Coast of Africa,RIC,26409,Gambia & Sierra Leone,,,,,,ignore_duplicate,
Gambia & Sierra Leone<-Windward Coast of Africa,1841,Gambia & Sierra Leone,Gambia & Sierra Leone,RIC,Windward Coast of Africa,Windward Coast of Africa,RIC,1895,Gambia & Sierra Leone,,,,,,ignore_duplicate,
Gambia & Sierra Leone<-British Northern America,1841,Gambia & Sierra Leone,Gambia & Sierra Leone,RIC,British Northern America,British Northern America,RIC,1481,Gambia & Sierra Leone,,,,,,ignore_duplicate,
Gambia & Sierra Leone<-British West Indies,1841,Gambia & Sierra Leone,Gambia & Sierra Leone,RIC,British West Indies,British West Indies,RIC,2191,Gambia & Sierra Leone,,,,,,ignore_duplicate,
Gambia & Sierra Leone<-2,1841,Gambia & Sierra Leone,Gambia & Sierra Leone,RIC,2,United States of America,GPH-AUTONOMOUS-CITED,20010,Gambia & Sierra Leone,,,,,,ignore_duplicate,
Gambia & Sierra Leone->200,1841,200,United Kingdom,GPH-AUTONOMOUS-CITED,Gambia & Sierra Leone,Gambia & Sierra Leone,RIC,126636,Gambia & Sierra Leone,,,,,,ignore_duplicate,
Gambia & Sierra Leone->255,1841,255,Germany (Zollverein),GPH,Gambia & Sierra Leone,Gambia & Sierra Leone,RIC,1843,Gambia & Sierra Leone,,,,,,ignore_duplicate,
Gambia & Sierra Leone->220,1841,220,France,GPH-AUTONOMOUS-CITED,Gambia & Sierra Leone,Gambia & Sierra Leone,RIC,600,Gambia & Sierra Leone,,,,,,ignore_duplicate,
Gambia & Sierra Leone->402,1841,402,Cape Verde,GPH-AUTONOMOUS-CITED,Gambia & Sierra Leone,Gambia & Sierra Leone,RIC,438,Gambia & Sierra Leone,,,,,,ignore_duplicate,
Gambia & Sierra Leone->433,1841,433,Senegal,GPH-AUTONOMOUS-CITED,Gambia & Sierra Leone,Gambia & Sierra Leone,RIC,16607,Gambia & Sierra Leone,,,,,,ignore_duplicate,
Gambia & Sierra Leone->Leeward Coast of Africa,1841,Leeward Coast of Africa,Leeward Coast of Africa,RIC,Gambia & Sierra Leone,Gambia & Sierra Leone,RIC,27676,Gambia & Sierra Leone,,,,,,ignore_duplicate,
Gambia & Sierra Leone->Windward Coast of Africa,1841,Windward Coast of Africa,Windward Coast of Africa,RIC,Gambia & Sierra Leone,Gambia & Sierra Leone,RIC,3284,Gambia & Sierra Leone,,,,,,ignore_duplicate,
Gambia & Sierra Leone->British Northern America,1841,British Northern America,British Northern America,RIC,Gambia & Sierra Leone,Gambia & Sierra Leone,RIC,1065,Gambia & Sierra Leone,,,,,,ignore_duplicate,
Gambia & Sierra Leone->British West Indies,1841,British West Indies,British West Indies,RIC,Gambia & Sierra Leone,Gambia & Sierra Leone,RIC,675,Gambia & Sierra Leone,,,,,,ignore_duplicate,
Gambia & Sierra Leone->2,1841,2,United States of America,GPH-AUTONOMOUS-CITED,Gambia & Sierra Leone,Gambia & Sierra Leone,RIC,26103,Gambia & Sierra Leone,,,,,,ignore_duplicate,
Gambia & Sierra Leone->Southern America,1841,Southern America,Southern America,RIC,Gambia & Sierra Leone,Gambia & Sierra Leone,RIC,373,Gambia & Sierra Leone,,,,,,ignore_duplicate,
780<-200,1841,780,Sri Lanka (Ceylon),GPH-AUTONOMOUS-CITED,200,United Kingdom,GPH-AUTONOMOUS-CITED,215097,780,,,,,,ok,
780<-401,1841,780,Sri Lanka (Ceylon),GPH-AUTONOMOUS-CITED,401,Madeira Isles,GPH,6181,780,,,,,,ignore_resolved,
780<-561,1841,780,Sri Lanka (Ceylon),GPH-AUTONOMOUS-CITED,561,Cape Colony (Cape of Good Hope),GPH-AUTONOMOUS-CITED,1018,780,,,,,,ok,
780<-590,1841,780,Sri Lanka (Ceylon),GPH-AUTONOMOUS-CITED,590,Mauritius,GPH-AUTONOMOUS-CITED,729,780,,,,,,ok,
780<-750,1841,780,Sri Lanka (Ceylon),GPH-AUTONOMOUS-CITED,750,India,GPH-AUTONOMOUS-CITED,325122,780,,,,,,ok,
780<-751,1841,780,Sri Lanka (Ceylon),GPH-AUTONOMOUS-CITED,751,French India,GPH-AUTONOMOUS-CITED,40537,780,,,,,,ok,
780<-Danish India,1841,780,Sri Lanka (Ceylon),GPH-AUTONOMOUS-CITED,Danish India,Danish India,RIC,15963,780,,,,,,split_failed_error,
780<-Dutch India,1841,780,Sri Lanka (Ceylon),GPH-AUTONOMOUS-CITED,Dutch India,Dutch India,RIC,73,780,,,,,,split_failed_error,
780<-752,1841,780,Sri Lanka (Ceylon),GPH-AUTONOMOUS-CITED,752,Portuguese India,GPH-AUTONOMOUS-CITED,34,780,,,,,,ok,
780<-India (other),1841,780,Sri Lanka (Ceylon),GPH-AUTONOMOUS-CITED,India (other),India (other),RIC,4872,780,,,,,,ignore_resolved,
780<-781,1841,780,Sri Lanka (Ceylon),GPH-AUTONOMOUS-CITED,781,Maldive Islands,GPH-AUTONOMOUS-CITED,2133,780,,,,,,ok,
780<-710,1841,780,Sri Lanka (Ceylon),GPH-AUTONOMOUS-CITED,710,People's Republic of China (China),GPH-AUTONOMOUS-CITED,657,780,,,,,,ok,
780<-900,1841,780,Sri Lanka (Ceylon),GPH-AUTONOMOUS-CITED,900,Australia,GPH,746,780,,746,,901|902|903|906,,split_failed_no_ratio,
780<-2,1841,780,Sri Lanka (Ceylon),GPH-AUTONOMOUS-CITED,2,United States of America,GPH-AUTONOMOUS-CITED,177,780,,,,,,ok,
780->200,1841,200,United Kingdom,GPH-AUTONOMOUS-CITED,780,Sri Lanka (Ceylon),GPH-AUTONOMOUS-CITED,280804,780,,,,,,ok,
780->Cape Colony (Cape of Good Hope) & Madeira Isles & St. Helena,1841,Cape Colony (Cape of Good Hope) & Madeira Isles & St. Helena,Cape Colony (Cape of Good Hope) & Madeira Isles & St. Helena,RIC,780,Sri Lanka (Ceylon),GPH-AUTONOMOUS-CITED,32,780,,32,,235|561|4050,,ignore_resolved,
780->590,1841,590,Mauritius,GPH-AUTONOMOUS-CITED,780,Sri Lanka (Ceylon),GPH-AUTONOMOUS-CITED,8483,780,,,,,,ok,
780->Red Sea (Africa),1841,Red Sea (Africa),Red Sea (Africa),RIC,780,Sri Lanka (Ceylon),GPH-AUTONOMOUS-CITED,24,780,,,,,,ignore_resolved,
780->750,1841,750,India,GPH-AUTONOMOUS-CITED,780,Sri Lanka (Ceylon),GPH-AUTONOMOUS-CITED,95268,780,,,,,,ok,
780->751,1841,751,French India,GPH-AUTONOMOUS-CITED,780,Sri Lanka (Ceylon),GPH-AUTONOMOUS-CITED,4567,780,,,,,,ok,
780->Danish India,1841,Danish India,Danish India,RIC,780,Sri Lanka (Ceylon),GPH-AUTONOMOUS-CITED,531,780,,,,,,split_failed_error,
780->Dutch India,1841,Dutch India,Dutch India,RIC,780,Sri Lanka (Ceylon),GPH-AUTONOMOUS-CITED,771,780,,,,,,split_failed_error,
780->India (other),1841,India (other),India (other),RIC,780,Sri Lanka (Ceylon),GPH-AUTONOMOUS-CITED,360,780,,,,,,ignore_resolved,
780->781,1841,781,Maldive Islands,GPH-AUTONOMOUS-CITED,780,Sri Lanka (Ceylon),GPH-AUTONOMOUS-CITED,1974,780,,,,,,ok,
780->2,1841,2,United States of America,GPH-AUTONOMOUS-CITED,780,Sri Lanka (Ceylon),GPH-AUTONOMOUS-CITED,1703,780,,,,,,ok,
56<-200,1841,56,St. Lucia,GPH,200,United Kingdom,GPH-AUTONOMOUS-CITED,72444,56,,,,,,ignore_resolved,
56<-British West Indies,1841,56,St. Lucia,GPH,British West Indies,British West Indies,RIC,14042,56,,,,,,ignore_resolved,
56<-British Northern America,1841,56,St. Lucia,GPH,British Northern America,British Northern America,RIC,7837,56,,,,,,ignore_resolved,
56<-2,1841,56,St. Lucia,GPH,2,United States of America,GPH-AUTONOMOUS-CITED,2569,56,,,,,,ignore_resolved,
56->200,1841,200,United Kingdom,GPH-AUTONOMOUS-CITED,56,St. Lucia,GPH,130179,56,,,,,,ignore_resolved,
56->British West Indies,1841,British West Indies,British West Indies,RIC,56,St. Lucia,GPH,9865,56,,,,,,ignore_resolved,
329->220,1841,220,France,GPH-AUTONOMOUS-CITED,329,Two Sicilies,GPH-AUTONOMOUS-CITED,799651.6369106529,329,,,,,,ok,
329->337,1841,337,Tuscany,GPH-AUTONOMOUS-CITED,329,Two Sicilies,GPH-AUTONOMOUS-CITED,329203.11943311826,329,,,,,,ok,
329->300,1841,300,Austria-Hungary (Austrian Empire),GPH-AUTONOMOUS-CITED,329,Two Sicilies,GPH-AUTONOMOUS-CITED,327777.9977039706,329,,,,,,ok,
329->200,1841,200,United Kingdom,GPH-AUTONOMOUS-CITED,329,Two Sicilies,GPH-AUTONOMOUS-CITED,326115.3556866316,329,,,,,,ok,
329->324,1841,324,Kingdom of Sardinia,GPH-AUTONOMOUS-CITED,329,Two Sicilies,GPH-AUTONOMOUS-CITED,214837.1006690155,329,,,,,,ok,
329->327,1841,327,Papal States,GPH-AUTONOMOUS-CITED,329,Two Sicilies,GPH-AUTONOMOUS-CITED,188155.6549621947,329,,,,,,ok,
329->210,1841,210,Netherlands,GPH-AUTONOMOUS-CITED,329,Two Sicilies,GPH-AUTONOMOUS-CITED,41724.39729226872,329,,,,,,ok,
329->615,1841,615,Algeria (Regency of Algiers),GPH-AUTONOMOUS-CITED,329,Two Sicilies,GPH-AUTONOMOUS-CITED,18882.862911207,329,,,,,,ok,
329<-200,1841,329,Two Sicilies,GPH-AUTONOMOUS-CITED,200,United Kingdom,GPH-AUTONOMOUS-CITED,966549.2260797276,329,,,,,,ok,
329<-220,1841,329,Two Sicilies,GPH-AUTONOMOUS-CITED,220,France,GPH-AUTONOMOUS-CITED,693321.7212303551,329,,,,,,ok,
329<-300,1841,329,Two Sicilies,GPH-AUTONOMOUS-CITED,300,Austria-Hungary (Austrian Empire),GPH-AUTONOMOUS-CITED,198804.4812161039,329,,,,,,ok,
329<-324,1841,329,Two Sicilies,GPH-AUTONOMOUS-CITED,324,Kingdom of Sardinia,GPH-AUTONOMOUS-CITED,179486.16444321285,329,,,,,,ok,
329<-327,1841,329,Two Sicilies,GPH-AUTONOMOUS-CITED,327,Papal States,GPH-AUTONOMOUS-CITED,9144.531095364397,329,,,,,,ok,
329<-337,1841,329,Two Sicilies,GPH-AUTONOMOUS-CITED,337,Tuscany,GPH-AUTONOMOUS-CITED,53956.69213411979,329,,,,,,ok,
329<-2,1841,329,Two Sicilies,GPH-AUTONOMOUS-CITED,2,United States of America,GPH-AUTONOMOUS-CITED,53560.82498713432,329,,,,,,ok,
329<-140,1841,329,Two Sicilies,GPH-AUTONOMOUS-CITED,140,Brazil,GPH-AUTONOMOUS-CITED,23554.095245635566,329,,,,,,ok,
329<-230,1841,329,Two Sicilies,GPH-AUTONOMOUS-CITED,230,Spain,GPH-AUTONOMOUS-CITED,18645.342623015717,329,,,,,,ok,
329<-380,1841,329,Two Sicilies,GPH-AUTONOMOUS-CITED,380,Sweden,GPH-AUTONOMOUS-CITED,17220.22089386802,329,,,,,,ok,
3271->British Colonies & United Kingdom,1841,British Colonies & United Kingdom,British Colonies & United Kingdom,RIC,3271,Ancona,GPH,176477.57412612328,3271,,,,,,ignore_resolved,
1061<-200,1841,1061,British Virgin Is.,GPH,200,United Kingdom,GPH-AUTONOMOUS-CITED,889,1061,,,,,,ignore_resolved,
1061<-British West Indies,1841,1061,British Virgin Is.,GPH,British West Indies,British West Indies,RIC,6519,1061,,,,,,ignore_resolved,
1061<-2,1841,1061,British Virgin Is.,GPH,2,United States of America,GPH-AUTONOMOUS-CITED,1482,1061,,,,,,ignore_resolved,
1061->200,1841,200,United Kingdom,GPH-AUTONOMOUS-CITED,1061,British Virgin Is.,GPH,17612,1061,,,,,,ignore_resolved,
1061->British West Indies,1841,British West Indies,British West Indies,RIC,1061,British Virgin Is.,GPH,2973,1061,,,,,,ignore_resolved,
451<-200,1841,451,Sierra Leone,GPH-AUTONOMOUS-CITED,200,United Kingdom,GPH-AUTONOMOUS-CITED,47315,451,,,,,,ok,
451<-British West Indies,1841,451,Sierra Leone,GPH-AUTONOMOUS-CITED,British West Indies,British West Indies,RIC,2169,451,,2169,,30|31|51|54|1048|1055|1063,,split_failed_no_ratio,
451<-British Northern America,1841,451,Sierra Leone,GPH-AUTONOMOUS-CITED,British Northern America,British Northern America,RIC,3170,451,,3170,,20|21|1022|1023|1024|1025|1026,,split_failed_no_ratio,
451<-British Colonies (other),1841,451,Sierra Leone,GPH-AUTONOMOUS-CITED,British Colonies (other),British Colonies (other),RIC,1289,451,,1289,,110|231|338|561|590|720|750|780|901|902|903|906|920|1163|2249|4044|4050|4383|5614|7501|9004|9620,,split_failed_no_ratio,
451<-2,1841,451,Sierra Leone,GPH-AUTONOMOUS-CITED,2,United States of America,GPH-AUTONOMOUS-CITED,1206,451,,,,,,ok,
451->200,1841,200,United Kingdom,GPH-AUTONOMOUS-CITED,451,Sierra Leone,GPH-AUTONOMOUS-CITED,64569,451,,,,,,ok,
451->British Northern America,1841,British Northern America,British Northern America,RIC,451,Sierra Leone,GPH-AUTONOMOUS-CITED,194,451,,194,,20|21|1022|1023|1024|1025|1026,,split_failed_no_ratio,
451->British Colonies (other),1841,British Colonies (other),British Colonies (other),RIC,451,Sierra Leone,GPH-AUTONOMOUS-CITED,545,451,,545,,110|231|338|561|590|720|750|780|901|902|903|906|920|1163|2249|4044|4050|4383|5614|7501|9004|9620,,split_failed_no_ratio,
451->2,1841,2,United States of America,GPH-AUTONOMOUS-CITED,451,Sierra Leone,GPH-AUTONOMOUS-CITED,2649,451,,,,,,ok,
66->220,1841,220,France,GPH-AUTONOMOUS-CITED,66,Martinique,GPH-AUTONOMOUS-CITED,659677.8829024979,66,,,,,,ok,
65->220,1841,220,France,GPH-AUTONOMOUS-CITED,65,Guadeloupe,GPH-AUTONOMOUS-CITED,809365.4249633823,65,,,,,,ok,
120->220,1841,220,France,GPH-AUTONOMOUS-CITED,120,French Guiana,GPH-AUTONOMOUS-CITED,136108.78429199161,120,,,,,,ok,
585->220,1841,220,France,GPH-AUTONOMOUS-CITED,585,Reunion (Bourbon I.),GPH-AUTONOMOUS-CITED,872705.3956692135,585,,,,,,ok,
433->220,1841,220,France,GPH-AUTONOMOUS-CITED,433,Senegal,GPH-AUTONOMOUS-CITED,147314.04140770357,433,,,,,,ok,
66<-220,1841,66,Martinique,GPH-AUTONOMOUS-CITED,220,France,GPH-AUTONOMOUS-CITED,725038.2407663988,66,,,,,,ok,
66->French Colonies,1841,French Colonies,French Colonies,RIC,66,Martinique,GPH-AUTONOMOUS-CITED,840.9405803412375,66,,840.9405803412375,,65|120|433|585|615|751|1029|5801,,split_failed_no_ratio,
65<-220,1841,65,Guadeloupe,GPH-AUTONOMOUS-CITED,220,France,GPH-AUTONOMOUS-CITED,687100.9461224814,65,,,,,,ok,
65->French Colonies,1841,French Colonies,French Colonies,RIC,65,Guadeloupe,GPH-AUTONOMOUS-CITED,785.2024860456831,65,,785.2024860456831,,66|120|433|585|615|751|1029|5801,,split_failed_no_ratio,
120<-220,1841,120,French Guiana,GPH-AUTONOMOUS-CITED,220,France,GPH-AUTONOMOUS-CITED,96476.18859110883,120,,,,,,ok,
120->French Colonies,1841,French Colonies,French Colonies,RIC,120,French Guiana,GPH-AUTONOMOUS-CITED,1366.5333913938482,120,,1366.5333913938482,,65|66|433|585|615|751|1029|5801,,split_failed_no_ratio,
585<-220,1841,585,Reunion (Bourbon I.),GPH-AUTONOMOUS-CITED,220,France,GPH-AUTONOMOUS-CITED,632544.9507145402,585,,,,,,ok,
585->French Colonies,1841,French Colonies,French Colonies,RIC,585,Reunion (Bourbon I.),GPH-AUTONOMOUS-CITED,2577.5305807371046,585,,2577.5305807371046,,65|66|120|433|615|751|1029|5801,,split_failed_no_ratio,
433<-220,1841,433,Senegal,GPH-AUTONOMOUS-CITED,220,France,GPH-AUTONOMOUS-CITED,141467.16282015757,433,,,,,,ok,
433->French Colonies,1841,French Colonies,French Colonies,RIC,433,Senegal,GPH-AUTONOMOUS-CITED,1871.7786310914057,433,,1871.7786310914057,,65|66|120|585|615|751|1029|5801,,split_failed_no_ratio,
66<-French Colonies,1841,66,Martinique,GPH-AUTONOMOUS-CITED,French Colonies,French Colonies,RIC,67673.2512568782,66,,67673.2512568782,,65|120|433|585|615|751|1029|5801,,split_failed_no_ratio,
65<-French Colonies,1841,65,Guadeloupe,GPH-AUTONOMOUS-CITED,French Colonies,French Colonies,RIC,66861.56525869918,65,,66861.56525869918,,66|120|433|585|615|751|1029|5801,,split_failed_no_ratio,
120<-French Colonies,1841,120,French Guiana,GPH-AUTONOMOUS-CITED,French Colonies,French Colonies,RIC,5190.530857844107,120,,5190.530857844107,,65|66|433|585|615|751|1029|5801,,split_failed_no_ratio,
585<-French Colonies,1841,585,Reunion (Bourbon I.),GPH-AUTONOMOUS-CITED,French Colonies,French Colonies,RIC,73606.27053560826,585,,73606.27053560826,,65|66|120|433|615|751|1029|5801,,split_failed_no_ratio,
433<-French Colonies,1841,433,Senegal,GPH-AUTONOMOUS-CITED,French Colonies,French Colonies,RIC,2400.5383793199003,433,,2400.5383793199003,,65|66|120|585|615|751|1029|5801,,split_failed_no_ratio,
1029<-220,1841,1029,St. Pierre and Miquelon,GPH-AUTONOMOUS-CITED,220,France,GPH-AUTONOMOUS-CITED,58735.16487866672,1029,,,,,,ok,
1029->220,1841,220,France,GPH-AUTONOMOUS-CITED,1029,St. Pierre and Miquelon,GPH-AUTONOMOUS-CITED,56224.41708562607,1029,,,,,,ok,
1029<-French Colonies,1841,1029,St. Pierre and Miquelon,GPH-AUTONOMOUS-CITED,French Colonies,French Colonies,RIC,2889.315545702862,1029,,2889.315545702862,,65|66|120|433|585|615|751|5801,,split_failed_no_ratio,
1029->French Colonies,1841,French Colonies,French Colonies,RIC,1029,St. Pierre and Miquelon,GPH-AUTONOMOUS-CITED,87897.74751593366,1029,,87897.74751593366,,65|66|120|433|585|615|751|5801,,split_failed_no_ratio,
615<-220,1841,615,Algeria (Regency of Algiers),GPH-AUTONOMOUS-CITED,220,France,GPH-AUTONOMOUS-CITED,1385178.734016864,615,,,,,,ok,
1076<-200,1841,1076,Nevis,GPH,200,United Kingdom,GPH-AUTONOMOUS-CITED,1169,1076,,,,,,ignore_resolved,
1076<-British West Indies,1841,1076,Nevis,GPH,British West Indies,British West Indies,RIC,9184,1076,,,,,,ignore_resolved,
1076<-British Northern America,1841,1076,Nevis,GPH,British Northern America,British Northern America,RIC,6286,1076,,,,,,ignore_resolved,
1076<-2,1841,1076,Nevis,GPH,2,United States of America,GPH-AUTONOMOUS-CITED,5876,1076,,,,,,ignore_resolved,
1076->200,1841,200,United Kingdom,GPH-AUTONOMOUS-CITED,1076,Nevis,GPH,17341,1076,,,,,,ignore_resolved,
1076->British West Indies,1841,British West Indies,British West Indies,RIC,1076,Nevis,GPH,15553,1076,,,,,,ignore_resolved,
1076->2,1841,2,United States of America,GPH-AUTONOMOUS-CITED,1076,Nevis,GPH,40,1076,,,,,,ignore_resolved,
375->365,1841,365,Russia (USSR),GPH-AUTONOMOUS-CITED,375,Finland,GPH,201167.12595234238,375,,,,,,ignore_duplicate,
375<-365,1841,375,Finland,GPH,365,Russia (USSR),GPH-AUTONOMOUS-CITED,324687.95590857515,375,,,,,,ignore_duplicate,
375->Norway & Sweden,1841,Norway & Sweden,Norway & Sweden,RIC,375,Finland,GPH,92721.6728805317,375,,,,,,ignore_duplicate,
375<-Norway & Sweden,1841,375,Finland,GPH,Norway & Sweden,Norway & Sweden,RIC,83968.22823796402,375,,,,,,ignore_duplicate,
750<-Africa Coast,1841,750,India,GPH-AUTONOMOUS-CITED,Africa Coast,Africa Coast,RIC,42929,750,,42929,,411|433|450|451|481|520|530|540|541|562|4041|4042|4044|4341|4348|4521|4535|4781|4792|4793|4842|5221|5403|5614|5621|6062|6064,,split_failed_no_ratio,
750->Africa Coast,1841,Africa Coast,Africa Coast,RIC,750,India,GPH-AUTONOMOUS-CITED,65282,750,,65282,,411|433|450|451|481|520|530|540|541|562|4041|4042|4044|4341|4348|4521|4535|4781|4792|4793|4842|5221|5403|5614|5621|6062|6064,,split_failed_no_ratio,
750->America,1841,America,America,RIC,750,India,GPH-AUTONOMOUS-CITED,256309,750,,256309,,2|3|5|6|7|10|20|21|40|41|42|65|66|68|70|80|89|90|91|92|93|94|100|101|110|120|130|135|140|145|150|155|160|165|1016|1019|1020|1022|1023|1024|1025|1026|1029|1032|1058|1064|1071|1072|1094|1105|1106|1111|1163|1164|10200|10210,,split_failed_no_ratio,
750<-America,1841,750,India,GPH-AUTONOMOUS-CITED,America,America,RIC,178137,750,,178137,,2|3|5|6|7|10|20|21|40|41|42|65|66|68|70|80|89|90|91|92|93|94|100|101|110|120|130|135|140|145|150|155|160|165|1016|1019|1020|1022|1023|1024|1025|1026|1029|1032|1058|1064|1071|1072|1094|1105|1106|1111|1163|1164|10200|10210,,split_failed_no_ratio,
750->Arabia & Persian Gulf,1841,Arabia & Persian Gulf,Arabia & Persian Gulf,RIC,750,India,GPH-AUTONOMOUS-CITED,842792,750,,826317.128228785,,630|640|670|678|690|692|696|698|6800,,split_only_partial,
750<-Arabia & Persian Gulf,1841,750,India,GPH-AUTONOMOUS-CITED,Arabia & Persian Gulf,Arabia & Persian Gulf,RIC,731128,750,,698055.8745642804,,630|640|670|678|690|692|696|698|6800,,split_only_partial,
750->Jakarta (Batavia) & Java & Sumatra,1841,Jakarta (Batavia) & Java & Sumatra,Jakarta (Batavia) & Java & Sumatra,RIC,750,India,GPH-AUTONOMOUS-CITED,20307,750,,,,,,ignore_resolved,
750<-Jakarta (Batavia) & Java & Sumatra,1841,750,India,GPH-AUTONOMOUS-CITED,Jakarta (Batavia) & Java & Sumatra,Jakarta (Batavia) & Java & Sumatra,RIC,11817,750,,,,,,ignore_resolved,
750->Myanmar (Burma) & Thailand (Siam),1841,Myanmar (Burma) & Thailand (Siam),Myanmar (Burma) & Thailand (Siam),RIC,750,India,GPH-AUTONOMOUS-CITED,415825,750,,,,,,ignore_resolved,
750<-561,1841,750,India,GPH-AUTONOMOUS-CITED,561,Cape Colony (Cape of Good Hope),GPH-AUTONOMOUS-CITED,3518,750,,,,,,ok,
750->561,1841,561,Cape Colony (Cape of Good Hope),GPH-AUTONOMOUS-CITED,750,India,GPH-AUTONOMOUS-CITED,19637,750,,,,,,ok,
750<-780,1841,750,India,GPH-AUTONOMOUS-CITED,780,Sri Lanka (Ceylon),GPH-AUTONOMOUS-CITED,100550,750,,,,,,ok,
750->780,1841,780,Sri Lanka (Ceylon),GPH-AUTONOMOUS-CITED,750,India,GPH-AUTONOMOUS-CITED,357792,750,,,,,,ok,
750<-710,1841,750,India,GPH-AUTONOMOUS-CITED,710,People's Republic of China (China),GPH-AUTONOMOUS-CITED,1554916,750,,,,,,ok,
750->710,1841,710,People's Republic of China (China),GPH-AUTONOMOUS-CITED,750,India,GPH-AUTONOMOUS-CITED,2179055,750,,,,,,ok,
750<-220,1841,750,India,GPH-AUTONOMOUS-CITED,220,France,GPH-AUTONOMOUS-CITED,220233,750,,,,,,ok,
750->220,1841,220,France,GPH-AUTONOMOUS-CITED,750,India,GPH-AUTONOMOUS-CITED,478096,750,,,,,,ok,
750<-255,1841,750,India,GPH-AUTONOMOUS-CITED,255,Germany (Zollverein),GPH,17139,750,,17139,,239|241|242|243|244|245|247|252|254|258|259|261|262|264|266|267|268|269|270|271|272|273|275|277,,split_failed_no_ratio,
750->255,1841,255,Germany (Zollverein),GPH,750,India,GPH-AUTONOMOUS-CITED,8018,750,,8018,,239|241|242|243|244|245|247|252|254|258|259|261|262|264|266|267|268|269|270|271|272|273|275|277,,split_failed_no_ratio,
750<-Canary Is. & Madeira Isles,1841,750,India,GPH-AUTONOMOUS-CITED,Canary Is. & Madeira Isles,Canary Is. & Madeira Isles,RIC,9190,750,,9190,,230|235,,ignore_resolved,
750<-781,1841,750,India,GPH-AUTONOMOUS-CITED,781,Maldive Islands,GPH-AUTONOMOUS-CITED,19982,750,,,,,,ok,
750->781,1841,781,Maldive Islands,GPH-AUTONOMOUS-CITED,750,India,GPH-AUTONOMOUS-CITED,15188,750,,,,,,ok,
750->Manila,1841,Manila,Manila,RIC,750,India,GPH-AUTONOMOUS-CITED,15391,750,,,,,,ignore_resolved,
750<-Mauritius & Reunion (Bourbon I.),1841,750,India,GPH-AUTONOMOUS-CITED,Mauritius & Reunion (Bourbon I.),Mauritius & Reunion (Bourbon I.),RIC,78806,750,,,,,,ignore_resolved,
750->Mauritius & Reunion (Bourbon I.),1841,Mauritius & Reunion (Bourbon I.),Mauritius & Reunion (Bourbon I.),RIC,750,India,GPH-AUTONOMOUS-CITED,355435,750,,,,,,ignore_resolved,
750<-Mediterranean Sea,1841,750,India,GPH-AUTONOMOUS-CITED,Mediterranean Sea,Mediterranean Sea,RIC,16395,750,,16395,,231|300|324|327|329|335|337|338|350|600|615|616,,split_failed_no_ratio,
750->Mediterranean Sea,1841,Mediterranean Sea,Mediterranean Sea,RIC,750,India,GPH-AUTONOMOUS-CITED,6173,750,,6173,,231|300|324|327|329|335|337|338|350|600|615|616,,split_failed_no_ratio,
750->901,1841,901,New South Wales,GPH-AUTONOMOUS-CITED,750,India,GPH-AUTONOMOUS-CITED,52947,750,,,,,,ok,
750<-901,1841,750,India,GPH-AUTONOMOUS-CITED,901,New South Wales,GPH-AUTONOMOUS-CITED,1633,750,,,,,,ok,
750<-920,1841,750,India,GPH-AUTONOMOUS-CITED,920,New Zealand,GPH-AUTONOMOUS-CITED,171,750,,,,,,ok,
750<-Malacca & Penang & Singapore,1841,750,India,GPH-AUTONOMOUS-CITED,Malacca & Penang & Singapore,Malacca & Penang & Singapore,RIC,687220,750,,,,,,ignore_internal,
750->Malacca & Penang & Singapore,1841,Malacca & Penang & Singapore,Malacca & Penang & Singapore,RIC,750,India,GPH-AUTONOMOUS-CITED,1669395,750,,,,,,ignore_internal,
750<-Myanmar (Burma) & Thailand (Siam),1841,750,India,GPH-AUTONOMOUS-CITED,Myanmar (Burma) & Thailand (Siam),Myanmar (Burma) & Thailand (Siam),RIC,390598,750,,,,,,ignore_resolved,
750->4050,1841,4050,St. Helena,GPH-AUTONOMOUS-CITED,750,India,GPH-AUTONOMOUS-CITED,2598,750,,,,,,ok,
750<-380,1841,750,India,GPH-AUTONOMOUS-CITED,380,Sweden,GPH-AUTONOMOUS-CITED,27,750,,,,,,ok,
750->380,1841,380,Sweden,GPH-AUTONOMOUS-CITED,750,India,GPH-AUTONOMOUS-CITED,4343,750,,,,,,ok,
750<-200,1841,750,India,GPH-AUTONOMOUS-CITED,200,United Kingdom,GPH-AUTONOMOUS-CITED,6113845,750,,,,,,ok,
750->200,1841,200,United Kingdom,GPH-AUTONOMOUS-CITED,750,India,GPH-AUTONOMOUS-CITED,7054388,750,,,,,,ok,
750<-British West Indies,1841,750,India,GPH-AUTONOMOUS-CITED,British West Indies,British West Indies,RIC,23959,750,,23959,,30|31|51|54|1048|1055|1063,,split_failed_no_ratio,
750->British West Indies,1841,British West Indies,British West Indies,RIC,750,India,GPH-AUTONOMOUS-CITED,3099,750,,3099,,30|31|51|54|1048|1055|1063,,split_failed_no_ratio,
135->200,1841,200,United Kingdom,GPH-AUTONOMOUS-CITED,135,Peru,GPH-AUTONOMOUS-CITED,1107015.6050836353,135,,,,,,ok,
135->230,1841,230,Spain,GPH-AUTONOMOUS-CITED,135,Peru,GPH-AUTONOMOUS-CITED,15843.22077511791,135,,,,,,ok,
135->2,1841,2,United States of America,GPH-AUTONOMOUS-CITED,135,Peru,GPH-AUTONOMOUS-CITED,39351.10249002928,135,,,,,,ok,
135->220,1841,220,France,GPH-AUTONOMOUS-CITED,135,Peru,GPH-AUTONOMOUS-CITED,157353.53311438652,135,,,,,,ok,
135->248,1841,248,Hamburg,GPH-AUTONOMOUS-CITED,135,Peru,GPH-AUTONOMOUS-CITED,7610.150033653528,135,,,,,,ok,
135->325,1841,325,Italy,GPH,135,Peru,GPH-AUTONOMOUS-CITED,15496.702426675427,135,,15496.702426675427,,324|329|335|337,,split_failed_no_ratio,
248->239,1841,239,Prussia,GPH-AUTONOMOUS-CITED,248,Hamburg,GPH-AUTONOMOUS-CITED,5258501.246981513,248,,,,,,ok,
248->200,1841,200,United Kingdom,GPH-AUTONOMOUS-CITED,248,Hamburg,GPH-AUTONOMOUS-CITED,3539566.921341198,248,,,,,,ok,
248->240,1841,240,Hanover,GPH-AUTONOMOUS-CITED,248,Hamburg,GPH-AUTONOMOUS-CITED,3268991.726376628,248,,,,,,ok,
248->140,1841,140,Brazil,GPH-AUTONOMOUS-CITED,248,Hamburg,GPH-AUTONOMOUS-CITED,266695.6969241123,248,,,,,,ok,
248->220,1841,220,France,GPH-AUTONOMOUS-CITED,248,Hamburg,GPH-AUTONOMOUS-CITED,266695.6969241123,248,,,,,,ok,
248->West Indies,1841,West Indies,West Indies,RIC,248,Hamburg,GPH-AUTONOMOUS-CITED,577688.9275958989,248,,577688.9275958989,,5|6|30|31|40|42|51|54|65|66|68|91|1032|1048|1055|1058|1063|1064,,split_failed_no_ratio,
248->210,1841,210,Netherlands,GPH-AUTONOMOUS-CITED,248,Hamburg,GPH-AUTONOMOUS-CITED,315189.4224298326,248,,,,,,ok,
248->390,1841,390,Denmark,GPH-AUTONOMOUS-CITED,248,Hamburg,GPH-AUTONOMOUS-CITED,569375.7175092039,248,,,,,,ok,
248->2,1841,2,United States of America,GPH-AUTONOMOUS-CITED,248,Hamburg,GPH-AUTONOMOUS-CITED,305173.9836111001,248,,,,,,ok,
248->211,1841,211,Belgium,GPH-AUTONOMOUS-CITED,248,Hamburg,GPH-AUTONOMOUS-CITED,163295.19813150706,248,,,,,,ok,
248->305,1841,305,Austria,GPH,248,Hamburg,GPH-AUTONOMOUS-CITED,170420.80677724557,248,,,,,,ignore_resolved,
248->41,1841,41,Haiti,GPH-AUTONOMOUS-CITED,248,Hamburg,GPH-AUTONOMOUS-CITED,96749.93072324929,248,,,,,,ok,
248->Colombia (New Granada) (Gran Colombia) & Venezuela,1841,Colombia (New Granada) (Gran Colombia) & Venezuela,Colombia (New Granada) (Gran Colombia) & Venezuela,RIC,248,Hamburg,GPH-AUTONOMOUS-CITED,119551.87838961245,248,,,,,,ignore_resolved,
248->160,1841,160,Argentina (La Plata),GPH-AUTONOMOUS-CITED,248,Hamburg,GPH-AUTONOMOUS-CITED,211907.683781323,248,,,,,,ok,
248->70,1841,70,Mexico,GPH-AUTONOMOUS-CITED,248,Hamburg,GPH-AUTONOMOUS-CITED,269110.4865207237,248,,,,,,ok,
248->Norway & Sweden,1841,Norway & Sweden,Norway & Sweden,RIC,248,Hamburg,GPH-AUTONOMOUS-CITED,246981.51300423578,248,,,,,,ignore_resolved,
248->East Indies,1841,East Indies,East Indies,RIC,248,Hamburg,GPH-AUTONOMOUS-CITED,73077.07533351808,248,,73077.07533351808,,710|720|721|750|751|752|775|780|781|790|800|811|815|824|835|840|850|860|7501|7502|7506|7531|7588|7693|8201|8202|8203|8210|8221|8223|8401|8501|8510|8531|8532|8560,,split_failed_no_ratio,
248->155,1841,155,Chile,GPH-AUTONOMOUS-CITED,248,Hamburg,GPH-AUTONOMOUS-CITED,149043.9808400301,248,,,,,,ok,
248->235,1841,235,Portugal,GPH-AUTONOMOUS-CITED,248,Hamburg,GPH-AUTONOMOUS-CITED,120858.23997466451,248,,,,,,ok,
248->230,1841,230,Spain,GPH-AUTONOMOUS-CITED,248,Hamburg,GPH-AUTONOMOUS-CITED,53481.65155773723,248,,,,,,ok,
248->365,1841,365,Russia (USSR),GPH-AUTONOMOUS-CITED,248,Hamburg,GPH-AUTONOMOUS-CITED,94137.20755314517,248,,,,,,ok,
248->329,1841,329,Two Sicilies,GPH-AUTONOMOUS-CITED,248,Hamburg,GPH-AUTONOMOUS-CITED,12509.401844740905,248,,,,,,ok,
248->640,1841,640,Turkey (Ottoman Empire),GPH-AUTONOMOUS-CITED,248,Hamburg,GPH-AUTONOMOUS-CITED,14647.084438462452,248,,,,,,ok,
248->337,1841,337,Tuscany,GPH-AUTONOMOUS-CITED,248,Hamburg,GPH-AUTONOMOUS-CITED,3641.9777522663394,248,,,,,,ok,
248->10,1841,10,Greenland,GPH-AUTONOMOUS-CITED,248,Hamburg,GPH-AUTONOMOUS-CITED,1187.601440956415,248,,,,,,ok,
248->Bremen & Lübeck,1841,Bremen & Lübeck,Bremen & Lübeck,RIC,248,Hamburg,GPH-AUTONOMOUS-CITED,177942.2825699695,248,,,,,,ignore_resolved,
248<-239,1841,248,Hamburg,GPH-AUTONOMOUS-CITED,239,Prussia,GPH-AUTONOMOUS-CITED,5564031.5110249,248,,,,,,ok,
248<-200,1841,248,Hamburg,GPH-AUTONOMOUS-CITED,200,United Kingdom,GPH-AUTONOMOUS-CITED,6458137.049206287,248,,,,,,ok,
248<-240,1841,248,Hamburg,GPH-AUTONOMOUS-CITED,240,Hanover,GPH-AUTONOMOUS-CITED,2439214.599580381,248,,,,,,ok,
248<-140,1841,248,Hamburg,GPH-AUTONOMOUS-CITED,140,Brazil,GPH-AUTONOMOUS-CITED,1238193.2623411582,248,,,,,,ok,
248<-220,1841,248,Hamburg,GPH-AUTONOMOUS-CITED,220,France,GPH-AUTONOMOUS-CITED,1054352.5592811054,248,,,,,,ok,
248<-West Indies,1841,248,Hamburg,GPH-AUTONOMOUS-CITED,West Indies,West Indies,RIC,718459.2850639325,248,,718459.2850639325,,5|6|30|31|40|42|51|54|65|66|68|91|1032|1048|1055|1058|1063|1064,,split_failed_no_ratio,
248<-210,1841,248,Hamburg,GPH-AUTONOMOUS-CITED,210,Netherlands,GPH-AUTONOMOUS-CITED,700130.6361585052,248,,,,,,ok,
248<-390,1841,248,Hamburg,GPH-AUTONOMOUS-CITED,390,Denmark,GPH-AUTONOMOUS-CITED,442104.4297533748,248,,,,,,ok,
248<-2,1841,248,Hamburg,GPH-AUTONOMOUS-CITED,2,United States of America,GPH-AUTONOMOUS-CITED,352282.17410237127,248,,,,,,ok,
248<-211,1841,248,Hamburg,GPH-AUTONOMOUS-CITED,211,Belgium,GPH-AUTONOMOUS-CITED,273385.85170816677,248,,,,,,ok,
248<-305,1841,248,Hamburg,GPH-AUTONOMOUS-CITED,305,Austria,GPH,218162.38470369345,248,,,,,,ignore_resolved,
248<-41,1841,248,Hamburg,GPH-AUTONOMOUS-CITED,41,Haiti,GPH-AUTONOMOUS-CITED,235699.29931514984,248,,,,,,ok,
248<-Colombia (New Granada) (Gran Colombia) & Venezuela,1841,248,Hamburg,GPH-AUTONOMOUS-CITED,Colombia (New Granada) (Gran Colombia) & Venezuela,Colombia (New Granada) (Gran Colombia) & Venezuela,RIC,199754.56236886902,248,,199754.56236886902,,100|101,,ignore_resolved,
248<-160,1841,248,Hamburg,GPH-AUTONOMOUS-CITED,160,Argentina (La Plata),GPH-AUTONOMOUS-CITED,101658.68334586913,248,,,,,,ok,
248<-70,1841,248,Hamburg,GPH-AUTONOMOUS-CITED,70,Mexico,GPH-AUTONOMOUS-CITED,11955.187838961245,248,,,,,,ok,
248<-Norway & Sweden,1841,248,Hamburg,GPH-AUTONOMOUS-CITED,Norway & Sweden,Norway & Sweden,RIC,24266.656110209413,248,,,,,,ignore_resolved,
248<-East Indies,1841,248,Hamburg,GPH-AUTONOMOUS-CITED,East Indies,East Indies,RIC,140018.20988876134,248,,140018.20988876134,,710|720|721|750|751|752|775|780|781|790|800|811|815|824|835|840|850|860|7501|7502|7506|7531|7588|7693|8201|8202|8203|8210|8221|8223|8401|8501|8510|8531|8532|8560,,split_failed_no_ratio,
248<-155,1841,248,Hamburg,GPH-AUTONOMOUS-CITED,155,Chile,GPH-AUTONOMOUS-CITED,46395.62962669728,248,,,,,,ok,
248<-235,1841,248,Hamburg,GPH-AUTONOMOUS-CITED,235,Portugal,GPH-AUTONOMOUS-CITED,56806.93559241519,248,,,,,,ok,
248<-230,1841,248,Hamburg,GPH-AUTONOMOUS-CITED,230,Spain,GPH-AUTONOMOUS-CITED,107755.03740944539,248,,,,,,ok,
248<-365,1841,248,Hamburg,GPH-AUTONOMOUS-CITED,365,Russia (USSR),GPH-AUTONOMOUS-CITED,20585.091643244526,248,,,,,,ok,
248<-329,1841,248,Hamburg,GPH-AUTONOMOUS-CITED,329,Two Sicilies,GPH-AUTONOMOUS-CITED,74700.1306361585,248,,,,,,ok,
248<-640,1841,248,Hamburg,GPH-AUTONOMOUS-CITED,640,Turkey (Ottoman Empire),GPH-AUTONOMOUS-CITED,48493.72550572028,248,,,,,,ok,
248<-337,1841,248,Hamburg,GPH-AUTONOMOUS-CITED,337,Tuscany,GPH-AUTONOMOUS-CITED,35984.323660979375,248,,,,,,ok,
248<-324,1841,248,Hamburg,GPH-AUTONOMOUS-CITED,324,Kingdom of Sardinia,GPH-AUTONOMOUS-CITED,12984.442421123471,248,,,,,,ok,
248<-10,1841,248,Hamburg,GPH-AUTONOMOUS-CITED,10,Greenland,GPH-AUTONOMOUS-CITED,7442.302363326868,248,,,,,,ok,
248<-Bremen & Lübeck,1841,248,Hamburg,GPH-AUTONOMOUS-CITED,Bremen & Lübeck,Bremen & Lübeck,RIC,246546.05914255176,248,,,,,,ignore_resolved,
246->2,1841,2,United States of America,GPH-AUTONOMOUS-CITED,246,Bremen,GPH-AUTONOMOUS-CITED,498792.6052016943,246,,,,,,ok,
246->West Indies,1841,West Indies,West Indies,RIC,246,Bremen,GPH-AUTONOMOUS-CITED,272356.5971260045,246,,272356.5971260045,,5|6|30|31|40|42|51|54|65|66|68|91|1032|1048|1055|1058|1063|1064,,split_failed_no_ratio,
246->200,1841,200,United Kingdom,GPH-AUTONOMOUS-CITED,246,Bremen,GPH-AUTONOMOUS-CITED,201179.6840980167,246,,,,,,ok,
246->365,1841,365,Russia (USSR),GPH-AUTONOMOUS-CITED,246,Bremen,GPH-AUTONOMOUS-CITED,174181.54467360754,246,,,,,,ok,
246->Hanse Towns,1841,Hanse Towns,Hanse Towns,RIC,246,Bremen,GPH-AUTONOMOUS-CITED,134594.82997506036,246,,134594.82997506036,,248|276,,ignore_resolved,
246->240,1841,240,Hanover,GPH-AUTONOMOUS-CITED,246,Bremen,GPH-AUTONOMOUS-CITED,107675.86398004829,246,,,,,,ok,
246->239,1841,239,Prussia,GPH-AUTONOMOUS-CITED,246,Bremen,GPH-AUTONOMOUS-CITED,102925.45821622264,246,,,,,,ok,
246->70,1841,70,Mexico,GPH-AUTONOMOUS-CITED,246,Bremen,GPH-AUTONOMOUS-CITED,95008.1152765132,246,,,,,,ok,
246->210,1841,210,Netherlands,GPH-AUTONOMOUS-CITED,246,Bremen,GPH-AUTONOMOUS-CITED,88674.24092474565,246,,,,,,ok,
246->41,1841,41,Haiti,GPH-AUTONOMOUS-CITED,246,Bremen,GPH-AUTONOMOUS-CITED,55421.40057796604,246,,,,,,ok,
246->100,1841,100,Colombia (New Granada) (Gran Colombia),GPH-AUTONOMOUS-CITED,246,Bremen,GPH-AUTONOMOUS-CITED,47504.0576382566,246,,,,,,ok,
246->230,1841,230,Spain,GPH-AUTONOMOUS-CITED,246,Bremen,GPH-AUTONOMOUS-CITED,35628.043228692455,246,,,,,,ok,
246->155,1841,155,Chile,GPH-AUTONOMOUS-CITED,246,Bremen,GPH-AUTONOMOUS-CITED,28502.43458295396,246,,,,,,ok,
246->390,1841,390,Denmark,GPH-AUTONOMOUS-CITED,246,Bremen,GPH-AUTONOMOUS-CITED,25335.497407070186,246,,,,,,ok,
246->380,1841,380,Sweden,GPH-AUTONOMOUS-CITED,246,Bremen,GPH-AUTONOMOUS-CITED,25335.497407070186,246,,,,,,ok,
246->East Indies,1841,East Indies,East Indies,RIC,246,Bremen,GPH-AUTONOMOUS-CITED,18209.8887613317,246,,18209.8887613317,,710|720|721|750|751|752|775|780|781|790|800|811|815|824|835|840|850|860|7501|7502|7506|7531|7588|7693|8201|8202|8203|8210|8221|8223|8401|8501|8510|8531|8532|8560,,split_failed_no_ratio,
246->140,1841,140,Brazil,GPH-AUTONOMOUS-CITED,246,Bremen,GPH-AUTONOMOUS-CITED,14251.21729147698,246,,,,,,ok,
246->160,1841,160,Argentina (La Plata),GPH-AUTONOMOUS-CITED,246,Bremen,GPH-AUTONOMOUS-CITED,11876.01440956415,246,,,,,,ok,
246->235,1841,235,Portugal,GPH-AUTONOMOUS-CITED,246,Bremen,GPH-AUTONOMOUS-CITED,3166.9371758837733,246,,,,,,ok,
246->220,1841,220,France,GPH-AUTONOMOUS-CITED,246,Bremen,GPH-AUTONOMOUS-CITED,1583.4685879418867,246,,,,,,ok,
Koszalin & Stralsund & Szczecin->200,1841,200,United Kingdom,GPH-AUTONOMOUS-CITED,Koszalin & Stralsund & Szczecin,Koszalin & Stralsund & Szczecin,RIC,780650.0138553502,Koszalin & Stralsund & Szczecin,,,,,,ignore_duplicate,
Koszalin & Stralsund & Szczecin->210,1841,210,Netherlands,GPH-AUTONOMOUS-CITED,Koszalin & Stralsund & Szczecin,Koszalin & Stralsund & Szczecin,RIC,66743.20098175053,Koszalin & Stralsund & Szczecin,,,,,,ignore_duplicate,
Koszalin & Stralsund & Szczecin->365,1841,365,Russia (USSR),GPH-AUTONOMOUS-CITED,Koszalin & Stralsund & Szczecin,Koszalin & Stralsund & Szczecin,RIC,172241.79565337874,Koszalin & Stralsund & Szczecin,,,,,,ignore_duplicate,
Koszalin & Stralsund & Szczecin->220,1841,220,France,GPH-AUTONOMOUS-CITED,Koszalin & Stralsund & Szczecin,Koszalin & Stralsund & Szczecin,RIC,347967.2222002296,Koszalin & Stralsund & Szczecin,,,,,,ignore_duplicate,
Koszalin & Stralsund & Szczecin->Norway & Sweden,1841,Norway & Sweden,Norway & Sweden,RIC,Koszalin & Stralsund & Szczecin,Koszalin & Stralsund & Szczecin,RIC,161395.0358259768,Koszalin & Stralsund & Szczecin,,,,,,ignore_duplicate,
Koszalin & Stralsund & Szczecin->Hanse Towns,1841,Hanse Towns,Hanse Towns,RIC,Koszalin & Stralsund & Szczecin,Koszalin & Stralsund & Szczecin,RIC,109338.50599738728,Koszalin & Stralsund & Szczecin,,,,,,ignore_duplicate,
Koszalin & Stralsund & Szczecin->390,1841,390,Denmark,GPH-AUTONOMOUS-CITED,Koszalin & Stralsund & Szczecin,Koszalin & Stralsund & Szczecin,RIC,136138.7118483037,Koszalin & Stralsund & Szczecin,,,,,,ignore_duplicate,
Koszalin & Stralsund & Szczecin->211,1841,211,Belgium,GPH-AUTONOMOUS-CITED,Koszalin & Stralsund & Szczecin,Koszalin & Stralsund & Szczecin,RIC,28581.608012351055,Koszalin & Stralsund & Szczecin,,,,,,ignore_duplicate,
Koszalin & Stralsund & Szczecin->230,1841,230,Spain,GPH-AUTONOMOUS-CITED,Koszalin & Stralsund & Szczecin,Koszalin & Stralsund & Szczecin,RIC,2850.243458295396,Koszalin & Stralsund & Szczecin,,,,,,ignore_duplicate,
Koszalin & Stralsund & Szczecin<-200,1841,Koszalin & Stralsund & Szczecin,Koszalin & Stralsund & Szczecin,RIC,200,United Kingdom,GPH-AUTONOMOUS-CITED,1157396.7776414235,Koszalin & Stralsund & Szczecin,,,,,,ignore_duplicate,
Koszalin & Stralsund & Szczecin<-210,1841,Koszalin & Stralsund & Szczecin,Koszalin & Stralsund & Szczecin,RIC,210,Netherlands,GPH-AUTONOMOUS-CITED,536162.4638771228,Koszalin & Stralsund & Szczecin,,,,,,ignore_duplicate,
Koszalin & Stralsund & Szczecin<-365,1841,Koszalin & Stralsund & Szczecin,Koszalin & Stralsund & Szczecin,RIC,365,Russia (USSR),GPH-AUTONOMOUS-CITED,381140.88911761215,Koszalin & Stralsund & Szczecin,,,,,,ignore_duplicate,
Koszalin & Stralsund & Szczecin<-220,1841,Koszalin & Stralsund & Szczecin,Koszalin & Stralsund & Szczecin,RIC,220,France,GPH-AUTONOMOUS-CITED,186968.05352123827,Koszalin & Stralsund & Szczecin,,,,,,ignore_duplicate,
Koszalin & Stralsund & Szczecin<-Norway & Sweden,1841,Koszalin & Stralsund & Szczecin,Koszalin & Stralsund & Szczecin,RIC,Norway & Sweden,Norway & Sweden,RIC,230711.3732631329,Koszalin & Stralsund & Szczecin,,,,,,ignore_duplicate,
Koszalin & Stralsund & Szczecin<-Hanse Towns,1841,Koszalin & Stralsund & Szczecin,Koszalin & Stralsund & Szczecin,RIC,Hanse Towns,Hanse Towns,RIC,226119.31435810143,Koszalin & Stralsund & Szczecin,,,,,,ignore_duplicate,
Koszalin & Stralsund & Szczecin<-390,1841,Koszalin & Stralsund & Szczecin,Koszalin & Stralsund & Szczecin,RIC,390,Denmark,GPH-AUTONOMOUS-CITED,108823.87870630616,Koszalin & Stralsund & Szczecin,,,,,,ignore_duplicate,
Koszalin & Stralsund & Szczecin<-2,1841,Koszalin & Stralsund & Szczecin,Koszalin & Stralsund & Szczecin,RIC,2,United States of America,GPH-AUTONOMOUS-CITED,155179.9216183049,Koszalin & Stralsund & Szczecin,,,,,,ignore_duplicate,
Koszalin & Stralsund & Szczecin<-211,1841,Koszalin & Stralsund & Szczecin,Koszalin & Stralsund & Szczecin,RIC,211,Belgium,GPH-AUTONOMOUS-CITED,83765.48830212581,Koszalin & Stralsund & Szczecin,,,,,,ignore_duplicate,
Koszalin & Stralsund & Szczecin<-325,1841,Koszalin & Stralsund & Szczecin,Koszalin & Stralsund & Szczecin,RIC,325,Italy,GPH,106686.19611258461,Koszalin & Stralsund & Szczecin,,,,,,ignore_duplicate,
Koszalin & Stralsund & Szczecin<-230,1841,Koszalin & Stralsund & Szczecin,Koszalin & Stralsund & Szczecin,RIC,230,Spain,GPH-AUTONOMOUS-CITED,49166.699655595585,Koszalin & Stralsund & Szczecin,,,,,,ignore_duplicate,
3271->300,1841,300,Austria-Hungary (Austrian Empire),GPH-AUTONOMOUS-CITED,3271,Ancona,GPH,110367.7605795495,3271,,,,,,ignore_resolved,
3271->329,1841,329,Two Sicilies,GPH-AUTONOMOUS-CITED,3271,Ancona,GPH,26523.098848026602,3271,,,,,,ignore_resolved,
3271->350,1841,350,Greece,GPH-AUTONOMOUS-CITED,3271,Ancona,GPH,17299.394323265115,3271,,,,,,ignore_resolved,
3271->France & French Colonies,1841,France & French Colonies,France & French Colonies,RIC,3271,Ancona,GPH,30442.183603182773,3271,,,,,,ignore_resolved,
3271<-British Colonies & United Kingdom,1841,3271,Ancona,GPH,British Colonies & United Kingdom,British Colonies & United Kingdom,RIC,232928.22928625153,3271,,,,,,ignore_resolved,
3271<-300,1841,3271,Ancona,GPH,300,Austria-Hungary (Austrian Empire),GPH-AUTONOMOUS-CITED,350184.07822334825,3271,,,,,,ignore_resolved,
3271<-329,1841,3271,Ancona,GPH,329,Two Sicilies,GPH-AUTONOMOUS-CITED,31233.917897153715,3271,,,,,,ignore_resolved,
3271<-350,1841,3271,Ancona,GPH,350,Greece,GPH-AUTONOMOUS-CITED,19753.770634575038,3271,,,,,,ignore_resolved,
3271<-France & French Colonies,1841,3271,Ancona,GPH,France & French Colonies,France & French Colonies,RIC,18130.715331934603,3271,,,,,,ignore_resolved,
Civitavecchia->France & French Colonies,1841,France & French Colonies,France & French Colonies,RIC,Civitavecchia,Civitavecchia,RIC,64367.9980998377,Civitavecchia,,,,,,ignore_resolved,
Civitavecchia->324,1841,324,Kingdom of Sardinia,GPH-AUTONOMOUS-CITED,Civitavecchia,Civitavecchia,RIC,18803.689481809906,Civitavecchia,,,,,,ignore_resolved,
Civitavecchia->337,1841,337,Tuscany,GPH-AUTONOMOUS-CITED,Civitavecchia,Civitavecchia,RIC,11559.320691975774,Civitavecchia,,,,,,ignore_resolved,
Civitavecchia->British Colonies & United Kingdom,1841,British Colonies & United Kingdom,British Colonies & United Kingdom,RIC,Civitavecchia,Civitavecchia,RIC,13419.896282807491,Civitavecchia,,,,,,ignore_resolved,
Civitavecchia->230,1841,230,Spain,GPH-AUTONOMOUS-CITED,Civitavecchia,Civitavecchia,RIC,15597.165591227584,Civitavecchia,,,,,,ignore_resolved,
Civitavecchia->329,1841,329,Two Sicilies,GPH-AUTONOMOUS-CITED,Civitavecchia,Civitavecchia,RIC,6056.767348877717,Civitavecchia,,,,,,ignore_resolved,
Civitavecchia<-France & French Colonies,1841,Civitavecchia,Civitavecchia,RIC,France & French Colonies,France & French Colonies,RIC,148806.4605518388,Civitavecchia,,,,,,ignore_resolved,
Civitavecchia<-324,1841,Civitavecchia,Civitavecchia,RIC,324,Kingdom of Sardinia,GPH-AUTONOMOUS-CITED,122718.81556549622,Civitavecchia,,,,,,ignore_resolved,
Civitavecchia<-337,1841,Civitavecchia,Civitavecchia,RIC,337,Tuscany,GPH-AUTONOMOUS-CITED,65357.66596730138,Civitavecchia,,,,,,ignore_resolved,
Civitavecchia<-British Colonies & United Kingdom,1841,Civitavecchia,Civitavecchia,RIC,British Colonies & United Kingdom,British Colonies & United Kingdom,RIC,59182.138474328014,Civitavecchia,,,,,,ignore_resolved,
Civitavecchia<-230,1841,Civitavecchia,Civitavecchia,RIC,230,Spain,GPH-AUTONOMOUS-CITED,4077.4316139503585,Civitavecchia,,,,,,ignore_resolved,
Civitavecchia<-329,1841,Civitavecchia,Civitavecchia,RIC,329,Two Sicilies,GPH-AUTONOMOUS-CITED,17814.021614346228,Civitavecchia,,,,,,ignore_resolved,
Cape Town<-200,1841,Cape Town,Cape Town,RIC,200,United Kingdom,GPH-AUTONOMOUS-CITED,451167,Cape Town,,,,,,ignore_resolved,
Cape Town<-248,1841,Cape Town,Cape Town,RIC,248,Hamburg,GPH-AUTONOMOUS-CITED,12519,Cape Town,,,,,,ignore_resolved,
Cape Town<-Naples,1841,Cape Town,Cape Town,RIC,Naples,Naples,RIC,3366,Cape Town,,,,,,ignore_resolved,
Cape Town<-Chennai (Madras) & Kolkata (Calcutta),1841,Cape Town,Cape Town,RIC,Chennai (Madras) & Kolkata (Calcutta),Chennai (Madras) & Kolkata (Calcutta),RIC,23718,Cape Town,,,,,,ignore_resolved,
Cape Town<-780,1841,Cape Town,Cape Town,RIC,780,Sri Lanka (Ceylon),GPH-AUTONOMOUS-CITED,452,Cape Town,,,,,,ignore_resolved,
Cape Town<-Mumbai (Bombay),1841,Cape Town,Cape Town,RIC,Mumbai (Bombay),Mumbai (Bombay),RIC,585,Cape Town,,,,,,ignore_resolved,
Cape Town<-710,1841,Cape Town,Cape Town,RIC,710,People's Republic of China (China),GPH-AUTONOMOUS-CITED,19260,Cape Town,,,,,,ignore_resolved,
Cape Town<-Manila,1841,Cape Town,Cape Town,RIC,Manila,Manila,RIC,4081,Cape Town,,,,,,ignore_resolved,
Cape Town<-Java,1841,Cape Town,Cape Town,RIC,Java,Java,RIC,119824,Cape Town,,,,,,ignore_resolved,
Cape Town<-901,1841,Cape Town,Cape Town,RIC,901,New South Wales,GPH-AUTONOMOUS-CITED,623,Cape Town,,,,,,ignore_resolved,
Cape Town<-903,1841,Cape Town,Cape Town,RIC,903,South Australia,GPH-AUTONOMOUS-CITED,13,Cape Town,,,,,,ignore_resolved,
Cape Town<-830,1841,Cape Town,Cape Town,RIC,830,Singapore,GPH,1175,Cape Town,,,,,,ignore_resolved,
Cape Town<-Padang,1841,Cape Town,Cape Town,RIC,Padang,Padang,RIC,518,Cape Town,,,,,,ignore_resolved,
Cape Town<-Prince of Wales Bay,1841,Cape Town,Cape Town,RIC,Prince of Wales Bay,Prince of Wales Bay,RIC,40,Cape Town,,,,,,ignore_resolved,
Cape Town<-4050,1841,Cape Town,Cape Town,RIC,4050,St. Helena,GPH-AUTONOMOUS-CITED,966,Cape Town,,,,,,ignore_resolved,
Cape Town<-590,1841,Cape Town,Cape Town,RIC,590,Mauritius,GPH-AUTONOMOUS-CITED,19855,Cape Town,,,,,,ignore_resolved,
Cape Town<-401,1841,Cape Town,Cape Town,RIC,401,Madeira Isles,GPH,28,Cape Town,,,,,,ignore_resolved,
Cape Town<-Durban (Port Natal),1841,Cape Town,Cape Town,RIC,Durban (Port Natal),Durban (Port Natal),RIC,1289,Cape Town,,,,,,ignore_resolved,
Cape Town<-9974,1841,Cape Town,Cape Town,RIC,9974,Crozet Is.,GPH-AUTONOMOUS-CITED,2609,Cape Town,,,,,,ignore_resolved,
Cape Town<-Seal Island,1841,Cape Town,Cape Town,RIC,Seal Island,Seal Island,RIC,430,Cape Town,,,,,,ignore_resolved,
Cape Town<-585,1841,Cape Town,Cape Town,RIC,585,Reunion (Bourbon I.),GPH-AUTONOMOUS-CITED,4391,Cape Town,,,,,,ignore_resolved,
Cape Town<-541,1841,Cape Town,Cape Town,RIC,541,Mozambique (Portuguese East Africa),GPH-AUTONOMOUS-CITED,4348,Cape Town,,,,,,ignore_resolved,
Cape Town<-511,1841,Cape Town,Cape Town,RIC,511,Zanzibar,GPH-AUTONOMOUS-CITED,1003,Cape Town,,,,,,ignore_resolved,
Cape Town<-La Guaira,1841,Cape Town,Cape Town,RIC,La Guaira,La Guaira,RIC,71067,Cape Town,,,,,,ignore_resolved,
Cape Town<-Rio de Janeiro,1841,Cape Town,Cape Town,RIC,Rio de Janeiro,Rio de Janeiro,RIC,41833,Cape Town,,,,,,ignore_resolved,
Cape Town<-Punta Arenas,1841,Cape Town,Cape Town,RIC,Punta Arenas,Punta Arenas,RIC,10550,Cape Town,,,,,,ignore_resolved,
Cape Town<-2,1841,Cape Town,Cape Town,RIC,2,United States of America,GPH-AUTONOMOUS-CITED,18852,Cape Town,,,,,,ignore_resolved,
Cape Town<-220,1841,Cape Town,Cape Town,RIC,220,France,GPH-AUTONOMOUS-CITED,6082,Cape Town,,,,,,ignore_resolved,
Cape Town<-210,1841,Cape Town,Cape Town,RIC,210,Netherlands,GPH-AUTONOMOUS-CITED,2632,Cape Town,,,,,,ignore_resolved,
Cape Town<-380,1841,Cape Town,Cape Town,RIC,380,Sweden,GPH-AUTONOMOUS-CITED,1517,Cape Town,,,,,,ignore_resolved,
Cape Town<-140,1841,Cape Town,Cape Town,RIC,140,Brazil,GPH-AUTONOMOUS-CITED,178,Cape Town,,,,,,ignore_resolved,
Port Simon<-200,1841,Port Simon,Port Simon,RIC,200,United Kingdom,GPH-AUTONOMOUS-CITED,2797,Port Simon,,,,,,ignore_resolved,
Port Simon<-Chennai (Madras) & Kolkata (Calcutta),1841,Port Simon,Port Simon,RIC,Chennai (Madras) & Kolkata (Calcutta),Chennai (Madras) & Kolkata (Calcutta),RIC,84,Port Simon,,,,,,ignore_resolved,
Port Simon<-710,1841,Port Simon,Port Simon,RIC,710,People's Republic of China (China),GPH-AUTONOMOUS-CITED,27,Port Simon,,,,,,ignore_resolved,
Port Simon<-Padang,1841,Port Simon,Port Simon,RIC,Padang,Padang,RIC,19,Port Simon,,,,,,ignore_resolved,
Port Simon<-590,1841,Port Simon,Port Simon,RIC,590,Mauritius,GPH-AUTONOMOUS-CITED,19,Port Simon,,,,,,ignore_resolved,
Port Simon<-Rio de Janeiro,1841,Port Simon,Port Simon,RIC,Rio de Janeiro,Rio de Janeiro,RIC,2032,Port Simon,,,,,,ignore_resolved,
Port Simon<-2,1841,Port Simon,Port Simon,RIC,2,United States of America,GPH-AUTONOMOUS-CITED,6,Port Simon,,,,,,ignore_resolved,
Port Simon<-Quelimane,1841,Port Simon,Port Simon,RIC,Quelimane,Quelimane,RIC,1590,Port Simon,,,,,,ignore_resolved,
Port Elizabeth<-200,1841,Port Elizabeth,Port Elizabeth,RIC,200,United Kingdom,GPH-AUTONOMOUS-CITED,68074,Port Elizabeth,,,,,,ignore_resolved,
Port Elizabeth<-Chennai (Madras) & Kolkata (Calcutta),1841,Port Elizabeth,Port Elizabeth,RIC,Chennai (Madras) & Kolkata (Calcutta),Chennai (Madras) & Kolkata (Calcutta),RIC,1617,Port Elizabeth,,,,,,ignore_resolved,
Port Elizabeth<-Manila,1841,Port Elizabeth,Port Elizabeth,RIC,Manila,Manila,RIC,15,Port Elizabeth,,,,,,ignore_resolved,
Port Elizabeth<-8510,1841,Port Elizabeth,Port Elizabeth,RIC,8510,Lombok,GPH-AUTONOMOUS-CITED,555,Port Elizabeth,,,,,,ignore_resolved,
Port Elizabeth<-4050,1841,Port Elizabeth,Port Elizabeth,RIC,4050,St. Helena,GPH-AUTONOMOUS-CITED,35,Port Elizabeth,,,,,,ignore_resolved,
Port Elizabeth<-590,1841,Port Elizabeth,Port Elizabeth,RIC,590,Mauritius,GPH-AUTONOMOUS-CITED,6138,Port Elizabeth,,,,,,ignore_resolved,
Port Elizabeth<-401,1841,Port Elizabeth,Port Elizabeth,RIC,401,Madeira Isles,GPH,10,Port Elizabeth,,,,,,ignore_resolved,
Port Elizabeth<-Durban (Port Natal),1841,Port Elizabeth,Port Elizabeth,RIC,Durban (Port Natal),Durban (Port Natal),RIC,18,Port Elizabeth,,,,,,ignore_resolved,
Port Elizabeth<-541,1841,Port Elizabeth,Port Elizabeth,RIC,541,Mozambique (Portuguese East Africa),GPH-AUTONOMOUS-CITED,95,Port Elizabeth,,,,,,ignore_resolved,
Port Elizabeth<-511,1841,Port Elizabeth,Port Elizabeth,RIC,511,Zanzibar,GPH-AUTONOMOUS-CITED,2338,Port Elizabeth,,,,,,ignore_resolved,
Port Elizabeth<-Tenerife,1841,Port Elizabeth,Port Elizabeth,RIC,Tenerife,Tenerife,RIC,33,Port Elizabeth,,,,,,ignore_resolved,
Port Elizabeth<-Rio de Janeiro,1841,Port Elizabeth,Port Elizabeth,RIC,Rio de Janeiro,Rio de Janeiro,RIC,318,Port Elizabeth,,,,,,ignore_resolved,
Cape Town->200,1841,200,United Kingdom,GPH-AUTONOMOUS-CITED,Cape Town,Cape Town,RIC,90477,Cape Town,,,,,,ignore_resolved,
Cape Town->205,1841,205,Ireland,GPH,Cape Town,Cape Town,RIC,7,Cape Town,,,,,,ignore_resolved,
Cape Town->Chennai (Madras) & Kolkata (Calcutta),1841,Chennai (Madras) & Kolkata (Calcutta),Chennai (Madras) & Kolkata (Calcutta),RIC,Cape Town,Cape Town,RIC,8797,Cape Town,,,,,,ignore_resolved,
Cape Town->Mumbai (Bombay),1841,Mumbai (Bombay),Mumbai (Bombay),RIC,Cape Town,Cape Town,RIC,116,Cape Town,,,,,,ignore_resolved,
Cape Town->780,1841,780,Sri Lanka (Ceylon),GPH-AUTONOMOUS-CITED,Cape Town,Cape Town,RIC,687,Cape Town,,,,,,ignore_resolved,
Cape Town->901,1841,901,New South Wales,GPH-AUTONOMOUS-CITED,Cape Town,Cape Town,RIC,21413,Cape Town,,,,,,ignore_resolved,
Cape Town->906,1841,906,Tasmania,GPH-AUTONOMOUS-CITED,Cape Town,Cape Town,RIC,13751,Cape Town,,,,,,ignore_resolved,
Cape Town->900,1841,900,Australia,GPH,Cape Town,Cape Town,RIC,1765,Cape Town,,,,,,ignore_resolved,
Cape Town->830,1841,830,Singapore,GPH,Cape Town,Cape Town,RIC,195,Cape Town,,,,,,ignore_resolved,
Cape Town->590,1841,590,Mauritius,GPH-AUTONOMOUS-CITED,Cape Town,Cape Town,RIC,22500,Cape Town,,,,,,ignore_resolved,
Cape Town->4050,1841,4050,St. Helena,GPH-AUTONOMOUS-CITED,Cape Town,Cape Town,RIC,13506,Cape Town,,,,,,ignore_resolved,
Cape Town->Durban (Port Natal),1841,Durban (Port Natal),Durban (Port Natal),RIC,Cape Town,Cape Town,RIC,739,Cape Town,,,,,,ignore_resolved,
Cape Town->9974,1841,9974,Crozet Is.,GPH-AUTONOMOUS-CITED,Cape Town,Cape Town,RIC,58,Cape Town,,,,,,ignore_resolved,
Cape Town->Quelimane,1841,Quelimane,Quelimane,RIC,Cape Town,Cape Town,RIC,177,Cape Town,,,,,,ignore_resolved,
Cape Town->Rio de Janeiro,1841,Rio de Janeiro,Rio de Janeiro,RIC,Cape Town,Cape Town,RIC,669,Cape Town,,,,,,ignore_resolved,
Cape Town->248,1841,248,Hamburg,GPH-AUTONOMOUS-CITED,Cape Town,Cape Town,RIC,40,Cape Town,,,,,,ignore_resolved,
Cape Town->Java,1841,Java,Java,RIC,Cape Town,Cape Town,RIC,246,Cape Town,,,,,,ignore_resolved,
Cape Town->585,1841,585,Reunion (Bourbon I.),GPH-AUTONOMOUS-CITED,Cape Town,Cape Town,RIC,45,Cape Town,,,,,,ignore_resolved,
Cape Town->2,1841,2,United States of America,GPH-AUTONOMOUS-CITED,Cape Town,Cape Town,RIC,3262,Cape Town,,,,,,ignore_resolved,
Port Simon->200,1841,200,United Kingdom,GPH-AUTONOMOUS-CITED,Port Simon,Port Simon,RIC,35,Port Simon,,,,,,ignore_resolved,
Port Simon->Rio de Janeiro,1841,Rio de Janeiro,Rio de Janeiro,RIC,Port Simon,Port Simon,RIC,30,Port Simon,,,,,,ignore_resolved,
Port Elizabeth->200,1841,200,United Kingdom,GPH-AUTONOMOUS-CITED,Port Elizabeth,Port Elizabeth,RIC,44596,Port Elizabeth,,,,,,ignore_resolved,
Port Elizabeth->590,1841,590,Mauritius,GPH-AUTONOMOUS-CITED,Port Elizabeth,Port Elizabeth,RIC,12249,Port Elizabeth,,,,,,ignore_resolved,
Port Elizabeth->4050,1841,4050,St. Helena,GPH-AUTONOMOUS-CITED,Port Elizabeth,Port Elizabeth,RIC,658,Port Elizabeth,,,,,,ignore_resolved,
Port Elizabeth->Durban (Port Natal),1841,Durban (Port Natal),Durban (Port Natal),RIC,Port Elizabeth,Port Elizabeth,RIC,331,Port Elizabeth,,,,,,ignore_resolved,
Port Elizabeth->Quelimane,1841,Quelimane,Quelimane,RIC,Port Elizabeth,Port Elizabeth,RIC,309,Port Elizabeth,,,,,,ignore_resolved,
30<-200,1841,30,Bermuda,GPH-AUTONOMOUS-CITED,200,United Kingdom,GPH-AUTONOMOUS-CITED,39174,30,,,,,,ok,
30<-British West Indies,1841,30,Bermuda,GPH-AUTONOMOUS-CITED,British West Indies,British West Indies,RIC,2902,30,,2902,,31|51|54|1048|1055|1063,,split_failed_no_ratio,
30<-British Northern America,1841,30,Bermuda,GPH-AUTONOMOUS-CITED,British Northern America,British Northern America,RIC,16668,30,,16668,,20|21|1022|1023|1024|1025|1026,,split_failed_no_ratio,
30<-2,1841,30,Bermuda,GPH-AUTONOMOUS-CITED,2,United States of America,GPH-AUTONOMOUS-CITED,46220,30,,,,,,ok,
30->200,1841,200,United Kingdom,GPH-AUTONOMOUS-CITED,30,Bermuda,GPH-AUTONOMOUS-CITED,8344,30,,,,,,ok,
30->British West Indies,1841,British West Indies,British West Indies,RIC,30,Bermuda,GPH-AUTONOMOUS-CITED,8064,30,,8064,,31|51|54|1048|1055|1063,,split_failed_no_ratio,
30->British Northern America,1841,British Northern America,British Northern America,RIC,30,Bermuda,GPH-AUTONOMOUS-CITED,2145,30,,2145,,20|21|1022|1023|1024|1025|1026,,split_failed_no_ratio,
30->2,1841,2,United States of America,GPH-AUTONOMOUS-CITED,30,Bermuda,GPH-AUTONOMOUS-CITED,2408,30,,,,,,ok,
54<-200,1841,54,Dominica,GPH-AUTONOMOUS-CITED,200,United Kingdom,GPH-AUTONOMOUS-CITED,31550,54,,,,,,ok,
54<-British West Indies,1841,54,Dominica,GPH-AUTONOMOUS-CITED,British West Indies,British West Indies,RIC,15920,54,,15920,,30|31|51|1048|1055|1063,,split_failed_no_ratio,
54<-British Northern America,1841,54,Dominica,GPH-AUTONOMOUS-CITED,British Northern America,British Northern America,RIC,8601,54,,8601,,20|21|1022|1023|1024|1025|1026,,split_failed_no_ratio,
54->200,1841,200,United Kingdom,GPH-AUTONOMOUS-CITED,54,Dominica,GPH-AUTONOMOUS-CITED,46271,54,,,,,,ok,
54->British West Indies,1841,British West Indies,British West Indies,RIC,54,Dominica,GPH-AUTONOMOUS-CITED,4880,54,,4880,,30|31|51|1048|1055|1063,,split_failed_no_ratio,
54->British Northern America,1841,British Northern America,British Northern America,RIC,54,Dominica,GPH-AUTONOMOUS-CITED,159,54,,159,,20|21|1022|1023|1024|1025|1026,,split_failed_no_ratio,
58<-British West Indies,1841,58,Antigua and Barbuda (Antigua),GPH,British West Indies,British West Indies,RIC,14557,58,,,,,,ignore_resolved,
58<-British Northern America,1841,58,Antigua and Barbuda (Antigua),GPH,British Northern America,British Northern America,RIC,25251,58,,,,,,ignore_resolved,
58<-2,1841,58,Antigua and Barbuda (Antigua),GPH,2,United States of America,GPH-AUTONOMOUS-CITED,35509,58,,,,,,ignore_resolved,
58->200,1841,200,United Kingdom,GPH-AUTONOMOUS-CITED,58,Antigua and Barbuda (Antigua),GPH,288380,58,,,,,,ignore_resolved,
Livorno->200,1841,200,United Kingdom,GPH-AUTONOMOUS-CITED,Livorno,Livorno,RIC,440402.20102133724,Livorno,,,,,,ignore_resolved,
Livorno->220,1841,220,France,GPH-AUTONOMOUS-CITED,Livorno,Livorno,RIC,308380.50750168244,Livorno,,,,,,ignore_resolved,
Livorno->365,1841,365,Russia (USSR),GPH-AUTONOMOUS-CITED,Livorno,Livorno,RIC,67297.41498753018,Livorno,,,,,,ignore_resolved,
Livorno->300,1841,300,Austria-Hungary (Austrian Empire),GPH-AUTONOMOUS-CITED,Livorno,Livorno,RIC,106884.12968607736,Livorno,,,,,,ignore_resolved,
Livorno->210,1841,210,Netherlands,GPH-AUTONOMOUS-CITED,Livorno,Livorno,RIC,21376.82593721547,Livorno,,,,,,ignore_resolved,
Livorno->324,1841,324,Kingdom of Sardinia,GPH-AUTONOMOUS-CITED,Livorno,Livorno,RIC,126677.48703535095,Livorno,,,,,,ignore_resolved,
Livorno->327,1841,327,Papal States,GPH-AUTONOMOUS-CITED,Livorno,Livorno,RIC,124698.15130042357,Livorno,,,,,,ignore_resolved,
Livorno->Barbary Coast & Turkey (Ottoman Empire),1841,Barbary Coast & Turkey (Ottoman Empire),Barbary Coast & Turkey (Ottoman Empire),RIC,Livorno,Livorno,RIC,102925.45821622264,Livorno,,,,,,ignore_resolved,
Livorno->651,1841,651,Egypt Arab Republic (Egypt),GPH-AUTONOMOUS-CITED,Livorno,Livorno,RIC,93028.77954158584,Livorno,,,,,,ignore_resolved,
Livorno->255,1841,255,Germany (Zollverein),GPH,Livorno,Livorno,RIC,23752.0288191283,Livorno,,,,,,ignore_resolved,
Livorno->329,1841,329,Two Sicilies,GPH-AUTONOMOUS-CITED,Livorno,Livorno,RIC,75214.75792723963,Livorno,,,,,,ignore_resolved,
Livorno->225,1841,225,Switzerland,GPH-AUTONOMOUS-CITED,Livorno,Livorno,RIC,23752.0288191283,Livorno,,,,,,ignore_resolved,
Livorno->2,1841,2,United States of America,GPH-AUTONOMOUS-CITED,Livorno,Livorno,RIC,102925.45821622264,Livorno,,,,,,ignore_resolved,
Livorno->350,1841,350,Greece,GPH-AUTONOMOUS-CITED,Livorno,Livorno,RIC,22168.560231186413,Livorno,,,,,,ignore_resolved,
Livorno->615,1841,615,Algeria (Regency of Algiers),GPH-AUTONOMOUS-CITED,Livorno,Livorno,RIC,33648.70749376509,Livorno,,,,,,ignore_resolved,
Livorno->Ionian Is. & Malta,1841,Ionian Is. & Malta,Ionian Is. & Malta,RIC,Livorno,Livorno,RIC,18605.75590831717,Livorno,,,,,,ignore_resolved,
Livorno->West Indies,1841,West Indies,West Indies,RIC,Livorno,Livorno,RIC,2771.0700288983016,Livorno,,,,,,ignore_resolved,
Livorno<-200,1841,Livorno,Livorno,RIC,200,United Kingdom,GPH-AUTONOMOUS-CITED,657337.3975693757,Livorno,,,,,,ignore_resolved,
Livorno<-220,1841,Livorno,Livorno,RIC,220,France,GPH-AUTONOMOUS-CITED,287003.68156446697,Livorno,,,,,,ignore_resolved,
Livorno<-365,1841,Livorno,Livorno,RIC,365,Russia (USSR),GPH-AUTONOMOUS-CITED,435453.86168401886,Livorno,,,,,,ignore_resolved,
Livorno<-300,1841,Livorno,Livorno,RIC,300,Austria-Hungary (Austrian Empire),GPH-AUTONOMOUS-CITED,167847.67032184,Livorno,,,,,,ignore_resolved,
Livorno<-210,1841,Livorno,Livorno,RIC,210,Netherlands,GPH-AUTONOMOUS-CITED,81152.7651320217,Livorno,,,,,,ignore_resolved,
Livorno<-324,1841,Livorno,Livorno,RIC,324,Kingdom of Sardinia,GPH-AUTONOMOUS-CITED,140136.97003285697,Livorno,,,,,,ignore_resolved,
Livorno<-327,1841,Livorno,Livorno,RIC,327,Papal States,GPH-AUTONOMOUS-CITED,106884.12968607736,Livorno,,,,,,ignore_resolved,
Livorno<-Barbary Coast & Turkey (Ottoman Empire),1841,Livorno,Livorno,RIC,Barbary Coast & Turkey (Ottoman Empire),Barbary Coast & Turkey (Ottoman Empire),RIC,144491.50864969718,Livorno,,,,,,ignore_resolved,
Livorno<-651,1841,Livorno,Livorno,RIC,651,Egypt Arab Republic (Egypt),GPH-AUTONOMOUS-CITED,106884.12968607736,Livorno,,,,,,ignore_resolved,
Livorno<-255,1841,Livorno,Livorno,RIC,255,Germany (Zollverein),GPH,134594.82997506036,Livorno,,,,,,ignore_resolved,
Livorno<-329,1841,Livorno,Livorno,RIC,329,Two Sicilies,GPH-AUTONOMOUS-CITED,70860.21931039944,Livorno,,,,,,ignore_resolved,
Livorno<-225,1841,Livorno,Livorno,RIC,225,Switzerland,GPH-AUTONOMOUS-CITED,96987.45101144056,Livorno,,,,,,ignore_resolved,
Livorno<-21,1841,Livorno,Livorno,RIC,21,Newfoundland and Labrador (Newfoundland),GPH-AUTONOMOUS-CITED,36815.644669648864,Livorno,,,,,,ignore_resolved,
Livorno<-2,1841,Livorno,Livorno,RIC,2,United States of America,GPH-AUTONOMOUS-CITED,45920.58905031472,Livorno,,,,,,ignore_resolved,
Livorno<-350,1841,Livorno,Livorno,RIC,350,Greece,GPH-AUTONOMOUS-CITED,19793.357349273585,Livorno,,,,,,ignore_resolved,
Livorno<-615,1841,Livorno,Livorno,RIC,615,Algeria (Regency of Algiers),GPH-AUTONOMOUS-CITED,17814.021614346228,Livorno,,,,,,ignore_resolved,
Livorno<-Ionian Is. & Malta,1841,Livorno,Livorno,RIC,Ionian Is. & Malta,Ionian Is. & Malta,RIC,26523.098848026602,Livorno,,,,,,ignore_resolved,
Livorno<-West Indies,1841,Livorno,Livorno,RIC,West Indies,West Indies,RIC,22564.427378171888,Livorno,,,,,,ignore_resolved,
Livorno<-Norway & Sweden,1841,Livorno,Livorno,RIC,Norway & Sweden,Norway & Sweden,RIC,16626.42017338981,Livorno,,,,,,ignore_resolved,
Alexandria->Ionian Is. & Malta & United Kingdom,1841,Ionian Is. & Malta & United Kingdom,Ionian Is. & Malta & United Kingdom,RIC,Alexandria,Alexandria,RIC,407347.29424805037,Alexandria,,,,,,ignore_resolved,
Alexandria->640,1841,640,Turkey (Ottoman Empire),GPH-AUTONOMOUS-CITED,Alexandria,Alexandria,RIC,326827.91655120545,Alexandria,,,,,,ignore_resolved,
Alexandria->300,1841,300,Austria-Hungary (Austrian Empire),GPH-AUTONOMOUS-CITED,Alexandria,Alexandria,RIC,216380.98254225883,Alexandria,,,,,,ignore_resolved,
Alexandria->220,1841,220,France,GPH-AUTONOMOUS-CITED,Alexandria,Alexandria,RIC,245556.3912750881,Alexandria,,,,,,ignore_resolved,
Alexandria->337,1841,337,Tuscany,GPH-AUTONOMOUS-CITED,Alexandria,Alexandria,RIC,85230.19674597205,Alexandria,,,,,,ignore_resolved,
Alexandria->652,1841,652,Syria,GPH,Alexandria,Alexandria,RIC,140889.11761212937,Alexandria,,,,,,ignore_resolved,
Alexandria->350,1841,350,Greece,GPH-AUTONOMOUS-CITED,Alexandria,Alexandria,RIC,43664.14631249753,Alexandria,,,,,,ignore_resolved,
Alexandria->Barbary Coast,1841,Barbary Coast,Barbary Coast,RIC,Alexandria,Alexandria,RIC,58984.204900835284,Alexandria,,,,,,ignore_resolved,
Alexandria<-Ionian Is. & Malta & United Kingdom,1841,Alexandria,Alexandria,RIC,Ionian Is. & Malta & United Kingdom,Ionian Is. & Malta & United Kingdom,RIC,474328.0155179922,Alexandria,,,,,,ignore_resolved,
Alexandria<-640,1841,Alexandria,Alexandria,RIC,640,Turkey (Ottoman Empire),GPH-AUTONOMOUS-CITED,288191.2830054234,Alexandria,,,,,,ignore_resolved,
Alexandria<-300,1841,Alexandria,Alexandria,RIC,300,Austria-Hungary (Austrian Empire),GPH-AUTONOMOUS-CITED,224258.7387672697,Alexandria,,,,,,ignore_resolved,
Alexandria<-220,1841,Alexandria,Alexandria,RIC,220,France,GPH-AUTONOMOUS-CITED,282332.4492300384,Alexandria,,,,,,ignore_resolved,
Alexandria<-337,1841,Alexandria,Alexandria,RIC,337,Tuscany,GPH-AUTONOMOUS-CITED,194766.63631685206,Alexandria,,,,,,ignore_resolved,
Alexandria<-652,1841,Alexandria,Alexandria,RIC,652,Syria,GPH,102490.00435453861,Alexandria,,,,,,ignore_resolved,
Alexandria<-350,1841,Alexandria,Alexandria,RIC,350,Greece,GPH-AUTONOMOUS-CITED,52254.46340208226,Alexandria,,,,,,ignore_resolved,
Alexandria<-Barbary Coast,1841,Alexandria,Alexandria,RIC,Barbary Coast,Barbary Coast,RIC,69870.55144293576,Alexandria,,,,,,ignore_resolved,
Trabzon->640,1841,640,Turkey (Ottoman Empire),GPH-AUTONOMOUS-CITED,Trabzon,Trabzon,RIC,436522.70298087964,Trabzon,,,,,,ignore_internal,
Trabzon->630,1841,630,Iran (Persia),GPH-AUTONOMOUS-CITED,Trabzon,Trabzon,RIC,1501365.7416571,Trabzon,,,,,,ignore_resolved,
Trabzon->365,1841,365,Russia (USSR),GPH-AUTONOMOUS-CITED,Trabzon,Trabzon,RIC,22920.70781045881,Trabzon,,,,,,ignore_resolved,
Trabzon->326,1841,326,Trieste,GPH,Trabzon,Trabzon,RIC,7283.955504532679,Trabzon,,,,,,ignore_resolved,
Trabzon<-640,1841,Trabzon,Trabzon,RIC,640,Turkey (Ottoman Empire),GPH-AUTONOMOUS-CITED,1633862.4757531374,Trabzon,,,,,,ignore_internal,
Trabzon<-630,1841,Trabzon,Trabzon,RIC,630,Iran (Persia),GPH-AUTONOMOUS-CITED,349788.21107636276,Trabzon,,,,,,ignore_resolved,
Trabzon<-365,1841,Trabzon,Trabzon,RIC,365,Russia (USSR),GPH-AUTONOMOUS-CITED,50868.92838763311,Trabzon,,,,,,ignore_resolved,
Trabzon<-200,1841,Trabzon,Trabzon,RIC,200,United Kingdom,GPH-AUTONOMOUS-CITED,73868.80962748901,Trabzon,,,,,,ignore_resolved,
Trabzon<-Hanse Towns,1841,Trabzon,Trabzon,RIC,Hanse Towns,Hanse Towns,RIC,12073.947983056887,Trabzon,,,,,,ignore_resolved,
Izmir (Smyrna)->200,1841,200,United Kingdom,GPH-AUTONOMOUS-CITED,Izmir (Smyrna),Izmir (Smyrna),RIC,395273.3462649935,Izmir (Smyrna),,,,,,ignore_resolved,
Izmir (Smyrna)->300,1841,300,Austria-Hungary (Austrian Empire),GPH-AUTONOMOUS-CITED,Izmir (Smyrna),Izmir (Smyrna),RIC,222675.2701793278,Izmir (Smyrna),,,,,,ignore_resolved,
Izmir (Smyrna)->220,1841,220,France,GPH-AUTONOMOUS-CITED,Izmir (Smyrna),Izmir (Smyrna),RIC,263964.21360991255,Izmir (Smyrna),,,,,,ignore_resolved,
Izmir (Smyrna)->2,1841,2,United States of America,GPH-AUTONOMOUS-CITED,Izmir (Smyrna),Izmir (Smyrna),RIC,127033.76746763787,Izmir (Smyrna),,,,,,ignore_resolved,
Izmir (Smyrna)->210,1841,210,Netherlands,GPH-AUTONOMOUS-CITED,Izmir (Smyrna),Izmir (Smyrna),RIC,72245.75432484859,Izmir (Smyrna),,,,,,ignore_resolved,
Izmir (Smyrna)->Russia (Black Sea),1841,Russia (Black Sea),Russia (Black Sea),RIC,Izmir (Smyrna),Izmir (Smyrna),RIC,51304.38224931713,Izmir (Smyrna),,,,,,ignore_resolved,
Izmir (Smyrna)->Kingdom of Sardinia & Tuscany,1841,Kingdom of Sardinia & Tuscany,Kingdom of Sardinia & Tuscany,RIC,Izmir (Smyrna),Izmir (Smyrna),RIC,72918.72847472389,Izmir (Smyrna),,,,,,ignore_resolved,
Izmir (Smyrna)->350,1841,350,Greece,GPH-AUTONOMOUS-CITED,Izmir (Smyrna),Izmir (Smyrna),RIC,4948.339337318396,Izmir (Smyrna),,,,,,ignore_resolved,
Izmir (Smyrna)->Ionian Is. & Malta,1841,Ionian Is. & Malta,Ionian Is. & Malta,RIC,Izmir (Smyrna),Izmir (Smyrna),RIC,10094.612248129528,Izmir (Smyrna),,,,,,ignore_resolved,
Izmir (Smyrna)->Egypt Arab Republic (Egypt) & Syria,1841,Egypt Arab Republic (Egypt) & Syria,Egypt Arab Republic (Egypt) & Syria,RIC,Izmir (Smyrna),Izmir (Smyrna),RIC,9579.984957048415,Izmir (Smyrna),,,,,,ignore_resolved,
Izmir (Smyrna)<-200,1841,Izmir (Smyrna),Izmir (Smyrna),RIC,200,United Kingdom,GPH-AUTONOMOUS-CITED,184949.13107161238,Izmir (Smyrna),,,,,,ignore_resolved,
Izmir (Smyrna)<-300,1841,Izmir (Smyrna),Izmir (Smyrna),RIC,300,Austria-Hungary (Austrian Empire),GPH-AUTONOMOUS-CITED,255453.0699497249,Izmir (Smyrna),,,,,,ignore_resolved,
Izmir (Smyrna)<-220,1841,Izmir (Smyrna),Izmir (Smyrna),RIC,220,France,GPH-AUTONOMOUS-CITED,71810.30046316456,Izmir (Smyrna),,,,,,ignore_resolved,
Izmir (Smyrna)<-2,1841,Izmir (Smyrna),Izmir (Smyrna),RIC,2,United States of America,GPH-AUTONOMOUS-CITED,81944.49942599265,Izmir (Smyrna),,,,,,ignore_resolved,
Izmir (Smyrna)<-210,1841,Izmir (Smyrna),Izmir (Smyrna),RIC,210,Netherlands,GPH-AUTONOMOUS-CITED,17695.261470250585,Izmir (Smyrna),,,,,,ignore_resolved,
Izmir (Smyrna)<-Russia (Black Sea),1841,Izmir (Smyrna),Izmir (Smyrna),RIC,Russia (Black Sea),Russia (Black Sea),RIC,40774.316139503586,Izmir (Smyrna),,,,,,ignore_resolved,
Izmir (Smyrna)<-Kingdom of Sardinia & Tuscany,1841,Izmir (Smyrna),Izmir (Smyrna),RIC,Kingdom of Sardinia & Tuscany,Kingdom of Sardinia & Tuscany,RIC,11757.25426546851,Izmir (Smyrna),,,,,,ignore_resolved,
Izmir (Smyrna)<-350,1841,Izmir (Smyrna),Izmir (Smyrna),RIC,350,Greece,GPH-AUTONOMOUS-CITED,32381.932623411583,Izmir (Smyrna),,,,,,ignore_resolved,
Izmir (Smyrna)<-Ionian Is. & Malta,1841,Izmir (Smyrna),Izmir (Smyrna),RIC,Ionian Is. & Malta,Ionian Is. & Malta,RIC,7125.60864573849,Izmir (Smyrna),,,,,,ignore_resolved,
Izmir (Smyrna)<-Egypt Arab Republic (Egypt) & Syria,1841,Izmir (Smyrna),Izmir (Smyrna),RIC,Egypt Arab Republic (Egypt) & Syria,Egypt Arab Republic (Egypt) & Syria,RIC,8709.077233680377,Izmir (Smyrna),,,,,,ignore_resolved,
Beirut->200,1841,200,United Kingdom,GPH-AUTONOMOUS-CITED,Beirut,Beirut,RIC,78777.56225010887,Beirut,,,,,,ignore_resolved,
Beirut->220,1841,220,France,GPH-AUTONOMOUS-CITED,Beirut,Beirut,RIC,108348.8381299236,Beirut,,,,,,ignore_resolved,
Beirut->324,1841,324,Kingdom of Sardinia,GPH-AUTONOMOUS-CITED,Beirut,Beirut,RIC,54946.36000158347,Beirut,,,,,,ignore_resolved,
Beirut->337,1841,337,Tuscany,GPH-AUTONOMOUS-CITED,Beirut,Beirut,RIC,16943.113890978188,Beirut,,,,,,ignore_resolved,
Beirut->300,1841,300,Austria-Hungary (Austrian Empire),GPH-AUTONOMOUS-CITED,Beirut,Beirut,RIC,1583.4685879418867,Beirut,,,,,,ignore_resolved,
Beirut->350,1841,350,Greece,GPH-AUTONOMOUS-CITED,Beirut,Beirut,RIC,514.6272910811132,Beirut,,,,,,ignore_resolved,
Beirut->640,1841,640,Turkey (Ottoman Empire),GPH-AUTONOMOUS-CITED,Beirut,Beirut,RIC,96591.5838644551,Beirut,,,,,,ignore_internal,
Beirut->651,1841,651,Egypt Arab Republic (Egypt),GPH-AUTONOMOUS-CITED,Beirut,Beirut,RIC,250702.66418589922,Beirut,,,,,,ignore_resolved,
Beirut<-200,1841,Beirut,Beirut,RIC,200,United Kingdom,GPH-AUTONOMOUS-CITED,500138.5535014449,Beirut,,,,,,ignore_resolved,
Beirut<-220,1841,Beirut,Beirut,RIC,220,France,GPH-AUTONOMOUS-CITED,121847.90784212819,Beirut,,,,,,ignore_resolved,
Beirut<-324,1841,Beirut,Beirut,RIC,324,Kingdom of Sardinia,GPH-AUTONOMOUS-CITED,37211.51181663434,Beirut,,,,,,ignore_resolved,
Beirut<-337,1841,Beirut,Beirut,RIC,337,Tuscany,GPH-AUTONOMOUS-CITED,23633.26867503266,Beirut,,,,,,ignore_resolved,
Beirut<-300,1841,Beirut,Beirut,RIC,300,Austria-Hungary (Austrian Empire),GPH-AUTONOMOUS-CITED,21139.305649024187,Beirut,,,,,,ignore_resolved,
Beirut<-350,1841,Beirut,Beirut,RIC,350,Greece,GPH-AUTONOMOUS-CITED,950.0811527651321,Beirut,,,,,,ignore_resolved,
Beirut<-640,1841,Beirut,Beirut,RIC,640,Turkey (Ottoman Empire),GPH-AUTONOMOUS-CITED,46791.49677368275,Beirut,,,,,,ignore_internal,
Beirut<-651,1841,Beirut,Beirut,RIC,651,Egypt Arab Republic (Egypt),GPH-AUTONOMOUS-CITED,35944.73694628083,Beirut,,,,,,ignore_resolved,
Tarsus->220,1841,220,France,GPH-AUTONOMOUS-CITED,Tarsus,Tarsus,RIC,7046.435216341396,Tarsus,,,,,,ignore_resolved,
Tarsus->325,1841,325,Italy,GPH,Tarsus,Tarsus,RIC,1227.1881556549622,Tarsus,,,,,,ignore_resolved,
Tarsus->Syria (other),1841,Syria (other),Syria (other),RIC,Tarsus,Tarsus,RIC,7244.368789834132,Tarsus,,,,,,ignore_resolved,
Tarsus->6402,1841,6402,Western Anatolia,GPH,Tarsus,Tarsus,RIC,11876.01440956415,Tarsus,,,,,,ignore_resolved,
Tarsus->651,1841,651,Egypt Arab Republic (Egypt),GPH-AUTONOMOUS-CITED,Tarsus,Tarsus,RIC,1345.9482997506038,Tarsus,,,,,,ignore_resolved,
Tarsus->352,1841,352,Cyprus,GPH,Tarsus,Tarsus,RIC,1900.1623055302641,Tarsus,,,,,,ignore_resolved,
Tarsus<-Syria (other),1841,Tarsus,Tarsus,RIC,Syria (other),Syria (other),RIC,26760.619136217887,Tarsus,,,,,,ignore_resolved,
Tarsus<-6525,1841,Tarsus,Tarsus,RIC,6525,Aleppo,GPH,1068.8412968607736,Tarsus,,,,,,ignore_resolved,
Tarsus<-6402,1841,Tarsus,Tarsus,RIC,6402,Western Anatolia,GPH,791.7342939709433,Tarsus,,,,,,ignore_resolved,
Tarsus<-651,1841,Tarsus,Tarsus,RIC,651,Egypt Arab Republic (Egypt),GPH-AUTONOMOUS-CITED,1741.8154467360755,Tarsus,,,,,,ignore_resolved,
Tarsus<-352,1841,Tarsus,Tarsus,RIC,352,Cyprus,GPH,2889.8301729939435,Tarsus,,,,,,ignore_resolved,
2<-365,1841,2,United States of America,GPH-AUTONOMOUS-CITED,365,Russia (USSR),GPH-AUTONOMOUS-CITED,584678.3431559724,2,,,,,,ok,
2<-239,1841,2,United States of America,GPH-AUTONOMOUS-CITED,239,Prussia,GPH-AUTONOMOUS-CITED,7495.434548020254,2,,,,,,ok,
2<-380,1841,2,United States of America,GPH-AUTONOMOUS-CITED,380,Sweden,GPH-AUTONOMOUS-CITED,251075.16394123016,2,,,,,,ok,
2<-Swedish West Indies,1841,2,United States of America,GPH-AUTONOMOUS-CITED,Swedish West Indies,Swedish West Indies,RIC,4102.473644890843,2,,,,,,ignore_resolved,
2<-390,1841,2,United States of America,GPH-AUTONOMOUS-CITED,390,Denmark,GPH-AUTONOMOUS-CITED,1824.3131069975925,2,,,,,,ok,
2<-5,1841,2,United States of America,GPH-AUTONOMOUS-CITED,5,Virgin Islands (Danish West Indies),GPH-AUTONOMOUS-CITED,223194.57126255496,2,,,,,,ok,
2<-210,1841,2,United States of America,GPH-AUTONOMOUS-CITED,210,Netherlands,GPH-AUTONOMOUS-CITED,339923.2173985224,2,,,,,,ok,
2<-850,1841,2,United States of America,GPH-AUTONOMOUS-CITED,850,Indonesia (Dutch East Indies),GPH-AUTONOMOUS-CITED,55288.66107744666,2,,,,,,ok,
2<-68,1841,2,United States of America,GPH-AUTONOMOUS-CITED,68,Netherlands Antilles,GPH-AUTONOMOUS-CITED,103801.1538142276,2,,,,,,ok,
2<-115,1841,2,United States of America,GPH-AUTONOMOUS-CITED,115,Surinam (Dutch Guiana),GPH,7427.782850502199,2,,,,,,ignore_resolved,
2<-211,1841,2,United States of America,GPH-AUTONOMOUS-CITED,211,Belgium,GPH-AUTONOMOUS-CITED,77785.54826927865,2,,,,,,ok,
2<-Germany (Zollverein) (other) & Hanse Towns,1841,2,United States of America,GPH-AUTONOMOUS-CITED,Germany (Zollverein) (other) & Hanse Towns,Germany (Zollverein) (other) & Hanse Towns,RIC,508417.8633684734,2,,508417.8633684734,,241|242|243|244|245|247|252|254|258|259|261|262|264|266|267|268|269|270|271|272|273|275|277,,split_failed_no_ratio,
2<-200,1841,2,United States of America,GPH-AUTONOMOUS-CITED,200,United Kingdom,GPH-AUTONOMOUS-CITED,9489915.954179462,2,,,,,,ok,
2<-Scotland,1841,2,United States of America,GPH-AUTONOMOUS-CITED,Scotland,Scotland,RIC,176576.5335768241,2,,,,,,ignore_resolved,
2<-205,1841,2,United States of America,GPH-AUTONOMOUS-CITED,205,Ireland,GPH,17000.290528762347,2,,,,,,ignore_resolved,
2<-231,1841,2,United States of America,GPH-AUTONOMOUS-CITED,231,Gibraltar,GPH-AUTONOMOUS-CITED,4374.3255582302645,2,,,,,,ok,
2<-338,1841,2,United States of America,GPH-AUTONOMOUS-CITED,338,Malta,GPH-AUTONOMOUS-CITED,303.18751556404084,2,,,,,,ok,
2<-561,1841,2,United States of America,GPH-AUTONOMOUS-CITED,561,Cape Colony (Cape of Good Hope),GPH-AUTONOMOUS-CITED,3560.0149414792063,2,,,,,,ok,
2<-British East Indies,1841,2,United States of America,GPH-AUTONOMOUS-CITED,British East Indies,British East Indies,RIC,256628.41371295755,2,,256628.41371295755,,720|750|780|7501,,split_failed_no_ratio,
2<-British West Indies,1841,2,United States of America,GPH-AUTONOMOUS-CITED,British West Indies,British West Indies,RIC,177455.3830829252,2,,177455.3830829252,,30|31|51|54|1048|1055|1063,,split_failed_no_ratio,
2<-80,1841,2,United States of America,GPH-AUTONOMOUS-CITED,80,Belize (British Honduras),GPH-AUTONOMOUS-CITED,48195.40134473312,2,,,,,,ok,
2<-110,1841,2,United States of America,GPH-AUTONOMOUS-CITED,110,Guyana (British Guiana),GPH-AUTONOMOUS-CITED,3782.6844857640904,2,,,,,,ok,
2<-British America,1841,2,United States of America,GPH-AUTONOMOUS-CITED,British America,British America,RIC,408439.23798456043,2,,408439.23798456043,,20|21|1022|1023|1024|1025|1026,,split_failed_no_ratio,
2<-900,1841,2,United States of America,GPH-AUTONOMOUS-CITED,900,Australia,GPH,17993.2763343571,2,,17993.2763343571,,901|902|903|906,,split_failed_no_ratio,
2<-France (Atlantic Coast),1841,2,United States of America,GPH-AUTONOMOUS-CITED,France (Atlantic Coast),France (Atlantic Coast),RIC,4713265.128247696,2,,,,,,ignore_resolved,
2<-France (Mediterranean Coast),1841,2,United States of America,GPH-AUTONOMOUS-CITED,France (Mediterranean Coast),France (Mediterranean Coast),RIC,253492.57076450565,2,,,,,,ignore_resolved,
2<-French West Indies,1841,2,United States of America,GPH-AUTONOMOUS-CITED,French West Indies,French West Indies,RIC,41133.892255333274,2,,41133.892255333274,,65|66,,ignore_resolved,
2<-120,1841,2,United States of America,GPH-AUTONOMOUS-CITED,120,French Guiana,GPH-AUTONOMOUS-CITED,11499.958495891093,2,,,,,,ok,
2<-41,1841,2,United States of America,GPH-AUTONOMOUS-CITED,41,Haiti,GPH-AUTONOMOUS-CITED,375546.60911430226,2,,,,,,ok,
2<-Spain (Atlantic Coast),1841,2,United States of America,GPH-AUTONOMOUS-CITED,Spain (Atlantic Coast),Spain (Atlantic Coast),RIC,39579.770897318835,2,,,,,,ignore_resolved,
2<-Spain (Mediterranean Coast),1841,2,United States of America,GPH-AUTONOMOUS-CITED,Spain (Mediterranean Coast),Spain (Mediterranean Coast),RIC,232416.57674109735,2,,,,,,ignore_resolved,
2<-Canary Is. & Tenerife,1841,2,United States of America,GPH-AUTONOMOUS-CITED,Canary Is. & Tenerife,Canary Is. & Tenerife,RIC,30018.67684900805,2,,,,,,ignore_resolved,
2<-840,1841,2,United States of America,GPH-AUTONOMOUS-CITED,840,Philippines,GPH-AUTONOMOUS-CITED,152300.5727567029,2,,,,,,ok,
2<-40,1841,2,United States of America,GPH-AUTONOMOUS-CITED,40,Cuba,GPH-AUTONOMOUS-CITED,2400395.741678426,2,,,,,,ok,
2<-Spanish West Indies (other),1841,2,United States of America,GPH-AUTONOMOUS-CITED,Spanish West Indies (other),Spanish West Indies (other),RIC,531256.7444176973,2,,,,,,ignore_resolved,
2<-235,1841,2,United States of America,GPH-AUTONOMOUS-CITED,235,Portugal,GPH-AUTONOMOUS-CITED,59468.747405993185,2,,,,,,ok,
2<-401,1841,2,United States of America,GPH-AUTONOMOUS-CITED,401,Madeira Isles,GPH,47629.90786087822,2,,,,,,ignore_resolved,
2<-400,1841,2,United States of America,GPH-AUTONOMOUS-CITED,400,Azores (Western Isles),GPH,3339.628123184195,2,,,,,,ignore_resolved,
2<-402,1841,2,United States of America,GPH-AUTONOMOUS-CITED,402,Cape Verde,GPH-AUTONOMOUS-CITED,8853.033950361085,2,,,,,,ok,
2<-325,1841,2,United States of America,GPH-AUTONOMOUS-CITED,325,Italy,GPH,238905.12160703907,2,,238905.12160703907,,335|337,,split_failed_no_ratio,
2<-3291,1841,2,United States of America,GPH-AUTONOMOUS-CITED,3291,Sicily,GPH,122033.90885697684,2,,,,,,ignore_resolved,
2<-Fiume & Republic of St. Mark & Trieste,1841,2,United States of America,GPH-AUTONOMOUS-CITED,Fiume & Republic of St. Mark & Trieste,Fiume & Republic of St. Mark & Trieste,RIC,86869.34506516144,2,,,,,,ignore_resolved,
2<-640,1841,2,United States of America,GPH-AUTONOMOUS-CITED,640,Turkey (Ottoman Empire),GPH-AUTONOMOUS-CITED,127598.5722586536,2,,,,,,ok,
2<-600,1841,2,United States of America,GPH-AUTONOMOUS-CITED,600,Morocco,GPH-AUTONOMOUS-CITED,7909.438034365401,2,,,,,,ok,
2<-7,1841,2,United States of America,GPH-AUTONOMOUS-CITED,7,Texas,GPH-AUTONOMOUS-CITED,81976.01062505187,2,,,,,,ok,
2<-70,1841,2,United States of America,GPH-AUTONOMOUS-CITED,70,Mexico,GPH-AUTONOMOUS-CITED,681696.0654104756,2,,,,,,ok,
2<-101,1841,2,United States of America,GPH-AUTONOMOUS-CITED,101,Venezuela,GPH-AUTONOMOUS-CITED,417532.16568440275,2,,,,,,ok,
2<-100,1841,2,United States of America,GPH-AUTONOMOUS-CITED,100,Colombia (New Granada) (Gran Colombia),GPH-AUTONOMOUS-CITED,29907.23831659334,2,,,,,,ok,
2<-89,1841,2,United States of America,GPH-AUTONOMOUS-CITED,89,United States of Central America,GPH-AUTONOMOUS-CITED,38787.87249937744,2,,,,,,ok,
2<-140,1841,2,United States of America,GPH-AUTONOMOUS-CITED,140,Brazil,GPH-AUTONOMOUS-CITED,1307929.9825682743,2,,,,,,ok,
2<-160,1841,2,United States of America,GPH-AUTONOMOUS-CITED,160,Argentina (La Plata),GPH-AUTONOMOUS-CITED,334629.57582800696,2,,,,,,ok,
2<-Montevideo,1841,2,United States of America,GPH-AUTONOMOUS-CITED,Montevideo,Montevideo,RIC,71643.14767161949,2,,,,,,ignore_resolved,
2<-155,1841,2,United States of America,GPH-AUTONOMOUS-CITED,155,Chile,GPH-AUTONOMOUS-CITED,255453.6399103511,2,,,,,,ok,
2<-135,1841,2,United States of America,GPH-AUTONOMOUS-CITED,135,Peru,GPH-AUTONOMOUS-CITED,108818.79306051298,2,,,,,,ok,
2<-Patagonia,1841,2,United States of America,GPH-AUTONOMOUS-CITED,Patagonia,Patagonia,RIC,5658.8777288951605,2,,,,,,ignore_resolved,
2<-710,1841,2,United States of America,GPH-AUTONOMOUS-CITED,710,People's Republic of China (China),GPH-AUTONOMOUS-CITED,827049.8879389059,2,,,,,,ok,
2<-Asia (other),1841,2,United States of America,GPH-AUTONOMOUS-CITED,Asia (other),Asia (other),RIC,34721.922470324556,2,,34721.922470324556,,630|670|672|674|678|681|690|692|694|696|700|705|721|730|740|741|751|752|775|781|790|800|811|815|824|835|860|6306|6800|6821|6822|6823|6825|6826|6828|6832|6833|6844|6846|7001|7002|7003|7010|7020|7030|7070|7121|7411|7502|7504|7505|7506|7511|7512|7513|7514|7515|7516|7517|7519|7521|7522|7523|7526|7527|7528|7529|7531|7532|7533|7534|7535|7537|7538|7539|7541|7542|7543|7544|7545|7546|7549|7552|7553|7570|7573|7574|7577|7579|7581|7582|7584|7585|7586|7587|7588|7691|7693|7694|7702|7703|7704|7706|7707|7709|7750|7751|7752|7755|7756|7757|7758|7760|7762|7766|7767|7768|7769|7770|7771|7772|7773|7774|7775|7776|7777|7778|7779|7780|7782|7783|7784|7785|7786|7787|7788|7792|7793|7794|7795|7796|7797|8002|8124|8171|8201|8202|8203|8210|8221|8223|8401|8501|8502|8503|8510|8520|8521|8522|8523|8531|8532|8533|8536|8541|8550|8551|8560|8571|8572|8573|8574,,split_failed_no_ratio,
2<-Africa (other),1841,2,United States of America,GPH-AUTONOMOUS-CITED,Africa (other),Africa (other),RIC,84866.56428986469,2,,84866.56428986469,,403|411|413|432|433|450|451|481|483|500|511|516|517|520|530|540|541|562|570|572|580|585|590|615|616|698|4041|4042|4044|4050|4060|4070|4111|4112|4325|4326|4327|4328|4331|4332|4333|4334|4335|4336|4337|4341|4343|4348|4349|4352|4354|4361|4362|4381|4382|4383|4391|4392|4394|4395|4396|4397|4501|4515|4521|4527|4529|4534|4535|4711|4737|4741|4742|4744|4746|4751|4763|4769|4773|4776|4781|4791|4792|4793|4795|4821|4822|4831|4832|4841|4842|4902|4904|4908|4910|5001|5002|5003|5013|5018|5102|5104|5203|5212|5221|5303|5306|5307|5309|5321|5322|5323|5324|5332|5403|5511|5512|5513|5516|5517|5522|5606|5611|5614|5621|5642|5796|5801|5803|5811|5812|5813|5814|5901|5902|5903|6062|6064|6151|6251|6255,,split_failed_no_ratio,
2<-Pacific Islands,1841,2,United States of America,GPH-AUTONOMOUS-CITED,Pacific Islands,Pacific Islands,RIC,7977.089731883456,2,,7977.089731883456,,930|955|960|970|9004|9007|9253|9606|9620|9810|9820|9900,,split_failed_no_ratio,
2<-4,1841,2,United States of America,GPH-AUTONOMOUS-CITED,4,Hawaii (Sandwich Is.),GPH-AUTONOMOUS-CITED,9884.203536150078,2,,,,,,ok,
2<-Unknown,1841,2,United States of America,GPH-AUTONOMOUS-CITED,Unknown,Unknown,RIC,175.9774217647547,2,,,,,,split_failed_error,
2->365,1841,365,Russia (USSR),GPH-AUTONOMOUS-CITED,2,United States of America,GPH-AUTONOMOUS-CITED,30322.486926205693,2,,,,,,ok,
2->239,1841,239,Prussia,GPH-AUTONOMOUS-CITED,2,United States of America,GPH-AUTONOMOUS-CITED,30964.34797044907,2,,,,,,ok,
2->Norway & Sweden,1841,Norway & Sweden,Norway & Sweden,RIC,2,United States of America,GPH-AUTONOMOUS-CITED,116993.02730970366,2,,116993.02730970366,,380|385,,ignore_resolved,
2->Swedish West Indies,1841,Swedish West Indies,Swedish West Indies,RIC,2,United States of America,GPH-AUTONOMOUS-CITED,34279.073628289196,2,,,,,,ignore_resolved,
2->390,1841,390,Denmark,GPH-AUTONOMOUS-CITED,2,United States of America,GPH-AUTONOMOUS-CITED,22915.24860961235,2,,,,,,ok,
2->5,1841,5,Virgin Islands (Danish West Indies),GPH-AUTONOMOUS-CITED,2,United States of America,GPH-AUTONOMOUS-CITED,159771.7274010127,2,,,,,,ok,
2->210,1841,210,Netherlands,GPH-AUTONOMOUS-CITED,2,United States of America,GPH-AUTONOMOUS-CITED,464315.59724412713,2,,,,,,ok,
2->850,1841,850,Indonesia (Dutch East Indies),GPH-AUTONOMOUS-CITED,2,United States of America,GPH-AUTONOMOUS-CITED,37120.44492404748,2,,,,,,ok,
2->68,1841,68,Netherlands Antilles,GPH-AUTONOMOUS-CITED,2,United States of America,GPH-AUTONOMOUS-CITED,61986.17913173404,2,,,,,,ok,
2->115,1841,115,Surinam (Dutch Guiana),GPH,2,United States of America,GPH-AUTONOMOUS-CITED,7865.028637835145,2,,,,,,ignore_resolved,
2->211,1841,211,Belgium,GPH-AUTONOMOUS-CITED,2,United States of America,GPH-AUTONOMOUS-CITED,347332.5309205611,2,,,,,,ok,
2->Hanse Towns,1841,Hanse Towns,Hanse Towns,RIC,2,United States of America,GPH-AUTONOMOUS-CITED,853045.363991035,2,,853045.363991035,,246|248|276,,ignore_resolved,
2->200,1841,200,United Kingdom,GPH-AUTONOMOUS-CITED,2,United States of America,GPH-AUTONOMOUS-CITED,9169161.824520627,2,,,,,,ok,
2->Scotland,1841,Scotland,Scotland,RIC,2,United States of America,GPH-AUTONOMOUS-CITED,398544.4509006391,2,,,,,,ignore_resolved,
2->205,1841,205,Ireland,GPH,2,United States of America,GPH-AUTONOMOUS-CITED,12632.190586868099,2,,,,,,ignore_resolved,
2->231,1841,231,Gibraltar,GPH-AUTONOMOUS-CITED,2,United States of America,GPH-AUTONOMOUS-CITED,211864.15705154807,2,,,,,,ok,
2->338,1841,338,Malta,GPH-AUTONOMOUS-CITED,2,United States of America,GPH-AUTONOMOUS-CITED,5783.390055615506,2,,,,,,ok,
2->561,1841,561,Cape Colony (Cape of Good Hope),GPH-AUTONOMOUS-CITED,2,United States of America,GPH-AUTONOMOUS-CITED,10650.784427658336,2,,,,,,ok,
2->British East Indies,1841,British East Indies,British East Indies,RIC,2,United States of America,GPH-AUTONOMOUS-CITED,110470.24155391383,2,,110470.24155391383,,720|750|780|7501,,split_failed_no_ratio,
2->British West Indies,1841,British West Indies,British West Indies,RIC,2,United States of America,GPH-AUTONOMOUS-CITED,662339.7941396198,2,,662339.7941396198,,30|31|51|54|1048|1055|1063,,split_failed_no_ratio,
2->80,1841,80,Belize (British Honduras),GPH-AUTONOMOUS-CITED,2,United States of America,GPH-AUTONOMOUS-CITED,29439.694529758443,2,,,,,,ok,
2->110,1841,110,Guyana (British Guiana),GPH-AUTONOMOUS-CITED,2,United States of America,GPH-AUTONOMOUS-CITED,79134.22428820452,2,,,,,,ok,
2->British America,1841,British America,British America,RIC,2,United States of America,GPH-AUTONOMOUS-CITED,1305779.4471652692,2,,1305779.4471652692,,20|21|1022|1023|1024|1025|1026,,split_failed_no_ratio,
2->900,1841,900,Australia,GPH,2,United States of America,GPH-AUTONOMOUS-CITED,13236.490412550842,2,,13236.490412550842,,901|902|903|906,,ignore_resolved,
2->France (Atlantic Coast),1841,France (Atlantic Coast),France (Atlantic Coast),RIC,2,United States of America,GPH-AUTONOMOUS-CITED,3506662.8621233497,2,,,,,,ignore_resolved,
2->France (Mediterranean Coast),1841,France (Mediterranean Coast),France (Mediterranean Coast),RIC,2,United States of America,GPH-AUTONOMOUS-CITED,313866.52278575575,2,,,,,,ignore_resolved,
2->French West Indies,1841,French West Indies,French West Indies,RIC,2,United States of America,GPH-AUTONOMOUS-CITED,79180.70889018012,2,,79180.70889018012,,65|66,,ignore_resolved,
2->120,1841,120,French Guiana,GPH-AUTONOMOUS-CITED,2,United States of America,GPH-AUTONOMOUS-CITED,9068.85531667635,2,,,,,,ok,
2->1029,1841,1029,St. Pierre and Miquelon,GPH-AUTONOMOUS-CITED,2,United States of America,GPH-AUTONOMOUS-CITED,468.3738690130323,2,,,,,,ok,
2->41,1841,41,Haiti,GPH-AUTONOMOUS-CITED,2,United States of America,GPH-AUTONOMOUS-CITED,226951.52320079686,2,,,,,,ok,
2->Spain (Atlantic Coast),1841,Spain (Atlantic Coast),Spain (Atlantic Coast),RIC,2,United States of America,GPH-AUTONOMOUS-CITED,42193.69967626795,2,,,,,,ignore_resolved,
2->Spain (Mediterranean Coast),1841,Spain (Mediterranean Coast),Spain (Mediterranean Coast),RIC,2,United States of America,GPH-AUTONOMOUS-CITED,37909.4380343654,2,,,,,,ignore_resolved,
2->Canary Is. & Tenerife,1841,Canary Is. & Tenerife,Canary Is. & Tenerife,RIC,2,United States of America,GPH-AUTONOMOUS-CITED,2550.4274923217395,2,,,,,,ignore_resolved,
2->840,1841,840,Philippines,GPH-AUTONOMOUS-CITED,2,United States of America,GPH-AUTONOMOUS-CITED,15657.425085083421,2,,,,,,ok,
2->40,1841,40,Cuba,GPH-AUTONOMOUS-CITED,2,United States of America,GPH-AUTONOMOUS-CITED,1059809.7036606623,2,,,,,,ok,
2->Spanish West Indies (other),1841,Spanish West Indies (other),Spanish West Indies (other),RIC,2,United States of America,GPH-AUTONOMOUS-CITED,149797.66746907943,2,,,,,,ignore_resolved,
2->235,1841,235,Portugal,GPH-AUTONOMOUS-CITED,2,United States of America,GPH-AUTONOMOUS-CITED,23749.27367809413,2,,,,,,ok,
2->401,1841,401,Madeira Isles,GPH,2,United States of America,GPH-AUTONOMOUS-CITED,22392.504357931433,2,,,,,,ignore_resolved,
2->400,1841,400,Azores (Western Isles),GPH,2,United States of America,GPH-AUTONOMOUS-CITED,2726.1973935419605,2,,,,,,ignore_resolved,
2->402,1841,402,Cape Verde,GPH-AUTONOMOUS-CITED,2,United States of America,GPH-AUTONOMOUS-CITED,13888.519963476383,2,,,,,,ok,
2->325,1841,325,Italy,GPH,2,United States of America,GPH-AUTONOMOUS-CITED,151782.8089980908,2,,151782.8089980908,,335|337,,split_failed_no_ratio,
2->3291,1841,3291,Sicily,GPH,2,United States of America,GPH-AUTONOMOUS-CITED,98462.27276500373,2,,,,,,ignore_resolved,
2->Sardinia,1841,Sardinia,Sardinia,RIC,2,United States of America,GPH-AUTONOMOUS-CITED,9753.465593093715,2,,,,,,ignore_resolved,
2->Fiume & Republic of St. Mark & Trieste,1841,Fiume & Republic of St. Mark & Trieste,Fiume & Republic of St. Mark & Trieste,RIC,2,United States of America,GPH-AUTONOMOUS-CITED,261221.88096621563,2,,,,,,ignore_resolved,
2->Egypt Arab Republic (Egypt) & Levant & Turkey (Ottoman Empire),1841,Egypt Arab Republic (Egypt) & Levant & Turkey (Ottoman Empire),Egypt Arab Republic (Egypt) & Levant & Turkey (Ottoman Empire),RIC,2,United States of America,GPH-AUTONOMOUS-CITED,41697.93309537644,2,,,,,,ignore_resolved,
2->7,1841,7,Texas,GPH-AUTONOMOUS-CITED,2,United States of America,GPH-AUTONOMOUS-CITED,107133.51871835311,2,,,,,,ok,
2->70,1841,70,Mexico,GPH-AUTONOMOUS-CITED,2,United States of America,GPH-AUTONOMOUS-CITED,183969.66049638911,2,,,,,,ok,
2->101,1841,101,Venezuela,GPH-AUTONOMOUS-CITED,2,United States of America,GPH-AUTONOMOUS-CITED,110487.88080019921,2,,,,,,ok,
2->100,1841,100,Colombia (New Granada) (Gran Colombia),GPH-AUTONOMOUS-CITED,2,United States of America,GPH-AUTONOMOUS-CITED,10492.653772723499,2,,,,,,ok,
2->89,1841,89,United States of Central America,GPH-AUTONOMOUS-CITED,2,United States of America,GPH-AUTONOMOUS-CITED,16314.435129077778,2,,,,,,ok,
2->140,1841,140,Brazil,GPH-AUTONOMOUS-CITED,2,United States of America,GPH-AUTONOMOUS-CITED,610523.574333859,2,,,,,,ok,
2->160,1841,160,Argentina (La Plata),GPH-AUTONOMOUS-CITED,2,United States of America,GPH-AUTONOMOUS-CITED,105629.40981157134,2,,,,,,ok,
2->Montevideo,1841,Montevideo,Montevideo,RIC,2,United States of America,GPH-AUTONOMOUS-CITED,29059.309371627787,2,,,,,,ignore_resolved,
2->155,1841,155,Chile,GPH-AUTONOMOUS-CITED,2,United States of America,GPH-AUTONOMOUS-CITED,175647.46409894578,2,,,,,,ok,
2->Southern America (other),1841,Southern America (other),Southern America (other),RIC,2,United States of America,GPH-AUTONOMOUS-CITED,16390.180127832653,2,,16390.180127832653,,130|145|150|1163,,split_failed_no_ratio,
2->710,1841,710,People's Republic of China (China),GPH-AUTONOMOUS-CITED,2,United States of America,GPH-AUTONOMOUS-CITED,148444.01095708474,2,,,,,,ok,
2->Europe,1841,Europe,Europe,RIC,2,United States of America,GPH-AUTONOMOUS-CITED,8702.99659666307,2,,8702.99659666307,,11|212|221|223|225|232|240|250|251|253|257|274|280|327|331|341|342|350|395|2003|2004|2101|2111|2246|2247|2248|2249|2333|2901|2902|2903|3327|3349|3361|3362|3504|3654|3761|3762,,split_failed_no_ratio,
2->Asia (other),1841,Asia (other),Asia (other),RIC,2,United States of America,GPH-AUTONOMOUS-CITED,52338.54901635261,2,,52338.54901635261,,630|670|672|674|678|681|690|692|694|696|700|705|721|730|740|741|751|752|775|781|790|800|811|815|824|835|860|6306|6800|6821|6822|6823|6825|6826|6828|6832|6833|6844|6846|7001|7002|7003|7010|7020|7030|7070|7121|7411|7502|7504|7505|7506|7511|7512|7513|7514|7515|7516|7517|7519|7521|7522|7523|7526|7527|7528|7529|7531|7532|7533|7534|7535|7537|7538|7539|7541|7542|7543|7544|7545|7546|7549|7552|7553|7570|7573|7574|7577|7579|7581|7582|7584|7585|7586|7587|7588|7691|7693|7694|7702|7703|7704|7706|7707|7709|7750|7751|7752|7755|7756|7757|7758|7760|7762|7766|7767|7768|7769|7770|7771|7772|7773|7774|7775|7776|7777|7778|7779|7780|7782|7783|7784|7785|7786|7787|7788|7792|7793|7794|7795|7796|7797|8002|8124|8171|8201|8202|8203|8210|8221|8223|8401|8501|8502|8503|8510|8520|8521|8522|8523|8531|8532|8533|8536|8541|8550|8551|8560|8571|8572|8573|8574,,split_failed_no_ratio,
2->Africa (other),1841,Africa (other),Africa (other),RIC,2,United States of America,GPH-AUTONOMOUS-CITED,120868.4734788744,2,,120868.4734788744,,403|411|413|432|433|450|451|481|483|500|511|516|517|520|530|540|541|562|570|572|580|585|590|615|616|698|4041|4042|4044|4050|4060|4070|4111|4112|4325|4326|4327|4328|4331|4332|4333|4334|4335|4336|4337|4341|4343|4348|4349|4352|4354|4361|4362|4381|4382|4383|4391|4392|4394|4395|4396|4397|4501|4515|4521|4527|4529|4534|4535|4711|4737|4741|4742|4744|4746|4751|4763|4769|4773|4776|4781|4791|4792|4793|4795|4821|4822|4831|4832|4841|4842|4902|4904|4908|4910|5001|5002|5003|5013|5018|5102|5104|5203|5212|5221|5303|5306|5307|5309|5321|5322|5323|5324|5332|5403|5511|5512|5513|5516|5517|5522|5606|5611|5614|5621|5642|5796|5801|5803|5811|5812|5813|5814|5901|5902|5903|6062|6064|6151|6251|6255,,split_failed_no_ratio,
2->West Indies (other),1841,West Indies (other),West Indies (other),RIC,2,United States of America,GPH-AUTONOMOUS-CITED,52963.80841703328,2,,52963.80841703328,,42|91|1032|1058,,split_failed_no_ratio,
2->Hawaii (Sandwich Is.) & Pacific Islands,1841,Hawaii (Sandwich Is.) & Pacific Islands,Hawaii (Sandwich Is.) & Pacific Islands,RIC,2,United States of America,GPH-AUTONOMOUS-CITED,81894.66257159458,2,,,,,,split_failed_error,
1075<-British West Indies,1841,1075,St. Kitts,GPH,British West Indies,British West Indies,RIC,17171,1075,,,,,,ignore_resolved,
1075<-British Northern America,1841,1075,St. Kitts,GPH,British Northern America,British Northern America,RIC,7083,1075,,,,,,ignore_resolved,
1075<-British Colonies (other),1841,1075,St. Kitts,GPH,British Colonies (other),British Colonies (other),RIC,4390,1075,,,,,,ignore_resolved,
1075<-2,1841,1075,St. Kitts,GPH,2,United States of America,GPH-AUTONOMOUS-CITED,18045,1075,,,,,,ignore_resolved,
1075->200,1841,200,United Kingdom,GPH-AUTONOMOUS-CITED,1075,St. Kitts,GPH,103992,1075,,,,,,ignore_resolved,
1075->British West Indies,1841,British West Indies,British West Indies,RIC,1075,St. Kitts,GPH,1894,1075,,,,,,ignore_resolved,
1075->British Northern America,1841,British Northern America,British Northern America,RIC,1075,St. Kitts,GPH,9,1075,,,,,,ignore_resolved,
1075->British Colonies (other),1841,British Colonies (other),British Colonies (other),RIC,1075,St. Kitts,GPH,223,1075,,,,,,ignore_resolved,
1075->2,1841,2,United States of America,GPH-AUTONOMOUS-CITED,1075,St. Kitts,GPH,340,1075,,,,,,ignore_resolved,
200->Russia (North and South Ports),1841,Russia (North and South Ports),Russia (North and South Ports),RIC,200,United Kingdom,GPH-AUTONOMOUS-CITED,1607175,200,,,,,,ignore_resolved,
200->380,1841,380,Sweden,GPH-AUTONOMOUS-CITED,200,United Kingdom,GPH-AUTONOMOUS-CITED,197813,200,,,,,,ok,
200->385,1841,385,Norway,GPH-AUTONOMOUS-CITED,200,United Kingdom,GPH-AUTONOMOUS-CITED,117938,200,,,,,,ok,
200->390,1841,390,Denmark,GPH-AUTONOMOUS-CITED,200,United Kingdom,GPH-AUTONOMOUS-CITED,191481,200,,,,,,ok,
200->239,1841,239,Prussia,GPH-AUTONOMOUS-CITED,200,United Kingdom,GPH-AUTONOMOUS-CITED,363821,200,,,,,,ok,
200->Hanover & Hanse Towns & Heligoland & Kniphausen & Mecklenburg Schwerin & Oldenburg,1841,Hanover & Hanse Towns & Heligoland & Kniphausen & Mecklenburg Schwerin & Oldenburg,Hanover & Hanse Towns & Heligoland & Kniphausen & Mecklenburg Schwerin & Oldenburg,RIC,200,United Kingdom,GPH-AUTONOMOUS-CITED,5654033,200,,4672203.405032015,,246|248|276,,ignore_resolved,
200->210,1841,210,Netherlands,GPH-AUTONOMOUS-CITED,200,United Kingdom,GPH-AUTONOMOUS-CITED,3610877,200,,,,,,ok,
200->211,1841,211,Belgium,GPH-AUTONOMOUS-CITED,200,United Kingdom,GPH-AUTONOMOUS-CITED,1066040,200,,,,,,ok,
200->2003,1841,2003,Channel Is.,GPH-AUTONOMOUS-CITED,200,United Kingdom,GPH-AUTONOMOUS-CITED,350407,200,,,,,,ok,
200->220,1841,220,France,GPH-AUTONOMOUS-CITED,200,United Kingdom,GPH-AUTONOMOUS-CITED,2902002,200,,,,,,ok,
200->235,1841,235,Portugal,GPH-AUTONOMOUS-CITED,200,United Kingdom,GPH-AUTONOMOUS-CITED,1036212,200,,,,,,ok,
200->400,1841,400,Azores (Western Isles),GPH,200,United Kingdom,GPH-AUTONOMOUS-CITED,38280,200,,,,,,ignore_resolved,
200->401,1841,401,Madeira Isles,GPH,200,United Kingdom,GPH-AUTONOMOUS-CITED,24608,200,,,,,,ignore_resolved,
200->Balearic Islands & Spain,1841,Balearic Islands & Spain,Balearic Islands & Spain,RIC,200,United Kingdom,GPH-AUTONOMOUS-CITED,413849,200,,,,,,ignore_resolved,
200->Canary Is. & Spain,1841,Canary Is. & Spain,Canary Is. & Spain,RIC,200,United Kingdom,GPH-AUTONOMOUS-CITED,49738,200,,,,,,ignore_resolved,
200->231,1841,231,Gibraltar,GPH-AUTONOMOUS-CITED,200,United Kingdom,GPH-AUTONOMOUS-CITED,1053367,200,,,,,,ok,
200->Fiume & Kingdom of Sardinia & Milan & Papal States & Republic of St. Mark & Tuscany & Two Sicilies,1841,Fiume & Kingdom of Sardinia & Milan & Papal States & Republic of St. Mark & Tuscany & Two Sicilies,Fiume & Kingdom of Sardinia & Milan & Papal States & Republic of St. Mark & Tuscany & Two Sicilies,RIC,200,United Kingdom,GPH-AUTONOMOUS-CITED,2578697,200,,,,,,ignore_resolved,
200->Gozo & Malta,1841,Gozo & Malta,Gozo & Malta,RIC,200,United Kingdom,GPH-AUTONOMOUS-CITED,223734,200,,,,,,ignore_resolved,
200->3349,1841,3349,Ionian Is.,GPH-AUTONOMOUS-CITED,200,United Kingdom,GPH-AUTONOMOUS-CITED,119523,200,,,,,,ok,
200->350,1841,350,Greece,GPH-AUTONOMOUS-CITED,200,United Kingdom,GPH-AUTONOMOUS-CITED,34684,200,,,,,,ok,
200->Turkey (Ottoman Empire) (other),1841,Turkey (Ottoman Empire) (other),Turkey (Ottoman Empire) (other),RIC,200,United Kingdom,GPH-AUTONOMOUS-CITED,1220261,200,,,,,,ignore_resolved,
200->Palestine & Syria,1841,Palestine & Syria,Palestine & Syria,RIC,200,United Kingdom,GPH-AUTONOMOUS-CITED,427093,200,,,,,,ignore_resolved,
200->Egypt Arab Republic (Egypt) (other),1841,Egypt Arab Republic (Egypt) (other),Egypt Arab Republic (Egypt) (other),RIC,200,United Kingdom,GPH-AUTONOMOUS-CITED,238486,200,,,,,,ignore_resolved,
200->Barbary Coast,1841,Barbary Coast,Barbary Coast,RIC,200,United Kingdom,GPH-AUTONOMOUS-CITED,44126,200,,44126,,600|615|616|6062|6064,,split_failed_no_ratio,
200->Western Africa,1841,Western Africa,Western Africa,RIC,200,United Kingdom,GPH-AUTONOMOUS-CITED,410798,200,,410798,,432|433|450|451|4041|4042|4044|4341|4348|4361|4381|4383|4391|4521|4535|4781|4792|4793,,split_failed_no_ratio,
200->Cape Colony (Cape of Good Hope) & South Africa (other),1841,Cape Colony (Cape of Good Hope) & South Africa (other),Cape Colony (Cape of Good Hope) & South Africa (other),RIC,200,United Kingdom,GPH-AUTONOMOUS-CITED,384574,200,,,,,,ignore_resolved,
200->580,1841,580,Madagascar (Malagasy Republic),GPH-AUTONOMOUS-CITED,200,United Kingdom,GPH-AUTONOMOUS-CITED,22,200,,,,,,ok,
200->402,1841,402,Cape Verde,GPH-AUTONOMOUS-CITED,200,United Kingdom,GPH-AUTONOMOUS-CITED,2885,200,,,,,,ok,
200->Ascension I. & St. Helena,1841,Ascension I. & St. Helena,Ascension I. & St. Helena,RIC,200,United Kingdom,GPH-AUTONOMOUS-CITED,8462,200,,,,,,ignore_resolved,
200->590,1841,590,Mauritius,GPH-AUTONOMOUS-CITED,200,United Kingdom,GPH-AUTONOMOUS-CITED,340140,200,,,,,,ok,
200->Arabia,1841,Arabia,Arabia,RIC,200,United Kingdom,GPH-AUTONOMOUS-CITED,2952,200,,2952,,670|678|681|690|692|696|698|6800,,split_failed_no_ratio,
200->British East Indies,1841,British East Indies,British East Indies,RIC,200,United Kingdom,GPH-AUTONOMOUS-CITED,5595000,200,,5595000,,720|750|780|7501,,split_failed_no_ratio,
200->Java & Sumatra,1841,Java & Sumatra,Java & Sumatra,RIC,200,United Kingdom,GPH-AUTONOMOUS-CITED,285514,200,,,,,,ignore_resolved,
200->840,1841,840,Philippines,GPH-AUTONOMOUS-CITED,200,United Kingdom,GPH-AUTONOMOUS-CITED,84419,200,,,,,,ok,
200->920,1841,920,New Zealand,GPH-AUTONOMOUS-CITED,200,United Kingdom,GPH-AUTONOMOUS-CITED,67275,200,,,,,,ok,
200->710,1841,710,People's Republic of China (China),GPH-AUTONOMOUS-CITED,200,United Kingdom,GPH-AUTONOMOUS-CITED,862570,200,,,,,,ok,
200->900,1841,900,Australia,GPH,200,United Kingdom,GPH-AUTONOMOUS-CITED,1269351,200,,,,,,ignore_resolved,
200->British Northern America,1841,British Northern America,British Northern America,RIC,200,United Kingdom,GPH-AUTONOMOUS-CITED,2947061,200,,2947061,,20|21|1022|1023|1024|1025|1026,,split_failed_no_ratio,
200->British West Indies & Guyana (British Guiana),1841,British West Indies & Guyana (British Guiana),British West Indies & Guyana (British Guiana),RIC,200,United Kingdom,GPH-AUTONOMOUS-CITED,2504004,200,,2504004,,30|31|51|54|110|1048|1055|1063,,split_failed_no_ratio,
200->Cuba & Curacao & Guadeloupe & Martinique & Puerto Rico & St. Croix & St. Thomas,1841,Cuba & Curacao & Guadeloupe & Martinique & Puerto Rico & St. Croix & St. Thomas,Cuba & Curacao & Guadeloupe & Martinique & Puerto Rico & St. Croix & St. Thomas,RIC,200,United Kingdom,GPH-AUTONOMOUS-CITED,895441,200,,895441,,5|6|40|65|66|68,,ignore_resolved,
200->2,1841,2,United States of America,GPH-AUTONOMOUS-CITED,200,United Kingdom,GPH-AUTONOMOUS-CITED,7098642,200,,,,,,ok,
200->41,1841,41,Haiti,GPH-AUTONOMOUS-CITED,200,United Kingdom,GPH-AUTONOMOUS-CITED,169142,200,,,,,,ok,
200->70,1841,70,Mexico,GPH-AUTONOMOUS-CITED,200,United Kingdom,GPH-AUTONOMOUS-CITED,434901,200,,,,,,ok,
200->Central America & Guatemala,1841,Central America & Guatemala,Central America & Guatemala,RIC,200,United Kingdom,GPH-AUTONOMOUS-CITED,21265,200,,21265,,80|89|90|91|92|93|94,,split_failed_no_ratio,
200->Colombia (New Granada) (Gran Colombia) & Ecuador & Venezuela,1841,Colombia (New Granada) (Gran Colombia) & Ecuador & Venezuela,Colombia (New Granada) (Gran Colombia) & Ecuador & Venezuela,RIC,200,United Kingdom,GPH-AUTONOMOUS-CITED,158972,200,,,,,,ignore_resolved,
200->7,1841,7,Texas,GPH-AUTONOMOUS-CITED,200,United Kingdom,GPH-AUTONOMOUS-CITED,6767,200,,,,,,ok,
200->140,1841,140,Brazil,GPH-AUTONOMOUS-CITED,200,United Kingdom,GPH-AUTONOMOUS-CITED,2556554,200,,,,,,ok,
200->Buenos Aires & Montevideo,1841,Buenos Aires & Montevideo,Buenos Aires & Montevideo,RIC,200,United Kingdom,GPH-AUTONOMOUS-CITED,989362,200,,,,,,ignore_resolved,
200->155,1841,155,Chile,GPH-AUTONOMOUS-CITED,200,United Kingdom,GPH-AUTONOMOUS-CITED,438089,200,,,,,,ok,
200->136,1841,136,Bolivia-Peru Confederation,GPH,200,United Kingdom,GPH-AUTONOMOUS-CITED,536046,200,,,,,,split_failed_error,
200->1163,1841,1163,Falkland Is.,GPH-AUTONOMOUS-CITED,200,United Kingdom,GPH-AUTONOMOUS-CITED,145,200,,,,,,ok,
200->552,1841,552,Zimbabwe (Rhodesia) (Southern Rhodesia),GPH,200,United Kingdom,GPH-AUTONOMOUS-CITED,25,200,,,,,,split_failed_error,
Rio de Janeiro->200,1841,200,United Kingdom,GPH-AUTONOMOUS-CITED,Rio de Janeiro,Rio de Janeiro,RIC,706622.8573690669,Rio de Janeiro,,,,,,ignore_resolved,
Rio de Janeiro->2,1841,2,United States of America,GPH-AUTONOMOUS-CITED,Rio de Janeiro,Rio de Janeiro,RIC,958394.3628518269,Rio de Janeiro,,,,,,ignore_resolved,
Rio de Janeiro->Hanse Towns,1841,Hanse Towns,Hanse Towns,RIC,Rio de Janeiro,Rio de Janeiro,RIC,629032.8965599145,Rio de Janeiro,,,,,,ignore_resolved,
Rio de Janeiro->220,1841,220,France,GPH-AUTONOMOUS-CITED,Rio de Janeiro,Rio de Janeiro,RIC,257709.51268754207,Rio de Janeiro,,,,,,ignore_resolved,
Rio de Janeiro->235,1841,235,Portugal,GPH-AUTONOMOUS-CITED,Rio de Janeiro,Rio de Janeiro,RIC,254938.44265864376,Rio de Janeiro,,,,,,ignore_resolved,
Rio de Janeiro->300,1841,300,Austria-Hungary (Austrian Empire),GPH-AUTONOMOUS-CITED,Rio de Janeiro,Rio de Janeiro,RIC,247416.9668659198,Rio de Janeiro,,,,,,ignore_resolved,
Rio de Janeiro->165,1841,165,Uruguay,GPH-AUTONOMOUS-CITED,Rio de Janeiro,Rio de Janeiro,RIC,25731.36455405566,Rio de Janeiro,,,,,,ignore_resolved,
Rio de Janeiro->211,1841,211,Belgium,GPH-AUTONOMOUS-CITED,Rio de Janeiro,Rio de Janeiro,RIC,162305.5302640434,Rio de Janeiro,,,,,,ignore_resolved,
Rio de Janeiro->390,1841,390,Denmark,GPH-AUTONOMOUS-CITED,Rio de Janeiro,Rio de Janeiro,RIC,180515.4190253751,Rio de Janeiro,,,,,,ignore_resolved,
Rio de Janeiro->380,1841,380,Sweden,GPH-AUTONOMOUS-CITED,Rio de Janeiro,Rio de Janeiro,RIC,95403.98242349867,Rio de Janeiro,,,,,,ignore_resolved,
Rio de Janeiro->Kingdom of Sardinia & Two Sicilies,1841,Kingdom of Sardinia & Two Sicilies,Kingdom of Sardinia & Two Sicilies,RIC,Rio de Janeiro,Rio de Janeiro,RIC,69276.75072245754,Rio de Janeiro,,,,,,ignore_resolved,
Rio de Janeiro->230,1841,230,Spain,GPH-AUTONOMOUS-CITED,Rio de Janeiro,Rio de Janeiro,RIC,43545.386168401885,Rio de Janeiro,,,,,,ignore_resolved,
Rio de Janeiro->1161,1841,1161,Buenos Aires,GPH,Rio de Janeiro,Rio de Janeiro,RIC,75214.75792723963,Rio de Janeiro,,,,,,ignore_resolved,
Rio de Janeiro->210,1841,210,Netherlands,GPH-AUTONOMOUS-CITED,Rio de Janeiro,Rio de Janeiro,RIC,22168.560231186413,Rio de Janeiro,,,,,,ignore_resolved,
Rio de Janeiro<-200,1841,Rio de Janeiro,Rio de Janeiro,RIC,200,United Kingdom,GPH-AUTONOMOUS-CITED,1862950.7937136297,Rio de Janeiro,,,,,,ignore_resolved,
Rio de Janeiro<-2,1841,Rio de Janeiro,Rio de Janeiro,RIC,2,United States of America,GPH-AUTONOMOUS-CITED,585883.3775384981,Rio de Janeiro,,,,,,ignore_resolved,
Rio de Janeiro<-Hanse Towns,1841,Rio de Janeiro,Rio de Janeiro,RIC,Hanse Towns,Hanse Towns,RIC,365781.24381457584,Rio de Janeiro,,,,,,ignore_resolved,
Rio de Janeiro<-220,1841,Rio de Janeiro,Rio de Janeiro,RIC,220,France,GPH-AUTONOMOUS-CITED,597363.5248010767,Rio de Janeiro,,,,,,ignore_resolved,
Rio de Janeiro<-235,1841,Rio de Janeiro,Rio de Janeiro,RIC,235,Portugal,GPH-AUTONOMOUS-CITED,268793.7928031353,Rio de Janeiro,,,,,,ignore_resolved,
Rio de Janeiro<-300,1841,Rio de Janeiro,Rio de Janeiro,RIC,300,Austria-Hungary (Austrian Empire),GPH-AUTONOMOUS-CITED,57796.60345987887,Rio de Janeiro,,,,,,ignore_resolved,
Rio de Janeiro<-165,1841,Rio de Janeiro,Rio de Janeiro,RIC,165,Uruguay,GPH-AUTONOMOUS-CITED,255334.30980562925,Rio de Janeiro,,,,,,ignore_resolved,
Rio de Janeiro<-211,1841,Rio de Janeiro,Rio de Janeiro,RIC,211,Belgium,GPH-AUTONOMOUS-CITED,53442.06484303868,Rio de Janeiro,,,,,,ignore_resolved,
Rio de Janeiro<-390,1841,Rio de Janeiro,Rio de Janeiro,RIC,390,Denmark,GPH-AUTONOMOUS-CITED,27710.70028898302,Rio de Janeiro,,,,,,ignore_resolved,
Rio de Janeiro<-380,1841,Rio de Janeiro,Rio de Janeiro,RIC,380,Sweden,GPH-AUTONOMOUS-CITED,67297.41498753018,Rio de Janeiro,,,,,,ignore_resolved,
Rio de Janeiro<-Kingdom of Sardinia & Two Sicilies,1841,Rio de Janeiro,Rio de Janeiro,RIC,Kingdom of Sardinia & Two Sicilies,Kingdom of Sardinia & Two Sicilies,RIC,89861.84236570208,Rio de Janeiro,,,,,,ignore_resolved,
Rio de Janeiro<-230,1841,Rio de Janeiro,Rio de Janeiro,RIC,230,Spain,GPH-AUTONOMOUS-CITED,102133.7239222517,Rio de Janeiro,,,,,,ignore_resolved,
Rio de Janeiro<-1161,1841,Rio de Janeiro,Rio de Janeiro,RIC,1161,Buenos Aires,GPH,104508.92680416453,Rio de Janeiro,,,,,,ignore_resolved,
Rio de Janeiro<-210,1841,Rio de Janeiro,Rio de Janeiro,RIC,210,Netherlands,GPH-AUTONOMOUS-CITED,21376.82593721547,Rio de Janeiro,,,,,,ignore_resolved,
Rio de Janeiro<-155,1841,Rio de Janeiro,Rio de Janeiro,RIC,155,Chile,GPH-AUTONOMOUS-CITED,30283.836744388584,Rio de Janeiro,,,,,,ignore_resolved,
Bahia->200,1841,200,United Kingdom,GPH-AUTONOMOUS-CITED,Bahia,Bahia,RIC,209017.85360832905,Bahia,,,,,,ignore_resolved,
Bahia->220,1841,220,France,GPH-AUTONOMOUS-CITED,Bahia,Bahia,RIC,50433.474525949096,Bahia,,,,,,ignore_resolved,
Bahia->235,1841,235,Portugal,GPH-AUTONOMOUS-CITED,Bahia,Bahia,RIC,74700.1306361585,Bahia,,,,,,ignore_resolved,
Bahia->Hanse Towns,1841,Hanse Towns,Hanse Towns,RIC,Bahia,Bahia,RIC,121847.90784212819,Bahia,,,,,,ignore_resolved,
Bahia->300,1841,300,Austria-Hungary (Austrian Empire),GPH-AUTONOMOUS-CITED,Bahia,Bahia,RIC,103242.15193381102,Bahia,,,,,,ignore_resolved,
Bahia->324,1841,324,Kingdom of Sardinia,GPH-AUTONOMOUS-CITED,Bahia,Bahia,RIC,44139.1868888801,Bahia,,,,,,ignore_resolved,
Bahia->2,1841,2,United States of America,GPH-AUTONOMOUS-CITED,Bahia,Bahia,RIC,1979.3357349273585,Bahia,,,,,,ignore_resolved,
Bahia->Norway & Sweden,1841,Norway & Sweden,Norway & Sweden,RIC,Bahia,Bahia,RIC,38953.32726337041,Bahia,,,,,,ignore_resolved,
Bahia->165,1841,165,Uruguay,GPH-AUTONOMOUS-CITED,Bahia,Bahia,RIC,16072.206167610151,Bahia,,,,,,ignore_resolved,
Bahia->Western Africa,1841,Western Africa,Western Africa,RIC,Bahia,Bahia,RIC,30481.77031788132,Bahia,,,,,,ignore_resolved,
Bahia->329,1841,329,Two Sicilies,GPH-AUTONOMOUS-CITED,Bahia,Bahia,RIC,11876.01440956415,Bahia,,,,,,ignore_resolved,
Bahia->210,1841,210,Netherlands,GPH-AUTONOMOUS-CITED,Bahia,Bahia,RIC,14924.191441352283,Bahia,,,,,,ignore_resolved,
Bahia->390,1841,390,Denmark,GPH-AUTONOMOUS-CITED,Bahia,Bahia,RIC,7758.996080915245,Bahia,,,,,,ignore_resolved,
Bahia<-200,1841,Bahia,Bahia,RIC,200,United Kingdom,GPH-AUTONOMOUS-CITED,704841.4552076324,Bahia,,,,,,ignore_resolved,
Bahia<-220,1841,Bahia,Bahia,RIC,220,France,GPH-AUTONOMOUS-CITED,138236.80772732673,Bahia,,,,,,ignore_resolved,
Bahia<-235,1841,Bahia,Bahia,RIC,235,Portugal,GPH-AUTONOMOUS-CITED,109298.91928268873,Bahia,,,,,,ignore_resolved,
Bahia<-Hanse Towns,1841,Bahia,Bahia,RIC,Hanse Towns,Hanse Towns,RIC,53679.585131229964,Bahia,,,,,,ignore_resolved,
Bahia<-300,1841,Bahia,Bahia,RIC,300,Austria-Hungary (Austrian Empire),GPH-AUTONOMOUS-CITED,3800.3246110605282,Bahia,,,,,,ignore_resolved,
Bahia<-324,1841,Bahia,Bahia,RIC,324,Kingdom of Sardinia,GPH-AUTONOMOUS-CITED,12311.46827124817,Bahia,,,,,,ignore_resolved,
Bahia<-2,1841,Bahia,Bahia,RIC,2,United States of America,GPH-AUTONOMOUS-CITED,53006.61098135466,Bahia,,,,,,ignore_resolved,
Bahia<-Norway & Sweden,1841,Bahia,Bahia,RIC,Norway & Sweden,Norway & Sweden,RIC,4908.752622619849,Bahia,,,,,,ignore_resolved,
Bahia<-165,1841,Bahia,Bahia,RIC,165,Uruguay,GPH-AUTONOMOUS-CITED,19357.903487589567,Bahia,,,,,,ignore_resolved,
Bahia<-Western Africa,1841,Bahia,Bahia,RIC,Western Africa,Western Africa,RIC,4196.191758045999,Bahia,,,,,,ignore_resolved,
Bahia<-329,1841,Bahia,Bahia,RIC,329,Two Sicilies,GPH-AUTONOMOUS-CITED,11044.693400894661,Bahia,,,,,,ignore_resolved,
Bahia<-210,1841,Bahia,Bahia,RIC,210,Netherlands,GPH-AUTONOMOUS-CITED,870.9077233680378,Bahia,,,,,,ignore_resolved,
Bahia<-390,1841,Bahia,Bahia,RIC,390,Denmark,GPH-AUTONOMOUS-CITED,316.69371758837735,Bahia,,,,,,ignore_resolved,
Bahia<-211,1841,Bahia,Bahia,RIC,211,Belgium,GPH-AUTONOMOUS-CITED,5938.007204782075,Bahia,,,,,,ignore_resolved,
Bahia<-230,1841,Bahia,Bahia,RIC,230,Spain,GPH-AUTONOMOUS-CITED,5146.272910811132,Bahia,,,,,,ignore_resolved,
Pernambuco->200,1841,200,United Kingdom,GPH-AUTONOMOUS-CITED,Pernambuco,Pernambuco,RIC,172637.6628003642,Pernambuco,,,,,,ignore_resolved,
Pernambuco->235,1841,235,Portugal,GPH-AUTONOMOUS-CITED,Pernambuco,Pernambuco,RIC,113257.59075254344,Pernambuco,,,,,,ignore_resolved,
Pernambuco->2,1841,2,United States of America,GPH-AUTONOMOUS-CITED,Pernambuco,Pernambuco,RIC,66505.68069355925,Pernambuco,,,,,,ignore_resolved,
Pernambuco->220,1841,220,France,GPH-AUTONOMOUS-CITED,Pernambuco,Pernambuco,RIC,43980.84003008591,Pernambuco,,,,,,ignore_resolved,
Pernambuco->300,1841,300,Austria-Hungary (Austrian Empire),GPH-AUTONOMOUS-CITED,Pernambuco,Pernambuco,RIC,78065.00138553501,Pernambuco,,,,,,ignore_resolved,
Pernambuco->Hanse Towns,1841,Hanse Towns,Hanse Towns,RIC,Pernambuco,Pernambuco,RIC,32817.3864850956,Pernambuco,,,,,,ignore_resolved,
Pernambuco->324,1841,324,Kingdom of Sardinia,GPH-AUTONOMOUS-CITED,Pernambuco,Pernambuco,RIC,21218.479078421282,Pernambuco,,,,,,ignore_resolved,
Pernambuco->380,1841,380,Sweden,GPH-AUTONOMOUS-CITED,Pernambuco,Pernambuco,RIC,14053.283717984245,Pernambuco,,,,,,ignore_resolved,
Pernambuco->230,1841,230,Spain,GPH-AUTONOMOUS-CITED,Pernambuco,Pernambuco,RIC,7125.60864573849,Pernambuco,,,,,,ignore_resolved,
Pernambuco->1161,1841,1161,Buenos Aires,GPH,Pernambuco,Pernambuco,RIC,7442.302363326868,Pernambuco,,,,,,ignore_resolved,
Pernambuco->329,1841,329,Two Sicilies,GPH-AUTONOMOUS-CITED,Pernambuco,Pernambuco,RIC,5027.51276671549,Pernambuco,,,,,,ignore_resolved,
Pernambuco->210,1841,210,Netherlands,GPH-AUTONOMOUS-CITED,Pernambuco,Pernambuco,RIC,3958.671469854717,Pernambuco,,,,,,ignore_resolved,
Pernambuco->165,1841,165,Uruguay,GPH-AUTONOMOUS-CITED,Pernambuco,Pernambuco,RIC,2018.9224496259055,Pernambuco,,,,,,ignore_resolved,
Pernambuco<-200,1841,Pernambuco,Pernambuco,RIC,200,United Kingdom,GPH-AUTONOMOUS-CITED,464075.0564110685,Pernambuco,,,,,,ignore_resolved,
Pernambuco<-235,1841,Pernambuco,Pernambuco,RIC,235,Portugal,GPH-AUTONOMOUS-CITED,98452.1594552868,Pernambuco,,,,,,ignore_resolved,
Pernambuco<-2,1841,Pernambuco,Pernambuco,RIC,2,United States of America,GPH-AUTONOMOUS-CITED,144056.05478801313,Pernambuco,,,,,,ignore_resolved,
Pernambuco<-220,1841,Pernambuco,Pernambuco,RIC,220,France,GPH-AUTONOMOUS-CITED,124460.6310122323,Pernambuco,,,,,,ignore_resolved,
Pernambuco<-300,1841,Pernambuco,Pernambuco,RIC,300,Austria-Hungary (Austrian Empire),GPH-AUTONOMOUS-CITED,12469.815130042358,Pernambuco,,,,,,ignore_resolved,
Pernambuco<-Hanse Towns,1841,Pernambuco,Pernambuco,RIC,Hanse Towns,Hanse Towns,RIC,47543.64435295515,Pernambuco,,,,,,ignore_resolved,
Pernambuco<-230,1841,Pernambuco,Pernambuco,RIC,230,Spain,GPH-AUTONOMOUS-CITED,6650.568069355924,Pernambuco,,,,,,ignore_resolved,
600->200,1841,200,United Kingdom,GPH-AUTONOMOUS-CITED,600,Morocco,GPH-AUTONOMOUS-CITED,329559.39986540517,600,,,,,,ok,
600->220,1841,220,France,GPH-AUTONOMOUS-CITED,600,Morocco,GPH-AUTONOMOUS-CITED,75095.99778314398,600,,,,,,ok,
600->230,1841,230,Spain,GPH-AUTONOMOUS-CITED,600,Morocco,GPH-AUTONOMOUS-CITED,11955.187838961245,600,,,,,,ok,
600->235,1841,235,Portugal,GPH-AUTONOMOUS-CITED,600,Morocco,GPH-AUTONOMOUS-CITED,8907.010807173114,600,,,,,,ok,
600->211,1841,211,Belgium,GPH-AUTONOMOUS-CITED,600,Morocco,GPH-AUTONOMOUS-CITED,1029.2545821622264,600,,,,,,ok,
600->2,1841,2,United States of America,GPH-AUTONOMOUS-CITED,600,Morocco,GPH-AUTONOMOUS-CITED,10609.239539210641,600,,,,,,ok,
600->651,1841,651,Egypt Arab Republic (Egypt),GPH-AUTONOMOUS-CITED,600,Morocco,GPH-AUTONOMOUS-CITED,4354.538616840188,600,,,,,,ok,
600<-200,1841,600,Morocco,GPH-AUTONOMOUS-CITED,200,United Kingdom,GPH-AUTONOMOUS-CITED,352321.7608170698,600,,,,,,ok,
600<-220,1841,600,Morocco,GPH-AUTONOMOUS-CITED,220,France,GPH-AUTONOMOUS-CITED,65159.73239380864,600,,,,,,ok,
600<-230,1841,600,Morocco,GPH-AUTONOMOUS-CITED,230,Spain,GPH-AUTONOMOUS-CITED,7798.582795613792,600,,,,,,ok,
600<-235,1841,600,Morocco,GPH-AUTONOMOUS-CITED,235,Portugal,GPH-AUTONOMOUS-CITED,2929.4168876924905,600,,,,,,ok,
600<-211,1841,600,Morocco,GPH-AUTONOMOUS-CITED,211,Belgium,GPH-AUTONOMOUS-CITED,2256.4427378171886,600,,,,,,ok,
600<-2,1841,600,Morocco,GPH-AUTONOMOUS-CITED,2,United States of America,GPH-AUTONOMOUS-CITED,5858.833775384981,600,,,,,,ok,
616->220,1841,220,France,GPH-AUTONOMOUS-CITED,616,Tunisia (Regency of Tunis),GPH-AUTONOMOUS-CITED,68485.0164284866,616,,,,,,ok,
616->615,1841,615,Algeria (Regency of Algiers),GPH-AUTONOMOUS-CITED,616,Tunisia (Regency of Tunis),GPH-AUTONOMOUS-CITED,32579.86619690432,616,,,,,,ok,
616->Malta & United Kingdom,1841,Malta & United Kingdom,Malta & United Kingdom,RIC,616,Tunisia (Regency of Tunis),GPH-AUTONOMOUS-CITED,20466.331499148888,616,,20466.331499148888,,200|338,,ignore_resolved,
616->337,1841,337,Tuscany,GPH-AUTONOMOUS-CITED,616,Tunisia (Regency of Tunis),GPH-AUTONOMOUS-CITED,20268.39792565615,616,,,,,,ok,
616->324,1841,324,Kingdom of Sardinia,GPH-AUTONOMOUS-CITED,616,Tunisia (Regency of Tunis),GPH-AUTONOMOUS-CITED,4789.992478524207,616,,,,,,ok,
616->350,1841,350,Greece,GPH-AUTONOMOUS-CITED,616,Tunisia (Regency of Tunis),GPH-AUTONOMOUS-CITED,11203.040259688849,616,,,,,,ok,
616->651,1841,651,Egypt Arab Republic (Egypt),GPH-AUTONOMOUS-CITED,616,Tunisia (Regency of Tunis),GPH-AUTONOMOUS-CITED,18407.822334824432,616,,,,,,ok,
616->640,1841,640,Turkey (Ottoman Empire),GPH-AUTONOMOUS-CITED,616,Tunisia (Regency of Tunis),GPH-AUTONOMOUS-CITED,14607.497723763905,616,,,,,,ok,
616->300,1841,300,Austria-Hungary (Austrian Empire),GPH-AUTONOMOUS-CITED,616,Tunisia (Regency of Tunis),GPH-AUTONOMOUS-CITED,197.93357349273583,616,,,,,,ok,
616->329,1841,329,Two Sicilies,GPH-AUTONOMOUS-CITED,616,Tunisia (Regency of Tunis),GPH-AUTONOMOUS-CITED,1900.1623055302641,616,,,,,,ok,
616->Barbary Coast,1841,Barbary Coast,Barbary Coast,RIC,616,Tunisia (Regency of Tunis),GPH-AUTONOMOUS-CITED,554.2140057796604,616,,554.2140057796604,,600|6062|6064,,split_failed_no_ratio,
616->230,1841,230,Spain,GPH-AUTONOMOUS-CITED,616,Tunisia (Regency of Tunis),GPH-AUTONOMOUS-CITED,316.69371758837735,616,,,,,,ok,
616<-220,1841,616,Tunisia (Regency of Tunis),GPH-AUTONOMOUS-CITED,220,France,GPH-AUTONOMOUS-CITED,93028.77954158584,616,,,,,,ok,
616<-615,1841,616,Tunisia (Regency of Tunis),GPH-AUTONOMOUS-CITED,615,Algeria (Regency of Algiers),GPH-AUTONOMOUS-CITED,6175.527492973359,616,,,,,,ok,
616<-Malta & United Kingdom,1841,616,Tunisia (Regency of Tunis),GPH-AUTONOMOUS-CITED,Malta & United Kingdom,Malta & United Kingdom,RIC,69830.9647282372,616,,69830.9647282372,,200|338,,ignore_resolved,
616<-337,1841,616,Tunisia (Regency of Tunis),GPH-AUTONOMOUS-CITED,337,Tuscany,GPH-AUTONOMOUS-CITED,74225.09005977595,616,,,,,,ok,
616<-324,1841,616,Tunisia (Regency of Tunis),GPH-AUTONOMOUS-CITED,324,Kingdom of Sardinia,GPH-AUTONOMOUS-CITED,7679.82265151815,616,,,,,,ok,
616<-350,1841,616,Tunisia (Regency of Tunis),GPH-AUTONOMOUS-CITED,350,Greece,GPH-AUTONOMOUS-CITED,26404.33870393096,616,,,,,,ok,
616<-651,1841,616,Tunisia (Regency of Tunis),GPH-AUTONOMOUS-CITED,651,Egypt Arab Republic (Egypt),GPH-AUTONOMOUS-CITED,33569.534064367996,616,,,,,,ok,
616<-640,1841,616,Tunisia (Regency of Tunis),GPH-AUTONOMOUS-CITED,640,Turkey (Ottoman Empire),GPH-AUTONOMOUS-CITED,17616.08804085349,616,,,,,,ok,
616<-300,1841,616,Tunisia (Regency of Tunis),GPH-AUTONOMOUS-CITED,300,Austria-Hungary (Austrian Empire),GPH-AUTONOMOUS-CITED,3206.5238905823207,616,,,,,,ok,
616<-329,1841,616,Tunisia (Regency of Tunis),GPH-AUTONOMOUS-CITED,329,Two Sicilies,GPH-AUTONOMOUS-CITED,6808.914928150113,616,,,,,,ok,
616<-Barbary Coast,1841,616,Tunisia (Regency of Tunis),GPH-AUTONOMOUS-CITED,Barbary Coast,Barbary Coast,RIC,2296.029452515736,616,,2296.029452515736,,600|6062|6064,,split_failed_no_ratio,
616<-230,1841,616,Tunisia (Regency of Tunis),GPH-AUTONOMOUS-CITED,230,Spain,GPH-AUTONOMOUS-CITED,4592.058905031472,616,,,,,,ok,
326->640,1841,640,Turkey (Ottoman Empire),GPH-AUTONOMOUS-CITED,326,Trieste,GPH,511222.83361703815,326,,,,,,ignore_resolved,
326->British Europe & United Kingdom,1841,British Europe & United Kingdom,British Europe & United Kingdom,RIC,326,Trieste,GPH,355409.5245635565,326,,,,,,ignore_resolved,
326->140,1841,140,Brazil,GPH-AUTONOMOUS-CITED,326,Trieste,GPH,22128.973516487866,326,,,,,,ignore_resolved,
326->651,1841,651,Egypt Arab Republic (Egypt),GPH-AUTONOMOUS-CITED,326,Trieste,GPH,126004.51288547563,326,,,,,,ignore_resolved,
326->329,1841,329,Two Sicilies,GPH-AUTONOMOUS-CITED,326,Trieste,GPH,196785.55876647797,326,,,,,,ignore_resolved,
326->327,1841,327,Papal States,GPH-AUTONOMOUS-CITED,326,Trieste,GPH,431059.73635248013,326,,,,,,ignore_resolved,
326->350,1841,350,Greece,GPH-AUTONOMOUS-CITED,326,Trieste,GPH,342702.18914532283,326,,,,,,ignore_resolved,
326->2,1841,2,United States of America,GPH-AUTONOMOUS-CITED,326,Trieste,GPH,91405.72423894542,326,,,,,,ignore_resolved,
326->Algeria (Regency of Algiers) & France,1841,Algeria (Regency of Algiers) & France,Algeria (Regency of Algiers) & France,RIC,326,Trieste,GPH,166580.8954514865,326,,,,,,ignore_resolved,
326->210,1841,210,Netherlands,GPH-AUTONOMOUS-CITED,326,Trieste,GPH,41684.81057757017,326,,,,,,ignore_resolved,
326->70,1841,70,Mexico,GPH-AUTONOMOUS-CITED,326,Trieste,GPH,277.1070028898302,326,,,,,,ignore_resolved,
326->324,1841,324,Kingdom of Sardinia,GPH-AUTONOMOUS-CITED,326,Trieste,GPH,23791.615533826847,326,,,,,,ignore_resolved,
326->365,1841,365,Russia (USSR),GPH-AUTONOMOUS-CITED,326,Trieste,GPH,2058.5091643244527,326,,,,,,ignore_resolved,
326->211,1841,211,Belgium,GPH-AUTONOMOUS-CITED,326,Trieste,GPH,15676.339020624679,326,,,,,,ignore_resolved,
326->Hanover & Hanse Towns,1841,Hanover & Hanse Towns,Hanover & Hanse Towns,RIC,326,Trieste,GPH,53046.197696053205,326,,,,,,ignore_resolved,
326->235,1841,235,Portugal,GPH-AUTONOMOUS-CITED,326,Trieste,GPH,12588.575274138,326,,,,,,ignore_resolved,
326->337,1841,337,Tuscany,GPH-AUTONOMOUS-CITED,326,Trieste,GPH,35588.45651399391,326,,,,,,ignore_resolved,
326->230,1841,230,Spain,GPH-AUTONOMOUS-CITED,326,Trieste,GPH,16784.767032183998,326,,,,,,ignore_resolved,
326<-640,1841,326,Trieste,GPH,640,Turkey (Ottoman Empire),GPH-AUTONOMOUS-CITED,611139.7015161712,326,,,,,,ignore_resolved,
326<-British Europe & United Kingdom,1841,326,Trieste,GPH,British Europe & United Kingdom,British Europe & United Kingdom,RIC,525553.2243379122,326,,,,,,ignore_resolved,
326<-140,1841,326,Trieste,GPH,140,Brazil,GPH-AUTONOMOUS-CITED,589248.2482878746,326,,,,,,ignore_resolved,
326<-651,1841,326,Trieste,GPH,651,Egypt Arab Republic (Egypt),GPH-AUTONOMOUS-CITED,228494.51724001425,326,,,,,,ignore_resolved,
326<-329,1841,326,Trieste,GPH,329,Two Sicilies,GPH-AUTONOMOUS-CITED,390760.4607893591,326,,,,,,ignore_resolved,
326<-327,1841,326,Trieste,GPH,327,Papal States,GPH-AUTONOMOUS-CITED,203000.67297414987,326,,,,,,ignore_resolved,
326<-350,1841,326,Trieste,GPH,350,Greece,GPH-AUTONOMOUS-CITED,150152.40885158943,326,,,,,,ignore_resolved,
326<-2,1841,326,Trieste,GPH,2,United States of America,GPH-AUTONOMOUS-CITED,275958.9881635723,326,,,,,,ignore_resolved,
326<-Algeria (Regency of Algiers) & France,1841,326,Trieste,GPH,Algeria (Regency of Algiers) & France,Algeria (Regency of Algiers) & France,RIC,145916.63037884486,326,,,,,,ignore_resolved,
326<-210,1841,326,Trieste,GPH,210,Netherlands,GPH-AUTONOMOUS-CITED,182771.86176319228,326,,,,,,ignore_resolved,
326<-70,1841,326,Trieste,GPH,70,Mexico,GPH-AUTONOMOUS-CITED,17497.327896757848,326,,,,,,ignore_resolved,
326<-324,1841,326,Trieste,GPH,324,Kingdom of Sardinia,GPH-AUTONOMOUS-CITED,48256.205217529,326,,,,,,ignore_resolved,
326<-365,1841,326,Trieste,GPH,365,Russia (USSR),GPH-AUTONOMOUS-CITED,62190.728791417605,326,,,,,,ignore_resolved,
326<-211,1841,326,Trieste,GPH,211,Belgium,GPH-AUTONOMOUS-CITED,18764.10276711136,326,,,,,,ignore_resolved,
326<-Hanover & Hanse Towns,1841,326,Trieste,GPH,Hanover & Hanse Towns,Hanover & Hanse Towns,RIC,14924.191441352283,326,,,,,,ignore_resolved,
326<-235,1841,326,Trieste,GPH,235,Portugal,GPH-AUTONOMOUS-CITED,14409.56415027117,326,,,,,,ignore_resolved,
326<-337,1841,326,Trieste,GPH,337,Tuscany,GPH-AUTONOMOUS-CITED,24029.135822018132,326,,,,,,ignore_resolved,
326<-230,1841,326,Trieste,GPH,230,Spain,GPH-AUTONOMOUS-CITED,45168.44147104232,326,,,,,,ignore_resolved,
3343->220,1841,220,France,GPH-AUTONOMOUS-CITED,3343,Fiume,GPH,87842.91991607616,3343,,,,,,ignore_resolved,
3343->327,1841,327,Papal States,GPH-AUTONOMOUS-CITED,3343,Fiume,GPH,237.52028819128302,3343,,,,,,ignore_resolved,
3343->324,1841,324,Kingdom of Sardinia,GPH-AUTONOMOUS-CITED,3343,Fiume,GPH,15082.53830014647,3343,,,,,,ignore_resolved,
3343->200,1841,200,United Kingdom,GPH-AUTONOMOUS-CITED,3343,Fiume,GPH,13063.615850520566,3343,,,,,,ignore_resolved,
3343<-327,1841,3343,Fiume,GPH,327,Papal States,GPH-AUTONOMOUS-CITED,3127.3504611852263,3343,,,,,,ignore_resolved,
210->Germany (Zollverein) (Rhine),1841,Germany (Zollverein) (Rhine),Germany (Zollverein) (Rhine),RIC,210,Netherlands,GPH-AUTONOMOUS-CITED,5443846.245200111,210,,5443846.245200111,,241|242|243|244|245|247|252|254|258|259|261|262|264|266|267|268|269|270|271|272|273|275|277,,split_failed_no_ratio,
210->Hanse Towns,1841,Hanse Towns,Hanse Towns,RIC,210,Netherlands,GPH-AUTONOMOUS-CITED,980246.229365425,210,,,,,,ignore_resolved,
210->239,1841,239,Prussia,GPH-AUTONOMOUS-CITED,210,Netherlands,GPH-AUTONOMOUS-CITED,485847.7494952694,210,,,,,,ok,
210->Germany (Zollverein) (other),1841,Germany (Zollverein) (other),Germany (Zollverein) (other),RIC,210,Netherlands,GPH-AUTONOMOUS-CITED,89822.25565100352,210,,,,,,split_failed_error,
210->British Europe & United Kingdom,1841,British Europe & United Kingdom,British Europe & United Kingdom,RIC,210,Netherlands,GPH-AUTONOMOUS-CITED,1730929.100193975,210,,1730929.100193975,,200|231|338|2249,,ignore_resolved,
210->220,1841,220,France,GPH-AUTONOMOUS-CITED,210,Netherlands,GPH-AUTONOMOUS-CITED,1292664.5817663593,210,,,,,,ok,
210->2,1841,2,United States of America,GPH-AUTONOMOUS-CITED,210,Netherlands,GPH-AUTONOMOUS-CITED,316772.89101777447,210,,,,,,ok,
210->211,1841,211,Belgium,GPH-AUTONOMOUS-CITED,210,Netherlands,GPH-AUTONOMOUS-CITED,419737.93594869564,210,,,,,,ok,
210->325,1841,325,Italy,GPH,210,Netherlands,GPH-AUTONOMOUS-CITED,602707.7312853807,210,,602707.7312853807,,324|329|335|337,,split_failed_no_ratio,
210->Southern America,1841,Southern America,Southern America,RIC,210,Netherlands,GPH-AUTONOMOUS-CITED,4394.125331538736,210,,4394.125331538736,,100|101|110|120|130|135|140|145|150|155|160|165|1163,,split_failed_no_ratio,
210->West Indies (other),1841,West Indies (other),West Indies (other),RIC,210,Netherlands,GPH-AUTONOMOUS-CITED,39863.821701437,210,,39863.821701437,,5|6|30|31|40|41|42|51|54|65|66|91|1032|1048|1055|1058|1063|1064,,split_failed_no_ratio,
210->Denmark & Norway & Sweden,1841,Denmark & Norway & Sweden,Denmark & Norway & Sweden,RIC,210,Netherlands,GPH-AUTONOMOUS-CITED,172637.6628003642,210,,,,,,ignore_resolved,
210->365,1841,365,Russia (USSR),GPH-AUTONOMOUS-CITED,210,Netherlands,GPH-AUTONOMOUS-CITED,118245.5168045604,210,,,,,,ok,
210->Portugal & Spain,1841,Portugal & Spain,Portugal & Spain,RIC,210,Netherlands,GPH-AUTONOMOUS-CITED,55183.88028977475,210,,,,,,ignore_resolved,
210->850,1841,850,Indonesia (Dutch East Indies),GPH-AUTONOMOUS-CITED,210,Netherlands,GPH-AUTONOMOUS-CITED,836902.7354419857,210,,,,,,ok,
210->68,1841,68,Netherlands Antilles,GPH-AUTONOMOUS-CITED,210,Netherlands,GPH-AUTONOMOUS-CITED,165472.46743992716,210,,,,,,ok,
210<-Germany (Zollverein) (Rhine),1841,210,Netherlands,GPH-AUTONOMOUS-CITED,Germany (Zollverein) (Rhine),Germany (Zollverein) (Rhine),RIC,1321167.0163493133,210,,1321167.0163493133,,241|242|243|244|245|247|252|254|258|259|261|262|264|266|267|268|269|270|271|272|273|275|277,,split_failed_no_ratio,
210<-Hanse Towns,1841,210,Netherlands,GPH-AUTONOMOUS-CITED,Hanse Towns,Hanse Towns,RIC,244368.78983413166,210,,,,,,ignore_resolved,
210<-239,1841,210,Netherlands,GPH-AUTONOMOUS-CITED,239,Prussia,GPH-AUTONOMOUS-CITED,231819.80127469223,210,,,,,,ok,
210<-Germany (Zollverein) (other),1841,210,Netherlands,GPH-AUTONOMOUS-CITED,Germany (Zollverein) (other),Germany (Zollverein) (other),RIC,70583.1123075096,210,,,,,,split_failed_error,
210<-British Europe & United Kingdom,1841,210,Netherlands,GPH-AUTONOMOUS-CITED,British Europe & United Kingdom,British Europe & United Kingdom,RIC,4521159.099006373,210,,4521159.099006373,,200|231|338|2249,,split_failed_no_ratio,
210<-220,1841,210,Netherlands,GPH-AUTONOMOUS-CITED,220,France,GPH-AUTONOMOUS-CITED,681722.8138236807,210,,,,,,ok,
210<-2,1841,210,Netherlands,GPH-AUTONOMOUS-CITED,2,United States of America,GPH-AUTONOMOUS-CITED,883971.3392185583,210,,,,,,ok,
210<-211,1841,210,Netherlands,GPH-AUTONOMOUS-CITED,211,Belgium,GPH-AUTONOMOUS-CITED,329638.5732948023,210,,,,,,ok,
210<-325,1841,210,Netherlands,GPH-AUTONOMOUS-CITED,325,Italy,GPH,144847.78908198408,210,,144847.78908198408,,324|329|335|337,,split_failed_no_ratio,
210<-Southern America,1841,210,Netherlands,GPH-AUTONOMOUS-CITED,Southern America,Southern America,RIC,652705.7519496457,210,,652705.7519496457,,100|101|110|120|130|135|140|145|150|155|160|165|1163,,split_failed_no_ratio,
210<-West Indies (other),1841,210,Netherlands,GPH-AUTONOMOUS-CITED,West Indies (other),West Indies (other),RIC,529591.069237164,210,,529591.069237164,,5|6|30|31|40|41|42|51|54|65|66|91|1032|1048|1055|1058|1063|1064,,split_failed_no_ratio,
210<-Denmark & Norway & Sweden,1841,210,Netherlands,GPH-AUTONOMOUS-CITED,Denmark & Norway & Sweden,Denmark & Norway & Sweden,RIC,285776.49340881204,210,,,,,,ignore_resolved,
210<-365,1841,210,Netherlands,GPH-AUTONOMOUS-CITED,365,Russia (USSR),GPH-AUTONOMOUS-CITED,217251.89026562686,210,,,,,,ok,
210<-Portugal & Spain,1841,210,Netherlands,GPH-AUTONOMOUS-CITED,Portugal & Spain,Portugal & Spain,RIC,133565.57539289814,210,,,,,,ignore_resolved,
210<-850,1841,210,Netherlands,GPH-AUTONOMOUS-CITED,850,Indonesia (Dutch East Indies),GPH-AUTONOMOUS-CITED,4893828.431178496,210,,,,,,ok,
210<-68,1841,210,Netherlands,GPH-AUTONOMOUS-CITED,68,Netherlands Antilles,GPH-AUTONOMOUS-CITED,456355.64704485174,210,,,,,,ok,
211->1025,1841,1025,Quebec (Lower Canada),GPH-AUTONOMOUS-CITED,211,Belgium,GPH-AUTONOMOUS-CITED,39.58671469854717,211,,,,,,ok,
211->200,1841,200,United Kingdom,GPH-AUTONOMOUS-CITED,211,Belgium,GPH-AUTONOMOUS-CITED,567158.8614860853,211,,,,,,ok,
211<-200,1841,211,Belgium,GPH-AUTONOMOUS-CITED,200,United Kingdom,GPH-AUTONOMOUS-CITED,1756383.3577451408,211,,,,,,ok,
211->Africa (other),1841,Africa (other),Africa (other),RIC,211,Belgium,GPH-AUTONOMOUS-CITED,9263.291239460037,211,,9263.291239460037,,402|403|411|413|432|433|450|451|481|483|500|511|516|517|520|530|540|541|561|562|570|572|580|585|590|600|615|616|698|4041|4042|4044|4050|4060|4070|4111|4112|4325|4326|4327|4328|4331|4332|4333|4334|4335|4336|4337|4341|4343|4348|4349|4352|4354|4361|4362|4381|4382|4383|4391|4392|4394|4395|4396|4397|4501|4515|4521|4527|4529|4534|4535|4711|4737|4741|4742|4744|4746|4751|4763|4769|4773|4776|4781|4791|4792|4793|4795|4821|4822|4831|4832|4841|4842|4902|4904|4908|4910|5001|5002|5003|5013|5018|5102|5104|5203|5212|5221|5303|5306|5307|5309|5321|5322|5323|5324|5332|5403|5511|5512|5513|5516|5517|5522|5606|5611|5614|5621|5642|5796|5801|5803|5811|5812|5813|5814|5901|5902|5903|6062|6064|6151|6251|6255,,split_failed_no_ratio,
211<-Africa (other),1841,211,Belgium,GPH-AUTONOMOUS-CITED,Africa (other),Africa (other),RIC,3008.590317089585,211,,3008.590317089585,,402|403|411|413|432|433|450|451|481|483|500|511|516|517|520|530|540|541|561|562|570|572|580|585|590|600|615|616|698|4041|4042|4044|4050|4060|4070|4111|4112|4325|4326|4327|4328|4331|4332|4333|4334|4335|4336|4337|4341|4343|4348|4349|4352|4354|4361|4362|4381|4382|4383|4391|4392|4394|4395|4396|4397|4501|4515|4521|4527|4529|4534|4535|4711|4737|4741|4742|4744|4746|4751|4763|4769|4773|4776|4781|4791|4792|4793|4795|4821|4822|4831|4832|4841|4842|4902|4904|4908|4910|5001|5002|5003|5013|5018|5102|5104|5203|5212|5221|5303|5306|5307|5309|5321|5322|5323|5324|5332|5403|5511|5512|5513|5516|5517|5522|5606|5611|5614|5621|5642|5796|5801|5803|5811|5812|5813|5814|5901|5902|5903|6062|6064|6151|6251|6255,,split_failed_no_ratio,
211->300,1841,300,Austria-Hungary (Austrian Empire),GPH-AUTONOMOUS-CITED,211,Belgium,GPH-AUTONOMOUS-CITED,14686.671153161,211,,,,,,ok,
211<-300,1841,211,Belgium,GPH-AUTONOMOUS-CITED,300,Austria-Hungary (Austrian Empire),GPH-AUTONOMOUS-CITED,21891.453228296585,211,,,,,,ok,
211->140,1841,140,Brazil,GPH-AUTONOMOUS-CITED,211,Belgium,GPH-AUTONOMOUS-CITED,61082.300779858284,211,,,,,,ok,
211<-140,1841,211,Belgium,GPH-AUTONOMOUS-CITED,140,Brazil,GPH-AUTONOMOUS-CITED,227900.71651953604,211,,,,,,ok,
211->155,1841,155,Chile,GPH-AUTONOMOUS-CITED,211,Belgium,GPH-AUTONOMOUS-CITED,3127.3504611852263,211,,,,,,ok,
211<-155,1841,211,Belgium,GPH-AUTONOMOUS-CITED,155,Chile,GPH-AUTONOMOUS-CITED,18091.128617236056,211,,,,,,ok,
211->Cuba & Puerto Rico,1841,Cuba & Puerto Rico,Cuba & Puerto Rico,RIC,211,Belgium,GPH-AUTONOMOUS-CITED,27948.220577174303,211,,27948.220577174303,,6|40,,ignore_resolved,
211<-Cuba & Puerto Rico,1841,211,Belgium,GPH-AUTONOMOUS-CITED,Cuba & Puerto Rico,Cuba & Puerto Rico,RIC,326827.91655120545,211,,326827.91655120545,,6|40,,ignore_resolved,
211->390,1841,390,Denmark,GPH-AUTONOMOUS-CITED,211,Belgium,GPH-AUTONOMOUS-CITED,8907.010807173114,211,,,,,,ok,
211<-390,1841,211,Belgium,GPH-AUTONOMOUS-CITED,390,Denmark,GPH-AUTONOMOUS-CITED,51106.448675824395,211,,,,,,ok,
211->329,1841,329,Two Sicilies,GPH-AUTONOMOUS-CITED,211,Belgium,GPH-AUTONOMOUS-CITED,55342.22714856894,211,,,,,,ok,
211<-329,1841,211,Belgium,GPH-AUTONOMOUS-CITED,329,Two Sicilies,GPH-AUTONOMOUS-CITED,31748.545188234828,211,,,,,,ok,
211->651,1841,651,Egypt Arab Republic (Egypt),GPH-AUTONOMOUS-CITED,211,Belgium,GPH-AUTONOMOUS-CITED,23949.962392621037,211,,,,,,ok,
211<-651,1841,211,Belgium,GPH-AUTONOMOUS-CITED,651,Egypt Arab Republic (Egypt),GPH-AUTONOMOUS-CITED,3087.7637464866793,211,,,,,,ok,
211->230,1841,230,Spain,GPH-AUTONOMOUS-CITED,211,Belgium,GPH-AUTONOMOUS-CITED,5067.099481414038,211,,,,,,ok,
211<-230,1841,211,Belgium,GPH-AUTONOMOUS-CITED,230,Spain,GPH-AUTONOMOUS-CITED,45445.54847393215,211,,,,,,ok,
211->2,1841,2,United States of America,GPH-AUTONOMOUS-CITED,211,Belgium,GPH-AUTONOMOUS-CITED,101341.98962828075,211,,,,,,ok,
211<-2,1841,211,Belgium,GPH-AUTONOMOUS-CITED,2,United States of America,GPH-AUTONOMOUS-CITED,764894.5014053284,211,,,,,,ok,
211->220,1841,220,France,GPH-AUTONOMOUS-CITED,211,Belgium,GPH-AUTONOMOUS-CITED,2555520.367364713,211,,,,,,ok,
211<-220,1841,211,Belgium,GPH-AUTONOMOUS-CITED,220,France,GPH-AUTONOMOUS-CITED,1718142.5913463442,211,,,,,,ok,
211->212,1841,212,Luxemburg,GPH-AUTONOMOUS-CITED,211,Belgium,GPH-AUTONOMOUS-CITED,94137.20755314517,211,,,,,,ok,
211<-212,1841,211,Belgium,GPH-AUTONOMOUS-CITED,212,Luxemburg,GPH-AUTONOMOUS-CITED,97977.11887890425,211,,,,,,ok,
211->Greece & Ionian Is.,1841,Greece & Ionian Is.,Greece & Ionian Is.,RIC,211,Belgium,GPH-AUTONOMOUS-CITED,2612.7231701041133,211,,2612.7231701041133,,350|3349,,ignore_resolved,
211->41,1841,41,Haiti,GPH-AUTONOMOUS-CITED,211,Belgium,GPH-AUTONOMOUS-CITED,277.1070028898302,211,,,,,,ok,
211<-Haiti & Venezuela,1841,211,Belgium,GPH-AUTONOMOUS-CITED,Haiti & Venezuela,Haiti & Venezuela,RIC,101896.20363406041,211,,101896.20363406041,,41|101,,ignore_resolved,
211->Hanover & Oldenburg,1841,Hanover & Oldenburg,Hanover & Oldenburg,RIC,211,Belgium,GPH-AUTONOMOUS-CITED,22128.973516487866,211,,22128.973516487866,,240|257,,ignore_resolved,
211<-Hanover & Oldenburg,1841,211,Belgium,GPH-AUTONOMOUS-CITED,Hanover & Oldenburg,Hanover & Oldenburg,RIC,22841.534381061716,211,,22841.534381061716,,240|257,,split_failed_no_ratio,
211->India & People's Republic of China (China) & Singapore,1841,India & People's Republic of China (China) & Singapore,India & People's Republic of China (China) & Singapore,RIC,211,Belgium,GPH-AUTONOMOUS-CITED,7442.302363326868,211,,7442.302363326868,,710|750,,ignore_resolved,
211<-India & People's Republic of China (China) & Singapore,1841,211,Belgium,GPH-AUTONOMOUS-CITED,India & People's Republic of China (China) & Singapore,India & People's Republic of China (China) & Singapore,RIC,2375.20288191283,211,,2375.20288191283,,710|750,,ignore_resolved,
211->Java & Sumatra,1841,Java & Sumatra,Java & Sumatra,RIC,211,Belgium,GPH-AUTONOMOUS-CITED,39.58671469854717,211,,,,,,ignore_resolved,
211<-Java & Sumatra,1841,211,Belgium,GPH-AUTONOMOUS-CITED,Java & Sumatra,Java & Sumatra,RIC,39467.95455445153,211,,,,,,ignore_resolved,
211->280,1841,280,Mecklenburg Schwerin,GPH-AUTONOMOUS-CITED,211,Belgium,GPH-AUTONOMOUS-CITED,7877.756225010887,211,,,,,,ok,
211<-280,1841,211,Belgium,GPH-AUTONOMOUS-CITED,280,Mecklenburg Schwerin,GPH-AUTONOMOUS-CITED,435.4538616840189,211,,,,,,ok,
211->Lucca & Modena & Papal States & Parma & Tuscany,1841,Lucca & Modena & Papal States & Parma & Tuscany,Lucca & Modena & Papal States & Parma & Tuscany,RIC,211,Belgium,GPH-AUTONOMOUS-CITED,1860.575590831717,211,,570.4025089442905,,327|335|337,,split_only_partial,
211<-Lucca & Modena & Papal States & Parma & Tuscany,1841,211,Belgium,GPH-AUTONOMOUS-CITED,Lucca & Modena & Papal States & Parma & Tuscany,Lucca & Modena & Papal States & Parma & Tuscany,RIC,8392.383516091999,211,,2905.287975485908,,327|335|337,,split_only_partial,
211->210,1841,210,Netherlands,GPH-AUTONOMOUS-CITED,211,Belgium,GPH-AUTONOMOUS-CITED,1172083.4487945845,211,,,,,,ok,
211<-210,1841,211,Belgium,GPH-AUTONOMOUS-CITED,210,Netherlands,GPH-AUTONOMOUS-CITED,1405486.7186572186,211,,,,,,ok,
211<-135,1841,211,Belgium,GPH-AUTONOMOUS-CITED,135,Peru,GPH-AUTONOMOUS-CITED,39.58671469854717,211,,,,,,ok,
211->840,1841,840,Philippines,GPH-AUTONOMOUS-CITED,211,Belgium,GPH-AUTONOMOUS-CITED,4473.29876093583,211,,,,,,ok,
211<-840,1841,211,Belgium,GPH-AUTONOMOUS-CITED,840,Philippines,GPH-AUTONOMOUS-CITED,13063.615850520566,211,,,,,,ok,
211->235,1841,235,Portugal,GPH-AUTONOMOUS-CITED,211,Belgium,GPH-AUTONOMOUS-CITED,910.4944380665848,211,,,,,,ok,
211<-235,1841,211,Belgium,GPH-AUTONOMOUS-CITED,235,Portugal,GPH-AUTONOMOUS-CITED,28898.301729939434,211,,,,,,ok,
211<-British America,1841,211,Belgium,GPH-AUTONOMOUS-CITED,British America,British America,RIC,554.2140057796604,211,,554.2140057796604,,20|21|30|31|51|54|110|1022|1023|1024|1026|1048|1055|1063|1163,,split_failed_no_ratio,
211->239,1841,239,Prussia,GPH-AUTONOMOUS-CITED,211,Belgium,GPH-AUTONOMOUS-CITED,496773.68275206845,211,,,,,,ok,
211<-239,1841,211,Belgium,GPH-AUTONOMOUS-CITED,239,Prussia,GPH-AUTONOMOUS-CITED,741934.2068801711,211,,,,,,ok,
211->160,1841,160,Argentina (La Plata),GPH-AUTONOMOUS-CITED,211,Belgium,GPH-AUTONOMOUS-CITED,11876.01440956415,211,,,,,,ok,
211<-160,1841,211,Belgium,GPH-AUTONOMOUS-CITED,160,Argentina (La Plata),GPH-AUTONOMOUS-CITED,129686.07735244052,211,,,,,,ok,
211->365,1841,365,Russia (USSR),GPH-AUTONOMOUS-CITED,211,Belgium,GPH-AUTONOMOUS-CITED,13182.375994616206,211,,,,,,ok,
211<-365,1841,211,Belgium,GPH-AUTONOMOUS-CITED,365,Russia (USSR),GPH-AUTONOMOUS-CITED,541902.5375084121,211,,,,,,ok,
211->Piedmont & Sardinia,1841,Piedmont & Sardinia,Piedmont & Sardinia,RIC,211,Belgium,GPH-AUTONOMOUS-CITED,57163.21602470211,211,,,,,,ignore_resolved,
211<-Piedmont & Sardinia,1841,211,Belgium,GPH-AUTONOMOUS-CITED,Piedmont & Sardinia,Piedmont & Sardinia,RIC,2216.8560231186416,211,,,,,,ignore_resolved,
211->Bavaria & Frankfurt & Saxony,1841,Bavaria & Frankfurt & Saxony,Bavaria & Frankfurt & Saxony,RIC,211,Belgium,GPH-AUTONOMOUS-CITED,170222.87320375282,211,,170222.87320375282,,245|247|269,,split_failed_no_ratio,
211<-Bavaria & Frankfurt & Saxony,1841,211,Belgium,GPH-AUTONOMOUS-CITED,Bavaria & Frankfurt & Saxony,Bavaria & Frankfurt & Saxony,RIC,158.34685879418868,211,,158.34685879418868,,245|247|269,,split_failed_no_ratio,
211->Norway & Sweden,1841,Norway & Sweden,Norway & Sweden,RIC,211,Belgium,GPH-AUTONOMOUS-CITED,39745.06155734136,211,,39745.06155734136,,380|385,,ignore_resolved,
211<-Norway & Sweden,1841,211,Belgium,GPH-AUTONOMOUS-CITED,Norway & Sweden,Norway & Sweden,RIC,97858.3587348086,211,,97858.3587348086,,380|385,,ignore_resolved,
211->225,1841,225,Switzerland,GPH-AUTONOMOUS-CITED,211,Belgium,GPH-AUTONOMOUS-CITED,3246.1106052808677,211,,,,,,ok,
211<-225,1841,211,Belgium,GPH-AUTONOMOUS-CITED,225,Switzerland,GPH-AUTONOMOUS-CITED,40615.969280709396,211,,,,,,ok,
211->Guatemala & Mexico & Texas,1841,Guatemala & Mexico & Texas,Guatemala & Mexico & Texas,RIC,211,Belgium,GPH-AUTONOMOUS-CITED,53600.41170183287,211,,53600.41170183287,,7|70|90,,ignore_resolved,
211<-Guatemala & Mexico & Texas,1841,211,Belgium,GPH-AUTONOMOUS-CITED,Guatemala & Mexico & Texas,Guatemala & Mexico & Texas,RIC,3127.3504611852263,211,,3127.3504611852263,,7|70|90,,ignore_resolved,
211->Archipelago & Turkey (Ottoman Empire),1841,Archipelago & Turkey (Ottoman Empire),Archipelago & Turkey (Ottoman Empire),RIC,211,Belgium,GPH-AUTONOMOUS-CITED,126598.31360595385,211,,,,,,ignore_resolved,
211<-Archipelago & Turkey (Ottoman Empire),1841,211,Belgium,GPH-AUTONOMOUS-CITED,Archipelago & Turkey (Ottoman Empire),Archipelago & Turkey (Ottoman Empire),RIC,10688.412968607736,211,,,,,,ignore_resolved,
211->Hanse Towns,1841,Hanse Towns,Hanse Towns,RIC,211,Belgium,GPH-AUTONOMOUS-CITED,380269.9813942441,211,,380269.9813942441,,246|248|276,,ignore_resolved,
211<-Hanse Towns,1841,211,Belgium,GPH-AUTONOMOUS-CITED,Hanse Towns,Hanse Towns,RIC,25493.844265864376,211,,25493.844265864376,,246|248|276,,ignore_resolved,
291->200,1841,200,United Kingdom,GPH-AUTONOMOUS-CITED,291,Danzig (Free City of Danzig),GPH,1112149.1627409842,291,,,,,,ignore_duplicate,
291->210,1841,210,Netherlands,GPH-AUTONOMOUS-CITED,291,Danzig (Free City of Danzig),GPH,128023.43533510155,291,,,,,,ignore_duplicate,
291->220,1841,220,France,GPH-AUTONOMOUS-CITED,291,Danzig (Free City of Danzig),GPH,59934.286053600415,291,,,,,,ignore_duplicate,
291<-200,1841,291,Danzig (Free City of Danzig),GPH,200,United Kingdom,GPH-AUTONOMOUS-CITED,182573.92818969954,291,,,,,,ignore_duplicate,
291<-210,1841,291,Danzig (Free City of Danzig),GPH,210,Netherlands,GPH-AUTONOMOUS-CITED,76006.49222121056,291,,,,,,ignore_duplicate,
291<-220,1841,291,Danzig (Free City of Danzig),GPH,220,France,GPH-AUTONOMOUS-CITED,65318.07925260283,291,,,,,,ignore_duplicate,
Kaliningrad (Königsberg)->200,1841,200,United Kingdom,GPH-AUTONOMOUS-CITED,Kaliningrad (Königsberg),Kaliningrad (Königsberg),RIC,313012.15312141244,Kaliningrad (Königsberg),,,,,,ignore_duplicate,
Kaliningrad (Königsberg)->Congress Poland & Russia (USSR),1841,Congress Poland & Russia (USSR),Congress Poland & Russia (USSR),RIC,Kaliningrad (Königsberg),Kaliningrad (Königsberg),RIC,83884.24844622145,Kaliningrad (Königsberg),,,,,,ignore_duplicate,
Kaliningrad (Königsberg)->210,1841,210,Netherlands,GPH-AUTONOMOUS-CITED,Kaliningrad (Königsberg),Kaliningrad (Königsberg),RIC,113693.04461422747,Kaliningrad (Königsberg),,,,,,ignore_duplicate,
Kaliningrad (Königsberg)->Norway & Sweden,1841,Norway & Sweden,Norway & Sweden,RIC,Kaliningrad (Königsberg),Kaliningrad (Königsberg),RIC,25414.67083646728,Kaliningrad (Königsberg),,,,,,ignore_duplicate,
Kaliningrad (Königsberg)->Hanse Towns,1841,Hanse Towns,Hanse Towns,RIC,Kaliningrad (Königsberg),Kaliningrad (Königsberg),RIC,11005.106686196114,Kaliningrad (Königsberg),,,,,,ignore_duplicate,
Kaliningrad (Königsberg)->220,1841,220,France,GPH-AUTONOMOUS-CITED,Kaliningrad (Königsberg),Kaliningrad (Königsberg),RIC,24227.06939551087,Kaliningrad (Königsberg),,,,,,ignore_duplicate,
Kaliningrad (Königsberg)->390,1841,390,Denmark,GPH-AUTONOMOUS-CITED,Kaliningrad (Königsberg),Kaliningrad (Königsberg),RIC,12232.294841851075,Kaliningrad (Königsberg),,,,,,ignore_duplicate,
Kaliningrad (Königsberg)->239,1841,239,Prussia,GPH-AUTONOMOUS-CITED,Kaliningrad (Königsberg),Kaliningrad (Königsberg),RIC,2137.682593721547,Kaliningrad (Königsberg),,,,,,ignore_duplicate,
Kaliningrad (Königsberg)<-200,1841,Kaliningrad (Königsberg),Kaliningrad (Königsberg),RIC,200,United Kingdom,GPH-AUTONOMOUS-CITED,141007.877756225,Kaliningrad (Königsberg),,,,,,ignore_duplicate,
Kaliningrad (Königsberg)<-Congress Poland & Russia (USSR),1841,Kaliningrad (Königsberg),Kaliningrad (Königsberg),RIC,Congress Poland & Russia (USSR),Congress Poland & Russia (USSR),RIC,348956.8900676933,Kaliningrad (Königsberg),,,,,,ignore_duplicate,
Kaliningrad (Königsberg)<-210,1841,Kaliningrad (Königsberg),Kaliningrad (Königsberg),RIC,210,Netherlands,GPH-AUTONOMOUS-CITED,36973.99152844305,Kaliningrad (Königsberg),,,,,,ignore_duplicate,
Kaliningrad (Königsberg)<-Norway & Sweden,1841,Kaliningrad (Königsberg),Kaliningrad (Königsberg),RIC,Norway & Sweden,Norway & Sweden,RIC,76639.87965638732,Kaliningrad (Königsberg),,,,,,ignore_duplicate,
Kaliningrad (Königsberg)<-Hanse Towns,1841,Kaliningrad (Königsberg),Kaliningrad (Königsberg),RIC,Hanse Towns,Hanse Towns,RIC,86813.66533391394,Kaliningrad (Königsberg),,,,,,ignore_duplicate,
Kaliningrad (Königsberg)<-220,1841,Kaliningrad (Königsberg),Kaliningrad (Königsberg),RIC,220,France,GPH-AUTONOMOUS-CITED,30877.63746486679,Kaliningrad (Königsberg),,,,,,ignore_duplicate,
Kaliningrad (Königsberg)<-390,1841,Kaliningrad (Königsberg),Kaliningrad (Königsberg),RIC,390,Denmark,GPH-AUTONOMOUS-CITED,5621.313487193698,Kaliningrad (Königsberg),,,,,,ignore_duplicate,
Kaliningrad (Königsberg)<-239,1841,Kaliningrad (Königsberg),Kaliningrad (Königsberg),RIC,239,Prussia,GPH-AUTONOMOUS-CITED,183405.24919836904,Kaliningrad (Königsberg),,,,,,ignore_duplicate,
239<-210,1841,239,Prussia,GPH-AUTONOMOUS-CITED,210,Netherlands,GPH-AUTONOMOUS-CITED,486085.2697834607,239,,,,,,ok,
239<-211,1841,239,Prussia,GPH-AUTONOMOUS-CITED,211,Belgium,GPH-AUTONOMOUS-CITED,496773.68275206845,239,,,,,,ok,
255<-210,1841,255,Germany (Zollverein),GPH,210,Netherlands,GPH-AUTONOMOUS-CITED,5533233.046989431,255,,,,,,ignore_partial_duplicate,
255<-211,1841,255,Germany (Zollverein),GPH,211,Belgium,GPH-AUTONOMOUS-CITED,66188.98697597087,255,,,,,,ignore_partial_duplicate,
51<-200,1841,51,Jamaica,GPH-AUTONOMOUS-CITED,200,United Kingdom,GPH-AUTONOMOUS-CITED,56249,51,,,,,,ok,
51<-British West Indies,1841,51,Jamaica,GPH-AUTONOMOUS-CITED,British West Indies,British West Indies,RIC,6864,51,,6864,,30|31|54|1048|1055|1063,,split_failed_no_ratio,
51<-British Northern America,1841,51,Jamaica,GPH-AUTONOMOUS-CITED,British Northern America,British Northern America,RIC,21600,51,,21600,,20|21|1022|1023|1024|1025|1026,,split_failed_no_ratio,
51<-British Colonies (other),1841,51,Jamaica,GPH-AUTONOMOUS-CITED,British Colonies (other),British Colonies (other),RIC,51,51,,51,,110|231|338|451|561|590|720|750|780|901|902|903|906|920|1163|2249|4044|4050|4383|5614|7501|9004|9620,,split_failed_no_ratio,
51<-2,1841,51,Jamaica,GPH-AUTONOMOUS-CITED,2,United States of America,GPH-AUTONOMOUS-CITED,317706,51,,,,,,ok,
51->200,1841,200,United Kingdom,GPH-AUTONOMOUS-CITED,51,Jamaica,GPH-AUTONOMOUS-CITED,5599,51,,,,,,ok,
51->British West Indies,1841,British West Indies,British West Indies,RIC,51,Jamaica,GPH-AUTONOMOUS-CITED,16,51,,16,,30|31|54|1048|1055|1063,,split_failed_no_ratio,
51->British Colonies (other),1841,British Colonies (other),British Colonies (other),RIC,51,Jamaica,GPH-AUTONOMOUS-CITED,449,51,,449,,110|231|338|451|561|590|720|750|780|901|902|903|906|920|1163|2249|4044|4050|4383|5614|7501|9004|9620,,split_failed_no_ratio,
51->2,1841,2,United States of America,GPH-AUTONOMOUS-CITED,51,Jamaica,GPH-AUTONOMOUS-CITED,2955,51,,,,,,ok,
365->Norway & Sweden,1841,Norway & Sweden,Norway & Sweden,RIC,365,Russia (USSR),GPH-AUTONOMOUS-CITED,240819.25757821367,365,,,,,,ignore_resolved,
365->239,1841,239,Prussia,GPH-AUTONOMOUS-CITED,365,Russia (USSR),GPH-AUTONOMOUS-CITED,657560.5446587778,365,,,,,,ok,
365->Hanse Towns,1841,Hanse Towns,Hanse Towns,RIC,365,Russia (USSR),GPH-AUTONOMOUS-CITED,364901.7668990112,365,,364901.7668990112,,246|248|276,,ignore_resolved,
365->390,1841,390,Denmark,GPH-AUTONOMOUS-CITED,365,Russia (USSR),GPH-AUTONOMOUS-CITED,249816.66396498625,365,,,,,,ok,
365->210,1841,210,Netherlands,GPH-AUTONOMOUS-CITED,365,Russia (USSR),GPH-AUTONOMOUS-CITED,805895.9312692495,365,,,,,,ok,
365->211,1841,211,Belgium,GPH-AUTONOMOUS-CITED,365,Russia (USSR),GPH-AUTONOMOUS-CITED,176637.2183498136,365,,,,,,ok,
365->200,1841,200,United Kingdom,GPH-AUTONOMOUS-CITED,365,Russia (USSR),GPH-AUTONOMOUS-CITED,5487083.806127411,365,,,,,,ok,
365->220,1841,220,France,GPH-AUTONOMOUS-CITED,365,Russia (USSR),GPH-AUTONOMOUS-CITED,961489.7065975037,365,,,,,,ok,
365->Portugal & Spain,1841,Portugal & Spain,Portugal & Spain,RIC,365,Russia (USSR),GPH-AUTONOMOUS-CITED,98148.1601556168,365,,,,,,ignore_resolved,
365->325,1841,325,Italy,GPH,365,Russia (USSR),GPH-AUTONOMOUS-CITED,467013.77857027075,365,,467013.77857027075,,324|329|335|337,,split_failed_no_ratio,
365->300,1841,300,Austria-Hungary (Austrian Empire),GPH-AUTONOMOUS-CITED,365,Russia (USSR),GPH-AUTONOMOUS-CITED,547719.5655697845,365,,,,,,ok,
365->European Turkey,1841,European Turkey,European Turkey,RIC,365,Russia (USSR),GPH-AUTONOMOUS-CITED,712115.739990274,365,,,,,,ignore_resolved,
365->Asian Turkey,1841,Asian Turkey,Asian Turkey,RIC,365,Russia (USSR),GPH-AUTONOMOUS-CITED,73060.78781001783,365,,,,,,ignore_resolved,
365->America,1841,America,America,RIC,365,Russia (USSR),GPH-AUTONOMOUS-CITED,390512.8870157238,365,,390512.8870157238,,2|3|5|6|7|10|20|21|30|31|40|41|42|51|54|65|66|68|70|80|89|90|91|92|93|94|100|101|110|120|130|135|140|145|150|155|160|165|1016|1019|1020|1022|1023|1024|1025|1026|1029|1032|1048|1055|1058|1063|1064|1071|1072|1094|1105|1106|1111|1163|1164|10200|10210,,split_failed_no_ratio,
365->375,1841,375,Finland,GPH,365,Russia (USSR),GPH-AUTONOMOUS-CITED,218705.13859620685,365,,,,,,ignore_internal,
365->2901,1841,2901,Congress Poland,GPH-AUTONOMOUS-CITED,365,Russia (USSR),GPH-AUTONOMOUS-CITED,329832.87404765765,365,,,,,,ok,
365->630,1841,630,Iran (Persia),GPH-AUTONOMOUS-CITED,365,Russia (USSR),GPH-AUTONOMOUS-CITED,122515.96693143137,365,,,,,,ok,
365->Eurasian Steppe,1841,Eurasian Steppe,Eurasian Steppe,RIC,365,Russia (USSR),GPH-AUTONOMOUS-CITED,205407.84568001298,365,,,,,,ignore_internal,
365->7030,1841,7030,Khiva,GPH-AUTONOMOUS-CITED,365,Russia (USSR),GPH-AUTONOMOUS-CITED,38544.01037445291,365,,,,,,ok,
365->7020,1841,7020,Bokhara,GPH-AUTONOMOUS-CITED,365,Russia (USSR),GPH-AUTONOMOUS-CITED,70497.16323553251,365,,,,,,ok,
365->704,1841,704,Uzbekistan,GPH,365,Russia (USSR),GPH-AUTONOMOUS-CITED,105308.47787323716,365,,,,,,ignore_resolved,
365->7010,1841,7010,Kokand,GPH-AUTONOMOUS-CITED,365,Russia (USSR),GPH-AUTONOMOUS-CITED,15457.448532987519,365,,,,,,ok,
365->Europe (other),1841,Europe (other),Europe (other),RIC,365,Russia (USSR),GPH-AUTONOMOUS-CITED,167149.78116388395,365,,167149.78116388395,,11|212|221|223|225|231|232|240|241|242|243|244|245|247|250|251|252|253|254|257|258|259|261|262|264|266|267|268|269|270|271|272|273|274|275|277|280|327|331|338|341|342|350|395|2003|2004|2101|2111|2246|2247|2248|2249|2333|2902|2903|3327|3349|3361|3362|3504|3654|3761|3762,,split_failed_no_ratio,
365->Asia (other),1841,Asia (other),Asia (other),RIC,365,Russia (USSR),GPH-AUTONOMOUS-CITED,412.3845031609662,365,,412.3845031609662,,651|670|672|674|678|681|690|692|694|696|698|700|705|720|721|730|740|741|750|751|752|775|780|781|790|800|811|815|824|835|840|850|860|6306|6800|6821|6822|6823|6825|6826|6828|6832|6833|6844|6846|7001|7002|7003|7070|7121|7411|7501|7502|7504|7505|7506|7511|7512|7513|7514|7515|7516|7517|7519|7521|7522|7523|7526|7527|7528|7529|7531|7532|7533|7534|7535|7537|7538|7539|7541|7542|7543|7544|7545|7546|7549|7552|7553|7570|7573|7574|7577|7579|7581|7582|7584|7585|7586|7587|7588|7691|7693|7694|7702|7703|7704|7706|7707|7709|7750|7751|7752|7755|7756|7757|7758|7760|7762|7766|7767|7768|7769|7770|7771|7772|7773|7774|7775|7776|7777|7778|7779|7780|7782|7783|7784|7785|7786|7787|7788|7792|7793|7794|7795|7796|7797|8002|8124|8171|8201|8202|8203|8210|8221|8223|8401|8501|8502|8503|8510|8520|8521|8522|8523|8531|8532|8533|8536|8541|8550|8551|8560|8571|8572|8573|8574,,split_failed_no_ratio,
365->710,1841,710,People's Republic of China (China),GPH-AUTONOMOUS-CITED,365,Russia (USSR),GPH-AUTONOMOUS-CITED,1162639.4877613876,365,,,,,,ok,
365<-Norway & Sweden,1841,365,Russia (USSR),GPH-AUTONOMOUS-CITED,Norway & Sweden,Norway & Sweden,RIC,192127.89755227754,365,,,,,,ignore_resolved,
365<-239,1841,365,Russia (USSR),GPH-AUTONOMOUS-CITED,239,Prussia,GPH-AUTONOMOUS-CITED,801103.5824282705,365,,,,,,ok,
365<-Hanse Towns,1841,365,Russia (USSR),GPH-AUTONOMOUS-CITED,Hanse Towns,Hanse Towns,RIC,1301842.924298914,365,,1301842.924298914,,246|248|276,,ignore_resolved,
365<-390,1841,365,Russia (USSR),GPH-AUTONOMOUS-CITED,390,Denmark,GPH-AUTONOMOUS-CITED,52495.866428918795,365,,,,,,ok,
365<-210,1841,365,Russia (USSR),GPH-AUTONOMOUS-CITED,210,Netherlands,GPH-AUTONOMOUS-CITED,298523.4235694602,365,,,,,,ok,
365<-211,1841,365,Russia (USSR),GPH-AUTONOMOUS-CITED,211,Belgium,GPH-AUTONOMOUS-CITED,14068.892851353543,365,,,,,,ok,
365<-200,1841,365,Russia (USSR),GPH-AUTONOMOUS-CITED,200,United Kingdom,GPH-AUTONOMOUS-CITED,3539958.015885881,365,,,,,,ok,
365<-220,1841,365,Russia (USSR),GPH-AUTONOMOUS-CITED,220,France,GPH-AUTONOMOUS-CITED,1198227.9137623603,365,,,,,,ok,
365<-Portugal & Spain,1841,365,Russia (USSR),GPH-AUTONOMOUS-CITED,Portugal & Spain,Portugal & Spain,RIC,347887.8262279138,365,,,,,,ignore_resolved,
365<-325,1841,365,Russia (USSR),GPH-AUTONOMOUS-CITED,325,Italy,GPH,293719.0792673043,365,,293719.0792673043,,324|329|335|337,,split_failed_no_ratio,
365<-300,1841,365,Russia (USSR),GPH-AUTONOMOUS-CITED,300,Austria-Hungary (Austrian Empire),GPH-AUTONOMOUS-CITED,460321.44593937433,365,,,,,,ok,
365<-European Turkey,1841,365,Russia (USSR),GPH-AUTONOMOUS-CITED,European Turkey,European Turkey,RIC,555648.5654076836,365,,,,,,ignore_resolved,
365<-Asian Turkey,1841,365,Russia (USSR),GPH-AUTONOMOUS-CITED,Asian Turkey,Asian Turkey,RIC,60702.22078132599,365,,,,,,ignore_resolved,
365<-America,1841,365,Russia (USSR),GPH-AUTONOMOUS-CITED,America,America,RIC,1001524.5582752472,365,,1001524.5582752472,,2|3|5|6|7|10|20|21|30|31|40|41|42|51|54|65|66|68|70|80|89|90|91|92|93|94|100|101|110|120|130|135|140|145|150|155|160|165|1016|1019|1020|1022|1023|1024|1025|1026|1029|1032|1048|1055|1058|1063|1064|1071|1072|1094|1105|1106|1111|1163|1164|10200|10210,,split_failed_no_ratio,
365<-375,1841,365,Russia (USSR),GPH-AUTONOMOUS-CITED,375,Finland,GPH,89408.00778083969,365,,,,,,ignore_internal,
365<-2901,1841,365,Russia (USSR),GPH-AUTONOMOUS-CITED,2901,Congress Poland,GPH-AUTONOMOUS-CITED,133010.37445290972,365,,,,,,ok,
365<-630,1841,365,Russia (USSR),GPH-AUTONOMOUS-CITED,630,Iran (Persia),GPH-AUTONOMOUS-CITED,500784.7301021236,365,,,,,,ok,
365<-Eurasian Steppe,1841,365,Russia (USSR),GPH-AUTONOMOUS-CITED,Eurasian Steppe,Eurasian Steppe,RIC,233312.04409142488,365,,,,,,ignore_internal,
365<-7030,1841,365,Russia (USSR),GPH-AUTONOMOUS-CITED,7030,Khiva,GPH-AUTONOMOUS-CITED,43719.88977143784,365,,,,,,ok,
365<-7020,1841,365,Russia (USSR),GPH-AUTONOMOUS-CITED,7020,Bokhara,GPH-AUTONOMOUS-CITED,236879.0727832712,365,,,,,,ok,
365<-704,1841,365,Russia (USSR),GPH-AUTONOMOUS-CITED,704,Uzbekistan,GPH,86665.7480953153,365,,,,,,ignore_resolved,
365<-7010,1841,365,Russia (USSR),GPH-AUTONOMOUS-CITED,7010,Kokand,GPH-AUTONOMOUS-CITED,4834.981358404928,365,,,,,,ok,
365<-Europe (other),1841,365,Russia (USSR),GPH-AUTONOMOUS-CITED,Europe (other),Europe (other),RIC,371479.6563462474,365,,371479.6563462474,,11|212|221|223|225|231|232|240|241|242|243|244|245|247|250|251|252|253|254|257|258|259|261|262|264|266|267|268|269|270|271|272|273|274|275|277|280|327|331|338|341|342|350|395|2003|2004|2101|2111|2246|2247|2248|2249|2333|2902|2903|3327|3349|3361|3362|3504|3654|3761|3762,,split_failed_no_ratio,
365<-Asia (other),1841,365,Russia (USSR),GPH-AUTONOMOUS-CITED,Asia (other),Asia (other),RIC,3175.0688928513537,365,,3175.0688928513537,,651|670|672|674|678|681|690|692|694|696|698|700|705|720|721|730|740|741|750|751|752|775|780|781|790|800|811|815|824|835|840|850|860|6306|6800|6821|6822|6823|6825|6826|6828|6832|6833|6844|6846|7001|7002|7003|7070|7121|7411|7501|7502|7504|7505|7506|7511|7512|7513|7514|7515|7516|7517|7519|7521|7522|7523|7526|7527|7528|7529|7531|7532|7533|7534|7535|7537|7538|7539|7541|7542|7543|7544|7545|7546|7549|7552|7553|7570|7573|7574|7577|7579|7581|7582|7584|7585|7586|7587|7588|7691|7693|7694|7702|7703|7704|7706|7707|7709|7750|7751|7752|7755|7756|7757|7758|7760|7762|7766|7767|7768|7769|7770|7771|7772|7773|7774|7775|7776|7777|7778|7779|7780|7782|7783|7784|7785|7786|7787|7788|7792|7793|7794|7795|7796|7797|8002|8124|8171|8201|8202|8203|8210|8221|8223|8401|8501|8502|8503|8510|8520|8521|8522|8523|8531|8532|8533|8536|8541|8550|8551|8560|8571|8572|8573|8574,,split_failed_no_ratio,
365<-710,1841,365,Russia (USSR),GPH-AUTONOMOUS-CITED,710,People's Republic of China (China),GPH-AUTONOMOUS-CITED,1246162.4250283677,365,,,,,,ok,
338<-200,1841,338,Malta,GPH-AUTONOMOUS-CITED,200,United Kingdom,GPH-AUTONOMOUS-CITED,25773,338,,,,,,ok,
338<-British Colonies (other),1841,338,Malta,GPH-AUTONOMOUS-CITED,British Colonies (other),British Colonies (other),RIC,4250,338,,4250,,20|21|30|31|51|54|110|231|451|561|590|720|750|780|901|902|903|906|920|1022|1023|1024|1025|1026|1048|1055|1063|1163|2249|4044|4050|4383|5614|7501|9004|9620,,split_failed_no_ratio,
338<-2,1841,338,Malta,GPH-AUTONOMOUS-CITED,2,United States of America,GPH-AUTONOMOUS-CITED,1795,338,,,,,,ok,
101<-British Colonies & United Kingdom,1841,101,Venezuela,GPH-AUTONOMOUS-CITED,British Colonies & United Kingdom,British Colonies & United Kingdom,RIC,355915.2052571157,101,,355915.2052571157,,20|21|30|31|51|54|110|200|231|338|451|561|590|720|750|780|901|902|903|906|920|1022|1023|1024|1025|1026|1048|1055|1063|1163|2249|4044|4050|4383|5614|7501|9004|9620,,split_failed_no_ratio,
101<-Danish Colonies & Denmark,1841,101,Venezuela,GPH-AUTONOMOUS-CITED,Danish Colonies & Denmark,Danish Colonies & Denmark,RIC,229521.91124658566,101,,229521.91124658566,,5|10|11|390|395|7504|7505,,split_failed_no_ratio,
101<-Spain & Spanish Colonies,1841,101,Venezuela,GPH-AUTONOMOUS-CITED,Spain & Spanish Colonies,Spain & Spanish Colonies,RIC,42281.97616879775,101,,42281.97616879775,,6|40|230|411|840|6062|6064|9810|9820,,split_failed_no_ratio,
101<-2,1841,101,Venezuela,GPH-AUTONOMOUS-CITED,2,United States of America,GPH-AUTONOMOUS-CITED,188581.41007877758,101,,,,,,ok,
101<-France & French Colonies,1841,101,Venezuela,GPH-AUTONOMOUS-CITED,France & French Colonies,France & French Colonies,RIC,74955.42535924944,101,,74955.42535924944,,65|66|120|220|433|585|615|751|1029|5801,,split_failed_no_ratio,
101<-Dutch Colonies & Netherlands,1841,101,Venezuela,GPH-AUTONOMOUS-CITED,Dutch Colonies & Netherlands,Dutch Colonies & Netherlands,RIC,62509.5997783144,101,,62509.5997783144,,68|210|850,,ignore_resolved,
101<-Hanse Towns,1841,101,Venezuela,GPH-AUTONOMOUS-CITED,Hanse Towns,Hanse Towns,RIC,213391.78971537153,101,,213391.78971537153,,246|248|276,,ignore_resolved,
101->British Colonies & United Kingdom,1841,British Colonies & United Kingdom,British Colonies & United Kingdom,RIC,101,Venezuela,GPH-AUTONOMOUS-CITED,182273.86089228455,101,,182273.86089228455,,20|21|30|31|51|54|110|200|231|338|451|561|590|720|750|780|901|902|903|906|920|1022|1023|1024|1025|1026|1048|1055|1063|1163|2249|4044|4050|4383|5614|7501|9004|9620,,split_failed_no_ratio,
101->Danish Colonies & Denmark,1841,Danish Colonies & Denmark,Danish Colonies & Denmark,RIC,101,Venezuela,GPH-AUTONOMOUS-CITED,109411.93935315308,101,,109411.93935315308,,5|10|11|390|395|7504|7505,,split_failed_no_ratio,
101->Spain & Spanish Colonies,1841,Spain & Spanish Colonies,Spain & Spanish Colonies,RIC,101,Venezuela,GPH-AUTONOMOUS-CITED,124763.46937967619,101,,124763.46937967619,,6|40|230|411|840|6062|6064|9810|9820,,split_failed_no_ratio,
101->2,1841,2,United States of America,GPH-AUTONOMOUS-CITED,101,Venezuela,GPH-AUTONOMOUS-CITED,278597.68021851865,101,,,,,,ok,
101->France & French Colonies,1841,France & French Colonies,France & French Colonies,RIC,101,Venezuela,GPH-AUTONOMOUS-CITED,117433.83080638137,101,,117433.83080638137,,65|66|120|220|433|585|615|751|1029|5801,,split_failed_no_ratio,
101->Dutch Colonies & Netherlands,1841,Dutch Colonies & Netherlands,Dutch Colonies & Netherlands,RIC,101,Venezuela,GPH-AUTONOMOUS-CITED,40134.87193697795,101,,40134.87193697795,,68|210|850,,ignore_resolved,
101->Hanse Towns,1841,Hanse Towns,Hanse Towns,RIC,101,Venezuela,GPH-AUTONOMOUS-CITED,91718.77597878153,101,,91718.77597878153,,246|248|276,,ignore_resolved,
59<-200,1841,59,Montserrat,GPH,200,United Kingdom,GPH-AUTONOMOUS-CITED,13337,59,,,,,,ignore_resolved,
59<-British West Indies,1841,59,Montserrat,GPH,British West Indies,British West Indies,RIC,6267,59,,,,,,ignore_resolved,
59<-British Northern America,1841,59,Montserrat,GPH,British Northern America,British Northern America,RIC,2698,59,,,,,,ignore_resolved,
59<-2,1841,59,Montserrat,GPH,2,United States of America,GPH-AUTONOMOUS-CITED,995,59,,,,,,ignore_resolved,
59->200,1841,200,United Kingdom,GPH-AUTONOMOUS-CITED,59,Montserrat,GPH,29342,59,,,,,,ignore_resolved,
59->British West Indies,1841,British West Indies,British West Indies,RIC,59,Montserrat,GPH,8727,59,,,,,,ignore_resolved,
380<-385,1841,380,Sweden,GPH-AUTONOMOUS-CITED,385,Norway,GPH-AUTONOMOUS-CITED,220132.76642375495,380,,,,,,ok,
380<-375,1841,380,Sweden,GPH-AUTONOMOUS-CITED,375,Finland,GPH,103403.9226440724,380,,,,,,ignore_resolved,
380<-365,1841,380,Sweden,GPH-AUTONOMOUS-CITED,365,Russia (USSR),GPH-AUTONOMOUS-CITED,135755.86339285213,380,,,,,,ok,
380<-239,1841,380,Sweden,GPH-AUTONOMOUS-CITED,239,Prussia,GPH-AUTONOMOUS-CITED,22995.19956103965,380,,,,,,ok,
380<-Hanover & Hanse Towns & Mecklenburg Schwerin,1841,380,Sweden,GPH-AUTONOMOUS-CITED,Hanover & Hanse Towns & Mecklenburg Schwerin,Hanover & Hanse Towns & Mecklenburg Schwerin,RIC,410991.3592088575,380,,410991.3592088575,,240|246|248|276|280,,ignore_resolved,
380<-390,1841,380,Sweden,GPH-AUTONOMOUS-CITED,390,Denmark,GPH-AUTONOMOUS-CITED,138520.09326529002,380,,,,,,ok,
380<-210,1841,380,Sweden,GPH-AUTONOMOUS-CITED,210,Netherlands,GPH-AUTONOMOUS-CITED,41471.67741039234,380,,,,,,ok,
380<-211,1841,380,Sweden,GPH-AUTONOMOUS-CITED,211,Belgium,GPH-AUTONOMOUS-CITED,16105.609655695773,380,,,,,,ok,
380<-200,1841,380,Sweden,GPH-AUTONOMOUS-CITED,200,United Kingdom,GPH-AUTONOMOUS-CITED,220932.6566994351,380,,,,,,ok,
380<-220,1841,380,Sweden,GPH-AUTONOMOUS-CITED,220,France,GPH-AUTONOMOUS-CITED,30034.56315997796,380,,,,,,ok,
380<-230,1841,380,Sweden,GPH-AUTONOMOUS-CITED,230,Spain,GPH-AUTONOMOUS-CITED,15137.018241626287,380,,,,,,ok,
380<-235,1841,380,Sweden,GPH-AUTONOMOUS-CITED,235,Portugal,GPH-AUTONOMOUS-CITED,14937.868605088635,380,,,,,,ok,
380<-325,1841,380,Sweden,GPH-AUTONOMOUS-CITED,325,Italy,GPH,6566.17747906579,380,,6566.17747906579,,324|329|335|337,,split_failed_no_ratio,
380<-2,1841,380,Sweden,GPH-AUTONOMOUS-CITED,2,United States of America,GPH-AUTONOMOUS-CITED,93163.3520776487,380,,,,,,ok,
380<-West Indies,1841,380,Sweden,GPH-AUTONOMOUS-CITED,West Indies,West Indies,RIC,6369.4966396753,380,,6369.4966396753,,5|6|30|31|40|41|42|51|54|65|66|91|1032|1048|1055|1058|1063|1064,,split_failed_no_ratio,
380<-140,1841,380,Sweden,GPH-AUTONOMOUS-CITED,140,Brazil,GPH-AUTONOMOUS-CITED,165017.6930457687,380,,,,,,ok,
380<-Argentina (La Plata) & Southern America (other),1841,380,Sweden,GPH-AUTONOMOUS-CITED,Argentina (La Plata) & Southern America (other),Argentina (La Plata) & Southern America (other),RIC,3005.349060477286,380,,3005.349060477286,,68|100|101|110|120|130|135|145|150|155|160|165|1163,,split_failed_no_ratio,
380<-Australia & East Indies,1841,380,Sweden,GPH-AUTONOMOUS-CITED,Australia & East Indies,Australia & East Indies,RIC,55867.233575487946,380,,55867.233575487946,,710|720|721|750|751|752|775|780|781|790|800|811|815|824|835|840|850|860|901|902|903|906|7501|7502|7506|7531|7588|7693|8201|8202|8203|8210|8221|8223|8401|8501|8510|8531|8532|8560,,split_failed_no_ratio,
380->385,1841,385,Norway,GPH-AUTONOMOUS-CITED,380,Sweden,GPH-AUTONOMOUS-CITED,84624.6056780013,380,,,,,,ok,
380->375,1841,375,Finland,GPH,380,Sweden,GPH-AUTONOMOUS-CITED,188160.19750325562,380,,,,,,ignore_resolved,
380->365,1841,365,Russia (USSR),GPH-AUTONOMOUS-CITED,380,Sweden,GPH-AUTONOMOUS-CITED,17113.701824119835,380,,,,,,ok,
380->239,1841,239,Prussia,GPH-AUTONOMOUS-CITED,380,Sweden,GPH-AUTONOMOUS-CITED,126808.11959915838,380,,,,,,ok,
380->Hanover & Hanse Towns & Mecklenburg Schwerin,1841,Hanover & Hanse Towns & Mecklenburg Schwerin,Hanover & Hanse Towns & Mecklenburg Schwerin,RIC,380,Sweden,GPH-AUTONOMOUS-CITED,207251.40584225138,380,,207251.40584225138,,240|246|248|276|280,,ignore_resolved,
380->390,1841,390,Denmark,GPH-AUTONOMOUS-CITED,380,Sweden,GPH-AUTONOMOUS-CITED,192931.55945633538,380,,,,,,ok,
380->210,1841,210,Netherlands,GPH-AUTONOMOUS-CITED,380,Sweden,GPH-AUTONOMOUS-CITED,83983.54135212183,380,,,,,,ok,
380->211,1841,211,Belgium,GPH-AUTONOMOUS-CITED,380,Sweden,GPH-AUTONOMOUS-CITED,31987.381703382285,380,,,,,,ok,
380->200,1841,200,United Kingdom,GPH-AUTONOMOUS-CITED,380,Sweden,GPH-AUTONOMOUS-CITED,405845.56302179163,380,,,,,,ok,
380->220,1841,220,France,GPH-AUTONOMOUS-CITED,380,Sweden,GPH-AUTONOMOUS-CITED,119561.37703985856,380,,,,,,ok,
380->230,1841,230,Spain,GPH-AUTONOMOUS-CITED,380,Sweden,GPH-AUTONOMOUS-CITED,16439.720202944893,380,,,,,,ok,
380->235,1841,235,Portugal,GPH-AUTONOMOUS-CITED,380,Sweden,GPH-AUTONOMOUS-CITED,49878.75462885782,380,,,,,,ok,
380->325,1841,325,Italy,GPH,380,Sweden,GPH-AUTONOMOUS-CITED,10825.675490300848,380,,10825.675490300848,,324|329|335|337,,split_failed_no_ratio,
380->Gibraltar & Malta,1841,Gibraltar & Malta,Gibraltar & Malta,RIC,380,Sweden,GPH-AUTONOMOUS-CITED,908.5173501552365,380,,908.5173501552365,,231|338,,ignore_resolved,
380->300,1841,300,Austria-Hungary (Austrian Empire),GPH-AUTONOMOUS-CITED,380,Sweden,GPH-AUTONOMOUS-CITED,4340.145384708983,380,,,,,,ok,
380->640,1841,640,Turkey (Ottoman Empire),GPH-AUTONOMOUS-CITED,380,Sweden,GPH-AUTONOMOUS-CITED,1182.5538334901041,380,,,,,,ok,
380->651,1841,651,Egypt Arab Republic (Egypt),GPH-AUTONOMOUS-CITED,380,Sweden,GPH-AUTONOMOUS-CITED,92.16842682734283,380,,,,,,ok,
380->Northern Africa (other),1841,Northern Africa (other),Northern Africa (other),RIC,380,Sweden,GPH-AUTONOMOUS-CITED,23907.008640724434,380,,23907.008640724434,,600|615|616|6062|6064,,split_failed_no_ratio,
380->2,1841,2,United States of America,GPH-AUTONOMOUS-CITED,380,Sweden,GPH-AUTONOMOUS-CITED,237662.0491009802,380,,,,,,ok,
380->West Indies,1841,West Indies,West Indies,RIC,380,Sweden,GPH-AUTONOMOUS-CITED,3001.234398565351,380,,3001.234398565351,,5|6|30|31|40|41|42|51|54|65|66|91|1032|1048|1055|1058|1063|1064,,split_failed_no_ratio,
380->140,1841,140,Brazil,GPH-AUTONOMOUS-CITED,380,Sweden,GPH-AUTONOMOUS-CITED,43604.71814553942,380,,,,,,ok,
380->Argentina (La Plata) & Southern America (other),1841,Argentina (La Plata) & Southern America (other),Argentina (La Plata) & Southern America (other),RIC,380,Sweden,GPH-AUTONOMOUS-CITED,1904.265532843494,380,,1904.265532843494,,68|100|101|110|120|130|135|145|150|155|160|165|1163,,split_failed_no_ratio,
380->561,1841,561,Cape Colony (Cape of Good Hope),GPH-AUTONOMOUS-CITED,380,Sweden,GPH-AUTONOMOUS-CITED,1886.983952813367,380,,,,,,ok,
380->Australia & East Indies,1841,Australia & East Indies,Australia & East Indies,RIC,380,Sweden,GPH-AUTONOMOUS-CITED,24636.126731519307,380,,24636.126731519307,,710|720|721|750|751|752|775|780|781|790|800|811|815|824|835|840|850|860|901|902|903|906|7501|7502|7506|7531|7588|7693|8201|8202|8203|8210|8221|8223|8401|8501|8510|8531|8532|8560,,split_failed_no_ratio,
Kolkata (Calcutta)->200,1841,200,United Kingdom,GPH-AUTONOMOUS-CITED,Kolkata (Calcutta),Kolkata (Calcutta),RIC,4815686.904268546,Kolkata (Calcutta),,,,,,ignore_duplicate,
Kolkata (Calcutta)->220,1841,220,France,GPH-AUTONOMOUS-CITED,Kolkata (Calcutta),Kolkata (Calcutta),RIC,622772.0679651886,Kolkata (Calcutta),,,,,,ignore_duplicate,
Kolkata (Calcutta)->248,1841,248,Hamburg,GPH-AUTONOMOUS-CITED,Kolkata (Calcutta),Kolkata (Calcutta),RIC,4116.6597596353095,Kolkata (Calcutta),,,,,,ignore_duplicate,
Kolkata (Calcutta)->246,1841,246,Bremen,GPH-AUTONOMOUS-CITED,Kolkata (Calcutta),Kolkata (Calcutta),RIC,10129.403232490677,Kolkata (Calcutta),,,,,,ignore_duplicate,
Kolkata (Calcutta)->326,1841,326,Trieste,GPH,Kolkata (Calcutta),Kolkata (Calcutta),RIC,4952.963116452549,Kolkata (Calcutta),,,,,,ignore_duplicate,
Kolkata (Calcutta)->Northern America,1841,Northern America,Northern America,RIC,Kolkata (Calcutta),Kolkata (Calcutta),RIC,289412.6605884791,Kolkata (Calcutta),,,,,,ignore_duplicate,
Kolkata (Calcutta)->Demerara,1841,Demerara,Demerara,RIC,Kolkata (Calcutta),Kolkata (Calcutta),RIC,1880.7501036054705,Kolkata (Calcutta),,,,,,ignore_duplicate,
Kolkata (Calcutta)->1114,1841,1114,Berbice,GPH,Kolkata (Calcutta),Kolkata (Calcutta),RIC,824.9067550766681,Kolkata (Calcutta),,,,,,ignore_duplicate,
Kolkata (Calcutta)->780,1841,780,Sri Lanka (Ceylon),GPH-AUTONOMOUS-CITED,Kolkata (Calcutta),Kolkata (Calcutta),RIC,9505.387484459181,Kolkata (Calcutta),,,,,,ignore_duplicate,
Kolkata (Calcutta)->901,1841,901,New South Wales,GPH-AUTONOMOUS-CITED,Kolkata (Calcutta),Kolkata (Calcutta),RIC,10285.225859925406,Kolkata (Calcutta),,,,,,ignore_duplicate,
Kolkata (Calcutta)->Arabia & Persian Gulf,1841,Arabia & Persian Gulf,Arabia & Persian Gulf,RIC,Kolkata (Calcutta),Kolkata (Calcutta),RIC,186820.55532532118,Kolkata (Calcutta),,,,,,ignore_duplicate,
Kolkata (Calcutta)->Eastern Asia (other) & Penang,1841,Eastern Asia (other) & Penang,Eastern Asia (other) & Penang,RIC,Kolkata (Calcutta),Kolkata (Calcutta),RIC,714844.2809780356,Kolkata (Calcutta),,,,,,ignore_duplicate,
Kolkata (Calcutta)->Java,1841,Java,Java,RIC,Kolkata (Calcutta),Kolkata (Calcutta),RIC,12190.42685453792,Kolkata (Calcutta),,,,,,ignore_duplicate,
Kolkata (Calcutta)->710,1841,710,People's Republic of China (China),GPH-AUTONOMOUS-CITED,Kolkata (Calcutta),Kolkata (Calcutta),RIC,987729.5897223374,Kolkata (Calcutta),,,,,,ignore_duplicate,
Kolkata (Calcutta)->Bago (Pegu),1841,Bago (Pegu),Bago (Pegu),RIC,Kolkata (Calcutta),Kolkata (Calcutta),RIC,44220.67965188562,Kolkata (Calcutta),,,,,,ignore_duplicate,
Kolkata (Calcutta)->781,1841,781,Maldive Islands,GPH-AUTONOMOUS-CITED,Kolkata (Calcutta),Kolkata (Calcutta),RIC,4525.072523829259,Kolkata (Calcutta),,,,,,ignore_duplicate,
Kolkata (Calcutta)->4050,1841,4050,St. Helena,GPH-AUTONOMOUS-CITED,Kolkata (Calcutta),Kolkata (Calcutta),RIC,1857.8532946539578,Kolkata (Calcutta),,,,,,ignore_duplicate,
Kolkata (Calcutta)->590,1841,590,Mauritius,GPH-AUTONOMOUS-CITED,Kolkata (Calcutta),Kolkata (Calcutta),RIC,234857.54247824286,Kolkata (Calcutta),,,,,,ignore_duplicate,
Kolkata (Calcutta)->561,1841,561,Cape Colony (Cape of Good Hope),GPH-AUTONOMOUS-CITED,Kolkata (Calcutta),Kolkata (Calcutta),RIC,11337.857438872774,Kolkata (Calcutta),,,,,,ignore_duplicate,
Chennai (Madras)<-200,1841,Chennai (Madras),Chennai (Madras),RIC,200,United Kingdom,GPH-AUTONOMOUS-CITED,373665.14711976796,Chennai (Madras),,,,,,ignore_duplicate,
Chennai (Madras)<-220,1841,Chennai (Madras),Chennai (Madras),RIC,220,France,GPH-AUTONOMOUS-CITED,24504.144218814756,Chennai (Madras),,,,,,ignore_duplicate,
Chennai (Madras)<-Canary Is. & Madeira Isles,1841,Chennai (Madras),Chennai (Madras),RIC,Canary Is. & Madeira Isles,Canary Is. & Madeira Isles,RIC,5203.377538334024,Chennai (Madras),,,,,,ignore_duplicate,
Chennai (Madras)<-America,1841,Chennai (Madras),Chennai (Madras),RIC,America,America,RIC,3061.3344384583506,Chennai (Madras),,,,,,ignore_duplicate,
Chennai (Madras)<-Arabia,1841,Chennai (Madras),Chennai (Madras),RIC,Arabia,Arabia,RIC,1568.4832159138004,Chennai (Madras),,,,,,ignore_duplicate,
Chennai (Madras)<-561,1841,Chennai (Madras),Chennai (Madras),RIC,561,Cape Colony (Cape of Good Hope),GPH-AUTONOMOUS-CITED,826.6680480729383,Chennai (Madras),,,,,,ignore_duplicate,
Chennai (Madras)<-780,1841,Chennai (Madras),Chennai (Madras),RIC,780,Sri Lanka (Ceylon),GPH-AUTONOMOUS-CITED,71495.13054289267,Chennai (Madras),,,,,,ignore_duplicate,
Chennai (Madras)<-710,1841,Chennai (Madras),Chennai (Madras),RIC,710,People's Republic of China (China),GPH-AUTONOMOUS-CITED,19307.293825113968,Chennai (Madras),,,,,,ignore_duplicate,
Chennai (Madras)<-751,1841,Chennai (Madras),Chennai (Madras),RIC,751,French India,GPH-AUTONOMOUS-CITED,16792.68545379196,Chennai (Madras),,,,,,ignore_duplicate,
Chennai (Madras)<-7591,1841,Chennai (Madras),Chennai (Madras),RIC,7591,Goa,GPH,1770.6174886033984,Chennai (Madras),,,,,,ignore_duplicate,
Chennai (Madras)<-Persian Gulf,1841,Chennai (Madras),Chennai (Madras),RIC,Persian Gulf,Persian Gulf,RIC,2182.034811438044,Chennai (Madras),,,,,,ignore_duplicate,
Chennai (Madras)<-Java,1841,Chennai (Madras),Chennai (Madras),RIC,Java,Java,RIC,296.82967260671364,Chennai (Madras),,,,,,ignore_duplicate,
Chennai (Madras)<-8271,1841,Chennai (Madras),Chennai (Madras),RIC,8271,Malacca,GPH,50461.562370493164,Chennai (Madras),,,,,,ignore_duplicate,
Chennai (Madras)<-781,1841,Chennai (Madras),Chennai (Madras),RIC,781,Maldive Islands,GPH-AUTONOMOUS-CITED,10537.194363862413,Chennai (Madras),,,,,,ignore_duplicate,
Chennai (Madras)<-Mauritius & Reunion (Bourbon I.),1841,Chennai (Madras),Chennai (Madras),RIC,Mauritius & Reunion (Bourbon I.),Mauritius & Reunion (Bourbon I.),RIC,1420.016576875259,Chennai (Madras),,,,,,ignore_duplicate,
Chennai (Madras)<-901,1841,Chennai (Madras),Chennai (Madras),RIC,901,New South Wales,GPH-AUTONOMOUS-CITED,23.311230832987984,Chennai (Madras),,,,,,ignore_duplicate,
Chennai (Madras)<-Bago (Pegu),1841,Chennai (Madras),Chennai (Madras),RIC,Bago (Pegu),Bago (Pegu),RIC,138111.99751346873,Chennai (Madras),,,,,,ignore_duplicate,
Chennai (Madras)<-7504,1841,Chennai (Madras),Chennai (Madras),RIC,7504,Tranquebar,GPH-AUTONOMOUS-CITED,33868.52465810195,Chennai (Madras),,,,,,ignore_duplicate,
Chennai (Madras)<-7566,1841,Chennai (Madras),Chennai (Madras),RIC,7566,Travancore,GPH,45697.679237463744,Chennai (Madras),,,,,,ignore_duplicate,
Chennai (Madras)<-235,1841,Chennai (Madras),Chennai (Madras),RIC,235,Portugal,GPH-AUTONOMOUS-CITED,118.11023622047244,Chennai (Madras),,,,,,ignore_duplicate,
Chennai (Madras)->200,1841,200,United Kingdom,GPH-AUTONOMOUS-CITED,Chennai (Madras),Chennai (Madras),RIC,580932.2420223788,Chennai (Madras),,,,,,ignore_duplicate,
Chennai (Madras)->220,1841,220,France,GPH-AUTONOMOUS-CITED,Chennai (Madras),Chennai (Madras),RIC,40287.505180273525,Chennai (Madras),,,,,,ignore_duplicate,
Chennai (Madras)->America,1841,America,America,RIC,Chennai (Madras),Chennai (Madras),RIC,1076.0464152507254,Chennai (Madras),,,,,,ignore_duplicate,
Chennai (Madras)->Arabia,1841,Arabia,Arabia,RIC,Chennai (Madras),Chennai (Madras),RIC,102266.47326978865,Chennai (Madras),,,,,,ignore_duplicate,
Chennai (Madras)->561,1841,561,Cape Colony (Cape of Good Hope),GPH-AUTONOMOUS-CITED,Chennai (Madras),Chennai (Madras),RIC,150.9531703273933,Chennai (Madras),,,,,,ignore_duplicate,
Chennai (Madras)->780,1841,780,Sri Lanka (Ceylon),GPH-AUTONOMOUS-CITED,Chennai (Madras),Chennai (Madras),RIC,199119.97513468712,Chennai (Madras),,,,,,ignore_duplicate,
Chennai (Madras)->710,1841,710,People's Republic of China (China),GPH-AUTONOMOUS-CITED,Chennai (Madras),Chennai (Madras),RIC,124420.22378781601,Chennai (Madras),,,,,,ignore_duplicate,
Chennai (Madras)->Eastern Asia (other),1841,Eastern Asia (other),Eastern Asia (other),RIC,Chennai (Madras),Chennai (Madras),RIC,2923.0211355159554,Chennai (Madras),,,,,,ignore_duplicate,
Chennai (Madras)->751,1841,751,French India,GPH-AUTONOMOUS-CITED,Chennai (Madras),Chennai (Madras),RIC,34379.92125984252,Chennai (Madras),,,,,,ignore_duplicate,
Chennai (Madras)->7591,1841,7591,Goa,GPH,Chennai (Madras),Chennai (Madras),RIC,13032.428512225446,Chennai (Madras),,,,,,ignore_duplicate,
Chennai (Madras)->Persian Gulf,1841,Persian Gulf,Persian Gulf,RIC,Chennai (Madras),Chennai (Madras),RIC,12930.79154579362,Chennai (Madras),,,,,,ignore_duplicate,
Chennai (Madras)->8271,1841,8271,Malacca,GPH,Chennai (Madras),Chennai (Madras),RIC,177746.062992126,Chennai (Madras),,,,,,ignore_duplicate,
Chennai (Madras)->781,1841,781,Maldive Islands,GPH-AUTONOMOUS-CITED,Chennai (Madras),Chennai (Madras),RIC,3022.4823870700375,Chennai (Madras),,,,,,ignore_duplicate,
Chennai (Madras)->Mauritius & Reunion (Bourbon I.),1841,Mauritius & Reunion (Bourbon I.),Mauritius & Reunion (Bourbon I.),RIC,Chennai (Madras),Chennai (Madras),RIC,8054.600082884377,Chennai (Madras),,,,,,ignore_duplicate,
Chennai (Madras)->901,1841,901,New South Wales,GPH-AUTONOMOUS-CITED,Chennai (Madras),Chennai (Madras),RIC,349.04682967260675,Chennai (Madras),,,,,,ignore_duplicate,
Chennai (Madras)->Bago (Pegu),1841,Bago (Pegu),Bago (Pegu),RIC,Chennai (Madras),Chennai (Madras),RIC,28922.399502693745,Chennai (Madras),,,,,,ignore_duplicate,
Chennai (Madras)->7504,1841,7504,Tranquebar,GPH-AUTONOMOUS-CITED,Chennai (Madras),Chennai (Madras),RIC,2733.0087028595112,Chennai (Madras),,,,,,ignore_duplicate,
Chennai (Madras)->7566,1841,7566,Travancore,GPH,Chennai (Madras),Chennai (Madras),RIC,5988.810609200166,Chennai (Madras),,,,,,ignore_duplicate,
Chennai (Madras)->Sumatra (West),1841,Sumatra (West),Sumatra (West),RIC,Chennai (Madras),Chennai (Madras),RIC,93.24492333195194,Chennai (Madras),,,,,,ignore_duplicate,
Chennai (Madras)->255,1841,255,Germany (Zollverein),GPH,Chennai (Madras),Chennai (Madras),RIC,4899.709904682968,Chennai (Madras),,,,,,ignore_duplicate,
Chennai (Madras)->235,1841,235,Portugal,GPH-AUTONOMOUS-CITED,Chennai (Madras),Chennai (Madras),RIC,188.56195607128058,Chennai (Madras),,,,,,ignore_duplicate,
Mumbai (Bombay)<-200,1841,Mumbai (Bombay),Mumbai (Bombay),RIC,200,United Kingdom,GPH-AUTONOMOUS-CITED,1785871.840033154,Mumbai (Bombay),,,,,,ignore_duplicate,
Mumbai (Bombay)<-220,1841,Mumbai (Bombay),Mumbai (Bombay),RIC,220,France,GPH-AUTONOMOUS-CITED,22302.424368006632,Mumbai (Bombay),,,,,,ignore_duplicate,
Mumbai (Bombay)<-401,1841,Mumbai (Bombay),Mumbai (Bombay),RIC,401,Madeira Isles,GPH,828.2221301284709,Mumbai (Bombay),,,,,,ignore_duplicate,
Mumbai (Bombay)<-561,1841,Mumbai (Bombay),Mumbai (Bombay),RIC,561,Cape Colony (Cape of Good Hope),GPH-AUTONOMOUS-CITED,65.9966846249482,Mumbai (Bombay),,,,,,ignore_duplicate,
Mumbai (Bombay)<-Mauritius & Reunion (Bourbon I.),1841,Mumbai (Bombay),Mumbai (Bombay),RIC,Mauritius & Reunion (Bourbon I.),Mauritius & Reunion (Bourbon I.),RIC,2875.1554082055536,Mumbai (Bombay),,,,,,ignore_duplicate,
Mumbai (Bombay)<-710,1841,Mumbai (Bombay),Mumbai (Bombay),RIC,710,People's Republic of China (China),GPH-AUTONOMOUS-CITED,492501.0360547037,Mumbai (Bombay),,,,,,ignore_duplicate,
Mumbai (Bombay)<-Manila,1841,Mumbai (Bombay),Mumbai (Bombay),RIC,Manila,Manila,RIC,183.899709904683,Mumbai (Bombay),,,,,,ignore_duplicate,
Mumbai (Bombay)<-Eastern Asia (other) & Penang,1841,Mumbai (Bombay),Mumbai (Bombay),RIC,Eastern Asia (other) & Penang,Eastern Asia (other) & Penang,RIC,183430.06630750105,Mumbai (Bombay),,,,,,ignore_duplicate,
Mumbai (Bombay)<-780,1841,Mumbai (Bombay),Mumbai (Bombay),RIC,780,Sri Lanka (Ceylon),GPH-AUTONOMOUS-CITED,6544.861168669706,Mumbai (Bombay),,,,,,ignore_duplicate,
Mumbai (Bombay)<-752,1841,Mumbai (Bombay),Mumbai (Bombay),RIC,752,Portuguese India,GPH-AUTONOMOUS-CITED,17742.436800663076,Mumbai (Bombay),,,,,,ignore_duplicate,
Mumbai (Bombay)<-Kutch & Sindh,1841,Mumbai (Bombay),Mumbai (Bombay),RIC,Kutch & Sindh,Kutch & Sindh,RIC,168218.91835888935,Mumbai (Bombay),,,,,,ignore_duplicate,
Mumbai (Bombay)<-Persian Gulf,1841,Mumbai (Bombay),Mumbai (Bombay),RIC,Persian Gulf,Persian Gulf,RIC,287199.2333195193,Mumbai (Bombay),,,,,,ignore_duplicate,
Mumbai (Bombay)<-Arabia,1841,Mumbai (Bombay),Mumbai (Bombay),RIC,Arabia,Arabia,RIC,108702.54869457109,Mumbai (Bombay),,,,,,ignore_duplicate,
Mumbai (Bombay)<-Africa Coast,1841,Mumbai (Bombay),Mumbai (Bombay),RIC,Africa Coast,Africa Coast,RIC,54195.29631164526,Mumbai (Bombay),,,,,,ignore_duplicate,
Mumbai (Bombay)<-America,1841,Mumbai (Bombay),Mumbai (Bombay),RIC,America,America,RIC,522.2751761292997,Mumbai (Bombay),,,,,,ignore_duplicate,
Mumbai (Bombay)<-Sydney,1841,Mumbai (Bombay),Mumbai (Bombay),RIC,Sydney,Sydney,RIC,234.66639038541237,Mumbai (Bombay),,,,,,ignore_duplicate,
Mumbai (Bombay)<-Stockholm,1841,Mumbai (Bombay),Mumbai (Bombay),RIC,Stockholm,Stockholm,RIC,4064.2353916286784,Mumbai (Bombay),,,,,,ignore_duplicate,
Mumbai (Bombay)<-Karachi,1841,Mumbai (Bombay),Mumbai (Bombay),RIC,Karachi,Karachi,RIC,6268.234562784915,Mumbai (Bombay),,,,,,ignore_duplicate,
Mumbai (Bombay)<-Sonmiani,1841,Mumbai (Bombay),Mumbai (Bombay),RIC,Sonmiani,Sonmiani,RIC,466.22461665975965,Mumbai (Bombay),,,,,,ignore_duplicate,
Mumbai (Bombay)->America,1841,America,America,RIC,Mumbai (Bombay),Mumbai (Bombay),RIC,1179.548280149192,Mumbai (Bombay),,,,,,ignore_duplicate,
Mumbai (Bombay)->Arabia,1841,Arabia,Arabia,RIC,Mumbai (Bombay),Mumbai (Bombay),RIC,183976.89598010777,Mumbai (Bombay),,,,,,ignore_duplicate,
Mumbai (Bombay)->780,1841,780,Sri Lanka (Ceylon),GPH-AUTONOMOUS-CITED,Mumbai (Bombay),Mumbai (Bombay),RIC,13418.566100290096,Mumbai (Bombay),,,,,,ignore_duplicate,
Mumbai (Bombay)->710,1841,710,People's Republic of China (China),GPH-AUTONOMOUS-CITED,Mumbai (Bombay),Mumbai (Bombay),RIC,1842625.5698300872,Mumbai (Bombay),,,,,,ignore_duplicate,
Mumbai (Bombay)->Africa Coast,1841,Africa Coast,Africa Coast,RIC,Mumbai (Bombay),Mumbai (Bombay),RIC,43583.92043099876,Mumbai (Bombay),,,,,,ignore_duplicate,
Mumbai (Bombay)->Kutch & Sindh,1841,Kutch & Sindh,Kutch & Sindh,RIC,Mumbai (Bombay),Mumbai (Bombay),RIC,478127.64193949447,Mumbai (Bombay),,,,,,ignore_duplicate,
Mumbai (Bombay)->220,1841,220,France,GPH-AUTONOMOUS-CITED,Mumbai (Bombay),Mumbai (Bombay),RIC,12868.213841690842,Mumbai (Bombay),,,,,,ignore_duplicate,
Mumbai (Bombay)->590,1841,590,Mauritius,GPH-AUTONOMOUS-CITED,Mumbai (Bombay),Mumbai (Bombay),RIC,2571.902196435972,Mumbai (Bombay),,,,,,ignore_duplicate,
Mumbai (Bombay)->7591,1841,7591,Goa,GPH,Mumbai (Bombay),Mumbai (Bombay),RIC,18009.73891421467,Mumbai (Bombay),,,,,,ignore_duplicate,
Mumbai (Bombay)->200,1841,200,United Kingdom,GPH-AUTONOMOUS-CITED,Mumbai (Bombay),Mumbai (Bombay),RIC,1902931.2059676752,Mumbai (Bombay),,,,,,ignore_duplicate,
Mumbai (Bombay)->Karachi,1841,Karachi,Karachi,RIC,Mumbai (Bombay),Mumbai (Bombay),RIC,59049.00538748447,Mumbai (Bombay),,,,,,ignore_duplicate,
Mumbai (Bombay)->Eastern Asia (other) & Penang,1841,Eastern Asia (other) & Penang,Eastern Asia (other) & Penang,RIC,Mumbai (Bombay),Mumbai (Bombay),RIC,248565.37505180275,Mumbai (Bombay),,,,,,ignore_duplicate,
Mumbai (Bombay)->Persian Gulf,1841,Persian Gulf,Persian Gulf,RIC,Mumbai (Bombay),Mumbai (Bombay),RIC,427361.9975134687,Mumbai (Bombay),,,,,,ignore_duplicate,
53<-200,1841,53,Barbados,GPH,200,United Kingdom,GPH-AUTONOMOUS-CITED,51681,53,,,,,,ignore_resolved,
53<-British West Indies,1841,53,Barbados,GPH,British West Indies,British West Indies,RIC,28741,53,,,,,,ignore_resolved,
53<-British Northern America,1841,53,Barbados,GPH,British Northern America,British Northern America,RIC,75488,53,,,,,,ignore_resolved,
53<-British Colonies (other),1841,53,Barbados,GPH,British Colonies (other),British Colonies (other),RIC,2580,53,,,,,,ignore_resolved,
53<-2,1841,53,Barbados,GPH,2,United States of America,GPH-AUTONOMOUS-CITED,121955,53,,,,,,ignore_resolved,
53->200,1841,200,United Kingdom,GPH-AUTONOMOUS-CITED,53,Barbados,GPH,408985,53,,,,,,ignore_resolved,
53->British West Indies,1841,British West Indies,British West Indies,RIC,53,Barbados,GPH,115834,53,,,,,,ignore_resolved,
53->British Northern America,1841,British Northern America,British Northern America,RIC,53,Barbados,GPH,751,53,,,,,,ignore_resolved,
53->2,1841,2,United States of America,GPH-AUTONOMOUS-CITED,53,Barbados,GPH,2532,53,,,,,,ignore_resolved,
241 & 242 & 243 & 244 & 245 & 247 & 252 & 254 & 258 & 259 & 261 & 262 & 264 & 266 & 267 & 268 & 269 & 270 & 271 & 272 & 273 & 275 & 277<-210,1841,241 & 242 & 243 & 244 & 245 & 247 & 252 & 254 & 258 & 259 & 261 & 262 & 264 & 266 & 267 & 268 & 269 & 270 & 271 & 272 & 273 & 275 & 277,"Anhalt Dessau & Anhalt Köthen & Anhalt Bernburg & Brunswick & Bavaria & Frankfurt & Lippe & Nassau & Reuss, Older Line & Reuss, Younger Line & Saxe Weimar Eisenach & Saxe Altenburg & Saxe Coburg and Gotha & Saxe Meiningen & Baden & Schwarzburg Sondershausen & Saxony & Schwarzburg Rudolstadt & Wuerttemberg & Waldeck and Pyrmont & Hesse Electoral & People’s State of Hesse (Hesse Grand Ducal) & Hesse Homburg",RIC,210,Netherlands,GPH-AUTONOMOUS-CITED,5047147.77720597,241 & 242 & 243 & 244 & 245 & 247 & 252 & 254 & 258 & 259 & 261 & 262 & 264 & 266 & 267 & 268 & 269 & 270 & 271 & 272 & 273 & 275 & 277,,5047147.77720597,241|242|243|244|245|247|252|254|258|259|261|262|264|266|267|268|269|270|271|272|273|275|277,,,split_only_partial,"255<-210 5047147.77720597 (ratio on 5533233.046989431)
From a flow part-of reporter 255 to/from area 210"
241 & 242 & 243 & 244 & 245 & 247 & 252 & 254 & 258 & 259 & 261 & 262 & 264 & 266 & 267 & 268 & 269 & 270 & 271 & 272 & 273 & 275 & 277<-211,1841,241 & 242 & 243 & 244 & 245 & 247 & 252 & 254 & 258 & 259 & 261 & 262 & 264 & 266 & 267 & 268 & 269 & 270 & 271 & 272 & 273 & 275 & 277,"Anhalt Dessau & Anhalt Köthen & Anhalt Bernburg & Brunswick & Bavaria & Frankfurt & Lippe & Nassau & Reuss, Older Line & Reuss, Younger Line & Saxe Weimar Eisenach & Saxe Altenburg & Saxe Coburg and Gotha & Saxe Meiningen & Baden & Schwarzburg Sondershausen & Saxony & Schwarzburg Rudolstadt & Wuerttemberg & Waldeck and Pyrmont & Hesse Electoral & People’s State of Hesse (Hesse Grand Ducal) & Hesse Homburg",RIC,211,Belgium,GPH-AUTONOMOUS-CITED,0,241 & 242 & 243 & 244 & 245 & 247 & 252 & 254 & 258 & 259 & 261 & 262 & 264 & 266 & 267 & 268 & 269 & 270 & 271 & 272 & 273 & 275 & 277,,0,241|242|243|244|245|247|252|254|258|259|261|262|264|266|267|268|269|270|271|272|273|275|277,,,split_only_partial,"255<-211 0 (ratio on 66188.98697597087)
From a flow part-of reporter 255 to/from area 211"
1048 & 1055 & 1063<-2,1841,1048 & 1055 & 1063,Trinidad & Windward Is. & Leeward Is.,RIC,2,United States of America,GPH-AUTONOMOUS-CITED,400722,1048 & 1055 & 1063,,400722,1048|1055|1063,,,split_only_partial,"British West Indies<-2 400722 (ratio on 808126)
From a flow part-of reporter British West Indies to/from area 2"
1048 & 1055 & 1063<-5,1841,1048 & 1055 & 1063,Trinidad & Windward Is. & Leeward Is.,RIC,5,Virgin Islands (Danish West Indies),GPH-AUTONOMOUS-CITED,58147,1048 & 1055 & 1063,,58147,1048|1055|1063,,,split_only_partial,"British West Indies<-5 58147
From a flow part-of reporter British West Indies to/from area 5"
1048 & 1055 & 1063<-41,1841,1048 & 1055 & 1063,Trinidad & Windward Is. & Leeward Is.,RIC,41,Haiti,GPH-AUTONOMOUS-CITED,4719,1048 & 1055 & 1063,,4719,1048|1055|1063,,,split_only_partial,"British West Indies<-41 4719
From a flow part-of reporter British West Indies to/from area 41"
1048 & 1055 & 1063<-68,1841,1048 & 1055 & 1063,Trinidad & Windward Is. & Leeward Is.,RIC,68,Netherlands Antilles,GPH-AUTONOMOUS-CITED,8625,1048 & 1055 & 1063,,8625,1048|1055|1063,,,split_only_partial,"British West Indies<-68 8625
From a flow part-of reporter British West Indies to/from area 68"
1048 & 1055 & 1063<-70,1841,1048 & 1055 & 1063,Trinidad & Windward Is. & Leeward Is.,RIC,70,Mexico,GPH-AUTONOMOUS-CITED,4454,1048 & 1055 & 1063,,4454,1048|1055|1063,,,split_only_partial,"British West Indies<-70 4454
From a flow part-of reporter British West Indies to/from area 70"
1048 & 1055 & 1063<-90,1841,1048 & 1055 & 1063,Trinidad & Windward Is. & Leeward Is.,RIC,90,Guatemala,GPH-AUTONOMOUS-CITED,5679,1048 & 1055 & 1063,,5679,1048|1055|1063,,,split_only_partial,"British West Indies<-90 5679
From a flow part-of reporter British West Indies to/from area 90"
1048 & 1055 & 1063<-100,1841,1048 & 1055 & 1063,Trinidad & Windward Is. & Leeward Is.,RIC,100,Colombia (New Granada) (Gran Colombia),GPH-AUTONOMOUS-CITED,54771,1048 & 1055 & 1063,,54771,1048|1055|1063,,,split_only_partial,"British West Indies<-100 54771
From a flow part-of reporter British West Indies to/from area 100"
1048 & 1055 & 1063<-140,1841,1048 & 1055 & 1063,Trinidad & Windward Is. & Leeward Is.,RIC,140,Brazil,GPH-AUTONOMOUS-CITED,39,1048 & 1055 & 1063,,39,1048|1055|1063,,,split_only_partial,"British West Indies<-140 39
From a flow part-of reporter British West Indies to/from area 140"
1048 & 1055 & 1063<-200,1841,1048 & 1055 & 1063,Trinidad & Windward Is. & Leeward Is.,RIC,200,United Kingdom,GPH-AUTONOMOUS-CITED,2320308,1048 & 1055 & 1063,,2215058,1048|1055|1063,,,split_only_partial,"British West Indies<-200 2215058 (ratio on 2372541)
From a flow part-of reporter British West Indies to/from area 200
1048 & 1055 & 1063<-205 105250"
1048 & 1055 & 1063<-205,1841,1048 & 1055 & 1063,Trinidad & Windward Is. & Leeward Is.,RIC,205,Ireland,GPH,105250,1048 & 1055 & 1063,,105250,1048|1055|1063,,,ignore_resolved,"British West Indies<-205 105250
From a flow part-of reporter British West Indies to/from area 205"
1048 & 1055 & 1063<-220,1841,1048 & 1055 & 1063,Trinidad & Windward Is. & Leeward Is.,RIC,220,France,GPH-AUTONOMOUS-CITED,4469,1048 & 1055 & 1063,,4469,1048|1055|1063,,,split_only_partial,"British West Indies<-220 4469
From a flow part-of reporter British West Indies to/from area 220"
1048 & 1055 & 1063<-230,1841,1048 & 1055 & 1063,Trinidad & Windward Is. & Leeward Is.,RIC,230,Spain,GPH-AUTONOMOUS-CITED,1420,1048 & 1055 & 1063,,1420,1048|1055|1063,,,split_only_partial,"British West Indies<-230 1420
From a flow part-of reporter British West Indies to/from area 230"
1048 & 1055 & 1063<-255,1841,1048 & 1055 & 1063,Trinidad & Windward Is. & Leeward Is.,RIC,255,Germany (Zollverein),GPH,2867,1048 & 1055 & 1063,,2867,1048|1055|1063,239|241|242|243|244|245|247|252|254|258|259|261|262|264|266|267|268|269|270|271|272|273|275|277,,split_failed_no_ratio,"British West Indies<-255 2867
From a flow part-of reporter British West Indies to/from area 255"
1048 & 1055 & 1063<-325,1841,1048 & 1055 & 1063,Trinidad & Windward Is. & Leeward Is.,RIC,325,Italy,GPH,1291,1048 & 1055 & 1063,,1291,1048|1055|1063,324|329|335|337,,split_failed_no_ratio,"British West Indies<-325 1291
From a flow part-of reporter British West Indies to/from area 325"
1048 & 1055 & 1063<-390,1841,1048 & 1055 & 1063,Trinidad & Windward Is. & Leeward Is.,RIC,390,Denmark,GPH-AUTONOMOUS-CITED,2486,1048 & 1055 & 1063,,2486,1048|1055|1063,,,split_only_partial,"British West Indies<-390 2486
From a flow part-of reporter British West Indies to/from area 390"
1048 & 1055 & 1063<-401,1841,1048 & 1055 & 1063,Trinidad & Windward Is. & Leeward Is.,RIC,401,Madeira Isles,GPH,41519,1048 & 1055 & 1063,,41519,1048|1055|1063,,,ignore_resolved,"British West Indies<-401 41519
From a flow part-of reporter British West Indies to/from area 401"
1048 & 1055 & 1063<-750,1841,1048 & 1055 & 1063,Trinidad & Windward Is. & Leeward Is.,RIC,750,India,GPH-AUTONOMOUS-CITED,8613,1048 & 1055 & 1063,,8613,1048|1055|1063,,,split_only_partial,"British West Indies<-750 8613
From a flow part-of reporter British West Indies to/from area 750"
1048 & 1055 & 1063<-British Northern America,1841,1048 & 1055 & 1063,Trinidad & Windward Is. & Leeward Is.,RIC,British Northern America,British Northern America,RIC,691754,1048 & 1055 & 1063,,691754,1048|1055|1063,20|21|1022|1023|1024|1025|1026,,split_failed_no_ratio,"British West Indies<-British Northern America 691754 (ratio on 740614)
From a flow part-of reporter British West Indies to/from area British Northern America"
1048 & 1055 & 1063<-Guernsey & Jersey,1841,1048 & 1055 & 1063,Trinidad & Windward Is. & Leeward Is.,RIC,Guernsey & Jersey,Guernsey & Jersey,RIC,766,1048 & 1055 & 1063,,766,1048|1055|1063,,,ignore_resolved,"British West Indies<-Guernsey & Jersey 766
From a flow part-of reporter British West Indies to/from area Guernsey & Jersey"
1048 & 1055 & 1063<-British Western Africa,1841,1048 & 1055 & 1063,Trinidad & Windward Is. & Leeward Is.,RIC,British Western Africa,British Western Africa,RIC,283,1048 & 1055 & 1063,,283,1048|1055|1063,451|4044|4383,,split_failed_no_ratio,"British West Indies<-British Western Africa 283
From a flow part-of reporter British West Indies to/from area British Western Africa"
1048 & 1055 & 1063<-Java,1841,1048 & 1055 & 1063,Trinidad & Windward Is. & Leeward Is.,RIC,Java,Java,RIC,14894,1048 & 1055 & 1063,,14894,1048|1055|1063,,,ignore_resolved,"British West Indies<-Java 14894
From a flow part-of reporter British West Indies to/from area Java"
1048 & 1055 & 1063<-Swedish West Indies,1841,1048 & 1055 & 1063,Trinidad & Windward Is. & Leeward Is.,RIC,Swedish West Indies,Swedish West Indies,RIC,9039,1048 & 1055 & 1063,,9039,1048|1055|1063,,,ignore_resolved,"British West Indies<-Swedish West Indies 9039
From a flow part-of reporter British West Indies to/from area Swedish West Indies"
1048 & 1055 & 1063<-French West Indies,1841,1048 & 1055 & 1063,Trinidad & Windward Is. & Leeward Is.,RIC,French West Indies,French West Indies,RIC,75830,1048 & 1055 & 1063,,75830,1048|1055|1063,65|66,,split_failed_no_ratio,"British West Indies<-French West Indies 75830
From a flow part-of reporter British West Indies to/from area French West Indies"
1048 & 1055 & 1063<-Spanish West Indies,1841,1048 & 1055 & 1063,Trinidad & Windward Is. & Leeward Is.,RIC,Spanish West Indies,Spanish West Indies,RIC,61490,1048 & 1055 & 1063,,61490,1048|1055|1063,6|40,,split_failed_no_ratio,"British West Indies<-Spanish West Indies 61490
From a flow part-of reporter British West Indies to/from area Spanish West Indies"
1048 & 1055 & 1063<-West Indies (other),1841,1048 & 1055 & 1063,Trinidad & Windward Is. & Leeward Is.,RIC,West Indies (other),West Indies (other),RIC,11918,1048 & 1055 & 1063,,11918,1048|1055|1063,5|6|30|31|40|41|42|51|54|65|66|68|91|100|1032|1048|1055|1058|1063|1064,,split_failed_no_ratio,"British West Indies<-West Indies (other) 11918
From a flow part-of reporter British West Indies to/from area West Indies (other)
gravity results to be aggregated for partners: 5|41|68|100|1064"
1048 & 1055 & 1063<-North Western America,1841,1048 & 1055 & 1063,Trinidad & Windward Is. & Leeward Is.,RIC,North Western America,North Western America,RIC,767,1048 & 1055 & 1063,,767,1048|1055|1063,2|3|20|70|1016|10200,,split_failed_no_ratio,"British West Indies<-North Western America 767
From a flow part-of reporter British West Indies to/from area North Western America
gravity results to be aggregated for partners: 2|70"
1048 & 1055 & 1063->2,1841,2,United States of America,GPH-AUTONOMOUS-CITED,1048 & 1055 & 1063,Trinidad & Windward Is. & Leeward Is.,RIC,87779,1048 & 1055 & 1063,,87779,1048|1055|1063,,,split_only_partial,"British West Indies->2 87779 (ratio on 105671)
From a flow part-of reporter British West Indies to/from area 2"
1048 & 1055 & 1063->5,1841,5,Virgin Islands (Danish West Indies),GPH-AUTONOMOUS-CITED,1048 & 1055 & 1063,Trinidad & Windward Is. & Leeward Is.,RIC,10701,1048 & 1055 & 1063,,10701,1048|1055|1063,,,split_only_partial,"British West Indies->5 10701
From a flow part-of reporter British West Indies to/from area 5"
1048 & 1055 & 1063->41,1841,41,Haiti,GPH-AUTONOMOUS-CITED,1048 & 1055 & 1063,Trinidad & Windward Is. & Leeward Is.,RIC,234,1048 & 1055 & 1063,,234,1048|1055|1063,,,split_only_partial,"British West Indies->41 234
From a flow part-of reporter British West Indies to/from area 41"
1048 & 1055 & 1063->68,1841,68,Netherlands Antilles,GPH-AUTONOMOUS-CITED,1048 & 1055 & 1063,Trinidad & Windward Is. & Leeward Is.,RIC,14594,1048 & 1055 & 1063,,14594,1048|1055|1063,,,split_only_partial,"British West Indies->68 14594
From a flow part-of reporter British West Indies to/from area 68"
1048 & 1055 & 1063->70,1841,70,Mexico,GPH-AUTONOMOUS-CITED,1048 & 1055 & 1063,Trinidad & Windward Is. & Leeward Is.,RIC,18921,1048 & 1055 & 1063,,18921,1048|1055|1063,,,split_only_partial,"British West Indies->70 18921
From a flow part-of reporter British West Indies to/from area 70"
1048 & 1055 & 1063->90,1841,90,Guatemala,GPH-AUTONOMOUS-CITED,1048 & 1055 & 1063,Trinidad & Windward Is. & Leeward Is.,RIC,7086,1048 & 1055 & 1063,,7086,1048|1055|1063,,,split_only_partial,"British West Indies->90 7086
From a flow part-of reporter British West Indies to/from area 90"
1048 & 1055 & 1063->100,1841,100,Colombia (New Granada) (Gran Colombia),GPH-AUTONOMOUS-CITED,1048 & 1055 & 1063,Trinidad & Windward Is. & Leeward Is.,RIC,108087,1048 & 1055 & 1063,,108087,1048|1055|1063,,,split_only_partial,"British West Indies->100 108087
From a flow part-of reporter British West Indies to/from area 100"
1048 & 1055 & 1063->140,1841,140,Brazil,GPH-AUTONOMOUS-CITED,1048 & 1055 & 1063,Trinidad & Windward Is. & Leeward Is.,RIC,170,1048 & 1055 & 1063,,170,1048|1055|1063,,,split_only_partial,"British West Indies->140 170
From a flow part-of reporter British West Indies to/from area 140"
1048 & 1055 & 1063->200,1841,200,United Kingdom,GPH-AUTONOMOUS-CITED,1048 & 1055 & 1063,Trinidad & Windward Is. & Leeward Is.,RIC,4665076,1048 & 1055 & 1063,,4380617,1048|1055|1063,,,split_only_partial,"British West Indies->200 4380617 (ratio on 4470731)
From a flow part-of reporter British West Indies to/from area 200
1048 & 1055 & 1063->205 284459"
1048 & 1055 & 1063->205,1841,205,Ireland,GPH,1048 & 1055 & 1063,Trinidad & Windward Is. & Leeward Is.,RIC,284459,1048 & 1055 & 1063,,284459,1048|1055|1063,,,ignore_resolved,"British West Indies->205 284459
From a flow part-of reporter British West Indies to/from area 205"
1048 & 1055 & 1063->230,1841,230,Spain,GPH-AUTONOMOUS-CITED,1048 & 1055 & 1063,Trinidad & Windward Is. & Leeward Is.,RIC,6978,1048 & 1055 & 1063,,6978,1048|1055|1063,,,split_only_partial,"British West Indies->230 6978
From a flow part-of reporter British West Indies to/from area 230"
1048 & 1055 & 1063->255,1841,255,Germany (Zollverein),GPH,1048 & 1055 & 1063,Trinidad & Windward Is. & Leeward Is.,RIC,6069,1048 & 1055 & 1063,,6069,1048|1055|1063,239|241|242|243|244|245|247|252|254|258|259|261|262|264|266|267|268|269|270|271|272|273|275|277,,split_failed_no_ratio,"British West Indies->255 6069
From a flow part-of reporter British West Indies to/from area 255"
1048 & 1055 & 1063->British Northern America,1841,British Northern America,British Northern America,RIC,1048 & 1055 & 1063,Trinidad & Windward Is. & Leeward Is.,RIC,28432,1048 & 1055 & 1063,,28432,1048|1055|1063,20|21|1022|1023|1024|1025|1026,,split_failed_no_ratio,"British West Indies->British Northern America 28432 (ratio on 32742)
From a flow part-of reporter British West Indies to/from area British Northern America"
1048 & 1055 & 1063->Swedish West Indies,1841,Swedish West Indies,Swedish West Indies,RIC,1048 & 1055 & 1063,Trinidad & Windward Is. & Leeward Is.,RIC,395,1048 & 1055 & 1063,,395,1048|1055|1063,,,ignore_resolved,"British West Indies->Swedish West Indies 395
From a flow part-of reporter British West Indies to/from area Swedish West Indies"
1048 & 1055 & 1063->French West Indies,1841,French West Indies,French West Indies,RIC,1048 & 1055 & 1063,Trinidad & Windward Is. & Leeward Is.,RIC,17655,1048 & 1055 & 1063,,17655,1048|1055|1063,65|66,,split_failed_no_ratio,"British West Indies->French West Indies 17655
From a flow part-of reporter British West Indies to/from area French West Indies"
1048 & 1055 & 1063->Spanish West Indies,1841,Spanish West Indies,Spanish West Indies,RIC,1048 & 1055 & 1063,Trinidad & Windward Is. & Leeward Is.,RIC,96827,1048 & 1055 & 1063,,96827,1048|1055|1063,6|40,,split_failed_no_ratio,"British West Indies->Spanish West Indies 96827
From a flow part-of reporter British West Indies to/from area Spanish West Indies"
1048 & 1055 & 1063->West Indies (other),1841,West Indies (other),West Indies (other),RIC,1048 & 1055 & 1063,Trinidad & Windward Is. & Leeward Is.,RIC,4322,1048 & 1055 & 1063,,4322,1048|1055|1063,5|6|30|31|40|41|42|51|54|65|66|68|91|100|1032|1048|1055|1058|1063|1064,,split_failed_no_ratio,"British West Indies->West Indies (other) 4322
From a flow part-of reporter British West Indies to/from area West Indies (other)
gravity results to be aggregated for partners: 5|41|68|100|1064"
1055<-200,1841,1055,Windward Is.,GPH-AUTONOMOUS-CITED,200,United Kingdom,GPH-AUTONOMOUS-CITED,166949,1055,,,,,,ok,"1049<-200 42824
From a flow part-of reporter 1049 to/from 200
56<-200 72444
From a flow part-of reporter 56 to/from 200
53<-200 51681
From a flow part-of reporter 53 to/from 200"
1055<-British West Indies,1841,1055,Windward Is.,GPH-AUTONOMOUS-CITED,British West Indies,British West Indies,RIC,67134,1055,,67134,,30|31|51|54|1048|1063,,split_failed_no_ratio,"1049<-British West Indies 24351
From a flow part-of reporter 1049 to/from British West Indies
56<-British West Indies 14042
From a flow part-of reporter 56 to/from British West Indies
53<-British West Indies 28741
From a flow part-of reporter 53 to/from British West Indies"
1055<-British Northern America,1841,1055,Windward Is.,GPH-AUTONOMOUS-CITED,British Northern America,British Northern America,RIC,91641,1055,,91641,,20|21|1022|1023|1024|1025|1026,,split_failed_no_ratio,"1049<-British Northern America 8316
From a flow part-of reporter 1049 to/from British Northern America
56<-British Northern America 7837
From a flow part-of reporter 56 to/from British Northern America
53<-British Northern America 75488
From a flow part-of reporter 53 to/from British Northern America"
1055->200,1841,200,United Kingdom,GPH-AUTONOMOUS-CITED,1055,Windward Is.,GPH-AUTONOMOUS-CITED,626098,1055,,,,,,ok,"1049->200 86934
From a flow part-of reporter 1049 to/from 200
56->200 130179
From a flow part-of reporter 56 to/from 200
53->200 408985
From a flow part-of reporter 53 to/from 200"
1055->British West Indies,1841,British West Indies,British West Indies,RIC,1055,Windward Is.,GPH-AUTONOMOUS-CITED,126649,1055,,126649,,30|31|51|54|1048|1063,,split_failed_no_ratio,"1049->British West Indies 950
From a flow part-of reporter 1049 to/from British West Indies
56->British West Indies 9865
From a flow part-of reporter 56 to/from British West Indies
53->British West Indies 115834
From a flow part-of reporter 53 to/from British West Indies"
1055<-2,1841,1055,Windward Is.,GPH-AUTONOMOUS-CITED,2,United States of America,GPH-AUTONOMOUS-CITED,124524,1055,missing 1049,,,,,ok,"56<-2 2569
From a flow part-of reporter 56 to/from 2
53<-2 121955
From a flow part-of reporter 53 to/from 2"
327<-300,1841,327,Papal States,GPH-AUTONOMOUS-CITED,300,Austria-Hungary (Austrian Empire),GPH-AUTONOMOUS-CITED,350184.07822334825,327,missing Civitavecchia,,,,,ok,"3271<-300 350184.07822334825
From a flow part-of reporter 3271 to/from 300"
327<-329,1841,327,Papal States,GPH-AUTONOMOUS-CITED,329,Two Sicilies,GPH-AUTONOMOUS-CITED,49047.93951149994,327,,,,,,ok,"3271<-329 31233.917897153715
From a flow part-of reporter 3271 to/from 329
Civitavecchia<-329 17814.021614346228
From a flow part-of reporter Civitavecchia to/from 329"
327<-350,1841,327,Papal States,GPH-AUTONOMOUS-CITED,350,Greece,GPH-AUTONOMOUS-CITED,19753.770634575038,327,missing Civitavecchia,,,,,ok,"3271<-350 19753.770634575038
From a flow part-of reporter 3271 to/from 350"
327<-British Colonies & United Kingdom,1841,327,Papal States,GPH-AUTONOMOUS-CITED,British Colonies & United Kingdom,British Colonies & United Kingdom,RIC,292110.36776057957,327,,292110.36776057957,,20|21|30|31|51|54|110|200|231|338|451|561|590|720|750|780|901|902|903|906|920|1022|1023|1024|1025|1026|1048|1055|1063|1163|2249|4044|4050|4383|5614|7501|9004|9620,,split_failed_no_ratio,"3271<-British Colonies & United Kingdom 232928.22928625153
From a flow part-of reporter 3271 to/from British Colonies & United Kingdom
Civitavecchia<-British Colonies & United Kingdom 59182.138474328014
From a flow part-of reporter Civitavecchia to/from British Colonies & United Kingdom"
327<-France & French Colonies,1841,327,Papal States,GPH-AUTONOMOUS-CITED,France & French Colonies,France & French Colonies,RIC,166937.1758837734,327,,166937.1758837734,,65|66|120|220|433|585|615|751|1029|5801,,split_failed_no_ratio,"3271<-France & French Colonies 18130.715331934603
From a flow part-of reporter 3271 to/from France & French Colonies
Civitavecchia<-France & French Colonies 148806.4605518388
From a flow part-of reporter Civitavecchia to/from France & French Colonies"
327->300,1841,300,Austria-Hungary (Austrian Empire),GPH-AUTONOMOUS-CITED,327,Papal States,GPH-AUTONOMOUS-CITED,110367.7605795495,327,missing Civitavecchia,,,,,ok,"3271->300 110367.7605795495
From a flow part-of reporter 3271 to/from 300"
327->329,1841,329,Two Sicilies,GPH-AUTONOMOUS-CITED,327,Papal States,GPH-AUTONOMOUS-CITED,32579.86619690432,327,,,,,,ok,"3271->329 26523.098848026602
From a flow part-of reporter 3271 to/from 329
Civitavecchia->329 6056.767348877717
From a flow part-of reporter Civitavecchia to/from 329"
327->350,1841,350,Greece,GPH-AUTONOMOUS-CITED,327,Papal States,GPH-AUTONOMOUS-CITED,17299.394323265115,327,missing Civitavecchia,,,,,ok,"3271->350 17299.394323265115
From a flow part-of reporter 3271 to/from 350"
327->British Colonies & United Kingdom,1841,British Colonies & United Kingdom,British Colonies & United Kingdom,RIC,327,Papal States,GPH-AUTONOMOUS-CITED,189897.47040893076,327,,189897.47040893076,,20|21|30|31|51|54|110|200|231|338|451|561|590|720|750|780|901|902|903|906|920|1022|1023|1024|1025|1026|1048|1055|1063|1163|2249|4044|4050|4383|5614|7501|9004|9620,,split_failed_no_ratio,"3271->British Colonies & United Kingdom 176477.57412612328
From a flow part-of reporter 3271 to/from British Colonies & United Kingdom
Civitavecchia->British Colonies & United Kingdom 13419.896282807491
From a flow part-of reporter Civitavecchia to/from British Colonies & United Kingdom"
327->France & French Colonies,1841,France & French Colonies,France & French Colonies,RIC,327,Papal States,GPH-AUTONOMOUS-CITED,94810.18170302047,327,,94810.18170302047,,65|66|120|220|433|585|615|751|1029|5801,,split_failed_no_ratio,"3271->France & French Colonies 30442.183603182773
From a flow part-of reporter 3271 to/from France & French Colonies
Civitavecchia->France & French Colonies 64367.9980998377
From a flow part-of reporter Civitavecchia to/from France & French Colonies"
1063<-2,1841,1063,Leeward Is.,GPH-AUTONOMOUS-CITED,2,United States of America,GPH-AUTONOMOUS-CITED,61907,1063,,,,,,ok,"1061<-2 1482
From a flow part-of reporter 1061 to/from 2
1076<-2 5876
From a flow part-of reporter 1076 to/from 2
58<-2 35509
From a flow part-of reporter 58 to/from 2
1075<-2 18045
From a flow part-of reporter 1075 to/from 2
59<-2 995
From a flow part-of reporter 59 to/from 2"
1063<-200,1841,1063,Leeward Is.,GPH-AUTONOMOUS-CITED,200,United Kingdom,GPH-AUTONOMOUS-CITED,15395,1063,missing 58|1075,,,,,ok,"1061<-200 889
From a flow part-of reporter 1061 to/from 200
1076<-200 1169
From a flow part-of reporter 1076 to/from 200
59<-200 13337
From a flow part-of reporter 59 to/from 200"
1063<-British West Indies,1841,1063,Leeward Is.,GPH-AUTONOMOUS-CITED,British West Indies,British West Indies,RIC,53698,1063,,53698,,30|31|51|54|1048|1055,,split_failed_no_ratio,"1061<-British West Indies 6519
From a flow part-of reporter 1061 to/from British West Indies
1076<-British West Indies 9184
From a flow part-of reporter 1076 to/from British West Indies
58<-British West Indies 14557
From a flow part-of reporter 58 to/from British West Indies
1075<-British West Indies 17171
From a flow part-of reporter 1075 to/from British West Indies
59<-British West Indies 6267
From a flow part-of reporter 59 to/from British West Indies"
1063->200,1841,200,United Kingdom,GPH-AUTONOMOUS-CITED,1063,Leeward Is.,GPH-AUTONOMOUS-CITED,456667,1063,,,,,,ok,"1061->200 17612
From a flow part-of reporter 1061 to/from 200
1076->200 17341
From a flow part-of reporter 1076 to/from 200
58->200 288380
From a flow part-of reporter 58 to/from 200
1075->200 103992
From a flow part-of reporter 1075 to/from 200
59->200 29342
From a flow part-of reporter 59 to/from 200"
1063->British West Indies,1841,British West Indies,British West Indies,RIC,1063,Leeward Is.,GPH-AUTONOMOUS-CITED,29147,1063,missing 58,29147,,30|31|51|54|1048|1055,,split_failed_no_ratio,"1061->British West Indies 2973
From a flow part-of reporter 1061 to/from British West Indies
1076->British West Indies 15553
From a flow part-of reporter 1076 to/from British West Indies
1075->British West Indies 1894
From a flow part-of reporter 1075 to/from British West Indies
59->British West Indies 8727
From a flow part-of reporter 59 to/from British West Indies"
1063<-British Northern America,1841,1063,Leeward Is.,GPH-AUTONOMOUS-CITED,British Northern America,British Northern America,RIC,41318,1063,missing 1061,41318,,20|21|1022|1023|1024|1025|1026,,split_failed_no_ratio,"1076<-British Northern America 6286
From a flow part-of reporter 1076 to/from British Northern America
58<-British Northern America 25251
From a flow part-of reporter 58 to/from British Northern America
1075<-British Northern America 7083
From a flow part-of reporter 1075 to/from British Northern America
59<-British Northern America 2698
From a flow part-of reporter 59 to/from British Northern America"
1063->2,1841,2,United States of America,GPH-AUTONOMOUS-CITED,1063,Leeward Is.,GPH-AUTONOMOUS-CITED,380,1063,missing 1061|58|59,,,,,ok,"1076->2 40
From a flow part-of reporter 1076 to/from 2
1075->2 340
From a flow part-of reporter 1075 to/from 2"
327<-230,1841,327,Papal States,GPH-AUTONOMOUS-CITED,230,Spain,GPH-AUTONOMOUS-CITED,4077.4316139503585,327,missing 3271,,,,,ok,"Civitavecchia<-230 4077.4316139503585
From a flow part-of reporter Civitavecchia to/from 230"
327<-324,1841,327,Papal States,GPH-AUTONOMOUS-CITED,324,Kingdom of Sardinia,GPH-AUTONOMOUS-CITED,122718.81556549622,327,missing 3271,,,,,ok,"Civitavecchia<-324 122718.81556549622
From a flow part-of reporter Civitavecchia to/from 324"
327<-337,1841,327,Papal States,GPH-AUTONOMOUS-CITED,337,Tuscany,GPH-AUTONOMOUS-CITED,65357.66596730138,327,missing 3271,,,,,ok,"Civitavecchia<-337 65357.66596730138
From a flow part-of reporter Civitavecchia to/from 337"
327->230,1841,230,Spain,GPH-AUTONOMOUS-CITED,327,Papal States,GPH-AUTONOMOUS-CITED,15597.165591227584,327,missing 3271,,,,,ok,"Civitavecchia->230 15597.165591227584
From a flow part-of reporter Civitavecchia to/from 230"
327->324,1841,324,Kingdom of Sardinia,GPH-AUTONOMOUS-CITED,327,Papal States,GPH-AUTONOMOUS-CITED,18803.689481809906,327,missing 3271,,,,,ok,"Civitavecchia->324 18803.689481809906
From a flow part-of reporter Civitavecchia to/from 324"
327->337,1841,337,Tuscany,GPH-AUTONOMOUS-CITED,327,Papal States,GPH-AUTONOMOUS-CITED,11559.320691975774,327,missing 3271,,,,,ok,"Civitavecchia->337 11559.320691975774
From a flow part-of reporter Civitavecchia to/from 337"
561<-2,1841,561,Cape Colony (Cape of Good Hope),GPH-AUTONOMOUS-CITED,2,United States of America,GPH-AUTONOMOUS-CITED,18858,561,missing Seal Island|Port Elizabeth,,,,,ok,"Cape Town<-2 18852
From a flow part-of reporter Cape Town to/from 2
Port Simon<-2 6
From a flow part-of reporter Port Simon to/from 2"
561<-140,1841,561,Cape Colony (Cape of Good Hope),GPH-AUTONOMOUS-CITED,140,Brazil,GPH-AUTONOMOUS-CITED,44361,561,missing Bahia|Pernambuco unexpected: 140,,,,,ok,"Cape Town<-140 178
From a flow part-of reporter Cape Town to/from 140
561<-Rio de Janeiro 44183"
561<-200,1841,561,Cape Colony (Cape of Good Hope),GPH-AUTONOMOUS-CITED,200,United Kingdom,GPH-AUTONOMOUS-CITED,522038,561,missing Seal Island,,,,,ok,"Cape Town<-200 451167
From a flow part-of reporter Cape Town to/from 200
Port Simon<-200 2797
From a flow part-of reporter Port Simon to/from 200
Port Elizabeth<-200 68074
From a flow part-of reporter Port Elizabeth to/from 200"
561<-210,1841,561,Cape Colony (Cape of Good Hope),GPH-AUTONOMOUS-CITED,210,Netherlands,GPH-AUTONOMOUS-CITED,2632,561,missing Seal Island|Port Simon|Port Elizabeth,,,,,ok,"Cape Town<-210 2632
From a flow part-of reporter Cape Town to/from 210"
561<-220,1841,561,Cape Colony (Cape of Good Hope),GPH-AUTONOMOUS-CITED,220,France,GPH-AUTONOMOUS-CITED,6082,561,missing Seal Island|Port Simon|Port Elizabeth,,,,,ok,"Cape Town<-220 6082
From a flow part-of reporter Cape Town to/from 220"
561<-248,1841,561,Cape Colony (Cape of Good Hope),GPH-AUTONOMOUS-CITED,248,Hamburg,GPH-AUTONOMOUS-CITED,12519,561,missing Seal Island|Port Simon|Port Elizabeth,,,,,ok,"Cape Town<-248 12519
From a flow part-of reporter Cape Town to/from 248"
561<-380,1841,561,Cape Colony (Cape of Good Hope),GPH-AUTONOMOUS-CITED,380,Sweden,GPH-AUTONOMOUS-CITED,1517,561,missing Seal Island|Port Simon|Port Elizabeth,,,,,ok,"Cape Town<-380 1517
From a flow part-of reporter Cape Town to/from 380"
561<-401,1841,561,Cape Colony (Cape of Good Hope),GPH-AUTONOMOUS-CITED,401,Madeira Isles,GPH,38,561,missing Seal Island|Port Simon,,,,,ignore_resolved,"Cape Town<-401 28
From a flow part-of reporter Cape Town to/from 401
Port Elizabeth<-401 10
From a flow part-of reporter Port Elizabeth to/from 401"
561<-511,1841,561,Cape Colony (Cape of Good Hope),GPH-AUTONOMOUS-CITED,511,Zanzibar,GPH-AUTONOMOUS-CITED,3341,561,missing Seal Island|Port Simon,,,,,ok,"Cape Town<-511 1003
From a flow part-of reporter Cape Town to/from 511
Port Elizabeth<-511 2338
From a flow part-of reporter Port Elizabeth to/from 511"
561<-541,1841,561,Cape Colony (Cape of Good Hope),GPH-AUTONOMOUS-CITED,541,Mozambique (Portuguese East Africa),GPH-AUTONOMOUS-CITED,6033,561, unexpected: 541,,,,,ok,"Cape Town<-541 4348
From a flow part-of reporter Cape Town to/from 541
Port Elizabeth<-541 95
From a flow part-of reporter Port Elizabeth to/from 541
561<-Quelimane 1590"
561<-585,1841,561,Cape Colony (Cape of Good Hope),GPH-AUTONOMOUS-CITED,585,Reunion (Bourbon I.),GPH-AUTONOMOUS-CITED,4391,561,missing Seal Island|Port Simon|Port Elizabeth,,,,,ok,"Cape Town<-585 4391
From a flow part-of reporter Cape Town to/from 585"
561<-590,1841,561,Cape Colony (Cape of Good Hope),GPH-AUTONOMOUS-CITED,590,Mauritius,GPH-AUTONOMOUS-CITED,26012,561,missing Seal Island,,,,,ok,"Cape Town<-590 19855
From a flow part-of reporter Cape Town to/from 590
Port Simon<-590 19
From a flow part-of reporter Port Simon to/from 590
Port Elizabeth<-590 6138
From a flow part-of reporter Port Elizabeth to/from 590"
561<-710,1841,561,Cape Colony (Cape of Good Hope),GPH-AUTONOMOUS-CITED,710,People's Republic of China (China),GPH-AUTONOMOUS-CITED,19287,561,missing Seal Island|Port Elizabeth,,,,,ok,"Cape Town<-710 19260
From a flow part-of reporter Cape Town to/from 710
Port Simon<-710 27
From a flow part-of reporter Port Simon to/from 710"
561<-780,1841,561,Cape Colony (Cape of Good Hope),GPH-AUTONOMOUS-CITED,780,Sri Lanka (Ceylon),GPH-AUTONOMOUS-CITED,452,561,missing Seal Island|Port Simon|Port Elizabeth,,,,,ok,"Cape Town<-780 452
From a flow part-of reporter Cape Town to/from 780"
561<-830,1841,561,Cape Colony (Cape of Good Hope),GPH-AUTONOMOUS-CITED,830,Singapore,GPH,1175,561,missing Seal Island|Port Simon|Port Elizabeth,,,,,ignore_resolved,"Cape Town<-830 1175
From a flow part-of reporter Cape Town to/from 830"
561<-901,1841,561,Cape Colony (Cape of Good Hope),GPH-AUTONOMOUS-CITED,901,New South Wales,GPH-AUTONOMOUS-CITED,623,561,missing Seal Island|Port Simon|Port Elizabeth,,,,,ok,"Cape Town<-901 623
From a flow part-of reporter Cape Town to/from 901"
561<-903,1841,561,Cape Colony (Cape of Good Hope),GPH-AUTONOMOUS-CITED,903,South Australia,GPH-AUTONOMOUS-CITED,13,561,missing Seal Island|Port Simon|Port Elizabeth,,,,,ok,"Cape Town<-903 13
From a flow part-of reporter Cape Town to/from 903"
561<-4050,1841,561,Cape Colony (Cape of Good Hope),GPH-AUTONOMOUS-CITED,4050,St. Helena,GPH-AUTONOMOUS-CITED,1001,561,missing Seal Island|Port Simon,,,,,ok,"Cape Town<-4050 966
From a flow part-of reporter Cape Town to/from 4050
Port Elizabeth<-4050 35
From a flow part-of reporter Port Elizabeth to/from 4050"
561<-9974,1841,561,Cape Colony (Cape of Good Hope),GPH-AUTONOMOUS-CITED,9974,Crozet Is.,GPH-AUTONOMOUS-CITED,2609,561,missing Seal Island|Port Simon|Port Elizabeth,,,,,ok,"Cape Town<-9974 2609
From a flow part-of reporter Cape Town to/from 9974"
561<-Naples,1841,561,Cape Colony (Cape of Good Hope),GPH-AUTONOMOUS-CITED,Naples,Naples,RIC,3366,561,missing Seal Island|Port Simon|Port Elizabeth,,,,,ignore_resolved,"Cape Town<-Naples 3366
From a flow part-of reporter Cape Town to/from Naples"
561<-Chennai (Madras) & Kolkata (Calcutta),1841,561,Cape Colony (Cape of Good Hope),GPH-AUTONOMOUS-CITED,Chennai (Madras) & Kolkata (Calcutta),Chennai (Madras) & Kolkata (Calcutta),RIC,25419,561,missing Seal Island,,,,,ignore_resolved,"Cape Town<-Chennai (Madras) & Kolkata (Calcutta) 23718
From a flow part-of reporter Cape Town to/from Chennai (Madras) & Kolkata (Calcutta)
Port Simon<-Chennai (Madras) & Kolkata (Calcutta) 84
From a flow part-of reporter Port Simon to/from Chennai (Madras) & Kolkata (Calcutta)
Port Elizabeth<-Chennai (Madras) & Kolkata (Calcutta) 1617
From a flow part-of reporter Port Elizabeth to/from Chennai (Madras) & Kolkata (Calcutta)"
561<-Mumbai (Bombay),1841,561,Cape Colony (Cape of Good Hope),GPH-AUTONOMOUS-CITED,Mumbai (Bombay),Mumbai (Bombay),RIC,585,561,missing Seal Island|Port Simon|Port Elizabeth,,,,,ignore_resolved,"Cape Town<-Mumbai (Bombay) 585
From a flow part-of reporter Cape Town to/from Mumbai (Bombay)"
561<-Manila,1841,561,Cape Colony (Cape of Good Hope),GPH-AUTONOMOUS-CITED,Manila,Manila,RIC,4096,561,missing Seal Island|Port Simon,,,,,ignore_resolved,"Cape Town<-Manila 4081
From a flow part-of reporter Cape Town to/from Manila
Port Elizabeth<-Manila 15
From a flow part-of reporter Port Elizabeth to/from Manila"
561<-Java,1841,561,Cape Colony (Cape of Good Hope),GPH-AUTONOMOUS-CITED,Java,Java,RIC,119824,561,missing Seal Island|Port Simon|Port Elizabeth,,,,,ignore_resolved,"Cape Town<-Java 119824
From a flow part-of reporter Cape Town to/from Java"
561<-Padang,1841,561,Cape Colony (Cape of Good Hope),GPH-AUTONOMOUS-CITED,Padang,Padang,RIC,537,561,missing Seal Island|Port Elizabeth,,,,,ignore_resolved,"Cape Town<-Padang 518
From a flow part-of reporter Cape Town to/from Padang
Port Simon<-Padang 19
From a flow part-of reporter Port Simon to/from Padang"
561<-Prince of Wales Bay,1841,561,Cape Colony (Cape of Good Hope),GPH-AUTONOMOUS-CITED,Prince of Wales Bay,Prince of Wales Bay,RIC,40,561,missing Seal Island|Port Simon|Port Elizabeth,,,,,ignore_resolved,"Cape Town<-Prince of Wales Bay 40
From a flow part-of reporter Cape Town to/from Prince of Wales Bay"
561<-Durban (Port Natal),1841,561,Cape Colony (Cape of Good Hope),GPH-AUTONOMOUS-CITED,Durban (Port Natal),Durban (Port Natal),RIC,1307,561,missing Seal Island|Port Simon,,,,,ignore_resolved,"Cape Town<-Durban (Port Natal) 1289
From a flow part-of reporter Cape Town to/from Durban (Port Natal)
Port Elizabeth<-Durban (Port Natal) 18
From a flow part-of reporter Port Elizabeth to/from Durban (Port Natal)"
561<-Seal Island,1841,561,Cape Colony (Cape of Good Hope),GPH-AUTONOMOUS-CITED,Seal Island,Seal Island,RIC,430,561,missing Seal Island|Port Simon|Port Elizabeth,,,,,ignore_internal,"Cape Town<-Seal Island 430
From a flow part-of reporter Cape Town to/from Seal Island"
561<-La Guaira,1841,561,Cape Colony (Cape of Good Hope),GPH-AUTONOMOUS-CITED,La Guaira,La Guaira,RIC,71067,561,missing Seal Island|Port Simon|Port Elizabeth,,,,,ignore_resolved,"Cape Town<-La Guaira 71067
From a flow part-of reporter Cape Town to/from La Guaira"
561<-Rio de Janeiro,1841,561,Cape Colony (Cape of Good Hope),GPH-AUTONOMOUS-CITED,Rio de Janeiro,Rio de Janeiro,RIC,44183,561,missing Seal Island,,,,,ignore_resolved,"Cape Town<-Rio de Janeiro 41833
From a flow part-of reporter Cape Town to/from Rio de Janeiro
Port Simon<-Rio de Janeiro 2032
From a flow part-of reporter Port Simon to/from Rio de Janeiro
Port Elizabeth<-Rio de Janeiro 318
From a flow part-of reporter Port Elizabeth to/from Rio de Janeiro"
561<-Punta Arenas,1841,561,Cape Colony (Cape of Good Hope),GPH-AUTONOMOUS-CITED,Punta Arenas,Punta Arenas,RIC,10550,561,missing Seal Island|Port Simon|Port Elizabeth,,,,,ignore_resolved,"Cape Town<-Punta Arenas 10550
From a flow part-of reporter Cape Town to/from Punta Arenas"
561->2,1841,2,United States of America,GPH-AUTONOMOUS-CITED,561,Cape Colony (Cape of Good Hope),GPH-AUTONOMOUS-CITED,3262,561,missing Seal Island|Port Simon|Port Elizabeth,,,,,ok,"Cape Town->2 3262
From a flow part-of reporter Cape Town to/from 2"
561->200,1841,200,United Kingdom,GPH-AUTONOMOUS-CITED,561,Cape Colony (Cape of Good Hope),GPH-AUTONOMOUS-CITED,135115,561,,,,,,ok,"Cape Town->200 90477
From a flow part-of reporter Cape Town to/from 200
Port Simon->200 35
From a flow part-of reporter Port Simon to/from 200
Port Elizabeth->200 44596
From a flow part-of reporter Port Elizabeth to/from 200
561->205 7"
561->205,1841,205,Ireland,GPH,561,Cape Colony (Cape of Good Hope),GPH-AUTONOMOUS-CITED,7,561,missing Seal Island|Port Simon|Port Elizabeth,,,,,ignore_resolved,"Cape Town->205 7
From a flow part-of reporter Cape Town to/from 205"
561->248,1841,248,Hamburg,GPH-AUTONOMOUS-CITED,561,Cape Colony (Cape of Good Hope),GPH-AUTONOMOUS-CITED,40,561,missing Seal Island|Port Simon|Port Elizabeth,,,,,ok,"Cape Town->248 40
From a flow part-of reporter Cape Town to/from 248"
561->585,1841,585,Reunion (Bourbon I.),GPH-AUTONOMOUS-CITED,561,Cape Colony (Cape of Good Hope),GPH-AUTONOMOUS-CITED,45,561,missing Seal Island|Port Simon|Port Elizabeth,,,,,ok,"Cape Town->585 45
From a flow part-of reporter Cape Town to/from 585"
561->590,1841,590,Mauritius,GPH-AUTONOMOUS-CITED,561,Cape Colony (Cape of Good Hope),GPH-AUTONOMOUS-CITED,34749,561,missing Seal Island|Port Simon,,,,,ok,"Cape Town->590 22500
From a flow part-of reporter Cape Town to/from 590
Port Elizabeth->590 12249
From a flow part-of reporter Port Elizabeth to/from 590"
561->780,1841,780,Sri Lanka (Ceylon),GPH-AUTONOMOUS-CITED,561,Cape Colony (Cape of Good Hope),GPH-AUTONOMOUS-CITED,687,561,missing Seal Island|Port Simon|Port Elizabeth,,,,,ok,"Cape Town->780 687
From a flow part-of reporter Cape Town to/from 780"
561->830,1841,830,Singapore,GPH,561,Cape Colony (Cape of Good Hope),GPH-AUTONOMOUS-CITED,195,561,missing Seal Island|Port Simon|Port Elizabeth,,,,,ignore_resolved,"Cape Town->830 195
From a flow part-of reporter Cape Town to/from 830"
561->900,1841,900,Australia,GPH,561,Cape Colony (Cape of Good Hope),GPH-AUTONOMOUS-CITED,1765,561,missing Seal Island|Port Simon|Port Elizabeth,1765,,901|902|903|906,,ignore_resolved,"Cape Town->900 1765
From a flow part-of reporter Cape Town to/from 900
gravity results to be aggregated for partners: 901|906"
561->901,1841,901,New South Wales,GPH-AUTONOMOUS-CITED,561,Cape Colony (Cape of Good Hope),GPH-AUTONOMOUS-CITED,22326,561,missing Seal Island|Port Simon|Port Elizabeth,,,,561->900,ok,"Cape Town->901 21413
From a flow part-of reporter Cape Town to/from 901
561->900 913 (ratio on 1765)"
561->906,1841,906,Tasmania,GPH-AUTONOMOUS-CITED,561,Cape Colony (Cape of Good Hope),GPH-AUTONOMOUS-CITED,14412,561,missing Prince of Wales Bay unexpected: 906|900,,,,561->900,ok,"Cape Town->906 13751
From a flow part-of reporter Cape Town to/from 906
561->900 661 (ratio on 1765)"
561->4050,1841,4050,St. Helena,GPH-AUTONOMOUS-CITED,561,Cape Colony (Cape of Good Hope),GPH-AUTONOMOUS-CITED,14164,561,missing Seal Island|Port Simon,,,,,ok,"Cape Town->4050 13506
From a flow part-of reporter Cape Town to/from 4050
Port Elizabeth->4050 658
From a flow part-of reporter Port Elizabeth to/from 4050"
561->9974,1841,9974,Crozet Is.,GPH-AUTONOMOUS-CITED,561,Cape Colony (Cape of Good Hope),GPH-AUTONOMOUS-CITED,58,561,missing Seal Island|Port Simon|Port Elizabeth,,,,,ok,"Cape Town->9974 58
From a flow part-of reporter Cape Town to/from 9974"
561->Chennai (Madras) & Kolkata (Calcutta),1841,Chennai (Madras) & Kolkata (Calcutta),Chennai (Madras) & Kolkata (Calcutta),RIC,561,Cape Colony (Cape of Good Hope),GPH-AUTONOMOUS-CITED,8797,561,missing Seal Island|Port Simon|Port Elizabeth,,,,,ignore_resolved,"Cape Town->Chennai (Madras) & Kolkata (Calcutta) 8797
From a flow part-of reporter Cape Town to/from Chennai (Madras) & Kolkata (Calcutta)"
561->Mumbai (Bombay),1841,Mumbai (Bombay),Mumbai (Bombay),RIC,561,Cape Colony (Cape of Good Hope),GPH-AUTONOMOUS-CITED,116,561,missing Seal Island|Port Simon|Port Elizabeth,,,,,ignore_resolved,"Cape Town->Mumbai (Bombay) 116
From a flow part-of reporter Cape Town to/from Mumbai (Bombay)"
561->Durban (Port Natal),1841,Durban (Port Natal),Durban (Port Natal),RIC,561,Cape Colony (Cape of Good Hope),GPH-AUTONOMOUS-CITED,1070,561,missing Seal Island|Port Simon,,,,,ignore_resolved,"Cape Town->Durban (Port Natal) 739
From a flow part-of reporter Cape Town to/from Durban (Port Natal)
Port Elizabeth->Durban (Port Natal) 331
From a flow part-of reporter Port Elizabeth to/from Durban (Port Natal)"
561->Quelimane,1841,Quelimane,Quelimane,RIC,561,Cape Colony (Cape of Good Hope),GPH-AUTONOMOUS-CITED,486,561,missing Seal Island|Port Simon,,,,,ignore_resolved,"Cape Town->Quelimane 177
From a flow part-of reporter Cape Town to/from Quelimane
Port Elizabeth->Quelimane 309
From a flow part-of reporter Port Elizabeth to/from Quelimane"
561->Rio de Janeiro,1841,Rio de Janeiro,Rio de Janeiro,RIC,561,Cape Colony (Cape of Good Hope),GPH-AUTONOMOUS-CITED,699,561,missing Seal Island|Port Elizabeth,,,,,ignore_resolved,"Cape Town->Rio de Janeiro 669
From a flow part-of reporter Cape Town to/from Rio de Janeiro
Port Simon->Rio de Janeiro 30
From a flow part-of reporter Port Simon to/from Rio de Janeiro"
561->Java,1841,Java,Java,RIC,561,Cape Colony (Cape of Good Hope),GPH-AUTONOMOUS-CITED,246,561,missing Seal Island|Port Simon|Port Elizabeth,,,,,ignore_resolved,"Cape Town->Java 246
From a flow part-of reporter Cape Town to/from Java"
140<-2,1841,140,Brazil,GPH-AUTONOMOUS-CITED,2,United States of America,GPH-AUTONOMOUS-CITED,782946.0433078659,140,,,,,,ok,"Rio de Janeiro<-2 585883.3775384981
From a flow part-of reporter Rio de Janeiro to/from 2
Bahia<-2 53006.61098135466
From a flow part-of reporter Bahia to/from 2
Pernambuco<-2 144056.05478801313
From a flow part-of reporter Pernambuco to/from 2"
140<-155,1841,140,Brazil,GPH-AUTONOMOUS-CITED,155,Chile,GPH-AUTONOMOUS-CITED,30283.836744388584,140,missing Bahia|Pernambuco,,,,,ok,"Rio de Janeiro<-155 30283.836744388584
From a flow part-of reporter Rio de Janeiro to/from 155"
140<-165,1841,140,Brazil,GPH-AUTONOMOUS-CITED,165,Uruguay,GPH-AUTONOMOUS-CITED,274692.2132932188,140,missing Pernambuco,,,,,ok,"Rio de Janeiro<-165 255334.30980562925
From a flow part-of reporter Rio de Janeiro to/from 165
Bahia<-165 19357.903487589567
From a flow part-of reporter Bahia to/from 165"
140<-200,1841,140,Brazil,GPH-AUTONOMOUS-CITED,200,United Kingdom,GPH-AUTONOMOUS-CITED,3031867.3053323305,140,,,,,,ok,"Rio de Janeiro<-200 1862950.7937136297
From a flow part-of reporter Rio de Janeiro to/from 200
Bahia<-200 704841.4552076324
From a flow part-of reporter Bahia to/from 200
Pernambuco<-200 464075.0564110685
From a flow part-of reporter Pernambuco to/from 200"
140<-210,1841,140,Brazil,GPH-AUTONOMOUS-CITED,210,Netherlands,GPH-AUTONOMOUS-CITED,22247.733660583508,140,missing Pernambuco,,,,,ok,"Rio de Janeiro<-210 21376.82593721547
From a flow part-of reporter Rio de Janeiro to/from 210
Bahia<-210 870.9077233680378
From a flow part-of reporter Bahia to/from 210"
140<-211,1841,140,Brazil,GPH-AUTONOMOUS-CITED,211,Belgium,GPH-AUTONOMOUS-CITED,59380.07204782075,140,missing Pernambuco,,,,,ok,"Rio de Janeiro<-211 53442.06484303868
From a flow part-of reporter Rio de Janeiro to/from 211
Bahia<-211 5938.007204782075
From a flow part-of reporter Bahia to/from 211"
140<-220,1841,140,Brazil,GPH-AUTONOMOUS-CITED,220,France,GPH-AUTONOMOUS-CITED,860060.9635406358,140,,,,,,ok,"Rio de Janeiro<-220 597363.5248010767
From a flow part-of reporter Rio de Janeiro to/from 220
Bahia<-220 138236.80772732673
From a flow part-of reporter Bahia to/from 220
Pernambuco<-220 124460.6310122323
From a flow part-of reporter Pernambuco to/from 220"
140<-230,1841,140,Brazil,GPH-AUTONOMOUS-CITED,230,Spain,GPH-AUTONOMOUS-CITED,113930.56490241876,140,,,,,,ok,"Rio de Janeiro<-230 102133.7239222517
From a flow part-of reporter Rio de Janeiro to/from 230
Bahia<-230 5146.272910811132
From a flow part-of reporter Bahia to/from 230
Pernambuco<-230 6650.568069355924
From a flow part-of reporter Pernambuco to/from 230"
140<-235,1841,140,Brazil,GPH-AUTONOMOUS-CITED,235,Portugal,GPH-AUTONOMOUS-CITED,476544.8715411108,140,,,,,,ok,"Rio de Janeiro<-235 268793.7928031353
From a flow part-of reporter Rio de Janeiro to/from 235
Bahia<-235 109298.91928268873
From a flow part-of reporter Bahia to/from 235
Pernambuco<-235 98452.1594552868
From a flow part-of reporter Pernambuco to/from 235"
140<-300,1841,140,Brazil,GPH-AUTONOMOUS-CITED,300,Austria-Hungary (Austrian Empire),GPH-AUTONOMOUS-CITED,74066.74320098176,140,,,,,,ok,"Rio de Janeiro<-300 57796.60345987887
From a flow part-of reporter Rio de Janeiro to/from 300
Bahia<-300 3800.3246110605282
From a flow part-of reporter Bahia to/from 300
Pernambuco<-300 12469.815130042358
From a flow part-of reporter Pernambuco to/from 300"
140<-380,1841,140,Brazil,GPH-AUTONOMOUS-CITED,380,Sweden,GPH-AUTONOMOUS-CITED,69261.41498753018,140,missing Stockholm unexpected: 380|Norway & Sweden,,,,140<-Norway & Sweden,ok,"Rio de Janeiro<-380 67297.41498753018
From a flow part-of reporter Rio de Janeiro to/from 380
140<-Norway & Sweden 1964 (ratio on 4908.752622619849)"
140<-390,1841,140,Brazil,GPH-AUTONOMOUS-CITED,390,Denmark,GPH-AUTONOMOUS-CITED,28027.394006571394,140,missing Pernambuco,,,,,ok,"Rio de Janeiro<-390 27710.70028898302
From a flow part-of reporter Rio de Janeiro to/from 390
Bahia<-390 316.69371758837735
From a flow part-of reporter Bahia to/from 390"
140<-1161,1841,140,Brazil,GPH-AUTONOMOUS-CITED,1161,Buenos Aires,GPH,104508.92680416453,140,missing Bahia|Pernambuco,,,,,ignore_resolved,"Rio de Janeiro<-1161 104508.92680416453
From a flow part-of reporter Rio de Janeiro to/from 1161"
140<-Hanse Towns,1841,140,Brazil,GPH-AUTONOMOUS-CITED,Hanse Towns,Hanse Towns,RIC,467004.47329876095,140,,464375.1973978735,,246|276,,ignore_resolved,"Rio de Janeiro<-Hanse Towns 365781.24381457584
From a flow part-of reporter Rio de Janeiro to/from Hanse Towns
Bahia<-Hanse Towns 53679.585131229964
From a flow part-of reporter Bahia to/from Hanse Towns
Pernambuco<-Hanse Towns 47543.64435295515
From a flow part-of reporter Pernambuco to/from Hanse Towns"
140<-Kingdom of Sardinia & Two Sicilies,1841,140,Brazil,GPH-AUTONOMOUS-CITED,Kingdom of Sardinia & Two Sicilies,Kingdom of Sardinia & Two Sicilies,RIC,89861.84236570208,140,missing Bahia|Pernambuco,,,,,ignore_resolved,"Rio de Janeiro<-Kingdom of Sardinia & Two Sicilies 89861.84236570208
From a flow part-of reporter Rio de Janeiro to/from Kingdom of Sardinia & Two Sicilies"
140->2,1841,2,United States of America,GPH-AUTONOMOUS-CITED,140,Brazil,GPH-AUTONOMOUS-CITED,1026879.3792803135,140,,,,,,ok,"Rio de Janeiro->2 958394.3628518269
From a flow part-of reporter Rio de Janeiro to/from 2
Bahia->2 1979.3357349273585
From a flow part-of reporter Bahia to/from 2
Pernambuco->2 66505.68069355925
From a flow part-of reporter Pernambuco to/from 2"
140->165,1841,165,Uruguay,GPH-AUTONOMOUS-CITED,140,Brazil,GPH-AUTONOMOUS-CITED,43822.49317129172,140,,,,,,ok,"Rio de Janeiro->165 25731.36455405566
From a flow part-of reporter Rio de Janeiro to/from 165
Bahia->165 16072.206167610151
From a flow part-of reporter Bahia to/from 165
Pernambuco->165 2018.9224496259055
From a flow part-of reporter Pernambuco to/from 165"
140->200,1841,200,United Kingdom,GPH-AUTONOMOUS-CITED,140,Brazil,GPH-AUTONOMOUS-CITED,1088278.3737777602,140,,,,,,ok,"Rio de Janeiro->200 706622.8573690669
From a flow part-of reporter Rio de Janeiro to/from 200
Bahia->200 209017.85360832905
From a flow part-of reporter Bahia to/from 200
Pernambuco->200 172637.6628003642
From a flow part-of reporter Pernambuco to/from 200"
140->210,1841,210,Netherlands,GPH-AUTONOMOUS-CITED,140,Brazil,GPH-AUTONOMOUS-CITED,41051.42314239341,140,,,,,,ok,"Rio de Janeiro->210 22168.560231186413
From a flow part-of reporter Rio de Janeiro to/from 210
Bahia->210 14924.191441352283
From a flow part-of reporter Bahia to/from 210
Pernambuco->210 3958.671469854717
From a flow part-of reporter Pernambuco to/from 210"
140->211,1841,211,Belgium,GPH-AUTONOMOUS-CITED,140,Brazil,GPH-AUTONOMOUS-CITED,162305.5302640434,140,missing Bahia|Pernambuco,,,,,ok,"Rio de Janeiro->211 162305.5302640434
From a flow part-of reporter Rio de Janeiro to/from 211"
140->220,1841,220,France,GPH-AUTONOMOUS-CITED,140,Brazil,GPH-AUTONOMOUS-CITED,352123.8272435771,140,,,,,,ok,"Rio de Janeiro->220 257709.51268754207
From a flow part-of reporter Rio de Janeiro to/from 220
Bahia->220 50433.474525949096
From a flow part-of reporter Bahia to/from 220
Pernambuco->220 43980.84003008591
From a flow part-of reporter Pernambuco to/from 220"
140->230,1841,230,Spain,GPH-AUTONOMOUS-CITED,140,Brazil,GPH-AUTONOMOUS-CITED,50670.99481414037,140,missing Bahia,,,,,ok,"Rio de Janeiro->230 43545.386168401885
From a flow part-of reporter Rio de Janeiro to/from 230
Pernambuco->230 7125.60864573849
From a flow part-of reporter Pernambuco to/from 230"
140->235,1841,235,Portugal,GPH-AUTONOMOUS-CITED,140,Brazil,GPH-AUTONOMOUS-CITED,442896.16404734575,140,,,,,,ok,"Rio de Janeiro->235 254938.44265864376
From a flow part-of reporter Rio de Janeiro to/from 235
Bahia->235 74700.1306361585
From a flow part-of reporter Bahia to/from 235
Pernambuco->235 113257.59075254344
From a flow part-of reporter Pernambuco to/from 235"
140->300,1841,300,Austria-Hungary (Austrian Empire),GPH-AUTONOMOUS-CITED,140,Brazil,GPH-AUTONOMOUS-CITED,428724.1201852658,140,,,,,,ok,"Rio de Janeiro->300 247416.9668659198
From a flow part-of reporter Rio de Janeiro to/from 300
Bahia->300 103242.15193381102
From a flow part-of reporter Bahia to/from 300
Pernambuco->300 78065.00138553501
From a flow part-of reporter Pernambuco to/from 300"
140->380,1841,380,Sweden,GPH-AUTONOMOUS-CITED,140,Brazil,GPH-AUTONOMOUS-CITED,126176.26614148292,140,missing Stockholm unexpected: 380|Norway & Sweden,,,,140->Norway & Sweden,ok,"Rio de Janeiro->380 95403.98242349867
From a flow part-of reporter Rio de Janeiro to/from 380
Pernambuco->380 14053.283717984245
From a flow part-of reporter Pernambuco to/from 380
140->Norway & Sweden 16719 (ratio on 38953.32726337041)"
140->390,1841,390,Denmark,GPH-AUTONOMOUS-CITED,140,Brazil,GPH-AUTONOMOUS-CITED,188274.41510629034,140,missing Pernambuco,,,,,ok,"Rio de Janeiro->390 180515.4190253751
From a flow part-of reporter Rio de Janeiro to/from 390
Bahia->390 7758.996080915245
From a flow part-of reporter Bahia to/from 390"
140->1161,1841,1161,Buenos Aires,GPH,140,Brazil,GPH-AUTONOMOUS-CITED,82657.0602905665,140,missing Bahia,,,,,ignore_resolved,"Rio de Janeiro->1161 75214.75792723963
From a flow part-of reporter Rio de Janeiro to/from 1161
Pernambuco->1161 7442.302363326868
From a flow part-of reporter Pernambuco to/from 1161"
140->Hanse Towns,1841,Hanse Towns,Hanse Towns,RIC,140,Brazil,GPH-AUTONOMOUS-CITED,783698.1908871382,140,,782425.2647514255,,246|276,,ignore_resolved,"Rio de Janeiro->Hanse Towns 629032.8965599145
From a flow part-of reporter Rio de Janeiro to/from Hanse Towns
Bahia->Hanse Towns 121847.90784212819
From a flow part-of reporter Bahia to/from Hanse Towns
Pernambuco->Hanse Towns 32817.3864850956
From a flow part-of reporter Pernambuco to/from Hanse Towns"
140->Kingdom of Sardinia & Two Sicilies,1841,Kingdom of Sardinia & Two Sicilies,Kingdom of Sardinia & Two Sicilies,RIC,140,Brazil,GPH-AUTONOMOUS-CITED,69276.75072245754,140,missing Bahia|Pernambuco,,,,,ignore_resolved,"Rio de Janeiro->Kingdom of Sardinia & Two Sicilies 69276.75072245754
From a flow part-of reporter Rio de Janeiro to/from Kingdom of Sardinia & Two Sicilies"
561<-Quelimane,1841,561,Cape Colony (Cape of Good Hope),GPH-AUTONOMOUS-CITED,Quelimane,Quelimane,RIC,1590,561,missing Cape Town|Seal Island|Port Elizabeth,,,,,ignore_resolved,"Port Simon<-Quelimane 1590
From a flow part-of reporter Port Simon to/from Quelimane"
561<-8510,1841,561,Cape Colony (Cape of Good Hope),GPH-AUTONOMOUS-CITED,8510,Lombok,GPH-AUTONOMOUS-CITED,555,561,missing Cape Town|Seal Island|Port Simon,,,,,ok,"Port Elizabeth<-8510 555
From a flow part-of reporter Port Elizabeth to/from 8510"
561<-Tenerife,1841,561,Cape Colony (Cape of Good Hope),GPH-AUTONOMOUS-CITED,Tenerife,Tenerife,RIC,33,561,missing Cape Town|Seal Island|Port Simon,,,,,ignore_resolved,"Port Elizabeth<-Tenerife 33
From a flow part-of reporter Port Elizabeth to/from Tenerife"
337<-2,1841,337,Tuscany,GPH-AUTONOMOUS-CITED,2,United States of America,GPH-AUTONOMOUS-CITED,45920.58905031472,337,,,,,,ok,"Livorno<-2 45920.58905031472
From a flow part-of reporter Livorno to/from 2"
337<-21,1841,337,Tuscany,GPH-AUTONOMOUS-CITED,21,Newfoundland and Labrador (Newfoundland),GPH-AUTONOMOUS-CITED,36815.644669648864,337,,,,,,ok,"Livorno<-21 36815.644669648864
From a flow part-of reporter Livorno to/from 21"
337<-200,1841,337,Tuscany,GPH-AUTONOMOUS-CITED,200,United Kingdom,GPH-AUTONOMOUS-CITED,657337.3975693757,337,,,,,,ok,"Livorno<-200 657337.3975693757
From a flow part-of reporter Livorno to/from 200"
337<-210,1841,337,Tuscany,GPH-AUTONOMOUS-CITED,210,Netherlands,GPH-AUTONOMOUS-CITED,81152.7651320217,337,,,,,,ok,"Livorno<-210 81152.7651320217
From a flow part-of reporter Livorno to/from 210"
337<-220,1841,337,Tuscany,GPH-AUTONOMOUS-CITED,220,France,GPH-AUTONOMOUS-CITED,287003.68156446697,337,,,,,,ok,"Livorno<-220 287003.68156446697
From a flow part-of reporter Livorno to/from 220"
337<-225,1841,337,Tuscany,GPH-AUTONOMOUS-CITED,225,Switzerland,GPH-AUTONOMOUS-CITED,96987.45101144056,337,,,,,,ok,"Livorno<-225 96987.45101144056
From a flow part-of reporter Livorno to/from 225"
337<-255,1841,337,Tuscany,GPH-AUTONOMOUS-CITED,255,Germany (Zollverein),GPH,134594.82997506036,337,,134594.82997506036,,239|241|242|243|244|245|247|252|254|258|259|261|262|264|266|267|268|269|270|271|272|273|275|277,,split_failed_no_ratio,"Livorno<-255 134594.82997506036
From a flow part-of reporter Livorno to/from 255"
337<-300,1841,337,Tuscany,GPH-AUTONOMOUS-CITED,300,Austria-Hungary (Austrian Empire),GPH-AUTONOMOUS-CITED,167847.67032184,337,,,,,,ok,"Livorno<-300 167847.67032184
From a flow part-of reporter Livorno to/from 300"
337<-324,1841,337,Tuscany,GPH-AUTONOMOUS-CITED,324,Kingdom of Sardinia,GPH-AUTONOMOUS-CITED,140136.97003285697,337,,,,,,ok,"Livorno<-324 140136.97003285697
From a flow part-of reporter Livorno to/from 324"
337<-327,1841,337,Tuscany,GPH-AUTONOMOUS-CITED,327,Papal States,GPH-AUTONOMOUS-CITED,106884.12968607736,337,,,,,,ok,"Livorno<-327 106884.12968607736
From a flow part-of reporter Livorno to/from 327"
337<-329,1841,337,Tuscany,GPH-AUTONOMOUS-CITED,329,Two Sicilies,GPH-AUTONOMOUS-CITED,70860.21931039944,337,,,,,,ok,"Livorno<-329 70860.21931039944
From a flow part-of reporter Livorno to/from 329"
337<-350,1841,337,Tuscany,GPH-AUTONOMOUS-CITED,350,Greece,GPH-AUTONOMOUS-CITED,19793.357349273585,337,,,,,,ok,"Livorno<-350 19793.357349273585
From a flow part-of reporter Livorno to/from 350"
337<-365,1841,337,Tuscany,GPH-AUTONOMOUS-CITED,365,Russia (USSR),GPH-AUTONOMOUS-CITED,435453.86168401886,337,,,,,,ok,"Livorno<-365 435453.86168401886
From a flow part-of reporter Livorno to/from 365"
337<-615,1841,337,Tuscany,GPH-AUTONOMOUS-CITED,615,Algeria (Regency of Algiers),GPH-AUTONOMOUS-CITED,76225.48255784083,337, unexpected: 337,,,,,ok,"Livorno<-615 17814.021614346228
From a flow part-of reporter Livorno to/from 615
337<-Barbary Coast & Turkey (Ottoman Empire) 58411.46094349461 (ratio on 144491.50864969718)"
337<-651,1841,337,Tuscany,GPH-AUTONOMOUS-CITED,651,Egypt Arab Republic (Egypt),GPH-AUTONOMOUS-CITED,106884.12968607736,337,,,,,,ok,"Livorno<-651 106884.12968607736
From a flow part-of reporter Livorno to/from 651"
337<-Barbary Coast & Turkey (Ottoman Empire),1841,337,Tuscany,GPH-AUTONOMOUS-CITED,Barbary Coast & Turkey (Ottoman Empire),Barbary Coast & Turkey (Ottoman Empire),RIC,144491.50864969718,337,,86080.04770620257,,600|616|640|6062|6064,,split_only_partial,"Livorno<-Barbary Coast & Turkey (Ottoman Empire) 144491.50864969718
From a flow part-of reporter Livorno to/from Barbary Coast & Turkey (Ottoman Empire)"
337<-Ionian Is. & Malta,1841,337,Tuscany,GPH-AUTONOMOUS-CITED,Ionian Is. & Malta,Ionian Is. & Malta,RIC,26523.098848026602,337,,26523.098848026602,,338|3349,,ignore_resolved,"Livorno<-Ionian Is. & Malta 26523.098848026602
From a flow part-of reporter Livorno to/from Ionian Is. & Malta"
337<-West Indies,1841,337,Tuscany,GPH-AUTONOMOUS-CITED,West Indies,West Indies,RIC,22564.427378171888,337,,22564.427378171888,,5|6|30|31|40|41|42|51|54|65|66|68|91|100|1032|1048|1055|1058|1063|1064,,split_failed_no_ratio,"Livorno<-West Indies 22564.427378171888
From a flow part-of reporter Livorno to/from West Indies"
337<-Norway & Sweden,1841,337,Tuscany,GPH-AUTONOMOUS-CITED,Norway & Sweden,Norway & Sweden,RIC,16626.42017338981,337,,16626.42017338981,,380|385,,ignore_resolved,"Livorno<-Norway & Sweden 16626.42017338981
From a flow part-of reporter Livorno to/from Norway & Sweden"
337->2,1841,2,United States of America,GPH-AUTONOMOUS-CITED,337,Tuscany,GPH-AUTONOMOUS-CITED,102925.45821622264,337,,,,,,ok,"Livorno->2 102925.45821622264
From a flow part-of reporter Livorno to/from 2"
337->200,1841,200,United Kingdom,GPH-AUTONOMOUS-CITED,337,Tuscany,GPH-AUTONOMOUS-CITED,440402.20102133724,337,,,,,,ok,"Livorno->200 440402.20102133724
From a flow part-of reporter Livorno to/from 200"
337->210,1841,210,Netherlands,GPH-AUTONOMOUS-CITED,337,Tuscany,GPH-AUTONOMOUS-CITED,21376.82593721547,337,,,,,,ok,"Livorno->210 21376.82593721547
From a flow part-of reporter Livorno to/from 210"
337->220,1841,220,France,GPH-AUTONOMOUS-CITED,337,Tuscany,GPH-AUTONOMOUS-CITED,308380.50750168244,337,,,,,,ok,"Livorno->220 308380.50750168244
From a flow part-of reporter Livorno to/from 220"
337->225,1841,225,Switzerland,GPH-AUTONOMOUS-CITED,337,Tuscany,GPH-AUTONOMOUS-CITED,23752.0288191283,337,,,,,,ok,"Livorno->225 23752.0288191283
From a flow part-of reporter Livorno to/from 225"
337->255,1841,255,Germany (Zollverein),GPH,337,Tuscany,GPH-AUTONOMOUS-CITED,23752.0288191283,337,,23752.0288191283,,239|241|242|243|244|245|247|252|254|258|259|261|262|264|266|267|268|269|270|271|272|273|275|277,,split_failed_no_ratio,"Livorno->255 23752.0288191283
From a flow part-of reporter Livorno to/from 255"
337->300,1841,300,Austria-Hungary (Austrian Empire),GPH-AUTONOMOUS-CITED,337,Tuscany,GPH-AUTONOMOUS-CITED,106884.12968607736,337,,,,,,ok,"Livorno->300 106884.12968607736
From a flow part-of reporter Livorno to/from 300"
337->324,1841,324,Kingdom of Sardinia,GPH-AUTONOMOUS-CITED,337,Tuscany,GPH-AUTONOMOUS-CITED,126677.48703535095,337,,,,,,ok,"Livorno->324 126677.48703535095
From a flow part-of reporter Livorno to/from 324"
337->327,1841,327,Papal States,GPH-AUTONOMOUS-CITED,337,Tuscany,GPH-AUTONOMOUS-CITED,124698.15130042357,337,,,,,,ok,"Livorno->327 124698.15130042357
From a flow part-of reporter Livorno to/from 327"
337->329,1841,329,Two Sicilies,GPH-AUTONOMOUS-CITED,337,Tuscany,GPH-AUTONOMOUS-CITED,75214.75792723963,337,,,,,,ok,"Livorno->329 75214.75792723963
From a flow part-of reporter Livorno to/from 329"
337->350,1841,350,Greece,GPH-AUTONOMOUS-CITED,337,Tuscany,GPH-AUTONOMOUS-CITED,22168.560231186413,337,,,,,,ok,"Livorno->350 22168.560231186413
From a flow part-of reporter Livorno to/from 350"
337->365,1841,365,Russia (USSR),GPH-AUTONOMOUS-CITED,337,Tuscany,GPH-AUTONOMOUS-CITED,67297.41498753018,337,,,,,,ok,"Livorno->365 67297.41498753018
From a flow part-of reporter Livorno to/from 365"
337->615,1841,615,Algeria (Regency of Algiers),GPH-AUTONOMOUS-CITED,337,Tuscany,GPH-AUTONOMOUS-CITED,49634.405363859616,337, unexpected: 337,,,,,ok,"Livorno->615 33648.70749376509
From a flow part-of reporter Livorno to/from 615
337->Barbary Coast & Turkey (Ottoman Empire) 15985.697870094524 (ratio on 102925.45821622264)"
337->651,1841,651,Egypt Arab Republic (Egypt),GPH-AUTONOMOUS-CITED,337,Tuscany,GPH-AUTONOMOUS-CITED,93028.77954158584,337,,,,,,ok,"Livorno->651 93028.77954158584
From a flow part-of reporter Livorno to/from 651"
337->Barbary Coast & Turkey (Ottoman Empire),1841,Barbary Coast & Turkey (Ottoman Empire),Barbary Coast & Turkey (Ottoman Empire),RIC,337,Tuscany,GPH-AUTONOMOUS-CITED,102925.45821622264,337,,86939.76034612813,,600|616|640|6062|6064,,split_only_partial,"Livorno->Barbary Coast & Turkey (Ottoman Empire) 102925.45821622264
From a flow part-of reporter Livorno to/from Barbary Coast & Turkey (Ottoman Empire)"
337->Ionian Is. & Malta,1841,Ionian Is. & Malta,Ionian Is. & Malta,RIC,337,Tuscany,GPH-AUTONOMOUS-CITED,18605.75590831717,337,,18605.75590831717,,338|3349,,ignore_resolved,"Livorno->Ionian Is. & Malta 18605.75590831717
From a flow part-of reporter Livorno to/from Ionian Is. & Malta"
337->West Indies,1841,West Indies,West Indies,RIC,337,Tuscany,GPH-AUTONOMOUS-CITED,2771.0700288983016,337,,2771.0700288983016,,5|6|30|31|40|41|42|51|54|65|66|68|91|100|1032|1048|1055|1058|1063|1064,,split_failed_no_ratio,"Livorno->West Indies 2771.0700288983016
From a flow part-of reporter Livorno to/from West Indies"
651<-220,1841,651,Egypt Arab Republic (Egypt),GPH-AUTONOMOUS-CITED,220,France,GPH-AUTONOMOUS-CITED,282332.4492300384,651,missing Egypt Arab Republic (Egypt) (other),,,,,ok,"Alexandria<-220 282332.4492300384
From a flow part-of reporter Alexandria to/from 220"
651<-300,1841,651,Egypt Arab Republic (Egypt),GPH-AUTONOMOUS-CITED,300,Austria-Hungary (Austrian Empire),GPH-AUTONOMOUS-CITED,224258.7387672697,651,missing Egypt Arab Republic (Egypt) (other),,,,,ok,"Alexandria<-300 224258.7387672697
From a flow part-of reporter Alexandria to/from 300"
651<-337,1841,651,Egypt Arab Republic (Egypt),GPH-AUTONOMOUS-CITED,337,Tuscany,GPH-AUTONOMOUS-CITED,194766.63631685206,651,missing Egypt Arab Republic (Egypt) (other),,,,,ok,"Alexandria<-337 194766.63631685206
From a flow part-of reporter Alexandria to/from 337"
651<-350,1841,651,Egypt Arab Republic (Egypt),GPH-AUTONOMOUS-CITED,350,Greece,GPH-AUTONOMOUS-CITED,52254.46340208226,651,missing Egypt Arab Republic (Egypt) (other),,,,,ok,"Alexandria<-350 52254.46340208226
From a flow part-of reporter Alexandria to/from 350"
651<-640,1841,651,Egypt Arab Republic (Egypt),GPH-AUTONOMOUS-CITED,640,Turkey (Ottoman Empire),GPH-AUTONOMOUS-CITED,452113.3226492296,651,missing Trabzon|Izmir (Smyrna)|Tarsus|Turkey (Ottoman Empire) (other)|Archipelago|European Turkey|Asian Turkey|6402|352|6525|660|665 unexpected: 640|Barbary Coast,,,,,ok,"Alexandria<-640 288191.2830054234
From a flow part-of reporter Alexandria to/from 640
651<-652 102490.00435453861
651<-Barbary Coast 61432.03528926759 (ratio on 69870.55144293576)"
651<-652,1841,651,Egypt Arab Republic (Egypt),GPH-AUTONOMOUS-CITED,652,Syria,GPH,102490.00435453861,651,missing Egypt Arab Republic (Egypt) (other),,,,,ignore_resolved,"Alexandria<-652 102490.00435453861
From a flow part-of reporter Alexandria to/from 652"
651<-Ionian Is. & Malta & United Kingdom,1841,651,Egypt Arab Republic (Egypt),GPH-AUTONOMOUS-CITED,Ionian Is. & Malta & United Kingdom,Ionian Is. & Malta & United Kingdom,RIC,474328.0155179922,651,missing Egypt Arab Republic (Egypt) (other),474328.0155179922,,200|338|3349,,ignore_resolved,"Alexandria<-Ionian Is. & Malta & United Kingdom 474328.0155179922
From a flow part-of reporter Alexandria to/from Ionian Is. & Malta & United Kingdom"
651<-Barbary Coast,1841,651,Egypt Arab Republic (Egypt),GPH-AUTONOMOUS-CITED,Barbary Coast,Barbary Coast,RIC,69870.55144293576,651,missing Egypt Arab Republic (Egypt) (other),8438.516153668168,,600|615|616|6062|6064,,split_only_partial,"Alexandria<-Barbary Coast 69870.55144293576
From a flow part-of reporter Alexandria to/from Barbary Coast"
651->220,1841,220,France,GPH-AUTONOMOUS-CITED,651,Egypt Arab Republic (Egypt),GPH-AUTONOMOUS-CITED,245556.3912750881,651,missing Egypt Arab Republic (Egypt) (other),,,,,ok,"Alexandria->220 245556.3912750881
From a flow part-of reporter Alexandria to/from 220"
651->300,1841,300,Austria-Hungary (Austrian Empire),GPH-AUTONOMOUS-CITED,651,Egypt Arab Republic (Egypt),GPH-AUTONOMOUS-CITED,216380.98254225883,651,missing Egypt Arab Republic (Egypt) (other),,,,,ok,"Alexandria->300 216380.98254225883
From a flow part-of reporter Alexandria to/from 300"
651->337,1841,337,Tuscany,GPH-AUTONOMOUS-CITED,651,Egypt Arab Republic (Egypt),GPH-AUTONOMOUS-CITED,85230.19674597205,651,missing Egypt Arab Republic (Egypt) (other),,,,,ok,"Alexandria->337 85230.19674597205
From a flow part-of reporter Alexandria to/from 337"
651->350,1841,350,Greece,GPH-AUTONOMOUS-CITED,651,Egypt Arab Republic (Egypt),GPH-AUTONOMOUS-CITED,43664.14631249753,651,missing Egypt Arab Republic (Egypt) (other),,,,,ok,"Alexandria->350 43664.14631249753
From a flow part-of reporter Alexandria to/from 350"
651->640,1841,640,Turkey (Ottoman Empire),GPH-AUTONOMOUS-CITED,651,Egypt Arab Republic (Egypt),GPH-AUTONOMOUS-CITED,510451.17515504744,651,missing Trabzon|Izmir (Smyrna)|Tarsus|Turkey (Ottoman Empire) (other)|Archipelago|European Turkey|Asian Turkey|6402|352|6525|660|665 unexpected: 640|Barbary Coast,,,,,ok,"Alexandria->640 326827.91655120545
From a flow part-of reporter Alexandria to/from 640
651->652 140889.11761212937
651->Barbary Coast 42734.140991712644 (ratio on 58984.204900835284)"
651->652,1841,652,Syria,GPH,651,Egypt Arab Republic (Egypt),GPH-AUTONOMOUS-CITED,140889.11761212937,651,missing Egypt Arab Republic (Egypt) (other),,,,,ignore_resolved,"Alexandria->652 140889.11761212937
From a flow part-of reporter Alexandria to/from 652"
651->Ionian Is. & Malta & United Kingdom,1841,Ionian Is. & Malta & United Kingdom,Ionian Is. & Malta & United Kingdom,RIC,651,Egypt Arab Republic (Egypt),GPH-AUTONOMOUS-CITED,407347.29424805037,651,missing Egypt Arab Republic (Egypt) (other),407347.29424805037,,200|338|3349,,ignore_resolved,"Alexandria->Ionian Is. & Malta & United Kingdom 407347.29424805037
From a flow part-of reporter Alexandria to/from Ionian Is. & Malta & United Kingdom"
651->Barbary Coast,1841,Barbary Coast,Barbary Coast,RIC,651,Egypt Arab Republic (Egypt),GPH-AUTONOMOUS-CITED,58984.204900835284,651,missing Egypt Arab Republic (Egypt) (other),16250.063909122637,,600|615|616|6062|6064,,split_only_partial,"Alexandria->Barbary Coast 58984.204900835284
From a flow part-of reporter Alexandria to/from Barbary Coast"
640<-200,1841,640,Turkey (Ottoman Empire),GPH-AUTONOMOUS-CITED,200,United Kingdom,GPH-AUTONOMOUS-CITED,758956.4942005463,640,missing Tarsus|Turkey (Ottoman Empire) (other)|Archipelago|European Turkey|Asian Turkey|652|6402|352|6525|660|665 unexpected: Beirut,,,,,ok,"Trabzon<-200 73868.80962748901
From a flow part-of reporter Trabzon to/from 200
Izmir (Smyrna)<-200 184949.13107161238
From a flow part-of reporter Izmir (Smyrna) to/from 200
Beirut<-200 500138.5535014449
From a flow part-of reporter Beirut to/from 200"
640<-365,1841,640,Turkey (Ottoman Empire),GPH-AUTONOMOUS-CITED,365,Russia (USSR),GPH-AUTONOMOUS-CITED,91643.2445271367,640,missing Russia (North and South Ports)|375 unexpected: 365,,,,,ok,"Trabzon<-365 50868.92838763311
From a flow part-of reporter Trabzon to/from 365
640<-Russia (Black Sea) 40774.316139503586"
640<-630,1841,640,Turkey (Ottoman Empire),GPH-AUTONOMOUS-CITED,630,Iran (Persia),GPH-AUTONOMOUS-CITED,349788.21107636276,640,missing Izmir (Smyrna)|Tarsus|Turkey (Ottoman Empire) (other)|Archipelago|European Turkey|Asian Turkey|652|6402|352|6525|660|665,,,,,ok,"Trabzon<-630 349788.21107636276
From a flow part-of reporter Trabzon to/from 630"
640<-Hanse Towns,1841,640,Turkey (Ottoman Empire),GPH-AUTONOMOUS-CITED,Hanse Towns,Hanse Towns,RIC,12073.947983056887,640,missing Izmir (Smyrna)|Tarsus|Turkey (Ottoman Empire) (other)|Archipelago|European Turkey|Asian Turkey|652|6402|352|6525|660|665,12073.947983056887,,246|248|276,,ignore_resolved,"Trabzon<-Hanse Towns 12073.947983056887
From a flow part-of reporter Trabzon to/from Hanse Towns"
640->326,1841,326,Trieste,GPH,640,Turkey (Ottoman Empire),GPH-AUTONOMOUS-CITED,7283.955504532679,640,missing Izmir (Smyrna)|Tarsus|Turkey (Ottoman Empire) (other)|Archipelago|European Turkey|Asian Turkey|652|6402|352|6525|660|665,,,,,ignore_resolved,"Trabzon->326 7283.955504532679
From a flow part-of reporter Trabzon to/from 326"
640->365,1841,365,Russia (USSR),GPH-AUTONOMOUS-CITED,640,Turkey (Ottoman Empire),GPH-AUTONOMOUS-CITED,74225.09005977595,640,missing Russia (North and South Ports)|375 unexpected: 365,,,,,ok,"Trabzon->365 22920.70781045881
From a flow part-of reporter Trabzon to/from 365
640->Russia (Black Sea) 51304.38224931713"
640->630,1841,630,Iran (Persia),GPH-AUTONOMOUS-CITED,640,Turkey (Ottoman Empire),GPH-AUTONOMOUS-CITED,1501365.7416571,640,missing Izmir (Smyrna)|Tarsus|Turkey (Ottoman Empire) (other)|Archipelago|European Turkey|Asian Turkey|652|6402|352|6525|660|665,,,,,ok,"Trabzon->630 1501365.7416571
From a flow part-of reporter Trabzon to/from 630"
300<-2,1841,300,Austria-Hungary (Austrian Empire),GPH-AUTONOMOUS-CITED,2,United States of America,GPH-AUTONOMOUS-CITED,275958.9881635723,300,missing 305|3343|3261|3253|332,,,,,ok,"326<-2 275958.9881635723
From a flow part-of reporter 326 to/from 2"
300<-70,1841,300,Austria-Hungary (Austrian Empire),GPH-AUTONOMOUS-CITED,70,Mexico,GPH-AUTONOMOUS-CITED,17497.327896757848,300,missing 305|3343|3261|3253|332,,,,,ok,"326<-70 17497.327896757848
From a flow part-of reporter 326 to/from 70"
300<-140,1841,300,Austria-Hungary (Austrian Empire),GPH-AUTONOMOUS-CITED,140,Brazil,GPH-AUTONOMOUS-CITED,589248.2482878746,300,missing 305|3343|3261|3253|332,,,,,ok,"326<-140 589248.2482878746
From a flow part-of reporter 326 to/from 140"
300<-210,1841,300,Austria-Hungary (Austrian Empire),GPH-AUTONOMOUS-CITED,210,Netherlands,GPH-AUTONOMOUS-CITED,182771.86176319228,300,missing 305|3343|3261|3253|332,,,,,ok,"326<-210 182771.86176319228
From a flow part-of reporter 326 to/from 210"
300<-211,1841,300,Austria-Hungary (Austrian Empire),GPH-AUTONOMOUS-CITED,211,Belgium,GPH-AUTONOMOUS-CITED,18764.10276711136,300,missing 305|3343|3261|3253|332,,,,,ok,"326<-211 18764.10276711136
From a flow part-of reporter 326 to/from 211"
300<-230,1841,300,Austria-Hungary (Austrian Empire),GPH-AUTONOMOUS-CITED,230,Spain,GPH-AUTONOMOUS-CITED,45168.44147104232,300,missing 305|3343|3261|3253|332,,,,,ok,"326<-230 45168.44147104232
From a flow part-of reporter 326 to/from 230"
300<-235,1841,300,Austria-Hungary (Austrian Empire),GPH-AUTONOMOUS-CITED,235,Portugal,GPH-AUTONOMOUS-CITED,14409.56415027117,300,missing 305|3343|3261|3253|332,,,,,ok,"326<-235 14409.56415027117
From a flow part-of reporter 326 to/from 235"
300<-324,1841,300,Austria-Hungary (Austrian Empire),GPH-AUTONOMOUS-CITED,324,Kingdom of Sardinia,GPH-AUTONOMOUS-CITED,48256.205217529,300,missing 305|3343|3261|3253|332,,,,,ok,"326<-324 48256.205217529
From a flow part-of reporter 326 to/from 324"
300<-327,1841,300,Austria-Hungary (Austrian Empire),GPH-AUTONOMOUS-CITED,327,Papal States,GPH-AUTONOMOUS-CITED,206128.0234353351,300,missing 305|3261|3253|332,,,,,ok,"326<-327 203000.67297414987
From a flow part-of reporter 326 to/from 327
3343<-327 3127.3504611852263
From a flow part-of reporter 3343 to/from 327"
300<-329,1841,300,Austria-Hungary (Austrian Empire),GPH-AUTONOMOUS-CITED,329,Two Sicilies,GPH-AUTONOMOUS-CITED,390760.4607893591,300,missing 305|3343|3261|3253|332,,,,,ok,"326<-329 390760.4607893591
From a flow part-of reporter 326 to/from 329"
300<-337,1841,300,Austria-Hungary (Austrian Empire),GPH-AUTONOMOUS-CITED,337,Tuscany,GPH-AUTONOMOUS-CITED,24029.135822018132,300,missing 305|3343|3261|3253|332,,,,,ok,"326<-337 24029.135822018132
From a flow part-of reporter 326 to/from 337"
300<-350,1841,300,Austria-Hungary (Austrian Empire),GPH-AUTONOMOUS-CITED,350,Greece,GPH-AUTONOMOUS-CITED,150152.40885158943,300,missing 305|3343|3261|3253|332,,,,,ok,"326<-350 150152.40885158943
From a flow part-of reporter 326 to/from 350"
300<-365,1841,300,Austria-Hungary (Austrian Empire),GPH-AUTONOMOUS-CITED,365,Russia (USSR),GPH-AUTONOMOUS-CITED,62190.728791417605,300,missing 305|3343|3261|3253|332,,,,,ok,"326<-365 62190.728791417605
From a flow part-of reporter 326 to/from 365"
300<-640,1841,300,Austria-Hungary (Austrian Empire),GPH-AUTONOMOUS-CITED,640,Turkey (Ottoman Empire),GPH-AUTONOMOUS-CITED,611139.7015161712,300,missing 305|3343|3261|3253|332,,,,,ok,"326<-640 611139.7015161712
From a flow part-of reporter 326 to/from 640"
300<-651,1841,300,Austria-Hungary (Austrian Empire),GPH-AUTONOMOUS-CITED,651,Egypt Arab Republic (Egypt),GPH-AUTONOMOUS-CITED,228494.51724001425,300,missing 305|3343|3261|3253|332,,,,,ok,"326<-651 228494.51724001425
From a flow part-of reporter 326 to/from 651"
300<-British Europe & United Kingdom,1841,300,Austria-Hungary (Austrian Empire),GPH-AUTONOMOUS-CITED,British Europe & United Kingdom,British Europe & United Kingdom,RIC,525553.2243379122,300,missing 305|3343|3261|3253|332,504827.18168796634,,231|338|2249,,split_only_partial,"326<-British Europe & United Kingdom 525553.2243379122
From a flow part-of reporter 326 to/from British Europe & United Kingdom"
300<-Algeria (Regency of Algiers) & France,1841,300,Austria-Hungary (Austrian Empire),GPH-AUTONOMOUS-CITED,Algeria (Regency of Algiers) & France,Algeria (Regency of Algiers) & France,RIC,145916.63037884486,300,missing 305|3343|3261|3253|332,,,,,ignore_resolved,"326<-Algeria (Regency of Algiers) & France 145916.63037884486
From a flow part-of reporter 326 to/from Algeria (Regency of Algiers) & France"
300<-Hanover & Hanse Towns,1841,300,Austria-Hungary (Austrian Empire),GPH-AUTONOMOUS-CITED,Hanover & Hanse Towns,Hanover & Hanse Towns,RIC,14924.191441352283,300,missing 305|3343|3261|3253|332,14716.827119423335,,240|246|248,,ignore_resolved,"326<-Hanover & Hanse Towns 14924.191441352283
From a flow part-of reporter 326 to/from Hanover & Hanse Towns"
300->2,1841,2,United States of America,GPH-AUTONOMOUS-CITED,300,Austria-Hungary (Austrian Empire),GPH-AUTONOMOUS-CITED,91405.72423894542,300,missing 305|3343|3261|3253|332,,,,,ok,"326->2 91405.72423894542
From a flow part-of reporter 326 to/from 2"
300->70,1841,70,Mexico,GPH-AUTONOMOUS-CITED,300,Austria-Hungary (Austrian Empire),GPH-AUTONOMOUS-CITED,277.1070028898302,300,missing 305|3343|3261|3253|332,,,,,ok,"326->70 277.1070028898302
From a flow part-of reporter 326 to/from 70"
300->140,1841,140,Brazil,GPH-AUTONOMOUS-CITED,300,Austria-Hungary (Austrian Empire),GPH-AUTONOMOUS-CITED,22128.973516487866,300,missing 305|3343|3261|3253|332,,,,,ok,"326->140 22128.973516487866
From a flow part-of reporter 326 to/from 140"
300->210,1841,210,Netherlands,GPH-AUTONOMOUS-CITED,300,Austria-Hungary (Austrian Empire),GPH-AUTONOMOUS-CITED,41684.81057757017,300,missing 305|3343|3261|3253|332,,,,,ok,"326->210 41684.81057757017
From a flow part-of reporter 326 to/from 210"
300->211,1841,211,Belgium,GPH-AUTONOMOUS-CITED,300,Austria-Hungary (Austrian Empire),GPH-AUTONOMOUS-CITED,15676.339020624679,300,missing 305|3343|3261|3253|332,,,,,ok,"326->211 15676.339020624679
From a flow part-of reporter 326 to/from 211"
300->230,1841,230,Spain,GPH-AUTONOMOUS-CITED,300,Austria-Hungary (Austrian Empire),GPH-AUTONOMOUS-CITED,16784.767032183998,300,missing 305|3343|3261|3253|332,,,,,ok,"326->230 16784.767032183998
From a flow part-of reporter 326 to/from 230"
300->235,1841,235,Portugal,GPH-AUTONOMOUS-CITED,300,Austria-Hungary (Austrian Empire),GPH-AUTONOMOUS-CITED,12588.575274138,300,missing 305|3343|3261|3253|332,,,,,ok,"326->235 12588.575274138
From a flow part-of reporter 326 to/from 235"
300->324,1841,324,Kingdom of Sardinia,GPH-AUTONOMOUS-CITED,300,Austria-Hungary (Austrian Empire),GPH-AUTONOMOUS-CITED,38874.153833973316,300,missing 305|3261|3253|332,,,,,ok,"326->324 23791.615533826847
From a flow part-of reporter 326 to/from 324
3343->324 15082.53830014647
From a flow part-of reporter 3343 to/from 324"
300->327,1841,327,Papal States,GPH-AUTONOMOUS-CITED,300,Austria-Hungary (Austrian Empire),GPH-AUTONOMOUS-CITED,431297.2566406714,300,missing 305|3261|3253|332,,,,,ok,"326->327 431059.73635248013
From a flow part-of reporter 326 to/from 327
3343->327 237.52028819128302
From a flow part-of reporter 3343 to/from 327"
300->329,1841,329,Two Sicilies,GPH-AUTONOMOUS-CITED,300,Austria-Hungary (Austrian Empire),GPH-AUTONOMOUS-CITED,196785.55876647797,300,missing 305|3343|3261|3253|332,,,,,ok,"326->329 196785.55876647797
From a flow part-of reporter 326 to/from 329"
300->337,1841,337,Tuscany,GPH-AUTONOMOUS-CITED,300,Austria-Hungary (Austrian Empire),GPH-AUTONOMOUS-CITED,35588.45651399391,300,missing 305|3343|3261|3253|332,,,,,ok,"326->337 35588.45651399391
From a flow part-of reporter 326 to/from 337"
300->350,1841,350,Greece,GPH-AUTONOMOUS-CITED,300,Austria-Hungary (Austrian Empire),GPH-AUTONOMOUS-CITED,342702.18914532283,300,missing 305|3343|3261|3253|332,,,,,ok,"326->350 342702.18914532283
From a flow part-of reporter 326 to/from 350"
300->365,1841,365,Russia (USSR),GPH-AUTONOMOUS-CITED,300,Austria-Hungary (Austrian Empire),GPH-AUTONOMOUS-CITED,2058.5091643244527,300,missing 305|3343|3261|3253|332,,,,,ok,"326->365 2058.5091643244527
From a flow part-of reporter 326 to/from 365"
300->640,1841,640,Turkey (Ottoman Empire),GPH-AUTONOMOUS-CITED,300,Austria-Hungary (Austrian Empire),GPH-AUTONOMOUS-CITED,511222.83361703815,300,missing 305|3343|3261|3253|332,,,,,ok,"326->640 511222.83361703815
From a flow part-of reporter 326 to/from 640"
300->651,1841,651,Egypt Arab Republic (Egypt),GPH-AUTONOMOUS-CITED,300,Austria-Hungary (Austrian Empire),GPH-AUTONOMOUS-CITED,126004.51288547563,300,missing 305|3343|3261|3253|332,,,,,ok,"326->651 126004.51288547563
From a flow part-of reporter 326 to/from 651"
300->British Europe & United Kingdom,1841,British Europe & United Kingdom,British Europe & United Kingdom,RIC,300,Austria-Hungary (Austrian Empire),GPH-AUTONOMOUS-CITED,355409.5245635565,300,missing 305|3343|3261|3253|332,354001.9386673584,,231|338|2249,,ignore_resolved,"326->British Europe & United Kingdom 355409.5245635565
From a flow part-of reporter 326 to/from British Europe & United Kingdom"
300->Algeria (Regency of Algiers) & France,1841,Algeria (Regency of Algiers) & France,Algeria (Regency of Algiers) & France,RIC,300,Austria-Hungary (Austrian Empire),GPH-AUTONOMOUS-CITED,166580.8954514865,300,missing 305|3343|3261|3253|332,,,,,ignore_resolved,"326->Algeria (Regency of Algiers) & France 166580.8954514865
From a flow part-of reporter 326 to/from Algeria (Regency of Algiers) & France"
300->Hanover & Hanse Towns,1841,Hanover & Hanse Towns,Hanover & Hanse Towns,RIC,300,Austria-Hungary (Austrian Empire),GPH-AUTONOMOUS-CITED,53046.197696053205,300,missing 305|3343|3261|3253|332,53046.197696053205,,240|246|248|276,,ignore_resolved,"326->Hanover & Hanse Towns 53046.197696053205
From a flow part-of reporter 326 to/from Hanover & Hanse Towns"
640<-2,1841,640,Turkey (Ottoman Empire),GPH-AUTONOMOUS-CITED,2,United States of America,GPH-AUTONOMOUS-CITED,81944.49942599265,640,missing Trabzon|Tarsus|Turkey (Ottoman Empire) (other)|Archipelago|European Turkey|Asian Turkey|652|6402|352|6525|660|665,,,,,ok,"Izmir (Smyrna)<-2 81944.49942599265
From a flow part-of reporter Izmir (Smyrna) to/from 2"
640<-210,1841,640,Turkey (Ottoman Empire),GPH-AUTONOMOUS-CITED,210,Netherlands,GPH-AUTONOMOUS-CITED,17695.261470250585,640,missing Trabzon|Tarsus|Turkey (Ottoman Empire) (other)|Archipelago|European Turkey|Asian Turkey|652|6402|352|6525|660|665,,,,,ok,"Izmir (Smyrna)<-210 17695.261470250585
From a flow part-of reporter Izmir (Smyrna) to/from 210"
640<-220,1841,640,Turkey (Ottoman Empire),GPH-AUTONOMOUS-CITED,220,France,GPH-AUTONOMOUS-CITED,193658.20830529276,640,missing Trabzon|Tarsus|Turkey (Ottoman Empire) (other)|Archipelago|European Turkey|Asian Turkey|652|6402|352|6525|660|665 unexpected: Beirut,,,,,ok,"Izmir (Smyrna)<-220 71810.30046316456
From a flow part-of reporter Izmir (Smyrna) to/from 220
Beirut<-220 121847.90784212819
From a flow part-of reporter Beirut to/from 220"
640<-300,1841,640,Turkey (Ottoman Empire),GPH-AUTONOMOUS-CITED,300,Austria-Hungary (Austrian Empire),GPH-AUTONOMOUS-CITED,276592.3755987491,640,missing Trabzon|Tarsus|Turkey (Ottoman Empire) (other)|Archipelago|European Turkey|Asian Turkey|652|6402|352|6525|660|665 unexpected: Beirut,,,,,ok,"Izmir (Smyrna)<-300 255453.0699497249
From a flow part-of reporter Izmir (Smyrna) to/from 300
Beirut<-300 21139.305649024187
From a flow part-of reporter Beirut to/from 300"
640<-350,1841,640,Turkey (Ottoman Empire),GPH-AUTONOMOUS-CITED,350,Greece,GPH-AUTONOMOUS-CITED,33332.01377617672,640,missing Trabzon|Tarsus|Turkey (Ottoman Empire) (other)|Archipelago|European Turkey|Asian Turkey|652|6402|352|6525|660|665 unexpected: Beirut,,,,,ok,"Izmir (Smyrna)<-350 32381.932623411583
From a flow part-of reporter Izmir (Smyrna) to/from 350
Beirut<-350 950.0811527651321
From a flow part-of reporter Beirut to/from 350"
640<-Russia (Black Sea),1841,640,Turkey (Ottoman Empire),GPH-AUTONOMOUS-CITED,Russia (Black Sea),Russia (Black Sea),RIC,40774.316139503586,640,missing Trabzon|Tarsus|Turkey (Ottoman Empire) (other)|Archipelago|European Turkey|Asian Turkey|652|6402|352|6525|660|665,,,,,ignore_resolved,"Izmir (Smyrna)<-Russia (Black Sea) 40774.316139503586
From a flow part-of reporter Izmir (Smyrna) to/from Russia (Black Sea)"
640<-Kingdom of Sardinia & Tuscany,1841,640,Turkey (Ottoman Empire),GPH-AUTONOMOUS-CITED,Kingdom of Sardinia & Tuscany,Kingdom of Sardinia & Tuscany,RIC,11757.25426546851,640,missing Trabzon|Tarsus|Turkey (Ottoman Empire) (other)|Archipelago|European Turkey|Asian Turkey|652|6402|352|6525|660|665,,,,,ignore_resolved,"Izmir (Smyrna)<-Kingdom of Sardinia & Tuscany 11757.25426546851
From a flow part-of reporter Izmir (Smyrna) to/from Kingdom of Sardinia & Tuscany"
640<-Ionian Is. & Malta,1841,640,Turkey (Ottoman Empire),GPH-AUTONOMOUS-CITED,Ionian Is. & Malta,Ionian Is. & Malta,RIC,7125.60864573849,640,missing Trabzon|Tarsus|Turkey (Ottoman Empire) (other)|Archipelago|European Turkey|Asian Turkey|652|6402|352|6525|660|665,,,,,ignore_resolved,"Izmir (Smyrna)<-Ionian Is. & Malta 7125.60864573849
From a flow part-of reporter Izmir (Smyrna) to/from Ionian Is. & Malta"
640<-Egypt Arab Republic (Egypt) & Syria,1841,640,Turkey (Ottoman Empire),GPH-AUTONOMOUS-CITED,Egypt Arab Republic (Egypt) & Syria,Egypt Arab Republic (Egypt) & Syria,RIC,8709.077233680377,640,missing Trabzon|Tarsus|Turkey (Ottoman Empire) (other)|Archipelago|European Turkey|Asian Turkey|652|6402|352|6525|660|665,,,,,ignore_resolved,"Izmir (Smyrna)<-Egypt Arab Republic (Egypt) & Syria 8709.077233680377
From a flow part-of reporter Izmir (Smyrna) to/from Egypt Arab Republic (Egypt) & Syria"
640->2,1841,2,United States of America,GPH-AUTONOMOUS-CITED,640,Turkey (Ottoman Empire),GPH-AUTONOMOUS-CITED,127033.76746763787,640,missing Trabzon|Tarsus|Turkey (Ottoman Empire) (other)|Archipelago|European Turkey|Asian Turkey|652|6402|352|6525|660|665,,,,,ok,"Izmir (Smyrna)->2 127033.76746763787
From a flow part-of reporter Izmir (Smyrna) to/from 2"
640->200,1841,200,United Kingdom,GPH-AUTONOMOUS-CITED,640,Turkey (Ottoman Empire),GPH-AUTONOMOUS-CITED,474050.90851510235,640,missing Trabzon|Tarsus|Turkey (Ottoman Empire) (other)|Archipelago|European Turkey|Asian Turkey|652|6402|352|6525|660|665 unexpected: Beirut,,,,,ok,"Izmir (Smyrna)->200 395273.3462649935
From a flow part-of reporter Izmir (Smyrna) to/from 200
Beirut->200 78777.56225010887
From a flow part-of reporter Beirut to/from 200"
640->210,1841,210,Netherlands,GPH-AUTONOMOUS-CITED,640,Turkey (Ottoman Empire),GPH-AUTONOMOUS-CITED,72245.75432484859,640,missing Trabzon|Tarsus|Turkey (Ottoman Empire) (other)|Archipelago|European Turkey|Asian Turkey|652|6402|352|6525|660|665,,,,,ok,"Izmir (Smyrna)->210 72245.75432484859
From a flow part-of reporter Izmir (Smyrna) to/from 210"
640->220,1841,220,France,GPH-AUTONOMOUS-CITED,640,Turkey (Ottoman Empire),GPH-AUTONOMOUS-CITED,379359.48695617757,640,missing Trabzon|Turkey (Ottoman Empire) (other)|Archipelago|European Turkey|Asian Turkey|652|6402|352|6525|660|665 unexpected: Beirut,,,,,ok,"Izmir (Smyrna)->220 263964.21360991255
From a flow part-of reporter Izmir (Smyrna) to/from 220
Beirut->220 108348.8381299236
From a flow part-of reporter Beirut to/from 220
Tarsus->220 7046.435216341396
From a flow part-of reporter Tarsus to/from 220"
640->300,1841,300,Austria-Hungary (Austrian Empire),GPH-AUTONOMOUS-CITED,640,Turkey (Ottoman Empire),GPH-AUTONOMOUS-CITED,231542.69427180238,640,missing 305|3343|3261|3253|332 unexpected: 300,,,,,ok,"Izmir (Smyrna)->300 222675.2701793278
From a flow part-of reporter Izmir (Smyrna) to/from 300
Beirut->300 1583.4685879418867
From a flow part-of reporter Beirut to/from 300
640->326 7283.955504532679"
640->350,1841,350,Greece,GPH-AUTONOMOUS-CITED,640,Turkey (Ottoman Empire),GPH-AUTONOMOUS-CITED,5462.966628399509,640,missing Trabzon|Tarsus|Turkey (Ottoman Empire) (other)|Archipelago|European Turkey|Asian Turkey|652|6402|352|6525|660|665 unexpected: Beirut,,,,,ok,"Izmir (Smyrna)->350 4948.339337318396
From a flow part-of reporter Izmir (Smyrna) to/from 350
Beirut->350 514.6272910811132
From a flow part-of reporter Beirut to/from 350"
640->Russia (Black Sea),1841,Russia (Black Sea),Russia (Black Sea),RIC,640,Turkey (Ottoman Empire),GPH-AUTONOMOUS-CITED,51304.38224931713,640,missing Trabzon|Tarsus|Turkey (Ottoman Empire) (other)|Archipelago|European Turkey|Asian Turkey|652|6402|352|6525|660|665,,,,,ignore_resolved,"Izmir (Smyrna)->Russia (Black Sea) 51304.38224931713
From a flow part-of reporter Izmir (Smyrna) to/from Russia (Black Sea)"
640->Kingdom of Sardinia & Tuscany,1841,Kingdom of Sardinia & Tuscany,Kingdom of Sardinia & Tuscany,RIC,640,Turkey (Ottoman Empire),GPH-AUTONOMOUS-CITED,72918.72847472389,640,missing Trabzon|Tarsus|Turkey (Ottoman Empire) (other)|Archipelago|European Turkey|Asian Turkey|652|6402|352|6525|660|665,,,,,ignore_resolved,"Izmir (Smyrna)->Kingdom of Sardinia & Tuscany 72918.72847472389
From a flow part-of reporter Izmir (Smyrna) to/from Kingdom of Sardinia & Tuscany"
640->Ionian Is. & Malta,1841,Ionian Is. & Malta,Ionian Is. & Malta,RIC,640,Turkey (Ottoman Empire),GPH-AUTONOMOUS-CITED,10094.612248129528,640,missing Trabzon|Tarsus|Turkey (Ottoman Empire) (other)|Archipelago|European Turkey|Asian Turkey|652|6402|352|6525|660|665,,,,,ignore_resolved,"Izmir (Smyrna)->Ionian Is. & Malta 10094.612248129528
From a flow part-of reporter Izmir (Smyrna) to/from Ionian Is. & Malta"
640->Egypt Arab Republic (Egypt) & Syria,1841,Egypt Arab Republic (Egypt) & Syria,Egypt Arab Republic (Egypt) & Syria,RIC,640,Turkey (Ottoman Empire),GPH-AUTONOMOUS-CITED,9579.984957048415,640,missing Trabzon|Tarsus|Turkey (Ottoman Empire) (other)|Archipelago|European Turkey|Asian Turkey|652|6402|352|6525|660|665,,,,,ignore_resolved,"Izmir (Smyrna)->Egypt Arab Republic (Egypt) & Syria 9579.984957048415
From a flow part-of reporter Izmir (Smyrna) to/from Egypt Arab Republic (Egypt) & Syria"
640<-324,1841,640,Turkey (Ottoman Empire),GPH-AUTONOMOUS-CITED,324,Kingdom of Sardinia,GPH-AUTONOMOUS-CITED,46975.68630441951,640,missing Trabzon|Izmir (Smyrna)|Tarsus|Turkey (Ottoman Empire) (other)|Archipelago|European Turkey|Asian Turkey|652|6402|352|6525|660|665 unexpected: Beirut|640,,,,,ok,"Beirut<-324 37211.51181663434
From a flow part-of reporter Beirut to/from 324
640<-Kingdom of Sardinia & Tuscany 9764.174487785176 (ratio on 11757.25426546851)"
640<-337,1841,640,Turkey (Ottoman Empire),GPH-AUTONOMOUS-CITED,337,Tuscany,GPH-AUTONOMOUS-CITED,25626.348452715996,640,missing Livorno unexpected: 337|Kingdom of Sardinia & Tuscany,,,,,ok,"Beirut<-337 23633.26867503266
From a flow part-of reporter Beirut to/from 337
640<-Kingdom of Sardinia & Tuscany 1993.0797776833333 (ratio on 11757.25426546851)"
640<-651,1841,640,Turkey (Ottoman Empire),GPH-AUTONOMOUS-CITED,651,Egypt Arab Republic (Egypt),GPH-AUTONOMOUS-CITED,46395.62962669728,640,missing Trabzon|Izmir (Smyrna)|Turkey (Ottoman Empire) (other)|Archipelago|European Turkey|Asian Turkey|652|6402|352|6525|660|665 unexpected: Beirut|640,,,,,ok,"Beirut<-651 35944.73694628083
From a flow part-of reporter Beirut to/from 651
Tarsus<-651 1741.8154467360755
From a flow part-of reporter Tarsus to/from 651
640<-Egypt Arab Republic (Egypt) & Syria 8709.077233680377"
640->324,1841,324,Kingdom of Sardinia,GPH-AUTONOMOUS-CITED,640,Turkey (Ottoman Empire),GPH-AUTONOMOUS-CITED,58356.58939379889,640,missing Trabzon|Izmir (Smyrna)|Tarsus|Turkey (Ottoman Empire) (other)|Archipelago|European Turkey|Asian Turkey|652|6402|352|6525|660|665 unexpected: Beirut|640,,,,,ok,"Beirut->324 54946.36000158347
From a flow part-of reporter Beirut to/from 324
640->Kingdom of Sardinia & Tuscany 3410.229392215422 (ratio on 72918.72847472389)"
640->337,1841,337,Tuscany,GPH-AUTONOMOUS-CITED,640,Turkey (Ottoman Empire),GPH-AUTONOMOUS-CITED,86451.61297348664,640,missing Livorno unexpected: 337|Kingdom of Sardinia & Tuscany,,,,,ok,"Beirut->337 16943.113890978188
From a flow part-of reporter Beirut to/from 337
640->Kingdom of Sardinia & Tuscany 69508.49908250845 (ratio on 72918.72847472389)"
640->651,1841,651,Egypt Arab Republic (Egypt),GPH-AUTONOMOUS-CITED,640,Turkey (Ottoman Empire),GPH-AUTONOMOUS-CITED,261628.59744269823,640,missing Trabzon|Izmir (Smyrna)|Turkey (Ottoman Empire) (other)|Archipelago|European Turkey|Asian Turkey|652|6402|352|6525|660|665 unexpected: Beirut|640,,,,,ok,"Beirut->651 250702.66418589922
From a flow part-of reporter Beirut to/from 651
Tarsus->651 1345.9482997506038
From a flow part-of reporter Tarsus to/from 651
640->Egypt Arab Republic (Egypt) & Syria 9579.984957048415"
640<-352,1841,640,Turkey (Ottoman Empire),GPH-AUTONOMOUS-CITED,352,Cyprus,GPH,2889.8301729939435,640,missing Trabzon|Izmir (Smyrna)|Turkey (Ottoman Empire) (other)|Archipelago|European Turkey|Asian Turkey|652|6402|352|6525|660|665,,,,,ignore_internal,"Tarsus<-352 2889.8301729939435
From a flow part-of reporter Tarsus to/from 352"
640<-6402,1841,640,Turkey (Ottoman Empire),GPH-AUTONOMOUS-CITED,6402,Western Anatolia,GPH,791.7342939709433,640,missing Trabzon|Izmir (Smyrna)|Turkey (Ottoman Empire) (other)|Archipelago|European Turkey|Asian Turkey|652|6402|352|6525|660|665,,,,,ignore_internal,"Tarsus<-6402 791.7342939709433
From a flow part-of reporter Tarsus to/from 6402"
640<-6525,1841,640,Turkey (Ottoman Empire),GPH-AUTONOMOUS-CITED,6525,Aleppo,GPH,1068.8412968607736,640,missing Trabzon|Izmir (Smyrna)|Turkey (Ottoman Empire) (other)|Archipelago|European Turkey|Asian Turkey|652|6402|352|6525|660|665,,,,,ignore_internal,"Tarsus<-6525 1068.8412968607736
From a flow part-of reporter Tarsus to/from 6525"
640<-Syria (other),1841,640,Turkey (Ottoman Empire),GPH-AUTONOMOUS-CITED,Syria (other),Syria (other),RIC,26760.619136217887,640,missing Trabzon|Izmir (Smyrna)|Turkey (Ottoman Empire) (other)|Archipelago|European Turkey|Asian Turkey|652|6402|352|6525|660|665,,,,,ignore_internal,"Tarsus<-Syria (other) 26760.619136217887
From a flow part-of reporter Tarsus to/from Syria (other)"
640->325,1841,325,Italy,GPH,640,Turkey (Ottoman Empire),GPH-AUTONOMOUS-CITED,1227.1881556549622,640,missing Trabzon|Izmir (Smyrna)|Turkey (Ottoman Empire) (other)|Archipelago|European Turkey|Asian Turkey|652|6402|352|6525|660|665,1227.1881556549622,,324|329|335|337,,split_failed_no_ratio,"Tarsus->325 1227.1881556549622
From a flow part-of reporter Tarsus to/from 325
gravity results to be aggregated for partners: 324|337"
640->352,1841,352,Cyprus,GPH,640,Turkey (Ottoman Empire),GPH-AUTONOMOUS-CITED,1900.1623055302641,640,missing Trabzon|Izmir (Smyrna)|Turkey (Ottoman Empire) (other)|Archipelago|European Turkey|Asian Turkey|652|6402|352|6525|660|665,,,,,ignore_internal,"Tarsus->352 1900.1623055302641
From a flow part-of reporter Tarsus to/from 352"
640->6402,1841,6402,Western Anatolia,GPH,640,Turkey (Ottoman Empire),GPH-AUTONOMOUS-CITED,11876.01440956415,640,missing Trabzon|Izmir (Smyrna)|Turkey (Ottoman Empire) (other)|Archipelago|European Turkey|Asian Turkey|652|6402|352|6525|660|665,,,,,ignore_internal,"Tarsus->6402 11876.01440956415
From a flow part-of reporter Tarsus to/from 6402"
640->Syria (other),1841,Syria (other),Syria (other),RIC,640,Turkey (Ottoman Empire),GPH-AUTONOMOUS-CITED,7244.368789834132,640,missing Trabzon|Izmir (Smyrna)|Turkey (Ottoman Empire) (other)|Archipelago|European Turkey|Asian Turkey|652|6402|352|6525|660|665,,,,,ignore_internal,"Tarsus->Syria (other) 7244.368789834132
From a flow part-of reporter Tarsus to/from Syria (other)"
1063<-British Colonies (other),1841,1063,Leeward Is.,GPH-AUTONOMOUS-CITED,British Colonies (other),British Colonies (other),RIC,4390,1063,missing 1061|1076|58|59,4390,,20|21|30|31|51|54|110|231|338|451|561|590|720|750|780|901|902|903|906|920|1022|1023|1024|1025|1026|1048|1055|1163|2249|4044|4050|4383|5614|7501|9004|9620,,split_failed_no_ratio,"1075<-British Colonies (other) 4390
From a flow part-of reporter 1075 to/from British Colonies (other)"
1063->British Northern America,1841,British Northern America,British Northern America,RIC,1063,Leeward Is.,GPH-AUTONOMOUS-CITED,9,1063,missing 1061|1076|58|59,9,,20|21|1022|1023|1024|1025|1026,,split_failed_no_ratio,"1075->British Northern America 9
From a flow part-of reporter 1075 to/from British Northern America"
1063->British Colonies (other),1841,British Colonies (other),British Colonies (other),RIC,1063,Leeward Is.,GPH-AUTONOMOUS-CITED,223,1063,missing 1061|1076|58|59,223,,20|21|30|31|51|54|110|231|338|451|561|590|720|750|780|901|902|903|906|920|1022|1023|1024|1025|1026|1048|1055|1163|2249|4044|4050|4383|5614|7501|9004|9620,,split_failed_no_ratio,"1075->British Colonies (other) 223
From a flow part-of reporter 1075 to/from British Colonies (other)"
140<-324,1841,140,Brazil,GPH-AUTONOMOUS-CITED,324,Kingdom of Sardinia,GPH-AUTONOMOUS-CITED,89633.04392955829,140,missing Rio de Janeiro|Pernambuco unexpected: 140,,,,,ok,"Bahia<-324 12311.46827124817
From a flow part-of reporter Bahia to/from 324
140<-Kingdom of Sardinia & Two Sicilies 77321.57565831012 (ratio on 89861.84236570208)"
140<-329,1841,140,Brazil,GPH-AUTONOMOUS-CITED,329,Two Sicilies,GPH-AUTONOMOUS-CITED,23584.960108286625,140,missing Rio de Janeiro|Pernambuco unexpected: 140,,,,,ok,"Bahia<-329 11044.693400894661
From a flow part-of reporter Bahia to/from 329
140<-Kingdom of Sardinia & Two Sicilies 12540.266707391964 (ratio on 89861.84236570208)"
140<-Norway & Sweden,1841,140,Brazil,GPH-AUTONOMOUS-CITED,Norway & Sweden,Norway & Sweden,RIC,4908.752622619849,140,missing Rio de Janeiro|Pernambuco,4908.752622619849,,380|385,,ignore_resolved,"Bahia<-Norway & Sweden 4908.752622619849
From a flow part-of reporter Bahia to/from Norway & Sweden
gravity results to be aggregated for partners: 380"
140<-Western Africa,1841,140,Brazil,GPH-AUTONOMOUS-CITED,Western Africa,Western Africa,RIC,4196.191758045999,140,missing Rio de Janeiro|Pernambuco,4196.191758045999,,402|432|433|450|451|600|4041|4042|4044|4341|4348|4361|4381|4383|4391|4521|4535|4781|4792|4793,,split_failed_no_ratio,"Bahia<-Western Africa 4196.191758045999
From a flow part-of reporter Bahia to/from Western Africa"
140->324,1841,324,Kingdom of Sardinia,GPH-AUTONOMOUS-CITED,140,Brazil,GPH-AUTONOMOUS-CITED,119541.07320310354,140,,,,,,ok,"Bahia->324 44139.1868888801
From a flow part-of reporter Bahia to/from 324
Pernambuco->324 21218.479078421282
From a flow part-of reporter Pernambuco to/from 324
140->Kingdom of Sardinia & Two Sicilies 54183.407235802166 (ratio on 69276.75072245754)"
140->329,1841,329,Two Sicilies,GPH-AUTONOMOUS-CITED,140,Brazil,GPH-AUTONOMOUS-CITED,31996.870662935013,140,,,,,,ok,"Bahia->329 11876.01440956415
From a flow part-of reporter Bahia to/from 329
Pernambuco->329 5027.51276671549
From a flow part-of reporter Pernambuco to/from 329
140->Kingdom of Sardinia & Two Sicilies 15093.343486655374 (ratio on 69276.75072245754)"
140->Norway & Sweden,1841,Norway & Sweden,Norway & Sweden,RIC,140,Brazil,GPH-AUTONOMOUS-CITED,38953.32726337041,140,missing Rio de Janeiro|Pernambuco,38953.32726337041,,380|385,,ignore_resolved,"Bahia->Norway & Sweden 38953.32726337041
From a flow part-of reporter Bahia to/from Norway & Sweden
gravity results to be aggregated for partners: 380"
140->Western Africa,1841,Western Africa,Western Africa,RIC,140,Brazil,GPH-AUTONOMOUS-CITED,30481.77031788132,140,missing Rio de Janeiro|Pernambuco,30481.77031788132,,402|432|433|450|451|600|4041|4042|4044|4341|4348|4361|4381|4383|4391|4521|4535|4781|4792|4793,,split_failed_no_ratio,"Bahia->Western Africa 30481.77031788132
From a flow part-of reporter Bahia to/from Western Africa"
300->200,1841,200,United Kingdom,GPH-AUTONOMOUS-CITED,300,Austria-Hungary (Austrian Empire),GPH-AUTONOMOUS-CITED,14471.201746718629,300,missing 305|326|3261|3253|332 unexpected: 300,,,,,ok,"3343->200 13063.615850520566
From a flow part-of reporter 3343 to/from 200
300->British Europe & United Kingdom 1407.5858961980637 (ratio on 355409.5245635565)"
300->220,1841,220,France,GPH-AUTONOMOUS-CITED,300,Austria-Hungary (Austrian Empire),GPH-AUTONOMOUS-CITED,93009.47058673046,300,missing 305|326|3261|3253|332 unexpected: 300,,,,,ok,"3343->220 87842.91991607616
From a flow part-of reporter 3343 to/from 220
300->Algeria (Regency of Algiers) & France 5166.550670654294 (ratio on 166580.8954514865)"
1055<-British Colonies (other),1841,1055,Windward Is.,GPH-AUTONOMOUS-CITED,British Colonies (other),British Colonies (other),RIC,2580,1055,missing 1049|56,2580,,20|21|30|31|51|54|110|231|338|451|561|590|720|750|780|901|902|903|906|920|1022|1023|1024|1025|1026|1048|1063|1163|2249|4044|4050|4383|5614|7501|9004|9620,,split_failed_no_ratio,"53<-British Colonies (other) 2580
From a flow part-of reporter 53 to/from British Colonies (other)"
1055->2,1841,2,United States of America,GPH-AUTONOMOUS-CITED,1055,Windward Is.,GPH-AUTONOMOUS-CITED,2532,1055,missing 1049|56,,,,,ok,"53->2 2532
From a flow part-of reporter 53 to/from 2"
1055->British Northern America,1841,British Northern America,British Northern America,RIC,1055,Windward Is.,GPH-AUTONOMOUS-CITED,751,1055,missing 1049|56,751,,20|21|1022|1023|1024|1025|1026,,split_failed_no_ratio,"53->British Northern America 751
From a flow part-of reporter 53 to/from British Northern America"
220->120,1841,120,French Guiana,GPH-AUTONOMOUS-CITED,220,France,GPH-AUTONOMOUS-CITED,95008.1152765132,220,,,,,,ok,220->Cayenne 95008.1152765132
220<-120,1841,220,France,GPH-AUTONOMOUS-CITED,120,French Guiana,GPH-AUTONOMOUS-CITED,75214.75792723963,220,,,,,,ok,220<-Cayenne 75214.75792723963
220->100,1841,100,Colombia (New Granada) (Gran Colombia),GPH-AUTONOMOUS-CITED,220,France,GPH-AUTONOMOUS-CITED,11876.01440956415,220,,,,,,ok,220->Colombia (New Granada) (Gran Colombia) (other) 11876.01440956415
220<-100,1841,220,France,GPH-AUTONOMOUS-CITED,100,Colombia (New Granada) (Gran Colombia),GPH-AUTONOMOUS-CITED,23752.0288191283,220,,,,,,ok,220<-Colombia (New Granada) (Gran Colombia) (other) 23752.0288191283
British Northern America<-2003,1841,British Northern America,British Northern America,RIC,2003,Channel Is.,GPH-AUTONOMOUS-CITED,14390,British Northern America,missing Guernsey|Jersey unexpected: Guernsey & Jersey,,20|21|1022|1023|1024|1025|1026,,,split_failed_no_ratio,British Northern America<-Guernsey & Jersey 14390
British Northern America<-1029,1841,British Northern America,British Northern America,RIC,1029,St. Pierre and Miquelon,GPH-AUTONOMOUS-CITED,368,British Northern America,,,20|21|1022|1023|1024|1025|1026,,,split_failed_no_ratio,British Northern America<-French Northern America 368
British Northern America->2003,1841,2003,Channel Is.,GPH-AUTONOMOUS-CITED,British Northern America,British Northern America,RIC,8993,British Northern America,missing Guernsey|Jersey unexpected: Guernsey & Jersey,,20|21|1022|1023|1024|1025|1026,,,split_failed_no_ratio,British Northern America->Guernsey & Jersey 8993
British Northern America->1029,1841,1029,St. Pierre and Miquelon,GPH-AUTONOMOUS-CITED,British Northern America,British Northern America,RIC,1293,British Northern America,,,20|21|1022|1023|1024|1025|1026,,,split_failed_no_ratio,British Northern America->French Northern America 1293
New South Wales & Tasmania<-2003,1841,New South Wales & Tasmania,New South Wales & Tasmania,RIC,2003,Channel Is.,GPH-AUTONOMOUS-CITED,984,New South Wales & Tasmania,missing Guernsey|Jersey unexpected: Guernsey & Jersey,,901|906,,,split_failed_no_ratio,New South Wales & Tasmania<-Guernsey & Jersey 984
New South Wales & Tasmania->901,1841,901,New South Wales,GPH-AUTONOMOUS-CITED,New South Wales & Tasmania,New South Wales & Tasmania,RIC,65,New South Wales & Tasmania,missing Sydney,,901|906,,,split_failed_no_ratio,New South Wales & Tasmania->Port Essington 65
590<-2003,1841,590,Mauritius,GPH-AUTONOMOUS-CITED,2003,Channel Is.,GPH-AUTONOMOUS-CITED,720,590,missing Guernsey|Jersey unexpected: Guernsey & Jersey,,,,,ok,590<-Guernsey & Jersey 720
590<-235,1841,590,Mauritius,GPH-AUTONOMOUS-CITED,235,Portugal,GPH-AUTONOMOUS-CITED,795,590,missing 400,,,,,ok,590<-401 795
590<-850,1841,590,Mauritius,GPH-AUTONOMOUS-CITED,850,Indonesia (Dutch East Indies),GPH-AUTONOMOUS-CITED,13364,590,missing Jakarta (Batavia)|Padang,,,,,ok,"590<-Java 11456
590<-Sumatra 1908"
780<-235,1841,780,Sri Lanka (Ceylon),GPH-AUTONOMOUS-CITED,235,Portugal,GPH-AUTONOMOUS-CITED,6181,780,missing 400,,,,,ok,780<-401 6181
780->651,1841,651,Egypt Arab Republic (Egypt),GPH-AUTONOMOUS-CITED,780,Sri Lanka (Ceylon),GPH-AUTONOMOUS-CITED,24,780,,,,,,ok,780->Red Sea (Africa) 24
750->850,1841,850,Indonesia (Dutch East Indies),GPH-AUTONOMOUS-CITED,750,India,GPH-AUTONOMOUS-CITED,20307,750,missing Java|Sumatra|Jakarta (Batavia)|Padang unexpected: Jakarta (Batavia) & Java & Sumatra,,,,,ok,750->Jakarta (Batavia) & Java & Sumatra 20307
750<-850,1841,750,India,GPH-AUTONOMOUS-CITED,850,Indonesia (Dutch East Indies),GPH-AUTONOMOUS-CITED,11817,750,missing Java|Sumatra|Jakarta (Batavia)|Padang unexpected: Jakarta (Batavia) & Java & Sumatra,,,,,ok,750<-Jakarta (Batavia) & Java & Sumatra 11817
750->840,1841,840,Philippines,GPH-AUTONOMOUS-CITED,750,India,GPH-AUTONOMOUS-CITED,15391,750,,,,,,ok,750->Manila 15391
248->300,1841,300,Austria-Hungary (Austrian Empire),GPH-AUTONOMOUS-CITED,248,Hamburg,GPH-AUTONOMOUS-CITED,170420.80677724557,248,missing 326|3343|3261|3253|332,,,,,ok,248->305 170420.80677724557
248<-300,1841,248,Hamburg,GPH-AUTONOMOUS-CITED,300,Austria-Hungary (Austrian Empire),GPH-AUTONOMOUS-CITED,218162.38470369345,248,missing 326|3343|3261|3253|332,,,,,ok,248<-305 218162.38470369345
2<-1064,1841,2,United States of America,GPH-AUTONOMOUS-CITED,1064,St. Barthelemy,GPH-AUTONOMOUS,4102.473644890843,2,,,,,,ok,2<-Swedish West Indies 4102.473644890843
2<-220,1841,2,United States of America,GPH-AUTONOMOUS-CITED,220,France,GPH-AUTONOMOUS-CITED,4966757.699012201,2,,,,,,ok,"2<-France (Atlantic Coast) 4713265.128247696
2<-France (Mediterranean Coast) 253492.57076450565"
2<-230,1841,2,United States of America,GPH-AUTONOMOUS-CITED,230,Spain,GPH-AUTONOMOUS-CITED,302015.02448742423,2,missing 410|2301 unexpected: Canary Is. & Tenerife,,,,,ok,"2<-Spain (Atlantic Coast) 39579.770897318835
2<-Spain (Mediterranean Coast) 232416.57674109735
2<-Canary Is. & Tenerife 30018.67684900805"
2<-329,1841,2,United States of America,GPH-AUTONOMOUS-CITED,329,Two Sicilies,GPH-AUTONOMOUS-CITED,122033.90885697684,2,missing Naples,,,,,ok,2<-3291 122033.90885697684
2<-300,1841,2,United States of America,GPH-AUTONOMOUS-CITED,300,Austria-Hungary (Austrian Empire),GPH-AUTONOMOUS-CITED,86869.34506516144,2,missing 305|326|3343|3261|3253|332 unexpected: Fiume & Republic of St. Mark & Trieste,,,,,ok,2<-Fiume & Republic of St. Mark & Trieste 86869.34506516144
2<-165,1841,2,United States of America,GPH-AUTONOMOUS-CITED,165,Uruguay,GPH-AUTONOMOUS-CITED,71643.14767161949,2,,,,,,ok,2<-Montevideo 71643.14767161949
2->1064,1841,1064,St. Barthelemy,GPH-AUTONOMOUS,2,United States of America,GPH-AUTONOMOUS-CITED,34279.073628289196,2,,,,,,ok,2->Swedish West Indies 34279.073628289196
2->220,1841,220,France,GPH-AUTONOMOUS-CITED,2,United States of America,GPH-AUTONOMOUS-CITED,3820529.3849091055,2,,,,,,ok,"2->France (Atlantic Coast) 3506662.8621233497
2->France (Mediterranean Coast) 313866.52278575575"
2->230,1841,230,Spain,GPH-AUTONOMOUS-CITED,2,United States of America,GPH-AUTONOMOUS-CITED,82653.56520295508,2,missing 410|2301 unexpected: Canary Is. & Tenerife,,,,,ok,"2->Spain (Atlantic Coast) 42193.69967626795
2->Spain (Mediterranean Coast) 37909.4380343654
2->Canary Is. & Tenerife 2550.4274923217395"
2->329,1841,329,Two Sicilies,GPH-AUTONOMOUS-CITED,2,United States of America,GPH-AUTONOMOUS-CITED,98462.27276500373,2,missing Naples,,,,,ok,2->3291 98462.27276500373
2->324,1841,324,Kingdom of Sardinia,GPH-AUTONOMOUS-CITED,2,United States of America,GPH-AUTONOMOUS-CITED,9753.465593093715,2,missing Piedmont,,,,,ok,2->Sardinia 9753.465593093715
2->300,1841,300,Austria-Hungary (Austrian Empire),GPH-AUTONOMOUS-CITED,2,United States of America,GPH-AUTONOMOUS-CITED,261221.88096621563,2,missing 305|326|3343|3261|3253|332 unexpected: Fiume & Republic of St. Mark & Trieste,,,,,ok,2->Fiume & Republic of St. Mark & Trieste 261221.88096621563
2->165,1841,165,Uruguay,GPH-AUTONOMOUS-CITED,2,United States of America,GPH-AUTONOMOUS-CITED,29059.309371627787,2,,,,,,ok,2->Montevideo 29059.309371627787
200->365,1841,365,Russia (USSR),GPH-AUTONOMOUS-CITED,200,United Kingdom,GPH-AUTONOMOUS-CITED,1607175,200,missing Russia (Black Sea)|375,,,,,ok,200->Russia (North and South Ports) 1607175
200->230,1841,230,Spain,GPH-AUTONOMOUS-CITED,200,United Kingdom,GPH-AUTONOMOUS-CITED,463587,200,missing Spain (Atlantic Coast)|Spain (Mediterranean Coast)|410|2301 unexpected: Balearic Islands & Spain|Canary Is. & Spain,,,,,ok,"200->Balearic Islands & Spain 413849
200->Canary Is. & Spain 49738"
200->338,1841,338,Malta,GPH-AUTONOMOUS-CITED,200,United Kingdom,GPH-AUTONOMOUS-CITED,223734,200,,,,,,ok,200->Gozo & Malta 223734
200->640,1841,640,Turkey (Ottoman Empire),GPH-AUTONOMOUS-CITED,200,United Kingdom,GPH-AUTONOMOUS-CITED,1647354,200,missing Trabzon|Izmir (Smyrna)|Tarsus|Archipelago|European Turkey|Asian Turkey|652|6402|352|6525|660|665 unexpected: Palestine & Syria,,,,,ok,"200->Turkey (Ottoman Empire) (other) 1220261
200->Palestine & Syria 427093"
200->651,1841,651,Egypt Arab Republic (Egypt),GPH-AUTONOMOUS-CITED,200,United Kingdom,GPH-AUTONOMOUS-CITED,238486,200,missing Alexandria,,,,,ok,200->Egypt Arab Republic (Egypt) (other) 238486
200->561,1841,561,Cape Colony (Cape of Good Hope),GPH-AUTONOMOUS-CITED,200,United Kingdom,GPH-AUTONOMOUS-CITED,384574,200,missing Cape Town|Seal Island|Port Simon|Port Elizabeth unexpected: Cape Colony (Cape of Good Hope) & South Africa (other),,,,,ok,200->Cape Colony (Cape of Good Hope) & South Africa (other) 384574
200->850,1841,850,Indonesia (Dutch East Indies),GPH-AUTONOMOUS-CITED,200,United Kingdom,GPH-AUTONOMOUS-CITED,285514,200,missing Java|Sumatra|Jakarta (Batavia)|Padang unexpected: Java & Sumatra,,,,,ok,200->Java & Sumatra 285514
211->850,1841,850,Indonesia (Dutch East Indies),GPH-AUTONOMOUS-CITED,211,Belgium,GPH-AUTONOMOUS-CITED,39.58671469854717,211,missing Java|Sumatra|Jakarta (Batavia)|Padang unexpected: Java & Sumatra,,,,,ok,211->Java & Sumatra 39.58671469854717
211<-850,1841,211,Belgium,GPH-AUTONOMOUS-CITED,850,Indonesia (Dutch East Indies),GPH-AUTONOMOUS-CITED,39467.95455445153,211,missing Java|Sumatra|Jakarta (Batavia)|Padang unexpected: Java & Sumatra,,,,,ok,211<-Java & Sumatra 39467.95455445153
211->324,1841,324,Kingdom of Sardinia,GPH-AUTONOMOUS-CITED,211,Belgium,GPH-AUTONOMOUS-CITED,57163.21602470211,211,missing Sardinia|Piedmont unexpected: Piedmont & Sardinia,,,,,ok,211->Piedmont & Sardinia 57163.21602470211
211<-324,1841,211,Belgium,GPH-AUTONOMOUS-CITED,324,Kingdom of Sardinia,GPH-AUTONOMOUS-CITED,2216.8560231186416,211,missing Sardinia|Piedmont unexpected: Piedmont & Sardinia,,,,,ok,211<-Piedmont & Sardinia 2216.8560231186416
211->640,1841,640,Turkey (Ottoman Empire),GPH-AUTONOMOUS-CITED,211,Belgium,GPH-AUTONOMOUS-CITED,126598.31360595385,211,missing Trabzon|Izmir (Smyrna)|Tarsus|Turkey (Ottoman Empire) (other)|Archipelago|European Turkey|Asian Turkey|652|6402|352|6525|660|665 unexpected: Archipelago & Turkey (Ottoman Empire),,,,,ok,211->Archipelago & Turkey (Ottoman Empire) 126598.31360595385
211<-640,1841,211,Belgium,GPH-AUTONOMOUS-CITED,640,Turkey (Ottoman Empire),GPH-AUTONOMOUS-CITED,10688.412968607736,211,missing Trabzon|Izmir (Smyrna)|Tarsus|Turkey (Ottoman Empire) (other)|Archipelago|European Turkey|Asian Turkey|652|6402|352|6525|660|665 unexpected: Archipelago & Turkey (Ottoman Empire),,,,,ok,211<-Archipelago & Turkey (Ottoman Empire) 10688.412968607736
365->640,1841,640,Turkey (Ottoman Empire),GPH-AUTONOMOUS-CITED,365,Russia (USSR),GPH-AUTONOMOUS-CITED,785176.5278002918,365,missing Trabzon|Izmir (Smyrna)|Tarsus|Turkey (Ottoman Empire) (other)|Archipelago|652|6402|352|6525|660|665,,,,,ok,"365->European Turkey 712115.739990274
365->Asian Turkey 73060.78781001783"
365<-640,1841,365,Russia (USSR),GPH-AUTONOMOUS-CITED,640,Turkey (Ottoman Empire),GPH-AUTONOMOUS-CITED,616350.7861890096,365,missing Trabzon|Izmir (Smyrna)|Tarsus|Turkey (Ottoman Empire) (other)|Archipelago|652|6402|352|6525|660|665,,,,,ok,"365<-European Turkey 555648.5654076836
365<-Asian Turkey 60702.22078132599"
1048 & 1055 & 1063<-235,1841,1048 & 1055 & 1063,Trinidad & Windward Is. & Leeward Is.,RIC,235,Portugal,GPH-AUTONOMOUS-CITED,41519,1048 & 1055 & 1063,missing 400,,1048|1055|1063,,,split_failed_no_ratio,1048 & 1055 & 1063<-401 41519
1048 & 1055 & 1063<-2003,1841,1048 & 1055 & 1063,Trinidad & Windward Is. & Leeward Is.,RIC,2003,Channel Is.,GPH-AUTONOMOUS-CITED,766,1048 & 1055 & 1063,missing Guernsey|Jersey unexpected: Guernsey & Jersey,,1048|1055|1063,,,split_failed_no_ratio,1048 & 1055 & 1063<-Guernsey & Jersey 766
1048 & 1055 & 1063<-850,1841,1048 & 1055 & 1063,Trinidad & Windward Is. & Leeward Is.,RIC,850,Indonesia (Dutch East Indies),GPH-AUTONOMOUS-CITED,14894,1048 & 1055 & 1063,missing Sumatra|Jakarta (Batavia)|Padang,,1048|1055|1063,,,split_failed_no_ratio,1048 & 1055 & 1063<-Java 14894
1048 & 1055 & 1063<-1064,1841,1048 & 1055 & 1063,Trinidad & Windward Is. & Leeward Is.,RIC,1064,St. Barthelemy,GPH-AUTONOMOUS,9039,1048 & 1055 & 1063,,,1048|1055|1063,,,split_failed_no_ratio,1048 & 1055 & 1063<-Swedish West Indies 9039
1048 & 1055 & 1063->1064,1841,1064,St. Barthelemy,GPH-AUTONOMOUS,1048 & 1055 & 1063,Trinidad & Windward Is. & Leeward Is.,RIC,395,1048 & 1055 & 1063,,,1048|1055|1063,,,split_failed_no_ratio,1048 & 1055 & 1063->Swedish West Indies 395
561<-235,1841,561,Cape Colony (Cape of Good Hope),GPH-AUTONOMOUS-CITED,235,Portugal,GPH-AUTONOMOUS-CITED,38,561,missing 400,,,,,ok,561<-401 38
561<-750,1841,561,Cape Colony (Cape of Good Hope),GPH-AUTONOMOUS-CITED,750,India,GPH-AUTONOMOUS-CITED,27179,561,missing India (other)|Kolkata (Calcutta)|Chennai (Madras)|Karachi|8271|7566|8272|7695 unexpected: Chennai (Madras) & Kolkata (Calcutta),,,,,ok,"561<-830 1175
561<-Chennai (Madras) & Kolkata (Calcutta) 25419
561<-Mumbai (Bombay) 585"
561<-329,1841,561,Cape Colony (Cape of Good Hope),GPH-AUTONOMOUS-CITED,329,Two Sicilies,GPH-AUTONOMOUS-CITED,3366,561,missing 3291,,,,,ok,561<-Naples 3366
561<-840,1841,561,Cape Colony (Cape of Good Hope),GPH-AUTONOMOUS-CITED,840,Philippines,GPH-AUTONOMOUS-CITED,4096,561,,,,,,ok,561<-Manila 4096
561<-850,1841,561,Cape Colony (Cape of Good Hope),GPH-AUTONOMOUS-CITED,850,Indonesia (Dutch East Indies),GPH-AUTONOMOUS-CITED,120361,561,missing Sumatra|Jakarta (Batavia),,,,,ok,"561<-Java 119824
561<-Padang 537"
561<-906,1841,561,Cape Colony (Cape of Good Hope),GPH-AUTONOMOUS-CITED,906,Tasmania,GPH-AUTONOMOUS-CITED,40,561,,,,,,ok,561<-Prince of Wales Bay 40
561<-562,1841,561,Cape Colony (Cape of Good Hope),GPH-AUTONOMOUS-CITED,562,Natal,GPH-AUTONOMOUS-CITED,1307,561,,,,,,ok,561<-Durban (Port Natal) 1307
561<-101,1841,561,Cape Colony (Cape of Good Hope),GPH-AUTONOMOUS-CITED,101,Venezuela,GPH-AUTONOMOUS-CITED,71067,561,,,,,,ok,561<-La Guaira 71067
561<-155,1841,561,Cape Colony (Cape of Good Hope),GPH-AUTONOMOUS-CITED,155,Chile,GPH-AUTONOMOUS-CITED,10550,561,missing Patagonia,,,,,ok,561<-Punta Arenas 10550
561->750,1841,750,India,GPH-AUTONOMOUS-CITED,561,Cape Colony (Cape of Good Hope),GPH-AUTONOMOUS-CITED,9108,561,missing India (other)|Kolkata (Calcutta)|Chennai (Madras)|Karachi|8271|7566|8272|7695 unexpected: Chennai (Madras) & Kolkata (Calcutta),,,,,ok,"561->830 195
561->Chennai (Madras) & Kolkata (Calcutta) 8797
561->Mumbai (Bombay) 116"
561->562,1841,562,Natal,GPH-AUTONOMOUS-CITED,561,Cape Colony (Cape of Good Hope),GPH-AUTONOMOUS-CITED,1070,561,,,,,,ok,561->Durban (Port Natal) 1070
561->541,1841,541,Mozambique (Portuguese East Africa),GPH-AUTONOMOUS-CITED,561,Cape Colony (Cape of Good Hope),GPH-AUTONOMOUS-CITED,486,561,,,,,,ok,561->Quelimane 486
561->140,1841,140,Brazil,GPH-AUTONOMOUS-CITED,561,Cape Colony (Cape of Good Hope),GPH-AUTONOMOUS-CITED,699,561,missing Bahia|Pernambuco,,,,,ok,561->Rio de Janeiro 699
561->850,1841,850,Indonesia (Dutch East Indies),GPH-AUTONOMOUS-CITED,561,Cape Colony (Cape of Good Hope),GPH-AUTONOMOUS-CITED,246,561,missing Sumatra|Jakarta (Batavia)|Padang,,,,,ok,561->Java 246
140<-160,1841,140,Brazil,GPH-AUTONOMOUS-CITED,160,Argentina (La Plata),GPH-AUTONOMOUS-CITED,104508.92680416453,140,,,,,,ok,140<-1161 104508.92680416453
140->160,1841,160,Argentina (La Plata),GPH-AUTONOMOUS-CITED,140,Brazil,GPH-AUTONOMOUS-CITED,82657.0602905665,140,,,,,,ok,140->1161 82657.0602905665
561<-230,1841,561,Cape Colony (Cape of Good Hope),GPH-AUTONOMOUS-CITED,230,Spain,GPH-AUTONOMOUS-CITED,33,561,missing Spain (Atlantic Coast)|Spain (Mediterranean Coast)|410|2301 unexpected: Tenerife,,,,,ok,561<-Tenerife 33
750->651,1841,651,Egypt Arab Republic (Egypt),GPH-AUTONOMOUS-CITED,750,India,GPH-AUTONOMOUS-CITED,3566.7475745032402,750,,,,,,ok,750->Arabia & Persian Gulf 3566.7475745032402 (ratio on 842792)
750->681,1841,681,Aden,GPH-AUTONOMOUS,750,India,GPH-AUTONOMOUS-CITED,12908.124196711668,750,,,,,,ok,750->Arabia & Persian Gulf 12908.124196711668 (ratio on 842792)
750<-651,1841,750,India,GPH-AUTONOMOUS-CITED,651,Egypt Arab Republic (Egypt),GPH-AUTONOMOUS-CITED,703.8776726816695,750,,,,,,ok,750<-Arabia & Persian Gulf 703.8776726816695 (ratio on 731128)
750<-681,1841,750,India,GPH-AUTONOMOUS-CITED,681,Aden,GPH-AUTONOMOUS,32368.24776303803,750,,,,,,ok,750<-Arabia & Persian Gulf 32368.24776303803 (ratio on 731128)
750->775,1841,775,Myanmar (Burma),GPH-AUTONOMOUS-CITED,750,India,GPH-AUTONOMOUS-CITED,284490.0781640188,750,,,,,,ok,750->Myanmar (Burma) & Thailand (Siam) 284490.0781640188 (ratio on 415825)
750->800,1841,800,Thailand (Siam),GPH-AUTONOMOUS-CITED,750,India,GPH-AUTONOMOUS-CITED,131334.92183598113,750,,,,,,ok,750->Myanmar (Burma) & Thailand (Siam) 131334.92183598113 (ratio on 415825)
750<-585,1841,750,India,GPH-AUTONOMOUS-CITED,585,Reunion (Bourbon I.),GPH-AUTONOMOUS-CITED,2847.4147322616,750,,,,,,ok,750<-Mauritius & Reunion (Bourbon I.) 2847.4147322616 (ratio on 78806)
750<-590,1841,750,India,GPH-AUTONOMOUS-CITED,590,Mauritius,GPH-AUTONOMOUS-CITED,75958.5852677384,750,,,,,,ok,750<-Mauritius & Reunion (Bourbon I.) 75958.5852677384 (ratio on 78806)
750->585,1841,585,Reunion (Bourbon I.),GPH-AUTONOMOUS-CITED,750,India,GPH-AUTONOMOUS-CITED,164278.01537304567,750,,,,,,ok,750->Mauritius & Reunion (Bourbon I.) 164278.01537304567 (ratio on 355435)
750->590,1841,590,Mauritius,GPH-AUTONOMOUS-CITED,750,India,GPH-AUTONOMOUS-CITED,191156.98462695433,750,,,,,,ok,750->Mauritius & Reunion (Bourbon I.) 191156.98462695433 (ratio on 355435)
750<-775,1841,750,India,GPH-AUTONOMOUS-CITED,775,Myanmar (Burma),GPH-AUTONOMOUS-CITED,188859.36742774418,750,,,,,,ok,750<-Myanmar (Burma) & Thailand (Siam) 188859.36742774418 (ratio on 390598)
750<-800,1841,750,India,GPH-AUTONOMOUS-CITED,800,Thailand (Siam),GPH-AUTONOMOUS-CITED,201738.63257225582,750,,,,,,ok,750<-Myanmar (Burma) & Thailand (Siam) 201738.63257225582 (ratio on 390598)
248->100,1841,100,Colombia (New Granada) (Gran Colombia),GPH-AUTONOMOUS-CITED,248,Hamburg,GPH-AUTONOMOUS-CITED,2122.768212786547,248,,,,,,ok,248->Colombia (New Granada) (Gran Colombia) & Venezuela 2122.768212786547 (ratio on 119551.87838961245)
248->101,1841,101,Venezuela,GPH-AUTONOMOUS-CITED,248,Hamburg,GPH-AUTONOMOUS-CITED,117429.1101768259,248,,,,,,ok,248->Colombia (New Granada) (Gran Colombia) & Venezuela 117429.1101768259 (ratio on 119551.87838961245)
248->380,1841,380,Sweden,GPH-AUTONOMOUS-CITED,248,Hamburg,GPH-AUTONOMOUS-CITED,238520.58239738815,248,,,,,,ok,248->Norway & Sweden 238520.58239738815 (ratio on 246981.51300423578)
248->385,1841,385,Norway,GPH-AUTONOMOUS-CITED,248,Hamburg,GPH-AUTONOMOUS-CITED,8460.930606847629,248,,,,,,ok,248->Norway & Sweden 8460.930606847629 (ratio on 246981.51300423578)
248->246,1841,246,Bremen,GPH-AUTONOMOUS-CITED,248,Hamburg,GPH-AUTONOMOUS-CITED,177823.01164382082,248,,,,,,ok,248->Bremen & Lübeck 177823.01164382082 (ratio on 177942.2825699695)
248->276,1841,276,Lübeck,GPH-AUTONOMOUS-CITED,248,Hamburg,GPH-AUTONOMOUS-CITED,119.27092614866973,248,,,,,,ok,248->Bremen & Lübeck 119.27092614866973 (ratio on 177942.2825699695)
248<-380,1841,248,Hamburg,GPH-AUTONOMOUS-CITED,380,Sweden,GPH-AUTONOMOUS-CITED,7436.421428704129,248,,,,,,ok,248<-Norway & Sweden 7436.421428704129 (ratio on 24266.656110209413)
248<-385,1841,248,Hamburg,GPH-AUTONOMOUS-CITED,385,Norway,GPH-AUTONOMOUS-CITED,16830.234681505284,248,,,,,,ok,248<-Norway & Sweden 16830.234681505284 (ratio on 24266.656110209413)
248<-246,1841,248,Hamburg,GPH-AUTONOMOUS-CITED,246,Bremen,GPH-AUTONOMOUS-CITED,246061.3933399528,248,,,,,,ok,248<-Bremen & Lübeck 246061.3933399528 (ratio on 246546.05914255176)
248<-276,1841,248,Hamburg,GPH-AUTONOMOUS-CITED,276,Lübeck,GPH-AUTONOMOUS-CITED,484.66580259897336,248,,,,,,ok,248<-Bremen & Lübeck 484.66580259897336 (ratio on 246546.05914255176)
2<-6,1841,2,United States of America,GPH-AUTONOMOUS-CITED,6,Puerto Rico,GPH-AUTONOMOUS-CITED,531256.7444176973,2,,,,,,ok,2<-Spanish West Indies (other) 531256.7444176973
2->6,1841,6,Puerto Rico,GPH-AUTONOMOUS-CITED,2,United States of America,GPH-AUTONOMOUS-CITED,149797.66746907943,2,,,,,,ok,2->Spanish West Indies (other) 149797.66746907943
2->651,1841,651,Egypt Arab Republic (Egypt),GPH-AUTONOMOUS-CITED,2,United States of America,GPH-AUTONOMOUS-CITED,41697.93309537644,2,,,,,,ok,2->Egypt Arab Republic (Egypt) & Levant & Turkey (Ottoman Empire) 41697.93309537644
200->240,1841,240,Hanover,GPH-AUTONOMOUS-CITED,200,United Kingdom,GPH-AUTONOMOUS-CITED,356133.78521364246,200,,,,,,ok,200->Hanover & Hanse Towns & Heligoland & Kniphausen & Mecklenburg Schwerin & Oldenburg 356133.78521364246 (ratio on 5654033)
200->257,1841,257,Oldenburg,GPH-AUTONOMOUS-CITED,200,United Kingdom,GPH-AUTONOMOUS-CITED,91148.19907711471,200,,,,,,ok,200->Hanover & Hanse Towns & Heligoland & Kniphausen & Mecklenburg Schwerin & Oldenburg 91148.19907711471 (ratio on 5654033)
200->280,1841,280,Mecklenburg Schwerin,GPH-AUTONOMOUS-CITED,200,United Kingdom,GPH-AUTONOMOUS-CITED,534240.0801670767,200,,,,,,ok,200->Hanover & Hanse Towns & Heligoland & Kniphausen & Mecklenburg Schwerin & Oldenburg 534240.0801670767 (ratio on 5654033)
200->2249,1841,2249,Heligoland,GPH-AUTONOMOUS-CITED,200,United Kingdom,GPH-AUTONOMOUS-CITED,307.5305101501065,200,,,,,,ok,200->Hanover & Hanse Towns & Heligoland & Kniphausen & Mecklenburg Schwerin & Oldenburg 307.5305101501065 (ratio on 5654033)
200->300,1841,300,Austria-Hungary (Austrian Empire),GPH-AUTONOMOUS-CITED,200,United Kingdom,GPH-AUTONOMOUS-CITED,654045.4439126267,200,,,,,,ok,200->Fiume & Kingdom of Sardinia & Milan & Papal States & Republic of St. Mark & Tuscany & Two Sicilies 654045.4439126267 (ratio on 2578697)
200->324,1841,324,Kingdom of Sardinia,GPH-AUTONOMOUS-CITED,200,United Kingdom,GPH-AUTONOMOUS-CITED,99272.5147286535,200,,,,,,ok,200->Fiume & Kingdom of Sardinia & Milan & Papal States & Republic of St. Mark & Tuscany & Two Sicilies 99272.5147286535 (ratio on 2578697)
200->327,1841,327,Papal States,GPH-AUTONOMOUS-CITED,200,United Kingdom,GPH-AUTONOMOUS-CITED,92910.62497859864,200,,,,,,ok,200->Fiume & Kingdom of Sardinia & Milan & Papal States & Republic of St. Mark & Tuscany & Two Sicilies 92910.62497859864 (ratio on 2578697)
200->329,1841,329,Two Sicilies,GPH-AUTONOMOUS-CITED,200,United Kingdom,GPH-AUTONOMOUS-CITED,1343789.2386101454,200,,,,,,ok,200->Fiume & Kingdom of Sardinia & Milan & Papal States & Republic of St. Mark & Tuscany & Two Sicilies 1343789.2386101454 (ratio on 2578697)
200->337,1841,337,Tuscany,GPH-AUTONOMOUS-CITED,200,United Kingdom,GPH-AUTONOMOUS-CITED,388679.1777699757,200,,,,,,ok,200->Fiume & Kingdom of Sardinia & Milan & Papal States & Republic of St. Mark & Tuscany & Two Sicilies 388679.1777699757 (ratio on 2578697)
200->4050,1841,4050,St. Helena,GPH-AUTONOMOUS-CITED,200,United Kingdom,GPH-AUTONOMOUS-CITED,8084.3464447806355,200,,,,,,ok,200->Ascension I. & St. Helena 8084.3464447806355 (ratio on 8462)
200->4070,1841,4070,Ascension I.,GPH-AUTONOMOUS-CITED,200,United Kingdom,GPH-AUTONOMOUS-CITED,377.6535552193646,200,,,,,,ok,200->Ascension I. & St. Helena 377.6535552193646 (ratio on 8462)
200->901,1841,901,New South Wales,GPH-AUTONOMOUS-CITED,200,United Kingdom,GPH-AUTONOMOUS-CITED,943500.099589635,200,,,,,,ok,200->900 943500.099589635 (ratio on 1269351)
200->902,1841,902,Western Australia,GPH-AUTONOMOUS-CITED,200,United Kingdom,GPH-AUTONOMOUS-CITED,4346.4057207689675,200,,,,,,ok,200->900 4346.4057207689675 (ratio on 1269351)
200->903,1841,903,South Australia,GPH-AUTONOMOUS-CITED,200,United Kingdom,GPH-AUTONOMOUS-CITED,147292.30194660646,200,,,,,,ok,200->900 147292.30194660646 (ratio on 1269351)
200->906,1841,906,Tasmania,GPH-AUTONOMOUS-CITED,200,United Kingdom,GPH-AUTONOMOUS-CITED,174212.19274298943,200,,,,,,ok,200->900 174212.19274298943 (ratio on 1269351)
200->100,1841,100,Colombia (New Granada) (Gran Colombia),GPH-AUTONOMOUS-CITED,200,United Kingdom,GPH-AUTONOMOUS-CITED,42291.73536107351,200,,,,,,ok,200->Colombia (New Granada) (Gran Colombia) & Ecuador & Venezuela 42291.73536107351 (ratio on 158972)
200->101,1841,101,Venezuela,GPH-AUTONOMOUS-CITED,200,United Kingdom,GPH-AUTONOMOUS-CITED,98023.53302336532,200,,,,,,ok,200->Colombia (New Granada) (Gran Colombia) & Ecuador & Venezuela 98023.53302336532 (ratio on 158972)
200->130,1841,130,Ecuador,GPH-AUTONOMOUS-CITED,200,United Kingdom,GPH-AUTONOMOUS-CITED,18656.73161556118,200,,,,,,ok,200->Colombia (New Granada) (Gran Colombia) & Ecuador & Venezuela 18656.73161556118 (ratio on 158972)
200->160,1841,160,Argentina (La Plata),GPH-AUTONOMOUS-CITED,200,United Kingdom,GPH-AUTONOMOUS-CITED,985824.9257678858,200,,,,,,ok,200->Buenos Aires & Montevideo 985824.9257678858 (ratio on 989362)
200->165,1841,165,Uruguay,GPH-AUTONOMOUS-CITED,200,United Kingdom,GPH-AUTONOMOUS-CITED,3537.074232114272,200,,,,,,ok,200->Buenos Aires & Montevideo 3537.074232114272 (ratio on 989362)
210->246,1841,246,Bremen,GPH-AUTONOMOUS-CITED,210,Netherlands,GPH-AUTONOMOUS-CITED,227952.3609802281,210,,,,,,ok,210->Hanse Towns 227952.3609802281 (ratio on 980246.229365425)
210->248,1841,248,Hamburg,GPH-AUTONOMOUS-CITED,210,Netherlands,GPH-AUTONOMOUS-CITED,739335.5867138095,210,,,,,,ok,210->Hanse Towns 739335.5867138095 (ratio on 980246.229365425)
210->276,1841,276,Lübeck,GPH-AUTONOMOUS-CITED,210,Netherlands,GPH-AUTONOMOUS-CITED,12958.281671387464,210,,,,,,ok,210->Hanse Towns 12958.281671387464 (ratio on 980246.229365425)
210->380,1841,380,Sweden,GPH-AUTONOMOUS-CITED,210,Netherlands,GPH-AUTONOMOUS-CITED,17238.678805683034,210,,,,,,ok,210->Denmark & Norway & Sweden 17238.678805683034 (ratio on 172637.6628003642)
210->385,1841,385,Norway,GPH-AUTONOMOUS-CITED,210,Netherlands,GPH-AUTONOMOUS-CITED,123000.30282973842,210,,,,,,ok,210->Denmark & Norway & Sweden 123000.30282973842 (ratio on 172637.6628003642)
210->390,1841,390,Denmark,GPH-AUTONOMOUS-CITED,210,Netherlands,GPH-AUTONOMOUS-CITED,32398.681164942755,210,,,,,,ok,210->Denmark & Norway & Sweden 32398.681164942755 (ratio on 172637.6628003642)
210->230,1841,230,Spain,GPH-AUTONOMOUS-CITED,210,Netherlands,GPH-AUTONOMOUS-CITED,26373.347180185956,210,,,,,,ok,210->Portugal & Spain 26373.347180185956 (ratio on 55183.88028977475)
210->235,1841,235,Portugal,GPH-AUTONOMOUS-CITED,210,Netherlands,GPH-AUTONOMOUS-CITED,28810.53310958879,210,,,,,,ok,210->Portugal & Spain 28810.53310958879 (ratio on 55183.88028977475)
210<-246,1841,210,Netherlands,GPH-AUTONOMOUS-CITED,246,Bremen,GPH-AUTONOMOUS-CITED,22928.9078247262,210,,,,,,ok,210<-Hanse Towns 22928.9078247262 (ratio on 244368.78983413166)
210<-248,1841,210,Netherlands,GPH-AUTONOMOUS-CITED,248,Hamburg,GPH-AUTONOMOUS-CITED,220367.41219661836,210,,,,,,ok,210<-Hanse Towns 220367.41219661836 (ratio on 244368.78983413166)
210<-276,1841,210,Netherlands,GPH-AUTONOMOUS-CITED,276,Lübeck,GPH-AUTONOMOUS-CITED,1072.4698127871202,210,,,,,,ok,210<-Hanse Towns 1072.4698127871202 (ratio on 244368.78983413166)
210<-380,1841,210,Netherlands,GPH-AUTONOMOUS-CITED,380,Sweden,GPH-AUTONOMOUS-CITED,73257.82626291015,210,,,,,,ok,210<-Denmark & Norway & Sweden 73257.82626291015 (ratio on 285776.49340881204)
210<-385,1841,210,Netherlands,GPH-AUTONOMOUS-CITED,385,Norway,GPH-AUTONOMOUS-CITED,53701.377486589685,210,,,,,,ok,210<-Denmark & Norway & Sweden 53701.377486589685 (ratio on 285776.49340881204)
210<-390,1841,210,Netherlands,GPH-AUTONOMOUS-CITED,390,Denmark,GPH-AUTONOMOUS-CITED,158817.2896593122,210,,,,,,ok,210<-Denmark & Norway & Sweden 158817.2896593122 (ratio on 285776.49340881204)
210<-230,1841,210,Netherlands,GPH-AUTONOMOUS-CITED,230,Spain,GPH-AUTONOMOUS-CITED,68456.16050888857,210,,,,,,ok,210<-Portugal & Spain 68456.16050888857 (ratio on 133565.57539289814)
210<-235,1841,210,Netherlands,GPH-AUTONOMOUS-CITED,235,Portugal,GPH-AUTONOMOUS-CITED,65109.41488400957,210,,,,,,ok,210<-Portugal & Spain 65109.41488400957 (ratio on 133565.57539289814)
365->380,1841,380,Sweden,GPH-AUTONOMOUS-CITED,365,Russia (USSR),GPH-AUTONOMOUS-CITED,26740.74437077249,365,,,,,,ok,365->Norway & Sweden 26740.74437077249 (ratio on 240819.25757821367)
365->385,1841,385,Norway,GPH-AUTONOMOUS-CITED,365,Russia (USSR),GPH-AUTONOMOUS-CITED,214078.51320744117,365,,,,,,ok,365->Norway & Sweden 214078.51320744117 (ratio on 240819.25757821367)
365->230,1841,230,Spain,GPH-AUTONOMOUS-CITED,365,Russia (USSR),GPH-AUTONOMOUS-CITED,51760.15586217672,365,,,,,,ok,365->Portugal & Spain 51760.15586217672 (ratio on 98148.1601556168)
365->235,1841,235,Portugal,GPH-AUTONOMOUS-CITED,365,Russia (USSR),GPH-AUTONOMOUS-CITED,46388.004293440084,365,,,,,,ok,365->Portugal & Spain 46388.004293440084 (ratio on 98148.1601556168)
365<-380,1841,365,Russia (USSR),GPH-AUTONOMOUS-CITED,380,Sweden,GPH-AUTONOMOUS-CITED,145560.4179966273,365,,,,,,ok,365<-Norway & Sweden 145560.4179966273 (ratio on 192127.89755227754)
365<-385,1841,365,Russia (USSR),GPH-AUTONOMOUS-CITED,385,Norway,GPH-AUTONOMOUS-CITED,46567.47955565024,365,,,,,,ok,365<-Norway & Sweden 46567.47955565024 (ratio on 192127.89755227754)
365<-230,1841,365,Russia (USSR),GPH-AUTONOMOUS-CITED,230,Spain,GPH-AUTONOMOUS-CITED,75108.81890889819,365,,,,,,ok,365<-Portugal & Spain 75108.81890889819 (ratio on 347887.8262279138)
365<-235,1841,365,Russia (USSR),GPH-AUTONOMOUS-CITED,235,Portugal,GPH-AUTONOMOUS-CITED,272779.00731901557,365,,,,,,ok,365<-Portugal & Spain 272779.00731901557 (ratio on 347887.8262279138)
140<-248,1841,140,Brazil,GPH-AUTONOMOUS-CITED,248,Hamburg,GPH-AUTONOMOUS-CITED,2629.2759008874036,140,,,,,,ok,140<-Hanse Towns 2629.2759008874036 (ratio on 467004.47329876095)
140->248,1841,248,Hamburg,GPH-AUTONOMOUS-CITED,140,Brazil,GPH-AUTONOMOUS-CITED,1272.9261357127311,140,,,,,,ok,140->Hanse Towns 1272.9261357127311 (ratio on 783698.1908871382)
300<-200,1841,300,Austria-Hungary (Austrian Empire),GPH-AUTONOMOUS-CITED,200,United Kingdom,GPH-AUTONOMOUS-CITED,20726.04264994583,300,,,,,,ok,300<-British Europe & United Kingdom 20726.04264994583 (ratio on 525553.2243379122)
300<-220,1841,300,Austria-Hungary (Austrian Empire),GPH-AUTONOMOUS-CITED,220,France,GPH-AUTONOMOUS-CITED,65227.92202059407,300,,,,,,ok,300<-Algeria (Regency of Algiers) & France 65227.92202059407 (ratio on 145916.63037884486)
300<-615,1841,300,Austria-Hungary (Austrian Empire),GPH-AUTONOMOUS-CITED,615,Algeria (Regency of Algiers),GPH-AUTONOMOUS-CITED,80688.70835825079,300,,,,,,ok,300<-Algeria (Regency of Algiers) & France 80688.70835825079 (ratio on 145916.63037884486)
300<-276,1841,300,Austria-Hungary (Austrian Empire),GPH-AUTONOMOUS-CITED,276,Lübeck,GPH-AUTONOMOUS-CITED,207.3643219289471,300,,,,,,ok,300<-Hanover & Hanse Towns 207.3643219289471 (ratio on 14924.191441352283)
300->615,1841,615,Algeria (Regency of Algiers),GPH-AUTONOMOUS-CITED,300,Austria-Hungary (Austrian Empire),GPH-AUTONOMOUS-CITED,161414.3447808322,300,,,,,,ok,300->Algeria (Regency of Algiers) & France 161414.3447808322 (ratio on 166580.8954514865)
640<-338,1841,640,Turkey (Ottoman Empire),GPH-AUTONOMOUS-CITED,338,Malta,GPH-AUTONOMOUS-CITED,6234.907565021179,640,,,,,,ok,640<-Ionian Is. & Malta 6234.907565021179 (ratio on 7125.60864573849)
640<-3349,1841,640,Turkey (Ottoman Empire),GPH-AUTONOMOUS-CITED,3349,Ionian Is.,GPH-AUTONOMOUS-CITED,890.7010807173115,640,,,,,,ok,640<-Ionian Is. & Malta 890.7010807173115 (ratio on 7125.60864573849)
640->338,1841,338,Malta,GPH-AUTONOMOUS-CITED,640,Turkey (Ottoman Empire),GPH-AUTONOMOUS-CITED,9015.314083235175,640,,,,,,ok,640->Ionian Is. & Malta 9015.314083235175 (ratio on 10094.612248129528)
640->3349,1841,3349,Ionian Is.,GPH-AUTONOMOUS-CITED,640,Turkey (Ottoman Empire),GPH-AUTONOMOUS-CITED,1079.298164894352,640,,,,,,ok,640->Ionian Is. & Malta 1079.298164894352 (ratio on 10094.612248129528)
101<-68,1841,101,Venezuela,GPH-AUTONOMOUS-CITED,68,Netherlands Antilles,GPH-AUTONOMOUS-CITED,8617,101,,,,,101<-Dutch Colonies & Netherlands,ok,101<-Dutch Colonies & Netherlands 8617 (ratio on 62509.5997783144)
101<-210,1841,101,Venezuela,GPH-AUTONOMOUS-CITED,210,Netherlands,GPH-AUTONOMOUS-CITED,8659,101,,,,,101<-Dutch Colonies & Netherlands,ok,101<-Dutch Colonies & Netherlands 8659 (ratio on 62509.5997783144)
101<-850,1841,101,Venezuela,GPH-AUTONOMOUS-CITED,850,Indonesia (Dutch East Indies),GPH-AUTONOMOUS-CITED,45231,101,,,,,101<-Dutch Colonies & Netherlands,ok,101<-Dutch Colonies & Netherlands 45231 (ratio on 62509.5997783144)
101<-276,1841,101,Venezuela,GPH-AUTONOMOUS-CITED,276,Lübeck,GPH-AUTONOMOUS-CITED,347,101,,,,,101<-Hanse Towns,ok,101<-Hanse Towns 347 (ratio on 213391.78971537153)
101<-246,1841,101,Venezuela,GPH-AUTONOMOUS-CITED,246,Bremen,GPH-AUTONOMOUS-CITED,28904,101,,,,,101<-Hanse Towns,ok,101<-Hanse Towns 28904 (ratio on 213391.78971537153)
101<-248,1841,101,Venezuela,GPH-AUTONOMOUS-CITED,248,Hamburg,GPH-AUTONOMOUS-CITED,184138,101,,,,,101<-Hanse Towns,ok,101<-Hanse Towns 184138 (ratio on 213391.78971537153)
140<-276,1841,140,Brazil,GPH-AUTONOMOUS-CITED,276,Lübeck,GPH-AUTONOMOUS-CITED,5523,140,,,,,140<-Hanse Towns,ok,140<-Hanse Towns 5523 (ratio on 467004.47329876095)
140<-246,1841,140,Brazil,GPH-AUTONOMOUS-CITED,246,Bremen,GPH-AUTONOMOUS-CITED,458851,140,,,,,140<-Hanse Towns,ok,140<-Hanse Towns 458851 (ratio on 467004.47329876095)
140<-385,1841,140,Brazil,GPH-AUTONOMOUS-CITED,385,Norway,GPH-AUTONOMOUS-CITED,2944,140,,,,,140<-Norway & Sweden,ok,140<-Norway & Sweden 2944 (ratio on 4908.752622619849)
211<-6,1841,211,Belgium,GPH-AUTONOMOUS-CITED,6,Puerto Rico,GPH-AUTONOMOUS-CITED,78431,211,,,,,211<-Cuba & Puerto Rico,ok,211<-Cuba & Puerto Rico 78431 (ratio on 326827.91655120545)
211<-40,1841,211,Belgium,GPH-AUTONOMOUS-CITED,40,Cuba,GPH-AUTONOMOUS-CITED,248396,211,,,,,211<-Cuba & Puerto Rico,ok,211<-Cuba & Puerto Rico 248396 (ratio on 326827.91655120545)
211<-7,1841,211,Belgium,GPH-AUTONOMOUS-CITED,7,Texas,GPH-AUTONOMOUS-CITED,190,211,,,,,211<-Guatemala & Mexico & Texas,ok,211<-Guatemala & Mexico & Texas 190 (ratio on 3127.3504611852263)
211<-90,1841,211,Belgium,GPH-AUTONOMOUS-CITED,90,Guatemala,GPH-AUTONOMOUS-CITED,647,211,,,,,211<-Guatemala & Mexico & Texas,ok,211<-Guatemala & Mexico & Texas 647 (ratio on 3127.3504611852263)
211<-70,1841,211,Belgium,GPH-AUTONOMOUS-CITED,70,Mexico,GPH-AUTONOMOUS-CITED,2289,211,,,,,211<-Guatemala & Mexico & Texas,ok,211<-Guatemala & Mexico & Texas 2289 (ratio on 3127.3504611852263)
211<-41,1841,211,Belgium,GPH-AUTONOMOUS-CITED,41,Haiti,GPH-AUTONOMOUS-CITED,44310,211,,,,,211<-Haiti & Venezuela,ok,211<-Haiti & Venezuela 44310 (ratio on 101896.20363406041)
211<-101,1841,211,Belgium,GPH-AUTONOMOUS-CITED,101,Venezuela,GPH-AUTONOMOUS-CITED,57585,211,,,,,211<-Haiti & Venezuela,ok,211<-Haiti & Venezuela 57585 (ratio on 101896.20363406041)
211<-276,1841,211,Belgium,GPH-AUTONOMOUS-CITED,276,Lübeck,GPH-AUTONOMOUS-CITED,41,211,,,,,211<-Hanse Towns,ok,211<-Hanse Towns 41 (ratio on 25493.844265864376)
211<-246,1841,211,Belgium,GPH-AUTONOMOUS-CITED,246,Bremen,GPH-AUTONOMOUS-CITED,3453,211,,,,,211<-Hanse Towns,ok,211<-Hanse Towns 3453 (ratio on 25493.844265864376)
211<-248,1841,211,Belgium,GPH-AUTONOMOUS-CITED,248,Hamburg,GPH-AUTONOMOUS-CITED,21999,211,,,,,211<-Hanse Towns,ok,211<-Hanse Towns 21999 (ratio on 25493.844265864376)
211<-710,1841,211,Belgium,GPH-AUTONOMOUS-CITED,710,People's Republic of China (China),GPH-AUTONOMOUS-CITED,934,211,,,,,211<-India & People's Republic of China (China) & Singapore,ok,211<-India & People's Republic of China (China) & Singapore 934 (ratio on 2375.20288191283)
211<-750,1841,211,Belgium,GPH-AUTONOMOUS-CITED,750,India,GPH-AUTONOMOUS-CITED,1440,211,,,,,211<-India & People's Republic of China (China) & Singapore,ok,211<-India & People's Republic of China (China) & Singapore 1440 (ratio on 2375.20288191283)
211<-380,1841,211,Belgium,GPH-AUTONOMOUS-CITED,380,Sweden,GPH-AUTONOMOUS-CITED,39156,211,,,,,211<-Norway & Sweden,ok,211<-Norway & Sweden 39156 (ratio on 97858.3587348086)
211<-385,1841,211,Belgium,GPH-AUTONOMOUS-CITED,385,Norway,GPH-AUTONOMOUS-CITED,58701,211,,,,,211<-Norway & Sweden,ok,211<-Norway & Sweden 58701 (ratio on 97858.3587348086)
220<-561,1841,220,France,GPH-AUTONOMOUS-CITED,561,Cape Colony (Cape of Good Hope),GPH-AUTONOMOUS-CITED,1289,220,,,,,220<-Cape Colony (Cape of Good Hope) & Mauritius,ok,220<-Cape Colony (Cape of Good Hope) & Mauritius 1289 (ratio on 3958.671469854717)
220<-590,1841,220,France,GPH-AUTONOMOUS-CITED,590,Mauritius,GPH-AUTONOMOUS-CITED,2668,220,,,,,220<-Cape Colony (Cape of Good Hope) & Mauritius,ok,220<-Cape Colony (Cape of Good Hope) & Mauritius 2668 (ratio on 3958.671469854717)
220<-276,1841,220,France,GPH-AUTONOMOUS-CITED,276,Lübeck,GPH-AUTONOMOUS-CITED,374,220,,,,,220<-Hanse Towns,ok,220<-Hanse Towns 374 (ratio on 229602.94525157358)
220<-246,1841,220,France,GPH-AUTONOMOUS-CITED,246,Bremen,GPH-AUTONOMOUS-CITED,31100,220,,,,,220<-Hanse Towns,ok,220<-Hanse Towns 31100 (ratio on 229602.94525157358)
220<-248,1841,220,France,GPH-AUTONOMOUS-CITED,248,Hamburg,GPH-AUTONOMOUS-CITED,198127,220,,,,,220<-Hanse Towns,ok,220<-Hanse Towns 198127 (ratio on 229602.94525157358)
220<-6,1841,220,France,GPH-AUTONOMOUS-CITED,6,Puerto Rico,GPH-AUTONOMOUS-CITED,75049,220,,,,,220<-Spanish America,ok,220<-Spanish America 75049 (ratio on 312735.04611852264)
220<-40,1841,220,France,GPH-AUTONOMOUS-CITED,40,Cuba,GPH-AUTONOMOUS-CITED,237685,220,,,,,220<-Spanish America,ok,220<-Spanish America 237685 (ratio on 312735.04611852264)
248<-100,1841,248,Hamburg,GPH-AUTONOMOUS-CITED,100,Colombia (New Granada) (Gran Colombia),GPH-AUTONOMOUS-CITED,10085,248,,,,,248<-Colombia (New Granada) (Gran Colombia) & Venezuela,ok,248<-Colombia (New Granada) (Gran Colombia) & Venezuela 10085 (ratio on 199754.56236886902)
248<-101,1841,248,Hamburg,GPH-AUTONOMOUS-CITED,101,Venezuela,GPH-AUTONOMOUS-CITED,189669,248,,,,,248<-Colombia (New Granada) (Gran Colombia) & Venezuela,ok,248<-Colombia (New Granada) (Gran Colombia) & Venezuela 189669 (ratio on 199754.56236886902)
2<-66,1841,2,United States of America,GPH-AUTONOMOUS-CITED,66,Martinique,GPH-AUTONOMOUS-CITED,19808,2,,,,,2<-French West Indies,ok,2<-French West Indies 19808 (ratio on 41133.892255333274)
2<-65,1841,2,United States of America,GPH-AUTONOMOUS-CITED,65,Guadeloupe,GPH-AUTONOMOUS-CITED,21325,2,,,,,2<-French West Indies,ok,2<-French West Indies 21325 (ratio on 41133.892255333274)
300<-246,1841,300,Austria-Hungary (Austrian Empire),GPH-AUTONOMOUS-CITED,246,Bremen,GPH-AUTONOMOUS-CITED,345,300,,,,,300<-Hanover & Hanse Towns,ok,300<-Hanover & Hanse Towns 345 (ratio on 14924.191441352283)
300<-248,1841,300,Austria-Hungary (Austrian Empire),GPH-AUTONOMOUS-CITED,248,Hamburg,GPH-AUTONOMOUS-CITED,2200,300,,,,,300<-Hanover & Hanse Towns,ok,300<-Hanover & Hanse Towns 2200 (ratio on 14924.191441352283)
300<-240,1841,300,Austria-Hungary (Austrian Empire),GPH-AUTONOMOUS-CITED,240,Hanover,GPH-AUTONOMOUS-CITED,12171,300,,,,,300<-Hanover & Hanse Towns,ok,300<-Hanover & Hanse Towns 12171 (ratio on 14924.191441352283)
337<-3349,1841,337,Tuscany,GPH-AUTONOMOUS-CITED,3349,Ionian Is.,GPH-AUTONOMOUS-CITED,8995,337,,,,,337<-Ionian Is. & Malta,ok,337<-Ionian Is. & Malta 8995 (ratio on 26523.098848026602)
337<-338,1841,337,Tuscany,GPH-AUTONOMOUS-CITED,338,Malta,GPH-AUTONOMOUS-CITED,17527,337,,,,,337<-Ionian Is. & Malta,ok,337<-Ionian Is. & Malta 17527 (ratio on 26523.098848026602)
337<-380,1841,337,Tuscany,GPH-AUTONOMOUS-CITED,380,Sweden,GPH-AUTONOMOUS-CITED,6652,337,,,,,337<-Norway & Sweden,ok,337<-Norway & Sweden 6652 (ratio on 16626.42017338981)
337<-385,1841,337,Tuscany,GPH-AUTONOMOUS-CITED,385,Norway,GPH-AUTONOMOUS-CITED,9973,337,,,,,337<-Norway & Sweden,ok,337<-Norway & Sweden 9973 (ratio on 16626.42017338981)
365<-276,1841,365,Russia (USSR),GPH-AUTONOMOUS-CITED,276,Lübeck,GPH-AUTONOMOUS-CITED,2122,365,,,,,365<-Hanse Towns,ok,365<-Hanse Towns 2122 (ratio on 1301842.924298914)
365<-246,1841,365,Russia (USSR),GPH-AUTONOMOUS-CITED,246,Bremen,GPH-AUTONOMOUS-CITED,176341,365,,,,,365<-Hanse Towns,ok,365<-Hanse Towns 176341 (ratio on 1301842.924298914)
365<-248,1841,365,Russia (USSR),GPH-AUTONOMOUS-CITED,248,Hamburg,GPH-AUTONOMOUS-CITED,1123378,365,,,,,365<-Hanse Towns,ok,365<-Hanse Towns 1123378 (ratio on 1301842.924298914)
380<-276,1841,380,Sweden,GPH-AUTONOMOUS-CITED,276,Lübeck,GPH-AUTONOMOUS-CITED,115,380,,,,,380<-Hanover & Hanse Towns & Mecklenburg Schwerin,ok,380<-Hanover & Hanse Towns & Mecklenburg Schwerin 115 (ratio on 410991.3592088575)
380<-280,1841,380,Sweden,GPH-AUTONOMOUS-CITED,280,Mecklenburg Schwerin,GPH-AUTONOMOUS-CITED,751,380,,,,,380<-Hanover & Hanse Towns & Mecklenburg Schwerin,ok,380<-Hanover & Hanse Towns & Mecklenburg Schwerin 751 (ratio on 410991.3592088575)
380<-246,1841,380,Sweden,GPH-AUTONOMOUS-CITED,246,Bremen,GPH-AUTONOMOUS-CITED,9624,380,,,,,380<-Hanover & Hanse Towns & Mecklenburg Schwerin,ok,380<-Hanover & Hanse Towns & Mecklenburg Schwerin 9624 (ratio on 410991.3592088575)
380<-248,1841,380,Sweden,GPH-AUTONOMOUS-CITED,248,Hamburg,GPH-AUTONOMOUS-CITED,61314,380,,,,,380<-Hanover & Hanse Towns & Mecklenburg Schwerin,ok,380<-Hanover & Hanse Towns & Mecklenburg Schwerin 61314 (ratio on 410991.3592088575)
380<-240,1841,380,Sweden,GPH-AUTONOMOUS-CITED,240,Hanover,GPH-AUTONOMOUS-CITED,339184,380,,,,,380<-Hanover & Hanse Towns & Mecklenburg Schwerin,ok,380<-Hanover & Hanse Towns & Mecklenburg Schwerin 339184 (ratio on 410991.3592088575)
616<-338,1841,616,Tunisia (Regency of Tunis),GPH-AUTONOMOUS-CITED,338,Malta,GPH-AUTONOMOUS-CITED,81,616,,,,,616<-Malta & United Kingdom,ok,616<-Malta & United Kingdom 81 (ratio on 69830.9647282372)
616<-200,1841,616,Tunisia (Regency of Tunis),GPH-AUTONOMOUS-CITED,200,United Kingdom,GPH-AUTONOMOUS-CITED,69749,616,,,,,616<-Malta & United Kingdom,ok,616<-Malta & United Kingdom 69749 (ratio on 69830.9647282372)
640<-276,1841,640,Turkey (Ottoman Empire),GPH-AUTONOMOUS-CITED,276,Lübeck,GPH-AUTONOMOUS-CITED,19,640,,,,,640<-Hanse Towns,ok,640<-Hanse Towns 19 (ratio on 12073.947983056887)
640<-246,1841,640,Turkey (Ottoman Empire),GPH-AUTONOMOUS-CITED,246,Bremen,GPH-AUTONOMOUS-CITED,1635,640,,,,,640<-Hanse Towns,ok,640<-Hanse Towns 1635 (ratio on 12073.947983056887)
640<-248,1841,640,Turkey (Ottoman Empire),GPH-AUTONOMOUS-CITED,248,Hamburg,GPH-AUTONOMOUS-CITED,10418,640,,,,,640<-Hanse Towns,ok,640<-Hanse Towns 10418 (ratio on 12073.947983056887)
651<-3349,1841,651,Egypt Arab Republic (Egypt),GPH-AUTONOMOUS-CITED,3349,Ionian Is.,GPH-AUTONOMOUS-CITED,282,651,,,,,651<-Ionian Is. & Malta & United Kingdom,ok,651<-Ionian Is. & Malta & United Kingdom 282 (ratio on 474328.0155179922)
651<-338,1841,651,Egypt Arab Republic (Egypt),GPH-AUTONOMOUS-CITED,338,Malta,GPH-AUTONOMOUS-CITED,550,651,,,,,651<-Ionian Is. & Malta & United Kingdom,ok,651<-Ionian Is. & Malta & United Kingdom 550 (ratio on 474328.0155179922)
651<-200,1841,651,Egypt Arab Republic (Egypt),GPH-AUTONOMOUS-CITED,200,United Kingdom,GPH-AUTONOMOUS-CITED,473494,651,,,,,651<-Ionian Is. & Malta & United Kingdom,ok,651<-Ionian Is. & Malta & United Kingdom 473494 (ratio on 474328.0155179922)
750<-230,1841,750,India,GPH-AUTONOMOUS-CITED,230,Spain,GPH-AUTONOMOUS-CITED,3976,750,,,,,750<-Canary Is. & Madeira Isles,ok,750<-Canary Is. & Madeira Isles 3976 (ratio on 9190)
750<-235,1841,750,India,GPH-AUTONOMOUS-CITED,235,Portugal,GPH-AUTONOMOUS-CITED,5213,750,,,,,750<-Canary Is. & Madeira Isles,ok,750<-Canary Is. & Madeira Isles 5213 (ratio on 9190)
101->68,1841,68,Netherlands Antilles,GPH-AUTONOMOUS-CITED,101,Venezuela,GPH-AUTONOMOUS-CITED,6247,101,,,,,101->Dutch Colonies & Netherlands,ok,101->Dutch Colonies & Netherlands 6247 (ratio on 40134.87193697795)
101->850,1841,850,Indonesia (Dutch East Indies),GPH-AUTONOMOUS-CITED,101,Venezuela,GPH-AUTONOMOUS-CITED,8759,101,,,,,101->Dutch Colonies & Netherlands,ok,101->Dutch Colonies & Netherlands 8759 (ratio on 40134.87193697795)
101->210,1841,210,Netherlands,GPH-AUTONOMOUS-CITED,101,Venezuela,GPH-AUTONOMOUS-CITED,25127,101,,,,,101->Dutch Colonies & Netherlands,ok,101->Dutch Colonies & Netherlands 25127 (ratio on 40134.87193697795)
101->276,1841,276,Lübeck,GPH-AUTONOMOUS-CITED,101,Venezuela,GPH-AUTONOMOUS-CITED,342,101,,,,,101->Hanse Towns,ok,101->Hanse Towns 342 (ratio on 91718.77597878153)
101->248,1841,248,Hamburg,GPH-AUTONOMOUS-CITED,101,Venezuela,GPH-AUTONOMOUS-CITED,35596,101,,,,,101->Hanse Towns,ok,101->Hanse Towns 35596 (ratio on 91718.77597878153)
101->246,1841,246,Bremen,GPH-AUTONOMOUS-CITED,101,Venezuela,GPH-AUTONOMOUS-CITED,55779,101,,,,,101->Hanse Towns,ok,101->Hanse Towns 55779 (ratio on 91718.77597878153)
140->276,1841,276,Lübeck,GPH-AUTONOMOUS-CITED,140,Brazil,GPH-AUTONOMOUS-CITED,4775,140,,,,,140->Hanse Towns,ok,140->Hanse Towns 4775 (ratio on 783698.1908871382)
140->246,1841,246,Bremen,GPH-AUTONOMOUS-CITED,140,Brazil,GPH-AUTONOMOUS-CITED,777650,140,,,,,140->Hanse Towns,ok,140->Hanse Towns 777650 (ratio on 783698.1908871382)
140->385,1841,385,Norway,GPH-AUTONOMOUS-CITED,140,Brazil,GPH-AUTONOMOUS-CITED,22234,140,,,,,140->Norway & Sweden,ok,140->Norway & Sweden 22234 (ratio on 38953.32726337041)
2->902,1841,902,Western Australia,GPH-AUTONOMOUS-CITED,2,United States of America,GPH-AUTONOMOUS-CITED,38,2,,,,,2->900,ok,2->900 38 (ratio on 13236.490412550842)
2->903,1841,903,South Australia,GPH-AUTONOMOUS-CITED,2,United States of America,GPH-AUTONOMOUS-CITED,1386,2,,,,,2->900,ok,2->900 1386 (ratio on 13236.490412550842)
2->906,1841,906,Tasmania,GPH-AUTONOMOUS-CITED,2,United States of America,GPH-AUTONOMOUS-CITED,4957,2,,,,,2->900,ok,2->900 4957 (ratio on 13236.490412550842)
2->901,1841,901,New South Wales,GPH-AUTONOMOUS-CITED,2,United States of America,GPH-AUTONOMOUS-CITED,6854,2,,,,,2->900,ok,2->900 6854 (ratio on 13236.490412550842)
2->65,1841,65,Guadeloupe,GPH-AUTONOMOUS-CITED,2,United States of America,GPH-AUTONOMOUS-CITED,38378,2,,,,,2->French West Indies,ok,2->French West Indies 38378 (ratio on 79180.70889018012)
2->66,1841,66,Martinique,GPH-AUTONOMOUS-CITED,2,United States of America,GPH-AUTONOMOUS-CITED,40802,2,,,,,2->French West Indies,ok,2->French West Indies 40802 (ratio on 79180.70889018012)
2->276,1841,276,Lübeck,GPH-AUTONOMOUS-CITED,2,United States of America,GPH-AUTONOMOUS-CITED,3185,2,,,,,2->Hanse Towns,ok,2->Hanse Towns 3185 (ratio on 853045.363991035)
2->248,1841,248,Hamburg,GPH-AUTONOMOUS-CITED,2,United States of America,GPH-AUTONOMOUS-CITED,331071,2,,,,,2->Hanse Towns,ok,2->Hanse Towns 331071 (ratio on 853045.363991035)
2->246,1841,246,Bremen,GPH-AUTONOMOUS-CITED,2,United States of America,GPH-AUTONOMOUS-CITED,518788,2,,,,,2->Hanse Towns,ok,2->Hanse Towns 518788 (ratio on 853045.363991035)
2->380,1841,380,Sweden,GPH-AUTONOMOUS-CITED,2,United States of America,GPH-AUTONOMOUS-CITED,50214,2,,,,,2->Norway & Sweden,ok,2->Norway & Sweden 50214 (ratio on 116993.02730970366)
2->385,1841,385,Norway,GPH-AUTONOMOUS-CITED,2,United States of America,GPH-AUTONOMOUS-CITED,66778,2,,,,,2->Norway & Sweden,ok,2->Norway & Sweden 66778 (ratio on 116993.02730970366)
200->68,1841,68,Netherlands Antilles,GPH-AUTONOMOUS-CITED,200,United Kingdom,GPH-AUTONOMOUS-CITED,34821,200,,,,,200->Cuba & Curacao & Guadeloupe & Martinique & Puerto Rico & St. Croix & St. Thomas,ok,200->Cuba & Curacao & Guadeloupe & Martinique & Puerto Rico & St. Croix & St. Thomas 34821 (ratio on 895441)
200->65,1841,65,Guadeloupe,GPH-AUTONOMOUS-CITED,200,United Kingdom,GPH-AUTONOMOUS-CITED,50263,200,,,,,200->Cuba & Curacao & Guadeloupe & Martinique & Puerto Rico & St. Croix & St. Thomas,ok,200->Cuba & Curacao & Guadeloupe & Martinique & Puerto Rico & St. Croix & St. Thomas 50263 (ratio on 895441)
200->66,1841,66,Martinique,GPH-AUTONOMOUS-CITED,200,United Kingdom,GPH-AUTONOMOUS-CITED,53437,200,,,,,200->Cuba & Curacao & Guadeloupe & Martinique & Puerto Rico & St. Croix & St. Thomas,ok,200->Cuba & Curacao & Guadeloupe & Martinique & Puerto Rico & St. Croix & St. Thomas 53437 (ratio on 895441)
200->6,1841,6,Puerto Rico,GPH-AUTONOMOUS-CITED,200,United Kingdom,GPH-AUTONOMOUS-CITED,99273,200,,,,,200->Cuba & Curacao & Guadeloupe & Martinique & Puerto Rico & St. Croix & St. Thomas,ok,200->Cuba & Curacao & Guadeloupe & Martinique & Puerto Rico & St. Croix & St. Thomas 99273 (ratio on 895441)
200->5,1841,5,Virgin Islands (Danish West Indies),GPH-AUTONOMOUS-CITED,200,United Kingdom,GPH-AUTONOMOUS-CITED,146745,200,,,,,200->Cuba & Curacao & Guadeloupe & Martinique & Puerto Rico & St. Croix & St. Thomas,ok,200->Cuba & Curacao & Guadeloupe & Martinique & Puerto Rico & St. Croix & St. Thomas 146745 (ratio on 895441)
200->40,1841,40,Cuba,GPH-AUTONOMOUS-CITED,200,United Kingdom,GPH-AUTONOMOUS-CITED,510899,200,,,,,200->Cuba & Curacao & Guadeloupe & Martinique & Puerto Rico & St. Croix & St. Thomas,ok,200->Cuba & Curacao & Guadeloupe & Martinique & Puerto Rico & St. Croix & St. Thomas 510899 (ratio on 895441)
200->276,1841,276,Lübeck,GPH-AUTONOMOUS-CITED,200,United Kingdom,GPH-AUTONOMOUS-CITED,17447,200,,,,,200->Hanover & Hanse Towns & Heligoland & Kniphausen & Mecklenburg Schwerin & Oldenburg,ok,200->Hanover & Hanse Towns & Heligoland & Kniphausen & Mecklenburg Schwerin & Oldenburg 17447 (ratio on 5654033)
200->248,1841,248,Hamburg,GPH-AUTONOMOUS-CITED,200,United Kingdom,GPH-AUTONOMOUS-CITED,1813304,200,,,,,200->Hanover & Hanse Towns & Heligoland & Kniphausen & Mecklenburg Schwerin & Oldenburg,ok,200->Hanover & Hanse Towns & Heligoland & Kniphausen & Mecklenburg Schwerin & Oldenburg 1813304 (ratio on 5654033)
200->246,1841,246,Bremen,GPH-AUTONOMOUS-CITED,200,United Kingdom,GPH-AUTONOMOUS-CITED,2841451,200,,,,,200->Hanover & Hanse Towns & Heligoland & Kniphausen & Mecklenburg Schwerin & Oldenburg,ok,200->Hanover & Hanse Towns & Heligoland & Kniphausen & Mecklenburg Schwerin & Oldenburg 2841451 (ratio on 5654033)
210->2249,1841,2249,Heligoland,GPH-AUTONOMOUS-CITED,210,Netherlands,GPH-AUTONOMOUS-CITED,2,210,,,,,210->British Europe & United Kingdom,ok,210->British Europe & United Kingdom 2 (ratio on 1730929.100193975)
210->338,1841,338,Malta,GPH-AUTONOMOUS-CITED,210,Netherlands,GPH-AUTONOMOUS-CITED,7900,210,,,,,210->British Europe & United Kingdom,ok,210->British Europe & United Kingdom 7900 (ratio on 1730929.100193975)
210->231,1841,231,Gibraltar,GPH-AUTONOMOUS-CITED,210,Netherlands,GPH-AUTONOMOUS-CITED,78363,210,,,,,210->British Europe & United Kingdom,ok,210->British Europe & United Kingdom 78363 (ratio on 1730929.100193975)
210->200,1841,200,United Kingdom,GPH-AUTONOMOUS-CITED,210,Netherlands,GPH-AUTONOMOUS-CITED,1644662,210,,,,,210->British Europe & United Kingdom,ok,210->British Europe & United Kingdom 1644662 (ratio on 1730929.100193975)
211->6,1841,6,Puerto Rico,GPH-AUTONOMOUS-CITED,211,Belgium,GPH-AUTONOMOUS-CITED,4547,211,,,,,211->Cuba & Puerto Rico,ok,211->Cuba & Puerto Rico 4547 (ratio on 27948.220577174303)
211->40,1841,40,Cuba,GPH-AUTONOMOUS-CITED,211,Belgium,GPH-AUTONOMOUS-CITED,23401,211,,,,,211->Cuba & Puerto Rico,ok,211->Cuba & Puerto Rico 23401 (ratio on 27948.220577174303)
211->3349,1841,3349,Ionian Is.,GPH-AUTONOMOUS-CITED,211,Belgium,GPH-AUTONOMOUS-CITED,89,211,,,,,211->Greece & Ionian Is.,ok,211->Greece & Ionian Is. 89 (ratio on 2612.7231701041133)
211->350,1841,350,Greece,GPH-AUTONOMOUS-CITED,211,Belgium,GPH-AUTONOMOUS-CITED,2522,211,,,,,211->Greece & Ionian Is.,ok,211->Greece & Ionian Is. 2522 (ratio on 2612.7231701041133)
211->7,1841,7,Texas,GPH-AUTONOMOUS-CITED,211,Belgium,GPH-AUTONOMOUS-CITED,1949,211,,,,,211->Guatemala & Mexico & Texas,ok,211->Guatemala & Mexico & Texas 1949 (ratio on 53600.41170183287)
211->90,1841,90,Guatemala,GPH-AUTONOMOUS-CITED,211,Belgium,GPH-AUTONOMOUS-CITED,2355,211,,,,,211->Guatemala & Mexico & Texas,ok,211->Guatemala & Mexico & Texas 2355 (ratio on 53600.41170183287)
211->70,1841,70,Mexico,GPH-AUTONOMOUS-CITED,211,Belgium,GPH-AUTONOMOUS-CITED,49295,211,,,,,211->Guatemala & Mexico & Texas,ok,211->Guatemala & Mexico & Texas 49295 (ratio on 53600.41170183287)
211->257,1841,257,Oldenburg,GPH-AUTONOMOUS-CITED,211,Belgium,GPH-AUTONOMOUS-CITED,5405,211,,,,,211->Hanover & Oldenburg,ok,211->Hanover & Oldenburg 5405 (ratio on 22128.973516487866)
211->240,1841,240,Hanover,GPH-AUTONOMOUS-CITED,211,Belgium,GPH-AUTONOMOUS-CITED,16723,211,,,,,211->Hanover & Oldenburg,ok,211->Hanover & Oldenburg 16723 (ratio on 22128.973516487866)
211->276,1841,276,Lübeck,GPH-AUTONOMOUS-CITED,211,Belgium,GPH-AUTONOMOUS-CITED,1420,211,,,,,211->Hanse Towns,ok,211->Hanse Towns 1420 (ratio on 380269.9813942441)
211->248,1841,248,Hamburg,GPH-AUTONOMOUS-CITED,211,Belgium,GPH-AUTONOMOUS-CITED,147584,211,,,,,211->Hanse Towns,ok,211->Hanse Towns 147584 (ratio on 380269.9813942441)
211->246,1841,246,Bremen,GPH-AUTONOMOUS-CITED,211,Belgium,GPH-AUTONOMOUS-CITED,231265,211,,,,,211->Hanse Towns,ok,211->Hanse Towns 231265 (ratio on 380269.9813942441)
211->750,1841,750,India,GPH-AUTONOMOUS-CITED,211,Belgium,GPH-AUTONOMOUS-CITED,1616,211,,,,,211->India & People's Republic of China (China) & Singapore,ok,211->India & People's Republic of China (China) & Singapore 1616 (ratio on 7442.302363326868)
211->710,1841,710,People's Republic of China (China),GPH-AUTONOMOUS-CITED,211,Belgium,GPH-AUTONOMOUS-CITED,5826,211,,,,,211->India & People's Republic of China (China) & Singapore,ok,211->India & People's Republic of China (China) & Singapore 5826 (ratio on 7442.302363326868)
211->380,1841,380,Sweden,GPH-AUTONOMOUS-CITED,211,Belgium,GPH-AUTONOMOUS-CITED,17058,211,,,,,211->Norway & Sweden,ok,211->Norway & Sweden 17058 (ratio on 39745.06155734136)
211->385,1841,385,Norway,GPH-AUTONOMOUS-CITED,211,Belgium,GPH-AUTONOMOUS-CITED,22686,211,,,,,211->Norway & Sweden,ok,211->Norway & Sweden 22686 (ratio on 39745.06155734136)
220->561,1841,561,Cape Colony (Cape of Good Hope),GPH-AUTONOMOUS-CITED,220,France,GPH-AUTONOMOUS-CITED,61099,220,,,,,220->Cape Colony (Cape of Good Hope) & Mauritius,ok,220->Cape Colony (Cape of Good Hope) & Mauritius 61099 (ratio on 225644.27378171886)
220->590,1841,590,Mauritius,GPH-AUTONOMOUS-CITED,220,France,GPH-AUTONOMOUS-CITED,164544,220,,,,,220->Cape Colony (Cape of Good Hope) & Mauritius,ok,220->Cape Colony (Cape of Good Hope) & Mauritius 164544 (ratio on 225644.27378171886)
220->276,1841,276,Lübeck,GPH-AUTONOMOUS-CITED,220,France,GPH-AUTONOMOUS-CITED,2557,220,,,,,220->Hanse Towns,ok,220->Hanse Towns 2557 (ratio on 684850.1642848661)
220->248,1841,248,Hamburg,GPH-AUTONOMOUS-CITED,220,France,GPH-AUTONOMOUS-CITED,265793,220,,,,,220->Hanse Towns,ok,220->Hanse Towns 265793 (ratio on 684850.1642848661)
220->246,1841,246,Bremen,GPH-AUTONOMOUS-CITED,220,France,GPH-AUTONOMOUS-CITED,416499,220,,,,,220->Hanse Towns,ok,220->Hanse Towns 416499 (ratio on 684850.1642848661)
220->6,1841,6,Puerto Rico,GPH-AUTONOMOUS-CITED,220,France,GPH-AUTONOMOUS-CITED,57321,220,,,,,220->Spanish America,ok,220->Spanish America 57321 (ratio on 352321.7608170698)
220->40,1841,40,Cuba,GPH-AUTONOMOUS-CITED,220,France,GPH-AUTONOMOUS-CITED,294999,220,,,,,220->Spanish America,ok,220->Spanish America 294999 (ratio on 352321.7608170698)
246->276,1841,276,Lübeck,GPH-AUTONOMOUS-CITED,246,Bremen,GPH-AUTONOMOUS-CITED,1282,246,,,,,246->Hanse Towns,ok,246->Hanse Towns 1282 (ratio on 134594.82997506036)
246->248,1841,248,Hamburg,GPH-AUTONOMOUS-CITED,246,Bremen,GPH-AUTONOMOUS-CITED,133312,246,,,,,246->Hanse Towns,ok,246->Hanse Towns 133312 (ratio on 134594.82997506036)
300->2249,1841,2249,Heligoland,GPH-AUTONOMOUS-CITED,300,Austria-Hungary (Austrian Empire),GPH-AUTONOMOUS-CITED,9,300,,,,,300->British Europe & United Kingdom,ok,300->British Europe & United Kingdom 9 (ratio on 355409.5245635565)
300->338,1841,338,Malta,GPH-AUTONOMOUS-CITED,300,Austria-Hungary (Austrian Empire),GPH-AUTONOMOUS-CITED,32422,300,,,,,300->British Europe & United Kingdom,ok,300->British Europe & United Kingdom 32422 (ratio on 355409.5245635565)
300->231,1841,231,Gibraltar,GPH-AUTONOMOUS-CITED,300,Austria-Hungary (Austrian Empire),GPH-AUTONOMOUS-CITED,321569,300,,,,,300->British Europe & United Kingdom,ok,300->British Europe & United Kingdom 321569 (ratio on 355409.5245635565)
300->276,1841,276,Lübeck,GPH-AUTONOMOUS-CITED,300,Austria-Hungary (Austrian Empire),GPH-AUTONOMOUS-CITED,107,300,,,,,300->Hanover & Hanse Towns,ok,300->Hanover & Hanse Towns 107 (ratio on 53046.197696053205)
300->248,1841,248,Hamburg,GPH-AUTONOMOUS-CITED,300,Austria-Hungary (Austrian Empire),GPH-AUTONOMOUS-CITED,11121,300,,,,,300->Hanover & Hanse Towns,ok,300->Hanover & Hanse Towns 11121 (ratio on 53046.197696053205)
300->246,1841,246,Bremen,GPH-AUTONOMOUS-CITED,300,Austria-Hungary (Austrian Empire),GPH-AUTONOMOUS-CITED,17427,300,,,,,300->Hanover & Hanse Towns,ok,300->Hanover & Hanse Towns 17427 (ratio on 53046.197696053205)
300->240,1841,240,Hanover,GPH-AUTONOMOUS-CITED,300,Austria-Hungary (Austrian Empire),GPH-AUTONOMOUS-CITED,24390,300,,,,,300->Hanover & Hanse Towns,ok,300->Hanover & Hanse Towns 24390 (ratio on 53046.197696053205)
337->3349,1841,3349,Ionian Is.,GPH-AUTONOMOUS-CITED,337,Tuscany,GPH-AUTONOMOUS-CITED,3246,337,,,,,337->Ionian Is. & Malta,ok,337->Ionian Is. & Malta 3246 (ratio on 18605.75590831717)
337->338,1841,338,Malta,GPH-AUTONOMOUS-CITED,337,Tuscany,GPH-AUTONOMOUS-CITED,15359,337,,,,,337->Ionian Is. & Malta,ok,337->Ionian Is. & Malta 15359 (ratio on 18605.75590831717)
365->276,1841,276,Lübeck,GPH-AUTONOMOUS-CITED,365,Russia (USSR),GPH-AUTONOMOUS-CITED,1362,365,,,,,365->Hanse Towns,ok,365->Hanse Towns 1362 (ratio on 364901.7668990112)
365->248,1841,248,Hamburg,GPH-AUTONOMOUS-CITED,365,Russia (USSR),GPH-AUTONOMOUS-CITED,141620,365,,,,,365->Hanse Towns,ok,365->Hanse Towns 141620 (ratio on 364901.7668990112)
365->246,1841,246,Bremen,GPH-AUTONOMOUS-CITED,365,Russia (USSR),GPH-AUTONOMOUS-CITED,221918,365,,,,,365->Hanse Towns,ok,365->Hanse Towns 221918 (ratio on 364901.7668990112)
380->338,1841,338,Malta,GPH-AUTONOMOUS-CITED,380,Sweden,GPH-AUTONOMOUS-CITED,83,380,,,,,380->Gibraltar & Malta,ok,380->Gibraltar & Malta 83 (ratio on 908.5173501552365)
380->231,1841,231,Gibraltar,GPH-AUTONOMOUS-CITED,380,Sweden,GPH-AUTONOMOUS-CITED,825,380,,,,,380->Gibraltar & Malta,ok,380->Gibraltar & Malta 825 (ratio on 908.5173501552365)
380->276,1841,276,Lübeck,GPH-AUTONOMOUS-CITED,380,Sweden,GPH-AUTONOMOUS-CITED,330,380,,,,,380->Hanover & Hanse Towns & Mecklenburg Schwerin,ok,380->Hanover & Hanse Towns & Mecklenburg Schwerin 330 (ratio on 207251.40584225138)
380->248,1841,248,Hamburg,GPH-AUTONOMOUS-CITED,380,Sweden,GPH-AUTONOMOUS-CITED,34342,380,,,,,380->Hanover & Hanse Towns & Mecklenburg Schwerin,ok,380->Hanover & Hanse Towns & Mecklenburg Schwerin 34342 (ratio on 207251.40584225138)
380->280,1841,280,Mecklenburg Schwerin,GPH-AUTONOMOUS-CITED,380,Sweden,GPH-AUTONOMOUS-CITED,43446,380,,,,,380->Hanover & Hanse Towns & Mecklenburg Schwerin,ok,380->Hanover & Hanse Towns & Mecklenburg Schwerin 43446 (ratio on 207251.40584225138)
380->246,1841,246,Bremen,GPH-AUTONOMOUS-CITED,380,Sweden,GPH-AUTONOMOUS-CITED,53814,380,,,,,380->Hanover & Hanse Towns & Mecklenburg Schwerin,ok,380->Hanover & Hanse Towns & Mecklenburg Schwerin 53814 (ratio on 207251.40584225138)
380->240,1841,240,Hanover,GPH-AUTONOMOUS-CITED,380,Sweden,GPH-AUTONOMOUS-CITED,75318,380,,,,,380->Hanover & Hanse Towns & Mecklenburg Schwerin,ok,380->Hanover & Hanse Towns & Mecklenburg Schwerin 75318 (ratio on 207251.40584225138)
561->902,1841,902,Western Australia,GPH-AUTONOMOUS-CITED,561,Cape Colony (Cape of Good Hope),GPH-AUTONOMOUS-CITED,5,561,,,,,561->900,ok,561->900 5 (ratio on 1765)
561->903,1841,903,South Australia,GPH-AUTONOMOUS-CITED,561,Cape Colony (Cape of Good Hope),GPH-AUTONOMOUS-CITED,184,561,,,,,561->900,ok,561->900 184 (ratio on 1765)
590->902,1841,902,Western Australia,GPH-AUTONOMOUS-CITED,590,Mauritius,GPH-AUTONOMOUS-CITED,40,590,,,,,590->900,ok,590->900 40 (ratio on 13973)
590->903,1841,903,South Australia,GPH-AUTONOMOUS-CITED,590,Mauritius,GPH-AUTONOMOUS-CITED,1463,590,,,,,590->900,ok,590->900 1463 (ratio on 13973)
590->906,1841,906,Tasmania,GPH-AUTONOMOUS-CITED,590,Mauritius,GPH-AUTONOMOUS-CITED,5233,590,,,,,590->900,ok,590->900 5233 (ratio on 13973)
590->901,1841,901,New South Wales,GPH-AUTONOMOUS-CITED,590,Mauritius,GPH-AUTONOMOUS-CITED,7235,590,,,,,590->900,ok,590->900 7235 (ratio on 13973)
616->338,1841,338,Malta,GPH-AUTONOMOUS-CITED,616,Tunisia (Regency of Tunis),GPH-AUTONOMOUS-CITED,97,616,,,,,616->Malta & United Kingdom,ok,616->Malta & United Kingdom 97 (ratio on 20466.331499148888)
616->200,1841,200,United Kingdom,GPH-AUTONOMOUS-CITED,616,Tunisia (Regency of Tunis),GPH-AUTONOMOUS-CITED,20368,616,,,,,616->Malta & United Kingdom,ok,616->Malta & United Kingdom 20368 (ratio on 20466.331499148888)
651->3349,1841,3349,Ionian Is.,GPH-AUTONOMOUS-CITED,651,Egypt Arab Republic (Egypt),GPH-AUTONOMOUS-CITED,411,651,,,,,651->Ionian Is. & Malta & United Kingdom,ok,651->Ionian Is. & Malta & United Kingdom 411 (ratio on 407347.29424805037)
651->338,1841,338,Malta,GPH-AUTONOMOUS-CITED,651,Egypt Arab Republic (Egypt),GPH-AUTONOMOUS-CITED,1945,651,,,,,651->Ionian Is. & Malta & United Kingdom,ok,651->Ionian Is. & Malta & United Kingdom 1945 (ratio on 407347.29424805037)
651->200,1841,200,United Kingdom,GPH-AUTONOMOUS-CITED,651,Egypt Arab Republic (Egypt),GPH-AUTONOMOUS-CITED,404990,651,,,,,651->Ionian Is. & Malta & United Kingdom,ok,651->Ionian Is. & Malta & United Kingdom 404990 (ratio on 407347.29424805037)
780->4050,1841,4050,St. Helena,GPH-AUTONOMOUS-CITED,780,Sri Lanka (Ceylon),GPH-AUTONOMOUS-CITED,3,780,,,,,780->Cape Colony (Cape of Good Hope) & Madeira Isles & St. Helena,ok,780->Cape Colony (Cape of Good Hope) & Madeira Isles & St. Helena 3 (ratio on 32)
780->235,1841,235,Portugal,GPH-AUTONOMOUS-CITED,780,Sri Lanka (Ceylon),GPH-AUTONOMOUS-CITED,4,780,,,,,780->Cape Colony (Cape of Good Hope) & Madeira Isles & St. Helena,ok,780->Cape Colony (Cape of Good Hope) & Madeira Isles & St. Helena 4 (ratio on 32)
780->561,1841,561,Cape Colony (Cape of Good Hope),GPH-AUTONOMOUS-CITED,780,Sri Lanka (Ceylon),GPH-AUTONOMOUS-CITED,24,780,,,,,780->Cape Colony (Cape of Good Hope) & Madeira Isles & St. Helena,ok,780->Cape Colony (Cape of Good Hope) & Madeira Isles & St. Helena 24 (ratio on 32)
