undir_pair_key,key,exporterId,importerId,id,year,importerLabel,importerType,exporterLabel,exporterType,value,reportedBy,partial,valueToSplit,newReporters,newPartners,originalReportedTradeFlowIds,status,notes,CafFob
"100-101","R100->101",100,101,"100->101",1950,"Venezuela","GPH","Colombia (New Granada) (Gran Colombia)","GPH",714285.69,"100","NA","NA","NA","NA","NA","ok","NA","fob"
"100-101","100<-R101",101,100,"",1950,"","","","",,"","","","","","","not reported","","fob"
"100-115","100<-R115",115,100,"",1950,"","","","",,"","","","","","","not reported","","fob"
"100-115","R100->115",100,115,"",1950,"","","","",0,"","","","","","","imputed zero","","fob"
"100-130","100<-R130",130,100,"130->100",1950,"Colombia (New Granada) (Gran Colombia)","GPH","Ecuador","GPH",1464285.8,"130","NA","NA","NA","NA","NA","ok","NA","fob"
"100-130","R100->130",100,130,"100->130",1950,"Ecuador","GPH","Colombia (New Granada) (Gran Colombia)","GPH",35714.285,"100","NA","NA","NA","NA","NA","ok","NA","fob"
"100-135","100<-R135",135,100,"135->100",1950,"Colombia (New Granada) (Gran Colombia)","GPH","Peru","GPH",2178571.5,"135","NA","NA","NA","NA","NA","ok","NA","fob"
"100-135","R100->135",100,135,"100->135",1950,"Peru","GPH","Colombia (New Granada) (Gran Colombia)","GPH",107142.86,"100","NA","NA","NA","NA","NA","ok","NA","fob"
"100-140","100<-R140",140,100,"140->100",1950,"Colombia (New Granada) (Gran Colombia)","GPH","Brazil","GPH",428571.44,"140","NA","NA","NA","NA","NA","ok","NA","fob"
"100-140","R100->140",100,140,"",1950,"","","","",0,"","","","","","","imputed zero","","fob"
"100-145","R100->145",100,145,"",1950,"","","","",0,"","","","","","","imputed zero","","fob"
"100-145","100<-R145",145,100,"",1950,"","","","",0,"","","","","","","imputed zero","","fob"
"100-150","R100->150",100,150,"",1950,"","","","",0,"","","","","","","imputed zero","","fob"
"100-150","100<-R150",150,100,"",1950,"","","","",,"","","","","","","not reported","","fob"
"100-155","R100->155",100,155,"",1950,"","","","",0,"","","","","","","imputed zero","","fob"
"100-155","100<-R155",155,100,"155->100",1950,"Colombia (New Granada) (Gran Colombia)","GPH","Chile","GPH",321428.56,"155","NA","NA","NA","NA","NA","ok","NA","fob"
"100-160","100<-R160",160,100,"",1950,"","","","",,"","","","","","","not reported","","fob"
"100-160","R100->160",100,160,"",1950,"","","","",0,"","","","","","","imputed zero","","fob"
"100-165","100<-R165",165,100,"165->100",1950,"Colombia (New Granada) (Gran Colombia)","GPH","Uruguay","GPH",285714.28,"165","NA","NA","NA","NA","NA","ok","NA","fob"
"100-165","R100->165",100,165,"100->165",1950,"Uruguay","GPH","Colombia (New Granada) (Gran Colombia)","GPH",214285.72,"100","NA","NA","NA","NA","NA","ok","NA","fob"
"100-2","R100->2",100,2,"100->2",1950,"United States of America","GPH","Colombia (New Granada) (Gran Colombia)","GPH",116357144,"100","NA","NA","NA","NA","NA","ok","NA","fob"
"100-2","100<-R2",2,100,"2->100",1950,"Colombia (New Granada) (Gran Colombia)","GPH","United States of America","GPH",83571432,"2","NA","NA","NA","NA","NA","ok","NA","fob"
"100-20","R100->20",100,20,"100->20",1950,"Canada (Province of Canada)","GPH","Colombia (New Granada) (Gran Colombia)","GPH",3000000,"100","NA","NA","NA","NA","NA","ok","NA","fob"
"100-20","100<-R20",20,100,"20->100",1950,"Colombia (New Granada) (Gran Colombia)","GPH","Canada (Province of Canada)","GPH",4857143,"20","NA","NA","NA","NA","NA","ok","NA","fob"
"100-200","R100->200",100,200,"100->200",1950,"United Kingdom","GPH","Colombia (New Granada) (Gran Colombia)","GPH",178571.42,"100","NA","NA","NA","NA","NA","ok","NA","fob"
"100-200","100<-R200",200,100,"200->100",1950,"Colombia (New Granada) (Gran Colombia)","GPH","United Kingdom","GPH",5928571.5,"200","NA","NA","NA","NA","NA","ok","NA","fob"
"100-205","100<-R205",205,100,"",1950,"","","","",0,"","","","","","","imputed zero","","fob"
"100-205","R100->205",100,205,"",1950,"","","","",0,"","","","","","","imputed zero","","fob"
"100-210","R100->210",100,210,"100->210",1950,"Netherlands","GPH","Colombia (New Granada) (Gran Colombia)","GPH",714285.69,"100","NA","NA","NA","NA","NA","ok","NA","fob"
"100-210","100<-R210",210,100,"210->100",1950,"Colombia (New Granada) (Gran Colombia)","GPH","Netherlands","GPH",642857.13,"210","NA","NA","NA","NA","NA","ok","NA","fob"
"100-220","R100->220",100,220,"100->220",1950,"France","GPH","Colombia (New Granada) (Gran Colombia)","GPH",1357142.9,"100","NA","NA","NA","NA","NA","ok","NA","fob"
"100-220","100<-R220",220,100,"220->100",1950,"Colombia (New Granada) (Gran Colombia)","GPH","France","GPH",2214285.8,"220","NA","NA","NA","NA","NA","ok","NA","fob"
"100-225","R100->225",100,225,"100->225",1950,"Switzerland","GPH","Colombia (New Granada) (Gran Colombia)","GPH",464285.72,"100","NA","NA","NA","NA","NA","ok","NA","fob"
"100-225","100<-R225",225,100,"225->100",1950,"Colombia (New Granada) (Gran Colombia)","GPH","Switzerland","GPH",2607142.8,"225","NA","NA","NA","NA","NA","ok","NA","fob"
"100-230","100<-R230",230,100,"230->100",1950,"Colombia (New Granada) (Gran Colombia)","GPH","Spain","GPH",357142.84,"230","NA","NA","NA","NA","NA","ok","NA","fob"
"100-230","R100->230",100,230,"",1950,"","","","",0,"","","","","","","imputed zero","","fob"
"100-235","100<-R235",235,100,"235->100",1950,"Colombia (New Granada) (Gran Colombia)","GPH","Portugal","GPH",178571.42,"235","NA","NA","NA","NA","NA","ok","NA","fob"
"100-235","R100->235",100,235,"",1950,"","","","",0,"","","","","","","imputed zero","","fob"
"100-255","100<-R255",255,100,"255->100",1950,"Colombia (New Granada) (Gran Colombia)","GPH","Germany (Zollverein)","GPH",6428571.5,"255","NA","NA","NA","NA","NA","ok","NA","fob"
"100-255","R100->255",100,255,"100->255",1950,"Germany (Zollverein)","GPH","Colombia (New Granada) (Gran Colombia)","GPH",5892857,"100","NA","NA","NA","NA","NA","ok","NA","fob"
"100-290","100<-R290",290,100,"",1950,"","","","",,"","","","","","","not reported","","fob"
"100-290","R100->290",100,290,"",1950,"","","","",0,"","","","","","","imputed zero","","fob"
"100-305","R100->305",100,305,"",1950,"","","","",0,"","","","","","","imputed zero","","fob"
"100-305","100<-R305",305,100,"305->100",1950,"Colombia (New Granada) (Gran Colombia)","GPH","Austria","GPH",1000000,"305","NA","NA","NA","NA","NA","ok","NA","fob"
"100-310","100<-R310",310,100,"",1950,"","","","",,"","","","","","","not reported","","fob"
"100-310","R100->310",100,310,"",1950,"","","","",0,"","","","","","","imputed zero","","fob"
"100-315","100<-R315",315,100,"",1950,"","","","",,"","","","","","","not reported","","fob"
"100-315","R100->315",100,315,"",1950,"","","","",0,"","","","","","","imputed zero","","fob"
"100-325","100<-R325",325,100,"325->100",1950,"Colombia (New Granada) (Gran Colombia)","GPH","Italy","GPH",1892857.1,"325","NA","NA","NA","NA","NA","ok","NA","fob"
"100-325","R100->325",100,325,"100->325",1950,"Italy","GPH","Colombia (New Granada) (Gran Colombia)","GPH",321428.56,"100","NA","NA","NA","NA","NA","ok","NA","fob"
"100-345","100<-R345",345,100,"",1950,"","","","",,"","","","","","","not reported","","fob"
"100-345","R100->345",100,345,"",1950,"","","","",0,"","","","","","","imputed zero","","fob"
"100-350","R100->350",100,350,"100->350",1950,"Greece","GPH","Colombia (New Granada) (Gran Colombia)","GPH",178571.42,"100","NA","NA","NA","NA","NA","ok","NA","fob"
"100-350","100<-R350",350,100,"",1950,"","","","",0,"","","","","","","imputed zero","","fob"
"100-352","R100->352",100,352,"",1950,"","","","",0,"","","","","","","imputed zero","","fob"
"100-352","100<-R352",352,100,"",1950,"","","","",0,"","","","","","","imputed zero","","fob"
"100-355","100<-R355",355,100,"",1950,"","","","",,"","","","","","","not reported","","fob"
"100-355","R100->355",100,355,"",1950,"","","","",0,"","","","","","","imputed zero","","fob"
"100-360","100<-R360",360,100,"",1950,"","","","",,"","","","","","","not reported","","fob"
"100-360","R100->360",100,360,"",1950,"","","","",0,"","","","","","","imputed zero","","fob"
"100-365","100<-R365",365,100,"",1950,"","","","",,"","","","","","","not reported","","fob"
"100-365","R100->365",100,365,"",1950,"","","","",0,"","","","","","","imputed zero","","fob"
"100-375","100<-R375",375,100,"375->100",1950,"Colombia (New Granada) (Gran Colombia)","GPH","Finland","GPH",464285.72,"375","NA","NA","NA","NA","NA","ok","NA","fob"
"100-375","R100->375",100,375,"",1950,"","","","",0,"","","","","","","imputed zero","","fob"
"100-380","R100->380",100,380,"100->380",1950,"Sweden","GPH","Colombia (New Granada) (Gran Colombia)","GPH",1678571.4,"100","NA","NA","NA","NA","NA","ok","NA","fob"
"100-380","100<-R380",380,100,"380->100",1950,"Colombia (New Granada) (Gran Colombia)","GPH","Sweden","GPH",2321428.5,"380","NA","NA","NA","NA","NA","ok","NA","fob"
"100-385","100<-R385",385,100,"385->100",1950,"Colombia (New Granada) (Gran Colombia)","GPH","Norway","GPH",107142.86,"385","NA","NA","NA","NA","NA","ok","NA","fob"
"100-385","R100->385",100,385,"",1950,"","","","",0,"","","","","","","imputed zero","","fob"
"100-390","R100->390",100,390,"",1950,"","","","",0,"","","","","","","imputed zero","","fob"
"100-390","100<-R390",390,100,"390->100",1950,"Colombia (New Granada) (Gran Colombia)","GPH","Denmark","GPH",107142.86,"390","NA","NA","NA","NA","NA","ok","NA","fob"
"100-395","100<-R395",395,100,"",1950,"","","","",0,"","","","","","","imputed zero","","fob"
"100-395","R100->395",100,395,"",1950,"","","","",0,"","","","","","","imputed zero","","fob"
"100-40","R100->40",100,40,"100->40",1950,"Cuba","GPH","Colombia (New Granada) (Gran Colombia)","GPH",71428.57,"100","NA","NA","NA","NA","NA","ok","NA","fob"
"100-40","100<-R40",40,100,"40->100",1950,"Colombia (New Granada) (Gran Colombia)","GPH","Cuba","GPH",142857.14,"40","NA","NA","NA","NA","NA","ok","NA","fob"
"100-41","R100->41",100,41,"",1950,"","","","",0,"","","","","","","imputed zero","","fob"
"100-41","100<-R41",41,100,"41->100",1950,"Colombia (New Granada) (Gran Colombia)","GPH","Haiti","GPH",71428.57,"41","NA","NA","NA","NA","NA","ok","NA","fob"
"100-42","100<-R42",42,100,"",1950,"","","","",0,"","","","","","","imputed zero","","fob"
"100-42","R100->42",100,42,"",1950,"","","","",0,"","","","","","","imputed zero","","fob"
"100-452","R100->452",100,452,"",1950,"","","","",0,"","","","","","","imputed zero","","fob"
"100-452","100<-R452",452,100,"",1950,"","","","",0,"","","","","","","imputed zero","","fob"
"100-471","R100->471",100,471,"",1950,"","","","",0,"","","","","","","imputed zero","","fob"
"100-471","100<-R471",471,100,"",1950,"","","","",0,"","","","","","","imputed zero","","fob"
"100-475","100<-R475",475,100,"",1950,"","","","",0,"","","","","","","imputed zero","","fob"
"100-475","R100->475",100,475,"",1950,"","","","",0,"","","","","","","imputed zero","","fob"
"100-490","R100->490",100,490,"",1950,"","","","",0,"","","","","","","imputed zero","","fob"
"100-490","100<-R490",490,100,"",1950,"","","","",0,"","","","","","","imputed zero","","fob"
"100-500","R100->500",100,500,"",1950,"","","","",0,"","","","","","","imputed zero","","fob"
"100-500","100<-R500",500,100,"",1950,"","","","",0,"","","","","","","imputed zero","","fob"
"100-501","100<-R501",501,100,"",1950,"","","","",0,"","","","","","","imputed zero","","fob"
"100-501","R100->501",100,501,"",1950,"","","","",0,"","","","","","","imputed zero","","fob"
"100-51","100<-R51",51,100,"",1950,"","","","",0,"","","","","","","imputed zero","","fob"
"100-51","R100->51",100,51,"",1950,"","","","",0,"","","","","","","imputed zero","","fob"
"100-512","100<-R512",512,100,"",1950,"","","","",0,"","","","","","","imputed zero","","fob"
"100-512","R100->512",100,512,"",1950,"","","","",0,"","","","","","","imputed zero","","fob"
"100-52","R100->52",100,52,"100->52",1950,"Trinidad and Tobago","GPH","Colombia (New Granada) (Gran Colombia)","GPH",1571428.6,"100","NA","NA","NA","NA","NA","ok","NA","fob"
"100-52","100<-R52",52,100,"",1950,"","","","",0,"","","","","","","imputed zero","","fob"
"100-522","100<-R522",522,100,"",1950,"","","","",,"","","","","","","not reported","","fob"
"100-522","R100->522",100,522,"",1950,"","","","",0,"","","","","","","imputed zero","","fob"
"100-530","R100->530",100,530,"",1950,"","","","",0,"","","","","","","imputed zero","","fob"
"100-530","100<-R530",530,100,"",1950,"","","","",0,"","","","","","","imputed zero","","fob"
"100-540","R100->540",100,540,"",1950,"","","","",0,"","","","","","","imputed zero","","fob"
"100-540","100<-R540",540,100,"",1950,"","","","",0,"","","","","","","imputed zero","","fob"
"100-541","100<-R541",541,100,"",1950,"","","","",0,"","","","","","","imputed zero","","fob"
"100-541","R100->541",100,541,"",1950,"","","","",0,"","","","","","","imputed zero","","fob"
"100-551","R100->551",100,551,"",1950,"","","","",0,"","","","","","","imputed zero","","fob"
"100-551","100<-R551",551,100,"",1950,"","","","",0,"","","","","","","imputed zero","","fob"
"100-552","R100->552",100,552,"",1950,"","","","",0,"","","","","","","imputed zero","","fob"
"100-552","100<-R552",552,100,"",1950,"","","","",0,"","","","","","","imputed zero","","fob"
"100-560","R100->560",100,560,"",1950,"","","","",0,"","","","","","","imputed zero","","fob"
"100-560","100<-R560",560,100,"",1950,"","","","",,"","","","","","","not reported","","fob"
"100-580","R100->580",100,580,"",1950,"","","","",0,"","","","","","","imputed zero","","fob"
"100-580","100<-R580",580,100,"",1950,"","","","",0,"","","","","","","imputed zero","","fob"
"100-600","R100->600",100,600,"",1950,"","","","",0,"","","","","","","imputed zero","","fob"
"100-600","100<-R600",600,100,"",1950,"","","","",0,"","","","","","","imputed zero","","fob"
"100-615","R100->615",100,615,"",1950,"","","","",0,"","","","","","","imputed zero","","fob"
"100-615","100<-R615",615,100,"",1950,"","","","",0,"","","","","","","imputed zero","","fob"
"100-616","R100->616",100,616,"",1950,"","","","",0,"","","","","","","imputed zero","","fob"
"100-616","100<-R616",616,100,"",1950,"","","","",0,"","","","","","","imputed zero","","fob"
"100-625","R100->625",100,625,"",1950,"","","","",0,"","","","","","","imputed zero","","fob"
"100-625","100<-R625",625,100,"",1950,"","","","",0,"","","","","","","imputed zero","","fob"
"100-630","R100->630",100,630,"",1950,"","","","",0,"","","","","","","imputed zero","","fob"
"100-630","100<-R630",630,100,"",1950,"","","","",,"","","","","","","not reported","","fob"
"100-640","R100->640",100,640,"",1950,"","","","",0,"","","","","","","imputed zero","","fob"
"100-640","100<-R640",640,100,"",1950,"","","","",0,"","","","","","","imputed zero","","fob"
"100-645","R100->645",100,645,"",1950,"","","","",0,"","","","","","","imputed zero","","fob"
"100-645","100<-R645",645,100,"",1950,"","","","",0,"","","","","","","imputed zero","","fob"
"100-651","100<-R651",651,100,"",1950,"","","","",0,"","","","","","","imputed zero","","fob"
"100-651","R100->651",100,651,"",1950,"","","","",0,"","","","","","","imputed zero","","fob"
"100-652","100<-R652",652,100,"",1950,"","","","",0,"","","","","","","imputed zero","","fob"
"100-652","R100->652",100,652,"",1950,"","","","",0,"","","","","","","imputed zero","","fob"
"100-660","100<-R660",660,100,"",1950,"","","","",0,"","","","","","","imputed zero","","fob"
"100-660","R100->660",100,660,"",1950,"","","","",0,"","","","","","","imputed zero","","fob"
"100-666","100<-R666",666,100,"",1950,"","","","",0,"","","","","","","imputed zero","","fob"
"100-666","R100->666",100,666,"",1950,"","","","",0,"","","","","","","imputed zero","","fob"
"100-670","100<-R670",670,100,"",1950,"","","","",,"","","","","","","not reported","","fob"
"100-670","R100->670",100,670,"",1950,"","","","",0,"","","","","","","imputed zero","","fob"
"100-68","100<-R68",68,100,"",1950,"","","","",,"","","","","","","not reported","","fob"
"100-68","R100->68",100,68,"100->68",1950,"Netherlands Antilles","GPH","Colombia (New Granada) (Gran Colombia)","GPH",6785714.5,"100","NA","NA","NA","NA","NA","ok","NA","fob"
"100-70","100<-R70",70,100,"70->100",1950,"Colombia (New Granada) (Gran Colombia)","GPH","Mexico","GPH",178571.42,"70","NA","NA","NA","NA","NA","ok","NA","fob"
"100-70","R100->70",100,70,"",1950,"","","","",0,"","","","","","","imputed zero","","fob"
"100-710","R100->710",100,710,"",1950,"","","","",0,"","","","","","","imputed zero","","fob"
"100-710","100<-R710",710,100,"",1950,"","","","",,"","","","","","","not reported","","fob"
"100-713","100<-R713",713,100,"",1950,"","","","",,"","","","","","","not reported","","fob"
"100-713","R100->713",100,713,"",1950,"","","","",0,"","","","","","","imputed zero","","fob"
"100-720","R100->720",100,720,"",1950,"","","","",0,"","","","","","","imputed zero","","fob"
"100-720","100<-R720",720,100,"",1950,"","","","",0,"","","","","","","imputed zero","","fob"
"100-732","R100->732",100,732,"",1950,"","","","",0,"","","","","","","imputed zero","","fob"
"100-732","100<-R732",732,100,"",1950,"","","","",,"","","","","","","not reported","","fob"
"100-740","100<-R740",740,100,"740->100",1950,"Colombia (New Granada) (Gran Colombia)","GPH","Japan","GPH",392857.16,"740","NA","NA","NA","NA","NA","ok","NA","fob"
"100-740","R100->740",100,740,"100->740",1950,"Japan","GPH","Colombia (New Granada) (Gran Colombia)","GPH",214285.72,"100","NA","NA","NA","NA","NA","ok","NA","fob"
"100-750","100<-R750",750,100,"",1950,"","","","",0,"","","","","","","imputed zero","","fob"
"100-750","R100->750",100,750,"",1950,"","","","",0,"","","","","","","imputed zero","","fob"
"100-770","R100->770",100,770,"",1950,"","","","",0,"","","","","","","imputed zero","","fob"
"100-770","100<-R770",770,100,"",1950,"","","","",0,"","","","","","","imputed zero","","fob"
"100-775","100<-R775",775,100,"",1950,"","","","",0,"","","","","","","imputed zero","","fob"
"100-775","R100->775",100,775,"",1950,"","","","",0,"","","","","","","imputed zero","","fob"
"100-780","100<-R780",780,100,"",1950,"","","","",0,"","","","","","","imputed zero","","fob"
"100-780","R100->780",100,780,"",1950,"","","","",0,"","","","","","","imputed zero","","fob"
"100-800","R100->800",100,800,"",1950,"","","","",0,"","","","","","","imputed zero","","fob"
"100-800","100<-R800",800,100,"",1950,"","","","",,"","","","","","","not reported","","fob"
"100-840","100<-R840",840,100,"840->100",1950,"Colombia (New Granada) (Gran Colombia)","GPH","Philippines","GPH",1250000,"840","NA","NA","NA","NA","NA","ok","NA","fob"
"100-840","R100->840",100,840,"",1950,"","","","",0,"","","","","","","imputed zero","","fob"
"100-850","R100->850",100,850,"",1950,"","","","",0,"","","","","","","imputed zero","","fob"
"100-850","100<-R850",850,100,"",1950,"","","","",0,"","","","","","","imputed zero","","fob"
"100-90","100<-R90",90,100,"",1950,"","","","",0,"","","","","","","imputed zero","","fob"
"100-90","R100->90",100,90,"",1950,"","","","",0,"","","","","","","imputed zero","","fob"
"100-900","R100->900",100,900,"",1950,"","","","",0,"","","","","","","imputed zero","","fob"
"100-900","100<-R900",900,100,"900->100",1950,"Colombia (New Granada) (Gran Colombia)","GPH","Australia","GPH",35714.285,"900","NA","NA","NA","NA","NA","ok","NA","fob"
"100-91","R100->91",100,91,"",1950,"","","","",0,"","","","","","","imputed zero","","fob"
"100-91","100<-R91",91,100,"",1950,"","","","",0,"","","","","","","imputed zero","","fob"
"100-92","100<-R92",92,100,"",1950,"","","","",0,"","","","","","","imputed zero","","fob"
"100-92","R100->92",100,92,"",1950,"","","","",0,"","","","","","","imputed zero","","fob"
"100-920","100<-R920",920,100,"",1950,"","","","",0,"","","","","","","imputed zero","","fob"
"100-920","R100->920",100,920,"",1950,"","","","",0,"","","","","","","imputed zero","","fob"
"100-93","R100->93",100,93,"",1950,"","","","",0,"","","","","","","imputed zero","","fob"
"100-93","100<-R93",93,100,"93->100",1950,"Colombia (New Granada) (Gran Colombia)","GPH","Nicaragua","GPH",35714.285,"93","NA","NA","NA","NA","NA","ok","NA","fob"
"100-94","100<-R94",94,100,"94->100",1950,"Colombia (New Granada) (Gran Colombia)","GPH","Costa Rica","GPH",178571.42,"94","NA","NA","NA","NA","NA","ok","NA","fob"
"100-94","R100->94",100,94,"",1950,"","","","",0,"","","","","","","imputed zero","","fob"
"100-95","R100->95",100,95,"100->95",1950,"Panama","GPH","Colombia (New Granada) (Gran Colombia)","GPH",71428.57,"100","NA","NA","NA","NA","NA","ok","NA","fob"
"100-95","100<-R95",95,100,"95->100",1950,"Colombia (New Granada) (Gran Colombia)","GPH","Panama","GPH",142857.14,"95","NA","NA","NA","NA","NA","ok","NA","fob"
"100-960","R100->960",100,960,"",1950,"","","","",0,"","","","","","","imputed zero","","fob"
"100-960","100<-R960",960,100,"",1950,"","","","",,"","","","","","","not reported","","fob"
"101-115","101<-R115",115,101,"",1950,"","","","",,"","","","","","","not reported","","fob"
"101-115","R101->115",101,115,"",1950,"","","","",,"","","","","","","not reported","","fob"
"101-130","101<-R130",130,101,"130->101",1950,"Venezuela","GPH","Ecuador","GPH",678571.44,"130","NA","NA","NA","NA","NA","ok","NA","fob"
"101-130","R101->130",101,130,"",1950,"","","","",,"","","","","","","not reported","","fob"
"101-135","101<-R135",135,101,"135->101",1950,"Venezuela","GPH","Peru","GPH",1035714.3,"135","NA","NA","NA","NA","NA","ok","NA","fob"
"101-135","R101->135",101,135,"",1950,"","","","",,"","","","","","","not reported","","fob"
"101-140","101<-R140",140,101,"140->101",1950,"Venezuela","GPH","Brazil","GPH",535714.31,"140","NA","NA","NA","NA","NA","ok","NA","fob"
"101-140","R101->140",101,140,"",1950,"","","","",,"","","","","","","not reported","","fob"
"101-145","101<-R145",145,101,"",1950,"","","","",0,"","","","","","","imputed zero","","fob"
"101-145","R101->145",101,145,"",1950,"","","","",,"","","","","","","not reported","","fob"
"101-150","101<-R150",150,101,"",1950,"","","","",,"","","","","","","not reported","","fob"
"101-150","R101->150",101,150,"",1950,"","","","",,"","","","","","","not reported","","fob"
"101-155","R101->155",101,155,"",1950,"","","","",,"","","","","","","not reported","","fob"
"101-155","101<-R155",155,101,"155->101",1950,"Venezuela","GPH","Chile","GPH",142857.14,"155","NA","NA","NA","NA","NA","ok","NA","fob"
"101-160","R101->160",101,160,"",1950,"","","","",,"","","","","","","not reported","","fob"
"101-160","101<-R160",160,101,"",1950,"","","","",,"","","","","","","not reported","","fob"
"101-165","R101->165",101,165,"",1950,"","","","",,"","","","","","","not reported","","fob"
"101-165","101<-R165",165,101,"165->101",1950,"Venezuela","GPH","Uruguay","GPH",107142.86,"165","NA","NA","NA","NA","NA","ok","NA","fob"
"101-2","101<-R2",2,101,"2->101",1950,"Venezuela","GPH","United States of America","GPH",141785712,"2","NA","NA","NA","NA","NA","ok","NA","fob"
"101-2","R101->2",101,2,"",1950,"","","","",,"","","","","","","not reported","","fob"
"101-20","R101->20",101,20,"",1950,"","","","",,"","","","","","","not reported","","fob"
"101-20","101<-R20",20,101,"20->101",1950,"Venezuela","GPH","Canada (Province of Canada)","GPH",8357143,"20","NA","NA","NA","NA","NA","ok","NA","fob"
"101-200","R101->200",101,200,"",1950,"","","","",,"","","","","","","not reported","","fob"
"101-200","101<-R200",200,101,"200->101",1950,"Venezuela","GPH","United Kingdom","GPH",14392857,"200","NA","NA","NA","NA","NA","ok","NA","fob"
"101-205","101<-R205",205,101,"205->101",1950,"Venezuela","GPH","Ireland","GPH",35714.285,"205","NA","NA","NA","NA","NA","ok","NA","fob"
"101-205","R101->205",101,205,"",1950,"","","","",,"","","","","","","not reported","","fob"
"101-210","R101->210",101,210,"",1950,"","","","",,"","","","","","","not reported","","fob"
"101-210","101<-R210",210,101,"210->101",1950,"Venezuela","GPH","Netherlands","GPH",2428571.5,"210","NA","NA","NA","NA","NA","ok","NA","fob"
"101-220","101<-R220",220,101,"220->101",1950,"Venezuela","GPH","France","GPH",4142857.3,"220","NA","NA","NA","NA","NA","ok","NA","fob"
"101-220","R101->220",101,220,"",1950,"","","","",,"","","","","","","not reported","","fob"
"101-225","101<-R225",225,101,"225->101",1950,"Venezuela","GPH","Switzerland","GPH",3107142.8,"225","NA","NA","NA","NA","NA","ok","NA","fob"
"101-225","R101->225",101,225,"",1950,"","","","",,"","","","","","","not reported","","fob"
"101-230","101<-R230",230,101,"230->101",1950,"Venezuela","GPH","Spain","GPH",892857.13,"230","NA","NA","NA","NA","NA","ok","NA","fob"
"101-230","R101->230",101,230,"",1950,"","","","",,"","","","","","","not reported","","fob"
"101-235","R101->235",101,235,"",1950,"","","","",,"","","","","","","not reported","","fob"
"101-235","101<-R235",235,101,"235->101",1950,"Venezuela","GPH","Portugal","GPH",357142.84,"235","NA","NA","NA","NA","NA","ok","NA","fob"
"101-255","101<-R255",255,101,"255->101",1950,"Venezuela","GPH","Germany (Zollverein)","GPH",6071428.5,"255","NA","NA","NA","NA","NA","ok","NA","fob"
"101-255","R101->255",101,255,"",1950,"","","","",,"","","","","","","not reported","","fob"
"101-290","R101->290",101,290,"",1950,"","","","",,"","","","","","","not reported","","fob"
"101-290","101<-R290",290,101,"",1950,"","","","",,"","","","","","","not reported","","fob"
"101-305","101<-R305",305,101,"305->101",1950,"Venezuela","GPH","Austria","GPH",107142.86,"305","NA","NA","NA","NA","NA","ok","NA","fob"
"101-305","R101->305",101,305,"",1950,"","","","",,"","","","","","","not reported","","fob"
"101-310","R101->310",101,310,"",1950,"","","","",,"","","","","","","not reported","","fob"
"101-310","101<-R310",310,101,"",1950,"","","","",,"","","","","","","not reported","","fob"
"101-315","101<-R315",315,101,"",1950,"","","","",,"","","","","","","not reported","","fob"
"101-315","R101->315",101,315,"",1950,"","","","",,"","","","","","","not reported","","fob"
"101-325","101<-R325",325,101,"325->101",1950,"Venezuela","GPH","Italy","GPH",3964285.8,"325","NA","NA","NA","NA","NA","ok","NA","fob"
"101-325","R101->325",101,325,"",1950,"","","","",,"","","","","","","not reported","","fob"
"101-345","101<-R345",345,101,"",1950,"","","","",,"","","","","","","not reported","","fob"
"101-345","R101->345",101,345,"",1950,"","","","",,"","","","","","","not reported","","fob"
"101-350","R101->350",101,350,"",1950,"","","","",,"","","","","","","not reported","","fob"
"101-350","101<-R350",350,101,"",1950,"","","","",0,"","","","","","","imputed zero","","fob"
"101-352","R101->352",101,352,"",1950,"","","","",,"","","","","","","not reported","","fob"
"101-352","101<-R352",352,101,"",1950,"","","","",0,"","","","","","","imputed zero","","fob"
"101-355","R101->355",101,355,"",1950,"","","","",,"","","","","","","not reported","","fob"
"101-355","101<-R355",355,101,"",1950,"","","","",,"","","","","","","not reported","","fob"
"101-360","101<-R360",360,101,"",1950,"","","","",,"","","","","","","not reported","","fob"
"101-360","R101->360",101,360,"",1950,"","","","",,"","","","","","","not reported","","fob"
"101-365","101<-R365",365,101,"",1950,"","","","",,"","","","","","","not reported","","fob"
"101-365","R101->365",101,365,"",1950,"","","","",,"","","","","","","not reported","","fob"
"101-375","101<-R375",375,101,"375->101",1950,"Venezuela","GPH","Finland","GPH",71428.57,"375","NA","NA","NA","NA","NA","ok","NA","fob"
"101-375","R101->375",101,375,"",1950,"","","","",,"","","","","","","not reported","","fob"
"101-380","R101->380",101,380,"",1950,"","","","",,"","","","","","","not reported","","fob"
"101-380","101<-R380",380,101,"380->101",1950,"Venezuela","GPH","Sweden","GPH",1535714.3,"380","NA","NA","NA","NA","NA","ok","NA","fob"
"101-385","101<-R385",385,101,"385->101",1950,"Venezuela","GPH","Norway","GPH",142857.14,"385","NA","NA","NA","NA","NA","ok","NA","fob"
"101-385","R101->385",101,385,"",1950,"","","","",,"","","","","","","not reported","","fob"
"101-390","R101->390",101,390,"",1950,"","","","",,"","","","","","","not reported","","fob"
"101-390","101<-R390",390,101,"390->101",1950,"Venezuela","GPH","Denmark","GPH",1464285.8,"390","NA","NA","NA","NA","NA","ok","NA","fob"
"101-395","R101->395",101,395,"",1950,"","","","",,"","","","","","","not reported","","fob"
"101-395","101<-R395",395,101,"",1950,"","","","",0,"","","","","","","imputed zero","","fob"
"101-40","101<-R40",40,101,"40->101",1950,"Venezuela","GPH","Cuba","GPH",1071428.6,"40","NA","NA","NA","NA","NA","ok","NA","fob"
"101-40","R101->40",101,40,"",1950,"","","","",,"","","","","","","not reported","","fob"
"101-41","101<-R41",41,101,"",1950,"","","","",0,"","","","","","","imputed zero","","fob"
"101-41","R101->41",101,41,"",1950,"","","","",,"","","","","","","not reported","","fob"
"101-42","101<-R42",42,101,"42->101",1950,"Venezuela","GPH","Dominican Republic (Santo Domingo)","GPH",250000,"42","NA","NA","NA","NA","NA","ok","NA","fob"
"101-42","R101->42",101,42,"",1950,"","","","",,"","","","","","","not reported","","fob"
"101-452","R101->452",101,452,"",1950,"","","","",,"","","","","","","not reported","","fob"
"101-452","101<-R452",452,101,"",1950,"","","","",0,"","","","","","","imputed zero","","fob"
"101-471","R101->471",101,471,"",1950,"","","","",,"","","","","","","not reported","","fob"
"101-471","101<-R471",471,101,"",1950,"","","","",0,"","","","","","","imputed zero","","fob"
"101-475","101<-R475",475,101,"",1950,"","","","",0,"","","","","","","imputed zero","","fob"
"101-475","R101->475",101,475,"",1950,"","","","",,"","","","","","","not reported","","fob"
"101-490","R101->490",101,490,"",1950,"","","","",,"","","","","","","not reported","","fob"
"101-490","101<-R490",490,101,"",1950,"","","","",0,"","","","","","","imputed zero","","fob"
"101-500","101<-R500",500,101,"",1950,"","","","",0,"","","","","","","imputed zero","","fob"
"101-500","R101->500",101,500,"",1950,"","","","",,"","","","","","","not reported","","fob"
"101-501","R101->501",101,501,"",1950,"","","","",,"","","","","","","not reported","","fob"
"101-501","101<-R501",501,101,"",1950,"","","","",0,"","","","","","","imputed zero","","fob"
"101-51","R101->51",101,51,"",1950,"","","","",,"","","","","","","not reported","","fob"
"101-51","101<-R51",51,101,"",1950,"","","","",0,"","","","","","","imputed zero","","fob"
"101-512","101<-R512",512,101,"",1950,"","","","",0,"","","","","","","imputed zero","","fob"
"101-512","R101->512",101,512,"",1950,"","","","",,"","","","","","","not reported","","fob"
"101-52","101<-R52",52,101,"52->101",1950,"Venezuela","GPH","Trinidad and Tobago","GPH",392857.16,"52","NA","NA","NA","NA","NA","ok","NA","fob"
"101-52","R101->52",101,52,"",1950,"","","","",,"","","","","","","not reported","","fob"
"101-522","101<-R522",522,101,"",1950,"","","","",,"","","","","","","not reported","","fob"
"101-522","R101->522",101,522,"",1950,"","","","",,"","","","","","","not reported","","fob"
"101-530","101<-R530",530,101,"",1950,"","","","",0,"","","","","","","imputed zero","","fob"
"101-530","R101->530",101,530,"",1950,"","","","",,"","","","","","","not reported","","fob"
"101-540","R101->540",101,540,"",1950,"","","","",,"","","","","","","not reported","","fob"
"101-540","101<-R540",540,101,"",1950,"","","","",0,"","","","","","","imputed zero","","fob"
"101-541","R101->541",101,541,"",1950,"","","","",,"","","","","","","not reported","","fob"
"101-541","101<-R541",541,101,"",1950,"","","","",0,"","","","","","","imputed zero","","fob"
"101-551","R101->551",101,551,"",1950,"","","","",,"","","","","","","not reported","","fob"
"101-551","101<-R551",551,101,"",1950,"","","","",0,"","","","","","","imputed zero","","fob"
"101-552","R101->552",101,552,"",1950,"","","","",,"","","","","","","not reported","","fob"
"101-552","101<-R552",552,101,"",1950,"","","","",0,"","","","","","","imputed zero","","fob"
"101-560","R101->560",101,560,"",1950,"","","","",,"","","","","","","not reported","","fob"
"101-560","101<-R560",560,101,"",1950,"","","","",,"","","","","","","not reported","","fob"
"101-580","101<-R580",580,101,"",1950,"","","","",0,"","","","","","","imputed zero","","fob"
"101-580","R101->580",101,580,"",1950,"","","","",,"","","","","","","not reported","","fob"
"101-600","R101->600",101,600,"",1950,"","","","",,"","","","","","","not reported","","fob"
"101-600","101<-R600",600,101,"",1950,"","","","",0,"","","","","","","imputed zero","","fob"
"101-615","101<-R615",615,101,"",1950,"","","","",0,"","","","","","","imputed zero","","fob"
"101-615","R101->615",101,615,"",1950,"","","","",,"","","","","","","not reported","","fob"
"101-616","R101->616",101,616,"",1950,"","","","",,"","","","","","","not reported","","fob"
"101-616","101<-R616",616,101,"",1950,"","","","",0,"","","","","","","imputed zero","","fob"
"101-625","R101->625",101,625,"",1950,"","","","",,"","","","","","","not reported","","fob"
"101-625","101<-R625",625,101,"",1950,"","","","",0,"","","","","","","imputed zero","","fob"
"101-630","101<-R630",630,101,"",1950,"","","","",,"","","","","","","not reported","","fob"
"101-630","R101->630",101,630,"",1950,"","","","",,"","","","","","","not reported","","fob"
"101-640","R101->640",101,640,"",1950,"","","","",,"","","","","","","not reported","","fob"
"101-640","101<-R640",640,101,"",1950,"","","","",0,"","","","","","","imputed zero","","fob"
"101-645","101<-R645",645,101,"",1950,"","","","",0,"","","","","","","imputed zero","","fob"
"101-645","R101->645",101,645,"",1950,"","","","",,"","","","","","","not reported","","fob"
"101-651","R101->651",101,651,"",1950,"","","","",,"","","","","","","not reported","","fob"
"101-651","101<-R651",651,101,"",1950,"","","","",0,"","","","","","","imputed zero","","fob"
"101-652","101<-R652",652,101,"",1950,"","","","",0,"","","","","","","imputed zero","","fob"
"101-652","R101->652",101,652,"",1950,"","","","",,"","","","","","","not reported","","fob"
"101-660","101<-R660",660,101,"",1950,"","","","",0,"","","","","","","imputed zero","","fob"
"101-660","R101->660",101,660,"",1950,"","","","",,"","","","","","","not reported","","fob"
"101-666","R101->666",101,666,"",1950,"","","","",,"","","","","","","not reported","","fob"
"101-666","101<-R666",666,101,"",1950,"","","","",0,"","","","","","","imputed zero","","fob"
"101-670","R101->670",101,670,"",1950,"","","","",,"","","","","","","not reported","","fob"
"101-670","101<-R670",670,101,"",1950,"","","","",,"","","","","","","not reported","","fob"
"101-68","R101->68",101,68,"",1950,"","","","",,"","","","","","","not reported","","fob"
"101-68","101<-R68",68,101,"",1950,"","","","",,"","","","","","","not reported","","fob"
"101-70","R101->70",101,70,"",1950,"","","","",,"","","","","","","not reported","","fob"
"101-70","101<-R70",70,101,"70->101",1950,"Venezuela","GPH","Mexico","GPH",535714.31,"70","NA","NA","NA","NA","NA","ok","NA","fob"
"101-710","101<-R710",710,101,"",1950,"","","","",,"","","","","","","not reported","","fob"
"101-710","R101->710",101,710,"",1950,"","","","",,"","","","","","","not reported","","fob"
"101-713","101<-R713",713,101,"",1950,"","","","",,"","","","","","","not reported","","fob"
"101-713","R101->713",101,713,"",1950,"","","","",,"","","","","","","not reported","","fob"
"101-720","R101->720",101,720,"",1950,"","","","",,"","","","","","","not reported","","fob"
"101-720","101<-R720",720,101,"",1950,"","","","",0,"","","","","","","imputed zero","","fob"
"101-732","R101->732",101,732,"",1950,"","","","",,"","","","","","","not reported","","fob"
"101-732","101<-R732",732,101,"",1950,"","","","",,"","","","","","","not reported","","fob"
"101-740","R101->740",101,740,"",1950,"","","","",,"","","","","","","not reported","","fob"
"101-740","101<-R740",740,101,"740->101",1950,"Venezuela","GPH","Japan","GPH",1214285.8,"740","NA","NA","NA","NA","NA","ok","NA","fob"
"101-750","R101->750",101,750,"",1950,"","","","",,"","","","","","","not reported","","fob"
"101-750","101<-R750",750,101,"750->101",1950,"Venezuela","GPH","India","GPH",35714.285,"750","NA","NA","NA","NA","NA","ok","NA","fob"
"101-770","101<-R770",770,101,"",1950,"","","","",0,"","","","","","","imputed zero","","fob"
"101-770","R101->770",101,770,"",1950,"","","","",,"","","","","","","not reported","","fob"
"101-775","101<-R775",775,101,"",1950,"","","","",0,"","","","","","","imputed zero","","fob"
"101-775","R101->775",101,775,"",1950,"","","","",,"","","","","","","not reported","","fob"
"101-780","101<-R780",780,101,"",1950,"","","","",0,"","","","","","","imputed zero","","fob"
"101-780","R101->780",101,780,"",1950,"","","","",,"","","","","","","not reported","","fob"
"101-800","101<-R800",800,101,"",1950,"","","","",,"","","","","","","not reported","","fob"
"101-800","R101->800",101,800,"",1950,"","","","",,"","","","","","","not reported","","fob"
"101-840","R101->840",101,840,"",1950,"","","","",,"","","","","","","not reported","","fob"
"101-840","101<-R840",840,101,"840->101",1950,"Venezuela","GPH","Philippines","GPH",1357142.9,"840","NA","NA","NA","NA","NA","ok","NA","fob"
"101-850","R101->850",101,850,"",1950,"","","","",,"","","","","","","not reported","","fob"
"101-850","101<-R850",850,101,"",1950,"","","","",0,"","","","","","","imputed zero","","fob"
"101-90","R101->90",101,90,"",1950,"","","","",,"","","","","","","not reported","","fob"
"101-90","101<-R90",90,101,"",1950,"","","","",0,"","","","","","","imputed zero","","fob"
"101-900","R101->900",101,900,"",1950,"","","","",,"","","","","","","not reported","","fob"
"101-900","101<-R900",900,101,"",1950,"","","","",0,"","","","","","","imputed zero","","fob"
"101-91","101<-R91",91,101,"91->101",1950,"Venezuela","GPH","Honduras","GPH",71428.57,"91","NA","NA","NA","NA","NA","ok","NA","fob"
"101-91","R101->91",101,91,"",1950,"","","","",,"","","","","","","not reported","","fob"
"101-92","R101->92",101,92,"",1950,"","","","",,"","","","","","","not reported","","fob"
"101-92","101<-R92",92,101,"92->101",1950,"Venezuela","GPH","El Salvador","GPH",35714.285,"92","NA","NA","NA","NA","NA","ok","NA","fob"
"101-920","R101->920",101,920,"",1950,"","","","",,"","","","","","","not reported","","fob"
"101-920","101<-R920",920,101,"",1950,"","","","",0,"","","","","","","imputed zero","","fob"
"101-93","R101->93",101,93,"",1950,"","","","",,"","","","","","","not reported","","fob"
"101-93","101<-R93",93,101,"93->101",1950,"Venezuela","GPH","Nicaragua","GPH",71428.57,"93","NA","NA","NA","NA","NA","ok","NA","fob"
"101-94","R101->94",101,94,"",1950,"","","","",,"","","","","","","not reported","","fob"
"101-94","101<-R94",94,101,"94->101",1950,"Venezuela","GPH","Costa Rica","GPH",142857.14,"94","NA","NA","NA","NA","NA","ok","NA","fob"
"101-95","101<-R95",95,101,"95->101",1950,"Venezuela","GPH","Panama","GPH",107142.86,"95","NA","NA","NA","NA","NA","ok","NA","fob"
"101-95","R101->95",101,95,"",1950,"","","","",,"","","","","","","not reported","","fob"
"101-960","R101->960",101,960,"",1950,"","","","",,"","","","","","","not reported","","fob"
"101-960","101<-R960",960,101,"",1950,"","","","",,"","","","","","","not reported","","fob"
"115-130","115<-R130",130,115,"",1950,"","","","",0,"","","","","","","imputed zero","","fob"
"115-130","R115->130",115,130,"",1950,"","","","",,"","","","","","","not reported","","fob"
"115-135","R115->135",115,135,"",1950,"","","","",,"","","","","","","not reported","","fob"
"115-135","115<-R135",135,115,"",1950,"","","","",0,"","","","","","","imputed zero","","fob"
"115-140","R115->140",115,140,"",1950,"","","","",,"","","","","","","not reported","","fob"
"115-140","115<-R140",140,115,"",1950,"","","","",0,"","","","","","","imputed zero","","fob"
"115-145","115<-R145",145,115,"",1950,"","","","",0,"","","","","","","imputed zero","","fob"
"115-145","R115->145",115,145,"",1950,"","","","",,"","","","","","","not reported","","fob"
"115-150","R115->150",115,150,"",1950,"","","","",,"","","","","","","not reported","","fob"
"115-150","115<-R150",150,115,"",1950,"","","","",,"","","","","","","not reported","","fob"
"115-155","115<-R155",155,115,"",1950,"","","","",0,"","","","","","","imputed zero","","fob"
"115-155","R115->155",115,155,"",1950,"","","","",,"","","","","","","not reported","","fob"
"115-160","115<-R160",160,115,"",1950,"","","","",,"","","","","","","not reported","","fob"
"115-160","R115->160",115,160,"",1950,"","","","",,"","","","","","","not reported","","fob"
"115-165","115<-R165",165,115,"",1950,"","","","",0,"","","","","","","imputed zero","","fob"
"115-165","R115->165",115,165,"",1950,"","","","",,"","","","","","","not reported","","fob"
"115-2","R115->2",115,2,"",1950,"","","","",,"","","","","","","not reported","","fob"
"115-2","115<-R2",2,115,"2->115",1950,"Surinam (Dutch Guiana)","GPH","United States of America","GPH",2500000,"2","NA","NA","NA","NA","NA","ok","NA","fob"
"115-20","R115->20",115,20,"",1950,"","","","",,"","","","","","","not reported","","fob"
"115-20","115<-R20",20,115,"20->115",1950,"Surinam (Dutch Guiana)","GPH","Canada (Province of Canada)","GPH",250000,"20","NA","NA","NA","NA","NA","ok","NA","fob"
"115-200","R115->200",115,200,"",1950,"","","","",,"","","","","","","not reported","","fob"
"115-200","115<-R200",200,115,"200->115",1950,"Surinam (Dutch Guiana)","GPH","United Kingdom","GPH",392857.16,"200","NA","NA","NA","NA","NA","ok","NA","fob"
"115-205","115<-R205",205,115,"",1950,"","","","",0,"","","","","","","imputed zero","","fob"
"115-205","R115->205",115,205,"",1950,"","","","",,"","","","","","","not reported","","fob"
"115-210","R115->210",115,210,"",1950,"","","","",,"","","","","","","not reported","","fob"
"115-210","115<-R210",210,115,"210->115",1950,"Surinam (Dutch Guiana)","GPH","Netherlands","GPH",1571428.6,"210","NA","NA","NA","NA","NA","ok","NA","fob"
"115-220","115<-R220",220,115,"",1950,"","","","",0,"","","","","","","imputed zero","","fob"
"115-220","R115->220",115,220,"",1950,"","","","",,"","","","","","","not reported","","fob"
"115-225","R115->225",115,225,"",1950,"","","","",,"","","","","","","not reported","","fob"
"115-225","115<-R225",225,115,"225->115",1950,"Surinam (Dutch Guiana)","GPH","Switzerland","GPH",35714.285,"225","NA","NA","NA","NA","NA","ok","NA","fob"
"115-230","115<-R230",230,115,"",1950,"","","","",0,"","","","","","","imputed zero","","fob"
"115-230","R115->230",115,230,"",1950,"","","","",,"","","","","","","not reported","","fob"
"115-235","115<-R235",235,115,"",1950,"","","","",0,"","","","","","","imputed zero","","fob"
"115-235","R115->235",115,235,"",1950,"","","","",,"","","","","","","not reported","","fob"
"115-255","115<-R255",255,115,"",1950,"","","","",0,"","","","","","","imputed zero","","fob"
"115-255","R115->255",115,255,"",1950,"","","","",,"","","","","","","not reported","","fob"
"115-290","115<-R290",290,115,"",1950,"","","","",,"","","","","","","not reported","","fob"
"115-290","R115->290",115,290,"",1950,"","","","",,"","","","","","","not reported","","fob"
"115-305","115<-R305",305,115,"",1950,"","","","",0,"","","","","","","imputed zero","","fob"
"115-305","R115->305",115,305,"",1950,"","","","",,"","","","","","","not reported","","fob"
"115-310","R115->310",115,310,"",1950,"","","","",,"","","","","","","not reported","","fob"
"115-310","115<-R310",310,115,"",1950,"","","","",,"","","","","","","not reported","","fob"
"115-315","115<-R315",315,115,"",1950,"","","","",,"","","","","","","not reported","","fob"
"115-315","R115->315",115,315,"",1950,"","","","",,"","","","","","","not reported","","fob"
"115-325","R115->325",115,325,"",1950,"","","","",,"","","","","","","not reported","","fob"
"115-325","115<-R325",325,115,"",1950,"","","","",0,"","","","","","","imputed zero","","fob"
"115-345","115<-R345",345,115,"",1950,"","","","",,"","","","","","","not reported","","fob"
"115-345","R115->345",115,345,"",1950,"","","","",,"","","","","","","not reported","","fob"
"115-350","115<-R350",350,115,"",1950,"","","","",0,"","","","","","","imputed zero","","fob"
"115-350","R115->350",115,350,"",1950,"","","","",,"","","","","","","not reported","","fob"
"115-352","115<-R352",352,115,"",1950,"","","","",0,"","","","","","","imputed zero","","fob"
"115-352","R115->352",115,352,"",1950,"","","","",,"","","","","","","not reported","","fob"
"115-355","115<-R355",355,115,"",1950,"","","","",,"","","","","","","not reported","","fob"
"115-355","R115->355",115,355,"",1950,"","","","",,"","","","","","","not reported","","fob"
"115-360","R115->360",115,360,"",1950,"","","","",,"","","","","","","not reported","","fob"
"115-360","115<-R360",360,115,"",1950,"","","","",,"","","","","","","not reported","","fob"
"115-365","115<-R365",365,115,"",1950,"","","","",,"","","","","","","not reported","","fob"
"115-365","R115->365",115,365,"",1950,"","","","",,"","","","","","","not reported","","fob"
"115-375","115<-R375",375,115,"",1950,"","","","",0,"","","","","","","imputed zero","","fob"
"115-375","R115->375",115,375,"",1950,"","","","",,"","","","","","","not reported","","fob"
"115-380","115<-R380",380,115,"",1950,"","","","",0,"","","","","","","imputed zero","","fob"
"115-380","R115->380",115,380,"",1950,"","","","",,"","","","","","","not reported","","fob"
"115-385","R115->385",115,385,"",1950,"","","","",,"","","","","","","not reported","","fob"
"115-385","115<-R385",385,115,"",1950,"","","","",0,"","","","","","","imputed zero","","fob"
"115-390","R115->390",115,390,"",1950,"","","","",,"","","","","","","not reported","","fob"
"115-390","115<-R390",390,115,"",1950,"","","","",0,"","","","","","","imputed zero","","fob"
"115-395","R115->395",115,395,"",1950,"","","","",,"","","","","","","not reported","","fob"
"115-395","115<-R395",395,115,"",1950,"","","","",0,"","","","","","","imputed zero","","fob"
"115-40","R115->40",115,40,"",1950,"","","","",,"","","","","","","not reported","","fob"
"115-40","115<-R40",40,115,"",1950,"","","","",0,"","","","","","","imputed zero","","fob"
"115-41","115<-R41",41,115,"",1950,"","","","",0,"","","","","","","imputed zero","","fob"
"115-41","R115->41",115,41,"",1950,"","","","",,"","","","","","","not reported","","fob"
"115-42","115<-R42",42,115,"42->115",1950,"Surinam (Dutch Guiana)","GPH","Dominican Republic (Santo Domingo)","GPH",142857.14,"42","NA","NA","NA","NA","NA","ok","NA","fob"
"115-42","R115->42",115,42,"",1950,"","","","",,"","","","","","","not reported","","fob"
"115-452","R115->452",115,452,"",1950,"","","","",,"","","","","","","not reported","","fob"
"115-452","115<-R452",452,115,"",1950,"","","","",0,"","","","","","","imputed zero","","fob"
"115-471","115<-R471",471,115,"",1950,"","","","",0,"","","","","","","imputed zero","","fob"
"115-471","R115->471",115,471,"",1950,"","","","",,"","","","","","","not reported","","fob"
"115-475","R115->475",115,475,"",1950,"","","","",,"","","","","","","not reported","","fob"
"115-475","115<-R475",475,115,"",1950,"","","","",0,"","","","","","","imputed zero","","fob"
"115-490","115<-R490",490,115,"",1950,"","","","",0,"","","","","","","imputed zero","","fob"
"115-490","R115->490",115,490,"",1950,"","","","",,"","","","","","","not reported","","fob"
"115-500","R115->500",115,500,"",1950,"","","","",,"","","","","","","not reported","","fob"
"115-500","115<-R500",500,115,"",1950,"","","","",0,"","","","","","","imputed zero","","fob"
"115-501","R115->501",115,501,"",1950,"","","","",,"","","","","","","not reported","","fob"
"115-501","115<-R501",501,115,"",1950,"","","","",0,"","","","","","","imputed zero","","fob"
"115-51","R115->51",115,51,"",1950,"","","","",,"","","","","","","not reported","","fob"
"115-51","115<-R51",51,115,"",1950,"","","","",0,"","","","","","","imputed zero","","fob"
"115-512","R115->512",115,512,"",1950,"","","","",,"","","","","","","not reported","","fob"
"115-512","115<-R512",512,115,"",1950,"","","","",0,"","","","","","","imputed zero","","fob"
"115-52","115<-R52",52,115,"52->115",1950,"Surinam (Dutch Guiana)","GPH","Trinidad and Tobago","GPH",214285.72,"52","NA","NA","NA","NA","NA","ok","NA","fob"
"115-52","R115->52",115,52,"",1950,"","","","",,"","","","","","","not reported","","fob"
"115-522","115<-R522",522,115,"",1950,"","","","",,"","","","","","","not reported","","fob"
"115-522","R115->522",115,522,"",1950,"","","","",,"","","","","","","not reported","","fob"
"115-530","115<-R530",530,115,"",1950,"","","","",0,"","","","","","","imputed zero","","fob"
"115-530","R115->530",115,530,"",1950,"","","","",,"","","","","","","not reported","","fob"
"115-540","115<-R540",540,115,"",1950,"","","","",0,"","","","","","","imputed zero","","fob"
"115-540","R115->540",115,540,"",1950,"","","","",,"","","","","","","not reported","","fob"
"115-541","R115->541",115,541,"",1950,"","","","",,"","","","","","","not reported","","fob"
"115-541","115<-R541",541,115,"",1950,"","","","",0,"","","","","","","imputed zero","","fob"
"115-551","R115->551",115,551,"",1950,"","","","",,"","","","","","","not reported","","fob"
"115-551","115<-R551",551,115,"",1950,"","","","",0,"","","","","","","imputed zero","","fob"
"115-552","R115->552",115,552,"",1950,"","","","",,"","","","","","","not reported","","fob"
"115-552","115<-R552",552,115,"",1950,"","","","",0,"","","","","","","imputed zero","","fob"
"115-560","R115->560",115,560,"",1950,"","","","",,"","","","","","","not reported","","fob"
"115-560","115<-R560",560,115,"",1950,"","","","",,"","","","","","","not reported","","fob"
"115-580","R115->580",115,580,"",1950,"","","","",,"","","","","","","not reported","","fob"
"115-580","115<-R580",580,115,"",1950,"","","","",0,"","","","","","","imputed zero","","fob"
"115-600","R115->600",115,600,"",1950,"","","","",,"","","","","","","not reported","","fob"
"115-600","115<-R600",600,115,"",1950,"","","","",0,"","","","","","","imputed zero","","fob"
"115-615","R115->615",115,615,"",1950,"","","","",,"","","","","","","not reported","","fob"
"115-615","115<-R615",615,115,"",1950,"","","","",0,"","","","","","","imputed zero","","fob"
"115-616","R115->616",115,616,"",1950,"","","","",,"","","","","","","not reported","","fob"
"115-616","115<-R616",616,115,"",1950,"","","","",0,"","","","","","","imputed zero","","fob"
"115-625","115<-R625",625,115,"",1950,"","","","",0,"","","","","","","imputed zero","","fob"
"115-625","R115->625",115,625,"",1950,"","","","",,"","","","","","","not reported","","fob"
"115-630","115<-R630",630,115,"",1950,"","","","",,"","","","","","","not reported","","fob"
"115-630","R115->630",115,630,"",1950,"","","","",,"","","","","","","not reported","","fob"
"115-640","115<-R640",640,115,"",1950,"","","","",0,"","","","","","","imputed zero","","fob"
"115-640","R115->640",115,640,"",1950,"","","","",,"","","","","","","not reported","","fob"
"115-645","R115->645",115,645,"",1950,"","","","",,"","","","","","","not reported","","fob"
"115-645","115<-R645",645,115,"",1950,"","","","",0,"","","","","","","imputed zero","","fob"
"115-651","115<-R651",651,115,"",1950,"","","","",0,"","","","","","","imputed zero","","fob"
"115-651","R115->651",115,651,"",1950,"","","","",,"","","","","","","not reported","","fob"
"115-652","115<-R652",652,115,"",1950,"","","","",0,"","","","","","","imputed zero","","fob"
"115-652","R115->652",115,652,"",1950,"","","","",,"","","","","","","not reported","","fob"
"115-660","R115->660",115,660,"",1950,"","","","",,"","","","","","","not reported","","fob"
"115-660","115<-R660",660,115,"",1950,"","","","",0,"","","","","","","imputed zero","","fob"
"115-666","115<-R666",666,115,"",1950,"","","","",0,"","","","","","","imputed zero","","fob"
"115-666","R115->666",115,666,"",1950,"","","","",,"","","","","","","not reported","","fob"
"115-670","R115->670",115,670,"",1950,"","","","",,"","","","","","","not reported","","fob"
"115-670","115<-R670",670,115,"",1950,"","","","",,"","","","","","","not reported","","fob"
"115-68","R115->68",115,68,"",1950,"","","","",,"","","","","","","not reported","","fob"
"115-68","115<-R68",68,115,"",1950,"","","","",,"","","","","","","not reported","","fob"
"115-70","115<-R70",70,115,"",1950,"","","","",0,"","","","","","","imputed zero","","fob"
"115-70","R115->70",115,70,"",1950,"","","","",,"","","","","","","not reported","","fob"
"115-710","115<-R710",710,115,"",1950,"","","","",,"","","","","","","not reported","","fob"
"115-710","R115->710",115,710,"",1950,"","","","",,"","","","","","","not reported","","fob"
"115-713","R115->713",115,713,"",1950,"","","","",,"","","","","","","not reported","","fob"
"115-713","115<-R713",713,115,"",1950,"","","","",,"","","","","","","not reported","","fob"
"115-720","R115->720",115,720,"",1950,"","","","",,"","","","","","","not reported","","fob"
"115-720","115<-R720",720,115,"",1950,"","","","",0,"","","","","","","imputed zero","","fob"
"115-732","115<-R732",732,115,"",1950,"","","","",,"","","","","","","not reported","","fob"
"115-732","R115->732",115,732,"",1950,"","","","",,"","","","","","","not reported","","fob"
"115-740","115<-R740",740,115,"740->115",1950,"Surinam (Dutch Guiana)","GPH","Japan","GPH",178571.42,"740","NA","NA","NA","NA","NA","ok","NA","fob"
"115-740","R115->740",115,740,"",1950,"","","","",,"","","","","","","not reported","","fob"
"115-750","R115->750",115,750,"",1950,"","","","",,"","","","","","","not reported","","fob"
"115-750","115<-R750",750,115,"",1950,"","","","",0,"","","","","","","imputed zero","","fob"
"115-770","R115->770",115,770,"",1950,"","","","",,"","","","","","","not reported","","fob"
"115-770","115<-R770",770,115,"",1950,"","","","",0,"","","","","","","imputed zero","","fob"
"115-775","R115->775",115,775,"",1950,"","","","",,"","","","","","","not reported","","fob"
"115-775","115<-R775",775,115,"",1950,"","","","",0,"","","","","","","imputed zero","","fob"
"115-780","115<-R780",780,115,"",1950,"","","","",0,"","","","","","","imputed zero","","fob"
"115-780","R115->780",115,780,"",1950,"","","","",,"","","","","","","not reported","","fob"
"115-800","115<-R800",800,115,"",1950,"","","","",,"","","","","","","not reported","","fob"
"115-800","R115->800",115,800,"",1950,"","","","",,"","","","","","","not reported","","fob"
"115-840","R115->840",115,840,"",1950,"","","","",,"","","","","","","not reported","","fob"
"115-840","115<-R840",840,115,"",1950,"","","","",0,"","","","","","","imputed zero","","fob"
"115-850","R115->850",115,850,"",1950,"","","","",,"","","","","","","not reported","","fob"
"115-850","115<-R850",850,115,"",1950,"","","","",0,"","","","","","","imputed zero","","fob"
"115-90","R115->90",115,90,"",1950,"","","","",,"","","","","","","not reported","","fob"
"115-90","115<-R90",90,115,"",1950,"","","","",0,"","","","","","","imputed zero","","fob"
"115-900","R115->900",115,900,"",1950,"","","","",,"","","","","","","not reported","","fob"
"115-900","115<-R900",900,115,"",1950,"","","","",0,"","","","","","","imputed zero","","fob"
"115-91","R115->91",115,91,"",1950,"","","","",,"","","","","","","not reported","","fob"
"115-91","115<-R91",91,115,"",1950,"","","","",0,"","","","","","","imputed zero","","fob"
"115-92","R115->92",115,92,"",1950,"","","","",,"","","","","","","not reported","","fob"
"115-92","115<-R92",92,115,"",1950,"","","","",0,"","","","","","","imputed zero","","fob"
"115-920","115<-R920",920,115,"",1950,"","","","",0,"","","","","","","imputed zero","","fob"
"115-920","R115->920",115,920,"",1950,"","","","",,"","","","","","","not reported","","fob"
"115-93","R115->93",115,93,"",1950,"","","","",,"","","","","","","not reported","","fob"
"115-93","115<-R93",93,115,"",1950,"","","","",0,"","","","","","","imputed zero","","fob"
"115-94","115<-R94",94,115,"",1950,"","","","",0,"","","","","","","imputed zero","","fob"
"115-94","R115->94",115,94,"",1950,"","","","",,"","","","","","","not reported","","fob"
"115-95","115<-R95",95,115,"",1950,"","","","",0,"","","","","","","imputed zero","","fob"
"115-95","R115->95",115,95,"",1950,"","","","",,"","","","","","","not reported","","fob"
"115-960","R115->960",115,960,"",1950,"","","","",,"","","","","","","not reported","","fob"
"115-960","115<-R960",960,115,"",1950,"","","","",,"","","","","","","not reported","","fob"
"130-135","130<-R135",135,130,"135->130",1950,"Ecuador","GPH","Peru","GPH",392857.16,"135","NA","NA","NA","NA","NA","ok","NA","fob"
"130-135","R130->135",130,135,"130->135",1950,"Peru","GPH","Ecuador","GPH",1750000,"130","NA","NA","NA","NA","NA","ok","NA","fob"
"130-140","R130->140",130,140,"",1950,"","","","",0,"","","","","","","imputed zero","","fob"
"130-140","130<-R140",140,130,"",1950,"","","","",0,"","","","","","","imputed zero","","fob"
"130-145","R130->145",130,145,"",1950,"","","","",0,"","","","","","","imputed zero","","fob"
"130-145","130<-R145",145,130,"",1950,"","","","",0,"","","","","","","imputed zero","","fob"
"130-150","R130->150",130,150,"",1950,"","","","",0,"","","","","","","imputed zero","","fob"
"130-150","130<-R150",150,130,"",1950,"","","","",,"","","","","","","not reported","","fob"
"130-155","R130->155",130,155,"130->155",1950,"Chile","GPH","Ecuador","GPH",321428.56,"130","NA","NA","NA","NA","NA","ok","NA","fob"
"130-155","130<-R155",155,130,"155->130",1950,"Ecuador","GPH","Chile","GPH",250000,"155","NA","NA","NA","NA","NA","ok","NA","fob"
"130-160","R130->160",130,160,"130->160",1950,"Argentina (La Plata)","GPH","Ecuador","GPH",178571.42,"130","NA","NA","NA","NA","NA","ok","NA","fob"
"130-160","130<-R160",160,130,"",1950,"","","","",,"","","","","","","not reported","","fob"
"130-165","130<-R165",165,130,"",1950,"","","","",0,"","","","","","","imputed zero","","fob"
"130-165","R130->165",130,165,"130->165",1950,"Uruguay","GPH","Ecuador","GPH",285714.28,"130","NA","NA","NA","NA","NA","ok","NA","fob"
"130-2","130<-R2",2,130,"2->130",1950,"Ecuador","GPH","United States of America","GPH",10000000,"2","NA","NA","NA","NA","NA","ok","NA","fob"
"130-2","R130->2",130,2,"130->2",1950,"United States of America","GPH","Ecuador","GPH",13928571,"130","NA","NA","NA","NA","NA","ok","NA","fob"
"130-20","130<-R20",20,130,"20->130",1950,"Ecuador","GPH","Canada (Province of Canada)","GPH",464285.72,"20","NA","NA","NA","NA","NA","ok","NA","fob"
"130-20","R130->20",130,20,"130->20",1950,"Canada (Province of Canada)","GPH","Ecuador","GPH",178571.42,"130","NA","NA","NA","NA","NA","ok","NA","fob"
"130-200","R130->200",130,200,"130->200",1950,"United Kingdom","GPH","Ecuador","GPH",250000,"130","NA","NA","NA","NA","NA","ok","NA","fob"
"130-200","130<-R200",200,130,"200->130",1950,"Ecuador","GPH","United Kingdom","GPH",1357142.9,"200","NA","NA","NA","NA","NA","ok","NA","fob"
"130-205","130<-R205",205,130,"",1950,"","","","",0,"","","","","","","imputed zero","","fob"
"130-205","R130->205",130,205,"",1950,"","","","",0,"","","","","","","imputed zero","","fob"
"130-210","R130->210",130,210,"130->210",1950,"Netherlands","GPH","Ecuador","GPH",357142.84,"130","NA","NA","NA","NA","NA","ok","NA","fob"
"130-210","130<-R210",210,130,"210->130",1950,"Ecuador","GPH","Netherlands","GPH",35714.285,"210","NA","NA","NA","NA","NA","ok","NA","fob"
"130-220","R130->220",130,220,"130->220",1950,"France","GPH","Ecuador","GPH",142857.14,"130","NA","NA","NA","NA","NA","ok","NA","fob"
"130-220","130<-R220",220,130,"220->130",1950,"Ecuador","GPH","France","GPH",321428.56,"220","NA","NA","NA","NA","NA","ok","NA","fob"
"130-225","130<-R225",225,130,"225->130",1950,"Ecuador","GPH","Switzerland","GPH",464285.72,"225","NA","NA","NA","NA","NA","ok","NA","fob"
"130-225","R130->225",130,225,"",1950,"","","","",0,"","","","","","","imputed zero","","fob"
"130-230","130<-R230",230,130,"230->130",1950,"Ecuador","GPH","Spain","GPH",35714.285,"230","NA","NA","NA","NA","NA","ok","NA","fob"
"130-230","R130->230",130,230,"130->230",1950,"Spain","GPH","Ecuador","GPH",35714.285,"130","NA","NA","NA","NA","NA","ok","NA","fob"
"130-235","R130->235",130,235,"",1950,"","","","",0,"","","","","","","imputed zero","","fob"
"130-235","130<-R235",235,130,"",1950,"","","","",0,"","","","","","","imputed zero","","fob"
"130-255","130<-R255",255,130,"255->130",1950,"Ecuador","GPH","Germany (Zollverein)","GPH",1071428.6,"255","NA","NA","NA","NA","NA","ok","NA","fob"
"130-255","R130->255",130,255,"130->255",1950,"Germany (Zollverein)","GPH","Ecuador","GPH",857142.88,"130","NA","NA","NA","NA","NA","ok","NA","fob"
"130-290","R130->290",130,290,"",1950,"","","","",0,"","","","","","","imputed zero","","fob"
"130-290","130<-R290",290,130,"",1950,"","","","",,"","","","","","","not reported","","fob"
"130-305","130<-R305",305,130,"",1950,"","","","",0,"","","","","","","imputed zero","","fob"
"130-305","R130->305",130,305,"",1950,"","","","",0,"","","","","","","imputed zero","","fob"
"130-310","130<-R310",310,130,"",1950,"","","","",,"","","","","","","not reported","","fob"
"130-310","R130->310",130,310,"",1950,"","","","",0,"","","","","","","imputed zero","","fob"
"130-315","R130->315",130,315,"",1950,"","","","",0,"","","","","","","imputed zero","","fob"
"130-315","130<-R315",315,130,"",1950,"","","","",,"","","","","","","not reported","","fob"
"130-325","130<-R325",325,130,"325->130",1950,"Ecuador","GPH","Italy","GPH",1000000,"325","NA","NA","NA","NA","NA","ok","NA","fob"
"130-325","R130->325",130,325,"130->325",1950,"Italy","GPH","Ecuador","GPH",2000000,"130","NA","NA","NA","NA","NA","ok","NA","fob"
"130-345","130<-R345",345,130,"",1950,"","","","",,"","","","","","","not reported","","fob"
"130-345","R130->345",130,345,"",1950,"","","","",0,"","","","","","","imputed zero","","fob"
"130-350","130<-R350",350,130,"",1950,"","","","",0,"","","","","","","imputed zero","","fob"
"130-350","R130->350",130,350,"",1950,"","","","",0,"","","","","","","imputed zero","","fob"
"130-352","130<-R352",352,130,"",1950,"","","","",0,"","","","","","","imputed zero","","fob"
"130-352","R130->352",130,352,"",1950,"","","","",0,"","","","","","","imputed zero","","fob"
"130-355","130<-R355",355,130,"",1950,"","","","",,"","","","","","","not reported","","fob"
"130-355","R130->355",130,355,"",1950,"","","","",0,"","","","","","","imputed zero","","fob"
"130-360","R130->360",130,360,"",1950,"","","","",0,"","","","","","","imputed zero","","fob"
"130-360","130<-R360",360,130,"",1950,"","","","",,"","","","","","","not reported","","fob"
"130-365","130<-R365",365,130,"",1950,"","","","",,"","","","","","","not reported","","fob"
"130-365","R130->365",130,365,"",1950,"","","","",0,"","","","","","","imputed zero","","fob"
"130-375","R130->375",130,375,"",1950,"","","","",0,"","","","","","","imputed zero","","fob"
"130-375","130<-R375",375,130,"",1950,"","","","",0,"","","","","","","imputed zero","","fob"
"130-380","R130->380",130,380,"",1950,"","","","",0,"","","","","","","imputed zero","","fob"
"130-380","130<-R380",380,130,"380->130",1950,"Ecuador","GPH","Sweden","GPH",285714.28,"380","NA","NA","NA","NA","NA","ok","NA","fob"
"130-385","130<-R385",385,130,"385->130",1950,"Ecuador","GPH","Norway","GPH",35714.285,"385","NA","NA","NA","NA","NA","ok","NA","fob"
"130-385","R130->385",130,385,"",1950,"","","","",0,"","","","","","","imputed zero","","fob"
"130-390","130<-R390",390,130,"",1950,"","","","",0,"","","","","","","imputed zero","","fob"
"130-390","R130->390",130,390,"",1950,"","","","",0,"","","","","","","imputed zero","","fob"
"130-395","R130->395",130,395,"",1950,"","","","",0,"","","","","","","imputed zero","","fob"
"130-395","130<-R395",395,130,"",1950,"","","","",0,"","","","","","","imputed zero","","fob"
"130-40","130<-R40",40,130,"",1950,"","","","",0,"","","","","","","imputed zero","","fob"
"130-40","R130->40",130,40,"130->40",1950,"Cuba","GPH","Ecuador","GPH",107142.86,"130","NA","NA","NA","NA","NA","ok","NA","fob"
"130-41","130<-R41",41,130,"",1950,"","","","",0,"","","","","","","imputed zero","","fob"
"130-41","R130->41",130,41,"",1950,"","","","",0,"","","","","","","imputed zero","","fob"
"130-42","R130->42",130,42,"",1950,"","","","",0,"","","","","","","imputed zero","","fob"
"130-42","130<-R42",42,130,"",1950,"","","","",0,"","","","","","","imputed zero","","fob"
"130-452","R130->452",130,452,"",1950,"","","","",0,"","","","","","","imputed zero","","fob"
"130-452","130<-R452",452,130,"",1950,"","","","",0,"","","","","","","imputed zero","","fob"
"130-471","R130->471",130,471,"",1950,"","","","",0,"","","","","","","imputed zero","","fob"
"130-471","130<-R471",471,130,"",1950,"","","","",0,"","","","","","","imputed zero","","fob"
"130-475","R130->475",130,475,"",1950,"","","","",0,"","","","","","","imputed zero","","fob"
"130-475","130<-R475",475,130,"",1950,"","","","",0,"","","","","","","imputed zero","","fob"
"130-490","R130->490",130,490,"",1950,"","","","",0,"","","","","","","imputed zero","","fob"
"130-490","130<-R490",490,130,"",1950,"","","","",0,"","","","","","","imputed zero","","fob"
"130-500","130<-R500",500,130,"",1950,"","","","",0,"","","","","","","imputed zero","","fob"
"130-500","R130->500",130,500,"",1950,"","","","",0,"","","","","","","imputed zero","","fob"
"130-501","R130->501",130,501,"",1950,"","","","",0,"","","","","","","imputed zero","","fob"
"130-501","130<-R501",501,130,"",1950,"","","","",0,"","","","","","","imputed zero","","fob"
"130-51","130<-R51",51,130,"",1950,"","","","",0,"","","","","","","imputed zero","","fob"
"130-51","R130->51",130,51,"130->51",1950,"Jamaica","GPH","Ecuador","GPH",214285.72,"130","NA","NA","NA","NA","NA","ok","NA","fob"
"130-512","130<-R512",512,130,"",1950,"","","","",0,"","","","","","","imputed zero","","fob"
"130-512","R130->512",130,512,"",1950,"","","","",0,"","","","","","","imputed zero","","fob"
"130-52","130<-R52",52,130,"",1950,"","","","",0,"","","","","","","imputed zero","","fob"
"130-52","R130->52",130,52,"",1950,"","","","",0,"","","","","","","imputed zero","","fob"
"130-522","R130->522",130,522,"",1950,"","","","",0,"","","","","","","imputed zero","","fob"
"130-522","130<-R522",522,130,"",1950,"","","","",,"","","","","","","not reported","","fob"
"130-530","R130->530",130,530,"",1950,"","","","",0,"","","","","","","imputed zero","","fob"
"130-530","130<-R530",530,130,"",1950,"","","","",0,"","","","","","","imputed zero","","fob"
"130-540","130<-R540",540,130,"",1950,"","","","",0,"","","","","","","imputed zero","","fob"
"130-540","R130->540",130,540,"",1950,"","","","",0,"","","","","","","imputed zero","","fob"
"130-541","R130->541",130,541,"",1950,"","","","",0,"","","","","","","imputed zero","","fob"
"130-541","130<-R541",541,130,"",1950,"","","","",0,"","","","","","","imputed zero","","fob"
"130-551","130<-R551",551,130,"",1950,"","","","",0,"","","","","","","imputed zero","","fob"
"130-551","R130->551",130,551,"",1950,"","","","",0,"","","","","","","imputed zero","","fob"
"130-552","130<-R552",552,130,"",1950,"","","","",0,"","","","","","","imputed zero","","fob"
"130-552","R130->552",130,552,"",1950,"","","","",0,"","","","","","","imputed zero","","fob"
"130-560","130<-R560",560,130,"",1950,"","","","",,"","","","","","","not reported","","fob"
"130-560","R130->560",130,560,"",1950,"","","","",0,"","","","","","","imputed zero","","fob"
"130-580","R130->580",130,580,"",1950,"","","","",0,"","","","","","","imputed zero","","fob"
"130-580","130<-R580",580,130,"",1950,"","","","",0,"","","","","","","imputed zero","","fob"
"130-600","130<-R600",600,130,"",1950,"","","","",0,"","","","","","","imputed zero","","fob"
"130-600","R130->600",130,600,"",1950,"","","","",0,"","","","","","","imputed zero","","fob"
"130-615","R130->615",130,615,"",1950,"","","","",0,"","","","","","","imputed zero","","fob"
"130-615","130<-R615",615,130,"",1950,"","","","",0,"","","","","","","imputed zero","","fob"
"130-616","R130->616",130,616,"",1950,"","","","",0,"","","","","","","imputed zero","","fob"
"130-616","130<-R616",616,130,"",1950,"","","","",0,"","","","","","","imputed zero","","fob"
"130-625","R130->625",130,625,"",1950,"","","","",0,"","","","","","","imputed zero","","fob"
"130-625","130<-R625",625,130,"",1950,"","","","",0,"","","","","","","imputed zero","","fob"
"130-630","130<-R630",630,130,"",1950,"","","","",,"","","","","","","not reported","","fob"
"130-630","R130->630",130,630,"",1950,"","","","",0,"","","","","","","imputed zero","","fob"
"130-640","R130->640",130,640,"",1950,"","","","",0,"","","","","","","imputed zero","","fob"
"130-640","130<-R640",640,130,"",1950,"","","","",0,"","","","","","","imputed zero","","fob"
"130-645","130<-R645",645,130,"",1950,"","","","",0,"","","","","","","imputed zero","","fob"
"130-645","R130->645",130,645,"",1950,"","","","",0,"","","","","","","imputed zero","","fob"
"130-651","R130->651",130,651,"",1950,"","","","",0,"","","","","","","imputed zero","","fob"
"130-651","130<-R651",651,130,"",1950,"","","","",0,"","","","","","","imputed zero","","fob"
"130-652","R130->652",130,652,"",1950,"","","","",0,"","","","","","","imputed zero","","fob"
"130-652","130<-R652",652,130,"",1950,"","","","",0,"","","","","","","imputed zero","","fob"
"130-660","130<-R660",660,130,"",1950,"","","","",0,"","","","","","","imputed zero","","fob"
"130-660","R130->660",130,660,"",1950,"","","","",0,"","","","","","","imputed zero","","fob"
"130-666","130<-R666",666,130,"",1950,"","","","",0,"","","","","","","imputed zero","","fob"
"130-666","R130->666",130,666,"",1950,"","","","",0,"","","","","","","imputed zero","","fob"
"130-670","R130->670",130,670,"",1950,"","","","",0,"","","","","","","imputed zero","","fob"
"130-670","130<-R670",670,130,"",1950,"","","","",,"","","","","","","not reported","","fob"
"130-68","130<-R68",68,130,"",1950,"","","","",,"","","","","","","not reported","","fob"
"130-68","R130->68",130,68,"",1950,"","","","",0,"","","","","","","imputed zero","","fob"
"130-70","R130->70",130,70,"",1950,"","","","",0,"","","","","","","imputed zero","","fob"
"130-70","130<-R70",70,130,"70->130",1950,"Ecuador","GPH","Mexico","GPH",71428.57,"70","NA","NA","NA","NA","NA","ok","NA","fob"
"130-710","130<-R710",710,130,"",1950,"","","","",,"","","","","","","not reported","","fob"
"130-710","R130->710",130,710,"",1950,"","","","",0,"","","","","","","imputed zero","","fob"
"130-713","130<-R713",713,130,"",1950,"","","","",,"","","","","","","not reported","","fob"
"130-713","R130->713",130,713,"",1950,"","","","",0,"","","","","","","imputed zero","","fob"
"130-720","130<-R720",720,130,"",1950,"","","","",0,"","","","","","","imputed zero","","fob"
"130-720","R130->720",130,720,"",1950,"","","","",0,"","","","","","","imputed zero","","fob"
"130-732","R130->732",130,732,"",1950,"","","","",0,"","","","","","","imputed zero","","fob"
"130-732","130<-R732",732,130,"",1950,"","","","",,"","","","","","","not reported","","fob"
"130-740","130<-R740",740,130,"740->130",1950,"Ecuador","GPH","Japan","GPH",142857.14,"740","NA","NA","NA","NA","NA","ok","NA","fob"
"130-740","R130->740",130,740,"",1950,"","","","",0,"","","","","","","imputed zero","","fob"
"130-750","R130->750",130,750,"",1950,"","","","",0,"","","","","","","imputed zero","","fob"
"130-750","130<-R750",750,130,"750->130",1950,"Ecuador","GPH","India","GPH",35714.285,"750","NA","NA","NA","NA","NA","ok","NA","fob"
"130-770","130<-R770",770,130,"",1950,"","","","",0,"","","","","","","imputed zero","","fob"
"130-770","R130->770",130,770,"",1950,"","","","",0,"","","","","","","imputed zero","","fob"
"130-775","130<-R775",775,130,"",1950,"","","","",0,"","","","","","","imputed zero","","fob"
"130-775","R130->775",130,775,"",1950,"","","","",0,"","","","","","","imputed zero","","fob"
"130-780","130<-R780",780,130,"",1950,"","","","",0,"","","","","","","imputed zero","","fob"
"130-780","R130->780",130,780,"",1950,"","","","",0,"","","","","","","imputed zero","","fob"
"130-800","130<-R800",800,130,"",1950,"","","","",,"","","","","","","not reported","","fob"
"130-800","R130->800",130,800,"",1950,"","","","",0,"","","","","","","imputed zero","","fob"
"130-840","R130->840",130,840,"",1950,"","","","",0,"","","","","","","imputed zero","","fob"
"130-840","130<-R840",840,130,"",1950,"","","","",0,"","","","","","","imputed zero","","fob"
"130-850","R130->850",130,850,"",1950,"","","","",0,"","","","","","","imputed zero","","fob"
"130-850","130<-R850",850,130,"",1950,"","","","",0,"","","","","","","imputed zero","","fob"
"130-90","R130->90",130,90,"",1950,"","","","",0,"","","","","","","imputed zero","","fob"
"130-90","130<-R90",90,130,"",1950,"","","","",0,"","","","","","","imputed zero","","fob"
"130-900","R130->900",130,900,"",1950,"","","","",0,"","","","","","","imputed zero","","fob"
"130-900","130<-R900",900,130,"",1950,"","","","",0,"","","","","","","imputed zero","","fob"
"130-91","130<-R91",91,130,"",1950,"","","","",0,"","","","","","","imputed zero","","fob"
"130-91","R130->91",130,91,"",1950,"","","","",0,"","","","","","","imputed zero","","fob"
"130-92","130<-R92",92,130,"",1950,"","","","",0,"","","","","","","imputed zero","","fob"
"130-92","R130->92",130,92,"",1950,"","","","",0,"","","","","","","imputed zero","","fob"
"130-920","R130->920",130,920,"",1950,"","","","",0,"","","","","","","imputed zero","","fob"
"130-920","130<-R920",920,130,"",1950,"","","","",0,"","","","","","","imputed zero","","fob"
"130-93","130<-R93",93,130,"",1950,"","","","",0,"","","","","","","imputed zero","","fob"
"130-93","R130->93",130,93,"",1950,"","","","",0,"","","","","","","imputed zero","","fob"
"130-94","R130->94",130,94,"130->94",1950,"Costa Rica","GPH","Ecuador","GPH",35714.285,"130","NA","NA","NA","NA","NA","ok","NA","fob"
"130-94","130<-R94",94,130,"",1950,"","","","",0,"","","","","","","imputed zero","","fob"
"130-95","R130->95",130,95,"130->95",1950,"Panama","GPH","Ecuador","GPH",178571.42,"130","NA","NA","NA","NA","NA","ok","NA","fob"
"130-95","130<-R95",95,130,"",1950,"","","","",0,"","","","","","","imputed zero","","fob"
"130-960","130<-R960",960,130,"",1950,"","","","",,"","","","","","","not reported","","fob"
"130-960","R130->960",130,960,"",1950,"","","","",0,"","","","","","","imputed zero","","fob"
"135-140","R135->140",135,140,"135->140",1950,"Brazil","GPH","Peru","GPH",178571.42,"135","NA","NA","NA","NA","NA","ok","NA","fob"
"135-140","135<-R140",140,135,"",1950,"","","","",0,"","","","","","","imputed zero","","fob"
"135-145","135<-R145",145,135,"",1950,"","","","",0,"","","","","","","imputed zero","","fob"
"135-145","R135->145",135,145,"135->145",1950,"Bolivia","GPH","Peru","GPH",2214285.8,"135","NA","NA","NA","NA","NA","ok","NA","fob"
"135-150","135<-R150",150,135,"",1950,"","","","",,"","","","","","","not reported","","fob"
"135-150","R135->150",135,150,"",1950,"","","","",0,"","","","","","","imputed zero","","fob"
"135-155","135<-R155",155,135,"155->135",1950,"Peru","GPH","Chile","GPH",571428.56,"155","NA","NA","NA","NA","NA","ok","NA","fob"
"135-155","R135->155",135,155,"135->155",1950,"Chile","GPH","Peru","GPH",10107143,"135","NA","NA","NA","NA","NA","ok","NA","fob"
"135-160","R135->160",135,160,"135->160",1950,"Argentina (La Plata)","GPH","Peru","GPH",3357142.8,"135","NA","NA","NA","NA","NA","ok","NA","fob"
"135-160","135<-R160",160,135,"",1950,"","","","",,"","","","","","","not reported","","fob"
"135-165","R135->165",135,165,"135->165",1950,"Uruguay","GPH","Peru","GPH",1928571.4,"135","NA","NA","NA","NA","NA","ok","NA","fob"
"135-165","135<-R165",165,135,"165->135",1950,"Peru","GPH","Uruguay","GPH",107142.86,"165","NA","NA","NA","NA","NA","ok","NA","fob"
"135-2","R135->2",135,2,"135->2",1950,"United States of America","GPH","Peru","GPH",18107142,"135","NA","NA","NA","NA","NA","ok","NA","fob"
"135-2","135<-R2",2,135,"2->135",1950,"Peru","GPH","United States of America","GPH",25714286,"2","NA","NA","NA","NA","NA","ok","NA","fob"
"135-20","135<-R20",20,135,"20->135",1950,"Peru","GPH","Canada (Province of Canada)","GPH",1214285.8,"20","NA","NA","NA","NA","NA","ok","NA","fob"
"135-20","R135->20",135,20,"135->20",1950,"Canada (Province of Canada)","GPH","Peru","GPH",1178571.4,"135","NA","NA","NA","NA","NA","ok","NA","fob"
"135-200","135<-R200",200,135,"200->135",1950,"Peru","GPH","United Kingdom","GPH",10607143,"200","NA","NA","NA","NA","NA","ok","NA","fob"
"135-200","R135->200",135,200,"135->200",1950,"United Kingdom","GPH","Peru","GPH",11857143,"135","NA","NA","NA","NA","NA","ok","NA","fob"
"135-205","135<-R205",205,135,"",1950,"","","","",0,"","","","","","","imputed zero","","fob"
"135-205","R135->205",135,205,"135->205",1950,"Ireland","GPH","Peru","GPH",35714.285,"135","NA","NA","NA","NA","NA","ok","NA","fob"
"135-210","135<-R210",210,135,"210->135",1950,"Peru","GPH","Netherlands","GPH",1250000,"210","NA","NA","NA","NA","NA","ok","NA","fob"
"135-210","R135->210",135,210,"135->210",1950,"Netherlands","GPH","Peru","GPH",1678571.4,"135","NA","NA","NA","NA","NA","ok","NA","fob"
"135-220","R135->220",135,220,"135->220",1950,"France","GPH","Peru","GPH",857142.88,"135","NA","NA","NA","NA","NA","ok","NA","fob"
"135-220","135<-R220",220,135,"220->135",1950,"Peru","GPH","France","GPH",1357142.9,"220","NA","NA","NA","NA","NA","ok","NA","fob"
"135-225","R135->225",135,225,"135->225",1950,"Switzerland","GPH","Peru","GPH",928571.44,"135","NA","NA","NA","NA","NA","ok","NA","fob"
"135-225","135<-R225",225,135,"225->135",1950,"Peru","GPH","Switzerland","GPH",1357142.9,"225","NA","NA","NA","NA","NA","ok","NA","fob"
"135-230","R135->230",135,230,"135->230",1950,"Spain","GPH","Peru","GPH",142857.14,"135","NA","NA","NA","NA","NA","ok","NA","fob"
"135-230","135<-R230",230,135,"230->135",1950,"Peru","GPH","Spain","GPH",142857.14,"230","NA","NA","NA","NA","NA","ok","NA","fob"
"135-235","135<-R235",235,135,"235->135",1950,"Peru","GPH","Portugal","GPH",35714.285,"235","NA","NA","NA","NA","NA","ok","NA","fob"
"135-235","R135->235",135,235,"135->235",1950,"Portugal","GPH","Peru","GPH",35714.285,"135","NA","NA","NA","NA","NA","ok","NA","fob"
"135-255","135<-R255",255,135,"255->135",1950,"Peru","GPH","Germany (Zollverein)","GPH",2142857.3,"255","NA","NA","NA","NA","NA","ok","NA","fob"
"135-255","R135->255",135,255,"135->255",1950,"Germany (Zollverein)","GPH","Peru","GPH",1392857.1,"135","NA","NA","NA","NA","NA","ok","NA","fob"
"135-290","135<-R290",290,135,"",1950,"","","","",,"","","","","","","not reported","","fob"
"135-290","R135->290",135,290,"",1950,"","","","",0,"","","","","","","imputed zero","","fob"
"135-305","R135->305",135,305,"",1950,"","","","",0,"","","","","","","imputed zero","","fob"
"135-305","135<-R305",305,135,"305->135",1950,"Peru","GPH","Austria","GPH",178571.42,"305","NA","NA","NA","NA","NA","ok","NA","fob"
"135-310","R135->310",135,310,"",1950,"","","","",0,"","","","","","","imputed zero","","fob"
"135-310","135<-R310",310,135,"",1950,"","","","",,"","","","","","","not reported","","fob"
"135-315","R135->315",135,315,"",1950,"","","","",0,"","","","","","","imputed zero","","fob"
"135-315","135<-R315",315,135,"",1950,"","","","",,"","","","","","","not reported","","fob"
"135-325","135<-R325",325,135,"325->135",1950,"Peru","GPH","Italy","GPH",821428.56,"325","NA","NA","NA","NA","NA","ok","NA","fob"
"135-325","R135->325",135,325,"135->325",1950,"Italy","GPH","Peru","GPH",535714.31,"135","NA","NA","NA","NA","NA","ok","NA","fob"
"135-345","R135->345",135,345,"",1950,"","","","",0,"","","","","","","imputed zero","","fob"
"135-345","135<-R345",345,135,"",1950,"","","","",,"","","","","","","not reported","","fob"
"135-350","R135->350",135,350,"",1950,"","","","",0,"","","","","","","imputed zero","","fob"
"135-350","135<-R350",350,135,"",1950,"","","","",0,"","","","","","","imputed zero","","fob"
"135-352","135<-R352",352,135,"",1950,"","","","",0,"","","","","","","imputed zero","","fob"
"135-352","R135->352",135,352,"",1950,"","","","",0,"","","","","","","imputed zero","","fob"
"135-355","R135->355",135,355,"",1950,"","","","",0,"","","","","","","imputed zero","","fob"
"135-355","135<-R355",355,135,"",1950,"","","","",,"","","","","","","not reported","","fob"
"135-360","R135->360",135,360,"",1950,"","","","",0,"","","","","","","imputed zero","","fob"
"135-360","135<-R360",360,135,"",1950,"","","","",,"","","","","","","not reported","","fob"
"135-365","135<-R365",365,135,"",1950,"","","","",,"","","","","","","not reported","","fob"
"135-365","R135->365",135,365,"",1950,"","","","",0,"","","","","","","imputed zero","","fob"
"135-375","R135->375",135,375,"",1950,"","","","",0,"","","","","","","imputed zero","","fob"
"135-375","135<-R375",375,135,"",1950,"","","","",0,"","","","","","","imputed zero","","fob"
"135-380","135<-R380",380,135,"380->135",1950,"Peru","GPH","Sweden","GPH",1035714.3,"380","NA","NA","NA","NA","NA","ok","NA","fob"
"135-380","R135->380",135,380,"135->380",1950,"Sweden","GPH","Peru","GPH",107142.86,"135","NA","NA","NA","NA","NA","ok","NA","fob"
"135-385","135<-R385",385,135,"385->135",1950,"Peru","GPH","Norway","GPH",178571.42,"385","NA","NA","NA","NA","NA","ok","NA","fob"
"135-385","R135->385",135,385,"",1950,"","","","",0,"","","","","","","imputed zero","","fob"
"135-390","R135->390",135,390,"135->390",1950,"Denmark","GPH","Peru","GPH",571428.56,"135","NA","NA","NA","NA","NA","ok","NA","fob"
"135-390","135<-R390",390,135,"390->135",1950,"Peru","GPH","Denmark","GPH",142857.14,"390","NA","NA","NA","NA","NA","ok","NA","fob"
"135-395","R135->395",135,395,"",1950,"","","","",0,"","","","","","","imputed zero","","fob"
"135-395","135<-R395",395,135,"",1950,"","","","",0,"","","","","","","imputed zero","","fob"
"135-40","R135->40",135,40,"",1950,"","","","",0,"","","","","","","imputed zero","","fob"
"135-40","135<-R40",40,135,"40->135",1950,"Peru","GPH","Cuba","GPH",35714.285,"40","NA","NA","NA","NA","NA","ok","NA","fob"
"135-41","135<-R41",41,135,"",1950,"","","","",0,"","","","","","","imputed zero","","fob"
"135-41","R135->41",135,41,"",1950,"","","","",0,"","","","","","","imputed zero","","fob"
"135-42","R135->42",135,42,"",1950,"","","","",0,"","","","","","","imputed zero","","fob"
"135-42","135<-R42",42,135,"",1950,"","","","",0,"","","","","","","imputed zero","","fob"
"135-452","R135->452",135,452,"",1950,"","","","",0,"","","","","","","imputed zero","","fob"
"135-452","135<-R452",452,135,"",1950,"","","","",0,"","","","","","","imputed zero","","fob"
"135-471","135<-R471",471,135,"",1950,"","","","",0,"","","","","","","imputed zero","","fob"
"135-471","R135->471",135,471,"",1950,"","","","",0,"","","","","","","imputed zero","","fob"
"135-475","R135->475",135,475,"",1950,"","","","",0,"","","","","","","imputed zero","","fob"
"135-475","135<-R475",475,135,"",1950,"","","","",0,"","","","","","","imputed zero","","fob"
"135-490","R135->490",135,490,"",1950,"","","","",0,"","","","","","","imputed zero","","fob"
"135-490","135<-R490",490,135,"",1950,"","","","",0,"","","","","","","imputed zero","","fob"
"135-500","R135->500",135,500,"",1950,"","","","",0,"","","","","","","imputed zero","","fob"
"135-500","135<-R500",500,135,"",1950,"","","","",0,"","","","","","","imputed zero","","fob"
"135-501","135<-R501",501,135,"",1950,"","","","",0,"","","","","","","imputed zero","","fob"
"135-501","R135->501",135,501,"",1950,"","","","",0,"","","","","","","imputed zero","","fob"
"135-51","135<-R51",51,135,"",1950,"","","","",0,"","","","","","","imputed zero","","fob"
"135-51","R135->51",135,51,"",1950,"","","","",0,"","","","","","","imputed zero","","fob"
"135-512","135<-R512",512,135,"",1950,"","","","",0,"","","","","","","imputed zero","","fob"
"135-512","R135->512",135,512,"",1950,"","","","",0,"","","","","","","imputed zero","","fob"
"135-52","135<-R52",52,135,"",1950,"","","","",0,"","","","","","","imputed zero","","fob"
"135-52","R135->52",135,52,"",1950,"","","","",0,"","","","","","","imputed zero","","fob"
"135-522","R135->522",135,522,"",1950,"","","","",0,"","","","","","","imputed zero","","fob"
"135-522","135<-R522",522,135,"",1950,"","","","",,"","","","","","","not reported","","fob"
"135-530","R135->530",135,530,"",1950,"","","","",0,"","","","","","","imputed zero","","fob"
"135-530","135<-R530",530,135,"",1950,"","","","",0,"","","","","","","imputed zero","","fob"
"135-540","R135->540",135,540,"",1950,"","","","",0,"","","","","","","imputed zero","","fob"
"135-540","135<-R540",540,135,"",1950,"","","","",0,"","","","","","","imputed zero","","fob"
"135-541","135<-R541",541,135,"",1950,"","","","",0,"","","","","","","imputed zero","","fob"
"135-541","R135->541",135,541,"",1950,"","","","",0,"","","","","","","imputed zero","","fob"
"135-551","135<-R551",551,135,"",1950,"","","","",0,"","","","","","","imputed zero","","fob"
"135-551","R135->551",135,551,"",1950,"","","","",0,"","","","","","","imputed zero","","fob"
"135-552","R135->552",135,552,"",1950,"","","","",0,"","","","","","","imputed zero","","fob"
"135-552","135<-R552",552,135,"",1950,"","","","",0,"","","","","","","imputed zero","","fob"
"135-560","135<-R560",560,135,"",1950,"","","","",,"","","","","","","not reported","","fob"
"135-560","R135->560",135,560,"135->560",1950,"South Africa","GPH","Peru","GPH",71428.57,"135","NA","NA","NA","NA","NA","ok","NA","fob"
"135-580","135<-R580",580,135,"",1950,"","","","",0,"","","","","","","imputed zero","","fob"
"135-580","R135->580",135,580,"",1950,"","","","",0,"","","","","","","imputed zero","","fob"
"135-600","R135->600",135,600,"",1950,"","","","",0,"","","","","","","imputed zero","","fob"
"135-600","135<-R600",600,135,"",1950,"","","","",0,"","","","","","","imputed zero","","fob"
"135-615","R135->615",135,615,"",1950,"","","","",0,"","","","","","","imputed zero","","fob"
"135-615","135<-R615",615,135,"",1950,"","","","",0,"","","","","","","imputed zero","","fob"
"135-616","R135->616",135,616,"",1950,"","","","",0,"","","","","","","imputed zero","","fob"
"135-616","135<-R616",616,135,"",1950,"","","","",0,"","","","","","","imputed zero","","fob"
"135-625","R135->625",135,625,"",1950,"","","","",0,"","","","","","","imputed zero","","fob"
"135-625","135<-R625",625,135,"",1950,"","","","",0,"","","","","","","imputed zero","","fob"
"135-630","R135->630",135,630,"",1950,"","","","",0,"","","","","","","imputed zero","","fob"
"135-630","135<-R630",630,135,"",1950,"","","","",,"","","","","","","not reported","","fob"
"135-640","135<-R640",640,135,"",1950,"","","","",0,"","","","","","","imputed zero","","fob"
"135-640","R135->640",135,640,"",1950,"","","","",0,"","","","","","","imputed zero","","fob"
"135-645","R135->645",135,645,"",1950,"","","","",0,"","","","","","","imputed zero","","fob"
"135-645","135<-R645",645,135,"",1950,"","","","",0,"","","","","","","imputed zero","","fob"
"135-651","R135->651",135,651,"",1950,"","","","",0,"","","","","","","imputed zero","","fob"
"135-651","135<-R651",651,135,"",1950,"","","","",0,"","","","","","","imputed zero","","fob"
"135-652","R135->652",135,652,"135->652",1950,"Syria","GPH","Peru","GPH",35714.285,"135","NA","NA","NA","NA","NA","ok","NA","fob"
"135-652","135<-R652",652,135,"",1950,"","","","",0,"","","","","","","imputed zero","","fob"
"135-660","R135->660",135,660,"135->660",1950,"Lebanon","GPH","Peru","GPH",214285.72,"135","NA","NA","NA","NA","NA","ok","NA","fob"
"135-660","135<-R660",660,135,"",1950,"","","","",0,"","","","","","","imputed zero","","fob"
"135-666","R135->666",135,666,"",1950,"","","","",0,"","","","","","","imputed zero","","fob"
"135-666","135<-R666",666,135,"",1950,"","","","",0,"","","","","","","imputed zero","","fob"
"135-670","R135->670",135,670,"",1950,"","","","",0,"","","","","","","imputed zero","","fob"
"135-670","135<-R670",670,135,"",1950,"","","","",,"","","","","","","not reported","","fob"
"135-68","135<-R68",68,135,"",1950,"","","","",,"","","","","","","not reported","","fob"
"135-68","R135->68",135,68,"",1950,"","","","",0,"","","","","","","imputed zero","","fob"
"135-70","135<-R70",70,135,"70->135",1950,"Peru","GPH","Mexico","GPH",71428.57,"70","NA","NA","NA","NA","NA","ok","NA","fob"
"135-70","R135->70",135,70,"135->70",1950,"Mexico","GPH","Peru","GPH",35714.285,"135","NA","NA","NA","NA","NA","ok","NA","fob"
"135-710","R135->710",135,710,"",1950,"","","","",0,"","","","","","","imputed zero","","fob"
"135-710","135<-R710",710,135,"",1950,"","","","",,"","","","","","","not reported","","fob"
"135-713","R135->713",135,713,"",1950,"","","","",0,"","","","","","","imputed zero","","fob"
"135-713","135<-R713",713,135,"",1950,"","","","",,"","","","","","","not reported","","fob"
"135-720","R135->720",135,720,"",1950,"","","","",0,"","","","","","","imputed zero","","fob"
"135-720","135<-R720",720,135,"",1950,"","","","",0,"","","","","","","imputed zero","","fob"
"135-732","R135->732",135,732,"",1950,"","","","",0,"","","","","","","imputed zero","","fob"
"135-732","135<-R732",732,135,"",1950,"","","","",,"","","","","","","not reported","","fob"
"135-740","R135->740",135,740,"135->740",1950,"Japan","GPH","Peru","GPH",714285.69,"135","NA","NA","NA","NA","NA","ok","NA","fob"
"135-740","135<-R740",740,135,"740->135",1950,"Peru","GPH","Japan","GPH",142857.14,"740","NA","NA","NA","NA","NA","ok","NA","fob"
"135-750","R135->750",135,750,"135->750",1950,"India","GPH","Peru","GPH",1892857.1,"135","NA","NA","NA","NA","NA","ok","NA","fob"
"135-750","135<-R750",750,135,"750->135",1950,"Peru","GPH","India","GPH",750000,"750","NA","NA","NA","NA","NA","ok","NA","fob"
"135-770","R135->770",135,770,"",1950,"","","","",0,"","","","","","","imputed zero","","fob"
"135-770","135<-R770",770,135,"",1950,"","","","",0,"","","","","","","imputed zero","","fob"
"135-775","135<-R775",775,135,"",1950,"","","","",0,"","","","","","","imputed zero","","fob"
"135-775","R135->775",135,775,"",1950,"","","","",0,"","","","","","","imputed zero","","fob"
"135-780","135<-R780",780,135,"780->135",1950,"Peru","GPH","Sri Lanka (Ceylon)","GPH",71428.57,"780","NA","NA","NA","NA","NA","ok","NA","fob"
"135-780","R135->780",135,780,"135->780",1950,"Sri Lanka (Ceylon)","GPH","Peru","GPH",250000,"135","NA","NA","NA","NA","NA","ok","NA","fob"
"135-800","R135->800",135,800,"135->800",1950,"Thailand (Siam)","GPH","Peru","GPH",71428.57,"135","NA","NA","NA","NA","NA","ok","NA","fob"
"135-800","135<-R800",800,135,"",1950,"","","","",,"","","","","","","not reported","","fob"
"135-840","R135->840",135,840,"",1950,"","","","",0,"","","","","","","imputed zero","","fob"
"135-840","135<-R840",840,135,"",1950,"","","","",0,"","","","","","","imputed zero","","fob"
"135-850","135<-R850",850,135,"",1950,"","","","",0,"","","","","","","imputed zero","","fob"
"135-850","R135->850",135,850,"",1950,"","","","",0,"","","","","","","imputed zero","","fob"
"135-90","135<-R90",90,135,"",1950,"","","","",0,"","","","","","","imputed zero","","fob"
"135-90","R135->90",135,90,"135->90",1950,"Guatemala","GPH","Peru","GPH",71428.57,"135","NA","NA","NA","NA","NA","ok","NA","fob"
"135-900","R135->900",135,900,"135->900",1950,"Australia","GPH","Peru","GPH",35714.285,"135","NA","NA","NA","NA","NA","ok","NA","fob"
"135-900","135<-R900",900,135,"900->135",1950,"Peru","GPH","Australia","GPH",1857142.9,"900","NA","NA","NA","NA","NA","ok","NA","fob"
"135-91","135<-R91",91,135,"",1950,"","","","",0,"","","","","","","imputed zero","","fob"
"135-91","R135->91",135,91,"",1950,"","","","",0,"","","","","","","imputed zero","","fob"
"135-92","R135->92",135,92,"135->92",1950,"El Salvador","GPH","Peru","GPH",142857.14,"135","NA","NA","NA","NA","NA","ok","NA","fob"
"135-92","135<-R92",92,135,"",1950,"","","","",0,"","","","","","","imputed zero","","fob"
"135-920","135<-R920",920,135,"",1950,"","","","",0,"","","","","","","imputed zero","","fob"
"135-920","R135->920",135,920,"",1950,"","","","",0,"","","","","","","imputed zero","","fob"
"135-93","135<-R93",93,135,"93->135",1950,"Peru","GPH","Nicaragua","GPH",71428.57,"93","NA","NA","NA","NA","NA","ok","NA","fob"
"135-93","R135->93",135,93,"",1950,"","","","",0,"","","","","","","imputed zero","","fob"
"135-94","R135->94",135,94,"",1950,"","","","",0,"","","","","","","imputed zero","","fob"
"135-94","135<-R94",94,135,"",1950,"","","","",0,"","","","","","","imputed zero","","fob"
"135-95","135<-R95",95,135,"",1950,"","","","",0,"","","","","","","imputed zero","","fob"
"135-95","R135->95",135,95,"",1950,"","","","",0,"","","","","","","imputed zero","","fob"
"135-960","R135->960",135,960,"",1950,"","","","",0,"","","","","","","imputed zero","","fob"
"135-960","135<-R960",960,135,"",1950,"","","","",,"","","","","","","not reported","","fob"
"140-145","R140->145",140,145,"140->145",1950,"Bolivia","GPH","Brazil","GPH",35714.285,"140","NA","NA","NA","NA","NA","ok","NA","fob"
"140-145","140<-R145",145,140,"145->140",1950,"Brazil","GPH","Bolivia","GPH",107142.86,"145","NA","NA","NA","NA","NA","ok","NA","fob"
"140-150","140<-R150",150,140,"",1950,"","","","",,"","","","","","","not reported","","fob"
"140-150","R140->150",140,150,"140->150",1950,"Paraguay","GPH","Brazil","GPH",178571.42,"140","NA","NA","NA","NA","NA","ok","NA","fob"
"140-155","R140->155",140,155,"140->155",1950,"Chile","GPH","Brazil","GPH",3285714.3,"140","NA","NA","NA","NA","NA","ok","NA","fob"
"140-155","140<-R155",155,140,"155->140",1950,"Brazil","GPH","Chile","GPH",4607143,"155","NA","NA","NA","NA","NA","ok","NA","fob"
"140-160","140<-R160",160,140,"",1950,"","","","",,"","","","","","","not reported","","fob"
"140-160","R140->160",140,160,"140->160",1950,"Argentina (La Plata)","GPH","Brazil","GPH",27035714,"140","NA","NA","NA","NA","NA","ok","NA","fob"
"140-165","R140->165",140,165,"140->165",1950,"Uruguay","GPH","Brazil","GPH",6035714.5,"140","NA","NA","NA","NA","NA","ok","NA","fob"
"140-165","140<-R165",165,140,"165->140",1950,"Brazil","GPH","Uruguay","GPH",857142.88,"165","NA","NA","NA","NA","NA","ok","NA","fob"
"140-2","R140->2",140,2,"140->2",1950,"United States of America","GPH","Brazil","GPH",262250000,"140","NA","NA","NA","NA","NA","ok","NA","fob"
"140-2","140<-R2",2,140,"2->140",1950,"Brazil","GPH","United States of America","GPH",126428568,"2","NA","NA","NA","NA","NA","ok","NA","fob"
"140-20","140<-R20",20,140,"20->140",1950,"Brazil","GPH","Canada (Province of Canada)","GPH",5178571.5,"20","NA","NA","NA","NA","NA","ok","NA","fob"
"140-20","R140->20",140,20,"140->20",1950,"Canada (Province of Canada)","GPH","Brazil","GPH",6392857,"140","NA","NA","NA","NA","NA","ok","NA","fob"
"140-200","140<-R200",200,140,"200->140",1950,"Brazil","GPH","United Kingdom","GPH",43357144,"200","NA","NA","NA","NA","NA","ok","NA","fob"
"140-200","R140->200",140,200,"140->200",1950,"United Kingdom","GPH","Brazil","GPH",40107144,"140","NA","NA","NA","NA","NA","ok","NA","fob"
"140-205","R140->205",140,205,"140->205",1950,"Ireland","GPH","Brazil","GPH",357142.84,"140","NA","NA","NA","NA","NA","ok","NA","fob"
"140-205","140<-R205",205,140,"",1950,"","","","",0,"","","","","","","imputed zero","","fob"
"140-210","R140->210",140,210,"140->210",1950,"Netherlands","GPH","Brazil","GPH",11535714,"140","NA","NA","NA","NA","NA","ok","NA","fob"
"140-210","140<-R210",210,140,"210->140",1950,"Brazil","GPH","Netherlands","GPH",5392857,"210","NA","NA","NA","NA","NA","ok","NA","fob"
"140-220","140<-R220",220,140,"220->140",1950,"Brazil","GPH","France","GPH",17642858,"220","NA","NA","NA","NA","NA","ok","NA","fob"
"140-220","R140->220",140,220,"140->220",1950,"France","GPH","Brazil","GPH",22678572,"140","NA","NA","NA","NA","NA","ok","NA","fob"
"140-225","140<-R225",225,140,"225->140",1950,"Brazil","GPH","Switzerland","GPH",11107143,"225","NA","NA","NA","NA","NA","ok","NA","fob"
"140-225","R140->225",140,225,"140->225",1950,"Switzerland","GPH","Brazil","GPH",5428571.5,"140","NA","NA","NA","NA","NA","ok","NA","fob"
"140-230","140<-R230",230,140,"230->140",1950,"Brazil","GPH","Spain","GPH",2035714.3,"230","NA","NA","NA","NA","NA","ok","NA","fob"
"140-230","R140->230",140,230,"140->230",1950,"Spain","GPH","Brazil","GPH",5321428.5,"140","NA","NA","NA","NA","NA","ok","NA","fob"
"140-235","140<-R235",235,140,"235->140",1950,"Brazil","GPH","Portugal","GPH",2107142.8,"235","NA","NA","NA","NA","NA","ok","NA","fob"
"140-235","R140->235",140,235,"140->235",1950,"Portugal","GPH","Brazil","GPH",1928571.4,"140","NA","NA","NA","NA","NA","ok","NA","fob"
"140-255","140<-R255",255,140,"255->140",1950,"Brazil","GPH","Germany (Zollverein)","GPH",12500000,"255","NA","NA","NA","NA","NA","ok","NA","fob"
"140-255","R140->255",140,255,"140->255",1950,"Germany (Zollverein)","GPH","Brazil","GPH",6464285.5,"140","NA","NA","NA","NA","NA","ok","NA","fob"
"140-290","140<-R290",290,140,"",1950,"","","","",,"","","","","","","not reported","","fob"
"140-290","R140->290",140,290,"140->290",1950,"Poland","GPH","Brazil","GPH",571428.56,"140","NA","NA","NA","NA","NA","ok","NA","fob"
"140-305","R140->305",140,305,"140->305",1950,"Austria","GPH","Brazil","GPH",392857.16,"140","NA","NA","NA","NA","NA","ok","NA","fob"
"140-305","140<-R305",305,140,"305->140",1950,"Brazil","GPH","Austria","GPH",1428571.4,"305","NA","NA","NA","NA","NA","ok","NA","fob"
"140-310","R140->310",140,310,"",1950,"","","","",0,"","","","","","","imputed zero","","fob"
"140-310","140<-R310",310,140,"",1950,"","","","",,"","","","","","","not reported","","fob"
"140-315","140<-R315",315,140,"",1950,"","","","",,"","","","","","","not reported","","fob"
"140-315","R140->315",140,315,"140->315",1950,"Czechoslovakia","GPH","Brazil","GPH",2857142.8,"140","NA","NA","NA","NA","NA","ok","NA","fob"
"140-325","R140->325",140,325,"140->325",1950,"Italy","GPH","Brazil","GPH",8428571,"140","NA","NA","NA","NA","NA","ok","NA","fob"
"140-325","140<-R325",325,140,"325->140",1950,"Brazil","GPH","Italy","GPH",5357143,"325","NA","NA","NA","NA","NA","ok","NA","fob"
"140-345","140<-R345",345,140,"",1950,"","","","",,"","","","","","","not reported","","fob"
"140-345","R140->345",140,345,"140->345",1950,"Yugoslavia (Kingdom of Serbs, Croats and Slovenes)","GPH","Brazil","GPH",392857.16,"140","NA","NA","NA","NA","NA","ok","NA","fob"
"140-350","R140->350",140,350,"140->350",1950,"Greece","GPH","Brazil","GPH",1142857.1,"140","NA","NA","NA","NA","NA","ok","NA","fob"
"140-350","140<-R350",350,140,"350->140",1950,"Brazil","GPH","Greece","GPH",214285.72,"350","NA","NA","NA","NA","NA","ok","NA","fob"
"140-352","140<-R352",352,140,"",1950,"","","","",0,"","","","","","","imputed zero","","fob"
"140-352","R140->352",140,352,"140->352",1950,"Cyprus","GPH","Brazil","GPH",214285.72,"140","NA","NA","NA","NA","NA","ok","NA","fob"
"140-355","R140->355",140,355,"",1950,"","","","",0,"","","","","","","imputed zero","","fob"
"140-355","140<-R355",355,140,"",1950,"","","","",,"","","","","","","not reported","","fob"
"140-360","R140->360",140,360,"",1950,"","","","",0,"","","","","","","imputed zero","","fob"
"140-360","140<-R360",360,140,"",1950,"","","","",,"","","","","","","not reported","","fob"
"140-365","R140->365",140,365,"",1950,"","","","",0,"","","","","","","imputed zero","","fob"
"140-365","140<-R365",365,140,"",1950,"","","","",,"","","","","","","not reported","","fob"
"140-375","140<-R375",375,140,"375->140",1950,"Brazil","GPH","Finland","GPH",1785714.3,"375","NA","NA","NA","NA","NA","ok","NA","fob"
"140-375","R140->375",140,375,"140->375",1950,"Finland","GPH","Brazil","GPH",4250000,"140","NA","NA","NA","NA","NA","ok","NA","fob"
"140-380","140<-R380",380,140,"380->140",1950,"Brazil","GPH","Sweden","GPH",15964286,"380","NA","NA","NA","NA","NA","ok","NA","fob"
"140-380","R140->380",140,380,"140->380",1950,"Sweden","GPH","Brazil","GPH",15821429,"140","NA","NA","NA","NA","NA","ok","NA","fob"
"140-385","140<-R385",385,140,"385->140",1950,"Brazil","GPH","Norway","GPH",4000000,"385","NA","NA","NA","NA","NA","ok","NA","fob"
"140-385","R140->385",140,385,"140->385",1950,"Norway","GPH","Brazil","GPH",5178571.5,"140","NA","NA","NA","NA","NA","ok","NA","fob"
"140-390","R140->390",140,390,"140->390",1950,"Denmark","GPH","Brazil","GPH",7428571.5,"140","NA","NA","NA","NA","NA","ok","NA","fob"
"140-390","140<-R390",390,140,"390->140",1950,"Brazil","GPH","Denmark","GPH",2464285.8,"390","NA","NA","NA","NA","NA","ok","NA","fob"
"140-395","140<-R395",395,140,"395->140",1950,"Brazil","GPH","Iceland","GPH",107142.86,"395","NA","NA","NA","NA","NA","ok","NA","fob"
"140-395","R140->395",140,395,"140->395",1950,"Iceland","GPH","Brazil","GPH",107142.86,"140","NA","NA","NA","NA","NA","ok","NA","fob"
"140-40","R140->40",140,40,"140->40",1950,"Cuba","GPH","Brazil","GPH",35714.285,"140","NA","NA","NA","NA","NA","ok","NA","fob"
"140-40","140<-R40",40,140,"",1950,"","","","",0,"","","","","","","imputed zero","","fob"
"140-41","140<-R41",41,140,"",1950,"","","","",0,"","","","","","","imputed zero","","fob"
"140-41","R140->41",140,41,"",1950,"","","","",0,"","","","","","","imputed zero","","fob"
"140-42","R140->42",140,42,"",1950,"","","","",0,"","","","","","","imputed zero","","fob"
"140-42","140<-R42",42,140,"",1950,"","","","",0,"","","","","","","imputed zero","","fob"
"140-452","R140->452",140,452,"",1950,"","","","",0,"","","","","","","imputed zero","","fob"
"140-452","140<-R452",452,140,"",1950,"","","","",0,"","","","","","","imputed zero","","fob"
"140-471","140<-R471",471,140,"",1950,"","","","",0,"","","","","","","imputed zero","","fob"
"140-471","R140->471",140,471,"",1950,"","","","",0,"","","","","","","imputed zero","","fob"
"140-475","R140->475",140,475,"",1950,"","","","",0,"","","","","","","imputed zero","","fob"
"140-475","140<-R475",475,140,"",1950,"","","","",0,"","","","","","","imputed zero","","fob"
"140-490","R140->490",140,490,"",1950,"","","","",0,"","","","","","","imputed zero","","fob"
"140-490","140<-R490",490,140,"490->140",1950,"Brazil","GPH","Democratic Republic of the Congo (Zaire) (Kinshasa) (Belgian Congo) (Congo Free State)","GPH",357142.84,"490","NA","NA","NA","NA","NA","ok","NA","fob"
"140-500","R140->500",140,500,"",1950,"","","","",0,"","","","","","","imputed zero","","fob"
"140-500","140<-R500",500,140,"",1950,"","","","",0,"","","","","","","imputed zero","","fob"
"140-501","R140->501",140,501,"",1950,"","","","",0,"","","","","","","imputed zero","","fob"
"140-501","140<-R501",501,140,"501->140",1950,"Brazil","GPH","Kenya (British East Africa Protectorate)","GPH",35714.285,"501","NA","NA","NA","NA","NA","ok","NA","fob"
"140-51","140<-R51",51,140,"",1950,"","","","",0,"","","","","","","imputed zero","","fob"
"140-51","R140->51",140,51,"",1950,"","","","",0,"","","","","","","imputed zero","","fob"
"140-512","140<-R512",512,140,"",1950,"","","","",0,"","","","","","","imputed zero","","fob"
"140-512","R140->512",140,512,"",1950,"","","","",0,"","","","","","","imputed zero","","fob"
"140-52","140<-R52",52,140,"52->140",1950,"Brazil","GPH","Trinidad and Tobago","GPH",4714285.5,"52","NA","NA","NA","NA","NA","ok","NA","fob"
"140-52","R140->52",140,52,"",1950,"","","","",0,"","","","","","","imputed zero","","fob"
"140-522","140<-R522",522,140,"",1950,"","","","",,"","","","","","","not reported","","fob"
"140-522","R140->522",140,522,"",1950,"","","","",0,"","","","","","","imputed zero","","fob"
"140-530","R140->530",140,530,"",1950,"","","","",0,"","","","","","","imputed zero","","fob"
"140-530","140<-R530",530,140,"",1950,"","","","",0,"","","","","","","imputed zero","","fob"
"140-540","R140->540",140,540,"140->540",1950,"Angola","GPH","Brazil","GPH",35714.285,"140","NA","NA","NA","NA","NA","ok","NA","fob"
"140-540","140<-R540",540,140,"",1950,"","","","",0,"","","","","","","imputed zero","","fob"
"140-541","140<-R541",541,140,"",1950,"","","","",0,"","","","","","","imputed zero","","fob"
"140-541","R140->541",140,541,"",1950,"","","","",0,"","","","","","","imputed zero","","fob"
"140-551","R140->551",140,551,"",1950,"","","","",0,"","","","","","","imputed zero","","fob"
"140-551","140<-R551",551,140,"",1950,"","","","",0,"","","","","","","imputed zero","","fob"
"140-552","140<-R552",552,140,"",1950,"","","","",0,"","","","","","","imputed zero","","fob"
"140-552","R140->552",140,552,"",1950,"","","","",0,"","","","","","","imputed zero","","fob"
"140-560","140<-R560",560,140,"",1950,"","","","",,"","","","","","","not reported","","fob"
"140-560","R140->560",140,560,"140->560",1950,"South Africa","GPH","Brazil","GPH",2928571.5,"140","NA","NA","NA","NA","NA","ok","NA","fob"
"140-580","R140->580",140,580,"",1950,"","","","",0,"","","","","","","imputed zero","","fob"
"140-580","140<-R580",580,140,"",1950,"","","","",0,"","","","","","","imputed zero","","fob"
"140-600","R140->600",140,600,"140->600",1950,"Morocco","GPH","Brazil","GPH",1107142.9,"140","NA","NA","NA","NA","NA","ok","NA","fob"
"140-600","140<-R600",600,140,"600->140",1950,"Brazil","GPH","Morocco","GPH",392857.16,"600","NA","NA","NA","NA","NA","ok","NA","fob"
"140-615","140<-R615",615,140,"615->140",1950,"Brazil","GPH","Algeria (Regency of Algiers)","GPH",392857.16,"615","NA","NA","NA","NA","NA","ok","NA","fob"
"140-615","R140->615",140,615,"140->615",1950,"Algeria (Regency of Algiers)","GPH","Brazil","GPH",607142.88,"140","NA","NA","NA","NA","NA","ok","NA","fob"
"140-616","R140->616",140,616,"",1950,"","","","",0,"","","","","","","imputed zero","","fob"
"140-616","140<-R616",616,140,"616->140",1950,"Brazil","GPH","Tunisia (Regency of Tunis)","GPH",642857.13,"616","NA","NA","NA","NA","NA","ok","NA","fob"
"140-625","140<-R625",625,140,"",1950,"","","","",0,"","","","","","","imputed zero","","fob"
"140-625","R140->625",140,625,"140->625",1950,"Sudan (Anglo-Egyptian Sudan) (Mahdist State)","GPH","Brazil","GPH",214285.72,"140","NA","NA","NA","NA","NA","ok","NA","fob"
"140-630","R140->630",140,630,"",1950,"","","","",0,"","","","","","","imputed zero","","fob"
"140-630","140<-R630",630,140,"",1950,"","","","",,"","","","","","","not reported","","fob"
"140-640","140<-R640",640,140,"640->140",1950,"Brazil","GPH","Turkey (Ottoman Empire)","GPH",107142.86,"640","NA","NA","NA","NA","NA","ok","NA","fob"
"140-640","R140->640",140,640,"140->640",1950,"Turkey (Ottoman Empire)","GPH","Brazil","GPH",892857.13,"140","NA","NA","NA","NA","NA","ok","NA","fob"
"140-645","140<-R645",645,140,"",1950,"","","","",0,"","","","","","","imputed zero","","fob"
"140-645","R140->645",140,645,"140->645",1950,"Iraq (Mesopotamia)","GPH","Brazil","GPH",392857.16,"140","NA","NA","NA","NA","NA","ok","NA","fob"
"140-651","140<-R651",651,140,"",1950,"","","","",0,"","","","","","","imputed zero","","fob"
"140-651","R140->651",140,651,"140->651",1950,"Egypt Arab Republic (Egypt)","GPH","Brazil","GPH",785714.31,"140","NA","NA","NA","NA","NA","ok","NA","fob"
"140-652","R140->652",140,652,"140->652",1950,"Syria","GPH","Brazil","GPH",428571.44,"140","NA","NA","NA","NA","NA","ok","NA","fob"
"140-652","140<-R652",652,140,"",1950,"","","","",0,"","","","","","","imputed zero","","fob"
"140-660","140<-R660",660,140,"",1950,"","","","",0,"","","","","","","imputed zero","","fob"
"140-660","R140->660",140,660,"",1950,"","","","",0,"","","","","","","imputed zero","","fob"
"140-666","R140->666",140,666,"140->666",1950,"Israel","GPH","Brazil","GPH",642857.13,"140","NA","NA","NA","NA","NA","ok","NA","fob"
"140-666","140<-R666",666,140,"",1950,"","","","",0,"","","","","","","imputed zero","","fob"
"140-670","R140->670",140,670,"140->670",1950,"Saudi Arabia (Emirate of Nejd) (Emirate of Diriyah)","GPH","Brazil","GPH",35714.285,"140","NA","NA","NA","NA","NA","ok","NA","fob"
"140-670","140<-R670",670,140,"",1950,"","","","",,"","","","","","","not reported","","fob"
"140-68","R140->68",140,68,"",1950,"","","","",0,"","","","","","","imputed zero","","fob"
"140-68","140<-R68",68,140,"",1950,"","","","",,"","","","","","","not reported","","fob"
"140-70","140<-R70",70,140,"70->140",1950,"Brazil","GPH","Mexico","GPH",821428.56,"70","NA","NA","NA","NA","NA","ok","NA","fob"
"140-70","R140->70",140,70,"140->70",1950,"Mexico","GPH","Brazil","GPH",1000000,"140","NA","NA","NA","NA","NA","ok","NA","fob"
"140-710","R140->710",140,710,"140->710",1950,"People's Republic of China (China)","GPH","Brazil","GPH",892857.13,"140","NA","NA","NA","NA","NA","ok","NA","fob"
"140-710","140<-R710",710,140,"",1950,"","","","",,"","","","","","","not reported","","fob"
"140-713","R140->713",140,713,"",1950,"","","","",0,"","","","","","","imputed zero","","fob"
"140-713","140<-R713",713,140,"",1950,"","","","",,"","","","","","","not reported","","fob"
"140-720","140<-R720",720,140,"",1950,"","","","",0,"","","","","","","imputed zero","","fob"
"140-720","R140->720",140,720,"",1950,"","","","",0,"","","","","","","imputed zero","","fob"
"140-732","R140->732",140,732,"",1950,"","","","",0,"","","","","","","imputed zero","","fob"
"140-732","140<-R732",732,140,"",1950,"","","","",,"","","","","","","not reported","","fob"
"140-740","R140->740",140,740,"140->740",1950,"Japan","GPH","Brazil","GPH",3821428.5,"140","NA","NA","NA","NA","NA","ok","NA","fob"
"140-740","140<-R740",740,140,"740->140",1950,"Brazil","GPH","Japan","GPH",821428.56,"740","NA","NA","NA","NA","NA","ok","NA","fob"
"140-750","R140->750",140,750,"",1950,"","","","",0,"","","","","","","imputed zero","","fob"
"140-750","140<-R750",750,140,"750->140",1950,"Brazil","GPH","India","GPH",464285.72,"750","NA","NA","NA","NA","NA","ok","NA","fob"
"140-770","R140->770",140,770,"",1950,"","","","",0,"","","","","","","imputed zero","","fob"
"140-770","140<-R770",770,140,"770->140",1950,"Brazil","GPH","Pakistan","GPH",678571.44,"770","NA","NA","NA","NA","NA","ok","NA","fob"
"140-775","R140->775",140,775,"",1950,"","","","",0,"","","","","","","imputed zero","","fob"
"140-775","140<-R775",775,140,"",1950,"","","","",0,"","","","","","","imputed zero","","fob"
"140-780","R140->780",140,780,"140->780",1950,"Sri Lanka (Ceylon)","GPH","Brazil","GPH",107142.86,"140","NA","NA","NA","NA","NA","ok","NA","fob"
"140-780","140<-R780",780,140,"",1950,"","","","",0,"","","","","","","imputed zero","","fob"
"140-800","140<-R800",800,140,"",1950,"","","","",,"","","","","","","not reported","","fob"
"140-800","R140->800",140,800,"140->800",1950,"Thailand (Siam)","GPH","Brazil","GPH",250000,"140","NA","NA","NA","NA","NA","ok","NA","fob"
"140-840","140<-R840",840,140,"",1950,"","","","",0,"","","","","","","imputed zero","","fob"
"140-840","R140->840",140,840,"140->840",1950,"Philippines","GPH","Brazil","GPH",250000,"140","NA","NA","NA","NA","NA","ok","NA","fob"
"140-850","R140->850",140,850,"",1950,"","","","",0,"","","","","","","imputed zero","","fob"
"140-850","140<-R850",850,140,"",1950,"","","","",0,"","","","","","","imputed zero","","fob"
"140-90","140<-R90",90,140,"",1950,"","","","",0,"","","","","","","imputed zero","","fob"
"140-90","R140->90",140,90,"",1950,"","","","",0,"","","","","","","imputed zero","","fob"
"140-900","R140->900",140,900,"140->900",1950,"Australia","GPH","Brazil","GPH",2964285.8,"140","NA","NA","NA","NA","NA","ok","NA","fob"
"140-900","140<-R900",900,140,"900->140",1950,"Brazil","GPH","Australia","GPH",285714.28,"900","NA","NA","NA","NA","NA","ok","NA","fob"
"140-91","R140->91",140,91,"",1950,"","","","",0,"","","","","","","imputed zero","","fob"
"140-91","140<-R91",91,140,"",1950,"","","","",0,"","","","","","","imputed zero","","fob"
"140-92","R140->92",140,92,"",1950,"","","","",0,"","","","","","","imputed zero","","fob"
"140-92","140<-R92",92,140,"",1950,"","","","",0,"","","","","","","imputed zero","","fob"
"140-920","140<-R920",920,140,"",1950,"","","","",0,"","","","","","","imputed zero","","fob"
"140-920","R140->920",140,920,"",1950,"","","","",0,"","","","","","","imputed zero","","fob"
"140-93","140<-R93",93,140,"",1950,"","","","",0,"","","","","","","imputed zero","","fob"
"140-93","R140->93",140,93,"",1950,"","","","",0,"","","","","","","imputed zero","","fob"
"140-94","140<-R94",94,140,"",1950,"","","","",0,"","","","","","","imputed zero","","fob"
"140-94","R140->94",140,94,"",1950,"","","","",0,"","","","","","","imputed zero","","fob"
"140-95","R140->95",140,95,"",1950,"","","","",0,"","","","","","","imputed zero","","fob"
"140-95","140<-R95",95,140,"",1950,"","","","",0,"","","","","","","imputed zero","","fob"
"140-960","140<-R960",960,140,"",1950,"","","","",,"","","","","","","not reported","","fob"
"140-960","R140->960",140,960,"",1950,"","","","",0,"","","","","","","imputed zero","","fob"
"145-150","145<-R150",150,145,"",1950,"","","","",,"","","","","","","not reported","","fob"
"145-150","R145->150",145,150,"",1950,"","","","",0,"","","","","","","imputed zero","","fob"
"145-155","R145->155",145,155,"145->155",1950,"Chile","GPH","Bolivia","GPH",35714.285,"145","NA","NA","NA","NA","NA","ok","NA","fob"
"145-155","145<-R155",155,145,"155->145",1950,"Bolivia","GPH","Chile","GPH",571428.56,"155","NA","NA","NA","NA","NA","ok","NA","fob"
"145-160","R145->160",145,160,"145->160",1950,"Argentina (La Plata)","GPH","Bolivia","GPH",750000,"145","NA","NA","NA","NA","NA","ok","NA","fob"
"145-160","145<-R160",160,145,"",1950,"","","","",,"","","","","","","not reported","","fob"
"145-165","R145->165",145,165,"",1950,"","","","",0,"","","","","","","imputed zero","","fob"
"145-165","145<-R165",165,145,"165->145",1950,"Bolivia","GPH","Uruguay","GPH",250000,"165","NA","NA","NA","NA","NA","ok","NA","fob"
"145-2","145<-R2",2,145,"2->145",1950,"Bolivia","GPH","United States of America","GPH",7500000,"2","NA","NA","NA","NA","NA","ok","NA","fob"
"145-2","R145->2",145,2,"145->2",1950,"United States of America","GPH","Bolivia","GPH",22392858,"145","NA","NA","NA","NA","NA","ok","NA","fob"
"145-20","145<-R20",20,145,"20->145",1950,"Bolivia","GPH","Canada (Province of Canada)","GPH",750000,"20","NA","NA","NA","NA","NA","ok","NA","fob"
"145-20","R145->20",145,20,"",1950,"","","","",0,"","","","","","","imputed zero","","fob"
"145-200","145<-R200",200,145,"200->145",1950,"Bolivia","GPH","United Kingdom","GPH",1035714.3,"200","NA","NA","NA","NA","NA","ok","NA","fob"
"145-200","R145->200",145,200,"145->200",1950,"United Kingdom","GPH","Bolivia","GPH",9928571,"145","NA","NA","NA","NA","NA","ok","NA","fob"
"145-205","R145->205",145,205,"",1950,"","","","",0,"","","","","","","imputed zero","","fob"
"145-205","145<-R205",205,145,"",1950,"","","","",0,"","","","","","","imputed zero","","fob"
"145-210","R145->210",145,210,"",1950,"","","","",0,"","","","","","","imputed zero","","fob"
"145-210","145<-R210",210,145,"210->145",1950,"Bolivia","GPH","Netherlands","GPH",35714.285,"210","NA","NA","NA","NA","NA","ok","NA","fob"
"145-220","145<-R220",220,145,"220->145",1950,"Bolivia","GPH","France","GPH",107142.86,"220","NA","NA","NA","NA","NA","ok","NA","fob"
"145-220","R145->220",145,220,"145->220",1950,"France","GPH","Bolivia","GPH",35714.285,"145","NA","NA","NA","NA","NA","ok","NA","fob"
"145-225","R145->225",145,225,"",1950,"","","","",0,"","","","","","","imputed zero","","fob"
"145-225","145<-R225",225,145,"225->145",1950,"Bolivia","GPH","Switzerland","GPH",500000,"225","NA","NA","NA","NA","NA","ok","NA","fob"
"145-230","145<-R230",230,145,"230->145",1950,"Bolivia","GPH","Spain","GPH",250000,"230","NA","NA","NA","NA","NA","ok","NA","fob"
"145-230","R145->230",145,230,"",1950,"","","","",0,"","","","","","","imputed zero","","fob"
"145-235","145<-R235",235,145,"",1950,"","","","",0,"","","","","","","imputed zero","","fob"
"145-235","R145->235",145,235,"",1950,"","","","",0,"","","","","","","imputed zero","","fob"
"145-255","145<-R255",255,145,"255->145",1950,"Bolivia","GPH","Germany (Zollverein)","GPH",357142.84,"255","NA","NA","NA","NA","NA","ok","NA","fob"
"145-255","R145->255",145,255,"",1950,"","","","",0,"","","","","","","imputed zero","","fob"
"145-290","145<-R290",290,145,"",1950,"","","","",,"","","","","","","not reported","","fob"
"145-290","R145->290",145,290,"",1950,"","","","",0,"","","","","","","imputed zero","","fob"
"145-305","145<-R305",305,145,"305->145",1950,"Bolivia","GPH","Austria","GPH",35714.285,"305","NA","NA","NA","NA","NA","ok","NA","fob"
"145-305","R145->305",145,305,"",1950,"","","","",0,"","","","","","","imputed zero","","fob"
"145-310","145<-R310",310,145,"",1950,"","","","",,"","","","","","","not reported","","fob"
"145-310","R145->310",145,310,"",1950,"","","","",0,"","","","","","","imputed zero","","fob"
"145-315","145<-R315",315,145,"",1950,"","","","",,"","","","","","","not reported","","fob"
"145-315","R145->315",145,315,"",1950,"","","","",0,"","","","","","","imputed zero","","fob"
"145-325","R145->325",145,325,"",1950,"","","","",0,"","","","","","","imputed zero","","fob"
"145-325","145<-R325",325,145,"325->145",1950,"Bolivia","GPH","Italy","GPH",142857.14,"325","NA","NA","NA","NA","NA","ok","NA","fob"
"145-345","145<-R345",345,145,"",1950,"","","","",,"","","","","","","not reported","","fob"
"145-345","R145->345",145,345,"",1950,"","","","",0,"","","","","","","imputed zero","","fob"
"145-350","R145->350",145,350,"",1950,"","","","",0,"","","","","","","imputed zero","","fob"
"145-350","145<-R350",350,145,"",1950,"","","","",0,"","","","","","","imputed zero","","fob"
"145-352","145<-R352",352,145,"",1950,"","","","",0,"","","","","","","imputed zero","","fob"
"145-352","R145->352",145,352,"",1950,"","","","",0,"","","","","","","imputed zero","","fob"
"145-355","145<-R355",355,145,"",1950,"","","","",,"","","","","","","not reported","","fob"
"145-355","R145->355",145,355,"",1950,"","","","",0,"","","","","","","imputed zero","","fob"
"145-360","R145->360",145,360,"",1950,"","","","",0,"","","","","","","imputed zero","","fob"
"145-360","145<-R360",360,145,"",1950,"","","","",,"","","","","","","not reported","","fob"
"145-365","R145->365",145,365,"",1950,"","","","",0,"","","","","","","imputed zero","","fob"
"145-365","145<-R365",365,145,"",1950,"","","","",,"","","","","","","not reported","","fob"
"145-375","R145->375",145,375,"",1950,"","","","",0,"","","","","","","imputed zero","","fob"
"145-375","145<-R375",375,145,"",1950,"","","","",0,"","","","","","","imputed zero","","fob"
"145-380","R145->380",145,380,"",1950,"","","","",0,"","","","","","","imputed zero","","fob"
"145-380","145<-R380",380,145,"380->145",1950,"Bolivia","GPH","Sweden","GPH",71428.57,"380","NA","NA","NA","NA","NA","ok","NA","fob"
"145-385","145<-R385",385,145,"",1950,"","","","",0,"","","","","","","imputed zero","","fob"
"145-385","R145->385",145,385,"",1950,"","","","",0,"","","","","","","imputed zero","","fob"
"145-390","R145->390",145,390,"",1950,"","","","",0,"","","","","","","imputed zero","","fob"
"145-390","145<-R390",390,145,"",1950,"","","","",0,"","","","","","","imputed zero","","fob"
"145-395","145<-R395",395,145,"",1950,"","","","",0,"","","","","","","imputed zero","","fob"
"145-395","R145->395",145,395,"",1950,"","","","",0,"","","","","","","imputed zero","","fob"
"145-40","145<-R40",40,145,"",1950,"","","","",0,"","","","","","","imputed zero","","fob"
"145-40","R145->40",145,40,"",1950,"","","","",0,"","","","","","","imputed zero","","fob"
"145-41","145<-R41",41,145,"",1950,"","","","",0,"","","","","","","imputed zero","","fob"
"145-41","R145->41",145,41,"",1950,"","","","",0,"","","","","","","imputed zero","","fob"
"145-42","R145->42",145,42,"",1950,"","","","",0,"","","","","","","imputed zero","","fob"
"145-42","145<-R42",42,145,"",1950,"","","","",0,"","","","","","","imputed zero","","fob"
"145-452","145<-R452",452,145,"",1950,"","","","",0,"","","","","","","imputed zero","","fob"
"145-452","R145->452",145,452,"",1950,"","","","",0,"","","","","","","imputed zero","","fob"
"145-471","145<-R471",471,145,"",1950,"","","","",0,"","","","","","","imputed zero","","fob"
"145-471","R145->471",145,471,"",1950,"","","","",0,"","","","","","","imputed zero","","fob"
"145-475","R145->475",145,475,"",1950,"","","","",0,"","","","","","","imputed zero","","fob"
"145-475","145<-R475",475,145,"",1950,"","","","",0,"","","","","","","imputed zero","","fob"
"145-490","R145->490",145,490,"",1950,"","","","",0,"","","","","","","imputed zero","","fob"
"145-490","145<-R490",490,145,"",1950,"","","","",0,"","","","","","","imputed zero","","fob"
"145-500","145<-R500",500,145,"",1950,"","","","",0,"","","","","","","imputed zero","","fob"
"145-500","R145->500",145,500,"",1950,"","","","",0,"","","","","","","imputed zero","","fob"
"145-501","145<-R501",501,145,"",1950,"","","","",0,"","","","","","","imputed zero","","fob"
"145-501","R145->501",145,501,"",1950,"","","","",0,"","","","","","","imputed zero","","fob"
"145-51","R145->51",145,51,"",1950,"","","","",0,"","","","","","","imputed zero","","fob"
"145-51","145<-R51",51,145,"",1950,"","","","",0,"","","","","","","imputed zero","","fob"
"145-512","R145->512",145,512,"",1950,"","","","",0,"","","","","","","imputed zero","","fob"
"145-512","145<-R512",512,145,"",1950,"","","","",0,"","","","","","","imputed zero","","fob"
"145-52","145<-R52",52,145,"",1950,"","","","",0,"","","","","","","imputed zero","","fob"
"145-52","R145->52",145,52,"",1950,"","","","",0,"","","","","","","imputed zero","","fob"
"145-522","145<-R522",522,145,"",1950,"","","","",,"","","","","","","not reported","","fob"
"145-522","R145->522",145,522,"",1950,"","","","",0,"","","","","","","imputed zero","","fob"
"145-530","R145->530",145,530,"",1950,"","","","",0,"","","","","","","imputed zero","","fob"
"145-530","145<-R530",530,145,"",1950,"","","","",0,"","","","","","","imputed zero","","fob"
"145-540","R145->540",145,540,"",1950,"","","","",0,"","","","","","","imputed zero","","fob"
"145-540","145<-R540",540,145,"",1950,"","","","",0,"","","","","","","imputed zero","","fob"
"145-541","R145->541",145,541,"",1950,"","","","",0,"","","","","","","imputed zero","","fob"
"145-541","145<-R541",541,145,"",1950,"","","","",0,"","","","","","","imputed zero","","fob"
"145-551","R145->551",145,551,"",1950,"","","","",0,"","","","","","","imputed zero","","fob"
"145-551","145<-R551",551,145,"",1950,"","","","",0,"","","","","","","imputed zero","","fob"
"145-552","145<-R552",552,145,"",1950,"","","","",0,"","","","","","","imputed zero","","fob"
"145-552","R145->552",145,552,"",1950,"","","","",0,"","","","","","","imputed zero","","fob"
"145-560","145<-R560",560,145,"",1950,"","","","",,"","","","","","","not reported","","fob"
"145-560","R145->560",145,560,"",1950,"","","","",0,"","","","","","","imputed zero","","fob"
"145-580","145<-R580",580,145,"",1950,"","","","",0,"","","","","","","imputed zero","","fob"
"145-580","R145->580",145,580,"",1950,"","","","",0,"","","","","","","imputed zero","","fob"
"145-600","R145->600",145,600,"",1950,"","","","",0,"","","","","","","imputed zero","","fob"
"145-600","145<-R600",600,145,"",1950,"","","","",0,"","","","","","","imputed zero","","fob"
"145-615","145<-R615",615,145,"",1950,"","","","",0,"","","","","","","imputed zero","","fob"
"145-615","R145->615",145,615,"",1950,"","","","",0,"","","","","","","imputed zero","","fob"
"145-616","145<-R616",616,145,"",1950,"","","","",0,"","","","","","","imputed zero","","fob"
"145-616","R145->616",145,616,"",1950,"","","","",0,"","","","","","","imputed zero","","fob"
"145-625","145<-R625",625,145,"",1950,"","","","",0,"","","","","","","imputed zero","","fob"
"145-625","R145->625",145,625,"",1950,"","","","",0,"","","","","","","imputed zero","","fob"
"145-630","R145->630",145,630,"",1950,"","","","",0,"","","","","","","imputed zero","","fob"
"145-630","145<-R630",630,145,"",1950,"","","","",,"","","","","","","not reported","","fob"
"145-640","R145->640",145,640,"",1950,"","","","",0,"","","","","","","imputed zero","","fob"
"145-640","145<-R640",640,145,"",1950,"","","","",0,"","","","","","","imputed zero","","fob"
"145-645","R145->645",145,645,"",1950,"","","","",0,"","","","","","","imputed zero","","fob"
"145-645","145<-R645",645,145,"",1950,"","","","",0,"","","","","","","imputed zero","","fob"
"145-651","145<-R651",651,145,"",1950,"","","","",0,"","","","","","","imputed zero","","fob"
"145-651","R145->651",145,651,"",1950,"","","","",0,"","","","","","","imputed zero","","fob"
"145-652","R145->652",145,652,"",1950,"","","","",0,"","","","","","","imputed zero","","fob"
"145-652","145<-R652",652,145,"",1950,"","","","",0,"","","","","","","imputed zero","","fob"
"145-660","R145->660",145,660,"",1950,"","","","",0,"","","","","","","imputed zero","","fob"
"145-660","145<-R660",660,145,"",1950,"","","","",0,"","","","","","","imputed zero","","fob"
"145-666","R145->666",145,666,"",1950,"","","","",0,"","","","","","","imputed zero","","fob"
"145-666","145<-R666",666,145,"",1950,"","","","",0,"","","","","","","imputed zero","","fob"
"145-670","145<-R670",670,145,"",1950,"","","","",,"","","","","","","not reported","","fob"
"145-670","R145->670",145,670,"",1950,"","","","",0,"","","","","","","imputed zero","","fob"
"145-68","R145->68",145,68,"",1950,"","","","",0,"","","","","","","imputed zero","","fob"
"145-68","145<-R68",68,145,"",1950,"","","","",,"","","","","","","not reported","","fob"
"145-70","145<-R70",70,145,"",1950,"","","","",0,"","","","","","","imputed zero","","fob"
"145-70","R145->70",145,70,"",1950,"","","","",0,"","","","","","","imputed zero","","fob"
"145-710","R145->710",145,710,"",1950,"","","","",0,"","","","","","","imputed zero","","fob"
"145-710","145<-R710",710,145,"",1950,"","","","",,"","","","","","","not reported","","fob"
"145-713","R145->713",145,713,"",1950,"","","","",0,"","","","","","","imputed zero","","fob"
"145-713","145<-R713",713,145,"",1950,"","","","",,"","","","","","","not reported","","fob"
"145-720","R145->720",145,720,"",1950,"","","","",0,"","","","","","","imputed zero","","fob"
"145-720","145<-R720",720,145,"",1950,"","","","",0,"","","","","","","imputed zero","","fob"
"145-732","145<-R732",732,145,"",1950,"","","","",,"","","","","","","not reported","","fob"
"145-732","R145->732",145,732,"",1950,"","","","",0,"","","","","","","imputed zero","","fob"
"145-740","145<-R740",740,145,"740->145",1950,"Bolivia","GPH","Japan","GPH",35714.285,"740","NA","NA","NA","NA","NA","ok","NA","fob"
"145-740","R145->740",145,740,"",1950,"","","","",0,"","","","","","","imputed zero","","fob"
"145-750","R145->750",145,750,"",1950,"","","","",0,"","","","","","","imputed zero","","fob"
"145-750","145<-R750",750,145,"",1950,"","","","",0,"","","","","","","imputed zero","","fob"
"145-770","145<-R770",770,145,"",1950,"","","","",0,"","","","","","","imputed zero","","fob"
"145-770","R145->770",145,770,"",1950,"","","","",0,"","","","","","","imputed zero","","fob"
"145-775","R145->775",145,775,"",1950,"","","","",0,"","","","","","","imputed zero","","fob"
"145-775","145<-R775",775,145,"",1950,"","","","",0,"","","","","","","imputed zero","","fob"
"145-780","R145->780",145,780,"",1950,"","","","",0,"","","","","","","imputed zero","","fob"
"145-780","145<-R780",780,145,"",1950,"","","","",0,"","","","","","","imputed zero","","fob"
"145-800","145<-R800",800,145,"",1950,"","","","",,"","","","","","","not reported","","fob"
"145-800","R145->800",145,800,"",1950,"","","","",0,"","","","","","","imputed zero","","fob"
"145-840","145<-R840",840,145,"",1950,"","","","",0,"","","","","","","imputed zero","","fob"
"145-840","R145->840",145,840,"",1950,"","","","",0,"","","","","","","imputed zero","","fob"
"145-850","R145->850",145,850,"",1950,"","","","",0,"","","","","","","imputed zero","","fob"
"145-850","145<-R850",850,145,"",1950,"","","","",0,"","","","","","","imputed zero","","fob"
"145-90","145<-R90",90,145,"",1950,"","","","",0,"","","","","","","imputed zero","","fob"
"145-90","R145->90",145,90,"",1950,"","","","",0,"","","","","","","imputed zero","","fob"
"145-900","145<-R900",900,145,"",1950,"","","","",0,"","","","","","","imputed zero","","fob"
"145-900","R145->900",145,900,"",1950,"","","","",0,"","","","","","","imputed zero","","fob"
"145-91","R145->91",145,91,"",1950,"","","","",0,"","","","","","","imputed zero","","fob"
"145-91","145<-R91",91,145,"",1950,"","","","",0,"","","","","","","imputed zero","","fob"
"145-92","145<-R92",92,145,"",1950,"","","","",0,"","","","","","","imputed zero","","fob"
"145-92","R145->92",145,92,"",1950,"","","","",0,"","","","","","","imputed zero","","fob"
"145-920","145<-R920",920,145,"",1950,"","","","",0,"","","","","","","imputed zero","","fob"
"145-920","R145->920",145,920,"",1950,"","","","",0,"","","","","","","imputed zero","","fob"
"145-93","R145->93",145,93,"",1950,"","","","",0,"","","","","","","imputed zero","","fob"
"145-93","145<-R93",93,145,"",1950,"","","","",0,"","","","","","","imputed zero","","fob"
"145-94","145<-R94",94,145,"",1950,"","","","",0,"","","","","","","imputed zero","","fob"
"145-94","R145->94",145,94,"",1950,"","","","",0,"","","","","","","imputed zero","","fob"
"145-95","R145->95",145,95,"",1950,"","","","",0,"","","","","","","imputed zero","","fob"
"145-95","145<-R95",95,145,"",1950,"","","","",0,"","","","","","","imputed zero","","fob"
"145-960","R145->960",145,960,"",1950,"","","","",0,"","","","","","","imputed zero","","fob"
"145-960","145<-R960",960,145,"",1950,"","","","",,"","","","","","","not reported","","fob"
"150-155","R150->155",150,155,"",1950,"","","","",,"","","","","","","not reported","","fob"
"150-155","150<-R155",155,150,"155->150",1950,"Paraguay","GPH","Chile","GPH",35714.285,"155","NA","NA","NA","NA","NA","ok","NA","fob"
"150-160","150<-R160",160,150,"",1950,"","","","",,"","","","","","","not reported","","fob"
"150-160","R150->160",150,160,"",1950,"","","","",,"","","","","","","not reported","","fob"
"150-165","R150->165",150,165,"",1950,"","","","",,"","","","","","","not reported","","fob"
"150-165","150<-R165",165,150,"165->150",1950,"Paraguay","GPH","Uruguay","GPH",214285.72,"165","NA","NA","NA","NA","NA","ok","NA","fob"
"150-2","R150->2",150,2,"",1950,"","","","",,"","","","","","","not reported","","fob"
"150-2","150<-R2",2,150,"2->150",1950,"Paraguay","GPH","United States of America","GPH",1071428.6,"2","NA","NA","NA","NA","NA","ok","NA","fob"
"150-20","R150->20",150,20,"",1950,"","","","",,"","","","","","","not reported","","fob"
"150-20","150<-R20",20,150,"20->150",1950,"Paraguay","GPH","Canada (Province of Canada)","GPH",35714.285,"20","NA","NA","NA","NA","NA","ok","NA","fob"
"150-200","150<-R200",200,150,"200->150",1950,"Paraguay","GPH","United Kingdom","GPH",535714.31,"200","NA","NA","NA","NA","NA","ok","NA","fob"
"150-200","R150->200",150,200,"",1950,"","","","",,"","","","","","","not reported","","fob"
"150-205","150<-R205",205,150,"",1950,"","","","",0,"","","","","","","imputed zero","","fob"
"150-205","R150->205",150,205,"",1950,"","","","",,"","","","","","","not reported","","fob"
"150-210","150<-R210",210,150,"210->150",1950,"Paraguay","GPH","Netherlands","GPH",142857.14,"210","NA","NA","NA","NA","NA","ok","NA","fob"
"150-210","R150->210",150,210,"",1950,"","","","",,"","","","","","","not reported","","fob"
"150-220","R150->220",150,220,"",1950,"","","","",,"","","","","","","not reported","","fob"
"150-220","150<-R220",220,150,"220->150",1950,"Paraguay","GPH","France","GPH",107142.86,"220","NA","NA","NA","NA","NA","ok","NA","fob"
"150-225","R150->225",150,225,"",1950,"","","","",,"","","","","","","not reported","","fob"
"150-225","150<-R225",225,150,"225->150",1950,"Paraguay","GPH","Switzerland","GPH",250000,"225","NA","NA","NA","NA","NA","ok","NA","fob"
"150-230","R150->230",150,230,"",1950,"","","","",,"","","","","","","not reported","","fob"
"150-230","150<-R230",230,150,"",1950,"","","","",0,"","","","","","","imputed zero","","fob"
"150-235","R150->235",150,235,"",1950,"","","","",,"","","","","","","not reported","","fob"
"150-235","150<-R235",235,150,"",1950,"","","","",0,"","","","","","","imputed zero","","fob"
"150-255","R150->255",150,255,"",1950,"","","","",,"","","","","","","not reported","","fob"
"150-255","150<-R255",255,150,"255->150",1950,"Paraguay","GPH","Germany (Zollverein)","GPH",357142.84,"255","NA","NA","NA","NA","NA","ok","NA","fob"
"150-290","R150->290",150,290,"",1950,"","","","",,"","","","","","","not reported","","fob"
"150-290","150<-R290",290,150,"",1950,"","","","",,"","","","","","","not reported","","fob"
"150-305","R150->305",150,305,"",1950,"","","","",,"","","","","","","not reported","","fob"
"150-305","150<-R305",305,150,"",1950,"","","","",0,"","","","","","","imputed zero","","fob"
"150-310","150<-R310",310,150,"",1950,"","","","",,"","","","","","","not reported","","fob"
"150-310","R150->310",150,310,"",1950,"","","","",,"","","","","","","not reported","","fob"
"150-315","R150->315",150,315,"",1950,"","","","",,"","","","","","","not reported","","fob"
"150-315","150<-R315",315,150,"",1950,"","","","",,"","","","","","","not reported","","fob"
"150-325","150<-R325",325,150,"325->150",1950,"Paraguay","GPH","Italy","GPH",214285.72,"325","NA","NA","NA","NA","NA","ok","NA","fob"
"150-325","R150->325",150,325,"",1950,"","","","",,"","","","","","","not reported","","fob"
"150-345","R150->345",150,345,"",1950,"","","","",,"","","","","","","not reported","","fob"
"150-345","150<-R345",345,150,"",1950,"","","","",,"","","","","","","not reported","","fob"
"150-350","R150->350",150,350,"",1950,"","","","",,"","","","","","","not reported","","fob"
"150-350","150<-R350",350,150,"",1950,"","","","",0,"","","","","","","imputed zero","","fob"
"150-352","R150->352",150,352,"",1950,"","","","",,"","","","","","","not reported","","fob"
"150-352","150<-R352",352,150,"",1950,"","","","",0,"","","","","","","imputed zero","","fob"
"150-355","150<-R355",355,150,"",1950,"","","","",,"","","","","","","not reported","","fob"
"150-355","R150->355",150,355,"",1950,"","","","",,"","","","","","","not reported","","fob"
"150-360","R150->360",150,360,"",1950,"","","","",,"","","","","","","not reported","","fob"
"150-360","150<-R360",360,150,"",1950,"","","","",,"","","","","","","not reported","","fob"
"150-365","150<-R365",365,150,"",1950,"","","","",,"","","","","","","not reported","","fob"
"150-365","R150->365",150,365,"",1950,"","","","",,"","","","","","","not reported","","fob"
"150-375","R150->375",150,375,"",1950,"","","","",,"","","","","","","not reported","","fob"
"150-375","150<-R375",375,150,"",1950,"","","","",0,"","","","","","","imputed zero","","fob"
"150-380","R150->380",150,380,"",1950,"","","","",,"","","","","","","not reported","","fob"
"150-380","150<-R380",380,150,"380->150",1950,"Paraguay","GPH","Sweden","GPH",214285.72,"380","NA","NA","NA","NA","NA","ok","NA","fob"
"150-385","R150->385",150,385,"",1950,"","","","",,"","","","","","","not reported","","fob"
"150-385","150<-R385",385,150,"",1950,"","","","",0,"","","","","","","imputed zero","","fob"
"150-390","150<-R390",390,150,"",1950,"","","","",0,"","","","","","","imputed zero","","fob"
"150-390","R150->390",150,390,"",1950,"","","","",,"","","","","","","not reported","","fob"
"150-395","150<-R395",395,150,"",1950,"","","","",0,"","","","","","","imputed zero","","fob"
"150-395","R150->395",150,395,"",1950,"","","","",,"","","","","","","not reported","","fob"
"150-40","R150->40",150,40,"",1950,"","","","",,"","","","","","","not reported","","fob"
"150-40","150<-R40",40,150,"",1950,"","","","",0,"","","","","","","imputed zero","","fob"
"150-41","R150->41",150,41,"",1950,"","","","",,"","","","","","","not reported","","fob"
"150-41","150<-R41",41,150,"",1950,"","","","",0,"","","","","","","imputed zero","","fob"
"150-42","R150->42",150,42,"",1950,"","","","",,"","","","","","","not reported","","fob"
"150-42","150<-R42",42,150,"",1950,"","","","",0,"","","","","","","imputed zero","","fob"
"150-452","R150->452",150,452,"",1950,"","","","",,"","","","","","","not reported","","fob"
"150-452","150<-R452",452,150,"",1950,"","","","",0,"","","","","","","imputed zero","","fob"
"150-471","150<-R471",471,150,"",1950,"","","","",0,"","","","","","","imputed zero","","fob"
"150-471","R150->471",150,471,"",1950,"","","","",,"","","","","","","not reported","","fob"
"150-475","150<-R475",475,150,"",1950,"","","","",0,"","","","","","","imputed zero","","fob"
"150-475","R150->475",150,475,"",1950,"","","","",,"","","","","","","not reported","","fob"
"150-490","150<-R490",490,150,"",1950,"","","","",0,"","","","","","","imputed zero","","fob"
"150-490","R150->490",150,490,"",1950,"","","","",,"","","","","","","not reported","","fob"
"150-500","R150->500",150,500,"",1950,"","","","",,"","","","","","","not reported","","fob"
"150-500","150<-R500",500,150,"",1950,"","","","",0,"","","","","","","imputed zero","","fob"
"150-501","150<-R501",501,150,"",1950,"","","","",0,"","","","","","","imputed zero","","fob"
"150-501","R150->501",150,501,"",1950,"","","","",,"","","","","","","not reported","","fob"
"150-51","150<-R51",51,150,"",1950,"","","","",0,"","","","","","","imputed zero","","fob"
"150-51","R150->51",150,51,"",1950,"","","","",,"","","","","","","not reported","","fob"
"150-512","150<-R512",512,150,"",1950,"","","","",0,"","","","","","","imputed zero","","fob"
"150-512","R150->512",150,512,"",1950,"","","","",,"","","","","","","not reported","","fob"
"150-52","R150->52",150,52,"",1950,"","","","",,"","","","","","","not reported","","fob"
"150-52","150<-R52",52,150,"",1950,"","","","",0,"","","","","","","imputed zero","","fob"
"150-522","R150->522",150,522,"",1950,"","","","",,"","","","","","","not reported","","fob"
"150-522","150<-R522",522,150,"",1950,"","","","",,"","","","","","","not reported","","fob"
"150-530","R150->530",150,530,"",1950,"","","","",,"","","","","","","not reported","","fob"
"150-530","150<-R530",530,150,"",1950,"","","","",0,"","","","","","","imputed zero","","fob"
"150-540","R150->540",150,540,"",1950,"","","","",,"","","","","","","not reported","","fob"
"150-540","150<-R540",540,150,"",1950,"","","","",0,"","","","","","","imputed zero","","fob"
"150-541","R150->541",150,541,"",1950,"","","","",,"","","","","","","not reported","","fob"
"150-541","150<-R541",541,150,"",1950,"","","","",0,"","","","","","","imputed zero","","fob"
"150-551","R150->551",150,551,"",1950,"","","","",,"","","","","","","not reported","","fob"
"150-551","150<-R551",551,150,"",1950,"","","","",0,"","","","","","","imputed zero","","fob"
"150-552","R150->552",150,552,"",1950,"","","","",,"","","","","","","not reported","","fob"
"150-552","150<-R552",552,150,"",1950,"","","","",0,"","","","","","","imputed zero","","fob"
"150-560","150<-R560",560,150,"",1950,"","","","",,"","","","","","","not reported","","fob"
"150-560","R150->560",150,560,"",1950,"","","","",,"","","","","","","not reported","","fob"
"150-580","R150->580",150,580,"",1950,"","","","",,"","","","","","","not reported","","fob"
"150-580","150<-R580",580,150,"",1950,"","","","",0,"","","","","","","imputed zero","","fob"
"150-600","R150->600",150,600,"",1950,"","","","",,"","","","","","","not reported","","fob"
"150-600","150<-R600",600,150,"",1950,"","","","",0,"","","","","","","imputed zero","","fob"
"150-615","R150->615",150,615,"",1950,"","","","",,"","","","","","","not reported","","fob"
"150-615","150<-R615",615,150,"",1950,"","","","",0,"","","","","","","imputed zero","","fob"
"150-616","150<-R616",616,150,"",1950,"","","","",0,"","","","","","","imputed zero","","fob"
"150-616","R150->616",150,616,"",1950,"","","","",,"","","","","","","not reported","","fob"
"150-625","150<-R625",625,150,"",1950,"","","","",0,"","","","","","","imputed zero","","fob"
"150-625","R150->625",150,625,"",1950,"","","","",,"","","","","","","not reported","","fob"
"150-630","150<-R630",630,150,"",1950,"","","","",,"","","","","","","not reported","","fob"
"150-630","R150->630",150,630,"",1950,"","","","",,"","","","","","","not reported","","fob"
"150-640","150<-R640",640,150,"",1950,"","","","",0,"","","","","","","imputed zero","","fob"
"150-640","R150->640",150,640,"",1950,"","","","",,"","","","","","","not reported","","fob"
"150-645","150<-R645",645,150,"",1950,"","","","",0,"","","","","","","imputed zero","","fob"
"150-645","R150->645",150,645,"",1950,"","","","",,"","","","","","","not reported","","fob"
"150-651","R150->651",150,651,"",1950,"","","","",,"","","","","","","not reported","","fob"
"150-651","150<-R651",651,150,"",1950,"","","","",0,"","","","","","","imputed zero","","fob"
"150-652","150<-R652",652,150,"",1950,"","","","",0,"","","","","","","imputed zero","","fob"
"150-652","R150->652",150,652,"",1950,"","","","",,"","","","","","","not reported","","fob"
"150-660","R150->660",150,660,"",1950,"","","","",,"","","","","","","not reported","","fob"
"150-660","150<-R660",660,150,"",1950,"","","","",0,"","","","","","","imputed zero","","fob"
"150-666","R150->666",150,666,"",1950,"","","","",,"","","","","","","not reported","","fob"
"150-666","150<-R666",666,150,"",1950,"","","","",0,"","","","","","","imputed zero","","fob"
"150-670","R150->670",150,670,"",1950,"","","","",,"","","","","","","not reported","","fob"
"150-670","150<-R670",670,150,"",1950,"","","","",,"","","","","","","not reported","","fob"
"150-68","150<-R68",68,150,"",1950,"","","","",,"","","","","","","not reported","","fob"
"150-68","R150->68",150,68,"",1950,"","","","",,"","","","","","","not reported","","fob"
"150-70","150<-R70",70,150,"",1950,"","","","",0,"","","","","","","imputed zero","","fob"
"150-70","R150->70",150,70,"",1950,"","","","",,"","","","","","","not reported","","fob"
"150-710","150<-R710",710,150,"",1950,"","","","",,"","","","","","","not reported","","fob"
"150-710","R150->710",150,710,"",1950,"","","","",,"","","","","","","not reported","","fob"
"150-713","150<-R713",713,150,"",1950,"","","","",,"","","","","","","not reported","","fob"
"150-713","R150->713",150,713,"",1950,"","","","",,"","","","","","","not reported","","fob"
"150-720","R150->720",150,720,"",1950,"","","","",,"","","","","","","not reported","","fob"
"150-720","150<-R720",720,150,"",1950,"","","","",0,"","","","","","","imputed zero","","fob"
"150-732","150<-R732",732,150,"",1950,"","","","",,"","","","","","","not reported","","fob"
"150-732","R150->732",150,732,"",1950,"","","","",,"","","","","","","not reported","","fob"
"150-740","150<-R740",740,150,"740->150",1950,"Paraguay","GPH","Japan","GPH",142857.14,"740","NA","NA","NA","NA","NA","ok","NA","fob"
"150-740","R150->740",150,740,"",1950,"","","","",,"","","","","","","not reported","","fob"
"150-750","150<-R750",750,150,"750->150",1950,"Paraguay","GPH","India","GPH",35714.285,"750","NA","NA","NA","NA","NA","ok","NA","fob"
"150-750","R150->750",150,750,"",1950,"","","","",,"","","","","","","not reported","","fob"
"150-770","R150->770",150,770,"",1950,"","","","",,"","","","","","","not reported","","fob"
"150-770","150<-R770",770,150,"",1950,"","","","",0,"","","","","","","imputed zero","","fob"
"150-775","150<-R775",775,150,"",1950,"","","","",0,"","","","","","","imputed zero","","fob"
"150-775","R150->775",150,775,"",1950,"","","","",,"","","","","","","not reported","","fob"
"150-780","R150->780",150,780,"",1950,"","","","",,"","","","","","","not reported","","fob"
"150-780","150<-R780",780,150,"",1950,"","","","",0,"","","","","","","imputed zero","","fob"
"150-800","150<-R800",800,150,"",1950,"","","","",,"","","","","","","not reported","","fob"
"150-800","R150->800",150,800,"",1950,"","","","",,"","","","","","","not reported","","fob"
"150-840","R150->840",150,840,"",1950,"","","","",,"","","","","","","not reported","","fob"
"150-840","150<-R840",840,150,"",1950,"","","","",0,"","","","","","","imputed zero","","fob"
"150-850","R150->850",150,850,"",1950,"","","","",,"","","","","","","not reported","","fob"
"150-850","150<-R850",850,150,"",1950,"","","","",0,"","","","","","","imputed zero","","fob"
"150-90","150<-R90",90,150,"",1950,"","","","",0,"","","","","","","imputed zero","","fob"
"150-90","R150->90",150,90,"",1950,"","","","",,"","","","","","","not reported","","fob"
"150-900","150<-R900",900,150,"",1950,"","","","",0,"","","","","","","imputed zero","","fob"
"150-900","R150->900",150,900,"",1950,"","","","",,"","","","","","","not reported","","fob"
"150-91","R150->91",150,91,"",1950,"","","","",,"","","","","","","not reported","","fob"
"150-91","150<-R91",91,150,"",1950,"","","","",0,"","","","","","","imputed zero","","fob"
"150-92","R150->92",150,92,"",1950,"","","","",,"","","","","","","not reported","","fob"
"150-92","150<-R92",92,150,"",1950,"","","","",0,"","","","","","","imputed zero","","fob"
"150-920","R150->920",150,920,"",1950,"","","","",,"","","","","","","not reported","","fob"
"150-920","150<-R920",920,150,"",1950,"","","","",0,"","","","","","","imputed zero","","fob"
"150-93","150<-R93",93,150,"",1950,"","","","",0,"","","","","","","imputed zero","","fob"
"150-93","R150->93",150,93,"",1950,"","","","",,"","","","","","","not reported","","fob"
"150-94","R150->94",150,94,"",1950,"","","","",,"","","","","","","not reported","","fob"
"150-94","150<-R94",94,150,"",1950,"","","","",0,"","","","","","","imputed zero","","fob"
"150-95","150<-R95",95,150,"",1950,"","","","",0,"","","","","","","imputed zero","","fob"
"150-95","R150->95",150,95,"",1950,"","","","",,"","","","","","","not reported","","fob"
"150-960","R150->960",150,960,"",1950,"","","","",,"","","","","","","not reported","","fob"
"150-960","150<-R960",960,150,"",1950,"","","","",,"","","","","","","not reported","","fob"
"155-160","R155->160",155,160,"155->160",1950,"Argentina (La Plata)","GPH","Chile","GPH",6285714.5,"155","NA","NA","NA","NA","NA","ok","NA","fob"
"155-160","155<-R160",160,155,"",1950,"","","","",,"","","","","","","not reported","","fob"
"155-165","R155->165",155,165,"",1950,"","","","",0,"","","","","","","imputed zero","","fob"
"155-165","155<-R165",165,155,"165->155",1950,"Chile","GPH","Uruguay","GPH",35714.285,"165","NA","NA","NA","NA","NA","ok","NA","fob"
"155-2","R155->2",155,2,"155->2",1950,"United States of America","GPH","Chile","GPH",54750000,"155","NA","NA","NA","NA","NA","ok","NA","fob"
"155-2","155<-R2",2,155,"2->155",1950,"Chile","GPH","United States of America","GPH",25714286,"2","NA","NA","NA","NA","NA","ok","NA","fob"
"155-20","155<-R20",20,155,"20->155",1950,"Chile","GPH","Canada (Province of Canada)","GPH",2285714.3,"20","NA","NA","NA","NA","NA","ok","NA","fob"
"155-20","R155->20",155,20,"155->20",1950,"Canada (Province of Canada)","GPH","Chile","GPH",107142.86,"155","NA","NA","NA","NA","NA","ok","NA","fob"
"155-200","155<-R200",200,155,"200->155",1950,"Chile","GPH","United Kingdom","GPH",6250000,"200","NA","NA","NA","NA","NA","ok","NA","fob"
"155-200","R155->200",155,200,"155->200",1950,"United Kingdom","GPH","Chile","GPH",5250000,"155","NA","NA","NA","NA","NA","ok","NA","fob"
"155-205","R155->205",155,205,"",1950,"","","","",0,"","","","","","","imputed zero","","fob"
"155-205","155<-R205",205,155,"",1950,"","","","",0,"","","","","","","imputed zero","","fob"
"155-210","155<-R210",210,155,"210->155",1950,"Chile","GPH","Netherlands","GPH",321428.56,"210","NA","NA","NA","NA","NA","ok","NA","fob"
"155-210","R155->210",155,210,"155->210",1950,"Netherlands","GPH","Chile","GPH",571428.56,"155","NA","NA","NA","NA","NA","ok","NA","fob"
"155-220","R155->220",155,220,"155->220",1950,"France","GPH","Chile","GPH",4964285.5,"155","NA","NA","NA","NA","NA","ok","NA","fob"
"155-220","155<-R220",220,155,"220->155",1950,"Chile","GPH","France","GPH",1785714.3,"220","NA","NA","NA","NA","NA","ok","NA","fob"
"155-225","155<-R225",225,155,"225->155",1950,"Chile","GPH","Switzerland","GPH",1535714.3,"225","NA","NA","NA","NA","NA","ok","NA","fob"
"155-225","R155->225",155,225,"155->225",1950,"Switzerland","GPH","Chile","GPH",142857.14,"155","NA","NA","NA","NA","NA","ok","NA","fob"
"155-230","155<-R230",230,155,"230->155",1950,"Chile","GPH","Spain","GPH",2321428.5,"230","NA","NA","NA","NA","NA","ok","NA","fob"
"155-230","R155->230",155,230,"155->230",1950,"Spain","GPH","Chile","GPH",2964285.8,"155","NA","NA","NA","NA","NA","ok","NA","fob"
"155-235","R155->235",155,235,"155->235",1950,"Portugal","GPH","Chile","GPH",392857.16,"155","NA","NA","NA","NA","NA","ok","NA","fob"
"155-235","155<-R235",235,155,"235->155",1950,"Chile","GPH","Portugal","GPH",71428.57,"235","NA","NA","NA","NA","NA","ok","NA","fob"
"155-255","155<-R255",255,155,"255->155",1950,"Chile","GPH","Germany (Zollverein)","GPH",2500000,"255","NA","NA","NA","NA","NA","ok","NA","fob"
"155-255","R155->255",155,255,"155->255",1950,"Germany (Zollverein)","GPH","Chile","GPH",3250000,"155","NA","NA","NA","NA","NA","ok","NA","fob"
"155-290","R155->290",155,290,"155->290",1950,"Poland","GPH","Chile","GPH",250000,"155","NA","NA","NA","NA","NA","ok","NA","fob"
"155-290","155<-R290",290,155,"",1950,"","","","",,"","","","","","","not reported","","fob"
"155-305","155<-R305",305,155,"305->155",1950,"Chile","GPH","Austria","GPH",71428.57,"305","NA","NA","NA","NA","NA","ok","NA","fob"
"155-305","R155->305",155,305,"",1950,"","","","",0,"","","","","","","imputed zero","","fob"
"155-310","155<-R310",310,155,"",1950,"","","","",,"","","","","","","not reported","","fob"
"155-310","R155->310",155,310,"",1950,"","","","",0,"","","","","","","imputed zero","","fob"
"155-315","155<-R315",315,155,"",1950,"","","","",,"","","","","","","not reported","","fob"
"155-315","R155->315",155,315,"155->315",1950,"Czechoslovakia","GPH","Chile","GPH",71428.57,"155","NA","NA","NA","NA","NA","ok","NA","fob"
"155-325","R155->325",155,325,"155->325",1950,"Italy","GPH","Chile","GPH",4535714.5,"155","NA","NA","NA","NA","NA","ok","NA","fob"
"155-325","155<-R325",325,155,"325->155",1950,"Chile","GPH","Italy","GPH",642857.13,"325","NA","NA","NA","NA","NA","ok","NA","fob"
"155-345","R155->345",155,345,"",1950,"","","","",0,"","","","","","","imputed zero","","fob"
"155-345","155<-R345",345,155,"",1950,"","","","",,"","","","","","","not reported","","fob"
"155-350","R155->350",155,350,"155->350",1950,"Greece","GPH","Chile","GPH",285714.28,"155","NA","NA","NA","NA","NA","ok","NA","fob"
"155-350","155<-R350",350,155,"",1950,"","","","",0,"","","","","","","imputed zero","","fob"
"155-352","155<-R352",352,155,"",1950,"","","","",0,"","","","","","","imputed zero","","fob"
"155-352","R155->352",155,352,"",1950,"","","","",0,"","","","","","","imputed zero","","fob"
"155-355","R155->355",155,355,"",1950,"","","","",0,"","","","","","","imputed zero","","fob"
"155-355","155<-R355",355,155,"",1950,"","","","",,"","","","","","","not reported","","fob"
"155-360","R155->360",155,360,"",1950,"","","","",0,"","","","","","","imputed zero","","fob"
"155-360","155<-R360",360,155,"",1950,"","","","",,"","","","","","","not reported","","fob"
"155-365","155<-R365",365,155,"",1950,"","","","",,"","","","","","","not reported","","fob"
"155-365","R155->365",155,365,"",1950,"","","","",0,"","","","","","","imputed zero","","fob"
"155-375","155<-R375",375,155,"375->155",1950,"Chile","GPH","Finland","GPH",107142.86,"375","NA","NA","NA","NA","NA","ok","NA","fob"
"155-375","R155->375",155,375,"",1950,"","","","",0,"","","","","","","imputed zero","","fob"
"155-380","R155->380",155,380,"155->380",1950,"Sweden","GPH","Chile","GPH",821428.56,"155","NA","NA","NA","NA","NA","ok","NA","fob"
"155-380","155<-R380",380,155,"380->155",1950,"Chile","GPH","Sweden","GPH",1285714.3,"380","NA","NA","NA","NA","NA","ok","NA","fob"
"155-385","R155->385",155,385,"155->385",1950,"Norway","GPH","Chile","GPH",214285.72,"155","NA","NA","NA","NA","NA","ok","NA","fob"
"155-385","155<-R385",385,155,"385->155",1950,"Chile","GPH","Norway","GPH",250000,"385","NA","NA","NA","NA","NA","ok","NA","fob"
"155-390","155<-R390",390,155,"390->155",1950,"Chile","GPH","Denmark","GPH",500000,"390","NA","NA","NA","NA","NA","ok","NA","fob"
"155-390","R155->390",155,390,"",1950,"","","","",0,"","","","","","","imputed zero","","fob"
"155-395","R155->395",155,395,"",1950,"","","","",0,"","","","","","","imputed zero","","fob"
"155-395","155<-R395",395,155,"",1950,"","","","",0,"","","","","","","imputed zero","","fob"
"155-40","R155->40",155,40,"155->40",1950,"Cuba","GPH","Chile","GPH",928571.44,"155","NA","NA","NA","NA","NA","ok","NA","fob"
"155-40","155<-R40",40,155,"40->155",1950,"Chile","GPH","Cuba","GPH",1928571.4,"40","NA","NA","NA","NA","NA","ok","NA","fob"
"155-41","R155->41",155,41,"",1950,"","","","",0,"","","","","","","imputed zero","","fob"
"155-41","155<-R41",41,155,"",1950,"","","","",0,"","","","","","","imputed zero","","fob"
"155-42","R155->42",155,42,"",1950,"","","","",0,"","","","","","","imputed zero","","fob"
"155-42","155<-R42",42,155,"",1950,"","","","",0,"","","","","","","imputed zero","","fob"
"155-452","R155->452",155,452,"",1950,"","","","",0,"","","","","","","imputed zero","","fob"
"155-452","155<-R452",452,155,"",1950,"","","","",0,"","","","","","","imputed zero","","fob"
"155-471","155<-R471",471,155,"",1950,"","","","",0,"","","","","","","imputed zero","","fob"
"155-471","R155->471",155,471,"",1950,"","","","",0,"","","","","","","imputed zero","","fob"
"155-475","R155->475",155,475,"",1950,"","","","",0,"","","","","","","imputed zero","","fob"
"155-475","155<-R475",475,155,"",1950,"","","","",0,"","","","","","","imputed zero","","fob"
"155-490","R155->490",155,490,"",1950,"","","","",0,"","","","","","","imputed zero","","fob"
"155-490","155<-R490",490,155,"",1950,"","","","",0,"","","","","","","imputed zero","","fob"
"155-500","R155->500",155,500,"",1950,"","","","",0,"","","","","","","imputed zero","","fob"
"155-500","155<-R500",500,155,"",1950,"","","","",0,"","","","","","","imputed zero","","fob"
"155-501","R155->501",155,501,"",1950,"","","","",0,"","","","","","","imputed zero","","fob"
"155-501","155<-R501",501,155,"",1950,"","","","",0,"","","","","","","imputed zero","","fob"
"155-51","155<-R51",51,155,"",1950,"","","","",0,"","","","","","","imputed zero","","fob"
"155-51","R155->51",155,51,"",1950,"","","","",0,"","","","","","","imputed zero","","fob"
"155-512","R155->512",155,512,"",1950,"","","","",0,"","","","","","","imputed zero","","fob"
"155-512","155<-R512",512,155,"",1950,"","","","",0,"","","","","","","imputed zero","","fob"
"155-52","155<-R52",52,155,"",1950,"","","","",0,"","","","","","","imputed zero","","fob"
"155-52","R155->52",155,52,"",1950,"","","","",0,"","","","","","","imputed zero","","fob"
"155-522","R155->522",155,522,"",1950,"","","","",0,"","","","","","","imputed zero","","fob"
"155-522","155<-R522",522,155,"",1950,"","","","",,"","","","","","","not reported","","fob"
"155-530","R155->530",155,530,"",1950,"","","","",0,"","","","","","","imputed zero","","fob"
"155-530","155<-R530",530,155,"",1950,"","","","",0,"","","","","","","imputed zero","","fob"
"155-540","155<-R540",540,155,"",1950,"","","","",0,"","","","","","","imputed zero","","fob"
"155-540","R155->540",155,540,"",1950,"","","","",0,"","","","","","","imputed zero","","fob"
"155-541","155<-R541",541,155,"",1950,"","","","",0,"","","","","","","imputed zero","","fob"
"155-541","R155->541",155,541,"",1950,"","","","",0,"","","","","","","imputed zero","","fob"
"155-551","155<-R551",551,155,"",1950,"","","","",0,"","","","","","","imputed zero","","fob"
"155-551","R155->551",155,551,"",1950,"","","","",0,"","","","","","","imputed zero","","fob"
"155-552","R155->552",155,552,"",1950,"","","","",0,"","","","","","","imputed zero","","fob"
"155-552","155<-R552",552,155,"",1950,"","","","",0,"","","","","","","imputed zero","","fob"
"155-560","155<-R560",560,155,"",1950,"","","","",,"","","","","","","not reported","","fob"
"155-560","R155->560",155,560,"",1950,"","","","",0,"","","","","","","imputed zero","","fob"
"155-580","155<-R580",580,155,"",1950,"","","","",0,"","","","","","","imputed zero","","fob"
"155-580","R155->580",155,580,"",1950,"","","","",0,"","","","","","","imputed zero","","fob"
"155-600","155<-R600",600,155,"",1950,"","","","",0,"","","","","","","imputed zero","","fob"
"155-600","R155->600",155,600,"155->600",1950,"Morocco","GPH","Chile","GPH",107142.86,"155","NA","NA","NA","NA","NA","ok","NA","fob"
"155-615","155<-R615",615,155,"",1950,"","","","",0,"","","","","","","imputed zero","","fob"
"155-615","R155->615",155,615,"",1950,"","","","",0,"","","","","","","imputed zero","","fob"
"155-616","155<-R616",616,155,"",1950,"","","","",0,"","","","","","","imputed zero","","fob"
"155-616","R155->616",155,616,"",1950,"","","","",0,"","","","","","","imputed zero","","fob"
"155-625","R155->625",155,625,"",1950,"","","","",0,"","","","","","","imputed zero","","fob"
"155-625","155<-R625",625,155,"",1950,"","","","",0,"","","","","","","imputed zero","","fob"
"155-630","155<-R630",630,155,"",1950,"","","","",,"","","","","","","not reported","","fob"
"155-630","R155->630",155,630,"",1950,"","","","",0,"","","","","","","imputed zero","","fob"
"155-640","R155->640",155,640,"",1950,"","","","",0,"","","","","","","imputed zero","","fob"
"155-640","155<-R640",640,155,"",1950,"","","","",0,"","","","","","","imputed zero","","fob"
"155-645","R155->645",155,645,"",1950,"","","","",0,"","","","","","","imputed zero","","fob"
"155-645","155<-R645",645,155,"",1950,"","","","",0,"","","","","","","imputed zero","","fob"
"155-651","155<-R651",651,155,"651->155",1950,"Chile","GPH","Egypt Arab Republic (Egypt)","GPH",2964285.8,"651","NA","NA","NA","NA","NA","ok","NA","fob"
"155-651","R155->651",155,651,"155->651",1950,"Egypt Arab Republic (Egypt)","GPH","Chile","GPH",5642857,"155","NA","NA","NA","NA","NA","ok","NA","fob"
"155-652","R155->652",155,652,"",1950,"","","","",0,"","","","","","","imputed zero","","fob"
"155-652","155<-R652",652,155,"",1950,"","","","",0,"","","","","","","imputed zero","","fob"
"155-660","155<-R660",660,155,"",1950,"","","","",0,"","","","","","","imputed zero","","fob"
"155-660","R155->660",155,660,"155->660",1950,"Lebanon","GPH","Chile","GPH",107142.86,"155","NA","NA","NA","NA","NA","ok","NA","fob"
"155-666","R155->666",155,666,"155->666",1950,"Israel","GPH","Chile","GPH",35714.285,"155","NA","NA","NA","NA","NA","ok","NA","fob"
"155-666","155<-R666",666,155,"",1950,"","","","",0,"","","","","","","imputed zero","","fob"
"155-670","R155->670",155,670,"",1950,"","","","",0,"","","","","","","imputed zero","","fob"
"155-670","155<-R670",670,155,"",1950,"","","","",,"","","","","","","not reported","","fob"
"155-68","R155->68",155,68,"155->68",1950,"Netherlands Antilles","GPH","Chile","GPH",250000,"155","NA","NA","NA","NA","NA","ok","NA","fob"
"155-68","155<-R68",68,155,"",1950,"","","","",,"","","","","","","not reported","","fob"
"155-70","155<-R70",70,155,"70->155",1950,"Chile","GPH","Mexico","GPH",785714.31,"70","NA","NA","NA","NA","NA","ok","NA","fob"
"155-70","R155->70",155,70,"155->70",1950,"Mexico","GPH","Chile","GPH",35714.285,"155","NA","NA","NA","NA","NA","ok","NA","fob"
"155-710","155<-R710",710,155,"",1950,"","","","",,"","","","","","","not reported","","fob"
"155-710","R155->710",155,710,"",1950,"","","","",0,"","","","","","","imputed zero","","fob"
"155-713","R155->713",155,713,"",1950,"","","","",0,"","","","","","","imputed zero","","fob"
"155-713","155<-R713",713,155,"",1950,"","","","",,"","","","","","","not reported","","fob"
"155-720","R155->720",155,720,"",1950,"","","","",0,"","","","","","","imputed zero","","fob"
"155-720","155<-R720",720,155,"",1950,"","","","",0,"","","","","","","imputed zero","","fob"
"155-732","155<-R732",732,155,"",1950,"","","","",,"","","","","","","not reported","","fob"
"155-732","R155->732",155,732,"",1950,"","","","",0,"","","","","","","imputed zero","","fob"
"155-740","R155->740",155,740,"",1950,"","","","",0,"","","","","","","imputed zero","","fob"
"155-740","155<-R740",740,155,"740->155",1950,"Chile","GPH","Japan","GPH",35714.285,"740","NA","NA","NA","NA","NA","ok","NA","fob"
"155-750","R155->750",155,750,"",1950,"","","","",0,"","","","","","","imputed zero","","fob"
"155-750","155<-R750",750,155,"750->155",1950,"Chile","GPH","India","GPH",1178571.4,"750","NA","NA","NA","NA","NA","ok","NA","fob"
"155-770","R155->770",155,770,"",1950,"","","","",0,"","","","","","","imputed zero","","fob"
"155-770","155<-R770",770,155,"770->155",1950,"Chile","GPH","Pakistan","GPH",428571.44,"770","NA","NA","NA","NA","NA","ok","NA","fob"
"155-775","155<-R775",775,155,"",1950,"","","","",0,"","","","","","","imputed zero","","fob"
"155-775","R155->775",155,775,"",1950,"","","","",0,"","","","","","","imputed zero","","fob"
"155-780","155<-R780",780,155,"780->155",1950,"Chile","GPH","Sri Lanka (Ceylon)","GPH",214285.72,"780","NA","NA","NA","NA","NA","ok","NA","fob"
"155-780","R155->780",155,780,"",1950,"","","","",0,"","","","","","","imputed zero","","fob"
"155-800","155<-R800",800,155,"",1950,"","","","",,"","","","","","","not reported","","fob"
"155-800","R155->800",155,800,"",1950,"","","","",0,"","","","","","","imputed zero","","fob"
"155-840","155<-R840",840,155,"",1950,"","","","",0,"","","","","","","imputed zero","","fob"
"155-840","R155->840",155,840,"",1950,"","","","",0,"","","","","","","imputed zero","","fob"
"155-850","155<-R850",850,155,"850->155",1950,"Chile","GPH","Indonesia (Dutch East Indies)","GPH",35714.285,"850","NA","NA","NA","NA","NA","ok","NA","fob"
"155-850","R155->850",155,850,"",1950,"","","","",0,"","","","","","","imputed zero","","fob"
"155-90","R155->90",155,90,"",1950,"","","","",0,"","","","","","","imputed zero","","fob"
"155-90","155<-R90",90,155,"",1950,"","","","",0,"","","","","","","imputed zero","","fob"
"155-900","155<-R900",900,155,"900->155",1950,"Chile","GPH","Australia","GPH",178571.42,"900","NA","NA","NA","NA","NA","ok","NA","fob"
"155-900","R155->900",155,900,"155->900",1950,"Australia","GPH","Chile","GPH",142857.14,"155","NA","NA","NA","NA","NA","ok","NA","fob"
"155-91","155<-R91",91,155,"",1950,"","","","",0,"","","","","","","imputed zero","","fob"
"155-91","R155->91",155,91,"",1950,"","","","",0,"","","","","","","imputed zero","","fob"
"155-92","155<-R92",92,155,"",1950,"","","","",0,"","","","","","","imputed zero","","fob"
"155-92","R155->92",155,92,"155->92",1950,"El Salvador","GPH","Chile","GPH",35714.285,"155","NA","NA","NA","NA","NA","ok","NA","fob"
"155-920","R155->920",155,920,"155->920",1950,"New Zealand","GPH","Chile","GPH",35714.285,"155","NA","NA","NA","NA","NA","ok","NA","fob"
"155-920","155<-R920",920,155,"",1950,"","","","",0,"","","","","","","imputed zero","","fob"
"155-93","155<-R93",93,155,"",1950,"","","","",0,"","","","","","","imputed zero","","fob"
"155-93","R155->93",155,93,"",1950,"","","","",0,"","","","","","","imputed zero","","fob"
"155-94","R155->94",155,94,"",1950,"","","","",0,"","","","","","","imputed zero","","fob"
"155-94","155<-R94",94,155,"",1950,"","","","",0,"","","","","","","imputed zero","","fob"
"155-95","155<-R95",95,155,"",1950,"","","","",0,"","","","","","","imputed zero","","fob"
"155-95","R155->95",155,95,"155->95",1950,"Panama","GPH","Chile","GPH",1964285.8,"155","NA","NA","NA","NA","NA","ok","NA","fob"
"155-960","155<-R960",960,155,"",1950,"","","","",,"","","","","","","not reported","","fob"
"155-960","R155->960",155,960,"",1950,"","","","",0,"","","","","","","imputed zero","","fob"
"160-165","R160->165",160,165,"",1950,"","","","",,"","","","","","","not reported","","fob"
"160-165","160<-R165",165,160,"165->160",1950,"Argentina (La Plata)","GPH","Uruguay","GPH",464285.72,"165","NA","NA","NA","NA","NA","ok","NA","fob"
"160-2","R160->2",160,2,"",1950,"","","","",,"","","","","","","not reported","","fob"
"160-2","160<-R2",2,160,"2->160",1950,"Argentina (La Plata)","GPH","United States of America","GPH",52142856,"2","NA","NA","NA","NA","NA","ok","NA","fob"
"160-20","R160->20",160,20,"",1950,"","","","",,"","","","","","","not reported","","fob"
"160-20","160<-R20",20,160,"20->160",1950,"Argentina (La Plata)","GPH","Canada (Province of Canada)","GPH",4357143,"20","NA","NA","NA","NA","NA","ok","NA","fob"
"160-200","160<-R200",200,160,"200->160",1950,"Argentina (La Plata)","GPH","United Kingdom","GPH",38892856,"200","NA","NA","NA","NA","NA","ok","NA","fob"
"160-200","R160->200",160,200,"",1950,"","","","",,"","","","","","","not reported","","fob"
"160-205","160<-R205",205,160,"",1950,"","","","",0,"","","","","","","imputed zero","","fob"
"160-205","R160->205",160,205,"",1950,"","","","",,"","","","","","","not reported","","fob"
"160-210","160<-R210",210,160,"210->160",1950,"Argentina (La Plata)","GPH","Netherlands","GPH",5714285.5,"210","NA","NA","NA","NA","NA","ok","NA","fob"
"160-210","R160->210",160,210,"",1950,"","","","",,"","","","","","","not reported","","fob"
"160-220","R160->220",160,220,"",1950,"","","","",,"","","","","","","not reported","","fob"
"160-220","160<-R220",220,160,"220->160",1950,"Argentina (La Plata)","GPH","France","GPH",33785716,"220","NA","NA","NA","NA","NA","ok","NA","fob"
"160-225","160<-R225",225,160,"225->160",1950,"Argentina (La Plata)","GPH","Switzerland","GPH",5321428.5,"225","NA","NA","NA","NA","NA","ok","NA","fob"
"160-225","R160->225",160,225,"",1950,"","","","",,"","","","","","","not reported","","fob"
"160-230","R160->230",160,230,"",1950,"","","","",,"","","","","","","not reported","","fob"
"160-230","160<-R230",230,160,"230->160",1950,"Argentina (La Plata)","GPH","Spain","GPH",4285714.5,"230","NA","NA","NA","NA","NA","ok","NA","fob"
"160-235","R160->235",160,235,"",1950,"","","","",,"","","","","","","not reported","","fob"
"160-235","160<-R235",235,160,"235->160",1950,"Argentina (La Plata)","GPH","Portugal","GPH",214285.72,"235","NA","NA","NA","NA","NA","ok","NA","fob"
"160-255","R160->255",160,255,"",1950,"","","","",,"","","","","","","not reported","","fob"
"160-255","160<-R255",255,160,"255->160",1950,"Argentina (La Plata)","GPH","Germany (Zollverein)","GPH",8928571,"255","NA","NA","NA","NA","NA","ok","NA","fob"
"160-290","R160->290",160,290,"",1950,"","","","",,"","","","","","","not reported","","fob"
"160-290","160<-R290",290,160,"",1950,"","","","",,"","","","","","","not reported","","fob"
"160-305","R160->305",160,305,"",1950,"","","","",,"","","","","","","not reported","","fob"
"160-305","160<-R305",305,160,"305->160",1950,"Argentina (La Plata)","GPH","Austria","GPH",2214285.8,"305","NA","NA","NA","NA","NA","ok","NA","fob"
"160-310","160<-R310",310,160,"",1950,"","","","",,"","","","","","","not reported","","fob"
"160-310","R160->310",160,310,"",1950,"","","","",,"","","","","","","not reported","","fob"
"160-315","160<-R315",315,160,"",1950,"","","","",,"","","","","","","not reported","","fob"
"160-315","R160->315",160,315,"",1950,"","","","",,"","","","","","","not reported","","fob"
"160-325","R160->325",160,325,"",1950,"","","","",,"","","","","","","not reported","","fob"
"160-325","160<-R325",325,160,"325->160",1950,"Argentina (La Plata)","GPH","Italy","GPH",23035714,"325","NA","NA","NA","NA","NA","ok","NA","fob"
"160-345","160<-R345",345,160,"",1950,"","","","",,"","","","","","","not reported","","fob"
"160-345","R160->345",160,345,"",1950,"","","","",,"","","","","","","not reported","","fob"
"160-350","160<-R350",350,160,"",1950,"","","","",0,"","","","","","","imputed zero","","fob"
"160-350","R160->350",160,350,"",1950,"","","","",,"","","","","","","not reported","","fob"
"160-352","160<-R352",352,160,"",1950,"","","","",0,"","","","","","","imputed zero","","fob"
"160-352","R160->352",160,352,"",1950,"","","","",,"","","","","","","not reported","","fob"
"160-355","160<-R355",355,160,"",1950,"","","","",,"","","","","","","not reported","","fob"
"160-355","R160->355",160,355,"",1950,"","","","",,"","","","","","","not reported","","fob"
"160-360","160<-R360",360,160,"",1950,"","","","",,"","","","","","","not reported","","fob"
"160-360","R160->360",160,360,"",1950,"","","","",,"","","","","","","not reported","","fob"
"160-365","160<-R365",365,160,"",1950,"","","","",,"","","","","","","not reported","","fob"
"160-365","R160->365",160,365,"",1950,"","","","",,"","","","","","","not reported","","fob"
"160-375","R160->375",160,375,"",1950,"","","","",,"","","","","","","not reported","","fob"
"160-375","160<-R375",375,160,"375->160",1950,"Argentina (La Plata)","GPH","Finland","GPH",3750000,"375","NA","NA","NA","NA","NA","ok","NA","fob"
"160-380","160<-R380",380,160,"380->160",1950,"Argentina (La Plata)","GPH","Sweden","GPH",7500000,"380","NA","NA","NA","NA","NA","ok","NA","fob"
"160-380","R160->380",160,380,"",1950,"","","","",,"","","","","","","not reported","","fob"
"160-385","160<-R385",385,160,"385->160",1950,"Argentina (La Plata)","GPH","Norway","GPH",1571428.6,"385","NA","NA","NA","NA","NA","ok","NA","fob"
"160-385","R160->385",160,385,"",1950,"","","","",,"","","","","","","not reported","","fob"
"160-390","160<-R390",390,160,"390->160",1950,"Argentina (La Plata)","GPH","Denmark","GPH",1000000,"390","NA","NA","NA","NA","NA","ok","NA","fob"
"160-390","R160->390",160,390,"",1950,"","","","",,"","","","","","","not reported","","fob"
"160-395","R160->395",160,395,"",1950,"","","","",,"","","","","","","not reported","","fob"
"160-395","160<-R395",395,160,"",1950,"","","","",0,"","","","","","","imputed zero","","fob"
"160-40","160<-R40",40,160,"",1950,"","","","",0,"","","","","","","imputed zero","","fob"
"160-40","R160->40",160,40,"",1950,"","","","",,"","","","","","","not reported","","fob"
"160-41","160<-R41",41,160,"",1950,"","","","",0,"","","","","","","imputed zero","","fob"
"160-41","R160->41",160,41,"",1950,"","","","",,"","","","","","","not reported","","fob"
"160-42","160<-R42",42,160,"",1950,"","","","",0,"","","","","","","imputed zero","","fob"
"160-42","R160->42",160,42,"",1950,"","","","",,"","","","","","","not reported","","fob"
"160-452","160<-R452",452,160,"",1950,"","","","",0,"","","","","","","imputed zero","","fob"
"160-452","R160->452",160,452,"",1950,"","","","",,"","","","","","","not reported","","fob"
"160-471","R160->471",160,471,"",1950,"","","","",,"","","","","","","not reported","","fob"
"160-471","160<-R471",471,160,"",1950,"","","","",0,"","","","","","","imputed zero","","fob"
"160-475","160<-R475",475,160,"",1950,"","","","",0,"","","","","","","imputed zero","","fob"
"160-475","R160->475",160,475,"",1950,"","","","",,"","","","","","","not reported","","fob"
"160-490","160<-R490",490,160,"",1950,"","","","",0,"","","","","","","imputed zero","","fob"
"160-490","R160->490",160,490,"",1950,"","","","",,"","","","","","","not reported","","fob"
"160-500","160<-R500",500,160,"",1950,"","","","",0,"","","","","","","imputed zero","","fob"
"160-500","R160->500",160,500,"",1950,"","","","",,"","","","","","","not reported","","fob"
"160-501","160<-R501",501,160,"501->160",1950,"Argentina (La Plata)","GPH","Kenya (British East Africa Protectorate)","GPH",178571.42,"501","NA","NA","NA","NA","NA","ok","NA","fob"
"160-501","R160->501",160,501,"",1950,"","","","",,"","","","","","","not reported","","fob"
"160-51","160<-R51",51,160,"",1950,"","","","",0,"","","","","","","imputed zero","","fob"
"160-51","R160->51",160,51,"",1950,"","","","",,"","","","","","","not reported","","fob"
"160-512","R160->512",160,512,"",1950,"","","","",,"","","","","","","not reported","","fob"
"160-512","160<-R512",512,160,"512->160",1950,"Argentina (La Plata)","GPH","Tanzania (Tanganyika)","GPH",71428.57,"512","NA","NA","NA","NA","NA","ok","NA","fob"
"160-52","R160->52",160,52,"",1950,"","","","",,"","","","","","","not reported","","fob"
"160-52","160<-R52",52,160,"52->160",1950,"Argentina (La Plata)","GPH","Trinidad and Tobago","GPH",178571.42,"52","NA","NA","NA","NA","NA","ok","NA","fob"
"160-522","R160->522",160,522,"",1950,"","","","",,"","","","","","","not reported","","fob"
"160-522","160<-R522",522,160,"",1950,"","","","",,"","","","","","","not reported","","fob"
"160-530","160<-R530",530,160,"",1950,"","","","",0,"","","","","","","imputed zero","","fob"
"160-530","R160->530",160,530,"",1950,"","","","",,"","","","","","","not reported","","fob"
"160-540","R160->540",160,540,"",1950,"","","","",,"","","","","","","not reported","","fob"
"160-540","160<-R540",540,160,"",1950,"","","","",0,"","","","","","","imputed zero","","fob"
"160-541","160<-R541",541,160,"",1950,"","","","",0,"","","","","","","imputed zero","","fob"
"160-541","R160->541",160,541,"",1950,"","","","",,"","","","","","","not reported","","fob"
"160-551","160<-R551",551,160,"",1950,"","","","",0,"","","","","","","imputed zero","","fob"
"160-551","R160->551",160,551,"",1950,"","","","",,"","","","","","","not reported","","fob"
"160-552","R160->552",160,552,"",1950,"","","","",,"","","","","","","not reported","","fob"
"160-552","160<-R552",552,160,"552->160",1950,"Argentina (La Plata)","GPH","Zimbabwe (Rhodesia) (Southern Rhodesia)","GPH",250000,"552","NA","NA","NA","NA","NA","ok","NA","fob"
"160-560","160<-R560",560,160,"",1950,"","","","",,"","","","","","","not reported","","fob"
"160-560","R160->560",160,560,"",1950,"","","","",,"","","","","","","not reported","","fob"
"160-580","R160->580",160,580,"",1950,"","","","",,"","","","","","","not reported","","fob"
"160-580","160<-R580",580,160,"",1950,"","","","",0,"","","","","","","imputed zero","","fob"
"160-600","160<-R600",600,160,"",1950,"","","","",0,"","","","","","","imputed zero","","fob"
"160-600","R160->600",160,600,"",1950,"","","","",,"","","","","","","not reported","","fob"
"160-615","R160->615",160,615,"",1950,"","","","",,"","","","","","","not reported","","fob"
"160-615","160<-R615",615,160,"615->160",1950,"Argentina (La Plata)","GPH","Algeria (Regency of Algiers)","GPH",178571.42,"615","NA","NA","NA","NA","NA","ok","NA","fob"
"160-616","R160->616",160,616,"",1950,"","","","",,"","","","","","","not reported","","fob"
"160-616","160<-R616",616,160,"616->160",1950,"Argentina (La Plata)","GPH","Tunisia (Regency of Tunis)","GPH",35714.285,"616","NA","NA","NA","NA","NA","ok","NA","fob"
"160-625","R160->625",160,625,"",1950,"","","","",,"","","","","","","not reported","","fob"
"160-625","160<-R625",625,160,"",1950,"","","","",0,"","","","","","","imputed zero","","fob"
"160-630","R160->630",160,630,"",1950,"","","","",,"","","","","","","not reported","","fob"
"160-630","160<-R630",630,160,"",1950,"","","","",,"","","","","","","not reported","","fob"
"160-640","160<-R640",640,160,"",1950,"","","","",0,"","","","","","","imputed zero","","fob"
"160-640","R160->640",160,640,"",1950,"","","","",,"","","","","","","not reported","","fob"
"160-645","R160->645",160,645,"",1950,"","","","",,"","","","","","","not reported","","fob"
"160-645","160<-R645",645,160,"",1950,"","","","",0,"","","","","","","imputed zero","","fob"
"160-651","160<-R651",651,160,"",1950,"","","","",0,"","","","","","","imputed zero","","fob"
"160-651","R160->651",160,651,"",1950,"","","","",,"","","","","","","not reported","","fob"
"160-652","160<-R652",652,160,"",1950,"","","","",0,"","","","","","","imputed zero","","fob"
"160-652","R160->652",160,652,"",1950,"","","","",,"","","","","","","not reported","","fob"
"160-660","R160->660",160,660,"",1950,"","","","",,"","","","","","","not reported","","fob"
"160-660","160<-R660",660,160,"",1950,"","","","",0,"","","","","","","imputed zero","","fob"
"160-666","160<-R666",666,160,"",1950,"","","","",0,"","","","","","","imputed zero","","fob"
"160-666","R160->666",160,666,"",1950,"","","","",,"","","","","","","not reported","","fob"
"160-670","160<-R670",670,160,"",1950,"","","","",,"","","","","","","not reported","","fob"
"160-670","R160->670",160,670,"",1950,"","","","",,"","","","","","","not reported","","fob"
"160-68","160<-R68",68,160,"",1950,"","","","",,"","","","","","","not reported","","fob"
"160-68","R160->68",160,68,"",1950,"","","","",,"","","","","","","not reported","","fob"
"160-70","160<-R70",70,160,"",1950,"","","","",0,"","","","","","","imputed zero","","fob"
"160-70","R160->70",160,70,"",1950,"","","","",,"","","","","","","not reported","","fob"
"160-710","160<-R710",710,160,"",1950,"","","","",,"","","","","","","not reported","","fob"
"160-710","R160->710",160,710,"",1950,"","","","",,"","","","","","","not reported","","fob"
"160-713","R160->713",160,713,"",1950,"","","","",,"","","","","","","not reported","","fob"
"160-713","160<-R713",713,160,"",1950,"","","","",,"","","","","","","not reported","","fob"
"160-720","160<-R720",720,160,"",1950,"","","","",0,"","","","","","","imputed zero","","fob"
"160-720","R160->720",160,720,"",1950,"","","","",,"","","","","","","not reported","","fob"
"160-732","160<-R732",732,160,"",1950,"","","","",,"","","","","","","not reported","","fob"
"160-732","R160->732",160,732,"",1950,"","","","",,"","","","","","","not reported","","fob"
"160-740","R160->740",160,740,"",1950,"","","","",,"","","","","","","not reported","","fob"
"160-740","160<-R740",740,160,"740->160",1950,"Argentina (La Plata)","GPH","Japan","GPH",7464285.5,"740","NA","NA","NA","NA","NA","ok","NA","fob"
"160-750","R160->750",160,750,"",1950,"","","","",,"","","","","","","not reported","","fob"
"160-750","160<-R750",750,160,"750->160",1950,"Argentina (La Plata)","GPH","India","GPH",8250000,"750","NA","NA","NA","NA","NA","ok","NA","fob"
"160-770","R160->770",160,770,"",1950,"","","","",,"","","","","","","not reported","","fob"
"160-770","160<-R770",770,160,"770->160",1950,"Argentina (La Plata)","GPH","Pakistan","GPH",1214285.8,"770","NA","NA","NA","NA","NA","ok","NA","fob"
"160-775","R160->775",160,775,"",1950,"","","","",,"","","","","","","not reported","","fob"
"160-775","160<-R775",775,160,"",1950,"","","","",0,"","","","","","","imputed zero","","fob"
"160-780","R160->780",160,780,"",1950,"","","","",,"","","","","","","not reported","","fob"
"160-780","160<-R780",780,160,"780->160",1950,"Argentina (La Plata)","GPH","Sri Lanka (Ceylon)","GPH",142857.14,"780","NA","NA","NA","NA","NA","ok","NA","fob"
"160-800","160<-R800",800,160,"",1950,"","","","",,"","","","","","","not reported","","fob"
"160-800","R160->800",160,800,"",1950,"","","","",,"","","","","","","not reported","","fob"
"160-840","R160->840",160,840,"",1950,"","","","",,"","","","","","","not reported","","fob"
"160-840","160<-R840",840,160,"",1950,"","","","",0,"","","","","","","imputed zero","","fob"
"160-850","160<-R850",850,160,"850->160",1950,"Argentina (La Plata)","GPH","Indonesia (Dutch East Indies)","GPH",571428.56,"850","NA","NA","NA","NA","NA","ok","NA","fob"
"160-850","R160->850",160,850,"",1950,"","","","",,"","","","","","","not reported","","fob"
"160-90","160<-R90",90,160,"",1950,"","","","",0,"","","","","","","imputed zero","","fob"
"160-90","R160->90",160,90,"",1950,"","","","",,"","","","","","","not reported","","fob"
"160-900","R160->900",160,900,"",1950,"","","","",,"","","","","","","not reported","","fob"
"160-900","160<-R900",900,160,"900->160",1950,"Argentina (La Plata)","GPH","Australia","GPH",35714.285,"900","NA","NA","NA","NA","NA","ok","NA","fob"
"160-91","160<-R91",91,160,"",1950,"","","","",0,"","","","","","","imputed zero","","fob"
"160-91","R160->91",160,91,"",1950,"","","","",,"","","","","","","not reported","","fob"
"160-92","R160->92",160,92,"",1950,"","","","",,"","","","","","","not reported","","fob"
"160-92","160<-R92",92,160,"",1950,"","","","",0,"","","","","","","imputed zero","","fob"
"160-920","160<-R920",920,160,"",1950,"","","","",0,"","","","","","","imputed zero","","fob"
"160-920","R160->920",160,920,"",1950,"","","","",,"","","","","","","not reported","","fob"
"160-93","160<-R93",93,160,"",1950,"","","","",0,"","","","","","","imputed zero","","fob"
"160-93","R160->93",160,93,"",1950,"","","","",,"","","","","","","not reported","","fob"
"160-94","R160->94",160,94,"",1950,"","","","",,"","","","","","","not reported","","fob"
"160-94","160<-R94",94,160,"",1950,"","","","",0,"","","","","","","imputed zero","","fob"
"160-95","160<-R95",95,160,"",1950,"","","","",0,"","","","","","","imputed zero","","fob"
"160-95","R160->95",160,95,"",1950,"","","","",,"","","","","","","not reported","","fob"
"160-960","R160->960",160,960,"",1950,"","","","",,"","","","","","","not reported","","fob"
"160-960","160<-R960",960,160,"",1950,"","","","",,"","","","","","","not reported","","fob"
"165-2","R165->2",165,2,"165->2",1950,"United States of America","GPH","Uruguay","GPH",46250000,"165","NA","NA","NA","NA","NA","ok","NA","fob"
"165-2","165<-R2",2,165,"2->165",1950,"Uruguay","GPH","United States of America","GPH",14285714,"2","NA","NA","NA","NA","NA","ok","NA","fob"
"165-20","R165->20",165,20,"165->20",1950,"Canada (Province of Canada)","GPH","Uruguay","GPH",678571.44,"165","NA","NA","NA","NA","NA","ok","NA","fob"
"165-20","165<-R20",20,165,"20->165",1950,"Uruguay","GPH","Canada (Province of Canada)","GPH",607142.88,"20","NA","NA","NA","NA","NA","ok","NA","fob"
"165-200","165<-R200",200,165,"200->165",1950,"Uruguay","GPH","United Kingdom","GPH",13857143,"200","NA","NA","NA","NA","NA","ok","NA","fob"
"165-200","R165->200",165,200,"165->200",1950,"United Kingdom","GPH","Uruguay","GPH",11642857,"165","NA","NA","NA","NA","NA","ok","NA","fob"
"165-205","R165->205",165,205,"165->205",1950,"Ireland","GPH","Uruguay","GPH",250000,"165","NA","NA","NA","NA","NA","ok","NA","fob"
"165-205","165<-R205",205,165,"",1950,"","","","",0,"","","","","","","imputed zero","","fob"
"165-210","R165->210",165,210,"165->210",1950,"Netherlands","GPH","Uruguay","GPH",2250000,"165","NA","NA","NA","NA","NA","ok","NA","fob"
"165-210","165<-R210",210,165,"210->165",1950,"Uruguay","GPH","Netherlands","GPH",1000000,"210","NA","NA","NA","NA","NA","ok","NA","fob"
"165-220","165<-R220",220,165,"220->165",1950,"Uruguay","GPH","France","GPH",4892857,"220","NA","NA","NA","NA","NA","ok","NA","fob"
"165-220","R165->220",165,220,"165->220",1950,"France","GPH","Uruguay","GPH",5035714.5,"165","NA","NA","NA","NA","NA","ok","NA","fob"
"165-225","R165->225",165,225,"165->225",1950,"Switzerland","GPH","Uruguay","GPH",1857142.9,"165","NA","NA","NA","NA","NA","ok","NA","fob"
"165-225","165<-R225",225,165,"225->165",1950,"Uruguay","GPH","Switzerland","GPH",1678571.4,"225","NA","NA","NA","NA","NA","ok","NA","fob"
"165-230","165<-R230",230,165,"230->165",1950,"Uruguay","GPH","Spain","GPH",321428.56,"230","NA","NA","NA","NA","NA","ok","NA","fob"
"165-230","R165->230",165,230,"",1950,"","","","",0,"","","","","","","imputed zero","","fob"
"165-235","R165->235",165,235,"",1950,"","","","",0,"","","","","","","imputed zero","","fob"
"165-235","165<-R235",235,165,"235->165",1950,"Uruguay","GPH","Portugal","GPH",71428.57,"235","NA","NA","NA","NA","NA","ok","NA","fob"
"165-255","R165->255",165,255,"165->255",1950,"Germany (Zollverein)","GPH","Uruguay","GPH",4642857,"165","NA","NA","NA","NA","NA","ok","NA","fob"
"165-255","165<-R255",255,165,"255->165",1950,"Uruguay","GPH","Germany (Zollverein)","GPH",5000000,"255","NA","NA","NA","NA","NA","ok","NA","fob"
"165-290","R165->290",165,290,"165->290",1950,"Poland","GPH","Uruguay","GPH",178571.42,"165","NA","NA","NA","NA","NA","ok","NA","fob"
"165-290","165<-R290",290,165,"",1950,"","","","",,"","","","","","","not reported","","fob"
"165-305","R165->305",165,305,"165->305",1950,"Austria","GPH","Uruguay","GPH",35714.285,"165","NA","NA","NA","NA","NA","ok","NA","fob"
"165-305","165<-R305",305,165,"305->165",1950,"Uruguay","GPH","Austria","GPH",214285.72,"305","NA","NA","NA","NA","NA","ok","NA","fob"
"165-310","165<-R310",310,165,"",1950,"","","","",,"","","","","","","not reported","","fob"
"165-310","R165->310",165,310,"165->310",1950,"Hungary","GPH","Uruguay","GPH",71428.57,"165","NA","NA","NA","NA","NA","ok","NA","fob"
"165-315","165<-R315",315,165,"",1950,"","","","",,"","","","","","","not reported","","fob"
"165-315","R165->315",165,315,"165->315",1950,"Czechoslovakia","GPH","Uruguay","GPH",357142.84,"165","NA","NA","NA","NA","NA","ok","NA","fob"
"165-325","165<-R325",325,165,"325->165",1950,"Uruguay","GPH","Italy","GPH",2321428.5,"325","NA","NA","NA","NA","NA","ok","NA","fob"
"165-325","R165->325",165,325,"165->325",1950,"Italy","GPH","Uruguay","GPH",1928571.4,"165","NA","NA","NA","NA","NA","ok","NA","fob"
"165-345","165<-R345",345,165,"",1950,"","","","",,"","","","","","","not reported","","fob"
"165-345","R165->345",165,345,"",1950,"","","","",0,"","","","","","","imputed zero","","fob"
"165-350","R165->350",165,350,"165->350",1950,"Greece","GPH","Uruguay","GPH",250000,"165","NA","NA","NA","NA","NA","ok","NA","fob"
"165-350","165<-R350",350,165,"",1950,"","","","",0,"","","","","","","imputed zero","","fob"
"165-352","R165->352",165,352,"",1950,"","","","",0,"","","","","","","imputed zero","","fob"
"165-352","165<-R352",352,165,"",1950,"","","","",0,"","","","","","","imputed zero","","fob"
"165-355","165<-R355",355,165,"",1950,"","","","",,"","","","","","","not reported","","fob"
"165-355","R165->355",165,355,"",1950,"","","","",0,"","","","","","","imputed zero","","fob"
"165-360","165<-R360",360,165,"",1950,"","","","",,"","","","","","","not reported","","fob"
"165-360","R165->360",165,360,"",1950,"","","","",0,"","","","","","","imputed zero","","fob"
"165-365","165<-R365",365,165,"",1950,"","","","",,"","","","","","","not reported","","fob"
"165-365","R165->365",165,365,"",1950,"","","","",0,"","","","","","","imputed zero","","fob"
"165-375","165<-R375",375,165,"375->165",1950,"Uruguay","GPH","Finland","GPH",321428.56,"375","NA","NA","NA","NA","NA","ok","NA","fob"
"165-375","R165->375",165,375,"165->375",1950,"Finland","GPH","Uruguay","GPH",214285.72,"165","NA","NA","NA","NA","NA","ok","NA","fob"
"165-380","165<-R380",380,165,"380->165",1950,"Uruguay","GPH","Sweden","GPH",2214285.8,"380","NA","NA","NA","NA","NA","ok","NA","fob"
"165-380","R165->380",165,380,"165->380",1950,"Sweden","GPH","Uruguay","GPH",2892857.3,"165","NA","NA","NA","NA","NA","ok","NA","fob"
"165-385","165<-R385",385,165,"385->165",1950,"Uruguay","GPH","Norway","GPH",142857.14,"385","NA","NA","NA","NA","NA","ok","NA","fob"
"165-385","R165->385",165,385,"165->385",1950,"Norway","GPH","Uruguay","GPH",35714.285,"165","NA","NA","NA","NA","NA","ok","NA","fob"
"165-390","165<-R390",390,165,"390->165",1950,"Uruguay","GPH","Denmark","GPH",214285.72,"390","NA","NA","NA","NA","NA","ok","NA","fob"
"165-390","R165->390",165,390,"165->390",1950,"Denmark","GPH","Uruguay","GPH",71428.57,"165","NA","NA","NA","NA","NA","ok","NA","fob"
"165-395","165<-R395",395,165,"",1950,"","","","",0,"","","","","","","imputed zero","","fob"
"165-395","R165->395",165,395,"",1950,"","","","",0,"","","","","","","imputed zero","","fob"
"165-40","R165->40",165,40,"",1950,"","","","",0,"","","","","","","imputed zero","","fob"
"165-40","165<-R40",40,165,"40->165",1950,"Uruguay","GPH","Cuba","GPH",607142.88,"40","NA","NA","NA","NA","NA","ok","NA","fob"
"165-41","R165->41",165,41,"",1950,"","","","",0,"","","","","","","imputed zero","","fob"
"165-41","165<-R41",41,165,"",1950,"","","","",0,"","","","","","","imputed zero","","fob"
"165-42","R165->42",165,42,"",1950,"","","","",0,"","","","","","","imputed zero","","fob"
"165-42","165<-R42",42,165,"42->165",1950,"Uruguay","GPH","Dominican Republic (Santo Domingo)","GPH",35714.285,"42","NA","NA","NA","NA","NA","ok","NA","fob"
"165-452","R165->452",165,452,"",1950,"","","","",0,"","","","","","","imputed zero","","fob"
"165-452","165<-R452",452,165,"",1950,"","","","",0,"","","","","","","imputed zero","","fob"
"165-471","165<-R471",471,165,"",1950,"","","","",0,"","","","","","","imputed zero","","fob"
"165-471","R165->471",165,471,"",1950,"","","","",0,"","","","","","","imputed zero","","fob"
"165-475","165<-R475",475,165,"",1950,"","","","",0,"","","","","","","imputed zero","","fob"
"165-475","R165->475",165,475,"",1950,"","","","",0,"","","","","","","imputed zero","","fob"
"165-490","165<-R490",490,165,"",1950,"","","","",0,"","","","","","","imputed zero","","fob"
"165-490","R165->490",165,490,"165->490",1950,"Democratic Republic of the Congo (Zaire) (Kinshasa) (Belgian Congo) (Congo Free State)","GPH","Uruguay","GPH",35714.285,"165","NA","NA","NA","NA","NA","ok","NA","fob"
"165-500","165<-R500",500,165,"500->165",1950,"Uruguay","GPH","Uganda","GPH",107142.86,"500","NA","NA","NA","NA","NA","ok","NA","fob"
"165-500","R165->500",165,500,"",1950,"","","","",0,"","","","","","","imputed zero","","fob"
"165-501","165<-R501",501,165,"501->165",1950,"Uruguay","GPH","Kenya (British East Africa Protectorate)","GPH",35714.285,"501","NA","NA","NA","NA","NA","ok","NA","fob"
"165-501","R165->501",165,501,"",1950,"","","","",0,"","","","","","","imputed zero","","fob"
"165-51","165<-R51",51,165,"",1950,"","","","",0,"","","","","","","imputed zero","","fob"
"165-51","R165->51",165,51,"",1950,"","","","",0,"","","","","","","imputed zero","","fob"
"165-512","165<-R512",512,165,"512->165",1950,"Uruguay","GPH","Tanzania (Tanganyika)","GPH",35714.285,"512","NA","NA","NA","NA","NA","ok","NA","fob"
"165-512","R165->512",165,512,"",1950,"","","","",0,"","","","","","","imputed zero","","fob"
"165-52","R165->52",165,52,"",1950,"","","","",0,"","","","","","","imputed zero","","fob"
"165-52","165<-R52",52,165,"52->165",1950,"Uruguay","GPH","Trinidad and Tobago","GPH",107142.86,"52","NA","NA","NA","NA","NA","ok","NA","fob"
"165-522","165<-R522",522,165,"",1950,"","","","",,"","","","","","","not reported","","fob"
"165-522","R165->522",165,522,"",1950,"","","","",0,"","","","","","","imputed zero","","fob"
"165-530","R165->530",165,530,"",1950,"","","","",0,"","","","","","","imputed zero","","fob"
"165-530","165<-R530",530,165,"",1950,"","","","",0,"","","","","","","imputed zero","","fob"
"165-540","R165->540",165,540,"",1950,"","","","",0,"","","","","","","imputed zero","","fob"
"165-540","165<-R540",540,165,"",1950,"","","","",0,"","","","","","","imputed zero","","fob"
"165-541","R165->541",165,541,"",1950,"","","","",0,"","","","","","","imputed zero","","fob"
"165-541","165<-R541",541,165,"",1950,"","","","",0,"","","","","","","imputed zero","","fob"
"165-551","R165->551",165,551,"",1950,"","","","",0,"","","","","","","imputed zero","","fob"
"165-551","165<-R551",551,165,"",1950,"","","","",0,"","","","","","","imputed zero","","fob"
"165-552","165<-R552",552,165,"",1950,"","","","",0,"","","","","","","imputed zero","","fob"
"165-552","R165->552",165,552,"",1950,"","","","",0,"","","","","","","imputed zero","","fob"
"165-560","R165->560",165,560,"165->560",1950,"South Africa","GPH","Uruguay","GPH",357142.84,"165","NA","NA","NA","NA","NA","ok","NA","fob"
"165-560","165<-R560",560,165,"",1950,"","","","",,"","","","","","","not reported","","fob"
"165-580","R165->580",165,580,"",1950,"","","","",0,"","","","","","","imputed zero","","fob"
"165-580","165<-R580",580,165,"",1950,"","","","",0,"","","","","","","imputed zero","","fob"
"165-600","R165->600",165,600,"165->600",1950,"Morocco","GPH","Uruguay","GPH",107142.86,"165","NA","NA","NA","NA","NA","ok","NA","fob"
"165-600","165<-R600",600,165,"600->165",1950,"Uruguay","GPH","Morocco","GPH",71428.57,"600","NA","NA","NA","NA","NA","ok","NA","fob"
"165-615","165<-R615",615,165,"615->165",1950,"Uruguay","GPH","Algeria (Regency of Algiers)","GPH",35714.285,"615","NA","NA","NA","NA","NA","ok","NA","fob"
"165-615","R165->615",165,615,"",1950,"","","","",0,"","","","","","","imputed zero","","fob"
"165-616","R165->616",165,616,"",1950,"","","","",0,"","","","","","","imputed zero","","fob"
"165-616","165<-R616",616,165,"616->165",1950,"Uruguay","GPH","Tunisia (Regency of Tunis)","GPH",35714.285,"616","NA","NA","NA","NA","NA","ok","NA","fob"
"165-625","R165->625",165,625,"165->625",1950,"Sudan (Anglo-Egyptian Sudan) (Mahdist State)","GPH","Uruguay","GPH",71428.57,"165","NA","NA","NA","NA","NA","ok","NA","fob"
"165-625","165<-R625",625,165,"",1950,"","","","",0,"","","","","","","imputed zero","","fob"
"165-630","R165->630",165,630,"",1950,"","","","",0,"","","","","","","imputed zero","","fob"
"165-630","165<-R630",630,165,"",1950,"","","","",,"","","","","","","not reported","","fob"
"165-640","R165->640",165,640,"165->640",1950,"Turkey (Ottoman Empire)","GPH","Uruguay","GPH",35714.285,"165","NA","NA","NA","NA","NA","ok","NA","fob"
"165-640","165<-R640",640,165,"640->165",1950,"Uruguay","GPH","Turkey (Ottoman Empire)","GPH",71428.57,"640","NA","NA","NA","NA","NA","ok","NA","fob"
"165-645","R165->645",165,645,"",1950,"","","","",0,"","","","","","","imputed zero","","fob"
"165-645","165<-R645",645,165,"",1950,"","","","",0,"","","","","","","imputed zero","","fob"
"165-651","165<-R651",651,165,"",1950,"","","","",0,"","","","","","","imputed zero","","fob"
"165-651","R165->651",165,651,"",1950,"","","","",0,"","","","","","","imputed zero","","fob"
"165-652","R165->652",165,652,"",1950,"","","","",0,"","","","","","","imputed zero","","fob"
"165-652","165<-R652",652,165,"",1950,"","","","",0,"","","","","","","imputed zero","","fob"
"165-660","R165->660",165,660,"",1950,"","","","",0,"","","","","","","imputed zero","","fob"
"165-660","165<-R660",660,165,"",1950,"","","","",0,"","","","","","","imputed zero","","fob"
"165-666","R165->666",165,666,"165->666",1950,"Israel","GPH","Uruguay","GPH",214285.72,"165","NA","NA","NA","NA","NA","ok","NA","fob"
"165-666","165<-R666",666,165,"",1950,"","","","",0,"","","","","","","imputed zero","","fob"
"165-670","165<-R670",670,165,"",1950,"","","","",,"","","","","","","not reported","","fob"
"165-670","R165->670",165,670,"",1950,"","","","",0,"","","","","","","imputed zero","","fob"
"165-68","R165->68",165,68,"165->68",1950,"Netherlands Antilles","GPH","Uruguay","GPH",35714.285,"165","NA","NA","NA","NA","NA","ok","NA","fob"
"165-68","165<-R68",68,165,"",1950,"","","","",,"","","","","","","not reported","","fob"
"165-70","R165->70",165,70,"165->70",1950,"Mexico","GPH","Uruguay","GPH",178571.42,"165","NA","NA","NA","NA","NA","ok","NA","fob"
"165-70","165<-R70",70,165,"",1950,"","","","",0,"","","","","","","imputed zero","","fob"
"165-710","R165->710",165,710,"",1950,"","","","",0,"","","","","","","imputed zero","","fob"
"165-710","165<-R710",710,165,"",1950,"","","","",,"","","","","","","not reported","","fob"
"165-713","R165->713",165,713,"",1950,"","","","",0,"","","","","","","imputed zero","","fob"
"165-713","165<-R713",713,165,"",1950,"","","","",,"","","","","","","not reported","","fob"
"165-720","165<-R720",720,165,"",1950,"","","","",0,"","","","","","","imputed zero","","fob"
"165-720","R165->720",165,720,"",1950,"","","","",0,"","","","","","","imputed zero","","fob"
"165-732","165<-R732",732,165,"",1950,"","","","",,"","","","","","","not reported","","fob"
"165-732","R165->732",165,732,"",1950,"","","","",0,"","","","","","","imputed zero","","fob"
"165-740","R165->740",165,740,"165->740",1950,"Japan","GPH","Uruguay","GPH",1750000,"165","NA","NA","NA","NA","NA","ok","NA","fob"
"165-740","165<-R740",740,165,"740->165",1950,"Uruguay","GPH","Japan","GPH",178571.42,"740","NA","NA","NA","NA","NA","ok","NA","fob"
"165-750","165<-R750",750,165,"750->165",1950,"Uruguay","GPH","India","GPH",392857.16,"750","NA","NA","NA","NA","NA","ok","NA","fob"
"165-750","R165->750",165,750,"",1950,"","","","",0,"","","","","","","imputed zero","","fob"
"165-770","165<-R770",770,165,"770->165",1950,"Uruguay","GPH","Pakistan","GPH",178571.42,"770","NA","NA","NA","NA","NA","ok","NA","fob"
"165-770","R165->770",165,770,"",1950,"","","","",0,"","","","","","","imputed zero","","fob"
"165-775","165<-R775",775,165,"",1950,"","","","",0,"","","","","","","imputed zero","","fob"
"165-775","R165->775",165,775,"",1950,"","","","",0,"","","","","","","imputed zero","","fob"
"165-780","165<-R780",780,165,"780->165",1950,"Uruguay","GPH","Sri Lanka (Ceylon)","GPH",250000,"780","NA","NA","NA","NA","NA","ok","NA","fob"
"165-780","R165->780",165,780,"",1950,"","","","",0,"","","","","","","imputed zero","","fob"
"165-800","165<-R800",800,165,"",1950,"","","","",,"","","","","","","not reported","","fob"
"165-800","R165->800",165,800,"",1950,"","","","",0,"","","","","","","imputed zero","","fob"
"165-840","R165->840",165,840,"165->840",1950,"Philippines","GPH","Uruguay","GPH",142857.14,"165","NA","NA","NA","NA","NA","ok","NA","fob"
"165-840","165<-R840",840,165,"",1950,"","","","",0,"","","","","","","imputed zero","","fob"
"165-850","R165->850",165,850,"",1950,"","","","",0,"","","","","","","imputed zero","","fob"
"165-850","165<-R850",850,165,"",1950,"","","","",0,"","","","","","","imputed zero","","fob"
"165-90","R165->90",165,90,"",1950,"","","","",0,"","","","","","","imputed zero","","fob"
"165-90","165<-R90",90,165,"",1950,"","","","",0,"","","","","","","imputed zero","","fob"
"165-900","R165->900",165,900,"165->900",1950,"Australia","GPH","Uruguay","GPH",607142.88,"165","NA","NA","NA","NA","NA","ok","NA","fob"
"165-900","165<-R900",900,165,"",1950,"","","","",0,"","","","","","","imputed zero","","fob"
"165-91","R165->91",165,91,"",1950,"","","","",0,"","","","","","","imputed zero","","fob"
"165-91","165<-R91",91,165,"",1950,"","","","",0,"","","","","","","imputed zero","","fob"
"165-92","R165->92",165,92,"",1950,"","","","",0,"","","","","","","imputed zero","","fob"
"165-92","165<-R92",92,165,"",1950,"","","","",0,"","","","","","","imputed zero","","fob"
"165-920","R165->920",165,920,"",1950,"","","","",0,"","","","","","","imputed zero","","fob"
"165-920","165<-R920",920,165,"",1950,"","","","",0,"","","","","","","imputed zero","","fob"
"165-93","R165->93",165,93,"",1950,"","","","",0,"","","","","","","imputed zero","","fob"
"165-93","165<-R93",93,165,"",1950,"","","","",0,"","","","","","","imputed zero","","fob"
"165-94","R165->94",165,94,"",1950,"","","","",0,"","","","","","","imputed zero","","fob"
"165-94","165<-R94",94,165,"",1950,"","","","",0,"","","","","","","imputed zero","","fob"
"165-95","165<-R95",95,165,"",1950,"","","","",0,"","","","","","","imputed zero","","fob"
"165-95","R165->95",165,95,"",1950,"","","","",0,"","","","","","","imputed zero","","fob"
"165-960","R165->960",165,960,"",1950,"","","","",0,"","","","","","","imputed zero","","fob"
"165-960","165<-R960",960,165,"",1950,"","","","",,"","","","","","","not reported","","fob"
"2-20","R2->20",2,20,"2->20",1950,"Canada (Province of Canada)","GPH","United States of America","GPH",723214272,"2","NA","NA","NA","NA","NA","ok","NA","fob"
"2-20","2<-R20",20,2,"20->2",1950,"United States of America","GPH","Canada (Province of Canada)","GPH",670321408,"20","NA","NA","NA","NA","NA","ok","NA","fob"
"2-200","R2->200",2,200,"2->200",1950,"United Kingdom","GPH","United States of America","GPH",191428576,"2","NA","NA","NA","NA","NA","ok","NA","fob"
"2-200","2<-R200",200,2,"200->2",1950,"United States of America","GPH","United Kingdom","GPH",127642856,"200","NA","NA","NA","NA","NA","ok","NA","fob"
"2-205","R2->205",2,205,"2->205",1950,"Ireland","GPH","United States of America","GPH",16071429,"2","NA","NA","NA","NA","NA","ok","NA","fob"
"2-205","2<-R205",205,2,"205->2",1950,"United States of America","GPH","Ireland","GPH",1321428.6,"205","NA","NA","NA","NA","NA","ok","NA","fob"
"2-210","R2->210",2,210,"2->210",1950,"Netherlands","GPH","United States of America","GPH",88928568,"2","NA","NA","NA","NA","NA","ok","NA","fob"
"2-210","2<-R210",210,2,"210->2",1950,"United States of America","GPH","Netherlands","GPH",21714286,"210","NA","NA","NA","NA","NA","ok","NA","fob"
"2-220","R2->220",2,220,"2->220",1950,"France","GPH","United States of America","GPH",166071424,"2","NA","NA","NA","NA","NA","ok","NA","fob"
"2-220","2<-R220",220,2,"220->2",1950,"United States of America","GPH","France","GPH",44857144,"220","NA","NA","NA","NA","NA","ok","NA","fob"
"2-225","R2->225",2,225,"2->225",1950,"Switzerland","GPH","United States of America","GPH",45714284,"2","NA","NA","NA","NA","NA","ok","NA","fob"
"2-225","2<-R225",225,2,"225->2",1950,"United States of America","GPH","Switzerland","GPH",42500000,"225","NA","NA","NA","NA","NA","ok","NA","fob"
"2-230","2<-R230",230,2,"230->2",1950,"United States of America","GPH","Spain","GPH",22071428,"230","NA","NA","NA","NA","NA","ok","NA","fob"
"2-230","R2->230",2,230,"2->230",1950,"Spain","GPH","United States of America","GPH",16071429,"2","NA","NA","NA","NA","NA","ok","NA","fob"
"2-235","R2->235",2,235,"2->235",1950,"Portugal","GPH","United States of America","GPH",12857143,"2","NA","NA","NA","NA","NA","ok","NA","fob"
"2-235","2<-R235",235,2,"235->2",1950,"United States of America","GPH","Portugal","GPH",8571429,"235","NA","NA","NA","NA","NA","ok","NA","fob"
"2-255","2<-R255",255,2,"255->2",1950,"United States of America","GPH","Germany (Zollverein)","GPH",36785716,"255","NA","NA","NA","NA","NA","ok","NA","fob"
"2-255","R2->255",2,255,"2->255",1950,"Germany (Zollverein)","GPH","United States of America","GPH",156785712,"2","NA","NA","NA","NA","NA","ok","NA","fob"
"2-290","R2->290",2,290,"2->290",1950,"Poland","GPH","United States of America","GPH",3214285.8,"2","NA","NA","NA","NA","NA","ok","NA","fob"
"2-290","2<-R290",290,2,"",1950,"","","","",,"","","","","","","not reported","","fob"
"2-305","2<-R305",305,2,"305->2",1950,"United States of America","GPH","Austria","GPH",6035714.5,"305","NA","NA","NA","NA","NA","ok","NA","fob"
"2-305","R2->305",2,305,"2->305",1950,"Austria","GPH","United States of America","GPH",37857144,"2","NA","NA","NA","NA","NA","ok","NA","fob"
"2-310","R2->310",2,310,"2->310",1950,"Hungary","GPH","United States of America","GPH",1071428.6,"2","NA","NA","NA","NA","NA","ok","NA","fob"
"2-310","2<-R310",310,2,"",1950,"","","","",,"","","","","","","not reported","","fob"
"2-315","2<-R315",315,2,"",1950,"","","","",,"","","","","","","not reported","","fob"
"2-315","R2->315",2,315,"2->315",1950,"Czechoslovakia","GPH","United States of America","GPH",3928571.5,"2","NA","NA","NA","NA","NA","ok","NA","fob"
"2-325","2<-R325",325,2,"325->2",1950,"United States of America","GPH","Italy","GPH",27392858,"325","NA","NA","NA","NA","NA","ok","NA","fob"
"2-325","R2->325",2,325,"2->325",1950,"Italy","GPH","United States of America","GPH",129285712,"2","NA","NA","NA","NA","NA","ok","NA","fob"
"2-345","R2->345",2,345,"2->345",1950,"Yugoslavia (Kingdom of Serbs, Croats and Slovenes)","GPH","United States of America","GPH",14285714,"2","NA","NA","NA","NA","NA","ok","NA","fob"
"2-345","2<-R345",345,2,"",1950,"","","","",,"","","","","","","not reported","","fob"
"2-350","2<-R350",350,2,"350->2",1950,"United States of America","GPH","Greece","GPH",5321428.5,"350","NA","NA","NA","NA","NA","ok","NA","fob"
"2-350","R2->350",2,350,"2->350",1950,"Greece","GPH","United States of America","GPH",37142856,"2","NA","NA","NA","NA","NA","ok","NA","fob"
"2-352","2<-R352",352,2,"352->2",1950,"United States of America","GPH","Cyprus","GPH",714285.69,"352","NA","NA","NA","NA","NA","ok","NA","fob"
"2-352","R2->352",2,352,"2->352",1950,"Cyprus","GPH","United States of America","GPH",714285.69,"2","NA","NA","NA","NA","NA","ok","NA","fob"
"2-355","R2->355",2,355,"2->355",1950,"Bulgaria","GPH","United States of America","GPH",357142.84,"2","NA","NA","NA","NA","NA","ok","NA","fob"
"2-355","2<-R355",355,2,"",1950,"","","","",,"","","","","","","not reported","","fob"
"2-360","R2->360",2,360,"2->360",1950,"Romania","GPH","United States of America","GPH",714285.69,"2","NA","NA","NA","NA","NA","ok","NA","fob"
"2-360","2<-R360",360,2,"",1950,"","","","",,"","","","","","","not reported","","fob"
"2-365","R2->365",2,365,"2->365",1950,"Russia (USSR)","GPH","United States of America","GPH",357142.84,"2","NA","NA","NA","NA","NA","ok","NA","fob"
"2-365","2<-R365",365,2,"",1950,"","","","",,"","","","","","","not reported","","fob"
"2-375","R2->375",2,375,"2->375",1950,"Finland","GPH","United States of America","GPH",7500000,"2","NA","NA","NA","NA","NA","ok","NA","fob"
"2-375","2<-R375",375,2,"375->2",1950,"United States of America","GPH","Finland","GPH",11892857,"375","NA","NA","NA","NA","NA","ok","NA","fob"
"2-380","2<-R380",380,2,"380->2",1950,"United States of America","GPH","Sweden","GPH",24535714,"380","NA","NA","NA","NA","NA","ok","NA","fob"
"2-380","R2->380",2,380,"2->380",1950,"Sweden","GPH","United States of America","GPH",34642856,"2","NA","NA","NA","NA","NA","ok","NA","fob"
"2-385","2<-R385",385,2,"385->2",1950,"United States of America","GPH","Norway","GPH",13714286,"385","NA","NA","NA","NA","NA","ok","NA","fob"
"2-385","R2->385",2,385,"2->385",1950,"Norway","GPH","United States of America","GPH",33214286,"2","NA","NA","NA","NA","NA","ok","NA","fob"
"2-390","R2->390",2,390,"2->390",1950,"Denmark","GPH","United States of America","GPH",22857142,"2","NA","NA","NA","NA","NA","ok","NA","fob"
"2-390","2<-R390",390,2,"390->2",1950,"United States of America","GPH","Denmark","GPH",4357143,"390","NA","NA","NA","NA","NA","ok","NA","fob"
"2-395","R2->395",2,395,"2->395",1950,"Iceland","GPH","United States of America","GPH",2142857.3,"2","NA","NA","NA","NA","NA","ok","NA","fob"
"2-395","2<-R395",395,2,"395->2",1950,"United States of America","GPH","Iceland","GPH",1357142.9,"395","NA","NA","NA","NA","NA","ok","NA","fob"
"2-40","2<-R40",40,2,"",1950,"","","","",0,"","","","","","","imputed zero","","fob"
"2-40","R2->40",2,40,"2->40",1950,"Cuba","GPH","United States of America","GPH",163571424,"2","NA","NA","NA","NA","NA","ok","NA","fob"
"2-41","2<-R41",41,2,"41->2",1950,"United States of America","GPH","Haiti","GPH",8071428.5,"41","NA","NA","NA","NA","NA","ok","NA","fob"
"2-41","R2->41",2,41,"2->41",1950,"Haiti","GPH","United States of America","GPH",8928571,"2","NA","NA","NA","NA","NA","ok","NA","fob"
"2-42","R2->42",2,42,"2->42",1950,"Dominican Republic (Santo Domingo)","GPH","United States of America","GPH",15000000,"2","NA","NA","NA","NA","NA","ok","NA","fob"
"2-42","2<-R42",42,2,"42->2",1950,"United States of America","GPH","Dominican Republic (Santo Domingo)","GPH",13142857,"42","NA","NA","NA","NA","NA","ok","NA","fob"
"2-452","2<-R452",452,2,"452->2",1950,"United States of America","GPH","Ghana (Gold Coast)","GPH",23000000,"452","NA","NA","NA","NA","NA","ok","NA","fob"
"2-452","R2->452",2,452,"2->452",1950,"Ghana (Gold Coast)","GPH","United States of America","GPH",2142857.3,"2","NA","NA","NA","NA","NA","ok","NA","fob"
"2-471","R2->471",2,471,"2->471",1950,"Cameroun (French Cameroon)","GPH","United States of America","GPH",1785714.3,"2","NA","NA","NA","NA","NA","ok","NA","fob"
"2-471","2<-R471",471,2,"471->2",1950,"United States of America","GPH","Cameroun (French Cameroon)","GPH",464285.72,"471","NA","NA","NA","NA","NA","ok","NA","fob"
"2-475","2<-R475",475,2,"475->2",1950,"United States of America","GPH","Nigeria","GPH",13178571,"475","NA","NA","NA","NA","NA","ok","NA","fob"
"2-475","R2->475",2,475,"2->475",1950,"Nigeria","GPH","United States of America","GPH",2142857.3,"2","NA","NA","NA","NA","NA","ok","NA","fob"
"2-490","2<-R490",490,2,"490->2",1950,"United States of America","GPH","Democratic Republic of the Congo (Zaire) (Kinshasa) (Belgian Congo) (Congo Free State)","GPH",12535714,"490","NA","NA","NA","NA","NA","ok","NA","fob"
"2-490","R2->490",2,490,"2->490",1950,"Democratic Republic of the Congo (Zaire) (Kinshasa) (Belgian Congo) (Congo Free State)","GPH","United States of America","GPH",14285714,"2","NA","NA","NA","NA","NA","ok","NA","fob"
"2-500","R2->500",2,500,"",1950,"","","","",0,"","","","","","","imputed zero","","fob"
"2-500","2<-R500",500,2,"500->2",1950,"United States of America","GPH","Uganda","GPH",2607142.8,"500","NA","NA","NA","NA","NA","ok","NA","fob"
"2-501","2<-R501",501,2,"501->2",1950,"United States of America","GPH","Kenya (British East Africa Protectorate)","GPH",2285714.3,"501","NA","NA","NA","NA","NA","ok","NA","fob"
"2-501","R2->501",2,501,"",1950,"","","","",0,"","","","","","","imputed zero","","fob"
"2-51","2<-R51",51,2,"51->2",1950,"United States of America","GPH","Jamaica","GPH",785714.31,"51","NA","NA","NA","NA","NA","ok","NA","fob"
"2-51","R2->51",2,51,"2->51",1950,"Jamaica","GPH","United States of America","GPH",2857142.8,"2","NA","NA","NA","NA","NA","ok","NA","fob"
"2-512","R2->512",2,512,"",1950,"","","","",0,"","","","","","","imputed zero","","fob"
"2-512","2<-R512",512,2,"512->2",1950,"United States of America","GPH","Tanzania (Tanganyika)","GPH",2214285.8,"512","NA","NA","NA","NA","NA","ok","NA","fob"
"2-52","2<-R52",52,2,"52->2",1950,"United States of America","GPH","Trinidad and Tobago","GPH",2714285.8,"52","NA","NA","NA","NA","NA","ok","NA","fob"
"2-52","R2->52",2,52,"2->52",1950,"Trinidad and Tobago","GPH","United States of America","GPH",2142857.3,"2","NA","NA","NA","NA","NA","ok","NA","fob"
"2-522","2<-R522",522,2,"",1950,"","","","",,"","","","","","","not reported","","fob"
"2-522","R2->522",2,522,"2->522",1950,"Djibouti (Afar and Issas) (French Somaliland)","GPH","United States of America","GPH",357142.84,"2","NA","NA","NA","NA","NA","ok","NA","fob"
"2-530","R2->530",2,530,"2->530",1950,"Ethiopia (Abyssinia)","GPH","United States of America","GPH",1071428.6,"2","NA","NA","NA","NA","NA","ok","NA","fob"
"2-530","2<-R530",530,2,"",1950,"","","","",0,"","","","","","","imputed zero","","fob"
"2-540","2<-R540",540,2,"540->2",1950,"United States of America","GPH","Angola","GPH",3678571.5,"540","NA","NA","NA","NA","NA","ok","NA","fob"
"2-540","R2->540",2,540,"2->540",1950,"Angola","GPH","United States of America","GPH",2500000,"2","NA","NA","NA","NA","NA","ok","NA","fob"
"2-541","2<-R541",541,2,"541->2",1950,"United States of America","GPH","Mozambique (Portuguese East Africa)","GPH",892857.13,"541","NA","NA","NA","NA","NA","ok","NA","fob"
"2-541","R2->541",2,541,"2->541",1950,"Mozambique (Portuguese East Africa)","GPH","United States of America","GPH",2500000,"2","NA","NA","NA","NA","NA","ok","NA","fob"
"2-551","R2->551",2,551,"2->551",1950,"Zambia (Northern Rhodesia)","GPH","United States of America","GPH",714285.69,"2","NA","NA","NA","NA","NA","ok","NA","fob"
"2-551","2<-R551",551,2,"551->2",1950,"United States of America","GPH","Zambia (Northern Rhodesia)","GPH",10821429,"551","NA","NA","NA","NA","NA","ok","NA","fob"
"2-552","R2->552",2,552,"2->552",1950,"Zimbabwe (Rhodesia) (Southern Rhodesia)","GPH","United States of America","GPH",1428571.4,"2","NA","NA","NA","NA","NA","ok","NA","fob"
"2-552","2<-R552",552,2,"552->2",1950,"United States of America","GPH","Zimbabwe (Rhodesia) (Southern Rhodesia)","GPH",2464285.8,"552","NA","NA","NA","NA","NA","ok","NA","fob"
"2-560","2<-R560",560,2,"",1950,"","","","",,"","","","","","","not reported","","fob"
"2-560","R2->560",2,560,"2->560",1950,"South Africa","GPH","United States of America","GPH",42857144,"2","NA","NA","NA","NA","NA","ok","NA","fob"
"2-580","2<-R580",580,2,"580->2",1950,"United States of America","GPH","Madagascar (Malagasy Republic)","GPH",1392857.1,"580","NA","NA","NA","NA","NA","ok","NA","fob"
"2-580","R2->580",2,580,"2->580",1950,"Madagascar (Malagasy Republic)","GPH","United States of America","GPH",1428571.4,"2","NA","NA","NA","NA","NA","ok","NA","fob"
"2-600","2<-R600",600,2,"600->2",1950,"United States of America","GPH","Morocco","GPH",1071428.6,"600","NA","NA","NA","NA","NA","ok","NA","fob"
"2-600","R2->600",2,600,"2->600",1950,"Morocco","GPH","United States of America","GPH",7857143,"2","NA","NA","NA","NA","NA","ok","NA","fob"
"2-615","R2->615",2,615,"2->615",1950,"Algeria (Regency of Algiers)","GPH","United States of America","GPH",5000000,"2","NA","NA","NA","NA","NA","ok","NA","fob"
"2-615","2<-R615",615,2,"615->2",1950,"United States of America","GPH","Algeria (Regency of Algiers)","GPH",1928571.4,"615","NA","NA","NA","NA","NA","ok","NA","fob"
"2-616","R2->616",2,616,"2->616",1950,"Tunisia (Regency of Tunis)","GPH","United States of America","GPH",2500000,"2","NA","NA","NA","NA","NA","ok","NA","fob"
"2-616","2<-R616",616,2,"616->2",1950,"United States of America","GPH","Tunisia (Regency of Tunis)","GPH",964285.69,"616","NA","NA","NA","NA","NA","ok","NA","fob"
"2-625","R2->625",2,625,"2->625",1950,"Sudan (Anglo-Egyptian Sudan) (Mahdist State)","GPH","United States of America","GPH",357142.84,"2","NA","NA","NA","NA","NA","ok","NA","fob"
"2-625","2<-R625",625,2,"625->2",1950,"United States of America","GPH","Sudan (Anglo-Egyptian Sudan) (Mahdist State)","GPH",750000,"625","NA","NA","NA","NA","NA","ok","NA","fob"
"2-630","R2->630",2,630,"2->630",1950,"Iran (Persia)","GPH","United States of America","GPH",12857143,"2","NA","NA","NA","NA","NA","ok","NA","fob"
"2-630","2<-R630",630,2,"",1950,"","","","",,"","","","","","","not reported","","fob"
"2-640","2<-R640",640,2,"640->2",1950,"United States of America","GPH","Turkey (Ottoman Empire)","GPH",15857143,"640","NA","NA","NA","NA","NA","ok","NA","fob"
"2-640","R2->640",2,640,"2->640",1950,"Turkey (Ottoman Empire)","GPH","United States of America","GPH",28928572,"2","NA","NA","NA","NA","NA","ok","NA","fob"
"2-645","2<-R645",645,2,"645->2",1950,"United States of America","GPH","Iraq (Mesopotamia)","GPH",714285.69,"645","NA","NA","NA","NA","NA","ok","NA","fob"
"2-645","R2->645",2,645,"2->645",1950,"Iraq (Mesopotamia)","GPH","United States of America","GPH",3571428.5,"2","NA","NA","NA","NA","NA","ok","NA","fob"
"2-651","R2->651",2,651,"2->651",1950,"Egypt Arab Republic (Egypt)","GPH","United States of America","GPH",11428571,"2","NA","NA","NA","NA","NA","ok","NA","fob"
"2-651","2<-R651",651,2,"651->2",1950,"United States of America","GPH","Egypt Arab Republic (Egypt)","GPH",15821429,"651","NA","NA","NA","NA","NA","ok","NA","fob"
"2-652","R2->652",2,652,"2->652",1950,"Syria","GPH","United States of America","GPH",3571428.5,"2","NA","NA","NA","NA","NA","ok","NA","fob"
"2-652","2<-R652",652,2,"652->2",1950,"United States of America","GPH","Syria","GPH",4107142.8,"652","NA","NA","NA","NA","NA","ok","NA","fob"
"2-660","2<-R660",660,2,"660->2",1950,"United States of America","GPH","Lebanon","GPH",1142857.1,"660","NA","NA","NA","NA","NA","ok","NA","fob"
"2-660","R2->660",2,660,"2->660",1950,"Lebanon","GPH","United States of America","GPH",9642857,"2","NA","NA","NA","NA","NA","ok","NA","fob"
"2-666","R2->666",2,666,"2->666",1950,"Israel","GPH","United States of America","GPH",32857142,"2","NA","NA","NA","NA","NA","ok","NA","fob"
"2-666","2<-R666",666,2,"666->2",1950,"United States of America","GPH","Israel","GPH",2964285.8,"666","NA","NA","NA","NA","NA","ok","NA","fob"
"2-670","R2->670",2,670,"2->670",1950,"Saudi Arabia (Emirate of Nejd) (Emirate of Diriyah)","GPH","United States of America","GPH",11428571,"2","NA","NA","NA","NA","NA","ok","NA","fob"
"2-670","2<-R670",670,2,"",1950,"","","","",,"","","","","","","not reported","","fob"
"2-68","R2->68",2,68,"2->68",1950,"Netherlands Antilles","GPH","United States of America","GPH",25000000,"2","NA","NA","NA","NA","NA","ok","NA","fob"
"2-68","2<-R68",68,2,"",1950,"","","","",,"","","","","","","not reported","","fob"
"2-70","R2->70",2,70,"2->70",1950,"Mexico","GPH","United States of America","GPH",185357136,"2","NA","NA","NA","NA","NA","ok","NA","fob"
"2-70","2<-R70",70,2,"70->2",1950,"United States of America","GPH","Mexico","GPH",154785712,"70","NA","NA","NA","NA","NA","ok","NA","fob"
"2-710","2<-R710",710,2,"",1950,"","","","",,"","","","","","","not reported","","fob"
"2-710","R2->710",2,710,"2->710",1950,"People's Republic of China (China)","GPH","United States of America","GPH",24285714,"2","NA","NA","NA","NA","NA","ok","NA","fob"
"2-713","R2->713",2,713,"2->713",1950,"Republic of China (Taiwan) (Formosa)","GPH","United States of America","GPH",5714285.5,"2","NA","NA","NA","NA","NA","ok","NA","fob"
"2-713","2<-R713",713,2,"",1950,"","","","",,"","","","","","","not reported","","fob"
"2-720","2<-R720",720,2,"720->2",1950,"United States of America","GPH","Hong Kong","GPH",20214286,"720","NA","NA","NA","NA","NA","ok","NA","fob"
"2-720","R2->720",2,720,"2->720",1950,"Hong Kong","GPH","United States of America","GPH",36785716,"2","NA","NA","NA","NA","NA","ok","NA","fob"
"2-732","R2->732",2,732,"2->732",1950,"South Korea (Republic of South Korea)","GPH","United States of America","GPH",8214285.5,"2","NA","NA","NA","NA","NA","ok","NA","fob"
"2-732","2<-R732",732,2,"",1950,"","","","",,"","","","","","","not reported","","fob"
"2-740","R2->740",2,740,"2->740",1950,"Japan","GPH","United States of America","GPH",149285712,"2","NA","NA","NA","NA","NA","ok","NA","fob"
"2-740","2<-R740",740,2,"740->2",1950,"United States of America","GPH","Japan","GPH",65357144,"740","NA","NA","NA","NA","NA","ok","NA","fob"
"2-750","R2->750",2,750,"2->750",1950,"India","GPH","United States of America","GPH",75714288,"2","NA","NA","NA","NA","NA","ok","NA","fob"
"2-750","2<-R750",750,2,"750->2",1950,"United States of America","GPH","India","GPH",78321432,"750","NA","NA","NA","NA","NA","ok","NA","fob"
"2-770","R2->770",2,770,"2->770",1950,"Pakistan","GPH","United States of America","GPH",10714286,"2","NA","NA","NA","NA","NA","ok","NA","fob"
"2-770","2<-R770",770,2,"770->2",1950,"United States of America","GPH","Pakistan","GPH",15678571,"770","NA","NA","NA","NA","NA","ok","NA","fob"
"2-775","2<-R775",775,2,"775->2",1950,"United States of America","GPH","Myanmar (Burma)","GPH",142857.14,"775","NA","NA","NA","NA","NA","ok","NA","fob"
"2-775","R2->775",2,775,"2->775",1950,"Myanmar (Burma)","GPH","United States of America","GPH",357142.84,"2","NA","NA","NA","NA","NA","ok","NA","fob"
"2-780","2<-R780",780,2,"780->2",1950,"United States of America","GPH","Sri Lanka (Ceylon)","GPH",25107142,"780","NA","NA","NA","NA","NA","ok","NA","fob"
"2-780","R2->780",2,780,"2->780",1950,"Sri Lanka (Ceylon)","GPH","United States of America","GPH",2142857.3,"2","NA","NA","NA","NA","NA","ok","NA","fob"
"2-800","2<-R800",800,2,"",1950,"","","","",,"","","","","","","not reported","","fob"
"2-800","R2->800",2,800,"2->800",1950,"Thailand (Siam)","GPH","United States of America","GPH",10000000,"2","NA","NA","NA","NA","NA","ok","NA","fob"
"2-840","2<-R840",840,2,"840->2",1950,"United States of America","GPH","Philippines","GPH",88000000,"840","NA","NA","NA","NA","NA","ok","NA","fob"
"2-840","R2->840",2,840,"2->840",1950,"Philippines","GPH","United States of America","GPH",85357144,"2","NA","NA","NA","NA","NA","ok","NA","fob"
"2-850","R2->850",2,850,"2->850",1950,"Indonesia (Dutch East Indies)","GPH","United States of America","GPH",27857142,"2","NA","NA","NA","NA","NA","ok","NA","fob"
"2-850","2<-R850",850,2,"850->2",1950,"United States of America","GPH","Indonesia (Dutch East Indies)","GPH",47500000,"850","NA","NA","NA","NA","NA","ok","NA","fob"
"2-90","R2->90",2,90,"2->90",1950,"Guatemala","GPH","United States of America","GPH",15714286,"2","NA","NA","NA","NA","NA","ok","NA","fob"
"2-90","2<-R90",90,2,"90->2",1950,"United States of America","GPH","Guatemala","GPH",21500000,"90","NA","NA","NA","NA","NA","ok","NA","fob"
"2-900","2<-R900",900,2,"900->2",1950,"United States of America","GPH","Australia","GPH",51035716,"900","NA","NA","NA","NA","NA","ok","NA","fob"
"2-900","R2->900",2,900,"2->900",1950,"Australia","GPH","United States of America","GPH",37500000,"2","NA","NA","NA","NA","NA","ok","NA","fob"
"2-91","2<-R91",91,2,"91->2",1950,"United States of America","GPH","Honduras","GPH",5428571.5,"91","NA","NA","NA","NA","NA","ok","NA","fob"
"2-91","R2->91",2,91,"2->91",1950,"Honduras","GPH","United States of America","GPH",8571429,"2","NA","NA","NA","NA","NA","ok","NA","fob"
"2-92","2<-R92",92,2,"92->2",1950,"United States of America","GPH","El Salvador","GPH",21357142,"92","NA","NA","NA","NA","NA","ok","NA","fob"
"2-92","R2->92",2,92,"2->92",1950,"El Salvador","GPH","United States of America","GPH",11785714,"2","NA","NA","NA","NA","NA","ok","NA","fob"
"2-920","R2->920",2,920,"2->920",1950,"New Zealand","GPH","United States of America","GPH",9642857,"2","NA","NA","NA","NA","NA","ok","NA","fob"
"2-920","2<-R920",920,2,"920->2",1950,"United States of America","GPH","New Zealand","GPH",18392858,"920","NA","NA","NA","NA","NA","ok","NA","fob"
"2-93","R2->93",2,93,"2->93",1950,"Nicaragua","GPH","United States of America","GPH",6785714.5,"2","NA","NA","NA","NA","NA","ok","NA","fob"
"2-93","2<-R93",93,2,"93->2",1950,"United States of America","GPH","Nicaragua","GPH",8642857,"93","NA","NA","NA","NA","NA","ok","NA","fob"
"2-94","R2->94",2,94,"2->94",1950,"Costa Rica","GPH","United States of America","GPH",9642857,"2","NA","NA","NA","NA","NA","ok","NA","fob"
"2-94","2<-R94",94,2,"94->2",1950,"United States of America","GPH","Costa Rica","GPH",15464286,"94","NA","NA","NA","NA","NA","ok","NA","fob"
"2-95","R2->95",2,95,"2->95",1950,"Panama","GPH","United States of America","GPH",40000000,"2","NA","NA","NA","NA","NA","ok","NA","fob"
"2-95","2<-R95",95,2,"95->2",1950,"United States of America","GPH","Panama","GPH",3321428.5,"95","NA","NA","NA","NA","NA","ok","NA","fob"
"2-960","R2->960",2,960,"2->960",1950,"French Polynesia","GPH","United States of America","GPH",1785714.3,"2","NA","NA","NA","NA","NA","ok","NA","fob"
"2-960","2<-R960",960,2,"",1950,"","","","",,"","","","","","","not reported","","fob"
"20-200","R20->200",20,200,"20->200",1950,"United Kingdom","GPH","Canada (Province of Canada)","GPH",154500000,"20","NA","NA","NA","NA","NA","ok","NA","fob"
"20-200","20<-R200",200,20,"200->20",1950,"Canada (Province of Canada)","GPH","United Kingdom","GPH",128357144,"200","NA","NA","NA","NA","NA","ok","NA","fob"
"20-205","20<-R205",205,20,"205->20",1950,"Canada (Province of Canada)","GPH","Ireland","GPH",71428.57,"205","NA","NA","NA","NA","NA","ok","NA","fob"
"20-205","R20->205",20,205,"20->205",1950,"Ireland","GPH","Canada (Province of Canada)","GPH",4357143,"20","NA","NA","NA","NA","NA","ok","NA","fob"
"20-210","20<-R210",210,20,"210->20",1950,"Canada (Province of Canada)","GPH","Netherlands","GPH",2000000,"210","NA","NA","NA","NA","NA","ok","NA","fob"
"20-210","R20->210",20,210,"20->210",1950,"Netherlands","GPH","Canada (Province of Canada)","GPH",2821428.5,"20","NA","NA","NA","NA","NA","ok","NA","fob"
"20-220","20<-R220",220,20,"220->20",1950,"Canada (Province of Canada)","GPH","France","GPH",4857143,"220","NA","NA","NA","NA","NA","ok","NA","fob"
"20-220","R20->220",20,220,"20->220",1950,"France","GPH","Canada (Province of Canada)","GPH",6035714.5,"20","NA","NA","NA","NA","NA","ok","NA","fob"
"20-225","R20->225",20,225,"20->225",1950,"Switzerland","GPH","Canada (Province of Canada)","GPH",8714286,"20","NA","NA","NA","NA","NA","ok","NA","fob"
"20-225","20<-R225",225,20,"225->20",1950,"Canada (Province of Canada)","GPH","Switzerland","GPH",5607143,"225","NA","NA","NA","NA","NA","ok","NA","fob"
"20-230","R20->230",20,230,"20->230",1950,"Spain","GPH","Canada (Province of Canada)","GPH",1857142.9,"20","NA","NA","NA","NA","NA","ok","NA","fob"
"20-230","20<-R230",230,20,"230->20",1950,"Canada (Province of Canada)","GPH","Spain","GPH",1250000,"230","NA","NA","NA","NA","NA","ok","NA","fob"
"20-235","R20->235",20,235,"20->235",1950,"Portugal","GPH","Canada (Province of Canada)","GPH",1928571.4,"20","NA","NA","NA","NA","NA","ok","NA","fob"
"20-235","20<-R235",235,20,"235->20",1950,"Canada (Province of Canada)","GPH","Portugal","GPH",678571.44,"235","NA","NA","NA","NA","NA","ok","NA","fob"
"20-255","R20->255",20,255,"20->255",1950,"Germany (Zollverein)","GPH","Canada (Province of Canada)","GPH",2928571.5,"20","NA","NA","NA","NA","NA","ok","NA","fob"
"20-255","20<-R255",255,20,"255->20",1950,"Canada (Province of Canada)","GPH","Germany (Zollverein)","GPH",3571428.5,"255","NA","NA","NA","NA","NA","ok","NA","fob"
"20-290","20<-R290",290,20,"",1950,"","","","",,"","","","","","","not reported","","fob"
"20-290","R20->290",20,290,"20->290",1950,"Poland","GPH","Canada (Province of Canada)","GPH",428571.44,"20","NA","NA","NA","NA","NA","ok","NA","fob"
"20-305","20<-R305",305,20,"305->20",1950,"Canada (Province of Canada)","GPH","Austria","GPH",428571.44,"305","NA","NA","NA","NA","NA","ok","NA","fob"
"20-305","R20->305",20,305,"20->305",1950,"Austria","GPH","Canada (Province of Canada)","GPH",750000,"20","NA","NA","NA","NA","NA","ok","NA","fob"
"20-310","R20->310",20,310,"",1950,"","","","",0,"","","","","","","imputed zero","","fob"
"20-310","20<-R310",310,20,"",1950,"","","","",,"","","","","","","not reported","","fob"
"20-315","20<-R315",315,20,"",1950,"","","","",,"","","","","","","not reported","","fob"
"20-315","R20->315",20,315,"20->315",1950,"Czechoslovakia","GPH","Canada (Province of Canada)","GPH",714285.69,"20","NA","NA","NA","NA","NA","ok","NA","fob"
"20-325","R20->325",20,325,"20->325",1950,"Italy","GPH","Canada (Province of Canada)","GPH",5107143,"20","NA","NA","NA","NA","NA","ok","NA","fob"
"20-325","20<-R325",325,20,"325->20",1950,"Canada (Province of Canada)","GPH","Italy","GPH",2250000,"325","NA","NA","NA","NA","NA","ok","NA","fob"
"20-345","20<-R345",345,20,"",1950,"","","","",,"","","","","","","not reported","","fob"
"20-345","R20->345",20,345,"20->345",1950,"Yugoslavia (Kingdom of Serbs, Croats and Slovenes)","GPH","Canada (Province of Canada)","GPH",250000,"20","NA","NA","NA","NA","NA","ok","NA","fob"
"20-350","20<-R350",350,20,"350->20",1950,"Canada (Province of Canada)","GPH","Greece","GPH",35714.285,"350","NA","NA","NA","NA","NA","ok","NA","fob"
"20-350","R20->350",20,350,"20->350",1950,"Greece","GPH","Canada (Province of Canada)","GPH",571428.56,"20","NA","NA","NA","NA","NA","ok","NA","fob"
"20-352","R20->352",20,352,"",1950,"","","","",0,"","","","","","","imputed zero","","fob"
"20-352","20<-R352",352,20,"",1950,"","","","",0,"","","","","","","imputed zero","","fob"
"20-355","R20->355",20,355,"20->355",1950,"Bulgaria","GPH","Canada (Province of Canada)","GPH",35714.285,"20","NA","NA","NA","NA","NA","ok","NA","fob"
"20-355","20<-R355",355,20,"",1950,"","","","",,"","","","","","","not reported","","fob"
"20-360","R20->360",20,360,"20->360",1950,"Romania","GPH","Canada (Province of Canada)","GPH",35714.285,"20","NA","NA","NA","NA","NA","ok","NA","fob"
"20-360","20<-R360",360,20,"",1950,"","","","",,"","","","","","","not reported","","fob"
"20-365","R20->365",20,365,"20->365",1950,"Russia (USSR)","GPH","Canada (Province of Canada)","GPH",35714.285,"20","NA","NA","NA","NA","NA","ok","NA","fob"
"20-365","20<-R365",365,20,"",1950,"","","","",,"","","","","","","not reported","","fob"
"20-375","20<-R375",375,20,"375->20",1950,"Canada (Province of Canada)","GPH","Finland","GPH",35714.285,"375","NA","NA","NA","NA","NA","ok","NA","fob"
"20-375","R20->375",20,375,"20->375",1950,"Finland","GPH","Canada (Province of Canada)","GPH",178571.42,"20","NA","NA","NA","NA","NA","ok","NA","fob"
"20-380","R20->380",20,380,"20->380",1950,"Sweden","GPH","Canada (Province of Canada)","GPH",1392857.1,"20","NA","NA","NA","NA","NA","ok","NA","fob"
"20-380","20<-R380",380,20,"380->20",1950,"Canada (Province of Canada)","GPH","Sweden","GPH",1714285.8,"380","NA","NA","NA","NA","NA","ok","NA","fob"
"20-385","R20->385",20,385,"20->385",1950,"Norway","GPH","Canada (Province of Canada)","GPH",6214285.5,"20","NA","NA","NA","NA","NA","ok","NA","fob"
"20-385","20<-R385",385,20,"385->20",1950,"Canada (Province of Canada)","GPH","Norway","GPH",428571.44,"385","NA","NA","NA","NA","NA","ok","NA","fob"
"20-390","R20->390",20,390,"20->390",1950,"Denmark","GPH","Canada (Province of Canada)","GPH",285714.28,"20","NA","NA","NA","NA","NA","ok","NA","fob"
"20-390","20<-R390",390,20,"390->20",1950,"Canada (Province of Canada)","GPH","Denmark","GPH",428571.44,"390","NA","NA","NA","NA","NA","ok","NA","fob"
"20-395","R20->395",20,395,"20->395",1950,"Iceland","GPH","Canada (Province of Canada)","GPH",250000,"20","NA","NA","NA","NA","NA","ok","NA","fob"
"20-395","20<-R395",395,20,"395->20",1950,"Canada (Province of Canada)","GPH","Iceland","GPH",35714.285,"395","NA","NA","NA","NA","NA","ok","NA","fob"
"20-40","R20->40",20,40,"20->40",1950,"Cuba","GPH","Canada (Province of Canada)","GPH",5892857,"20","NA","NA","NA","NA","NA","ok","NA","fob"
"20-40","20<-R40",40,20,"40->20",1950,"Canada (Province of Canada)","GPH","Cuba","GPH",714285.69,"40","NA","NA","NA","NA","NA","ok","NA","fob"
"20-41","R20->41",20,41,"20->41",1950,"Haiti","GPH","Canada (Province of Canada)","GPH",821428.56,"20","NA","NA","NA","NA","NA","ok","NA","fob"
"20-41","20<-R41",41,20,"41->20",1950,"Canada (Province of Canada)","GPH","Haiti","GPH",71428.57,"41","NA","NA","NA","NA","NA","ok","NA","fob"
"20-42","R20->42",20,42,"20->42",1950,"Dominican Republic (Santo Domingo)","GPH","Canada (Province of Canada)","GPH",964285.69,"20","NA","NA","NA","NA","NA","ok","NA","fob"
"20-42","20<-R42",42,20,"42->20",1950,"Canada (Province of Canada)","GPH","Dominican Republic (Santo Domingo)","GPH",214285.72,"42","NA","NA","NA","NA","NA","ok","NA","fob"
"20-452","20<-R452",452,20,"452->20",1950,"Canada (Province of Canada)","GPH","Ghana (Gold Coast)","GPH",2285714.3,"452","NA","NA","NA","NA","NA","ok","NA","fob"
"20-452","R20->452",20,452,"20->452",1950,"Ghana (Gold Coast)","GPH","Canada (Province of Canada)","GPH",178571.42,"20","NA","NA","NA","NA","NA","ok","NA","fob"
"20-471","20<-R471",471,20,"",1950,"","","","",0,"","","","","","","imputed zero","","fob"
"20-471","R20->471",20,471,"",1950,"","","","",0,"","","","","","","imputed zero","","fob"
"20-475","R20->475",20,475,"20->475",1950,"Nigeria","GPH","Canada (Province of Canada)","GPH",71428.57,"20","NA","NA","NA","NA","NA","ok","NA","fob"
"20-475","20<-R475",475,20,"475->20",1950,"Canada (Province of Canada)","GPH","Nigeria","GPH",71428.57,"475","NA","NA","NA","NA","NA","ok","NA","fob"
"20-490","20<-R490",490,20,"490->20",1950,"Canada (Province of Canada)","GPH","Democratic Republic of the Congo (Zaire) (Kinshasa) (Belgian Congo) (Congo Free State)","GPH",107142.86,"490","NA","NA","NA","NA","NA","ok","NA","fob"
"20-490","R20->490",20,490,"20->490",1950,"Democratic Republic of the Congo (Zaire) (Kinshasa) (Belgian Congo) (Congo Free State)","GPH","Canada (Province of Canada)","GPH",785714.31,"20","NA","NA","NA","NA","NA","ok","NA","fob"
"20-500","R20->500",20,500,"",1950,"","","","",0,"","","","","","","imputed zero","","fob"
"20-500","20<-R500",500,20,"500->20",1950,"Canada (Province of Canada)","GPH","Uganda","GPH",250000,"500","NA","NA","NA","NA","NA","ok","NA","fob"
"20-501","20<-R501",501,20,"501->20",1950,"Canada (Province of Canada)","GPH","Kenya (British East Africa Protectorate)","GPH",678571.44,"501","NA","NA","NA","NA","NA","ok","NA","fob"
"20-501","R20->501",20,501,"",1950,"","","","",0,"","","","","","","imputed zero","","fob"
"20-51","20<-R51",51,20,"51->20",1950,"Canada (Province of Canada)","GPH","Jamaica","GPH",3928571.5,"51","NA","NA","NA","NA","NA","ok","NA","fob"
"20-51","R20->51",20,51,"20->51",1950,"Jamaica","GPH","Canada (Province of Canada)","GPH",2428571.5,"20","NA","NA","NA","NA","NA","ok","NA","fob"
"20-512","20<-R512",512,20,"512->20",1950,"Canada (Province of Canada)","GPH","Tanzania (Tanganyika)","GPH",571428.56,"512","NA","NA","NA","NA","NA","ok","NA","fob"
"20-512","R20->512",20,512,"",1950,"","","","",0,"","","","","","","imputed zero","","fob"
"20-52","20<-R52",52,20,"52->20",1950,"Canada (Province of Canada)","GPH","Trinidad and Tobago","GPH",4250000,"52","NA","NA","NA","NA","NA","ok","NA","fob"
"20-52","R20->52",20,52,"20->52",1950,"Trinidad and Tobago","GPH","Canada (Province of Canada)","GPH",2428571.5,"20","NA","NA","NA","NA","NA","ok","NA","fob"
"20-522","R20->522",20,522,"",1950,"","","","",0,"","","","","","","imputed zero","","fob"
"20-522","20<-R522",522,20,"",1950,"","","","",,"","","","","","","not reported","","fob"
"20-530","20<-R530",530,20,"",1950,"","","","",0,"","","","","","","imputed zero","","fob"
"20-530","R20->530",20,530,"",1950,"","","","",0,"","","","","","","imputed zero","","fob"
"20-540","R20->540",20,540,"",1950,"","","","",0,"","","","","","","imputed zero","","fob"
"20-540","20<-R540",540,20,"",1950,"","","","",0,"","","","","","","imputed zero","","fob"
"20-541","20<-R541",541,20,"",1950,"","","","",0,"","","","","","","imputed zero","","fob"
"20-541","R20->541",20,541,"",1950,"","","","",0,"","","","","","","imputed zero","","fob"
"20-551","R20->551",20,551,"20->551",1950,"Zambia (Northern Rhodesia)","GPH","Canada (Province of Canada)","GPH",107142.86,"20","NA","NA","NA","NA","NA","ok","NA","fob"
"20-551","20<-R551",551,20,"",1950,"","","","",0,"","","","","","","imputed zero","","fob"
"20-552","20<-R552",552,20,"552->20",1950,"Canada (Province of Canada)","GPH","Zimbabwe (Rhodesia) (Southern Rhodesia)","GPH",71428.57,"552","NA","NA","NA","NA","NA","ok","NA","fob"
"20-552","R20->552",20,552,"20->552",1950,"Zimbabwe (Rhodesia) (Southern Rhodesia)","GPH","Canada (Province of Canada)","GPH",392857.16,"20","NA","NA","NA","NA","NA","ok","NA","fob"
"20-560","20<-R560",560,20,"",1950,"","","","",,"","","","","","","not reported","","fob"
"20-560","R20->560",20,560,"20->560",1950,"South Africa","GPH","Canada (Province of Canada)","GPH",13964286,"20","NA","NA","NA","NA","NA","ok","NA","fob"
"20-580","20<-R580",580,20,"",1950,"","","","",0,"","","","","","","imputed zero","","fob"
"20-580","R20->580",20,580,"20->580",1950,"Madagascar (Malagasy Republic)","GPH","Canada (Province of Canada)","GPH",35714.285,"20","NA","NA","NA","NA","NA","ok","NA","fob"
"20-600","R20->600",20,600,"20->600",1950,"Morocco","GPH","Canada (Province of Canada)","GPH",535714.31,"20","NA","NA","NA","NA","NA","ok","NA","fob"
"20-600","20<-R600",600,20,"600->20",1950,"Canada (Province of Canada)","GPH","Morocco","GPH",178571.42,"600","NA","NA","NA","NA","NA","ok","NA","fob"
"20-615","20<-R615",615,20,"615->20",1950,"Canada (Province of Canada)","GPH","Algeria (Regency of Algiers)","GPH",107142.86,"615","NA","NA","NA","NA","NA","ok","NA","fob"
"20-615","R20->615",20,615,"",1950,"","","","",0,"","","","","","","imputed zero","","fob"
"20-616","R20->616",20,616,"",1950,"","","","",0,"","","","","","","imputed zero","","fob"
"20-616","20<-R616",616,20,"",1950,"","","","",0,"","","","","","","imputed zero","","fob"
"20-625","20<-R625",625,20,"625->20",1950,"Canada (Province of Canada)","GPH","Sudan (Anglo-Egyptian Sudan) (Mahdist State)","GPH",35714.285,"625","NA","NA","NA","NA","NA","ok","NA","fob"
"20-625","R20->625",20,625,"",1950,"","","","",0,"","","","","","","imputed zero","","fob"
"20-630","20<-R630",630,20,"",1950,"","","","",,"","","","","","","not reported","","fob"
"20-630","R20->630",20,630,"20->630",1950,"Iran (Persia)","GPH","Canada (Province of Canada)","GPH",321428.56,"20","NA","NA","NA","NA","NA","ok","NA","fob"
"20-640","R20->640",20,640,"20->640",1950,"Turkey (Ottoman Empire)","GPH","Canada (Province of Canada)","GPH",1214285.8,"20","NA","NA","NA","NA","NA","ok","NA","fob"
"20-640","20<-R640",640,20,"",1950,"","","","",0,"","","","","","","imputed zero","","fob"
"20-645","20<-R645",645,20,"645->20",1950,"Canada (Province of Canada)","GPH","Iraq (Mesopotamia)","GPH",321428.56,"645","NA","NA","NA","NA","NA","ok","NA","fob"
"20-645","R20->645",20,645,"",1950,"","","","",0,"","","","","","","imputed zero","","fob"
"20-651","R20->651",20,651,"20->651",1950,"Egypt Arab Republic (Egypt)","GPH","Canada (Province of Canada)","GPH",1178571.4,"20","NA","NA","NA","NA","NA","ok","NA","fob"
"20-651","20<-R651",651,20,"651->20",1950,"Canada (Province of Canada)","GPH","Egypt Arab Republic (Egypt)","GPH",178571.42,"651","NA","NA","NA","NA","NA","ok","NA","fob"
"20-652","R20->652",20,652,"20->652",1950,"Syria","GPH","Canada (Province of Canada)","GPH",464285.72,"20","NA","NA","NA","NA","NA","ok","NA","fob"
"20-652","20<-R652",652,20,"",1950,"","","","",0,"","","","","","","imputed zero","","fob"
"20-660","R20->660",20,660,"",1950,"","","","",0,"","","","","","","imputed zero","","fob"
"20-660","20<-R660",660,20,"",1950,"","","","",0,"","","","","","","imputed zero","","fob"
"20-666","R20->666",20,666,"20->666",1950,"Israel","GPH","Canada (Province of Canada)","GPH",3928571.5,"20","NA","NA","NA","NA","NA","ok","NA","fob"
"20-666","20<-R666",666,20,"666->20",1950,"Canada (Province of Canada)","GPH","Israel","GPH",142857.14,"666","NA","NA","NA","NA","NA","ok","NA","fob"
"20-670","20<-R670",670,20,"",1950,"","","","",,"","","","","","","not reported","","fob"
"20-670","R20->670",20,670,"20->670",1950,"Saudi Arabia (Emirate of Nejd) (Emirate of Diriyah)","GPH","Canada (Province of Canada)","GPH",285714.28,"20","NA","NA","NA","NA","NA","ok","NA","fob"
"20-68","20<-R68",68,20,"",1950,"","","","",,"","","","","","","not reported","","fob"
"20-68","R20->68",20,68,"20->68",1950,"Netherlands Antilles","GPH","Canada (Province of Canada)","GPH",1428571.4,"20","NA","NA","NA","NA","NA","ok","NA","fob"
"20-70","20<-R70",70,20,"70->20",1950,"Canada (Province of Canada)","GPH","Mexico","GPH",1607142.9,"70","NA","NA","NA","NA","NA","ok","NA","fob"
"20-70","R20->70",20,70,"20->70",1950,"Mexico","GPH","Canada (Province of Canada)","GPH",5785714.5,"20","NA","NA","NA","NA","NA","ok","NA","fob"
"20-710","20<-R710",710,20,"",1950,"","","","",,"","","","","","","not reported","","fob"
"20-710","R20->710",20,710,"20->710",1950,"People's Republic of China (China)","GPH","Canada (Province of Canada)","GPH",642857.13,"20","NA","NA","NA","NA","NA","ok","NA","fob"
"20-713","20<-R713",713,20,"",1950,"","","","",,"","","","","","","not reported","","fob"
"20-713","R20->713",20,713,"",1950,"","","","",0,"","","","","","","imputed zero","","fob"
"20-720","20<-R720",720,20,"720->20",1950,"Canada (Province of Canada)","GPH","Hong Kong","GPH",607142.88,"720","NA","NA","NA","NA","NA","ok","NA","fob"
"20-720","R20->720",20,720,"20->720",1950,"Hong Kong","GPH","Canada (Province of Canada)","GPH",2607142.8,"20","NA","NA","NA","NA","NA","ok","NA","fob"
"20-732","20<-R732",732,20,"",1950,"","","","",,"","","","","","","not reported","","fob"
"20-732","R20->732",20,732,"20->732",1950,"South Korea (Republic of South Korea)","GPH","Canada (Province of Canada)","GPH",357142.84,"20","NA","NA","NA","NA","NA","ok","NA","fob"
"20-740","20<-R740",740,20,"740->20",1950,"Canada (Province of Canada)","GPH","Japan","GPH",5214285.5,"740","NA","NA","NA","NA","NA","ok","NA","fob"
"20-740","R20->740",20,740,"20->740",1950,"Japan","GPH","Canada (Province of Canada)","GPH",6750000,"20","NA","NA","NA","NA","NA","ok","NA","fob"
"20-750","R20->750",20,750,"20->750",1950,"India","GPH","Canada (Province of Canada)","GPH",10357143,"20","NA","NA","NA","NA","NA","ok","NA","fob"
"20-750","20<-R750",750,20,"750->20",1950,"Canada (Province of Canada)","GPH","India","GPH",9642857,"750","NA","NA","NA","NA","NA","ok","NA","fob"
"20-770","R20->770",20,770,"20->770",1950,"Pakistan","GPH","Canada (Province of Canada)","GPH",2821428.5,"20","NA","NA","NA","NA","NA","ok","NA","fob"
"20-770","20<-R770",770,20,"770->20",1950,"Canada (Province of Canada)","GPH","Pakistan","GPH",500000,"770","NA","NA","NA","NA","NA","ok","NA","fob"
"20-775","R20->775",20,775,"",1950,"","","","",0,"","","","","","","imputed zero","","fob"
"20-775","20<-R775",775,20,"775->20",1950,"Canada (Province of Canada)","GPH","Myanmar (Burma)","GPH",1071428.6,"775","NA","NA","NA","NA","NA","ok","NA","fob"
"20-780","R20->780",20,780,"20->780",1950,"Sri Lanka (Ceylon)","GPH","Canada (Province of Canada)","GPH",1392857.1,"20","NA","NA","NA","NA","NA","ok","NA","fob"
"20-780","20<-R780",780,20,"780->20",1950,"Canada (Province of Canada)","GPH","Sri Lanka (Ceylon)","GPH",7107143,"780","NA","NA","NA","NA","NA","ok","NA","fob"
"20-800","20<-R800",800,20,"",1950,"","","","",,"","","","","","","not reported","","fob"
"20-800","R20->800",20,800,"20->800",1950,"Thailand (Siam)","GPH","Canada (Province of Canada)","GPH",392857.16,"20","NA","NA","NA","NA","NA","ok","NA","fob"
"20-840","R20->840",20,840,"20->840",1950,"Philippines","GPH","Canada (Province of Canada)","GPH",3535714.3,"20","NA","NA","NA","NA","NA","ok","NA","fob"
"20-840","20<-R840",840,20,"840->20",1950,"Canada (Province of Canada)","GPH","Philippines","GPH",1571428.6,"840","NA","NA","NA","NA","NA","ok","NA","fob"
"20-850","20<-R850",850,20,"850->20",1950,"Canada (Province of Canada)","GPH","Indonesia (Dutch East Indies)","GPH",142857.14,"850","NA","NA","NA","NA","NA","ok","NA","fob"
"20-850","R20->850",20,850,"20->850",1950,"Indonesia (Dutch East Indies)","GPH","Canada (Province of Canada)","GPH",1000000,"20","NA","NA","NA","NA","NA","ok","NA","fob"
"20-90","20<-R90",90,20,"90->20",1950,"Canada (Province of Canada)","GPH","Guatemala","GPH",428571.44,"90","NA","NA","NA","NA","NA","ok","NA","fob"
"20-90","R20->90",20,90,"20->90",1950,"Guatemala","GPH","Canada (Province of Canada)","GPH",785714.31,"20","NA","NA","NA","NA","NA","ok","NA","fob"
"20-900","20<-R900",900,20,"900->20",1950,"Canada (Province of Canada)","GPH","Australia","GPH",8607143,"900","NA","NA","NA","NA","NA","ok","NA","fob"
"20-900","R20->900",20,900,"20->900",1950,"Australia","GPH","Canada (Province of Canada)","GPH",11642857,"20","NA","NA","NA","NA","NA","ok","NA","fob"
"20-91","R20->91",20,91,"20->91",1950,"Honduras","GPH","Canada (Province of Canada)","GPH",178571.42,"20","NA","NA","NA","NA","NA","ok","NA","fob"
"20-91","20<-R91",91,20,"91->20",1950,"Canada (Province of Canada)","GPH","Honduras","GPH",285714.28,"91","NA","NA","NA","NA","NA","ok","NA","fob"
"20-92","20<-R92",92,20,"92->20",1950,"Canada (Province of Canada)","GPH","El Salvador","GPH",214285.72,"92","NA","NA","NA","NA","NA","ok","NA","fob"
"20-92","R20->92",20,92,"20->92",1950,"El Salvador","GPH","Canada (Province of Canada)","GPH",464285.72,"20","NA","NA","NA","NA","NA","ok","NA","fob"
"20-920","R20->920",20,920,"20->920",1950,"New Zealand","GPH","Canada (Province of Canada)","GPH",3607142.8,"20","NA","NA","NA","NA","NA","ok","NA","fob"
"20-920","20<-R920",920,20,"920->20",1950,"Canada (Province of Canada)","GPH","New Zealand","GPH",3535714.3,"920","NA","NA","NA","NA","NA","ok","NA","fob"
"20-93","20<-R93",93,20,"93->20",1950,"Canada (Province of Canada)","GPH","Nicaragua","GPH",250000,"93","NA","NA","NA","NA","NA","ok","NA","fob"
"20-93","R20->93",20,93,"20->93",1950,"Nicaragua","GPH","Canada (Province of Canada)","GPH",250000,"20","NA","NA","NA","NA","NA","ok","NA","fob"
"20-94","20<-R94",94,20,"94->20",1950,"Canada (Province of Canada)","GPH","Costa Rica","GPH",1142857.1,"94","NA","NA","NA","NA","NA","ok","NA","fob"
"20-94","R20->94",20,94,"20->94",1950,"Costa Rica","GPH","Canada (Province of Canada)","GPH",750000,"20","NA","NA","NA","NA","NA","ok","NA","fob"
"20-95","R20->95",20,95,"20->95",1950,"Panama","GPH","Canada (Province of Canada)","GPH",2928571.5,"20","NA","NA","NA","NA","NA","ok","NA","fob"
"20-95","20<-R95",95,20,"",1950,"","","","",0,"","","","","","","imputed zero","","fob"
"20-960","R20->960",20,960,"20->960",1950,"French Polynesia","GPH","Canada (Province of Canada)","GPH",214285.72,"20","NA","NA","NA","NA","NA","ok","NA","fob"
"20-960","20<-R960",960,20,"",1950,"","","","",,"","","","","","","not reported","","fob"
"200-205","R200->205",200,205,"200->205",1950,"Ireland","GPH","United Kingdom","GPH",90178568,"200","NA","NA","NA","NA","NA","ok","NA","fob"
"200-205","200<-R205",205,200,"205->200",1950,"United Kingdom","GPH","Ireland","GPH",62750000,"205","NA","NA","NA","NA","NA","ok","NA","fob"
"200-210","200<-R210",210,200,"210->200",1950,"United Kingdom","GPH","Netherlands","GPH",73500000,"210","NA","NA","NA","NA","NA","ok","NA","fob"
"200-210","R200->210",200,210,"200->210",1950,"Netherlands","GPH","United Kingdom","GPH",76357144,"200","NA","NA","NA","NA","NA","ok","NA","fob"
"200-220","R200->220",200,220,"200->220",1950,"France","GPH","United Kingdom","GPH",55285716,"200","NA","NA","NA","NA","NA","ok","NA","fob"
"200-220","200<-R220",220,200,"220->200",1950,"United Kingdom","GPH","France","GPH",100821432,"220","NA","NA","NA","NA","NA","ok","NA","fob"
"200-225","200<-R225",225,200,"225->200",1950,"United Kingdom","GPH","Switzerland","GPH",11250000,"225","NA","NA","NA","NA","NA","ok","NA","fob"
"200-225","R200->225",200,225,"200->225",1950,"Switzerland","GPH","United Kingdom","GPH",30928572,"200","NA","NA","NA","NA","NA","ok","NA","fob"
"200-230","200<-R230",230,200,"230->200",1950,"United Kingdom","GPH","Spain","GPH",20535714,"230","NA","NA","NA","NA","NA","ok","NA","fob"
"200-230","R200->230",200,230,"200->230",1950,"Spain","GPH","United Kingdom","GPH",10071429,"200","NA","NA","NA","NA","NA","ok","NA","fob"
"200-235","200<-R235",235,200,"235->200",1950,"United Kingdom","GPH","Portugal","GPH",11464286,"235","NA","NA","NA","NA","NA","ok","NA","fob"
"200-235","R200->235",200,235,"200->235",1950,"Portugal","GPH","United Kingdom","GPH",17107142,"200","NA","NA","NA","NA","NA","ok","NA","fob"
"200-255","R200->255",200,255,"200->255",1950,"Germany (Zollverein)","GPH","United Kingdom","GPH",55571428,"200","NA","NA","NA","NA","NA","ok","NA","fob"
"200-255","200<-R255",255,200,"255->200",1950,"United Kingdom","GPH","Germany (Zollverein)","GPH",30714286,"255","NA","NA","NA","NA","NA","ok","NA","fob"
"200-290","200<-R290",290,200,"",1950,"","","","",,"","","","","","","not reported","","fob"
"200-290","R200->290",200,290,"200->290",1950,"Poland","GPH","United Kingdom","GPH",7964285.5,"200","NA","NA","NA","NA","NA","ok","NA","fob"
"200-305","R200->305",200,305,"200->305",1950,"Austria","GPH","United Kingdom","GPH",8678571,"200","NA","NA","NA","NA","NA","ok","NA","fob"
"200-305","200<-R305",305,200,"305->200",1950,"United Kingdom","GPH","Austria","GPH",4071428.5,"305","NA","NA","NA","NA","NA","ok","NA","fob"
"200-310","R200->310",200,310,"200->310",1950,"Hungary","GPH","United Kingdom","GPH",1928571.4,"200","NA","NA","NA","NA","NA","ok","NA","fob"
"200-310","200<-R310",310,200,"",1950,"","","","",,"","","","","","","not reported","","fob"
"200-315","R200->315",200,315,"200->315",1950,"Czechoslovakia","GPH","United Kingdom","GPH",5035714.5,"200","NA","NA","NA","NA","NA","ok","NA","fob"
"200-315","200<-R315",315,200,"",1950,"","","","",,"","","","","","","not reported","","fob"
"200-325","R200->325",200,325,"200->325",1950,"Italy","GPH","United Kingdom","GPH",31678572,"200","NA","NA","NA","NA","NA","ok","NA","fob"
"200-325","200<-R325",325,200,"325->200",1950,"United Kingdom","GPH","Italy","GPH",49000000,"325","NA","NA","NA","NA","NA","ok","NA","fob"
"200-345","200<-R345",345,200,"",1950,"","","","",,"","","","","","","not reported","","fob"
"200-345","R200->345",200,345,"200->345",1950,"Yugoslavia (Kingdom of Serbs, Croats and Slovenes)","GPH","United Kingdom","GPH",6857143,"200","NA","NA","NA","NA","NA","ok","NA","fob"
"200-350","200<-R350",350,200,"350->200",1950,"United Kingdom","GPH","Greece","GPH",4857143,"350","NA","NA","NA","NA","NA","ok","NA","fob"
"200-350","R200->350",200,350,"200->350",1950,"Greece","GPH","United Kingdom","GPH",15750000,"200","NA","NA","NA","NA","NA","ok","NA","fob"
"200-352","200<-R352",352,200,"352->200",1950,"United Kingdom","GPH","Cyprus","GPH",2214285.8,"352","NA","NA","NA","NA","NA","ok","NA","fob"
"200-352","R200->352",200,352,"200->352",1950,"Cyprus","GPH","United Kingdom","GPH",5642857,"200","NA","NA","NA","NA","NA","ok","NA","fob"
"200-355","R200->355",200,355,"200->355",1950,"Bulgaria","GPH","United Kingdom","GPH",464285.72,"200","NA","NA","NA","NA","NA","ok","NA","fob"
"200-355","200<-R355",355,200,"",1950,"","","","",,"","","","","","","not reported","","fob"
"200-360","200<-R360",360,200,"",1950,"","","","",,"","","","","","","not reported","","fob"
"200-360","R200->360",200,360,"200->360",1950,"Romania","GPH","United Kingdom","GPH",1357142.9,"200","NA","NA","NA","NA","NA","ok","NA","fob"
"200-365","R200->365",200,365,"200->365",1950,"Russia (USSR)","GPH","United Kingdom","GPH",14178571,"200","NA","NA","NA","NA","NA","ok","NA","fob"
"200-365","200<-R365",365,200,"",1950,"","","","",,"","","","","","","not reported","","fob"
"200-375","200<-R375",375,200,"375->200",1950,"United Kingdom","GPH","Finland","GPH",27928572,"375","NA","NA","NA","NA","NA","ok","NA","fob"
"200-375","R200->375",200,375,"200->375",1950,"Finland","GPH","United Kingdom","GPH",21000000,"200","NA","NA","NA","NA","NA","ok","NA","fob"
"200-380","R200->380",200,380,"200->380",1950,"Sweden","GPH","United Kingdom","GPH",82142856,"200","NA","NA","NA","NA","NA","ok","NA","fob"
"200-380","200<-R380",380,200,"380->200",1950,"United Kingdom","GPH","Sweden","GPH",56035716,"380","NA","NA","NA","NA","NA","ok","NA","fob"
"200-385","R200->385",200,385,"200->385",1950,"Norway","GPH","United Kingdom","GPH",53500000,"200","NA","NA","NA","NA","NA","ok","NA","fob"
"200-385","200<-R385",385,200,"385->200",1950,"United Kingdom","GPH","Norway","GPH",25250000,"385","NA","NA","NA","NA","NA","ok","NA","fob"
"200-390","R200->390",200,390,"200->390",1950,"Denmark","GPH","United Kingdom","GPH",65535716,"200","NA","NA","NA","NA","NA","ok","NA","fob"
"200-390","200<-R390",390,200,"390->200",1950,"United Kingdom","GPH","Denmark","GPH",99750000,"390","NA","NA","NA","NA","NA","ok","NA","fob"
"200-395","R200->395",200,395,"200->395",1950,"Iceland","GPH","United Kingdom","GPH",2321428.5,"200","NA","NA","NA","NA","NA","ok","NA","fob"
"200-395","200<-R395",395,200,"395->200",1950,"United Kingdom","GPH","Iceland","GPH",1392857.1,"395","NA","NA","NA","NA","NA","ok","NA","fob"
"200-40","R200->40",200,40,"200->40",1950,"Cuba","GPH","United Kingdom","GPH",3428571.5,"200","NA","NA","NA","NA","NA","ok","NA","fob"
"200-40","200<-R40",40,200,"40->200",1950,"United Kingdom","GPH","Cuba","GPH",34107144,"40","NA","NA","NA","NA","NA","ok","NA","fob"
"200-41","200<-R41",41,200,"41->200",1950,"United Kingdom","GPH","Haiti","GPH",428571.44,"41","NA","NA","NA","NA","NA","ok","NA","fob"
"200-41","R200->41",200,41,"200->41",1950,"Haiti","GPH","United Kingdom","GPH",642857.13,"200","NA","NA","NA","NA","NA","ok","NA","fob"
"200-42","R200->42",200,42,"200->42",1950,"Dominican Republic (Santo Domingo)","GPH","United Kingdom","GPH",500000,"200","NA","NA","NA","NA","NA","ok","NA","fob"
"200-42","200<-R42",42,200,"42->200",1950,"United Kingdom","GPH","Dominican Republic (Santo Domingo)","GPH",13464286,"42","NA","NA","NA","NA","NA","ok","NA","fob"
"200-452","R200->452",200,452,"200->452",1950,"Ghana (Gold Coast)","GPH","United Kingdom","GPH",23750000,"200","NA","NA","NA","NA","NA","ok","NA","fob"
"200-452","200<-R452",452,200,"452->200",1950,"United Kingdom","GPH","Ghana (Gold Coast)","GPH",30642858,"452","NA","NA","NA","NA","NA","ok","NA","fob"
"200-471","R200->471",200,471,"",1950,"","","","",0,"","","","","","","imputed zero","","fob"
"200-471","200<-R471",471,200,"471->200",1950,"United Kingdom","GPH","Cameroun (French Cameroon)","GPH",464285.72,"471","NA","NA","NA","NA","NA","ok","NA","fob"
"200-475","200<-R475",475,200,"475->200",1950,"United Kingdom","GPH","Nigeria","GPH",71428568,"475","NA","NA","NA","NA","NA","ok","NA","fob"
"200-475","R200->475",200,475,"200->475",1950,"Nigeria","GPH","United Kingdom","GPH",34750000,"200","NA","NA","NA","NA","NA","ok","NA","fob"
"200-490","R200->490",200,490,"200->490",1950,"Democratic Republic of the Congo (Zaire) (Kinshasa) (Belgian Congo) (Congo Free State)","GPH","United Kingdom","GPH",5750000,"200","NA","NA","NA","NA","NA","ok","NA","fob"
"200-490","200<-R490",490,200,"490->200",1950,"United Kingdom","GPH","Democratic Republic of the Congo (Zaire) (Kinshasa) (Belgian Congo) (Congo Free State)","GPH",10464286,"490","NA","NA","NA","NA","NA","ok","NA","fob"
"200-500","R200->500",200,500,"",1950,"","","","",0,"","","","","","","imputed zero","","fob"
"200-500","200<-R500",500,200,"500->200",1950,"United Kingdom","GPH","Uganda","GPH",8178571.5,"500","NA","NA","NA","NA","NA","ok","NA","fob"
"200-501","R200->501",200,501,"200->501",1950,"Kenya (British East Africa Protectorate)","GPH","United Kingdom","GPH",24321428,"200","NA","NA","NA","NA","NA","ok","NA","fob"
"200-501","200<-R501",501,200,"501->200",1950,"United Kingdom","GPH","Kenya (British East Africa Protectorate)","GPH",7285714.5,"501","NA","NA","NA","NA","NA","ok","NA","fob"
"200-51","R200->51",200,51,"200->51",1950,"Jamaica","GPH","United Kingdom","GPH",8821429,"200","NA","NA","NA","NA","NA","ok","NA","fob"
"200-51","200<-R51",51,200,"51->200",1950,"United Kingdom","GPH","Jamaica","GPH",8678571,"51","NA","NA","NA","NA","NA","ok","NA","fob"
"200-512","200<-R512",512,200,"512->200",1950,"United Kingdom","GPH","Tanzania (Tanganyika)","GPH",10785714,"512","NA","NA","NA","NA","NA","ok","NA","fob"
"200-512","R200->512",200,512,"",1950,"","","","",0,"","","","","","","imputed zero","","fob"
"200-52","R200->52",200,52,"200->52",1950,"Trinidad and Tobago","GPH","United Kingdom","GPH",12750000,"200","NA","NA","NA","NA","NA","ok","NA","fob"
"200-52","200<-R52",52,200,"52->200",1950,"United Kingdom","GPH","Trinidad and Tobago","GPH",9535714,"52","NA","NA","NA","NA","NA","ok","NA","fob"
"200-522","200<-R522",522,200,"",1950,"","","","",,"","","","","","","not reported","","fob"
"200-522","R200->522",200,522,"200->522",1950,"Djibouti (Afar and Issas) (French Somaliland)","GPH","United Kingdom","GPH",285714.28,"200","NA","NA","NA","NA","NA","ok","NA","fob"
"200-530","200<-R530",530,200,"530->200",1950,"United Kingdom","GPH","Ethiopia (Abyssinia)","GPH",821428.56,"530","NA","NA","NA","NA","NA","ok","NA","fob"
"200-530","R200->530",200,530,"200->530",1950,"Ethiopia (Abyssinia)","GPH","United Kingdom","GPH",714285.69,"200","NA","NA","NA","NA","NA","ok","NA","fob"
"200-540","R200->540",200,540,"200->540",1950,"Angola","GPH","United Kingdom","GPH",1928571.4,"200","NA","NA","NA","NA","NA","ok","NA","fob"
"200-540","200<-R540",540,200,"540->200",1950,"United Kingdom","GPH","Angola","GPH",2928571.5,"540","NA","NA","NA","NA","NA","ok","NA","fob"
"200-541","200<-R541",541,200,"541->200",1950,"United Kingdom","GPH","Mozambique (Portuguese East Africa)","GPH",285714.28,"541","NA","NA","NA","NA","NA","ok","NA","fob"
"200-541","R200->541",200,541,"200->541",1950,"Mozambique (Portuguese East Africa)","GPH","United Kingdom","GPH",3392857.3,"200","NA","NA","NA","NA","NA","ok","NA","fob"
"200-551","200<-R551",551,200,"551->200",1950,"United Kingdom","GPH","Zambia (Northern Rhodesia)","GPH",23857142,"551","NA","NA","NA","NA","NA","ok","NA","fob"
"200-551","R200->551",200,551,"200->551",1950,"Zambia (Northern Rhodesia)","GPH","United Kingdom","GPH",6714285.5,"200","NA","NA","NA","NA","NA","ok","NA","fob"
"200-552","200<-R552",552,200,"552->200",1950,"United Kingdom","GPH","Zimbabwe (Rhodesia) (Southern Rhodesia)","GPH",22571428,"552","NA","NA","NA","NA","NA","ok","NA","fob"
"200-552","R200->552",200,552,"200->552",1950,"Zimbabwe (Rhodesia) (Southern Rhodesia)","GPH","United Kingdom","GPH",24142858,"200","NA","NA","NA","NA","NA","ok","NA","fob"
"200-560","R200->560",200,560,"200->560",1950,"South Africa","GPH","United Kingdom","GPH",121607144,"200","NA","NA","NA","NA","NA","ok","NA","fob"
"200-560","200<-R560",560,200,"",1950,"","","","",,"","","","","","","not reported","","fob"
"200-580","R200->580",200,580,"200->580",1950,"Madagascar (Malagasy Republic)","GPH","United Kingdom","GPH",250000,"200","NA","NA","NA","NA","NA","ok","NA","fob"
"200-580","200<-R580",580,200,"580->200",1950,"United Kingdom","GPH","Madagascar (Malagasy Republic)","GPH",464285.72,"580","NA","NA","NA","NA","NA","ok","NA","fob"
"200-600","200<-R600",600,200,"600->200",1950,"United Kingdom","GPH","Morocco","GPH",9571429,"600","NA","NA","NA","NA","NA","ok","NA","fob"
"200-600","R200->600",200,600,"200->600",1950,"Morocco","GPH","United Kingdom","GPH",2750000,"200","NA","NA","NA","NA","NA","ok","NA","fob"
"200-615","R200->615",200,615,"200->615",1950,"Algeria (Regency of Algiers)","GPH","United Kingdom","GPH",2285714.3,"200","NA","NA","NA","NA","NA","ok","NA","fob"
"200-615","200<-R615",615,200,"615->200",1950,"United Kingdom","GPH","Algeria (Regency of Algiers)","GPH",6714285.5,"615","NA","NA","NA","NA","NA","ok","NA","fob"
"200-616","200<-R616",616,200,"616->200",1950,"United Kingdom","GPH","Tunisia (Regency of Tunis)","GPH",4428571.5,"616","NA","NA","NA","NA","NA","ok","NA","fob"
"200-616","R200->616",200,616,"200->616",1950,"Tunisia (Regency of Tunis)","GPH","United Kingdom","GPH",1000000,"200","NA","NA","NA","NA","NA","ok","NA","fob"
"200-625","200<-R625",625,200,"625->200",1950,"United Kingdom","GPH","Sudan (Anglo-Egyptian Sudan) (Mahdist State)","GPH",18607142,"625","NA","NA","NA","NA","NA","ok","NA","fob"
"200-625","R200->625",200,625,"200->625",1950,"Sudan (Anglo-Egyptian Sudan) (Mahdist State)","GPH","United Kingdom","GPH",9321429,"200","NA","NA","NA","NA","NA","ok","NA","fob"
"200-630","R200->630",200,630,"200->630",1950,"Iran (Persia)","GPH","United Kingdom","GPH",30321428,"200","NA","NA","NA","NA","NA","ok","NA","fob"
"200-630","200<-R630",630,200,"",1950,"","","","",,"","","","","","","not reported","","fob"
"200-640","200<-R640",640,200,"640->200",1950,"United Kingdom","GPH","Turkey (Ottoman Empire)","GPH",13178571,"640","NA","NA","NA","NA","NA","ok","NA","fob"
"200-640","R200->640",200,640,"200->640",1950,"Turkey (Ottoman Empire)","GPH","United Kingdom","GPH",10857143,"200","NA","NA","NA","NA","NA","ok","NA","fob"
"200-645","200<-R645",645,200,"645->200",1950,"United Kingdom","GPH","Iraq (Mesopotamia)","GPH",5464285.5,"645","NA","NA","NA","NA","NA","ok","NA","fob"
"200-645","R200->645",200,645,"200->645",1950,"Iraq (Mesopotamia)","GPH","United Kingdom","GPH",14571429,"200","NA","NA","NA","NA","NA","ok","NA","fob"
"200-651","200<-R651",651,200,"651->200",1950,"United Kingdom","GPH","Egypt Arab Republic (Egypt)","GPH",39071428,"651","NA","NA","NA","NA","NA","ok","NA","fob"
"200-651","R200->651",200,651,"200->651",1950,"Egypt Arab Republic (Egypt)","GPH","United Kingdom","GPH",42928572,"200","NA","NA","NA","NA","NA","ok","NA","fob"
"200-652","R200->652",200,652,"200->652",1950,"Syria","GPH","United Kingdom","GPH",3000000,"200","NA","NA","NA","NA","NA","ok","NA","fob"
"200-652","200<-R652",652,200,"652->200",1950,"United Kingdom","GPH","Syria","GPH",2607142.8,"652","NA","NA","NA","NA","NA","ok","NA","fob"
"200-660","R200->660",200,660,"200->660",1950,"Lebanon","GPH","United Kingdom","GPH",8107143,"200","NA","NA","NA","NA","NA","ok","NA","fob"
"200-660","200<-R660",660,200,"660->200",1950,"United Kingdom","GPH","Lebanon","GPH",1214285.8,"660","NA","NA","NA","NA","NA","ok","NA","fob"
"200-666","R200->666",200,666,"200->666",1950,"Israel","GPH","United Kingdom","GPH",10035714,"200","NA","NA","NA","NA","NA","ok","NA","fob"
"200-666","200<-R666",666,200,"666->200",1950,"United Kingdom","GPH","Israel","GPH",3892857.3,"666","NA","NA","NA","NA","NA","ok","NA","fob"
"200-670","R200->670",200,670,"200->670",1950,"Saudi Arabia (Emirate of Nejd) (Emirate of Diriyah)","GPH","United Kingdom","GPH",2892857.3,"200","NA","NA","NA","NA","NA","ok","NA","fob"
"200-670","200<-R670",670,200,"",1950,"","","","",,"","","","","","","not reported","","fob"
"200-68","R200->68",200,68,"200->68",1950,"Netherlands Antilles","GPH","United Kingdom","GPH",3571428.5,"200","NA","NA","NA","NA","NA","ok","NA","fob"
"200-68","200<-R68",68,200,"",1950,"","","","",,"","","","","","","not reported","","fob"
"200-70","R200->70",200,70,"200->70",1950,"Mexico","GPH","United Kingdom","GPH",5142857,"200","NA","NA","NA","NA","NA","ok","NA","fob"
"200-70","200<-R70",70,200,"70->200",1950,"United Kingdom","GPH","Mexico","GPH",1464285.8,"70","NA","NA","NA","NA","NA","ok","NA","fob"
"200-710","R200->710",200,710,"200->710",1950,"People's Republic of China (China)","GPH","United Kingdom","GPH",3607142.8,"200","NA","NA","NA","NA","NA","ok","NA","fob"
"200-710","200<-R710",710,200,"",1950,"","","","",,"","","","","","","not reported","","fob"
"200-713","200<-R713",713,200,"",1950,"","","","",,"","","","","","","not reported","","fob"
"200-713","R200->713",200,713,"",1950,"","","","",0,"","","","","","","imputed zero","","fob"
"200-720","R200->720",200,720,"200->720",1950,"Hong Kong","GPH","United Kingdom","GPH",28035714,"200","NA","NA","NA","NA","NA","ok","NA","fob"
"200-720","200<-R720",720,200,"720->200",1950,"United Kingdom","GPH","Hong Kong","GPH",11714286,"720","NA","NA","NA","NA","NA","ok","NA","fob"
"200-732","R200->732",200,732,"200->732",1950,"South Korea (Republic of South Korea)","GPH","United Kingdom","GPH",71428.57,"200","NA","NA","NA","NA","NA","ok","NA","fob"
"200-732","200<-R732",732,200,"",1950,"","","","",,"","","","","","","not reported","","fob"
"200-740","200<-R740",740,200,"740->200",1950,"United Kingdom","GPH","Japan","GPH",9285714,"740","NA","NA","NA","NA","NA","ok","NA","fob"
"200-740","R200->740",200,740,"200->740",1950,"Japan","GPH","United Kingdom","GPH",2857142.8,"200","NA","NA","NA","NA","NA","ok","NA","fob"
"200-750","R200->750",200,750,"200->750",1950,"India","GPH","United Kingdom","GPH",97214288,"200","NA","NA","NA","NA","NA","ok","NA","fob"
"200-750","200<-R750",750,200,"750->200",1950,"United Kingdom","GPH","India","GPH",92000000,"750","NA","NA","NA","NA","NA","ok","NA","fob"
"200-770","R200->770",200,770,"200->770",1950,"Pakistan","GPH","United Kingdom","GPH",41071428,"200","NA","NA","NA","NA","NA","ok","NA","fob"
"200-770","200<-R770",770,200,"",1950,"","","","",0,"","","","","","","imputed zero","","fob"
"200-775","R200->775",200,775,"200->775",1950,"Myanmar (Burma)","GPH","United Kingdom","GPH",9000000,"200","NA","NA","NA","NA","NA","ok","NA","fob"
"200-775","200<-R775",775,200,"775->200",1950,"United Kingdom","GPH","Myanmar (Burma)","GPH",2071428.6,"775","NA","NA","NA","NA","NA","ok","NA","fob"
"200-780","200<-R780",780,200,"780->200",1950,"United Kingdom","GPH","Sri Lanka (Ceylon)","GPH",27571428,"780","NA","NA","NA","NA","NA","ok","NA","fob"
"200-780","R200->780",200,780,"200->780",1950,"Sri Lanka (Ceylon)","GPH","United Kingdom","GPH",17250000,"200","NA","NA","NA","NA","NA","ok","NA","fob"
"200-800","R200->800",200,800,"200->800",1950,"Thailand (Siam)","GPH","United Kingdom","GPH",6857143,"200","NA","NA","NA","NA","NA","ok","NA","fob"
"200-800","200<-R800",800,200,"",1950,"","","","",,"","","","","","","not reported","","fob"
"200-840","200<-R840",840,200,"840->200",1950,"United Kingdom","GPH","Philippines","GPH",1892857.1,"840","NA","NA","NA","NA","NA","ok","NA","fob"
"200-840","R200->840",200,840,"200->840",1950,"Philippines","GPH","United Kingdom","GPH",1857142.9,"200","NA","NA","NA","NA","NA","ok","NA","fob"
"200-850","R200->850",200,850,"200->850",1950,"Indonesia (Dutch East Indies)","GPH","United Kingdom","GPH",8571429,"200","NA","NA","NA","NA","NA","ok","NA","fob"
"200-850","200<-R850",850,200,"850->200",1950,"United Kingdom","GPH","Indonesia (Dutch East Indies)","GPH",11321429,"850","NA","NA","NA","NA","NA","ok","NA","fob"
"200-90","R200->90",200,90,"200->90",1950,"Guatemala","GPH","United Kingdom","GPH",785714.31,"200","NA","NA","NA","NA","NA","ok","NA","fob"
"200-90","200<-R90",90,200,"",1950,"","","","",0,"","","","","","","imputed zero","","fob"
"200-900","R200->900",200,900,"200->900",1950,"Australia","GPH","United Kingdom","GPH",256785712,"200","NA","NA","NA","NA","NA","ok","NA","fob"
"200-900","200<-R900",900,200,"900->200",1950,"United Kingdom","GPH","Australia","GPH",217535712,"900","NA","NA","NA","NA","NA","ok","NA","fob"
"200-91","R200->91",200,91,"200->91",1950,"Honduras","GPH","United Kingdom","GPH",250000,"200","NA","NA","NA","NA","NA","ok","NA","fob"
"200-91","200<-R91",91,200,"91->200",1950,"United Kingdom","GPH","Honduras","GPH",214285.72,"91","NA","NA","NA","NA","NA","ok","NA","fob"
"200-92","200<-R92",92,200,"92->200",1950,"United Kingdom","GPH","El Salvador","GPH",428571.44,"92","NA","NA","NA","NA","NA","ok","NA","fob"
"200-92","R200->92",200,92,"200->92",1950,"El Salvador","GPH","United Kingdom","GPH",571428.56,"200","NA","NA","NA","NA","NA","ok","NA","fob"
"200-920","R200->920",200,920,"200->920",1950,"New Zealand","GPH","United Kingdom","GPH",86678568,"200","NA","NA","NA","NA","NA","ok","NA","fob"
"200-920","200<-R920",920,200,"920->200",1950,"United Kingdom","GPH","New Zealand","GPH",121678568,"920","NA","NA","NA","NA","NA","ok","NA","fob"
"200-93","200<-R93",93,200,"93->200",1950,"United Kingdom","GPH","Nicaragua","GPH",1321428.6,"93","NA","NA","NA","NA","NA","ok","NA","fob"
"200-93","R200->93",200,93,"200->93",1950,"Nicaragua","GPH","United Kingdom","GPH",321428.56,"200","NA","NA","NA","NA","NA","ok","NA","fob"
"200-94","200<-R94",94,200,"",1950,"","","","",0,"","","","","","","imputed zero","","fob"
"200-94","R200->94",200,94,"200->94",1950,"Costa Rica","GPH","United Kingdom","GPH",821428.56,"200","NA","NA","NA","NA","NA","ok","NA","fob"
"200-95","R200->95",200,95,"200->95",1950,"Panama","GPH","United Kingdom","GPH",5071428.5,"200","NA","NA","NA","NA","NA","ok","NA","fob"
"200-95","200<-R95",95,200,"",1950,"","","","",0,"","","","","","","imputed zero","","fob"
"200-960","R200->960",200,960,"200->960",1950,"French Polynesia","GPH","United Kingdom","GPH",71428.57,"200","NA","NA","NA","NA","NA","ok","NA","fob"
"200-960","200<-R960",960,200,"",1950,"","","","",,"","","","","","","not reported","","fob"
"205-210","205<-R210",210,205,"210->205",1950,"Ireland","GPH","Netherlands","GPH",2464285.8,"210","NA","NA","NA","NA","NA","ok","NA","fob"
"205-210","R205->210",205,210,"205->210",1950,"Netherlands","GPH","Ireland","GPH",2000000,"205","NA","NA","NA","NA","NA","ok","NA","fob"
"205-220","R205->220",205,220,"205->220",1950,"France","GPH","Ireland","GPH",607142.88,"205","NA","NA","NA","NA","NA","ok","NA","fob"
"205-220","205<-R220",220,205,"220->205",1950,"Ireland","GPH","France","GPH",1928571.4,"220","NA","NA","NA","NA","NA","ok","NA","fob"
"205-225","R205->225",205,225,"205->225",1950,"Switzerland","GPH","Ireland","GPH",321428.56,"205","NA","NA","NA","NA","NA","ok","NA","fob"
"205-225","205<-R225",225,205,"225->205",1950,"Ireland","GPH","Switzerland","GPH",750000,"225","NA","NA","NA","NA","NA","ok","NA","fob"
"205-230","R205->230",205,230,"205->230",1950,"Spain","GPH","Ireland","GPH",142857.14,"205","NA","NA","NA","NA","NA","ok","NA","fob"
"205-230","205<-R230",230,205,"230->205",1950,"Ireland","GPH","Spain","GPH",821428.56,"230","NA","NA","NA","NA","NA","ok","NA","fob"
"205-235","205<-R235",235,205,"235->205",1950,"Ireland","GPH","Portugal","GPH",321428.56,"235","NA","NA","NA","NA","NA","ok","NA","fob"
"205-235","R205->235",205,235,"205->235",1950,"Portugal","GPH","Ireland","GPH",35714.285,"205","NA","NA","NA","NA","NA","ok","NA","fob"
"205-255","205<-R255",255,205,"255->205",1950,"Ireland","GPH","Germany (Zollverein)","GPH",1785714.3,"255","NA","NA","NA","NA","NA","ok","NA","fob"
"205-255","R205->255",205,255,"205->255",1950,"Germany (Zollverein)","GPH","Ireland","GPH",1464285.8,"205","NA","NA","NA","NA","NA","ok","NA","fob"
"205-290","R205->290",205,290,"",1950,"","","","",0,"","","","","","","imputed zero","","fob"
"205-290","205<-R290",290,205,"",1950,"","","","",,"","","","","","","not reported","","fob"
"205-305","R205->305",205,305,"205->305",1950,"Austria","GPH","Ireland","GPH",35714.285,"205","NA","NA","NA","NA","NA","ok","NA","fob"
"205-305","205<-R305",305,205,"305->205",1950,"Ireland","GPH","Austria","GPH",107142.86,"305","NA","NA","NA","NA","NA","ok","NA","fob"
"205-310","R205->310",205,310,"",1950,"","","","",0,"","","","","","","imputed zero","","fob"
"205-310","205<-R310",310,205,"",1950,"","","","",,"","","","","","","not reported","","fob"
"205-315","R205->315",205,315,"205->315",1950,"Czechoslovakia","GPH","Ireland","GPH",35714.285,"205","NA","NA","NA","NA","NA","ok","NA","fob"
"205-315","205<-R315",315,205,"",1950,"","","","",,"","","","","","","not reported","","fob"
"205-325","205<-R325",325,205,"325->205",1950,"Ireland","GPH","Italy","GPH",642857.13,"325","NA","NA","NA","NA","NA","ok","NA","fob"
"205-325","R205->325",205,325,"205->325",1950,"Italy","GPH","Ireland","GPH",107142.86,"205","NA","NA","NA","NA","NA","ok","NA","fob"
"205-345","205<-R345",345,205,"",1950,"","","","",,"","","","","","","not reported","","fob"
"205-345","R205->345",205,345,"",1950,"","","","",0,"","","","","","","imputed zero","","fob"
"205-350","R205->350",205,350,"205->350",1950,"Greece","GPH","Ireland","GPH",35714.285,"205","NA","NA","NA","NA","NA","ok","NA","fob"
"205-350","205<-R350",350,205,"",1950,"","","","",0,"","","","","","","imputed zero","","fob"
"205-352","R205->352",205,352,"",1950,"","","","",0,"","","","","","","imputed zero","","fob"
"205-352","205<-R352",352,205,"352->205",1950,"Ireland","GPH","Cyprus","GPH",71428.57,"352","NA","NA","NA","NA","NA","ok","NA","fob"
"205-355","205<-R355",355,205,"",1950,"","","","",,"","","","","","","not reported","","fob"
"205-355","R205->355",205,355,"",1950,"","","","",0,"","","","","","","imputed zero","","fob"
"205-360","R205->360",205,360,"",1950,"","","","",0,"","","","","","","imputed zero","","fob"
"205-360","205<-R360",360,205,"",1950,"","","","",,"","","","","","","not reported","","fob"
"205-365","R205->365",205,365,"",1950,"","","","",0,"","","","","","","imputed zero","","fob"
"205-365","205<-R365",365,205,"",1950,"","","","",,"","","","","","","not reported","","fob"
"205-375","R205->375",205,375,"205->375",1950,"Finland","GPH","Ireland","GPH",35714.285,"205","NA","NA","NA","NA","NA","ok","NA","fob"
"205-375","205<-R375",375,205,"375->205",1950,"Ireland","GPH","Finland","GPH",2107142.8,"375","NA","NA","NA","NA","NA","ok","NA","fob"
"205-380","R205->380",205,380,"205->380",1950,"Sweden","GPH","Ireland","GPH",607142.88,"205","NA","NA","NA","NA","NA","ok","NA","fob"
"205-380","205<-R380",380,205,"380->205",1950,"Ireland","GPH","Sweden","GPH",3250000,"380","NA","NA","NA","NA","NA","ok","NA","fob"
"205-385","R205->385",205,385,"",1950,"","","","",0,"","","","","","","imputed zero","","fob"
"205-385","205<-R385",385,205,"385->205",1950,"Ireland","GPH","Norway","GPH",285714.28,"385","NA","NA","NA","NA","NA","ok","NA","fob"
"205-390","R205->390",205,390,"205->390",1950,"Denmark","GPH","Ireland","GPH",107142.86,"205","NA","NA","NA","NA","NA","ok","NA","fob"
"205-390","205<-R390",390,205,"390->205",1950,"Ireland","GPH","Denmark","GPH",464285.72,"390","NA","NA","NA","NA","NA","ok","NA","fob"
"205-395","R205->395",205,395,"",1950,"","","","",0,"","","","","","","imputed zero","","fob"
"205-395","205<-R395",395,205,"395->205",1950,"Ireland","GPH","Iceland","GPH",35714.285,"395","NA","NA","NA","NA","NA","ok","NA","fob"
"205-40","205<-R40",40,205,"40->205",1950,"Ireland","GPH","Cuba","GPH",1785714.3,"40","NA","NA","NA","NA","NA","ok","NA","fob"
"205-40","R205->40",205,40,"",1950,"","","","",0,"","","","","","","imputed zero","","fob"
"205-41","205<-R41",41,205,"",1950,"","","","",0,"","","","","","","imputed zero","","fob"
"205-41","R205->41",205,41,"",1950,"","","","",0,"","","","","","","imputed zero","","fob"
"205-42","R205->42",205,42,"",1950,"","","","",0,"","","","","","","imputed zero","","fob"
"205-42","205<-R42",42,205,"42->205",1950,"Ireland","GPH","Dominican Republic (Santo Domingo)","GPH",142857.14,"42","NA","NA","NA","NA","NA","ok","NA","fob"
"205-452","R205->452",205,452,"",1950,"","","","",0,"","","","","","","imputed zero","","fob"
"205-452","205<-R452",452,205,"452->205",1950,"Ireland","GPH","Ghana (Gold Coast)","GPH",714285.69,"452","NA","NA","NA","NA","NA","ok","NA","fob"
"205-471","205<-R471",471,205,"",1950,"","","","",0,"","","","","","","imputed zero","","fob"
"205-471","R205->471",205,471,"",1950,"","","","",0,"","","","","","","imputed zero","","fob"
"205-475","R205->475",205,475,"",1950,"","","","",0,"","","","","","","imputed zero","","fob"
"205-475","205<-R475",475,205,"",1950,"","","","",0,"","","","","","","imputed zero","","fob"
"205-490","205<-R490",490,205,"",1950,"","","","",0,"","","","","","","imputed zero","","fob"
"205-490","R205->490",205,490,"",1950,"","","","",0,"","","","","","","imputed zero","","fob"
"205-500","205<-R500",500,205,"",1950,"","","","",0,"","","","","","","imputed zero","","fob"
"205-500","R205->500",205,500,"",1950,"","","","",0,"","","","","","","imputed zero","","fob"
"205-501","205<-R501",501,205,"501->205",1950,"Ireland","GPH","Kenya (British East Africa Protectorate)","GPH",71428.57,"501","NA","NA","NA","NA","NA","ok","NA","fob"
"205-501","R205->501",205,501,"",1950,"","","","",0,"","","","","","","imputed zero","","fob"
"205-51","205<-R51",51,205,"",1950,"","","","",0,"","","","","","","imputed zero","","fob"
"205-51","R205->51",205,51,"",1950,"","","","",0,"","","","","","","imputed zero","","fob"
"205-512","205<-R512",512,205,"512->205",1950,"Ireland","GPH","Tanzania (Tanganyika)","GPH",250000,"512","NA","NA","NA","NA","NA","ok","NA","fob"
"205-512","R205->512",205,512,"",1950,"","","","",0,"","","","","","","imputed zero","","fob"
"205-52","R205->52",205,52,"",1950,"","","","",0,"","","","","","","imputed zero","","fob"
"205-52","205<-R52",52,205,"52->205",1950,"Ireland","GPH","Trinidad and Tobago","GPH",35714.285,"52","NA","NA","NA","NA","NA","ok","NA","fob"
"205-522","R205->522",205,522,"",1950,"","","","",0,"","","","","","","imputed zero","","fob"
"205-522","205<-R522",522,205,"",1950,"","","","",,"","","","","","","not reported","","fob"
"205-530","R205->530",205,530,"",1950,"","","","",0,"","","","","","","imputed zero","","fob"
"205-530","205<-R530",530,205,"",1950,"","","","",0,"","","","","","","imputed zero","","fob"
"205-540","205<-R540",540,205,"",1950,"","","","",0,"","","","","","","imputed zero","","fob"
"205-540","R205->540",205,540,"",1950,"","","","",0,"","","","","","","imputed zero","","fob"
"205-541","R205->541",205,541,"",1950,"","","","",0,"","","","","","","imputed zero","","fob"
"205-541","205<-R541",541,205,"541->205",1950,"Ireland","GPH","Mozambique (Portuguese East Africa)","GPH",35714.285,"541","NA","NA","NA","NA","NA","ok","NA","fob"
"205-551","R205->551",205,551,"",1950,"","","","",0,"","","","","","","imputed zero","","fob"
"205-551","205<-R551",551,205,"",1950,"","","","",0,"","","","","","","imputed zero","","fob"
"205-552","R205->552",205,552,"",1950,"","","","",0,"","","","","","","imputed zero","","fob"
"205-552","205<-R552",552,205,"552->205",1950,"Ireland","GPH","Zimbabwe (Rhodesia) (Southern Rhodesia)","GPH",71428.57,"552","NA","NA","NA","NA","NA","ok","NA","fob"
"205-560","R205->560",205,560,"205->560",1950,"South Africa","GPH","Ireland","GPH",35714.285,"205","NA","NA","NA","NA","NA","ok","NA","fob"
"205-560","205<-R560",560,205,"",1950,"","","","",,"","","","","","","not reported","","fob"
"205-580","R205->580",205,580,"",1950,"","","","",0,"","","","","","","imputed zero","","fob"
"205-580","205<-R580",580,205,"",1950,"","","","",0,"","","","","","","imputed zero","","fob"
"205-600","R205->600",205,600,"",1950,"","","","",0,"","","","","","","imputed zero","","fob"
"205-600","205<-R600",600,205,"600->205",1950,"Ireland","GPH","Morocco","GPH",107142.86,"600","NA","NA","NA","NA","NA","ok","NA","fob"
"205-615","R205->615",205,615,"",1950,"","","","",0,"","","","","","","imputed zero","","fob"
"205-615","205<-R615",615,205,"615->205",1950,"Ireland","GPH","Algeria (Regency of Algiers)","GPH",142857.14,"615","NA","NA","NA","NA","NA","ok","NA","fob"
"205-616","R205->616",205,616,"",1950,"","","","",0,"","","","","","","imputed zero","","fob"
"205-616","205<-R616",616,205,"616->205",1950,"Ireland","GPH","Tunisia (Regency of Tunis)","GPH",71428.57,"616","NA","NA","NA","NA","NA","ok","NA","fob"
"205-625","205<-R625",625,205,"625->205",1950,"Ireland","GPH","Sudan (Anglo-Egyptian Sudan) (Mahdist State)","GPH",35714.285,"625","NA","NA","NA","NA","NA","ok","NA","fob"
"205-625","R205->625",205,625,"",1950,"","","","",0,"","","","","","","imputed zero","","fob"
"205-630","R205->630",205,630,"",1950,"","","","",0,"","","","","","","imputed zero","","fob"
"205-630","205<-R630",630,205,"",1950,"","","","",,"","","","","","","not reported","","fob"
"205-640","R205->640",205,640,"",1950,"","","","",0,"","","","","","","imputed zero","","fob"
"205-640","205<-R640",640,205,"640->205",1950,"Ireland","GPH","Turkey (Ottoman Empire)","GPH",357142.84,"640","NA","NA","NA","NA","NA","ok","NA","fob"
"205-645","R205->645",205,645,"",1950,"","","","",0,"","","","","","","imputed zero","","fob"
"205-645","205<-R645",645,205,"645->205",1950,"Ireland","GPH","Iraq (Mesopotamia)","GPH",142857.14,"645","NA","NA","NA","NA","NA","ok","NA","fob"
"205-651","R205->651",205,651,"",1950,"","","","",0,"","","","","","","imputed zero","","fob"
"205-651","205<-R651",651,205,"",1950,"","","","",0,"","","","","","","imputed zero","","fob"
"205-652","205<-R652",652,205,"",1950,"","","","",0,"","","","","","","imputed zero","","fob"
"205-652","R205->652",205,652,"",1950,"","","","",0,"","","","","","","imputed zero","","fob"
"205-660","205<-R660",660,205,"",1950,"","","","",0,"","","","","","","imputed zero","","fob"
"205-660","R205->660",205,660,"",1950,"","","","",0,"","","","","","","imputed zero","","fob"
"205-666","205<-R666",666,205,"666->205",1950,"Ireland","GPH","Israel","GPH",142857.14,"666","NA","NA","NA","NA","NA","ok","NA","fob"
"205-666","R205->666",205,666,"205->666",1950,"Israel","GPH","Ireland","GPH",142857.14,"205","NA","NA","NA","NA","NA","ok","NA","fob"
"205-670","R205->670",205,670,"",1950,"","","","",0,"","","","","","","imputed zero","","fob"
"205-670","205<-R670",670,205,"",1950,"","","","",,"","","","","","","not reported","","fob"
"205-68","R205->68",205,68,"",1950,"","","","",0,"","","","","","","imputed zero","","fob"
"205-68","205<-R68",68,205,"",1950,"","","","",,"","","","","","","not reported","","fob"
"205-70","205<-R70",70,205,"",1950,"","","","",0,"","","","","","","imputed zero","","fob"
"205-70","R205->70",205,70,"",1950,"","","","",0,"","","","","","","imputed zero","","fob"
"205-710","205<-R710",710,205,"",1950,"","","","",,"","","","","","","not reported","","fob"
"205-710","R205->710",205,710,"",1950,"","","","",0,"","","","","","","imputed zero","","fob"
"205-713","R205->713",205,713,"",1950,"","","","",0,"","","","","","","imputed zero","","fob"
"205-713","205<-R713",713,205,"",1950,"","","","",,"","","","","","","not reported","","fob"
"205-720","R205->720",205,720,"",1950,"","","","",0,"","","","","","","imputed zero","","fob"
"205-720","205<-R720",720,205,"",1950,"","","","",0,"","","","","","","imputed zero","","fob"
"205-732","205<-R732",732,205,"",1950,"","","","",,"","","","","","","not reported","","fob"
"205-732","R205->732",205,732,"",1950,"","","","",0,"","","","","","","imputed zero","","fob"
"205-740","R205->740",205,740,"",1950,"","","","",0,"","","","","","","imputed zero","","fob"
"205-740","205<-R740",740,205,"740->205",1950,"Ireland","GPH","Japan","GPH",142857.14,"740","NA","NA","NA","NA","NA","ok","NA","fob"
"205-750","R205->750",205,750,"205->750",1950,"India","GPH","Ireland","GPH",35714.285,"205","NA","NA","NA","NA","NA","ok","NA","fob"
"205-750","205<-R750",750,205,"750->205",1950,"Ireland","GPH","India","GPH",4321428.5,"750","NA","NA","NA","NA","NA","ok","NA","fob"
"205-770","R205->770",205,770,"",1950,"","","","",0,"","","","","","","imputed zero","","fob"
"205-770","205<-R770",770,205,"770->205",1950,"Ireland","GPH","Pakistan","GPH",464285.72,"770","NA","NA","NA","NA","NA","ok","NA","fob"
"205-775","R205->775",205,775,"",1950,"","","","",0,"","","","","","","imputed zero","","fob"
"205-775","205<-R775",775,205,"",1950,"","","","",0,"","","","","","","imputed zero","","fob"
"205-780","R205->780",205,780,"205->780",1950,"Sri Lanka (Ceylon)","GPH","Ireland","GPH",71428.57,"205","NA","NA","NA","NA","NA","ok","NA","fob"
"205-780","205<-R780",780,205,"780->205",1950,"Ireland","GPH","Sri Lanka (Ceylon)","GPH",392857.16,"780","NA","NA","NA","NA","NA","ok","NA","fob"
"205-800","R205->800",205,800,"",1950,"","","","",0,"","","","","","","imputed zero","","fob"
"205-800","205<-R800",800,205,"",1950,"","","","",,"","","","","","","not reported","","fob"
"205-840","205<-R840",840,205,"",1950,"","","","",0,"","","","","","","imputed zero","","fob"
"205-840","R205->840",205,840,"",1950,"","","","",0,"","","","","","","imputed zero","","fob"
"205-850","R205->850",205,850,"",1950,"","","","",0,"","","","","","","imputed zero","","fob"
"205-850","205<-R850",850,205,"",1950,"","","","",0,"","","","","","","imputed zero","","fob"
"205-90","R205->90",205,90,"",1950,"","","","",0,"","","","","","","imputed zero","","fob"
"205-90","205<-R90",90,205,"",1950,"","","","",0,"","","","","","","imputed zero","","fob"
"205-900","R205->900",205,900,"205->900",1950,"Australia","GPH","Ireland","GPH",35714.285,"205","NA","NA","NA","NA","NA","ok","NA","fob"
"205-900","205<-R900",900,205,"900->205",1950,"Ireland","GPH","Australia","GPH",714285.69,"900","NA","NA","NA","NA","NA","ok","NA","fob"
"205-91","205<-R91",91,205,"",1950,"","","","",0,"","","","","","","imputed zero","","fob"
"205-91","R205->91",205,91,"",1950,"","","","",0,"","","","","","","imputed zero","","fob"
"205-92","205<-R92",92,205,"",1950,"","","","",0,"","","","","","","imputed zero","","fob"
"205-92","R205->92",205,92,"",1950,"","","","",0,"","","","","","","imputed zero","","fob"
"205-920","205<-R920",920,205,"920->205",1950,"Ireland","GPH","New Zealand","GPH",178571.42,"920","NA","NA","NA","NA","NA","ok","NA","fob"
"205-920","R205->920",205,920,"",1950,"","","","",0,"","","","","","","imputed zero","","fob"
"205-93","R205->93",205,93,"",1950,"","","","",0,"","","","","","","imputed zero","","fob"
"205-93","205<-R93",93,205,"",1950,"","","","",0,"","","","","","","imputed zero","","fob"
"205-94","205<-R94",94,205,"",1950,"","","","",0,"","","","","","","imputed zero","","fob"
"205-94","R205->94",205,94,"",1950,"","","","",0,"","","","","","","imputed zero","","fob"
"205-95","R205->95",205,95,"",1950,"","","","",0,"","","","","","","imputed zero","","fob"
"205-95","205<-R95",95,205,"",1950,"","","","",0,"","","","","","","imputed zero","","fob"
"205-960","R205->960",205,960,"",1950,"","","","",0,"","","","","","","imputed zero","","fob"
"205-960","205<-R960",960,205,"",1950,"","","","",,"","","","","","","not reported","","fob"
"210-220","210<-R220",220,210,"220->210",1950,"Netherlands","GPH","France","GPH",38250000,"220","NA","NA","NA","NA","NA","ok","NA","fob"
"210-220","R210->220",210,220,"210->220",1950,"France","GPH","Netherlands","GPH",22821428,"210","NA","NA","NA","NA","NA","ok","NA","fob"
"210-225","210<-R225",225,210,"225->210",1950,"Netherlands","GPH","Switzerland","GPH",9428571,"225","NA","NA","NA","NA","NA","ok","NA","fob"
"210-225","R210->225",210,225,"210->225",1950,"Switzerland","GPH","Netherlands","GPH",12750000,"210","NA","NA","NA","NA","NA","ok","NA","fob"
"210-230","R210->230",210,230,"210->230",1950,"Spain","GPH","Netherlands","GPH",3000000,"210","NA","NA","NA","NA","NA","ok","NA","fob"
"210-230","210<-R230",230,210,"230->210",1950,"Netherlands","GPH","Spain","GPH",3892857.3,"230","NA","NA","NA","NA","NA","ok","NA","fob"
"210-235","210<-R235",235,210,"235->210",1950,"Netherlands","GPH","Portugal","GPH",1571428.6,"235","NA","NA","NA","NA","NA","ok","NA","fob"
"210-235","R210->235",210,235,"210->235",1950,"Portugal","GPH","Netherlands","GPH",2714285.8,"210","NA","NA","NA","NA","NA","ok","NA","fob"
"210-255","210<-R255",255,210,"255->210",1950,"Netherlands","GPH","Germany (Zollverein)","GPH",98571432,"255","NA","NA","NA","NA","NA","ok","NA","fob"
"210-255","R210->255",210,255,"210->255",1950,"Germany (Zollverein)","GPH","Netherlands","GPH",107357144,"210","NA","NA","NA","NA","NA","ok","NA","fob"
"210-290","R210->290",210,290,"210->290",1950,"Poland","GPH","Netherlands","GPH",3214285.8,"210","NA","NA","NA","NA","NA","ok","NA","fob"
"210-290","210<-R290",290,210,"",1950,"","","","",,"","","","","","","not reported","","fob"
"210-305","R210->305",210,305,"210->305",1950,"Austria","GPH","Netherlands","GPH",4214285.5,"210","NA","NA","NA","NA","NA","ok","NA","fob"
"210-305","210<-R305",305,210,"305->210",1950,"Netherlands","GPH","Austria","GPH",4821428.5,"305","NA","NA","NA","NA","NA","ok","NA","fob"
"210-310","R210->310",210,310,"210->310",1950,"Hungary","GPH","Netherlands","GPH",1285714.3,"210","NA","NA","NA","NA","NA","ok","NA","fob"
"210-310","210<-R310",310,210,"",1950,"","","","",,"","","","","","","not reported","","fob"
"210-315","210<-R315",315,210,"",1950,"","","","",,"","","","","","","not reported","","fob"
"210-315","R210->315",210,315,"210->315",1950,"Czechoslovakia","GPH","Netherlands","GPH",4750000,"210","NA","NA","NA","NA","NA","ok","NA","fob"
"210-325","R210->325",210,325,"210->325",1950,"Italy","GPH","Netherlands","GPH",6642857,"210","NA","NA","NA","NA","NA","ok","NA","fob"
"210-325","210<-R325",325,210,"325->210",1950,"Netherlands","GPH","Italy","GPH",7000000,"325","NA","NA","NA","NA","NA","ok","NA","fob"
"210-345","R210->345",210,345,"210->345",1950,"Yugoslavia (Kingdom of Serbs, Croats and Slovenes)","GPH","Netherlands","GPH",2142857.3,"210","NA","NA","NA","NA","NA","ok","NA","fob"
"210-345","210<-R345",345,210,"",1950,"","","","",,"","","","","","","not reported","","fob"
"210-350","R210->350",210,350,"210->350",1950,"Greece","GPH","Netherlands","GPH",2607142.8,"210","NA","NA","NA","NA","NA","ok","NA","fob"
"210-350","210<-R350",350,210,"350->210",1950,"Netherlands","GPH","Greece","GPH",642857.13,"350","NA","NA","NA","NA","NA","ok","NA","fob"
"210-352","210<-R352",352,210,"352->210",1950,"Netherlands","GPH","Cyprus","GPH",321428.56,"352","NA","NA","NA","NA","NA","ok","NA","fob"
"210-352","R210->352",210,352,"210->352",1950,"Cyprus","GPH","Netherlands","GPH",250000,"210","NA","NA","NA","NA","NA","ok","NA","fob"
"210-355","R210->355",210,355,"",1950,"","","","",0,"","","","","","","imputed zero","","fob"
"210-355","210<-R355",355,210,"",1950,"","","","",,"","","","","","","not reported","","fob"
"210-360","R210->360",210,360,"210->360",1950,"Romania","GPH","Netherlands","GPH",214285.72,"210","NA","NA","NA","NA","NA","ok","NA","fob"
"210-360","210<-R360",360,210,"",1950,"","","","",,"","","","","","","not reported","","fob"
"210-365","210<-R365",365,210,"",1950,"","","","",,"","","","","","","not reported","","fob"
"210-365","R210->365",210,365,"210->365",1950,"Russia (USSR)","GPH","Netherlands","GPH",178571.42,"210","NA","NA","NA","NA","NA","ok","NA","fob"
"210-375","R210->375",210,375,"210->375",1950,"Finland","GPH","Netherlands","GPH",8928571,"210","NA","NA","NA","NA","NA","ok","NA","fob"
"210-375","210<-R375",375,210,"375->210",1950,"Netherlands","GPH","Finland","GPH",9928571,"375","NA","NA","NA","NA","NA","ok","NA","fob"
"210-380","210<-R380",380,210,"380->210",1950,"Netherlands","GPH","Sweden","GPH",23785714,"380","NA","NA","NA","NA","NA","ok","NA","fob"
"210-380","R210->380",210,380,"210->380",1950,"Sweden","GPH","Netherlands","GPH",17928572,"210","NA","NA","NA","NA","NA","ok","NA","fob"
"210-385","210<-R385",385,210,"385->210",1950,"Netherlands","GPH","Norway","GPH",6285714.5,"385","NA","NA","NA","NA","NA","ok","NA","fob"
"210-385","R210->385",210,385,"210->385",1950,"Norway","GPH","Netherlands","GPH",9964286,"210","NA","NA","NA","NA","NA","ok","NA","fob"
"210-390","R210->390",210,390,"210->390",1950,"Denmark","GPH","Netherlands","GPH",7107143,"210","NA","NA","NA","NA","NA","ok","NA","fob"
"210-390","210<-R390",390,210,"390->210",1950,"Netherlands","GPH","Denmark","GPH",3464285.8,"390","NA","NA","NA","NA","NA","ok","NA","fob"
"210-395","R210->395",210,395,"210->395",1950,"Iceland","GPH","Netherlands","GPH",428571.44,"210","NA","NA","NA","NA","NA","ok","NA","fob"
"210-395","210<-R395",395,210,"395->210",1950,"Netherlands","GPH","Iceland","GPH",1571428.6,"395","NA","NA","NA","NA","NA","ok","NA","fob"
"210-40","R210->40",210,40,"210->40",1950,"Cuba","GPH","Netherlands","GPH",678571.44,"210","NA","NA","NA","NA","NA","ok","NA","fob"
"210-40","210<-R40",40,210,"40->210",1950,"Netherlands","GPH","Cuba","GPH",11750000,"40","NA","NA","NA","NA","NA","ok","NA","fob"
"210-41","R210->41",210,41,"210->41",1950,"Haiti","GPH","Netherlands","GPH",35714.285,"210","NA","NA","NA","NA","NA","ok","NA","fob"
"210-41","210<-R41",41,210,"41->210",1950,"Netherlands","GPH","Haiti","GPH",1107142.9,"41","NA","NA","NA","NA","NA","ok","NA","fob"
"210-42","R210->42",210,42,"210->42",1950,"Dominican Republic (Santo Domingo)","GPH","Netherlands","GPH",71428.57,"210","NA","NA","NA","NA","NA","ok","NA","fob"
"210-42","210<-R42",42,210,"42->210",1950,"Netherlands","GPH","Dominican Republic (Santo Domingo)","GPH",678571.44,"42","NA","NA","NA","NA","NA","ok","NA","fob"
"210-452","210<-R452",452,210,"452->210",1950,"Netherlands","GPH","Ghana (Gold Coast)","GPH",4535714.5,"452","NA","NA","NA","NA","NA","ok","NA","fob"
"210-452","R210->452",210,452,"210->452",1950,"Ghana (Gold Coast)","GPH","Netherlands","GPH",2678571.5,"210","NA","NA","NA","NA","NA","ok","NA","fob"
"210-471","210<-R471",471,210,"471->210",1950,"Netherlands","GPH","Cameroun (French Cameroon)","GPH",2035714.3,"471","NA","NA","NA","NA","NA","ok","NA","fob"
"210-471","R210->471",210,471,"210->471",1950,"Cameroun (French Cameroon)","GPH","Netherlands","GPH",214285.72,"210","NA","NA","NA","NA","NA","ok","NA","fob"
"210-475","R210->475",210,475,"210->475",1950,"Nigeria","GPH","Netherlands","GPH",1535714.3,"210","NA","NA","NA","NA","NA","ok","NA","fob"
"210-475","210<-R475",475,210,"475->210",1950,"Netherlands","GPH","Nigeria","GPH",1428571.4,"475","NA","NA","NA","NA","NA","ok","NA","fob"
"210-490","210<-R490",490,210,"490->210",1950,"Netherlands","GPH","Democratic Republic of the Congo (Zaire) (Kinshasa) (Belgian Congo) (Congo Free State)","GPH",1857142.9,"490","NA","NA","NA","NA","NA","ok","NA","fob"
"210-490","R210->490",210,490,"210->490",1950,"Democratic Republic of the Congo (Zaire) (Kinshasa) (Belgian Congo) (Congo Free State)","GPH","Netherlands","GPH",1500000,"210","NA","NA","NA","NA","NA","ok","NA","fob"
"210-500","R210->500",210,500,"",1950,"","","","",0,"","","","","","","imputed zero","","fob"
"210-500","210<-R500",500,210,"500->210",1950,"Netherlands","GPH","Uganda","GPH",392857.16,"500","NA","NA","NA","NA","NA","ok","NA","fob"
"210-501","R210->501",210,501,"210->501",1950,"Kenya (British East Africa Protectorate)","GPH","Netherlands","GPH",357142.84,"210","NA","NA","NA","NA","NA","ok","NA","fob"
"210-501","210<-R501",501,210,"501->210",1950,"Netherlands","GPH","Kenya (British East Africa Protectorate)","GPH",785714.31,"501","NA","NA","NA","NA","NA","ok","NA","fob"
"210-51","210<-R51",51,210,"51->210",1950,"Netherlands","GPH","Jamaica","GPH",178571.42,"51","NA","NA","NA","NA","NA","ok","NA","fob"
"210-51","R210->51",210,51,"210->51",1950,"Jamaica","GPH","Netherlands","GPH",142857.14,"210","NA","NA","NA","NA","NA","ok","NA","fob"
"210-512","210<-R512",512,210,"512->210",1950,"Netherlands","GPH","Tanzania (Tanganyika)","GPH",892857.13,"512","NA","NA","NA","NA","NA","ok","NA","fob"
"210-512","R210->512",210,512,"",1950,"","","","",0,"","","","","","","imputed zero","","fob"
"210-52","R210->52",210,52,"210->52",1950,"Trinidad and Tobago","GPH","Netherlands","GPH",678571.44,"210","NA","NA","NA","NA","NA","ok","NA","fob"
"210-52","210<-R52",52,210,"52->210",1950,"Netherlands","GPH","Trinidad and Tobago","GPH",178571.42,"52","NA","NA","NA","NA","NA","ok","NA","fob"
"210-522","210<-R522",522,210,"",1950,"","","","",,"","","","","","","not reported","","fob"
"210-522","R210->522",210,522,"210->522",1950,"Djibouti (Afar and Issas) (French Somaliland)","GPH","Netherlands","GPH",35714.285,"210","NA","NA","NA","NA","NA","ok","NA","fob"
"210-530","R210->530",210,530,"210->530",1950,"Ethiopia (Abyssinia)","GPH","Netherlands","GPH",71428.57,"210","NA","NA","NA","NA","NA","ok","NA","fob"
"210-530","210<-R530",530,210,"530->210",1950,"Netherlands","GPH","Ethiopia (Abyssinia)","GPH",142857.14,"530","NA","NA","NA","NA","NA","ok","NA","fob"
"210-540","R210->540",210,540,"210->540",1950,"Angola","GPH","Netherlands","GPH",107142.86,"210","NA","NA","NA","NA","NA","ok","NA","fob"
"210-540","210<-R540",540,210,"540->210",1950,"Netherlands","GPH","Angola","GPH",2285714.3,"540","NA","NA","NA","NA","NA","ok","NA","fob"
"210-541","R210->541",210,541,"210->541",1950,"Mozambique (Portuguese East Africa)","GPH","Netherlands","GPH",214285.72,"210","NA","NA","NA","NA","NA","ok","NA","fob"
"210-541","210<-R541",541,210,"541->210",1950,"Netherlands","GPH","Mozambique (Portuguese East Africa)","GPH",178571.42,"541","NA","NA","NA","NA","NA","ok","NA","fob"
"210-551","210<-R551",551,210,"551->210",1950,"Netherlands","GPH","Zambia (Northern Rhodesia)","GPH",142857.14,"551","NA","NA","NA","NA","NA","ok","NA","fob"
"210-551","R210->551",210,551,"",1950,"","","","",0,"","","","","","","imputed zero","","fob"
"210-552","R210->552",210,552,"210->552",1950,"Zimbabwe (Rhodesia) (Southern Rhodesia)","GPH","Netherlands","GPH",250000,"210","NA","NA","NA","NA","NA","ok","NA","fob"
"210-552","210<-R552",552,210,"552->210",1950,"Netherlands","GPH","Zimbabwe (Rhodesia) (Southern Rhodesia)","GPH",571428.56,"552","NA","NA","NA","NA","NA","ok","NA","fob"
"210-560","210<-R560",560,210,"",1950,"","","","",,"","","","","","","not reported","","fob"
"210-560","R210->560",210,560,"210->560",1950,"South Africa","GPH","Netherlands","GPH",2142857.3,"210","NA","NA","NA","NA","NA","ok","NA","fob"
"210-580","R210->580",210,580,"210->580",1950,"Madagascar (Malagasy Republic)","GPH","Netherlands","GPH",357142.84,"210","NA","NA","NA","NA","NA","ok","NA","fob"
"210-580","210<-R580",580,210,"580->210",1950,"Netherlands","GPH","Madagascar (Malagasy Republic)","GPH",500000,"580","NA","NA","NA","NA","NA","ok","NA","fob"
"210-600","210<-R600",600,210,"600->210",1950,"Netherlands","GPH","Morocco","GPH",2321428.5,"600","NA","NA","NA","NA","NA","ok","NA","fob"
"210-600","R210->600",210,600,"210->600",1950,"Morocco","GPH","Netherlands","GPH",1642857.1,"210","NA","NA","NA","NA","NA","ok","NA","fob"
"210-615","R210->615",210,615,"210->615",1950,"Algeria (Regency of Algiers)","GPH","Netherlands","GPH",1607142.9,"210","NA","NA","NA","NA","NA","ok","NA","fob"
"210-615","210<-R615",615,210,"615->210",1950,"Netherlands","GPH","Algeria (Regency of Algiers)","GPH",2071428.6,"615","NA","NA","NA","NA","NA","ok","NA","fob"
"210-616","R210->616",210,616,"210->616",1950,"Tunisia (Regency of Tunis)","GPH","Netherlands","GPH",535714.31,"210","NA","NA","NA","NA","NA","ok","NA","fob"
"210-616","210<-R616",616,210,"616->210",1950,"Netherlands","GPH","Tunisia (Regency of Tunis)","GPH",1142857.1,"616","NA","NA","NA","NA","NA","ok","NA","fob"
"210-625","R210->625",210,625,"210->625",1950,"Sudan (Anglo-Egyptian Sudan) (Mahdist State)","GPH","Netherlands","GPH",142857.14,"210","NA","NA","NA","NA","NA","ok","NA","fob"
"210-625","210<-R625",625,210,"625->210",1950,"Netherlands","GPH","Sudan (Anglo-Egyptian Sudan) (Mahdist State)","GPH",642857.13,"625","NA","NA","NA","NA","NA","ok","NA","fob"
"210-630","210<-R630",630,210,"",1950,"","","","",,"","","","","","","not reported","","fob"
"210-630","R210->630",210,630,"210->630",1950,"Iran (Persia)","GPH","Netherlands","GPH",464285.72,"210","NA","NA","NA","NA","NA","ok","NA","fob"
"210-640","210<-R640",640,210,"640->210",1950,"Netherlands","GPH","Turkey (Ottoman Empire)","GPH",2607142.8,"640","NA","NA","NA","NA","NA","ok","NA","fob"
"210-640","R210->640",210,640,"210->640",1950,"Turkey (Ottoman Empire)","GPH","Netherlands","GPH",2142857.3,"210","NA","NA","NA","NA","NA","ok","NA","fob"
"210-645","210<-R645",645,210,"645->210",1950,"Netherlands","GPH","Iraq (Mesopotamia)","GPH",4214285.5,"645","NA","NA","NA","NA","NA","ok","NA","fob"
"210-645","R210->645",210,645,"210->645",1950,"Iraq (Mesopotamia)","GPH","Netherlands","GPH",1071428.6,"210","NA","NA","NA","NA","NA","ok","NA","fob"
"210-651","210<-R651",651,210,"651->210",1950,"Netherlands","GPH","Egypt Arab Republic (Egypt)","GPH",6392857,"651","NA","NA","NA","NA","NA","ok","NA","fob"
"210-651","R210->651",210,651,"210->651",1950,"Egypt Arab Republic (Egypt)","GPH","Netherlands","GPH",4500000,"210","NA","NA","NA","NA","NA","ok","NA","fob"
"210-652","210<-R652",652,210,"652->210",1950,"Netherlands","GPH","Syria","GPH",35714.285,"652","NA","NA","NA","NA","NA","ok","NA","fob"
"210-652","R210->652",210,652,"210->652",1950,"Syria","GPH","Netherlands","GPH",928571.44,"210","NA","NA","NA","NA","NA","ok","NA","fob"
"210-660","R210->660",210,660,"",1950,"","","","",0,"","","","","","","imputed zero","","fob"
"210-660","210<-R660",660,210,"660->210",1950,"Netherlands","GPH","Lebanon","GPH",678571.44,"660","NA","NA","NA","NA","NA","ok","NA","fob"
"210-666","210<-R666",666,210,"666->210",1950,"Netherlands","GPH","Israel","GPH",428571.44,"666","NA","NA","NA","NA","NA","ok","NA","fob"
"210-666","R210->666",210,666,"210->666",1950,"Israel","GPH","Netherlands","GPH",2035714.3,"210","NA","NA","NA","NA","NA","ok","NA","fob"
"210-670","210<-R670",670,210,"",1950,"","","","",,"","","","","","","not reported","","fob"
"210-670","R210->670",210,670,"210->670",1950,"Saudi Arabia (Emirate of Nejd) (Emirate of Diriyah)","GPH","Netherlands","GPH",285714.28,"210","NA","NA","NA","NA","NA","ok","NA","fob"
"210-68","210<-R68",68,210,"",1950,"","","","",,"","","","","","","not reported","","fob"
"210-68","R210->68",210,68,"210->68",1950,"Netherlands Antilles","GPH","Netherlands","GPH",2928571.5,"210","NA","NA","NA","NA","NA","ok","NA","fob"
"210-70","210<-R70",70,210,"70->210",1950,"Netherlands","GPH","Mexico","GPH",1821428.6,"70","NA","NA","NA","NA","NA","ok","NA","fob"
"210-70","R210->70",210,70,"210->70",1950,"Mexico","GPH","Netherlands","GPH",571428.56,"210","NA","NA","NA","NA","NA","ok","NA","fob"
"210-710","R210->710",210,710,"210->710",1950,"People's Republic of China (China)","GPH","Netherlands","GPH",107142.86,"210","NA","NA","NA","NA","NA","ok","NA","fob"
"210-710","210<-R710",710,210,"",1950,"","","","",,"","","","","","","not reported","","fob"
"210-713","210<-R713",713,210,"",1950,"","","","",,"","","","","","","not reported","","fob"
"210-713","R210->713",210,713,"",1950,"","","","",0,"","","","","","","imputed zero","","fob"
"210-720","210<-R720",720,210,"720->210",1950,"Netherlands","GPH","Hong Kong","GPH",2678571.5,"720","NA","NA","NA","NA","NA","ok","NA","fob"
"210-720","R210->720",210,720,"210->720",1950,"Hong Kong","GPH","Netherlands","GPH",3035714.3,"210","NA","NA","NA","NA","NA","ok","NA","fob"
"210-732","R210->732",210,732,"210->732",1950,"South Korea (Republic of South Korea)","GPH","Netherlands","GPH",35714.285,"210","NA","NA","NA","NA","NA","ok","NA","fob"
"210-732","210<-R732",732,210,"",1950,"","","","",,"","","","","","","not reported","","fob"
"210-740","R210->740",210,740,"210->740",1950,"Japan","GPH","Netherlands","GPH",250000,"210","NA","NA","NA","NA","NA","ok","NA","fob"
"210-740","210<-R740",740,210,"740->210",1950,"Netherlands","GPH","Japan","GPH",2678571.5,"740","NA","NA","NA","NA","NA","ok","NA","fob"
"210-750","R210->750",210,750,"210->750",1950,"India","GPH","Netherlands","GPH",3000000,"210","NA","NA","NA","NA","NA","ok","NA","fob"
"210-750","210<-R750",750,210,"750->210",1950,"Netherlands","GPH","India","GPH",7571428.5,"750","NA","NA","NA","NA","NA","ok","NA","fob"
"210-770","R210->770",210,770,"210->770",1950,"Pakistan","GPH","Netherlands","GPH",1178571.4,"210","NA","NA","NA","NA","NA","ok","NA","fob"
"210-770","210<-R770",770,210,"770->210",1950,"Netherlands","GPH","Pakistan","GPH",2285714.3,"770","NA","NA","NA","NA","NA","ok","NA","fob"
"210-775","210<-R775",775,210,"775->210",1950,"Netherlands","GPH","Myanmar (Burma)","GPH",392857.16,"775","NA","NA","NA","NA","NA","ok","NA","fob"
"210-775","R210->775",210,775,"210->775",1950,"Myanmar (Burma)","GPH","Netherlands","GPH",642857.13,"210","NA","NA","NA","NA","NA","ok","NA","fob"
"210-780","210<-R780",780,210,"780->210",1950,"Netherlands","GPH","Sri Lanka (Ceylon)","GPH",4464285.5,"780","NA","NA","NA","NA","NA","ok","NA","fob"
"210-780","R210->780",210,780,"210->780",1950,"Sri Lanka (Ceylon)","GPH","Netherlands","GPH",714285.69,"210","NA","NA","NA","NA","NA","ok","NA","fob"
"210-800","R210->800",210,800,"210->800",1950,"Thailand (Siam)","GPH","Netherlands","GPH",2250000,"210","NA","NA","NA","NA","NA","ok","NA","fob"
"210-800","210<-R800",800,210,"",1950,"","","","",,"","","","","","","not reported","","fob"
"210-840","210<-R840",840,210,"840->210",1950,"Netherlands","GPH","Philippines","GPH",2642857.3,"840","NA","NA","NA","NA","NA","ok","NA","fob"
"210-840","R210->840",210,840,"210->840",1950,"Philippines","GPH","Netherlands","GPH",285714.28,"210","NA","NA","NA","NA","NA","ok","NA","fob"
"210-850","R210->850",210,850,"210->850",1950,"Indonesia (Dutch East Indies)","GPH","Netherlands","GPH",28178572,"210","NA","NA","NA","NA","NA","ok","NA","fob"
"210-850","210<-R850",850,210,"850->210",1950,"Netherlands","GPH","Indonesia (Dutch East Indies)","GPH",72178568,"850","NA","NA","NA","NA","NA","ok","NA","fob"
"210-90","R210->90",210,90,"210->90",1950,"Guatemala","GPH","Netherlands","GPH",107142.86,"210","NA","NA","NA","NA","NA","ok","NA","fob"
"210-90","210<-R90",90,210,"90->210",1950,"Netherlands","GPH","Guatemala","GPH",750000,"90","NA","NA","NA","NA","NA","ok","NA","fob"
"210-900","R210->900",210,900,"210->900",1950,"Australia","GPH","Netherlands","GPH",3357142.8,"210","NA","NA","NA","NA","NA","ok","NA","fob"
"210-900","210<-R900",900,210,"900->210",1950,"Netherlands","GPH","Australia","GPH",9964286,"900","NA","NA","NA","NA","NA","ok","NA","fob"
"210-91","210<-R91",91,210,"91->210",1950,"Netherlands","GPH","Honduras","GPH",35714.285,"91","NA","NA","NA","NA","NA","ok","NA","fob"
"210-91","R210->91",210,91,"",1950,"","","","",0,"","","","","","","imputed zero","","fob"
"210-92","R210->92",210,92,"210->92",1950,"El Salvador","GPH","Netherlands","GPH",71428.57,"210","NA","NA","NA","NA","NA","ok","NA","fob"
"210-92","210<-R92",92,210,"92->210",1950,"Netherlands","GPH","El Salvador","GPH",357142.84,"92","NA","NA","NA","NA","NA","ok","NA","fob"
"210-920","R210->920",210,920,"210->920",1950,"New Zealand","GPH","Netherlands","GPH",571428.56,"210","NA","NA","NA","NA","NA","ok","NA","fob"
"210-920","210<-R920",920,210,"920->210",1950,"Netherlands","GPH","New Zealand","GPH",3392857.3,"920","NA","NA","NA","NA","NA","ok","NA","fob"
"210-93","R210->93",210,93,"210->93",1950,"Nicaragua","GPH","Netherlands","GPH",35714.285,"210","NA","NA","NA","NA","NA","ok","NA","fob"
"210-93","210<-R93",93,210,"93->210",1950,"Netherlands","GPH","Nicaragua","GPH",285714.28,"93","NA","NA","NA","NA","NA","ok","NA","fob"
"210-94","R210->94",210,94,"210->94",1950,"Costa Rica","GPH","Netherlands","GPH",71428.57,"210","NA","NA","NA","NA","NA","ok","NA","fob"
"210-94","210<-R94",94,210,"94->210",1950,"Netherlands","GPH","Costa Rica","GPH",928571.44,"94","NA","NA","NA","NA","NA","ok","NA","fob"
"210-95","R210->95",210,95,"210->95",1950,"Panama","GPH","Netherlands","GPH",464285.72,"210","NA","NA","NA","NA","NA","ok","NA","fob"
"210-95","210<-R95",95,210,"95->210",1950,"Netherlands","GPH","Panama","GPH",71428.57,"95","NA","NA","NA","NA","NA","ok","NA","fob"
"210-960","210<-R960",960,210,"",1950,"","","","",,"","","","","","","not reported","","fob"
"210-960","R210->960",210,960,"",1950,"","","","",0,"","","","","","","imputed zero","","fob"
"220-225","R220->225",220,225,"220->225",1950,"Switzerland","GPH","France","GPH",55500000,"220","NA","NA","NA","NA","NA","ok","NA","fob"
"220-225","220<-R225",225,220,"225->220",1950,"France","GPH","Switzerland","GPH",29750000,"225","NA","NA","NA","NA","NA","ok","NA","fob"
"220-230","220<-R230",230,220,"230->220",1950,"France","GPH","Spain","GPH",9214286,"230","NA","NA","NA","NA","NA","ok","NA","fob"
"220-230","R220->230",220,230,"220->230",1950,"Spain","GPH","France","GPH",11571429,"220","NA","NA","NA","NA","NA","ok","NA","fob"
"220-235","R220->235",220,235,"220->235",1950,"Portugal","GPH","France","GPH",4785714.5,"220","NA","NA","NA","NA","NA","ok","NA","fob"
"220-235","220<-R235",235,220,"235->220",1950,"France","GPH","Portugal","GPH",3178571.5,"235","NA","NA","NA","NA","NA","ok","NA","fob"
"220-255","R220->255",220,255,"220->255",1950,"Germany (Zollverein)","GPH","France","GPH",86035712,"220","NA","NA","NA","NA","NA","ok","NA","fob"
"220-255","220<-R255",255,220,"255->220",1950,"France","GPH","Germany (Zollverein)","GPH",65000000,"255","NA","NA","NA","NA","NA","ok","NA","fob"
"220-290","R220->290",220,290,"220->290",1950,"Poland","GPH","France","GPH",5750000,"220","NA","NA","NA","NA","NA","ok","NA","fob"
"220-290","220<-R290",290,220,"",1950,"","","","",,"","","","","","","not reported","","fob"
"220-305","R220->305",220,305,"220->305",1950,"Austria","GPH","France","GPH",5000000,"220","NA","NA","NA","NA","NA","ok","NA","fob"
"220-305","220<-R305",305,220,"305->220",1950,"France","GPH","Austria","GPH",3035714.3,"305","NA","NA","NA","NA","NA","ok","NA","fob"
"220-310","220<-R310",310,220,"",1950,"","","","",,"","","","","","","not reported","","fob"
"220-310","R220->310",220,310,"220->310",1950,"Hungary","GPH","France","GPH",1107142.9,"220","NA","NA","NA","NA","NA","ok","NA","fob"
"220-315","220<-R315",315,220,"",1950,"","","","",,"","","","","","","not reported","","fob"
"220-315","R220->315",220,315,"220->315",1950,"Czechoslovakia","GPH","France","GPH",4285714.5,"220","NA","NA","NA","NA","NA","ok","NA","fob"
"220-325","220<-R325",325,220,"325->220",1950,"France","GPH","Italy","GPH",37392856,"325","NA","NA","NA","NA","NA","ok","NA","fob"
"220-325","R220->325",220,325,"220->325",1950,"Italy","GPH","France","GPH",28571428,"220","NA","NA","NA","NA","NA","ok","NA","fob"
"220-345","R220->345",220,345,"220->345",1950,"Yugoslavia (Kingdom of Serbs, Croats and Slovenes)","GPH","France","GPH",1892857.1,"220","NA","NA","NA","NA","NA","ok","NA","fob"
"220-345","220<-R345",345,220,"",1950,"","","","",,"","","","","","","not reported","","fob"
"220-350","220<-R350",350,220,"350->220",1950,"France","GPH","Greece","GPH",1714285.8,"350","NA","NA","NA","NA","NA","ok","NA","fob"
"220-350","R220->350",220,350,"220->350",1950,"Greece","GPH","France","GPH",4964285.5,"220","NA","NA","NA","NA","NA","ok","NA","fob"
"220-352","R220->352",220,352,"220->352",1950,"Cyprus","GPH","France","GPH",857142.88,"220","NA","NA","NA","NA","NA","ok","NA","fob"
"220-352","220<-R352",352,220,"352->220",1950,"France","GPH","Cyprus","GPH",821428.56,"352","NA","NA","NA","NA","NA","ok","NA","fob"
"220-355","R220->355",220,355,"220->355",1950,"Bulgaria","GPH","France","GPH",107142.86,"220","NA","NA","NA","NA","NA","ok","NA","fob"
"220-355","220<-R355",355,220,"",1950,"","","","",,"","","","","","","not reported","","fob"
"220-360","R220->360",220,360,"220->360",1950,"Romania","GPH","France","GPH",142857.14,"220","NA","NA","NA","NA","NA","ok","NA","fob"
"220-360","220<-R360",360,220,"",1950,"","","","",,"","","","","","","not reported","","fob"
"220-365","R220->365",220,365,"220->365",1950,"Russia (USSR)","GPH","France","GPH",928571.44,"220","NA","NA","NA","NA","NA","ok","NA","fob"
"220-365","220<-R365",365,220,"",1950,"","","","",,"","","","","","","not reported","","fob"
"220-375","R220->375",220,375,"220->375",1950,"Finland","GPH","France","GPH",6964285.5,"220","NA","NA","NA","NA","NA","ok","NA","fob"
"220-375","220<-R375",375,220,"375->220",1950,"France","GPH","Finland","GPH",6785714.5,"375","NA","NA","NA","NA","NA","ok","NA","fob"
"220-380","220<-R380",380,220,"380->220",1950,"France","GPH","Sweden","GPH",17250000,"380","NA","NA","NA","NA","NA","ok","NA","fob"
"220-380","R220->380",220,380,"220->380",1950,"Sweden","GPH","France","GPH",25178572,"220","NA","NA","NA","NA","NA","ok","NA","fob"
"220-385","R220->385",220,385,"220->385",1950,"Norway","GPH","France","GPH",14892857,"220","NA","NA","NA","NA","NA","ok","NA","fob"
"220-385","220<-R385",385,220,"385->220",1950,"France","GPH","Norway","GPH",6392857,"385","NA","NA","NA","NA","NA","ok","NA","fob"
"220-390","220<-R390",390,220,"390->220",1950,"France","GPH","Denmark","GPH",6928571.5,"390","NA","NA","NA","NA","NA","ok","NA","fob"
"220-390","R220->390",220,390,"220->390",1950,"Denmark","GPH","France","GPH",18928572,"220","NA","NA","NA","NA","NA","ok","NA","fob"
"220-395","R220->395",220,395,"220->395",1950,"Iceland","GPH","France","GPH",71428.57,"220","NA","NA","NA","NA","NA","ok","NA","fob"
"220-395","220<-R395",395,220,"395->220",1950,"France","GPH","Iceland","GPH",35714.285,"395","NA","NA","NA","NA","NA","ok","NA","fob"
"220-40","R220->40",220,40,"220->40",1950,"Cuba","GPH","France","GPH",1392857.1,"220","NA","NA","NA","NA","NA","ok","NA","fob"
"220-40","220<-R40",40,220,"40->220",1950,"France","GPH","Cuba","GPH",3035714.3,"40","NA","NA","NA","NA","NA","ok","NA","fob"
"220-41","R220->41",220,41,"220->41",1950,"Haiti","GPH","France","GPH",250000,"220","NA","NA","NA","NA","NA","ok","NA","fob"
"220-41","220<-R41",41,220,"",1950,"","","","",0,"","","","","","","imputed zero","","fob"
"220-42","220<-R42",42,220,"",1950,"","","","",0,"","","","","","","imputed zero","","fob"
"220-42","R220->42",220,42,"220->42",1950,"Dominican Republic (Santo Domingo)","GPH","France","GPH",214285.72,"220","NA","NA","NA","NA","NA","ok","NA","fob"
"220-452","R220->452",220,452,"",1950,"","","","",0,"","","","","","","imputed zero","","fob"
"220-452","220<-R452",452,220,"452->220",1950,"France","GPH","Ghana (Gold Coast)","GPH",178571.42,"452","NA","NA","NA","NA","NA","ok","NA","fob"
"220-471","220<-R471",471,220,"471->220",1950,"France","GPH","Cameroun (French Cameroon)","GPH",9678571,"471","NA","NA","NA","NA","NA","ok","NA","fob"
"220-471","R220->471",220,471,"220->471",1950,"Cameroun (French Cameroon)","GPH","France","GPH",13392857,"220","NA","NA","NA","NA","NA","ok","NA","fob"
"220-475","220<-R475",475,220,"475->220",1950,"France","GPH","Nigeria","GPH",321428.56,"475","NA","NA","NA","NA","NA","ok","NA","fob"
"220-475","R220->475",220,475,"",1950,"","","","",0,"","","","","","","imputed zero","","fob"
"220-490","R220->490",220,490,"220->490",1950,"Democratic Republic of the Congo (Zaire) (Kinshasa) (Belgian Congo) (Congo Free State)","GPH","France","GPH",964285.69,"220","NA","NA","NA","NA","NA","ok","NA","fob"
"220-490","220<-R490",490,220,"490->220",1950,"France","GPH","Democratic Republic of the Congo (Zaire) (Kinshasa) (Belgian Congo) (Congo Free State)","GPH",2107142.8,"490","NA","NA","NA","NA","NA","ok","NA","fob"
"220-500","R220->500",220,500,"",1950,"","","","",0,"","","","","","","imputed zero","","fob"
"220-500","220<-R500",500,220,"500->220",1950,"France","GPH","Uganda","GPH",71428.57,"500","NA","NA","NA","NA","NA","ok","NA","fob"
"220-501","R220->501",220,501,"",1950,"","","","",0,"","","","","","","imputed zero","","fob"
"220-501","220<-R501",501,220,"501->220",1950,"France","GPH","Kenya (British East Africa Protectorate)","GPH",107142.86,"501","NA","NA","NA","NA","NA","ok","NA","fob"
"220-51","R220->51",220,51,"",1950,"","","","",0,"","","","","","","imputed zero","","fob"
"220-51","220<-R51",51,220,"",1950,"","","","",0,"","","","","","","imputed zero","","fob"
"220-512","220<-R512",512,220,"512->220",1950,"France","GPH","Tanzania (Tanganyika)","GPH",214285.72,"512","NA","NA","NA","NA","NA","ok","NA","fob"
"220-512","R220->512",220,512,"",1950,"","","","",0,"","","","","","","imputed zero","","fob"
"220-52","220<-R52",52,220,"52->220",1950,"France","GPH","Trinidad and Tobago","GPH",35714.285,"52","NA","NA","NA","NA","NA","ok","NA","fob"
"220-52","R220->52",220,52,"",1950,"","","","",0,"","","","","","","imputed zero","","fob"
"220-522","R220->522",220,522,"220->522",1950,"Djibouti (Afar and Issas) (French Somaliland)","GPH","France","GPH",750000,"220","NA","NA","NA","NA","NA","ok","NA","fob"
"220-522","220<-R522",522,220,"",1950,"","","","",,"","","","","","","not reported","","fob"
"220-530","R220->530",220,530,"220->530",1950,"Ethiopia (Abyssinia)","GPH","France","GPH",142857.14,"220","NA","NA","NA","NA","NA","ok","NA","fob"
"220-530","220<-R530",530,220,"530->220",1950,"France","GPH","Ethiopia (Abyssinia)","GPH",107142.86,"530","NA","NA","NA","NA","NA","ok","NA","fob"
"220-540","R220->540",220,540,"",1950,"","","","",0,"","","","","","","imputed zero","","fob"
"220-540","220<-R540",540,220,"540->220",1950,"France","GPH","Angola","GPH",1571428.6,"540","NA","NA","NA","NA","NA","ok","NA","fob"
"220-541","R220->541",220,541,"",1950,"","","","",0,"","","","","","","imputed zero","","fob"
"220-541","220<-R541",541,220,"541->220",1950,"France","GPH","Mozambique (Portuguese East Africa)","GPH",857142.88,"541","NA","NA","NA","NA","NA","ok","NA","fob"
"220-551","R220->551",220,551,"",1950,"","","","",0,"","","","","","","imputed zero","","fob"
"220-551","220<-R551",551,220,"",1950,"","","","",0,"","","","","","","imputed zero","","fob"
"220-552","R220->552",220,552,"",1950,"","","","",0,"","","","","","","imputed zero","","fob"
"220-552","220<-R552",552,220,"552->220",1950,"France","GPH","Zimbabwe (Rhodesia) (Southern Rhodesia)","GPH",285714.28,"552","NA","NA","NA","NA","NA","ok","NA","fob"
"220-560","220<-R560",560,220,"",1950,"","","","",,"","","","","","","not reported","","fob"
"220-560","R220->560",220,560,"220->560",1950,"South Africa","GPH","France","GPH",5250000,"220","NA","NA","NA","NA","NA","ok","NA","fob"
"220-580","R220->580",220,580,"220->580",1950,"Madagascar (Malagasy Republic)","GPH","France","GPH",18785714,"220","NA","NA","NA","NA","NA","ok","NA","fob"
"220-580","220<-R580",580,220,"580->220",1950,"France","GPH","Madagascar (Malagasy Republic)","GPH",19035714,"580","NA","NA","NA","NA","NA","ok","NA","fob"
"220-600","R220->600",220,600,"220->600",1950,"Morocco","GPH","France","GPH",63500000,"220","NA","NA","NA","NA","NA","ok","NA","fob"
"220-600","220<-R600",600,220,"600->220",1950,"France","GPH","Morocco","GPH",24750000,"600","NA","NA","NA","NA","NA","ok","NA","fob"
"220-615","220<-R615",615,220,"615->220",1950,"France","GPH","Algeria (Regency of Algiers)","GPH",86857144,"615","NA","NA","NA","NA","NA","ok","NA","fob"
"220-615","R220->615",220,615,"220->615",1950,"Algeria (Regency of Algiers)","GPH","France","GPH",124285712,"220","NA","NA","NA","NA","NA","ok","NA","fob"
"220-616","R220->616",220,616,"220->616",1950,"Tunisia (Regency of Tunis)","GPH","France","GPH",37392856,"220","NA","NA","NA","NA","NA","ok","NA","fob"
"220-616","220<-R616",616,220,"616->220",1950,"France","GPH","Tunisia (Regency of Tunis)","GPH",18750000,"616","NA","NA","NA","NA","NA","ok","NA","fob"
"220-625","220<-R625",625,220,"625->220",1950,"France","GPH","Sudan (Anglo-Egyptian Sudan) (Mahdist State)","GPH",392857.16,"625","NA","NA","NA","NA","NA","ok","NA","fob"
"220-625","R220->625",220,625,"220->625",1950,"Sudan (Anglo-Egyptian Sudan) (Mahdist State)","GPH","France","GPH",214285.72,"220","NA","NA","NA","NA","NA","ok","NA","fob"
"220-630","220<-R630",630,220,"",1950,"","","","",,"","","","","","","not reported","","fob"
"220-630","R220->630",220,630,"220->630",1950,"Iran (Persia)","GPH","France","GPH",2035714.3,"220","NA","NA","NA","NA","NA","ok","NA","fob"
"220-640","220<-R640",640,220,"640->220",1950,"France","GPH","Turkey (Ottoman Empire)","GPH",4035714.3,"640","NA","NA","NA","NA","NA","ok","NA","fob"
"220-640","R220->640",220,640,"220->640",1950,"Turkey (Ottoman Empire)","GPH","France","GPH",5571428.5,"220","NA","NA","NA","NA","NA","ok","NA","fob"
"220-645","R220->645",220,645,"220->645",1950,"Iraq (Mesopotamia)","GPH","France","GPH",428571.44,"220","NA","NA","NA","NA","NA","ok","NA","fob"
"220-645","220<-R645",645,220,"645->220",1950,"France","GPH","Iraq (Mesopotamia)","GPH",14607143,"645","NA","NA","NA","NA","NA","ok","NA","fob"
"220-651","R220->651",220,651,"220->651",1950,"Egypt Arab Republic (Egypt)","GPH","France","GPH",19750000,"220","NA","NA","NA","NA","NA","ok","NA","fob"
"220-651","220<-R651",651,220,"651->220",1950,"France","GPH","Egypt Arab Republic (Egypt)","GPH",15071429,"651","NA","NA","NA","NA","NA","ok","NA","fob"
"220-652","R220->652",220,652,"220->652",1950,"Syria","GPH","France","GPH",5750000,"220","NA","NA","NA","NA","NA","ok","NA","fob"
"220-652","220<-R652",652,220,"652->220",1950,"France","GPH","Syria","GPH",5035714.5,"652","NA","NA","NA","NA","NA","ok","NA","fob"
"220-660","R220->660",220,660,"220->660",1950,"Lebanon","GPH","France","GPH",6214285.5,"220","NA","NA","NA","NA","NA","ok","NA","fob"
"220-660","220<-R660",660,220,"660->220",1950,"France","GPH","Lebanon","GPH",2285714.3,"660","NA","NA","NA","NA","NA","ok","NA","fob"
"220-666","220<-R666",666,220,"666->220",1950,"France","GPH","Israel","GPH",35714.285,"666","NA","NA","NA","NA","NA","ok","NA","fob"
"220-666","R220->666",220,666,"220->666",1950,"Israel","GPH","France","GPH",3214285.8,"220","NA","NA","NA","NA","NA","ok","NA","fob"
"220-670","R220->670",220,670,"220->670",1950,"Saudi Arabia (Emirate of Nejd) (Emirate of Diriyah)","GPH","France","GPH",428571.44,"220","NA","NA","NA","NA","NA","ok","NA","fob"
"220-670","220<-R670",670,220,"",1950,"","","","",,"","","","","","","not reported","","fob"
"220-68","R220->68",220,68,"220->68",1950,"Netherlands Antilles","GPH","France","GPH",392857.16,"220","NA","NA","NA","NA","NA","ok","NA","fob"
"220-68","220<-R68",68,220,"",1950,"","","","",,"","","","","","","not reported","","fob"
"220-70","R220->70",220,70,"220->70",1950,"Mexico","GPH","France","GPH",3000000,"220","NA","NA","NA","NA","NA","ok","NA","fob"
"220-70","220<-R70",70,220,"70->220",1950,"France","GPH","Mexico","GPH",1035714.3,"70","NA","NA","NA","NA","NA","ok","NA","fob"
"220-710","R220->710",220,710,"220->710",1950,"People's Republic of China (China)","GPH","France","GPH",1107142.9,"220","NA","NA","NA","NA","NA","ok","NA","fob"
"220-710","220<-R710",710,220,"",1950,"","","","",,"","","","","","","not reported","","fob"
"220-713","R220->713",220,713,"",1950,"","","","",0,"","","","","","","imputed zero","","fob"
"220-713","220<-R713",713,220,"",1950,"","","","",,"","","","","","","not reported","","fob"
"220-720","R220->720",220,720,"220->720",1950,"Hong Kong","GPH","France","GPH",2750000,"220","NA","NA","NA","NA","NA","ok","NA","fob"
"220-720","220<-R720",720,220,"720->220",1950,"France","GPH","Hong Kong","GPH",750000,"720","NA","NA","NA","NA","NA","ok","NA","fob"
"220-732","220<-R732",732,220,"",1950,"","","","",,"","","","","","","not reported","","fob"
"220-732","R220->732",220,732,"",1950,"","","","",0,"","","","","","","imputed zero","","fob"
"220-740","220<-R740",740,220,"740->220",1950,"France","GPH","Japan","GPH",3571428.5,"740","NA","NA","NA","NA","NA","ok","NA","fob"
"220-740","R220->740",220,740,"220->740",1950,"Japan","GPH","France","GPH",1571428.6,"220","NA","NA","NA","NA","NA","ok","NA","fob"
"220-750","R220->750",220,750,"220->750",1950,"India","GPH","France","GPH",6428571.5,"220","NA","NA","NA","NA","NA","ok","NA","fob"
"220-750","220<-R750",750,220,"750->220",1950,"France","GPH","India","GPH",3857142.8,"750","NA","NA","NA","NA","NA","ok","NA","fob"
"220-770","220<-R770",770,220,"",1950,"","","","",0,"","","","","","","imputed zero","","fob"
"220-770","R220->770",220,770,"220->770",1950,"Pakistan","GPH","France","GPH",2500000,"220","NA","NA","NA","NA","NA","ok","NA","fob"
"220-775","R220->775",220,775,"220->775",1950,"Myanmar (Burma)","GPH","France","GPH",71428.57,"220","NA","NA","NA","NA","NA","ok","NA","fob"
"220-775","220<-R775",775,220,"",1950,"","","","",0,"","","","","","","imputed zero","","fob"
"220-780","R220->780",220,780,"220->780",1950,"Sri Lanka (Ceylon)","GPH","France","GPH",392857.16,"220","NA","NA","NA","NA","NA","ok","NA","fob"
"220-780","220<-R780",780,220,"780->220",1950,"France","GPH","Sri Lanka (Ceylon)","GPH",1500000,"780","NA","NA","NA","NA","NA","ok","NA","fob"
"220-800","220<-R800",800,220,"",1950,"","","","",,"","","","","","","not reported","","fob"
"220-800","R220->800",220,800,"220->800",1950,"Thailand (Siam)","GPH","France","GPH",821428.56,"220","NA","NA","NA","NA","NA","ok","NA","fob"
"220-840","R220->840",220,840,"220->840",1950,"Philippines","GPH","France","GPH",357142.84,"220","NA","NA","NA","NA","NA","ok","NA","fob"
"220-840","220<-R840",840,220,"840->220",1950,"France","GPH","Philippines","GPH",785714.31,"840","NA","NA","NA","NA","NA","ok","NA","fob"
"220-850","220<-R850",850,220,"850->220",1950,"France","GPH","Indonesia (Dutch East Indies)","GPH",2357142.8,"850","NA","NA","NA","NA","NA","ok","NA","fob"
"220-850","R220->850",220,850,"220->850",1950,"Indonesia (Dutch East Indies)","GPH","France","GPH",1642857.1,"220","NA","NA","NA","NA","NA","ok","NA","fob"
"220-90","R220->90",220,90,"220->90",1950,"Guatemala","GPH","France","GPH",178571.42,"220","NA","NA","NA","NA","NA","ok","NA","fob"
"220-90","220<-R90",90,220,"90->220",1950,"France","GPH","Guatemala","GPH",71428.57,"90","NA","NA","NA","NA","NA","ok","NA","fob"
"220-900","220<-R900",900,220,"900->220",1950,"France","GPH","Australia","GPH",48964284,"900","NA","NA","NA","NA","NA","ok","NA","fob"
"220-900","R220->900",220,900,"220->900",1950,"Australia","GPH","France","GPH",10357143,"220","NA","NA","NA","NA","NA","ok","NA","fob"
"220-91","R220->91",220,91,"220->91",1950,"Honduras","GPH","France","GPH",35714.285,"220","NA","NA","NA","NA","NA","ok","NA","fob"
"220-91","220<-R91",91,220,"",1950,"","","","",0,"","","","","","","imputed zero","","fob"
"220-92","220<-R92",92,220,"",1950,"","","","",0,"","","","","","","imputed zero","","fob"
"220-92","R220->92",220,92,"220->92",1950,"El Salvador","GPH","France","GPH",178571.42,"220","NA","NA","NA","NA","NA","ok","NA","fob"
"220-920","R220->920",220,920,"220->920",1950,"New Zealand","GPH","France","GPH",1035714.3,"220","NA","NA","NA","NA","NA","ok","NA","fob"
"220-920","220<-R920",920,220,"920->220",1950,"France","GPH","New Zealand","GPH",8071428.5,"920","NA","NA","NA","NA","NA","ok","NA","fob"
"220-93","220<-R93",93,220,"",1950,"","","","",0,"","","","","","","imputed zero","","fob"
"220-93","R220->93",220,93,"220->93",1950,"Nicaragua","GPH","France","GPH",71428.57,"220","NA","NA","NA","NA","NA","ok","NA","fob"
"220-94","R220->94",220,94,"220->94",1950,"Costa Rica","GPH","France","GPH",107142.86,"220","NA","NA","NA","NA","NA","ok","NA","fob"
"220-94","220<-R94",94,220,"",1950,"","","","",0,"","","","","","","imputed zero","","fob"
"220-95","R220->95",220,95,"220->95",1950,"Panama","GPH","France","GPH",214285.72,"220","NA","NA","NA","NA","NA","ok","NA","fob"
"220-95","220<-R95",95,220,"",1950,"","","","",0,"","","","","","","imputed zero","","fob"
"220-960","R220->960",220,960,"220->960",1950,"French Polynesia","GPH","France","GPH",1714285.8,"220","NA","NA","NA","NA","NA","ok","NA","fob"
"220-960","220<-R960",960,220,"",1950,"","","","",,"","","","","","","not reported","","fob"
"225-230","225<-R230",230,225,"230->225",1950,"Switzerland","GPH","Spain","GPH",2857142.8,"230","NA","NA","NA","NA","NA","ok","NA","fob"
"225-230","R225->230",225,230,"225->230",1950,"Spain","GPH","Switzerland","GPH",4678571.5,"225","NA","NA","NA","NA","NA","ok","NA","fob"
"225-235","R225->235",225,235,"225->235",1950,"Portugal","GPH","Switzerland","GPH",3642857.3,"225","NA","NA","NA","NA","NA","ok","NA","fob"
"225-235","225<-R235",235,225,"235->225",1950,"Switzerland","GPH","Portugal","GPH",1535714.3,"235","NA","NA","NA","NA","NA","ok","NA","fob"
"225-255","R225->255",225,255,"225->255",1950,"Germany (Zollverein)","GPH","Switzerland","GPH",29857142,"225","NA","NA","NA","NA","NA","ok","NA","fob"
"225-255","225<-R255",255,225,"255->225",1950,"Switzerland","GPH","Germany (Zollverein)","GPH",41428572,"255","NA","NA","NA","NA","NA","ok","NA","fob"
"225-290","R225->290",225,290,"225->290",1950,"Poland","GPH","Switzerland","GPH",4035714.3,"225","NA","NA","NA","NA","NA","ok","NA","fob"
"225-290","225<-R290",290,225,"",1950,"","","","",,"","","","","","","not reported","","fob"
"225-305","R225->305",225,305,"225->305",1950,"Austria","GPH","Switzerland","GPH",6785714.5,"225","NA","NA","NA","NA","NA","ok","NA","fob"
"225-305","225<-R305",305,225,"305->225",1950,"Switzerland","GPH","Austria","GPH",5678571.5,"305","NA","NA","NA","NA","NA","ok","NA","fob"
"225-310","225<-R310",310,225,"",1950,"","","","",,"","","","","","","not reported","","fob"
"225-310","R225->310",225,310,"225->310",1950,"Hungary","GPH","Switzerland","GPH",4035714.3,"225","NA","NA","NA","NA","NA","ok","NA","fob"
"225-315","225<-R315",315,225,"",1950,"","","","",,"","","","","","","not reported","","fob"
"225-315","R225->315",225,315,"225->315",1950,"Czechoslovakia","GPH","Switzerland","GPH",8428571,"225","NA","NA","NA","NA","NA","ok","NA","fob"
"225-325","R225->325",225,325,"225->325",1950,"Italy","GPH","Switzerland","GPH",42464284,"225","NA","NA","NA","NA","NA","ok","NA","fob"
"225-325","225<-R325",325,225,"325->225",1950,"Switzerland","GPH","Italy","GPH",26571428,"325","NA","NA","NA","NA","NA","ok","NA","fob"
"225-345","225<-R345",345,225,"",1950,"","","","",,"","","","","","","not reported","","fob"
"225-345","R225->345",225,345,"225->345",1950,"Yugoslavia (Kingdom of Serbs, Croats and Slovenes)","GPH","Switzerland","GPH",2250000,"225","NA","NA","NA","NA","NA","ok","NA","fob"
"225-350","R225->350",225,350,"225->350",1950,"Greece","GPH","Switzerland","GPH",678571.44,"225","NA","NA","NA","NA","NA","ok","NA","fob"
"225-350","225<-R350",350,225,"350->225",1950,"Switzerland","GPH","Greece","GPH",821428.56,"350","NA","NA","NA","NA","NA","ok","NA","fob"
"225-352","225<-R352",352,225,"",1950,"","","","",0,"","","","","","","imputed zero","","fob"
"225-352","R225->352",225,352,"225->352",1950,"Cyprus","GPH","Switzerland","GPH",35714.285,"225","NA","NA","NA","NA","NA","ok","NA","fob"
"225-355","R225->355",225,355,"225->355",1950,"Bulgaria","GPH","Switzerland","GPH",571428.56,"225","NA","NA","NA","NA","NA","ok","NA","fob"
"225-355","225<-R355",355,225,"",1950,"","","","",,"","","","","","","not reported","","fob"
"225-360","R225->360",225,360,"225->360",1950,"Romania","GPH","Switzerland","GPH",1821428.6,"225","NA","NA","NA","NA","NA","ok","NA","fob"
"225-360","225<-R360",360,225,"",1950,"","","","",,"","","","","","","not reported","","fob"
"225-365","R225->365",225,365,"225->365",1950,"Russia (USSR)","GPH","Switzerland","GPH",1392857.1,"225","NA","NA","NA","NA","NA","ok","NA","fob"
"225-365","225<-R365",365,225,"",1950,"","","","",,"","","","","","","not reported","","fob"
"225-375","R225->375",225,375,"225->375",1950,"Finland","GPH","Switzerland","GPH",1035714.3,"225","NA","NA","NA","NA","NA","ok","NA","fob"
"225-375","225<-R375",375,225,"375->225",1950,"Switzerland","GPH","Finland","GPH",607142.88,"375","NA","NA","NA","NA","NA","ok","NA","fob"
"225-380","R225->380",225,380,"225->380",1950,"Sweden","GPH","Switzerland","GPH",5678571.5,"225","NA","NA","NA","NA","NA","ok","NA","fob"
"225-380","225<-R380",380,225,"380->225",1950,"Switzerland","GPH","Sweden","GPH",5535714.5,"380","NA","NA","NA","NA","NA","ok","NA","fob"
"225-385","225<-R385",385,225,"385->225",1950,"Switzerland","GPH","Norway","GPH",1321428.6,"385","NA","NA","NA","NA","NA","ok","NA","fob"
"225-385","R225->385",225,385,"225->385",1950,"Norway","GPH","Switzerland","GPH",1892857.1,"225","NA","NA","NA","NA","NA","ok","NA","fob"
"225-390","R225->390",225,390,"225->390",1950,"Denmark","GPH","Switzerland","GPH",4500000,"225","NA","NA","NA","NA","NA","ok","NA","fob"
"225-390","225<-R390",390,225,"390->225",1950,"Switzerland","GPH","Denmark","GPH",5464285.5,"390","NA","NA","NA","NA","NA","ok","NA","fob"
"225-395","R225->395",225,395,"225->395",1950,"Iceland","GPH","Switzerland","GPH",71428.57,"225","NA","NA","NA","NA","NA","ok","NA","fob"
"225-395","225<-R395",395,225,"",1950,"","","","",0,"","","","","","","imputed zero","","fob"
"225-40","R225->40",225,40,"225->40",1950,"Cuba","GPH","Switzerland","GPH",1785714.3,"225","NA","NA","NA","NA","NA","ok","NA","fob"
"225-40","225<-R40",40,225,"40->225",1950,"Switzerland","GPH","Cuba","GPH",4250000,"40","NA","NA","NA","NA","NA","ok","NA","fob"
"225-41","R225->41",225,41,"225->41",1950,"Haiti","GPH","Switzerland","GPH",71428.57,"225","NA","NA","NA","NA","NA","ok","NA","fob"
"225-41","225<-R41",41,225,"41->225",1950,"Switzerland","GPH","Haiti","GPH",107142.86,"41","NA","NA","NA","NA","NA","ok","NA","fob"
"225-42","225<-R42",42,225,"42->225",1950,"Switzerland","GPH","Dominican Republic (Santo Domingo)","GPH",71428.57,"42","NA","NA","NA","NA","NA","ok","NA","fob"
"225-42","R225->42",225,42,"225->42",1950,"Dominican Republic (Santo Domingo)","GPH","Switzerland","GPH",71428.57,"225","NA","NA","NA","NA","NA","ok","NA","fob"
"225-452","R225->452",225,452,"",1950,"","","","",0,"","","","","","","imputed zero","","fob"
"225-452","225<-R452",452,225,"",1950,"","","","",0,"","","","","","","imputed zero","","fob"
"225-471","R225->471",225,471,"",1950,"","","","",0,"","","","","","","imputed zero","","fob"
"225-471","225<-R471",471,225,"",1950,"","","","",0,"","","","","","","imputed zero","","fob"
"225-475","225<-R475",475,225,"",1950,"","","","",0,"","","","","","","imputed zero","","fob"
"225-475","R225->475",225,475,"225->475",1950,"Nigeria","GPH","Switzerland","GPH",107142.86,"225","NA","NA","NA","NA","NA","ok","NA","fob"
"225-490","R225->490",225,490,"225->490",1950,"Democratic Republic of the Congo (Zaire) (Kinshasa) (Belgian Congo) (Congo Free State)","GPH","Switzerland","GPH",1178571.4,"225","NA","NA","NA","NA","NA","ok","NA","fob"
"225-490","225<-R490",490,225,"490->225",1950,"Switzerland","GPH","Democratic Republic of the Congo (Zaire) (Kinshasa) (Belgian Congo) (Congo Free State)","GPH",35714.285,"490","NA","NA","NA","NA","NA","ok","NA","fob"
"225-500","225<-R500",500,225,"",1950,"","","","",0,"","","","","","","imputed zero","","fob"
"225-500","R225->500",225,500,"",1950,"","","","",0,"","","","","","","imputed zero","","fob"
"225-501","225<-R501",501,225,"",1950,"","","","",0,"","","","","","","imputed zero","","fob"
"225-501","R225->501",225,501,"",1950,"","","","",0,"","","","","","","imputed zero","","fob"
"225-51","225<-R51",51,225,"",1950,"","","","",0,"","","","","","","imputed zero","","fob"
"225-51","R225->51",225,51,"",1950,"","","","",0,"","","","","","","imputed zero","","fob"
"225-512","R225->512",225,512,"",1950,"","","","",0,"","","","","","","imputed zero","","fob"
"225-512","225<-R512",512,225,"512->225",1950,"Switzerland","GPH","Tanzania (Tanganyika)","GPH",71428.57,"512","NA","NA","NA","NA","NA","ok","NA","fob"
"225-52","R225->52",225,52,"",1950,"","","","",0,"","","","","","","imputed zero","","fob"
"225-52","225<-R52",52,225,"52->225",1950,"Switzerland","GPH","Trinidad and Tobago","GPH",35714.285,"52","NA","NA","NA","NA","NA","ok","NA","fob"
"225-522","R225->522",225,522,"",1950,"","","","",0,"","","","","","","imputed zero","","fob"
"225-522","225<-R522",522,225,"",1950,"","","","",,"","","","","","","not reported","","fob"
"225-530","225<-R530",530,225,"530->225",1950,"Switzerland","GPH","Ethiopia (Abyssinia)","GPH",35714.285,"530","NA","NA","NA","NA","NA","ok","NA","fob"
"225-530","R225->530",225,530,"225->530",1950,"Ethiopia (Abyssinia)","GPH","Switzerland","GPH",35714.285,"225","NA","NA","NA","NA","NA","ok","NA","fob"
"225-540","R225->540",225,540,"225->540",1950,"Angola","GPH","Switzerland","GPH",142857.14,"225","NA","NA","NA","NA","NA","ok","NA","fob"
"225-540","225<-R540",540,225,"540->225",1950,"Switzerland","GPH","Angola","GPH",285714.28,"540","NA","NA","NA","NA","NA","ok","NA","fob"
"225-541","R225->541",225,541,"225->541",1950,"Mozambique (Portuguese East Africa)","GPH","Switzerland","GPH",250000,"225","NA","NA","NA","NA","NA","ok","NA","fob"
"225-541","225<-R541",541,225,"541->225",1950,"Switzerland","GPH","Mozambique (Portuguese East Africa)","GPH",142857.14,"541","NA","NA","NA","NA","NA","ok","NA","fob"
"225-551","R225->551",225,551,"",1950,"","","","",0,"","","","","","","imputed zero","","fob"
"225-551","225<-R551",551,225,"",1950,"","","","",0,"","","","","","","imputed zero","","fob"
"225-552","R225->552",225,552,"",1950,"","","","",0,"","","","","","","imputed zero","","fob"
"225-552","225<-R552",552,225,"552->225",1950,"Switzerland","GPH","Zimbabwe (Rhodesia) (Southern Rhodesia)","GPH",35714.285,"552","NA","NA","NA","NA","NA","ok","NA","fob"
"225-560","225<-R560",560,225,"",1950,"","","","",,"","","","","","","not reported","","fob"
"225-560","R225->560",225,560,"225->560",1950,"South Africa","GPH","Switzerland","GPH",928571.44,"225","NA","NA","NA","NA","NA","ok","NA","fob"
"225-580","225<-R580",580,225,"",1950,"","","","",0,"","","","","","","imputed zero","","fob"
"225-580","R225->580",225,580,"",1950,"","","","",0,"","","","","","","imputed zero","","fob"
"225-600","225<-R600",600,225,"600->225",1950,"Switzerland","GPH","Morocco","GPH",392857.16,"600","NA","NA","NA","NA","NA","ok","NA","fob"
"225-600","R225->600",225,600,"225->600",1950,"Morocco","GPH","Switzerland","GPH",571428.56,"225","NA","NA","NA","NA","NA","ok","NA","fob"
"225-615","225<-R615",615,225,"615->225",1950,"Switzerland","GPH","Algeria (Regency of Algiers)","GPH",535714.31,"615","NA","NA","NA","NA","NA","ok","NA","fob"
"225-615","R225->615",225,615,"225->615",1950,"Algeria (Regency of Algiers)","GPH","Switzerland","GPH",857142.88,"225","NA","NA","NA","NA","NA","ok","NA","fob"
"225-616","225<-R616",616,225,"616->225",1950,"Switzerland","GPH","Tunisia (Regency of Tunis)","GPH",214285.72,"616","NA","NA","NA","NA","NA","ok","NA","fob"
"225-616","R225->616",225,616,"225->616",1950,"Tunisia (Regency of Tunis)","GPH","Switzerland","GPH",142857.14,"225","NA","NA","NA","NA","NA","ok","NA","fob"
"225-625","R225->625",225,625,"",1950,"","","","",0,"","","","","","","imputed zero","","fob"
"225-625","225<-R625",625,225,"625->225",1950,"Switzerland","GPH","Sudan (Anglo-Egyptian Sudan) (Mahdist State)","GPH",428571.44,"625","NA","NA","NA","NA","NA","ok","NA","fob"
"225-630","R225->630",225,630,"225->630",1950,"Iran (Persia)","GPH","Switzerland","GPH",1178571.4,"225","NA","NA","NA","NA","NA","ok","NA","fob"
"225-630","225<-R630",630,225,"",1950,"","","","",,"","","","","","","not reported","","fob"
"225-640","R225->640",225,640,"225->640",1950,"Turkey (Ottoman Empire)","GPH","Switzerland","GPH",1785714.3,"225","NA","NA","NA","NA","NA","ok","NA","fob"
"225-640","225<-R640",640,225,"640->225",1950,"Switzerland","GPH","Turkey (Ottoman Empire)","GPH",1000000,"640","NA","NA","NA","NA","NA","ok","NA","fob"
"225-645","225<-R645",645,225,"",1950,"","","","",0,"","","","","","","imputed zero","","fob"
"225-645","R225->645",225,645,"225->645",1950,"Iraq (Mesopotamia)","GPH","Switzerland","GPH",214285.72,"225","NA","NA","NA","NA","NA","ok","NA","fob"
"225-651","225<-R651",651,225,"651->225",1950,"Switzerland","GPH","Egypt Arab Republic (Egypt)","GPH",6535714.5,"651","NA","NA","NA","NA","NA","ok","NA","fob"
"225-651","R225->651",225,651,"225->651",1950,"Egypt Arab Republic (Egypt)","GPH","Switzerland","GPH",4107142.8,"225","NA","NA","NA","NA","NA","ok","NA","fob"
"225-652","R225->652",225,652,"225->652",1950,"Syria","GPH","Switzerland","GPH",821428.56,"225","NA","NA","NA","NA","NA","ok","NA","fob"
"225-652","225<-R652",652,225,"652->225",1950,"Switzerland","GPH","Syria","GPH",107142.86,"652","NA","NA","NA","NA","NA","ok","NA","fob"
"225-660","R225->660",225,660,"225->660",1950,"Lebanon","GPH","Switzerland","GPH",1000000,"225","NA","NA","NA","NA","NA","ok","NA","fob"
"225-660","225<-R660",660,225,"",1950,"","","","",0,"","","","","","","imputed zero","","fob"
"225-666","225<-R666",666,225,"666->225",1950,"Switzerland","GPH","Israel","GPH",357142.84,"666","NA","NA","NA","NA","NA","ok","NA","fob"
"225-666","R225->666",225,666,"225->666",1950,"Israel","GPH","Switzerland","GPH",2285714.3,"225","NA","NA","NA","NA","NA","ok","NA","fob"
"225-670","225<-R670",670,225,"",1950,"","","","",,"","","","","","","not reported","","fob"
"225-670","R225->670",225,670,"225->670",1950,"Saudi Arabia (Emirate of Nejd) (Emirate of Diriyah)","GPH","Switzerland","GPH",142857.14,"225","NA","NA","NA","NA","NA","ok","NA","fob"
"225-68","R225->68",225,68,"225->68",1950,"Netherlands Antilles","GPH","Switzerland","GPH",178571.42,"225","NA","NA","NA","NA","NA","ok","NA","fob"
"225-68","225<-R68",68,225,"",1950,"","","","",,"","","","","","","not reported","","fob"
"225-70","R225->70",225,70,"225->70",1950,"Mexico","GPH","Switzerland","GPH",2928571.5,"225","NA","NA","NA","NA","NA","ok","NA","fob"
"225-70","225<-R70",70,225,"70->225",1950,"Switzerland","GPH","Mexico","GPH",35714.285,"70","NA","NA","NA","NA","NA","ok","NA","fob"
"225-710","R225->710",225,710,"225->710",1950,"People's Republic of China (China)","GPH","Switzerland","GPH",6357143,"225","NA","NA","NA","NA","NA","ok","NA","fob"
"225-710","225<-R710",710,225,"",1950,"","","","",,"","","","","","","not reported","","fob"
"225-713","R225->713",225,713,"",1950,"","","","",0,"","","","","","","imputed zero","","fob"
"225-713","225<-R713",713,225,"",1950,"","","","",,"","","","","","","not reported","","fob"
"225-720","R225->720",225,720,"",1950,"","","","",0,"","","","","","","imputed zero","","fob"
"225-720","225<-R720",720,225,"720->225",1950,"Switzerland","GPH","Hong Kong","GPH",250000,"720","NA","NA","NA","NA","NA","ok","NA","fob"
"225-732","R225->732",225,732,"",1950,"","","","",0,"","","","","","","imputed zero","","fob"
"225-732","225<-R732",732,225,"",1950,"","","","",,"","","","","","","not reported","","fob"
"225-740","225<-R740",740,225,"740->225",1950,"Switzerland","GPH","Japan","GPH",2571428.5,"740","NA","NA","NA","NA","NA","ok","NA","fob"
"225-740","R225->740",225,740,"225->740",1950,"Japan","GPH","Switzerland","GPH",321428.56,"225","NA","NA","NA","NA","NA","ok","NA","fob"
"225-750","225<-R750",750,225,"750->225",1950,"Switzerland","GPH","India","GPH",1321428.6,"750","NA","NA","NA","NA","NA","ok","NA","fob"
"225-750","R225->750",225,750,"225->750",1950,"India","GPH","Switzerland","GPH",5464285.5,"225","NA","NA","NA","NA","NA","ok","NA","fob"
"225-770","R225->770",225,770,"225->770",1950,"Pakistan","GPH","Switzerland","GPH",464285.72,"225","NA","NA","NA","NA","NA","ok","NA","fob"
"225-770","225<-R770",770,225,"770->225",1950,"Switzerland","GPH","Pakistan","GPH",107142.86,"770","NA","NA","NA","NA","NA","ok","NA","fob"
"225-775","R225->775",225,775,"",1950,"","","","",0,"","","","","","","imputed zero","","fob"
"225-775","225<-R775",775,225,"",1950,"","","","",0,"","","","","","","imputed zero","","fob"
"225-780","R225->780",225,780,"225->780",1950,"Sri Lanka (Ceylon)","GPH","Switzerland","GPH",285714.28,"225","NA","NA","NA","NA","NA","ok","NA","fob"
"225-780","225<-R780",780,225,"780->225",1950,"Switzerland","GPH","Sri Lanka (Ceylon)","GPH",500000,"780","NA","NA","NA","NA","NA","ok","NA","fob"
"225-800","R225->800",225,800,"225->800",1950,"Thailand (Siam)","GPH","Switzerland","GPH",1321428.6,"225","NA","NA","NA","NA","NA","ok","NA","fob"
"225-800","225<-R800",800,225,"",1950,"","","","",,"","","","","","","not reported","","fob"
"225-840","225<-R840",840,225,"840->225",1950,"Switzerland","GPH","Philippines","GPH",1964285.8,"840","NA","NA","NA","NA","NA","ok","NA","fob"
"225-840","R225->840",225,840,"225->840",1950,"Philippines","GPH","Switzerland","GPH",392857.16,"225","NA","NA","NA","NA","NA","ok","NA","fob"
"225-850","225<-R850",850,225,"850->225",1950,"Switzerland","GPH","Indonesia (Dutch East Indies)","GPH",142857.14,"850","NA","NA","NA","NA","NA","ok","NA","fob"
"225-850","R225->850",225,850,"225->850",1950,"Indonesia (Dutch East Indies)","GPH","Switzerland","GPH",1035714.3,"225","NA","NA","NA","NA","NA","ok","NA","fob"
"225-90","225<-R90",90,225,"90->225",1950,"Switzerland","GPH","Guatemala","GPH",71428.57,"90","NA","NA","NA","NA","NA","ok","NA","fob"
"225-90","R225->90",225,90,"225->90",1950,"Guatemala","GPH","Switzerland","GPH",214285.72,"225","NA","NA","NA","NA","NA","ok","NA","fob"
"225-900","R225->900",225,900,"225->900",1950,"Australia","GPH","Switzerland","GPH",2857142.8,"225","NA","NA","NA","NA","NA","ok","NA","fob"
"225-900","225<-R900",900,225,"900->225",1950,"Switzerland","GPH","Australia","GPH",1714285.8,"900","NA","NA","NA","NA","NA","ok","NA","fob"
"225-91","R225->91",225,91,"225->91",1950,"Honduras","GPH","Switzerland","GPH",35714.285,"225","NA","NA","NA","NA","NA","ok","NA","fob"
"225-91","225<-R91",91,225,"",1950,"","","","",0,"","","","","","","imputed zero","","fob"
"225-92","R225->92",225,92,"225->92",1950,"El Salvador","GPH","Switzerland","GPH",214285.72,"225","NA","NA","NA","NA","NA","ok","NA","fob"
"225-92","225<-R92",92,225,"92->225",1950,"Switzerland","GPH","El Salvador","GPH",71428.57,"92","NA","NA","NA","NA","NA","ok","NA","fob"
"225-920","225<-R920",920,225,"920->225",1950,"Switzerland","GPH","New Zealand","GPH",71428.57,"920","NA","NA","NA","NA","NA","ok","NA","fob"
"225-920","R225->920",225,920,"225->920",1950,"New Zealand","GPH","Switzerland","GPH",357142.84,"225","NA","NA","NA","NA","NA","ok","NA","fob"
"225-93","R225->93",225,93,"225->93",1950,"Nicaragua","GPH","Switzerland","GPH",535714.31,"225","NA","NA","NA","NA","NA","ok","NA","fob"
"225-93","225<-R93",93,225,"",1950,"","","","",0,"","","","","","","imputed zero","","fob"
"225-94","R225->94",225,94,"225->94",1950,"Costa Rica","GPH","Switzerland","GPH",142857.14,"225","NA","NA","NA","NA","NA","ok","NA","fob"
"225-94","225<-R94",94,225,"94->225",1950,"Switzerland","GPH","Costa Rica","GPH",250000,"94","NA","NA","NA","NA","NA","ok","NA","fob"
"225-95","R225->95",225,95,"225->95",1950,"Panama","GPH","Switzerland","GPH",428571.44,"225","NA","NA","NA","NA","NA","ok","NA","fob"
"225-95","225<-R95",95,225,"",1950,"","","","",0,"","","","","","","imputed zero","","fob"
"225-960","R225->960",225,960,"",1950,"","","","",0,"","","","","","","imputed zero","","fob"
"225-960","225<-R960",960,225,"",1950,"","","","",,"","","","","","","not reported","","fob"
"230-235","230<-R235",235,230,"235->230",1950,"Spain","GPH","Portugal","GPH",1071428.6,"235","NA","NA","NA","NA","NA","ok","NA","fob"
"230-235","R230->235",230,235,"230->235",1950,"Portugal","GPH","Spain","GPH",964285.69,"230","NA","NA","NA","NA","NA","ok","NA","fob"
"230-255","R230->255",230,255,"230->255",1950,"Germany (Zollverein)","GPH","Spain","GPH",3178571.5,"230","NA","NA","NA","NA","NA","ok","NA","fob"
"230-255","230<-R255",255,230,"255->230",1950,"Spain","GPH","Germany (Zollverein)","GPH",6428571.5,"255","NA","NA","NA","NA","NA","ok","NA","fob"
"230-290","230<-R290",290,230,"",1950,"","","","",,"","","","","","","not reported","","fob"
"230-290","R230->290",230,290,"",1950,"","","","",0,"","","","","","","imputed zero","","fob"
"230-305","R230->305",230,305,"230->305",1950,"Austria","GPH","Spain","GPH",714285.69,"230","NA","NA","NA","NA","NA","ok","NA","fob"
"230-305","230<-R305",305,230,"305->230",1950,"Spain","GPH","Austria","GPH",1285714.3,"305","NA","NA","NA","NA","NA","ok","NA","fob"
"230-310","230<-R310",310,230,"",1950,"","","","",,"","","","","","","not reported","","fob"
"230-310","R230->310",230,310,"",1950,"","","","",0,"","","","","","","imputed zero","","fob"
"230-315","230<-R315",315,230,"",1950,"","","","",,"","","","","","","not reported","","fob"
"230-315","R230->315",230,315,"230->315",1950,"Czechoslovakia","GPH","Spain","GPH",35714.285,"230","NA","NA","NA","NA","NA","ok","NA","fob"
"230-325","R230->325",230,325,"230->325",1950,"Italy","GPH","Spain","GPH",1821428.6,"230","NA","NA","NA","NA","NA","ok","NA","fob"
"230-325","230<-R325",325,230,"325->230",1950,"Spain","GPH","Italy","GPH",1214285.8,"325","NA","NA","NA","NA","NA","ok","NA","fob"
"230-345","230<-R345",345,230,"",1950,"","","","",,"","","","","","","not reported","","fob"
"230-345","R230->345",230,345,"",1950,"","","","",0,"","","","","","","imputed zero","","fob"
"230-350","R230->350",230,350,"",1950,"","","","",0,"","","","","","","imputed zero","","fob"
"230-350","230<-R350",350,230,"",1950,"","","","",0,"","","","","","","imputed zero","","fob"
"230-352","230<-R352",352,230,"",1950,"","","","",0,"","","","","","","imputed zero","","fob"
"230-352","R230->352",230,352,"230->352",1950,"Cyprus","GPH","Spain","GPH",142857.14,"230","NA","NA","NA","NA","NA","ok","NA","fob"
"230-355","R230->355",230,355,"",1950,"","","","",0,"","","","","","","imputed zero","","fob"
"230-355","230<-R355",355,230,"",1950,"","","","",,"","","","","","","not reported","","fob"
"230-360","230<-R360",360,230,"",1950,"","","","",,"","","","","","","not reported","","fob"
"230-360","R230->360",230,360,"",1950,"","","","",0,"","","","","","","imputed zero","","fob"
"230-365","R230->365",230,365,"",1950,"","","","",0,"","","","","","","imputed zero","","fob"
"230-365","230<-R365",365,230,"",1950,"","","","",,"","","","","","","not reported","","fob"
"230-375","R230->375",230,375,"230->375",1950,"Finland","GPH","Spain","GPH",464285.72,"230","NA","NA","NA","NA","NA","ok","NA","fob"
"230-375","230<-R375",375,230,"375->230",1950,"Spain","GPH","Finland","GPH",214285.72,"375","NA","NA","NA","NA","NA","ok","NA","fob"
"230-380","230<-R380",380,230,"380->230",1950,"Spain","GPH","Sweden","GPH",3178571.5,"380","NA","NA","NA","NA","NA","ok","NA","fob"
"230-380","R230->380",230,380,"230->380",1950,"Sweden","GPH","Spain","GPH",3750000,"230","NA","NA","NA","NA","NA","ok","NA","fob"
"230-385","R230->385",230,385,"230->385",1950,"Norway","GPH","Spain","GPH",2428571.5,"230","NA","NA","NA","NA","NA","ok","NA","fob"
"230-385","230<-R385",385,230,"385->230",1950,"Spain","GPH","Norway","GPH",2714285.8,"385","NA","NA","NA","NA","NA","ok","NA","fob"
"230-390","230<-R390",390,230,"390->230",1950,"Spain","GPH","Denmark","GPH",1428571.4,"390","NA","NA","NA","NA","NA","ok","NA","fob"
"230-390","R230->390",230,390,"230->390",1950,"Denmark","GPH","Spain","GPH",4142857.3,"230","NA","NA","NA","NA","NA","ok","NA","fob"
"230-395","230<-R395",395,230,"395->230",1950,"Spain","GPH","Iceland","GPH",250000,"395","NA","NA","NA","NA","NA","ok","NA","fob"
"230-395","R230->395",230,395,"230->395",1950,"Iceland","GPH","Spain","GPH",285714.28,"230","NA","NA","NA","NA","NA","ok","NA","fob"
"230-40","R230->40",230,40,"230->40",1950,"Cuba","GPH","Spain","GPH",2714285.8,"230","NA","NA","NA","NA","NA","ok","NA","fob"
"230-40","230<-R40",40,230,"40->230",1950,"Spain","GPH","Cuba","GPH",1357142.9,"40","NA","NA","NA","NA","NA","ok","NA","fob"
"230-41","230<-R41",41,230,"",1950,"","","","",0,"","","","","","","imputed zero","","fob"
"230-41","R230->41",230,41,"",1950,"","","","",0,"","","","","","","imputed zero","","fob"
"230-42","230<-R42",42,230,"42->230",1950,"Spain","GPH","Dominican Republic (Santo Domingo)","GPH",642857.13,"42","NA","NA","NA","NA","NA","ok","NA","fob"
"230-42","R230->42",230,42,"230->42",1950,"Dominican Republic (Santo Domingo)","GPH","Spain","GPH",107142.86,"230","NA","NA","NA","NA","NA","ok","NA","fob"
"230-452","R230->452",230,452,"",1950,"","","","",0,"","","","","","","imputed zero","","fob"
"230-452","230<-R452",452,230,"",1950,"","","","",0,"","","","","","","imputed zero","","fob"
"230-471","R230->471",230,471,"",1950,"","","","",0,"","","","","","","imputed zero","","fob"
"230-471","230<-R471",471,230,"",1950,"","","","",0,"","","","","","","imputed zero","","fob"
"230-475","R230->475",230,475,"",1950,"","","","",0,"","","","","","","imputed zero","","fob"
"230-475","230<-R475",475,230,"",1950,"","","","",0,"","","","","","","imputed zero","","fob"
"230-490","R230->490",230,490,"",1950,"","","","",0,"","","","","","","imputed zero","","fob"
"230-490","230<-R490",490,230,"",1950,"","","","",0,"","","","","","","imputed zero","","fob"
"230-500","R230->500",230,500,"",1950,"","","","",0,"","","","","","","imputed zero","","fob"
"230-500","230<-R500",500,230,"",1950,"","","","",0,"","","","","","","imputed zero","","fob"
"230-501","230<-R501",501,230,"",1950,"","","","",0,"","","","","","","imputed zero","","fob"
"230-501","R230->501",230,501,"",1950,"","","","",0,"","","","","","","imputed zero","","fob"
"230-51","R230->51",230,51,"",1950,"","","","",0,"","","","","","","imputed zero","","fob"
"230-51","230<-R51",51,230,"",1950,"","","","",0,"","","","","","","imputed zero","","fob"
"230-512","230<-R512",512,230,"",1950,"","","","",0,"","","","","","","imputed zero","","fob"
"230-512","R230->512",230,512,"",1950,"","","","",0,"","","","","","","imputed zero","","fob"
"230-52","230<-R52",52,230,"52->230",1950,"Spain","GPH","Trinidad and Tobago","GPH",35714.285,"52","NA","NA","NA","NA","NA","ok","NA","fob"
"230-52","R230->52",230,52,"",1950,"","","","",0,"","","","","","","imputed zero","","fob"
"230-522","R230->522",230,522,"",1950,"","","","",0,"","","","","","","imputed zero","","fob"
"230-522","230<-R522",522,230,"",1950,"","","","",,"","","","","","","not reported","","fob"
"230-530","230<-R530",530,230,"",1950,"","","","",0,"","","","","","","imputed zero","","fob"
"230-530","R230->530",230,530,"",1950,"","","","",0,"","","","","","","imputed zero","","fob"
"230-540","R230->540",230,540,"",1950,"","","","",0,"","","","","","","imputed zero","","fob"
"230-540","230<-R540",540,230,"540->230",1950,"Spain","GPH","Angola","GPH",285714.28,"540","NA","NA","NA","NA","NA","ok","NA","fob"
"230-541","230<-R541",541,230,"",1950,"","","","",0,"","","","","","","imputed zero","","fob"
"230-541","R230->541",230,541,"",1950,"","","","",0,"","","","","","","imputed zero","","fob"
"230-551","230<-R551",551,230,"",1950,"","","","",0,"","","","","","","imputed zero","","fob"
"230-551","R230->551",230,551,"",1950,"","","","",0,"","","","","","","imputed zero","","fob"
"230-552","230<-R552",552,230,"",1950,"","","","",0,"","","","","","","imputed zero","","fob"
"230-552","R230->552",230,552,"",1950,"","","","",0,"","","","","","","imputed zero","","fob"
"230-560","230<-R560",560,230,"",1950,"","","","",,"","","","","","","not reported","","fob"
"230-560","R230->560",230,560,"230->560",1950,"South Africa","GPH","Spain","GPH",464285.72,"230","NA","NA","NA","NA","NA","ok","NA","fob"
"230-580","230<-R580",580,230,"",1950,"","","","",0,"","","","","","","imputed zero","","fob"
"230-580","R230->580",230,580,"",1950,"","","","",0,"","","","","","","imputed zero","","fob"
"230-600","R230->600",230,600,"230->600",1950,"Morocco","GPH","Spain","GPH",250000,"230","NA","NA","NA","NA","NA","ok","NA","fob"
"230-600","230<-R600",600,230,"600->230",1950,"Spain","GPH","Morocco","GPH",1250000,"600","NA","NA","NA","NA","NA","ok","NA","fob"
"230-615","R230->615",230,615,"230->615",1950,"Algeria (Regency of Algiers)","GPH","Spain","GPH",35714.285,"230","NA","NA","NA","NA","NA","ok","NA","fob"
"230-615","230<-R615",615,230,"615->230",1950,"Spain","GPH","Algeria (Regency of Algiers)","GPH",142857.14,"615","NA","NA","NA","NA","NA","ok","NA","fob"
"230-616","R230->616",230,616,"230->616",1950,"Tunisia (Regency of Tunis)","GPH","Spain","GPH",35714.285,"230","NA","NA","NA","NA","NA","ok","NA","fob"
"230-616","230<-R616",616,230,"616->230",1950,"Spain","GPH","Tunisia (Regency of Tunis)","GPH",464285.72,"616","NA","NA","NA","NA","NA","ok","NA","fob"
"230-625","230<-R625",625,230,"625->230",1950,"Spain","GPH","Sudan (Anglo-Egyptian Sudan) (Mahdist State)","GPH",142857.14,"625","NA","NA","NA","NA","NA","ok","NA","fob"
"230-625","R230->625",230,625,"",1950,"","","","",0,"","","","","","","imputed zero","","fob"
"230-630","R230->630",230,630,"230->630",1950,"Iran (Persia)","GPH","Spain","GPH",178571.42,"230","NA","NA","NA","NA","NA","ok","NA","fob"
"230-630","230<-R630",630,230,"",1950,"","","","",,"","","","","","","not reported","","fob"
"230-640","R230->640",230,640,"230->640",1950,"Turkey (Ottoman Empire)","GPH","Spain","GPH",535714.31,"230","NA","NA","NA","NA","NA","ok","NA","fob"
"230-640","230<-R640",640,230,"640->230",1950,"Spain","GPH","Turkey (Ottoman Empire)","GPH",607142.88,"640","NA","NA","NA","NA","NA","ok","NA","fob"
"230-645","230<-R645",645,230,"645->230",1950,"Spain","GPH","Iraq (Mesopotamia)","GPH",35714.285,"645","NA","NA","NA","NA","NA","ok","NA","fob"
"230-645","R230->645",230,645,"230->645",1950,"Iraq (Mesopotamia)","GPH","Spain","GPH",392857.16,"230","NA","NA","NA","NA","NA","ok","NA","fob"
"230-651","230<-R651",651,230,"651->230",1950,"Spain","GPH","Egypt Arab Republic (Egypt)","GPH",4714285.5,"651","NA","NA","NA","NA","NA","ok","NA","fob"
"230-651","R230->651",230,651,"230->651",1950,"Egypt Arab Republic (Egypt)","GPH","Spain","GPH",2071428.6,"230","NA","NA","NA","NA","NA","ok","NA","fob"
"230-652","R230->652",230,652,"230->652",1950,"Syria","GPH","Spain","GPH",1035714.3,"230","NA","NA","NA","NA","NA","ok","NA","fob"
"230-652","230<-R652",652,230,"652->230",1950,"Spain","GPH","Syria","GPH",178571.42,"652","NA","NA","NA","NA","NA","ok","NA","fob"
"230-660","R230->660",230,660,"",1950,"","","","",0,"","","","","","","imputed zero","","fob"
"230-660","230<-R660",660,230,"",1950,"","","","",0,"","","","","","","imputed zero","","fob"
"230-666","R230->666",230,666,"230->666",1950,"Israel","GPH","Spain","GPH",750000,"230","NA","NA","NA","NA","NA","ok","NA","fob"
"230-666","230<-R666",666,230,"",1950,"","","","",0,"","","","","","","imputed zero","","fob"
"230-670","230<-R670",670,230,"",1950,"","","","",,"","","","","","","not reported","","fob"
"230-670","R230->670",230,670,"",1950,"","","","",0,"","","","","","","imputed zero","","fob"
"230-68","230<-R68",68,230,"",1950,"","","","",,"","","","","","","not reported","","fob"
"230-68","R230->68",230,68,"",1950,"","","","",0,"","","","","","","imputed zero","","fob"
"230-70","230<-R70",70,230,"70->230",1950,"Spain","GPH","Mexico","GPH",107142.86,"70","NA","NA","NA","NA","NA","ok","NA","fob"
"230-70","R230->70",230,70,"230->70",1950,"Mexico","GPH","Spain","GPH",714285.69,"230","NA","NA","NA","NA","NA","ok","NA","fob"
"230-710","R230->710",230,710,"",1950,"","","","",0,"","","","","","","imputed zero","","fob"
"230-710","230<-R710",710,230,"",1950,"","","","",,"","","","","","","not reported","","fob"
"230-713","R230->713",230,713,"",1950,"","","","",0,"","","","","","","imputed zero","","fob"
"230-713","230<-R713",713,230,"",1950,"","","","",,"","","","","","","not reported","","fob"
"230-720","R230->720",230,720,"",1950,"","","","",0,"","","","","","","imputed zero","","fob"
"230-720","230<-R720",720,230,"720->230",1950,"Spain","GPH","Hong Kong","GPH",35714.285,"720","NA","NA","NA","NA","NA","ok","NA","fob"
"230-732","R230->732",230,732,"",1950,"","","","",0,"","","","","","","imputed zero","","fob"
"230-732","230<-R732",732,230,"",1950,"","","","",,"","","","","","","not reported","","fob"
"230-740","R230->740",230,740,"230->740",1950,"Japan","GPH","Spain","GPH",392857.16,"230","NA","NA","NA","NA","NA","ok","NA","fob"
"230-740","230<-R740",740,230,"",1950,"","","","",0,"","","","","","","imputed zero","","fob"
"230-750","R230->750",230,750,"230->750",1950,"India","GPH","Spain","GPH",678571.44,"230","NA","NA","NA","NA","NA","ok","NA","fob"
"230-750","230<-R750",750,230,"750->230",1950,"Spain","GPH","India","GPH",285714.28,"750","NA","NA","NA","NA","NA","ok","NA","fob"
"230-770","R230->770",230,770,"",1950,"","","","",0,"","","","","","","imputed zero","","fob"
"230-770","230<-R770",770,230,"770->230",1950,"Spain","GPH","Pakistan","GPH",3214285.8,"770","NA","NA","NA","NA","NA","ok","NA","fob"
"230-775","230<-R775",775,230,"",1950,"","","","",0,"","","","","","","imputed zero","","fob"
"230-775","R230->775",230,775,"",1950,"","","","",0,"","","","","","","imputed zero","","fob"
"230-780","R230->780",230,780,"",1950,"","","","",0,"","","","","","","imputed zero","","fob"
"230-780","230<-R780",780,230,"",1950,"","","","",0,"","","","","","","imputed zero","","fob"
"230-800","R230->800",230,800,"",1950,"","","","",0,"","","","","","","imputed zero","","fob"
"230-800","230<-R800",800,230,"",1950,"","","","",,"","","","","","","not reported","","fob"
"230-840","230<-R840",840,230,"840->230",1950,"Spain","GPH","Philippines","GPH",392857.16,"840","NA","NA","NA","NA","NA","ok","NA","fob"
"230-840","R230->840",230,840,"230->840",1950,"Philippines","GPH","Spain","GPH",142857.14,"230","NA","NA","NA","NA","NA","ok","NA","fob"
"230-850","230<-R850",850,230,"850->230",1950,"Spain","GPH","Indonesia (Dutch East Indies)","GPH",35714.285,"850","NA","NA","NA","NA","NA","ok","NA","fob"
"230-850","R230->850",230,850,"230->850",1950,"Indonesia (Dutch East Indies)","GPH","Spain","GPH",35714.285,"230","NA","NA","NA","NA","NA","ok","NA","fob"
"230-90","R230->90",230,90,"230->90",1950,"Guatemala","GPH","Spain","GPH",35714.285,"230","NA","NA","NA","NA","NA","ok","NA","fob"
"230-90","230<-R90",90,230,"",1950,"","","","",0,"","","","","","","imputed zero","","fob"
"230-900","230<-R900",900,230,"900->230",1950,"Spain","GPH","Australia","GPH",1607142.9,"900","NA","NA","NA","NA","NA","ok","NA","fob"
"230-900","R230->900",230,900,"230->900",1950,"Australia","GPH","Spain","GPH",750000,"230","NA","NA","NA","NA","NA","ok","NA","fob"
"230-91","R230->91",230,91,"",1950,"","","","",0,"","","","","","","imputed zero","","fob"
"230-91","230<-R91",91,230,"",1950,"","","","",0,"","","","","","","imputed zero","","fob"
"230-92","230<-R92",92,230,"",1950,"","","","",0,"","","","","","","imputed zero","","fob"
"230-92","R230->92",230,92,"",1950,"","","","",0,"","","","","","","imputed zero","","fob"
"230-920","230<-R920",920,230,"",1950,"","","","",0,"","","","","","","imputed zero","","fob"
"230-920","R230->920",230,920,"",1950,"","","","",0,"","","","","","","imputed zero","","fob"
"230-93","230<-R93",93,230,"",1950,"","","","",0,"","","","","","","imputed zero","","fob"
"230-93","R230->93",230,93,"",1950,"","","","",0,"","","","","","","imputed zero","","fob"
"230-94","230<-R94",94,230,"",1950,"","","","",0,"","","","","","","imputed zero","","fob"
"230-94","R230->94",230,94,"230->94",1950,"Costa Rica","GPH","Spain","GPH",35714.285,"230","NA","NA","NA","NA","NA","ok","NA","fob"
"230-95","R230->95",230,95,"230->95",1950,"Panama","GPH","Spain","GPH",35714.285,"230","NA","NA","NA","NA","NA","ok","NA","fob"
"230-95","230<-R95",95,230,"",1950,"","","","",0,"","","","","","","imputed zero","","fob"
"230-960","R230->960",230,960,"",1950,"","","","",0,"","","","","","","imputed zero","","fob"
"230-960","230<-R960",960,230,"",1950,"","","","",,"","","","","","","not reported","","fob"
"235-255","235<-R255",255,235,"255->235",1950,"Portugal","GPH","Germany (Zollverein)","GPH",3571428.5,"255","NA","NA","NA","NA","NA","ok","NA","fob"
"235-255","R235->255",235,255,"235->255",1950,"Germany (Zollverein)","GPH","Portugal","GPH",2392857.3,"235","NA","NA","NA","NA","NA","ok","NA","fob"
"235-290","R235->290",235,290,"235->290",1950,"Poland","GPH","Portugal","GPH",107142.86,"235","NA","NA","NA","NA","NA","ok","NA","fob"
"235-290","235<-R290",290,235,"",1950,"","","","",,"","","","","","","not reported","","fob"
"235-305","R235->305",235,305,"235->305",1950,"Austria","GPH","Portugal","GPH",35714.285,"235","NA","NA","NA","NA","NA","ok","NA","fob"
"235-305","235<-R305",305,235,"305->235",1950,"Portugal","GPH","Austria","GPH",1285714.3,"305","NA","NA","NA","NA","NA","ok","NA","fob"
"235-310","235<-R310",310,235,"",1950,"","","","",,"","","","","","","not reported","","fob"
"235-310","R235->310",235,310,"235->310",1950,"Hungary","GPH","Portugal","GPH",35714.285,"235","NA","NA","NA","NA","NA","ok","NA","fob"
"235-315","R235->315",235,315,"235->315",1950,"Czechoslovakia","GPH","Portugal","GPH",392857.16,"235","NA","NA","NA","NA","NA","ok","NA","fob"
"235-315","235<-R315",315,235,"",1950,"","","","",,"","","","","","","not reported","","fob"
"235-325","235<-R325",325,235,"325->235",1950,"Portugal","GPH","Italy","GPH",1964285.8,"325","NA","NA","NA","NA","NA","ok","NA","fob"
"235-325","R235->325",235,325,"235->325",1950,"Italy","GPH","Portugal","GPH",1357142.9,"235","NA","NA","NA","NA","NA","ok","NA","fob"
"235-345","R235->345",235,345,"",1950,"","","","",0,"","","","","","","imputed zero","","fob"
"235-345","235<-R345",345,235,"",1950,"","","","",,"","","","","","","not reported","","fob"
"235-350","R235->350",235,350,"235->350",1950,"Greece","GPH","Portugal","GPH",142857.14,"235","NA","NA","NA","NA","NA","ok","NA","fob"
"235-350","235<-R350",350,235,"",1950,"","","","",0,"","","","","","","imputed zero","","fob"
"235-352","235<-R352",352,235,"",1950,"","","","",0,"","","","","","","imputed zero","","fob"
"235-352","R235->352",235,352,"235->352",1950,"Cyprus","GPH","Portugal","GPH",142857.14,"235","NA","NA","NA","NA","NA","ok","NA","fob"
"235-355","R235->355",235,355,"",1950,"","","","",0,"","","","","","","imputed zero","","fob"
"235-355","235<-R355",355,235,"",1950,"","","","",,"","","","","","","not reported","","fob"
"235-360","R235->360",235,360,"",1950,"","","","",0,"","","","","","","imputed zero","","fob"
"235-360","235<-R360",360,235,"",1950,"","","","",,"","","","","","","not reported","","fob"
"235-365","R235->365",235,365,"235->365",1950,"Russia (USSR)","GPH","Portugal","GPH",392857.16,"235","NA","NA","NA","NA","NA","ok","NA","fob"
"235-365","235<-R365",365,235,"",1950,"","","","",,"","","","","","","not reported","","fob"
"235-375","R235->375",235,375,"235->375",1950,"Finland","GPH","Portugal","GPH",35714.285,"235","NA","NA","NA","NA","NA","ok","NA","fob"
"235-375","235<-R375",375,235,"375->235",1950,"Portugal","GPH","Finland","GPH",35714.285,"375","NA","NA","NA","NA","NA","ok","NA","fob"
"235-380","235<-R380",380,235,"380->235",1950,"Portugal","GPH","Sweden","GPH",1928571.4,"380","NA","NA","NA","NA","NA","ok","NA","fob"
"235-380","R235->380",235,380,"235->380",1950,"Sweden","GPH","Portugal","GPH",1678571.4,"235","NA","NA","NA","NA","NA","ok","NA","fob"
"235-385","235<-R385",385,235,"385->235",1950,"Portugal","GPH","Norway","GPH",964285.69,"385","NA","NA","NA","NA","NA","ok","NA","fob"
"235-385","R235->385",235,385,"235->385",1950,"Norway","GPH","Portugal","GPH",678571.44,"235","NA","NA","NA","NA","NA","ok","NA","fob"
"235-390","R235->390",235,390,"235->390",1950,"Denmark","GPH","Portugal","GPH",1000000,"235","NA","NA","NA","NA","NA","ok","NA","fob"
"235-390","235<-R390",390,235,"390->235",1950,"Portugal","GPH","Denmark","GPH",642857.13,"390","NA","NA","NA","NA","NA","ok","NA","fob"
"235-395","R235->395",235,395,"",1950,"","","","",0,"","","","","","","imputed zero","","fob"
"235-395","235<-R395",395,235,"395->235",1950,"Portugal","GPH","Iceland","GPH",178571.42,"395","NA","NA","NA","NA","NA","ok","NA","fob"
"235-40","R235->40",235,40,"235->40",1950,"Cuba","GPH","Portugal","GPH",250000,"235","NA","NA","NA","NA","NA","ok","NA","fob"
"235-40","235<-R40",40,235,"40->235",1950,"Portugal","GPH","Cuba","GPH",750000,"40","NA","NA","NA","NA","NA","ok","NA","fob"
"235-41","235<-R41",41,235,"",1950,"","","","",0,"","","","","","","imputed zero","","fob"
"235-41","R235->41",235,41,"",1950,"","","","",0,"","","","","","","imputed zero","","fob"
"235-42","235<-R42",42,235,"",1950,"","","","",0,"","","","","","","imputed zero","","fob"
"235-42","R235->42",235,42,"",1950,"","","","",0,"","","","","","","imputed zero","","fob"
"235-452","R235->452",235,452,"",1950,"","","","",0,"","","","","","","imputed zero","","fob"
"235-452","235<-R452",452,235,"",1950,"","","","",0,"","","","","","","imputed zero","","fob"
"235-471","235<-R471",471,235,"",1950,"","","","",0,"","","","","","","imputed zero","","fob"
"235-471","R235->471",235,471,"235->471",1950,"Cameroun (French Cameroon)","GPH","Portugal","GPH",35714.285,"235","NA","NA","NA","NA","NA","ok","NA","fob"
"235-475","R235->475",235,475,"",1950,"","","","",0,"","","","","","","imputed zero","","fob"
"235-475","235<-R475",475,235,"",1950,"","","","",0,"","","","","","","imputed zero","","fob"
"235-490","235<-R490",490,235,"",1950,"","","","",0,"","","","","","","imputed zero","","fob"
"235-490","R235->490",235,490,"235->490",1950,"Democratic Republic of the Congo (Zaire) (Kinshasa) (Belgian Congo) (Congo Free State)","GPH","Portugal","GPH",357142.84,"235","NA","NA","NA","NA","NA","ok","NA","fob"
"235-500","R235->500",235,500,"",1950,"","","","",0,"","","","","","","imputed zero","","fob"
"235-500","235<-R500",500,235,"",1950,"","","","",0,"","","","","","","imputed zero","","fob"
"235-501","R235->501",235,501,"",1950,"","","","",0,"","","","","","","imputed zero","","fob"
"235-501","235<-R501",501,235,"",1950,"","","","",0,"","","","","","","imputed zero","","fob"
"235-51","235<-R51",51,235,"",1950,"","","","",0,"","","","","","","imputed zero","","fob"
"235-51","R235->51",235,51,"",1950,"","","","",0,"","","","","","","imputed zero","","fob"
"235-512","235<-R512",512,235,"",1950,"","","","",0,"","","","","","","imputed zero","","fob"
"235-512","R235->512",235,512,"",1950,"","","","",0,"","","","","","","imputed zero","","fob"
"235-52","235<-R52",52,235,"",1950,"","","","",0,"","","","","","","imputed zero","","fob"
"235-52","R235->52",235,52,"",1950,"","","","",0,"","","","","","","imputed zero","","fob"
"235-522","R235->522",235,522,"",1950,"","","","",0,"","","","","","","imputed zero","","fob"
"235-522","235<-R522",522,235,"",1950,"","","","",,"","","","","","","not reported","","fob"
"235-530","235<-R530",530,235,"",1950,"","","","",0,"","","","","","","imputed zero","","fob"
"235-530","R235->530",235,530,"",1950,"","","","",0,"","","","","","","imputed zero","","fob"
"235-540","R235->540",235,540,"235->540",1950,"Angola","GPH","Portugal","GPH",9250000,"235","NA","NA","NA","NA","NA","ok","NA","fob"
"235-540","235<-R540",540,235,"540->235",1950,"Portugal","GPH","Angola","GPH",8321428.5,"540","NA","NA","NA","NA","NA","ok","NA","fob"
"235-541","R235->541",235,541,"235->541",1950,"Mozambique (Portuguese East Africa)","GPH","Portugal","GPH",5428571.5,"235","NA","NA","NA","NA","NA","ok","NA","fob"
"235-541","235<-R541",541,235,"541->235",1950,"Portugal","GPH","Mozambique (Portuguese East Africa)","GPH",4428571.5,"541","NA","NA","NA","NA","NA","ok","NA","fob"
"235-551","R235->551",235,551,"",1950,"","","","",0,"","","","","","","imputed zero","","fob"
"235-551","235<-R551",551,235,"",1950,"","","","",0,"","","","","","","imputed zero","","fob"
"235-552","R235->552",235,552,"",1950,"","","","",0,"","","","","","","imputed zero","","fob"
"235-552","235<-R552",552,235,"",1950,"","","","",0,"","","","","","","imputed zero","","fob"
"235-560","235<-R560",560,235,"",1950,"","","","",,"","","","","","","not reported","","fob"
"235-560","R235->560",235,560,"235->560",1950,"South Africa","GPH","Portugal","GPH",571428.56,"235","NA","NA","NA","NA","NA","ok","NA","fob"
"235-580","R235->580",235,580,"235->580",1950,"Madagascar (Malagasy Republic)","GPH","Portugal","GPH",35714.285,"235","NA","NA","NA","NA","NA","ok","NA","fob"
"235-580","235<-R580",580,235,"",1950,"","","","",0,"","","","","","","imputed zero","","fob"
"235-600","235<-R600",600,235,"600->235",1950,"Portugal","GPH","Morocco","GPH",642857.13,"600","NA","NA","NA","NA","NA","ok","NA","fob"
"235-600","R235->600",235,600,"235->600",1950,"Morocco","GPH","Portugal","GPH",964285.69,"235","NA","NA","NA","NA","NA","ok","NA","fob"
"235-615","235<-R615",615,235,"",1950,"","","","",0,"","","","","","","imputed zero","","fob"
"235-615","R235->615",235,615,"235->615",1950,"Algeria (Regency of Algiers)","GPH","Portugal","GPH",464285.72,"235","NA","NA","NA","NA","NA","ok","NA","fob"
"235-616","R235->616",235,616,"235->616",1950,"Tunisia (Regency of Tunis)","GPH","Portugal","GPH",71428.57,"235","NA","NA","NA","NA","NA","ok","NA","fob"
"235-616","235<-R616",616,235,"616->235",1950,"Portugal","GPH","Tunisia (Regency of Tunis)","GPH",35714.285,"616","NA","NA","NA","NA","NA","ok","NA","fob"
"235-625","235<-R625",625,235,"",1950,"","","","",0,"","","","","","","imputed zero","","fob"
"235-625","R235->625",235,625,"",1950,"","","","",0,"","","","","","","imputed zero","","fob"
"235-630","R235->630",235,630,"",1950,"","","","",0,"","","","","","","imputed zero","","fob"
"235-630","235<-R630",630,235,"",1950,"","","","",,"","","","","","","not reported","","fob"
"235-640","R235->640",235,640,"",1950,"","","","",0,"","","","","","","imputed zero","","fob"
"235-640","235<-R640",640,235,"",1950,"","","","",0,"","","","","","","imputed zero","","fob"
"235-645","235<-R645",645,235,"",1950,"","","","",0,"","","","","","","imputed zero","","fob"
"235-645","R235->645",235,645,"",1950,"","","","",0,"","","","","","","imputed zero","","fob"
"235-651","235<-R651",651,235,"651->235",1950,"Portugal","GPH","Egypt Arab Republic (Egypt)","GPH",321428.56,"651","NA","NA","NA","NA","NA","ok","NA","fob"
"235-651","R235->651",235,651,"235->651",1950,"Egypt Arab Republic (Egypt)","GPH","Portugal","GPH",250000,"235","NA","NA","NA","NA","NA","ok","NA","fob"
"235-652","235<-R652",652,235,"",1950,"","","","",0,"","","","","","","imputed zero","","fob"
"235-652","R235->652",235,652,"235->652",1950,"Syria","GPH","Portugal","GPH",35714.285,"235","NA","NA","NA","NA","NA","ok","NA","fob"
"235-660","235<-R660",660,235,"",1950,"","","","",0,"","","","","","","imputed zero","","fob"
"235-660","R235->660",235,660,"",1950,"","","","",0,"","","","","","","imputed zero","","fob"
"235-666","235<-R666",666,235,"",1950,"","","","",0,"","","","","","","imputed zero","","fob"
"235-666","R235->666",235,666,"",1950,"","","","",0,"","","","","","","imputed zero","","fob"
"235-670","235<-R670",670,235,"",1950,"","","","",,"","","","","","","not reported","","fob"
"235-670","R235->670",235,670,"",1950,"","","","",0,"","","","","","","imputed zero","","fob"
"235-68","235<-R68",68,235,"",1950,"","","","",,"","","","","","","not reported","","fob"
"235-68","R235->68",235,68,"",1950,"","","","",0,"","","","","","","imputed zero","","fob"
"235-70","R235->70",235,70,"235->70",1950,"Mexico","GPH","Portugal","GPH",428571.44,"235","NA","NA","NA","NA","NA","ok","NA","fob"
"235-70","235<-R70",70,235,"70->235",1950,"Portugal","GPH","Mexico","GPH",71428.57,"70","NA","NA","NA","NA","NA","ok","NA","fob"
"235-710","R235->710",235,710,"",1950,"","","","",0,"","","","","","","imputed zero","","fob"
"235-710","235<-R710",710,235,"",1950,"","","","",,"","","","","","","not reported","","fob"
"235-713","235<-R713",713,235,"",1950,"","","","",,"","","","","","","not reported","","fob"
"235-713","R235->713",235,713,"",1950,"","","","",0,"","","","","","","imputed zero","","fob"
"235-720","R235->720",235,720,"235->720",1950,"Hong Kong","GPH","Portugal","GPH",35714.285,"235","NA","NA","NA","NA","NA","ok","NA","fob"
"235-720","235<-R720",720,235,"720->235",1950,"Portugal","GPH","Hong Kong","GPH",35714.285,"720","NA","NA","NA","NA","NA","ok","NA","fob"
"235-732","235<-R732",732,235,"",1950,"","","","",,"","","","","","","not reported","","fob"
"235-732","R235->732",235,732,"",1950,"","","","",0,"","","","","","","imputed zero","","fob"
"235-740","R235->740",235,740,"235->740",1950,"Japan","GPH","Portugal","GPH",35714.285,"235","NA","NA","NA","NA","NA","ok","NA","fob"
"235-740","235<-R740",740,235,"740->235",1950,"Portugal","GPH","Japan","GPH",35714.285,"740","NA","NA","NA","NA","NA","ok","NA","fob"
"235-750","235<-R750",750,235,"750->235",1950,"Portugal","GPH","India","GPH",428571.44,"750","NA","NA","NA","NA","NA","ok","NA","fob"
"235-750","R235->750",235,750,"235->750",1950,"India","GPH","Portugal","GPH",142857.14,"235","NA","NA","NA","NA","NA","ok","NA","fob"
"235-770","R235->770",235,770,"",1950,"","","","",0,"","","","","","","imputed zero","","fob"
"235-770","235<-R770",770,235,"770->235",1950,"Portugal","GPH","Pakistan","GPH",785714.31,"770","NA","NA","NA","NA","NA","ok","NA","fob"
"235-775","R235->775",235,775,"",1950,"","","","",0,"","","","","","","imputed zero","","fob"
"235-775","235<-R775",775,235,"",1950,"","","","",0,"","","","","","","imputed zero","","fob"
"235-780","R235->780",235,780,"",1950,"","","","",0,"","","","","","","imputed zero","","fob"
"235-780","235<-R780",780,235,"780->235",1950,"Portugal","GPH","Sri Lanka (Ceylon)","GPH",35714.285,"780","NA","NA","NA","NA","NA","ok","NA","fob"
"235-800","235<-R800",800,235,"",1950,"","","","",,"","","","","","","not reported","","fob"
"235-800","R235->800",235,800,"",1950,"","","","",0,"","","","","","","imputed zero","","fob"
"235-840","R235->840",235,840,"235->840",1950,"Philippines","GPH","Portugal","GPH",35714.285,"235","NA","NA","NA","NA","NA","ok","NA","fob"
"235-840","235<-R840",840,235,"",1950,"","","","",0,"","","","","","","imputed zero","","fob"
"235-850","R235->850",235,850,"235->850",1950,"Indonesia (Dutch East Indies)","GPH","Portugal","GPH",107142.86,"235","NA","NA","NA","NA","NA","ok","NA","fob"
"235-850","235<-R850",850,235,"",1950,"","","","",0,"","","","","","","imputed zero","","fob"
"235-90","R235->90",235,90,"",1950,"","","","",0,"","","","","","","imputed zero","","fob"
"235-90","235<-R90",90,235,"",1950,"","","","",0,"","","","","","","imputed zero","","fob"
"235-900","235<-R900",900,235,"900->235",1950,"Portugal","GPH","Australia","GPH",250000,"900","NA","NA","NA","NA","NA","ok","NA","fob"
"235-900","R235->900",235,900,"235->900",1950,"Australia","GPH","Portugal","GPH",142857.14,"235","NA","NA","NA","NA","NA","ok","NA","fob"
"235-91","R235->91",235,91,"",1950,"","","","",0,"","","","","","","imputed zero","","fob"
"235-91","235<-R91",91,235,"",1950,"","","","",0,"","","","","","","imputed zero","","fob"
"235-92","R235->92",235,92,"",1950,"","","","",0,"","","","","","","imputed zero","","fob"
"235-92","235<-R92",92,235,"",1950,"","","","",0,"","","","","","","imputed zero","","fob"
"235-920","235<-R920",920,235,"",1950,"","","","",0,"","","","","","","imputed zero","","fob"
"235-920","R235->920",235,920,"235->920",1950,"New Zealand","GPH","Portugal","GPH",71428.57,"235","NA","NA","NA","NA","NA","ok","NA","fob"
"235-93","R235->93",235,93,"",1950,"","","","",0,"","","","","","","imputed zero","","fob"
"235-93","235<-R93",93,235,"",1950,"","","","",0,"","","","","","","imputed zero","","fob"
"235-94","235<-R94",94,235,"",1950,"","","","",0,"","","","","","","imputed zero","","fob"
"235-94","R235->94",235,94,"",1950,"","","","",0,"","","","","","","imputed zero","","fob"
"235-95","235<-R95",95,235,"",1950,"","","","",0,"","","","","","","imputed zero","","fob"
"235-95","R235->95",235,95,"",1950,"","","","",0,"","","","","","","imputed zero","","fob"
"235-960","235<-R960",960,235,"",1950,"","","","",,"","","","","","","not reported","","fob"
"235-960","R235->960",235,960,"",1950,"","","","",0,"","","","","","","imputed zero","","fob"
"255-290","R255->290",255,290,"255->290",1950,"Poland","GPH","Germany (Zollverein)","GPH",5714285.5,"255","NA","NA","NA","NA","NA","ok","NA","fob"
"255-290","255<-R290",290,255,"",1950,"","","","",,"","","","","","","not reported","","fob"
"255-305","255<-R305",305,255,"305->255",1950,"Germany (Zollverein)","GPH","Austria","GPH",17464286,"305","NA","NA","NA","NA","NA","ok","NA","fob"
"255-305","R255->305",255,305,"255->305",1950,"Austria","GPH","Germany (Zollverein)","GPH",26428572,"255","NA","NA","NA","NA","NA","ok","NA","fob"
"255-310","R255->310",255,310,"255->310",1950,"Hungary","GPH","Germany (Zollverein)","GPH",11071429,"255","NA","NA","NA","NA","NA","ok","NA","fob"
"255-310","255<-R310",310,255,"",1950,"","","","",,"","","","","","","not reported","","fob"
"255-315","R255->315",255,315,"255->315",1950,"Czechoslovakia","GPH","Germany (Zollverein)","GPH",6428571.5,"255","NA","NA","NA","NA","NA","ok","NA","fob"
"255-315","255<-R315",315,255,"",1950,"","","","",,"","","","","","","not reported","","fob"
"255-325","255<-R325",325,255,"325->255",1950,"Germany (Zollverein)","GPH","Italy","GPH",42178572,"325","NA","NA","NA","NA","NA","ok","NA","fob"
"255-325","R255->325",255,325,"255->325",1950,"Italy","GPH","Germany (Zollverein)","GPH",41428572,"255","NA","NA","NA","NA","NA","ok","NA","fob"
"255-345","R255->345",255,345,"255->345",1950,"Yugoslavia (Kingdom of Serbs, Croats and Slovenes)","GPH","Germany (Zollverein)","GPH",13214286,"255","NA","NA","NA","NA","NA","ok","NA","fob"
"255-345","255<-R345",345,255,"",1950,"","","","",,"","","","","","","not reported","","fob"
"255-350","R255->350",255,350,"255->350",1950,"Greece","GPH","Germany (Zollverein)","GPH",11428571,"255","NA","NA","NA","NA","NA","ok","NA","fob"
"255-350","255<-R350",350,255,"350->255",1950,"Germany (Zollverein)","GPH","Greece","GPH",6428571.5,"350","NA","NA","NA","NA","NA","ok","NA","fob"
"255-352","255<-R352",352,255,"352->255",1950,"Germany (Zollverein)","GPH","Cyprus","GPH",2500000,"352","NA","NA","NA","NA","NA","ok","NA","fob"
"255-352","R255->352",255,352,"255->352",1950,"Cyprus","GPH","Germany (Zollverein)","GPH",357142.84,"255","NA","NA","NA","NA","NA","ok","NA","fob"
"255-355","R255->355",255,355,"255->355",1950,"Bulgaria","GPH","Germany (Zollverein)","GPH",1428571.4,"255","NA","NA","NA","NA","NA","ok","NA","fob"
"255-355","255<-R355",355,255,"",1950,"","","","",,"","","","","","","not reported","","fob"
"255-360","255<-R360",360,255,"",1950,"","","","",,"","","","","","","not reported","","fob"
"255-360","R255->360",255,360,"255->360",1950,"Romania","GPH","Germany (Zollverein)","GPH",1785714.3,"255","NA","NA","NA","NA","NA","ok","NA","fob"
"255-365","R255->365",255,365,"",1950,"","","","",0,"","","","","","","imputed zero","","fob"
"255-365","255<-R365",365,255,"",1950,"","","","",,"","","","","","","not reported","","fob"
"255-375","255<-R375",375,255,"375->255",1950,"Germany (Zollverein)","GPH","Finland","GPH",7285714.5,"375","NA","NA","NA","NA","NA","ok","NA","fob"
"255-375","R255->375",255,375,"255->375",1950,"Finland","GPH","Germany (Zollverein)","GPH",6071428.5,"255","NA","NA","NA","NA","NA","ok","NA","fob"
"255-380","255<-R380",380,255,"380->255",1950,"Germany (Zollverein)","GPH","Sweden","GPH",50535716,"380","NA","NA","NA","NA","NA","ok","NA","fob"
"255-380","R255->380",255,380,"255->380",1950,"Sweden","GPH","Germany (Zollverein)","GPH",45000000,"255","NA","NA","NA","NA","NA","ok","NA","fob"
"255-385","R255->385",255,385,"255->385",1950,"Norway","GPH","Germany (Zollverein)","GPH",10000000,"255","NA","NA","NA","NA","NA","ok","NA","fob"
"255-385","255<-R385",385,255,"385->255",1950,"Germany (Zollverein)","GPH","Norway","GPH",16857142,"385","NA","NA","NA","NA","NA","ok","NA","fob"
"255-390","255<-R390",390,255,"390->255",1950,"Germany (Zollverein)","GPH","Denmark","GPH",45428572,"390","NA","NA","NA","NA","NA","ok","NA","fob"
"255-390","R255->390",255,390,"255->390",1950,"Denmark","GPH","Germany (Zollverein)","GPH",30000000,"255","NA","NA","NA","NA","NA","ok","NA","fob"
"255-395","255<-R395",395,255,"395->255",1950,"Germany (Zollverein)","GPH","Iceland","GPH",642857.13,"395","NA","NA","NA","NA","NA","ok","NA","fob"
"255-395","R255->395",255,395,"255->395",1950,"Iceland","GPH","Germany (Zollverein)","GPH",357142.84,"255","NA","NA","NA","NA","NA","ok","NA","fob"
"255-40","255<-R40",40,255,"40->255",1950,"Germany (Zollverein)","GPH","Cuba","GPH",5035714.5,"40","NA","NA","NA","NA","NA","ok","NA","fob"
"255-40","R255->40",255,40,"255->40",1950,"Cuba","GPH","Germany (Zollverein)","GPH",2500000,"255","NA","NA","NA","NA","NA","ok","NA","fob"
"255-41","255<-R41",41,255,"41->255",1950,"Germany (Zollverein)","GPH","Haiti","GPH",71428.57,"41","NA","NA","NA","NA","NA","ok","NA","fob"
"255-41","R255->41",255,41,"255->41",1950,"Haiti","GPH","Germany (Zollverein)","GPH",357142.84,"255","NA","NA","NA","NA","NA","ok","NA","fob"
"255-42","255<-R42",42,255,"42->255",1950,"Germany (Zollverein)","GPH","Dominican Republic (Santo Domingo)","GPH",107142.86,"42","NA","NA","NA","NA","NA","ok","NA","fob"
"255-42","R255->42",255,42,"255->42",1950,"Dominican Republic (Santo Domingo)","GPH","Germany (Zollverein)","GPH",357142.84,"255","NA","NA","NA","NA","NA","ok","NA","fob"
"255-452","255<-R452",452,255,"452->255",1950,"Germany (Zollverein)","GPH","Ghana (Gold Coast)","GPH",5500000,"452","NA","NA","NA","NA","NA","ok","NA","fob"
"255-452","R255->452",255,452,"255->452",1950,"Ghana (Gold Coast)","GPH","Germany (Zollverein)","GPH",1071428.6,"255","NA","NA","NA","NA","NA","ok","NA","fob"
"255-471","R255->471",255,471,"",1950,"","","","",0,"","","","","","","imputed zero","","fob"
"255-471","255<-R471",471,255,"",1950,"","","","",0,"","","","","","","imputed zero","","fob"
"255-475","R255->475",255,475,"255->475",1950,"Nigeria","GPH","Germany (Zollverein)","GPH",1428571.4,"255","NA","NA","NA","NA","NA","ok","NA","fob"
"255-475","255<-R475",475,255,"475->255",1950,"Germany (Zollverein)","GPH","Nigeria","GPH",1107142.9,"475","NA","NA","NA","NA","NA","ok","NA","fob"
"255-490","R255->490",255,490,"255->490",1950,"Democratic Republic of the Congo (Zaire) (Kinshasa) (Belgian Congo) (Congo Free State)","GPH","Germany (Zollverein)","GPH",1071428.6,"255","NA","NA","NA","NA","NA","ok","NA","fob"
"255-490","255<-R490",490,255,"490->255",1950,"Germany (Zollverein)","GPH","Democratic Republic of the Congo (Zaire) (Kinshasa) (Belgian Congo) (Congo Free State)","GPH",2428571.5,"490","NA","NA","NA","NA","NA","ok","NA","fob"
"255-500","255<-R500",500,255,"500->255",1950,"Germany (Zollverein)","GPH","Uganda","GPH",642857.13,"500","NA","NA","NA","NA","NA","ok","NA","fob"
"255-500","R255->500",255,500,"",1950,"","","","",0,"","","","","","","imputed zero","","fob"
"255-501","255<-R501",501,255,"501->255",1950,"Germany (Zollverein)","GPH","Kenya (British East Africa Protectorate)","GPH",1714285.8,"501","NA","NA","NA","NA","NA","ok","NA","fob"
"255-501","R255->501",255,501,"255->501",1950,"Kenya (British East Africa Protectorate)","GPH","Germany (Zollverein)","GPH",714285.69,"255","NA","NA","NA","NA","NA","ok","NA","fob"
"255-51","R255->51",255,51,"",1950,"","","","",0,"","","","","","","imputed zero","","fob"
"255-51","255<-R51",51,255,"51->255",1950,"Germany (Zollverein)","GPH","Jamaica","GPH",285714.28,"51","NA","NA","NA","NA","NA","ok","NA","fob"
"255-512","255<-R512",512,255,"512->255",1950,"Germany (Zollverein)","GPH","Tanzania (Tanganyika)","GPH",1500000,"512","NA","NA","NA","NA","NA","ok","NA","fob"
"255-512","R255->512",255,512,"",1950,"","","","",0,"","","","","","","imputed zero","","fob"
"255-52","R255->52",255,52,"",1950,"","","","",0,"","","","","","","imputed zero","","fob"
"255-52","255<-R52",52,255,"52->255",1950,"Germany (Zollverein)","GPH","Trinidad and Tobago","GPH",71428.57,"52","NA","NA","NA","NA","NA","ok","NA","fob"
"255-522","R255->522",255,522,"",1950,"","","","",0,"","","","","","","imputed zero","","fob"
"255-522","255<-R522",522,255,"",1950,"","","","",,"","","","","","","not reported","","fob"
"255-530","255<-R530",530,255,"",1950,"","","","",0,"","","","","","","imputed zero","","fob"
"255-530","R255->530",255,530,"",1950,"","","","",0,"","","","","","","imputed zero","","fob"
"255-540","255<-R540",540,255,"540->255",1950,"Germany (Zollverein)","GPH","Angola","GPH",1928571.4,"540","NA","NA","NA","NA","NA","ok","NA","fob"
"255-540","R255->540",255,540,"255->540",1950,"Angola","GPH","Germany (Zollverein)","GPH",714285.69,"255","NA","NA","NA","NA","NA","ok","NA","fob"
"255-541","R255->541",255,541,"255->541",1950,"Mozambique (Portuguese East Africa)","GPH","Germany (Zollverein)","GPH",357142.84,"255","NA","NA","NA","NA","NA","ok","NA","fob"
"255-541","255<-R541",541,255,"541->255",1950,"Germany (Zollverein)","GPH","Mozambique (Portuguese East Africa)","GPH",535714.31,"541","NA","NA","NA","NA","NA","ok","NA","fob"
"255-551","R255->551",255,551,"",1950,"","","","",0,"","","","","","","imputed zero","","fob"
"255-551","255<-R551",551,255,"551->255",1950,"Germany (Zollverein)","GPH","Zambia (Northern Rhodesia)","GPH",2250000,"551","NA","NA","NA","NA","NA","ok","NA","fob"
"255-552","R255->552",255,552,"255->552",1950,"Zimbabwe (Rhodesia) (Southern Rhodesia)","GPH","Germany (Zollverein)","GPH",357142.84,"255","NA","NA","NA","NA","NA","ok","NA","fob"
"255-552","255<-R552",552,255,"552->255",1950,"Germany (Zollverein)","GPH","Zimbabwe (Rhodesia) (Southern Rhodesia)","GPH",535714.31,"552","NA","NA","NA","NA","NA","ok","NA","fob"
"255-560","255<-R560",560,255,"",1950,"","","","",,"","","","","","","not reported","","fob"
"255-560","R255->560",255,560,"255->560",1950,"South Africa","GPH","Germany (Zollverein)","GPH",7142857,"255","NA","NA","NA","NA","NA","ok","NA","fob"
"255-580","255<-R580",580,255,"580->255",1950,"Germany (Zollverein)","GPH","Madagascar (Malagasy Republic)","GPH",250000,"580","NA","NA","NA","NA","NA","ok","NA","fob"
"255-580","R255->580",255,580,"255->580",1950,"Madagascar (Malagasy Republic)","GPH","Germany (Zollverein)","GPH",357142.84,"255","NA","NA","NA","NA","NA","ok","NA","fob"
"255-600","R255->600",255,600,"255->600",1950,"Morocco","GPH","Germany (Zollverein)","GPH",1428571.4,"255","NA","NA","NA","NA","NA","ok","NA","fob"
"255-600","255<-R600",600,255,"600->255",1950,"Germany (Zollverein)","GPH","Morocco","GPH",8000000,"600","NA","NA","NA","NA","NA","ok","NA","fob"
"255-615","255<-R615",615,255,"615->255",1950,"Germany (Zollverein)","GPH","Algeria (Regency of Algiers)","GPH",4642857,"615","NA","NA","NA","NA","NA","ok","NA","fob"
"255-615","R255->615",255,615,"255->615",1950,"Algeria (Regency of Algiers)","GPH","Germany (Zollverein)","GPH",357142.84,"255","NA","NA","NA","NA","NA","ok","NA","fob"
"255-616","255<-R616",616,255,"616->255",1950,"Germany (Zollverein)","GPH","Tunisia (Regency of Tunis)","GPH",2642857.3,"616","NA","NA","NA","NA","NA","ok","NA","fob"
"255-616","R255->616",255,616,"255->616",1950,"Tunisia (Regency of Tunis)","GPH","Germany (Zollverein)","GPH",357142.84,"255","NA","NA","NA","NA","NA","ok","NA","fob"
"255-625","R255->625",255,625,"",1950,"","","","",0,"","","","","","","imputed zero","","fob"
"255-625","255<-R625",625,255,"625->255",1950,"Germany (Zollverein)","GPH","Sudan (Anglo-Egyptian Sudan) (Mahdist State)","GPH",1714285.8,"625","NA","NA","NA","NA","NA","ok","NA","fob"
"255-630","255<-R630",630,255,"",1950,"","","","",,"","","","","","","not reported","","fob"
"255-630","R255->630",255,630,"255->630",1950,"Iran (Persia)","GPH","Germany (Zollverein)","GPH",3214285.8,"255","NA","NA","NA","NA","NA","ok","NA","fob"
"255-640","255<-R640",640,255,"640->255",1950,"Germany (Zollverein)","GPH","Turkey (Ottoman Empire)","GPH",19857142,"640","NA","NA","NA","NA","NA","ok","NA","fob"
"255-640","R255->640",255,640,"255->640",1950,"Turkey (Ottoman Empire)","GPH","Germany (Zollverein)","GPH",20000000,"255","NA","NA","NA","NA","NA","ok","NA","fob"
"255-645","R255->645",255,645,"",1950,"","","","",0,"","","","","","","imputed zero","","fob"
"255-645","255<-R645",645,255,"645->255",1950,"Germany (Zollverein)","GPH","Iraq (Mesopotamia)","GPH",4535714.5,"645","NA","NA","NA","NA","NA","ok","NA","fob"
"255-651","R255->651",255,651,"255->651",1950,"Egypt Arab Republic (Egypt)","GPH","Germany (Zollverein)","GPH",6785714.5,"255","NA","NA","NA","NA","NA","ok","NA","fob"
"255-651","255<-R651",651,255,"651->255",1950,"Germany (Zollverein)","GPH","Egypt Arab Republic (Egypt)","GPH",5642857,"651","NA","NA","NA","NA","NA","ok","NA","fob"
"255-652","255<-R652",652,255,"652->255",1950,"Germany (Zollverein)","GPH","Syria","GPH",357142.84,"652","NA","NA","NA","NA","NA","ok","NA","fob"
"255-652","R255->652",255,652,"255->652",1950,"Syria","GPH","Germany (Zollverein)","GPH",2500000,"255","NA","NA","NA","NA","NA","ok","NA","fob"
"255-660","R255->660",255,660,"",1950,"","","","",0,"","","","","","","imputed zero","","fob"
"255-660","255<-R660",660,255,"660->255",1950,"Germany (Zollverein)","GPH","Lebanon","GPH",71428.57,"660","NA","NA","NA","NA","NA","ok","NA","fob"
"255-666","255<-R666",666,255,"",1950,"","","","",0,"","","","","","","imputed zero","","fob"
"255-666","R255->666",255,666,"255->666",1950,"Israel","GPH","Germany (Zollverein)","GPH",357142.84,"255","NA","NA","NA","NA","NA","ok","NA","fob"
"255-670","R255->670",255,670,"255->670",1950,"Saudi Arabia (Emirate of Nejd) (Emirate of Diriyah)","GPH","Germany (Zollverein)","GPH",1071428.6,"255","NA","NA","NA","NA","NA","ok","NA","fob"
"255-670","255<-R670",670,255,"",1950,"","","","",,"","","","","","","not reported","","fob"
"255-68","R255->68",255,68,"255->68",1950,"Netherlands Antilles","GPH","Germany (Zollverein)","GPH",357142.84,"255","NA","NA","NA","NA","NA","ok","NA","fob"
"255-68","255<-R68",68,255,"",1950,"","","","",,"","","","","","","not reported","","fob"
"255-70","R255->70",255,70,"255->70",1950,"Mexico","GPH","Germany (Zollverein)","GPH",3214285.8,"255","NA","NA","NA","NA","NA","ok","NA","fob"
"255-70","255<-R70",70,255,"70->255",1950,"Germany (Zollverein)","GPH","Mexico","GPH",857142.88,"70","NA","NA","NA","NA","NA","ok","NA","fob"
"255-710","R255->710",255,710,"255->710",1950,"People's Republic of China (China)","GPH","Germany (Zollverein)","GPH",3928571.5,"255","NA","NA","NA","NA","NA","ok","NA","fob"
"255-710","255<-R710",710,255,"",1950,"","","","",,"","","","","","","not reported","","fob"
"255-713","R255->713",255,713,"",1950,"","","","",0,"","","","","","","imputed zero","","fob"
"255-713","255<-R713",713,255,"",1950,"","","","",,"","","","","","","not reported","","fob"
"255-720","255<-R720",720,255,"720->255",1950,"Germany (Zollverein)","GPH","Hong Kong","GPH",3035714.3,"720","NA","NA","NA","NA","NA","ok","NA","fob"
"255-720","R255->720",255,720,"255->720",1950,"Hong Kong","GPH","Germany (Zollverein)","GPH",4642857,"255","NA","NA","NA","NA","NA","ok","NA","fob"
"255-732","R255->732",255,732,"",1950,"","","","",0,"","","","","","","imputed zero","","fob"
"255-732","255<-R732",732,255,"",1950,"","","","",,"","","","","","","not reported","","fob"
"255-740","R255->740",255,740,"255->740",1950,"Japan","GPH","Germany (Zollverein)","GPH",2857142.8,"255","NA","NA","NA","NA","NA","ok","NA","fob"
"255-740","255<-R740",740,255,"740->255",1950,"Germany (Zollverein)","GPH","Japan","GPH",3642857.3,"740","NA","NA","NA","NA","NA","ok","NA","fob"
"255-750","255<-R750",750,255,"750->255",1950,"Germany (Zollverein)","GPH","India","GPH",7857143,"750","NA","NA","NA","NA","NA","ok","NA","fob"
"255-750","R255->750",255,750,"255->750",1950,"India","GPH","Germany (Zollverein)","GPH",6428571.5,"255","NA","NA","NA","NA","NA","ok","NA","fob"
"255-770","R255->770",255,770,"255->770",1950,"Pakistan","GPH","Germany (Zollverein)","GPH",3214285.8,"255","NA","NA","NA","NA","NA","ok","NA","fob"
"255-770","255<-R770",770,255,"770->255",1950,"Germany (Zollverein)","GPH","Pakistan","GPH",9642857,"770","NA","NA","NA","NA","NA","ok","NA","fob"
"255-775","255<-R775",775,255,"775->255",1950,"Germany (Zollverein)","GPH","Myanmar (Burma)","GPH",71428.57,"775","NA","NA","NA","NA","NA","ok","NA","fob"
"255-775","R255->775",255,775,"",1950,"","","","",0,"","","","","","","imputed zero","","fob"
"255-780","255<-R780",780,255,"780->255",1950,"Germany (Zollverein)","GPH","Sri Lanka (Ceylon)","GPH",4178571.5,"780","NA","NA","NA","NA","NA","ok","NA","fob"
"255-780","R255->780",255,780,"255->780",1950,"Sri Lanka (Ceylon)","GPH","Germany (Zollverein)","GPH",714285.69,"255","NA","NA","NA","NA","NA","ok","NA","fob"
"255-800","R255->800",255,800,"255->800",1950,"Thailand (Siam)","GPH","Germany (Zollverein)","GPH",1071428.6,"255","NA","NA","NA","NA","NA","ok","NA","fob"
"255-800","255<-R800",800,255,"",1950,"","","","",,"","","","","","","not reported","","fob"
"255-840","R255->840",255,840,"255->840",1950,"Philippines","GPH","Germany (Zollverein)","GPH",1071428.6,"255","NA","NA","NA","NA","NA","ok","NA","fob"
"255-840","255<-R840",840,255,"840->255",1950,"Germany (Zollverein)","GPH","Philippines","GPH",607142.88,"840","NA","NA","NA","NA","NA","ok","NA","fob"
"255-850","R255->850",255,850,"255->850",1950,"Indonesia (Dutch East Indies)","GPH","Germany (Zollverein)","GPH",4285714.5,"255","NA","NA","NA","NA","NA","ok","NA","fob"
"255-850","255<-R850",850,255,"850->255",1950,"Germany (Zollverein)","GPH","Indonesia (Dutch East Indies)","GPH",8071428.5,"850","NA","NA","NA","NA","NA","ok","NA","fob"
"255-90","R255->90",255,90,"255->90",1950,"Guatemala","GPH","Germany (Zollverein)","GPH",714285.69,"255","NA","NA","NA","NA","NA","ok","NA","fob"
"255-90","255<-R90",90,255,"90->255",1950,"Germany (Zollverein)","GPH","Guatemala","GPH",71428.57,"90","NA","NA","NA","NA","NA","ok","NA","fob"
"255-900","255<-R900",900,255,"900->255",1950,"Germany (Zollverein)","GPH","Australia","GPH",18785714,"900","NA","NA","NA","NA","NA","ok","NA","fob"
"255-900","R255->900",255,900,"255->900",1950,"Australia","GPH","Germany (Zollverein)","GPH",9642857,"255","NA","NA","NA","NA","NA","ok","NA","fob"
"255-91","R255->91",255,91,"",1950,"","","","",0,"","","","","","","imputed zero","","fob"
"255-91","255<-R91",91,255,"",1950,"","","","",0,"","","","","","","imputed zero","","fob"
"255-92","255<-R92",92,255,"",1950,"","","","",0,"","","","","","","imputed zero","","fob"
"255-92","R255->92",255,92,"255->92",1950,"El Salvador","GPH","Germany (Zollverein)","GPH",714285.69,"255","NA","NA","NA","NA","NA","ok","NA","fob"
"255-920","255<-R920",920,255,"920->255",1950,"Germany (Zollverein)","GPH","New Zealand","GPH",5928571.5,"920","NA","NA","NA","NA","NA","ok","NA","fob"
"255-920","R255->920",255,920,"255->920",1950,"New Zealand","GPH","Germany (Zollverein)","GPH",357142.84,"255","NA","NA","NA","NA","NA","ok","NA","fob"
"255-93","255<-R93",93,255,"93->255",1950,"Germany (Zollverein)","GPH","Nicaragua","GPH",35714.285,"93","NA","NA","NA","NA","NA","ok","NA","fob"
"255-93","R255->93",255,93,"255->93",1950,"Nicaragua","GPH","Germany (Zollverein)","GPH",357142.84,"255","NA","NA","NA","NA","NA","ok","NA","fob"
"255-94","255<-R94",94,255,"94->255",1950,"Germany (Zollverein)","GPH","Costa Rica","GPH",71428.57,"94","NA","NA","NA","NA","NA","ok","NA","fob"
"255-94","R255->94",255,94,"255->94",1950,"Costa Rica","GPH","Germany (Zollverein)","GPH",714285.69,"255","NA","NA","NA","NA","NA","ok","NA","fob"
"255-95","255<-R95",95,255,"",1950,"","","","",0,"","","","","","","imputed zero","","fob"
"255-95","R255->95",255,95,"255->95",1950,"Panama","GPH","Germany (Zollverein)","GPH",357142.84,"255","NA","NA","NA","NA","NA","ok","NA","fob"
"255-960","255<-R960",960,255,"",1950,"","","","",,"","","","","","","not reported","","fob"
"255-960","R255->960",255,960,"",1950,"","","","",0,"","","","","","","imputed zero","","fob"
"290-305","290<-R305",305,290,"305->290",1950,"Poland","GPH","Austria","GPH",3321428.5,"305","NA","NA","NA","NA","NA","ok","NA","fob"
"290-305","R290->305",290,305,"",1950,"","","","",,"","","","","","","not reported","","fob"
"290-310","R290->310",290,310,"",1950,"","","","",,"","","","","","","not reported","","fob"
"290-310","290<-R310",310,290,"",1950,"","","","",,"","","","","","","not reported","","fob"
"290-315","R290->315",290,315,"",1950,"","","","",,"","","","","","","not reported","","fob"
"290-315","290<-R315",315,290,"",1950,"","","","",,"","","","","","","not reported","","fob"
"290-325","R290->325",290,325,"",1950,"","","","",,"","","","","","","not reported","","fob"
"290-325","290<-R325",325,290,"325->290",1950,"Poland","GPH","Italy","GPH",5892857,"325","NA","NA","NA","NA","NA","ok","NA","fob"
"290-345","290<-R345",345,290,"",1950,"","","","",,"","","","","","","not reported","","fob"
"290-345","R290->345",290,345,"",1950,"","","","",,"","","","","","","not reported","","fob"
"290-350","290<-R350",350,290,"",1950,"","","","",0,"","","","","","","imputed zero","","fob"
"290-350","R290->350",290,350,"",1950,"","","","",,"","","","","","","not reported","","fob"
"290-352","R290->352",290,352,"",1950,"","","","",,"","","","","","","not reported","","fob"
"290-352","290<-R352",352,290,"",1950,"","","","",0,"","","","","","","imputed zero","","fob"
"290-355","R290->355",290,355,"",1950,"","","","",,"","","","","","","not reported","","fob"
"290-355","290<-R355",355,290,"",1950,"","","","",,"","","","","","","not reported","","fob"
"290-360","R290->360",290,360,"",1950,"","","","",,"","","","","","","not reported","","fob"
"290-360","290<-R360",360,290,"",1950,"","","","",,"","","","","","","not reported","","fob"
"290-365","R290->365",290,365,"",1950,"","","","",,"","","","","","","not reported","","fob"
"290-365","290<-R365",365,290,"",1950,"","","","",,"","","","","","","not reported","","fob"
"290-375","290<-R375",375,290,"375->290",1950,"Poland","GPH","Finland","GPH",3142857.3,"375","NA","NA","NA","NA","NA","ok","NA","fob"
"290-375","R290->375",290,375,"",1950,"","","","",,"","","","","","","not reported","","fob"
"290-380","R290->380",290,380,"",1950,"","","","",,"","","","","","","not reported","","fob"
"290-380","290<-R380",380,290,"380->290",1950,"Poland","GPH","Sweden","GPH",11535714,"380","NA","NA","NA","NA","NA","ok","NA","fob"
"290-385","R290->385",290,385,"",1950,"","","","",,"","","","","","","not reported","","fob"
"290-385","290<-R385",385,290,"385->290",1950,"Poland","GPH","Norway","GPH",2535714.3,"385","NA","NA","NA","NA","NA","ok","NA","fob"
"290-390","R290->390",290,390,"",1950,"","","","",,"","","","","","","not reported","","fob"
"290-390","290<-R390",390,290,"390->290",1950,"Poland","GPH","Denmark","GPH",2785714.3,"390","NA","NA","NA","NA","NA","ok","NA","fob"
"290-395","290<-R395",395,290,"395->290",1950,"Poland","GPH","Iceland","GPH",714285.69,"395","NA","NA","NA","NA","NA","ok","NA","fob"
"290-395","R290->395",290,395,"",1950,"","","","",,"","","","","","","not reported","","fob"
"290-40","R290->40",290,40,"",1950,"","","","",,"","","","","","","not reported","","fob"
"290-40","290<-R40",40,290,"",1950,"","","","",0,"","","","","","","imputed zero","","fob"
"290-41","290<-R41",41,290,"",1950,"","","","",0,"","","","","","","imputed zero","","fob"
"290-41","R290->41",290,41,"",1950,"","","","",,"","","","","","","not reported","","fob"
"290-42","R290->42",290,42,"",1950,"","","","",,"","","","","","","not reported","","fob"
"290-42","290<-R42",42,290,"",1950,"","","","",0,"","","","","","","imputed zero","","fob"
"290-452","290<-R452",452,290,"",1950,"","","","",0,"","","","","","","imputed zero","","fob"
"290-452","R290->452",290,452,"",1950,"","","","",,"","","","","","","not reported","","fob"
"290-471","R290->471",290,471,"",1950,"","","","",,"","","","","","","not reported","","fob"
"290-471","290<-R471",471,290,"",1950,"","","","",0,"","","","","","","imputed zero","","fob"
"290-475","R290->475",290,475,"",1950,"","","","",,"","","","","","","not reported","","fob"
"290-475","290<-R475",475,290,"",1950,"","","","",0,"","","","","","","imputed zero","","fob"
"290-490","290<-R490",490,290,"",1950,"","","","",0,"","","","","","","imputed zero","","fob"
"290-490","R290->490",290,490,"",1950,"","","","",,"","","","","","","not reported","","fob"
"290-500","290<-R500",500,290,"500->290",1950,"Poland","GPH","Uganda","GPH",35714.285,"500","NA","NA","NA","NA","NA","ok","NA","fob"
"290-500","R290->500",290,500,"",1950,"","","","",,"","","","","","","not reported","","fob"
"290-501","290<-R501",501,290,"",1950,"","","","",0,"","","","","","","imputed zero","","fob"
"290-501","R290->501",290,501,"",1950,"","","","",,"","","","","","","not reported","","fob"
"290-51","R290->51",290,51,"",1950,"","","","",,"","","","","","","not reported","","fob"
"290-51","290<-R51",51,290,"",1950,"","","","",0,"","","","","","","imputed zero","","fob"
"290-512","290<-R512",512,290,"",1950,"","","","",0,"","","","","","","imputed zero","","fob"
"290-512","R290->512",290,512,"",1950,"","","","",,"","","","","","","not reported","","fob"
"290-52","290<-R52",52,290,"",1950,"","","","",0,"","","","","","","imputed zero","","fob"
"290-52","R290->52",290,52,"",1950,"","","","",,"","","","","","","not reported","","fob"
"290-522","R290->522",290,522,"",1950,"","","","",,"","","","","","","not reported","","fob"
"290-522","290<-R522",522,290,"",1950,"","","","",,"","","","","","","not reported","","fob"
"290-530","290<-R530",530,290,"",1950,"","","","",0,"","","","","","","imputed zero","","fob"
"290-530","R290->530",290,530,"",1950,"","","","",,"","","","","","","not reported","","fob"
"290-540","R290->540",290,540,"",1950,"","","","",,"","","","","","","not reported","","fob"
"290-540","290<-R540",540,290,"",1950,"","","","",0,"","","","","","","imputed zero","","fob"
"290-541","290<-R541",541,290,"",1950,"","","","",0,"","","","","","","imputed zero","","fob"
"290-541","R290->541",290,541,"",1950,"","","","",,"","","","","","","not reported","","fob"
"290-551","290<-R551",551,290,"551->290",1950,"Poland","GPH","Zambia (Northern Rhodesia)","GPH",35714.285,"551","NA","NA","NA","NA","NA","ok","NA","fob"
"290-551","R290->551",290,551,"",1950,"","","","",,"","","","","","","not reported","","fob"
"290-552","R290->552",290,552,"",1950,"","","","",,"","","","","","","not reported","","fob"
"290-552","290<-R552",552,290,"552->290",1950,"Poland","GPH","Zimbabwe (Rhodesia) (Southern Rhodesia)","GPH",35714.285,"552","NA","NA","NA","NA","NA","ok","NA","fob"
"290-560","290<-R560",560,290,"",1950,"","","","",,"","","","","","","not reported","","fob"
"290-560","R290->560",290,560,"",1950,"","","","",,"","","","","","","not reported","","fob"
"290-580","290<-R580",580,290,"",1950,"","","","",0,"","","","","","","imputed zero","","fob"
"290-580","R290->580",290,580,"",1950,"","","","",,"","","","","","","not reported","","fob"
"290-600","R290->600",290,600,"",1950,"","","","",,"","","","","","","not reported","","fob"
"290-600","290<-R600",600,290,"600->290",1950,"Poland","GPH","Morocco","GPH",321428.56,"600","NA","NA","NA","NA","NA","ok","NA","fob"
"290-615","R290->615",290,615,"",1950,"","","","",,"","","","","","","not reported","","fob"
"290-615","290<-R615",615,290,"615->290",1950,"Poland","GPH","Algeria (Regency of Algiers)","GPH",35714.285,"615","NA","NA","NA","NA","NA","ok","NA","fob"
"290-616","R290->616",290,616,"",1950,"","","","",,"","","","","","","not reported","","fob"
"290-616","290<-R616",616,290,"616->290",1950,"Poland","GPH","Tunisia (Regency of Tunis)","GPH",107142.86,"616","NA","NA","NA","NA","NA","ok","NA","fob"
"290-625","R290->625",290,625,"",1950,"","","","",,"","","","","","","not reported","","fob"
"290-625","290<-R625",625,290,"",1950,"","","","",0,"","","","","","","imputed zero","","fob"
"290-630","290<-R630",630,290,"",1950,"","","","",,"","","","","","","not reported","","fob"
"290-630","R290->630",290,630,"",1950,"","","","",,"","","","","","","not reported","","fob"
"290-640","R290->640",290,640,"",1950,"","","","",,"","","","","","","not reported","","fob"
"290-640","290<-R640",640,290,"640->290",1950,"Poland","GPH","Turkey (Ottoman Empire)","GPH",857142.88,"640","NA","NA","NA","NA","NA","ok","NA","fob"
"290-645","R290->645",290,645,"",1950,"","","","",,"","","","","","","not reported","","fob"
"290-645","290<-R645",645,290,"",1950,"","","","",0,"","","","","","","imputed zero","","fob"
"290-651","290<-R651",651,290,"651->290",1950,"Poland","GPH","Egypt Arab Republic (Egypt)","GPH",964285.69,"651","NA","NA","NA","NA","NA","ok","NA","fob"
"290-651","R290->651",290,651,"",1950,"","","","",,"","","","","","","not reported","","fob"
"290-652","290<-R652",652,290,"",1950,"","","","",0,"","","","","","","imputed zero","","fob"
"290-652","R290->652",290,652,"",1950,"","","","",,"","","","","","","not reported","","fob"
"290-660","290<-R660",660,290,"",1950,"","","","",0,"","","","","","","imputed zero","","fob"
"290-660","R290->660",290,660,"",1950,"","","","",,"","","","","","","not reported","","fob"
"290-666","R290->666",290,666,"",1950,"","","","",,"","","","","","","not reported","","fob"
"290-666","290<-R666",666,290,"666->290",1950,"Poland","GPH","Israel","GPH",464285.72,"666","NA","NA","NA","NA","NA","ok","NA","fob"
"290-670","R290->670",290,670,"",1950,"","","","",,"","","","","","","not reported","","fob"
"290-670","290<-R670",670,290,"",1950,"","","","",,"","","","","","","not reported","","fob"
"290-68","290<-R68",68,290,"",1950,"","","","",,"","","","","","","not reported","","fob"
"290-68","R290->68",290,68,"",1950,"","","","",,"","","","","","","not reported","","fob"
"290-70","R290->70",290,70,"",1950,"","","","",,"","","","","","","not reported","","fob"
"290-70","290<-R70",70,290,"",1950,"","","","",0,"","","","","","","imputed zero","","fob"
"290-710","R290->710",290,710,"",1950,"","","","",,"","","","","","","not reported","","fob"
"290-710","290<-R710",710,290,"",1950,"","","","",,"","","","","","","not reported","","fob"
"290-713","R290->713",290,713,"",1950,"","","","",,"","","","","","","not reported","","fob"
"290-713","290<-R713",713,290,"",1950,"","","","",,"","","","","","","not reported","","fob"
"290-720","290<-R720",720,290,"",1950,"","","","",0,"","","","","","","imputed zero","","fob"
"290-720","R290->720",290,720,"",1950,"","","","",,"","","","","","","not reported","","fob"
"290-732","R290->732",290,732,"",1950,"","","","",,"","","","","","","not reported","","fob"
"290-732","290<-R732",732,290,"",1950,"","","","",,"","","","","","","not reported","","fob"
"290-740","290<-R740",740,290,"",1950,"","","","",0,"","","","","","","imputed zero","","fob"
"290-740","R290->740",290,740,"",1950,"","","","",,"","","","","","","not reported","","fob"
"290-750","R290->750",290,750,"",1950,"","","","",,"","","","","","","not reported","","fob"
"290-750","290<-R750",750,290,"750->290",1950,"Poland","GPH","India","GPH",142857.14,"750","NA","NA","NA","NA","NA","ok","NA","fob"
"290-770","R290->770",290,770,"",1950,"","","","",,"","","","","","","not reported","","fob"
"290-770","290<-R770",770,290,"",1950,"","","","",0,"","","","","","","imputed zero","","fob"
"290-775","R290->775",290,775,"",1950,"","","","",,"","","","","","","not reported","","fob"
"290-775","290<-R775",775,290,"",1950,"","","","",0,"","","","","","","imputed zero","","fob"
"290-780","R290->780",290,780,"",1950,"","","","",,"","","","","","","not reported","","fob"
"290-780","290<-R780",780,290,"",1950,"","","","",0,"","","","","","","imputed zero","","fob"
"290-800","R290->800",290,800,"",1950,"","","","",,"","","","","","","not reported","","fob"
"290-800","290<-R800",800,290,"",1950,"","","","",,"","","","","","","not reported","","fob"
"290-840","290<-R840",840,290,"840->290",1950,"Poland","GPH","Philippines","GPH",71428.57,"840","NA","NA","NA","NA","NA","ok","NA","fob"
"290-840","R290->840",290,840,"",1950,"","","","",,"","","","","","","not reported","","fob"
"290-850","R290->850",290,850,"",1950,"","","","",,"","","","","","","not reported","","fob"
"290-850","290<-R850",850,290,"850->290",1950,"Poland","GPH","Indonesia (Dutch East Indies)","GPH",107142.86,"850","NA","NA","NA","NA","NA","ok","NA","fob"
"290-90","R290->90",290,90,"",1950,"","","","",,"","","","","","","not reported","","fob"
"290-90","290<-R90",90,290,"",1950,"","","","",0,"","","","","","","imputed zero","","fob"
"290-900","290<-R900",900,290,"900->290",1950,"Poland","GPH","Australia","GPH",10142857,"900","NA","NA","NA","NA","NA","ok","NA","fob"
"290-900","R290->900",290,900,"",1950,"","","","",,"","","","","","","not reported","","fob"
"290-91","290<-R91",91,290,"",1950,"","","","",0,"","","","","","","imputed zero","","fob"
"290-91","R290->91",290,91,"",1950,"","","","",,"","","","","","","not reported","","fob"
"290-92","290<-R92",92,290,"",1950,"","","","",0,"","","","","","","imputed zero","","fob"
"290-92","R290->92",290,92,"",1950,"","","","",,"","","","","","","not reported","","fob"
"290-920","R290->920",290,920,"",1950,"","","","",,"","","","","","","not reported","","fob"
"290-920","290<-R920",920,290,"920->290",1950,"Poland","GPH","New Zealand","GPH",1535714.3,"920","NA","NA","NA","NA","NA","ok","NA","fob"
"290-93","290<-R93",93,290,"",1950,"","","","",0,"","","","","","","imputed zero","","fob"
"290-93","R290->93",290,93,"",1950,"","","","",,"","","","","","","not reported","","fob"
"290-94","R290->94",290,94,"",1950,"","","","",,"","","","","","","not reported","","fob"
"290-94","290<-R94",94,290,"",1950,"","","","",0,"","","","","","","imputed zero","","fob"
"290-95","R290->95",290,95,"",1950,"","","","",,"","","","","","","not reported","","fob"
"290-95","290<-R95",95,290,"",1950,"","","","",0,"","","","","","","imputed zero","","fob"
"290-960","R290->960",290,960,"",1950,"","","","",,"","","","","","","not reported","","fob"
"290-960","290<-R960",960,290,"",1950,"","","","",,"","","","","","","not reported","","fob"
"305-310","305<-R310",310,305,"",1950,"","","","",,"","","","","","","not reported","","fob"
"305-310","R305->310",305,310,"305->310",1950,"Hungary","GPH","Austria","GPH",3928571.5,"305","NA","NA","NA","NA","NA","ok","NA","fob"
"305-315","305<-R315",315,305,"",1950,"","","","",,"","","","","","","not reported","","fob"
"305-315","R305->315",305,315,"305->315",1950,"Czechoslovakia","GPH","Austria","GPH",6642857,"305","NA","NA","NA","NA","NA","ok","NA","fob"
"305-325","R305->325",305,325,"305->325",1950,"Italy","GPH","Austria","GPH",14571429,"305","NA","NA","NA","NA","NA","ok","NA","fob"
"305-325","305<-R325",325,305,"325->305",1950,"Austria","GPH","Italy","GPH",11392857,"325","NA","NA","NA","NA","NA","ok","NA","fob"
"305-345","R305->345",305,345,"305->345",1950,"Yugoslavia (Kingdom of Serbs, Croats and Slovenes)","GPH","Austria","GPH",4357143,"305","NA","NA","NA","NA","NA","ok","NA","fob"
"305-345","305<-R345",345,305,"",1950,"","","","",,"","","","","","","not reported","","fob"
"305-350","305<-R350",350,305,"350->305",1950,"Austria","GPH","Greece","GPH",2035714.3,"350","NA","NA","NA","NA","NA","ok","NA","fob"
"305-350","R305->350",305,350,"305->350",1950,"Greece","GPH","Austria","GPH",2000000,"305","NA","NA","NA","NA","NA","ok","NA","fob"
"305-352","R305->352",305,352,"305->352",1950,"Cyprus","GPH","Austria","GPH",35714.285,"305","NA","NA","NA","NA","NA","ok","NA","fob"
"305-352","305<-R352",352,305,"",1950,"","","","",0,"","","","","","","imputed zero","","fob"
"305-355","R305->355",305,355,"305->355",1950,"Bulgaria","GPH","Austria","GPH",678571.44,"305","NA","NA","NA","NA","NA","ok","NA","fob"
"305-355","305<-R355",355,305,"",1950,"","","","",,"","","","","","","not reported","","fob"
"305-360","305<-R360",360,305,"",1950,"","","","",,"","","","","","","not reported","","fob"
"305-360","R305->360",305,360,"305->360",1950,"Romania","GPH","Austria","GPH",1142857.1,"305","NA","NA","NA","NA","NA","ok","NA","fob"
"305-365","305<-R365",365,305,"",1950,"","","","",,"","","","","","","not reported","","fob"
"305-365","R305->365",305,365,"",1950,"","","","",0,"","","","","","","imputed zero","","fob"
"305-375","R305->375",305,375,"305->375",1950,"Finland","GPH","Austria","GPH",464285.72,"305","NA","NA","NA","NA","NA","ok","NA","fob"
"305-375","305<-R375",375,305,"375->305",1950,"Austria","GPH","Finland","GPH",142857.14,"375","NA","NA","NA","NA","NA","ok","NA","fob"
"305-380","R305->380",305,380,"305->380",1950,"Sweden","GPH","Austria","GPH",2071428.6,"305","NA","NA","NA","NA","NA","ok","NA","fob"
"305-380","305<-R380",380,305,"380->305",1950,"Austria","GPH","Sweden","GPH",2000000,"380","NA","NA","NA","NA","NA","ok","NA","fob"
"305-385","305<-R385",385,305,"385->305",1950,"Austria","GPH","Norway","GPH",964285.69,"385","NA","NA","NA","NA","NA","ok","NA","fob"
"305-385","R305->385",305,385,"305->385",1950,"Norway","GPH","Austria","GPH",678571.44,"305","NA","NA","NA","NA","NA","ok","NA","fob"
"305-390","R305->390",305,390,"305->390",1950,"Denmark","GPH","Austria","GPH",1107142.9,"305","NA","NA","NA","NA","NA","ok","NA","fob"
"305-390","305<-R390",390,305,"390->305",1950,"Austria","GPH","Denmark","GPH",1142857.1,"390","NA","NA","NA","NA","NA","ok","NA","fob"
"305-395","305<-R395",395,305,"395->305",1950,"Austria","GPH","Iceland","GPH",214285.72,"395","NA","NA","NA","NA","NA","ok","NA","fob"
"305-395","R305->395",305,395,"",1950,"","","","",0,"","","","","","","imputed zero","","fob"
"305-40","305<-R40",40,305,"40->305",1950,"Austria","GPH","Cuba","GPH",1571428.6,"40","NA","NA","NA","NA","NA","ok","NA","fob"
"305-40","R305->40",305,40,"305->40",1950,"Cuba","GPH","Austria","GPH",71428.57,"305","NA","NA","NA","NA","NA","ok","NA","fob"
"305-41","305<-R41",41,305,"",1950,"","","","",0,"","","","","","","imputed zero","","fob"
"305-41","R305->41",305,41,"",1950,"","","","",0,"","","","","","","imputed zero","","fob"
"305-42","305<-R42",42,305,"",1950,"","","","",0,"","","","","","","imputed zero","","fob"
"305-42","R305->42",305,42,"",1950,"","","","",0,"","","","","","","imputed zero","","fob"
"305-452","305<-R452",452,305,"",1950,"","","","",0,"","","","","","","imputed zero","","fob"
"305-452","R305->452",305,452,"",1950,"","","","",0,"","","","","","","imputed zero","","fob"
"305-471","305<-R471",471,305,"",1950,"","","","",0,"","","","","","","imputed zero","","fob"
"305-471","R305->471",305,471,"",1950,"","","","",0,"","","","","","","imputed zero","","fob"
"305-475","R305->475",305,475,"",1950,"","","","",0,"","","","","","","imputed zero","","fob"
"305-475","305<-R475",475,305,"",1950,"","","","",0,"","","","","","","imputed zero","","fob"
"305-490","R305->490",305,490,"",1950,"","","","",0,"","","","","","","imputed zero","","fob"
"305-490","305<-R490",490,305,"",1950,"","","","",0,"","","","","","","imputed zero","","fob"
"305-500","305<-R500",500,305,"",1950,"","","","",0,"","","","","","","imputed zero","","fob"
"305-500","R305->500",305,500,"",1950,"","","","",0,"","","","","","","imputed zero","","fob"
"305-501","R305->501",305,501,"",1950,"","","","",0,"","","","","","","imputed zero","","fob"
"305-501","305<-R501",501,305,"",1950,"","","","",0,"","","","","","","imputed zero","","fob"
"305-51","R305->51",305,51,"",1950,"","","","",0,"","","","","","","imputed zero","","fob"
"305-51","305<-R51",51,305,"",1950,"","","","",0,"","","","","","","imputed zero","","fob"
"305-512","305<-R512",512,305,"",1950,"","","","",0,"","","","","","","imputed zero","","fob"
"305-512","R305->512",305,512,"",1950,"","","","",0,"","","","","","","imputed zero","","fob"
"305-52","305<-R52",52,305,"",1950,"","","","",0,"","","","","","","imputed zero","","fob"
"305-52","R305->52",305,52,"",1950,"","","","",0,"","","","","","","imputed zero","","fob"
"305-522","R305->522",305,522,"",1950,"","","","",0,"","","","","","","imputed zero","","fob"
"305-522","305<-R522",522,305,"",1950,"","","","",,"","","","","","","not reported","","fob"
"305-530","305<-R530",530,305,"",1950,"","","","",0,"","","","","","","imputed zero","","fob"
"305-530","R305->530",305,530,"",1950,"","","","",0,"","","","","","","imputed zero","","fob"
"305-540","305<-R540",540,305,"",1950,"","","","",0,"","","","","","","imputed zero","","fob"
"305-540","R305->540",305,540,"",1950,"","","","",0,"","","","","","","imputed zero","","fob"
"305-541","305<-R541",541,305,"",1950,"","","","",0,"","","","","","","imputed zero","","fob"
"305-541","R305->541",305,541,"",1950,"","","","",0,"","","","","","","imputed zero","","fob"
"305-551","305<-R551",551,305,"",1950,"","","","",0,"","","","","","","imputed zero","","fob"
"305-551","R305->551",305,551,"",1950,"","","","",0,"","","","","","","imputed zero","","fob"
"305-552","R305->552",305,552,"",1950,"","","","",0,"","","","","","","imputed zero","","fob"
"305-552","305<-R552",552,305,"",1950,"","","","",0,"","","","","","","imputed zero","","fob"
"305-560","R305->560",305,560,"305->560",1950,"South Africa","GPH","Austria","GPH",285714.28,"305","NA","NA","NA","NA","NA","ok","NA","fob"
"305-560","305<-R560",560,305,"",1950,"","","","",,"","","","","","","not reported","","fob"
"305-580","R305->580",305,580,"",1950,"","","","",0,"","","","","","","imputed zero","","fob"
"305-580","305<-R580",580,305,"",1950,"","","","",0,"","","","","","","imputed zero","","fob"
"305-600","305<-R600",600,305,"600->305",1950,"Austria","GPH","Morocco","GPH",107142.86,"600","NA","NA","NA","NA","NA","ok","NA","fob"
"305-600","R305->600",305,600,"305->600",1950,"Morocco","GPH","Austria","GPH",392857.16,"305","NA","NA","NA","NA","NA","ok","NA","fob"
"305-615","305<-R615",615,305,"615->305",1950,"Austria","GPH","Algeria (Regency of Algiers)","GPH",71428.57,"615","NA","NA","NA","NA","NA","ok","NA","fob"
"305-615","R305->615",305,615,"305->615",1950,"Algeria (Regency of Algiers)","GPH","Austria","GPH",35714.285,"305","NA","NA","NA","NA","NA","ok","NA","fob"
"305-616","R305->616",305,616,"",1950,"","","","",0,"","","","","","","imputed zero","","fob"
"305-616","305<-R616",616,305,"",1950,"","","","",0,"","","","","","","imputed zero","","fob"
"305-625","R305->625",305,625,"305->625",1950,"Sudan (Anglo-Egyptian Sudan) (Mahdist State)","GPH","Austria","GPH",35714.285,"305","NA","NA","NA","NA","NA","ok","NA","fob"
"305-625","305<-R625",625,305,"625->305",1950,"Austria","GPH","Sudan (Anglo-Egyptian Sudan) (Mahdist State)","GPH",35714.285,"625","NA","NA","NA","NA","NA","ok","NA","fob"
"305-630","R305->630",305,630,"305->630",1950,"Iran (Persia)","GPH","Austria","GPH",321428.56,"305","NA","NA","NA","NA","NA","ok","NA","fob"
"305-630","305<-R630",630,305,"",1950,"","","","",,"","","","","","","not reported","","fob"
"305-640","R305->640",305,640,"305->640",1950,"Turkey (Ottoman Empire)","GPH","Austria","GPH",1607142.9,"305","NA","NA","NA","NA","NA","ok","NA","fob"
"305-640","305<-R640",640,305,"640->305",1950,"Austria","GPH","Turkey (Ottoman Empire)","GPH",3785714.3,"640","NA","NA","NA","NA","NA","ok","NA","fob"
"305-645","305<-R645",645,305,"",1950,"","","","",0,"","","","","","","imputed zero","","fob"
"305-645","R305->645",305,645,"",1950,"","","","",0,"","","","","","","imputed zero","","fob"
"305-651","305<-R651",651,305,"651->305",1950,"Austria","GPH","Egypt Arab Republic (Egypt)","GPH",1500000,"651","NA","NA","NA","NA","NA","ok","NA","fob"
"305-651","R305->651",305,651,"305->651",1950,"Egypt Arab Republic (Egypt)","GPH","Austria","GPH",1750000,"305","NA","NA","NA","NA","NA","ok","NA","fob"
"305-652","R305->652",305,652,"305->652",1950,"Syria","GPH","Austria","GPH",214285.72,"305","NA","NA","NA","NA","NA","ok","NA","fob"
"305-652","305<-R652",652,305,"",1950,"","","","",0,"","","","","","","imputed zero","","fob"
"305-660","R305->660",305,660,"305->660",1950,"Lebanon","GPH","Austria","GPH",250000,"305","NA","NA","NA","NA","NA","ok","NA","fob"
"305-660","305<-R660",660,305,"",1950,"","","","",0,"","","","","","","imputed zero","","fob"
"305-666","R305->666",305,666,"305->666",1950,"Israel","GPH","Austria","GPH",607142.88,"305","NA","NA","NA","NA","NA","ok","NA","fob"
"305-666","305<-R666",666,305,"666->305",1950,"Austria","GPH","Israel","GPH",142857.14,"666","NA","NA","NA","NA","NA","ok","NA","fob"
"305-670","305<-R670",670,305,"",1950,"","","","",,"","","","","","","not reported","","fob"
"305-670","R305->670",305,670,"",1950,"","","","",0,"","","","","","","imputed zero","","fob"
"305-68","R305->68",305,68,"",1950,"","","","",0,"","","","","","","imputed zero","","fob"
"305-68","305<-R68",68,305,"",1950,"","","","",,"","","","","","","not reported","","fob"
"305-70","R305->70",305,70,"305->70",1950,"Mexico","GPH","Austria","GPH",285714.28,"305","NA","NA","NA","NA","NA","ok","NA","fob"
"305-70","305<-R70",70,305,"",1950,"","","","",0,"","","","","","","imputed zero","","fob"
"305-710","R305->710",305,710,"305->710",1950,"People's Republic of China (China)","GPH","Austria","GPH",142857.14,"305","NA","NA","NA","NA","NA","ok","NA","fob"
"305-710","305<-R710",710,305,"",1950,"","","","",,"","","","","","","not reported","","fob"
"305-713","305<-R713",713,305,"",1950,"","","","",,"","","","","","","not reported","","fob"
"305-713","R305->713",305,713,"",1950,"","","","",0,"","","","","","","imputed zero","","fob"
"305-720","305<-R720",720,305,"",1950,"","","","",0,"","","","","","","imputed zero","","fob"
"305-720","R305->720",305,720,"",1950,"","","","",0,"","","","","","","imputed zero","","fob"
"305-732","R305->732",305,732,"",1950,"","","","",0,"","","","","","","imputed zero","","fob"
"305-732","305<-R732",732,305,"",1950,"","","","",,"","","","","","","not reported","","fob"
"305-740","305<-R740",740,305,"740->305",1950,"Austria","GPH","Japan","GPH",35714.285,"740","NA","NA","NA","NA","NA","ok","NA","fob"
"305-740","R305->740",305,740,"",1950,"","","","",0,"","","","","","","imputed zero","","fob"
"305-750","R305->750",305,750,"305->750",1950,"India","GPH","Austria","GPH",1000000,"305","NA","NA","NA","NA","NA","ok","NA","fob"
"305-750","305<-R750",750,305,"750->305",1950,"Austria","GPH","India","GPH",214285.72,"750","NA","NA","NA","NA","NA","ok","NA","fob"
"305-770","R305->770",305,770,"305->770",1950,"Pakistan","GPH","Austria","GPH",464285.72,"305","NA","NA","NA","NA","NA","ok","NA","fob"
"305-770","305<-R770",770,305,"770->305",1950,"Austria","GPH","Pakistan","GPH",607142.88,"770","NA","NA","NA","NA","NA","ok","NA","fob"
"305-775","R305->775",305,775,"",1950,"","","","",0,"","","","","","","imputed zero","","fob"
"305-775","305<-R775",775,305,"",1950,"","","","",0,"","","","","","","imputed zero","","fob"
"305-780","R305->780",305,780,"305->780",1950,"Sri Lanka (Ceylon)","GPH","Austria","GPH",35714.285,"305","NA","NA","NA","NA","NA","ok","NA","fob"
"305-780","305<-R780",780,305,"780->305",1950,"Austria","GPH","Sri Lanka (Ceylon)","GPH",35714.285,"780","NA","NA","NA","NA","NA","ok","NA","fob"
"305-800","R305->800",305,800,"305->800",1950,"Thailand (Siam)","GPH","Austria","GPH",142857.14,"305","NA","NA","NA","NA","NA","ok","NA","fob"
"305-800","305<-R800",800,305,"",1950,"","","","",,"","","","","","","not reported","","fob"
"305-840","305<-R840",840,305,"",1950,"","","","",0,"","","","","","","imputed zero","","fob"
"305-840","R305->840",305,840,"",1950,"","","","",0,"","","","","","","imputed zero","","fob"
"305-850","305<-R850",850,305,"",1950,"","","","",0,"","","","","","","imputed zero","","fob"
"305-850","R305->850",305,850,"305->850",1950,"Indonesia (Dutch East Indies)","GPH","Austria","GPH",35714.285,"305","NA","NA","NA","NA","NA","ok","NA","fob"
"305-90","R305->90",305,90,"305->90",1950,"Guatemala","GPH","Austria","GPH",35714.285,"305","NA","NA","NA","NA","NA","ok","NA","fob"
"305-90","305<-R90",90,305,"",1950,"","","","",0,"","","","","","","imputed zero","","fob"
"305-900","R305->900",305,900,"305->900",1950,"Australia","GPH","Austria","GPH",750000,"305","NA","NA","NA","NA","NA","ok","NA","fob"
"305-900","305<-R900",900,305,"900->305",1950,"Austria","GPH","Australia","GPH",392857.16,"900","NA","NA","NA","NA","NA","ok","NA","fob"
"305-91","R305->91",305,91,"",1950,"","","","",0,"","","","","","","imputed zero","","fob"
"305-91","305<-R91",91,305,"",1950,"","","","",0,"","","","","","","imputed zero","","fob"
"305-92","305<-R92",92,305,"",1950,"","","","",0,"","","","","","","imputed zero","","fob"
"305-92","R305->92",305,92,"",1950,"","","","",0,"","","","","","","imputed zero","","fob"
"305-920","305<-R920",920,305,"920->305",1950,"Austria","GPH","New Zealand","GPH",178571.42,"920","NA","NA","NA","NA","NA","ok","NA","fob"
"305-920","R305->920",305,920,"305->920",1950,"New Zealand","GPH","Austria","GPH",35714.285,"305","NA","NA","NA","NA","NA","ok","NA","fob"
"305-93","305<-R93",93,305,"",1950,"","","","",0,"","","","","","","imputed zero","","fob"
"305-93","R305->93",305,93,"",1950,"","","","",0,"","","","","","","imputed zero","","fob"
"305-94","R305->94",305,94,"",1950,"","","","",0,"","","","","","","imputed zero","","fob"
"305-94","305<-R94",94,305,"",1950,"","","","",0,"","","","","","","imputed zero","","fob"
"305-95","305<-R95",95,305,"",1950,"","","","",0,"","","","","","","imputed zero","","fob"
"305-95","R305->95",305,95,"",1950,"","","","",0,"","","","","","","imputed zero","","fob"
"305-960","305<-R960",960,305,"",1950,"","","","",,"","","","","","","not reported","","fob"
"305-960","R305->960",305,960,"",1950,"","","","",0,"","","","","","","imputed zero","","fob"
"310-315","R310->315",310,315,"",1950,"","","","",,"","","","","","","not reported","","fob"
"310-315","310<-R315",315,310,"",1950,"","","","",,"","","","","","","not reported","","fob"
"310-325","R310->325",310,325,"",1950,"","","","",,"","","","","","","not reported","","fob"
"310-325","310<-R325",325,310,"325->310",1950,"Hungary","GPH","Italy","GPH",3000000,"325","NA","NA","NA","NA","NA","ok","NA","fob"
"310-345","310<-R345",345,310,"",1950,"","","","",,"","","","","","","not reported","","fob"
"310-345","R310->345",310,345,"",1950,"","","","",,"","","","","","","not reported","","fob"
"310-350","R310->350",310,350,"",1950,"","","","",,"","","","","","","not reported","","fob"
"310-350","310<-R350",350,310,"",1950,"","","","",0,"","","","","","","imputed zero","","fob"
"310-352","R310->352",310,352,"",1950,"","","","",,"","","","","","","not reported","","fob"
"310-352","310<-R352",352,310,"",1950,"","","","",0,"","","","","","","imputed zero","","fob"
"310-355","310<-R355",355,310,"",1950,"","","","",,"","","","","","","not reported","","fob"
"310-355","R310->355",310,355,"",1950,"","","","",,"","","","","","","not reported","","fob"
"310-360","R310->360",310,360,"",1950,"","","","",,"","","","","","","not reported","","fob"
"310-360","310<-R360",360,310,"",1950,"","","","",,"","","","","","","not reported","","fob"
"310-365","310<-R365",365,310,"",1950,"","","","",,"","","","","","","not reported","","fob"
"310-365","R310->365",310,365,"",1950,"","","","",,"","","","","","","not reported","","fob"
"310-375","R310->375",310,375,"",1950,"","","","",,"","","","","","","not reported","","fob"
"310-375","310<-R375",375,310,"375->310",1950,"Hungary","GPH","Finland","GPH",392857.16,"375","NA","NA","NA","NA","NA","ok","NA","fob"
"310-380","R310->380",310,380,"",1950,"","","","",,"","","","","","","not reported","","fob"
"310-380","310<-R380",380,310,"380->310",1950,"Hungary","GPH","Sweden","GPH",214285.72,"380","NA","NA","NA","NA","NA","ok","NA","fob"
"310-385","R310->385",310,385,"",1950,"","","","",,"","","","","","","not reported","","fob"
"310-385","310<-R385",385,310,"385->310",1950,"Hungary","GPH","Norway","GPH",250000,"385","NA","NA","NA","NA","NA","ok","NA","fob"
"310-390","R310->390",310,390,"",1950,"","","","",,"","","","","","","not reported","","fob"
"310-390","310<-R390",390,310,"390->310",1950,"Hungary","GPH","Denmark","GPH",428571.44,"390","NA","NA","NA","NA","NA","ok","NA","fob"
"310-395","310<-R395",395,310,"395->310",1950,"Hungary","GPH","Iceland","GPH",107142.86,"395","NA","NA","NA","NA","NA","ok","NA","fob"
"310-395","R310->395",310,395,"",1950,"","","","",,"","","","","","","not reported","","fob"
"310-40","310<-R40",40,310,"",1950,"","","","",0,"","","","","","","imputed zero","","fob"
"310-40","R310->40",310,40,"",1950,"","","","",,"","","","","","","not reported","","fob"
"310-41","R310->41",310,41,"",1950,"","","","",,"","","","","","","not reported","","fob"
"310-41","310<-R41",41,310,"",1950,"","","","",0,"","","","","","","imputed zero","","fob"
"310-42","R310->42",310,42,"",1950,"","","","",,"","","","","","","not reported","","fob"
"310-42","310<-R42",42,310,"",1950,"","","","",0,"","","","","","","imputed zero","","fob"
"310-452","310<-R452",452,310,"",1950,"","","","",0,"","","","","","","imputed zero","","fob"
"310-452","R310->452",310,452,"",1950,"","","","",,"","","","","","","not reported","","fob"
"310-471","310<-R471",471,310,"",1950,"","","","",0,"","","","","","","imputed zero","","fob"
"310-471","R310->471",310,471,"",1950,"","","","",,"","","","","","","not reported","","fob"
"310-475","310<-R475",475,310,"",1950,"","","","",0,"","","","","","","imputed zero","","fob"
"310-475","R310->475",310,475,"",1950,"","","","",,"","","","","","","not reported","","fob"
"310-490","310<-R490",490,310,"",1950,"","","","",0,"","","","","","","imputed zero","","fob"
"310-490","R310->490",310,490,"",1950,"","","","",,"","","","","","","not reported","","fob"
"310-500","310<-R500",500,310,"",1950,"","","","",0,"","","","","","","imputed zero","","fob"
"310-500","R310->500",310,500,"",1950,"","","","",,"","","","","","","not reported","","fob"
"310-501","310<-R501",501,310,"",1950,"","","","",0,"","","","","","","imputed zero","","fob"
"310-501","R310->501",310,501,"",1950,"","","","",,"","","","","","","not reported","","fob"
"310-51","R310->51",310,51,"",1950,"","","","",,"","","","","","","not reported","","fob"
"310-51","310<-R51",51,310,"",1950,"","","","",0,"","","","","","","imputed zero","","fob"
"310-512","310<-R512",512,310,"",1950,"","","","",0,"","","","","","","imputed zero","","fob"
"310-512","R310->512",310,512,"",1950,"","","","",,"","","","","","","not reported","","fob"
"310-52","R310->52",310,52,"",1950,"","","","",,"","","","","","","not reported","","fob"
"310-52","310<-R52",52,310,"",1950,"","","","",0,"","","","","","","imputed zero","","fob"
"310-522","310<-R522",522,310,"",1950,"","","","",,"","","","","","","not reported","","fob"
"310-522","R310->522",310,522,"",1950,"","","","",,"","","","","","","not reported","","fob"
"310-530","R310->530",310,530,"",1950,"","","","",,"","","","","","","not reported","","fob"
"310-530","310<-R530",530,310,"",1950,"","","","",0,"","","","","","","imputed zero","","fob"
"310-540","310<-R540",540,310,"",1950,"","","","",0,"","","","","","","imputed zero","","fob"
"310-540","R310->540",310,540,"",1950,"","","","",,"","","","","","","not reported","","fob"
"310-541","310<-R541",541,310,"",1950,"","","","",0,"","","","","","","imputed zero","","fob"
"310-541","R310->541",310,541,"",1950,"","","","",,"","","","","","","not reported","","fob"
"310-551","310<-R551",551,310,"",1950,"","","","",0,"","","","","","","imputed zero","","fob"
"310-551","R310->551",310,551,"",1950,"","","","",,"","","","","","","not reported","","fob"
"310-552","R310->552",310,552,"",1950,"","","","",,"","","","","","","not reported","","fob"
"310-552","310<-R552",552,310,"",1950,"","","","",0,"","","","","","","imputed zero","","fob"
"310-560","R310->560",310,560,"",1950,"","","","",,"","","","","","","not reported","","fob"
"310-560","310<-R560",560,310,"",1950,"","","","",,"","","","","","","not reported","","fob"
"310-580","310<-R580",580,310,"",1950,"","","","",0,"","","","","","","imputed zero","","fob"
"310-580","R310->580",310,580,"",1950,"","","","",,"","","","","","","not reported","","fob"
"310-600","R310->600",310,600,"",1950,"","","","",,"","","","","","","not reported","","fob"
"310-600","310<-R600",600,310,"600->310",1950,"Hungary","GPH","Morocco","GPH",71428.57,"600","NA","NA","NA","NA","NA","ok","NA","fob"
"310-615","310<-R615",615,310,"615->310",1950,"Hungary","GPH","Algeria (Regency of Algiers)","GPH",71428.57,"615","NA","NA","NA","NA","NA","ok","NA","fob"
"310-615","R310->615",310,615,"",1950,"","","","",,"","","","","","","not reported","","fob"
"310-616","R310->616",310,616,"",1950,"","","","",,"","","","","","","not reported","","fob"
"310-616","310<-R616",616,310,"",1950,"","","","",0,"","","","","","","imputed zero","","fob"
"310-625","R310->625",310,625,"",1950,"","","","",,"","","","","","","not reported","","fob"
"310-625","310<-R625",625,310,"",1950,"","","","",0,"","","","","","","imputed zero","","fob"
"310-630","R310->630",310,630,"",1950,"","","","",,"","","","","","","not reported","","fob"
"310-630","310<-R630",630,310,"",1950,"","","","",,"","","","","","","not reported","","fob"
"310-640","310<-R640",640,310,"640->310",1950,"Hungary","GPH","Turkey (Ottoman Empire)","GPH",1321428.6,"640","NA","NA","NA","NA","NA","ok","NA","fob"
"310-640","R310->640",310,640,"",1950,"","","","",,"","","","","","","not reported","","fob"
"310-645","R310->645",310,645,"",1950,"","","","",,"","","","","","","not reported","","fob"
"310-645","310<-R645",645,310,"",1950,"","","","",0,"","","","","","","imputed zero","","fob"
"310-651","R310->651",310,651,"",1950,"","","","",,"","","","","","","not reported","","fob"
"310-651","310<-R651",651,310,"651->310",1950,"Hungary","GPH","Egypt Arab Republic (Egypt)","GPH",1107142.9,"651","NA","NA","NA","NA","NA","ok","NA","fob"
"310-652","310<-R652",652,310,"",1950,"","","","",0,"","","","","","","imputed zero","","fob"
"310-652","R310->652",310,652,"",1950,"","","","",,"","","","","","","not reported","","fob"
"310-660","R310->660",310,660,"",1950,"","","","",,"","","","","","","not reported","","fob"
"310-660","310<-R660",660,310,"",1950,"","","","",0,"","","","","","","imputed zero","","fob"
"310-666","310<-R666",666,310,"666->310",1950,"Hungary","GPH","Israel","GPH",142857.14,"666","NA","NA","NA","NA","NA","ok","NA","fob"
"310-666","R310->666",310,666,"",1950,"","","","",,"","","","","","","not reported","","fob"
"310-670","R310->670",310,670,"",1950,"","","","",,"","","","","","","not reported","","fob"
"310-670","310<-R670",670,310,"",1950,"","","","",,"","","","","","","not reported","","fob"
"310-68","310<-R68",68,310,"",1950,"","","","",,"","","","","","","not reported","","fob"
"310-68","R310->68",310,68,"",1950,"","","","",,"","","","","","","not reported","","fob"
"310-70","310<-R70",70,310,"",1950,"","","","",0,"","","","","","","imputed zero","","fob"
"310-70","R310->70",310,70,"",1950,"","","","",,"","","","","","","not reported","","fob"
"310-710","310<-R710",710,310,"",1950,"","","","",,"","","","","","","not reported","","fob"
"310-710","R310->710",310,710,"",1950,"","","","",,"","","","","","","not reported","","fob"
"310-713","R310->713",310,713,"",1950,"","","","",,"","","","","","","not reported","","fob"
"310-713","310<-R713",713,310,"",1950,"","","","",,"","","","","","","not reported","","fob"
"310-720","310<-R720",720,310,"",1950,"","","","",0,"","","","","","","imputed zero","","fob"
"310-720","R310->720",310,720,"",1950,"","","","",,"","","","","","","not reported","","fob"
"310-732","310<-R732",732,310,"",1950,"","","","",,"","","","","","","not reported","","fob"
"310-732","R310->732",310,732,"",1950,"","","","",,"","","","","","","not reported","","fob"
"310-740","310<-R740",740,310,"",1950,"","","","",0,"","","","","","","imputed zero","","fob"
"310-740","R310->740",310,740,"",1950,"","","","",,"","","","","","","not reported","","fob"
"310-750","R310->750",310,750,"",1950,"","","","",,"","","","","","","not reported","","fob"
"310-750","310<-R750",750,310,"",1950,"","","","",0,"","","","","","","imputed zero","","fob"
"310-770","310<-R770",770,310,"770->310",1950,"Hungary","GPH","Pakistan","GPH",214285.72,"770","NA","NA","NA","NA","NA","ok","NA","fob"
"310-770","R310->770",310,770,"",1950,"","","","",,"","","","","","","not reported","","fob"
"310-775","R310->775",310,775,"",1950,"","","","",,"","","","","","","not reported","","fob"
"310-775","310<-R775",775,310,"",1950,"","","","",0,"","","","","","","imputed zero","","fob"
"310-780","R310->780",310,780,"",1950,"","","","",,"","","","","","","not reported","","fob"
"310-780","310<-R780",780,310,"",1950,"","","","",0,"","","","","","","imputed zero","","fob"
"310-800","310<-R800",800,310,"",1950,"","","","",,"","","","","","","not reported","","fob"
"310-800","R310->800",310,800,"",1950,"","","","",,"","","","","","","not reported","","fob"
"310-840","310<-R840",840,310,"",1950,"","","","",0,"","","","","","","imputed zero","","fob"
"310-840","R310->840",310,840,"",1950,"","","","",,"","","","","","","not reported","","fob"
"310-850","310<-R850",850,310,"",1950,"","","","",0,"","","","","","","imputed zero","","fob"
"310-850","R310->850",310,850,"",1950,"","","","",,"","","","","","","not reported","","fob"
"310-90","R310->90",310,90,"",1950,"","","","",,"","","","","","","not reported","","fob"
"310-90","310<-R90",90,310,"",1950,"","","","",0,"","","","","","","imputed zero","","fob"
"310-900","R310->900",310,900,"",1950,"","","","",,"","","","","","","not reported","","fob"
"310-900","310<-R900",900,310,"900->310",1950,"Hungary","GPH","Australia","GPH",178571.42,"900","NA","NA","NA","NA","NA","ok","NA","fob"
"310-91","R310->91",310,91,"",1950,"","","","",,"","","","","","","not reported","","fob"
"310-91","310<-R91",91,310,"",1950,"","","","",0,"","","","","","","imputed zero","","fob"
"310-92","310<-R92",92,310,"",1950,"","","","",0,"","","","","","","imputed zero","","fob"
"310-92","R310->92",310,92,"",1950,"","","","",,"","","","","","","not reported","","fob"
"310-920","R310->920",310,920,"",1950,"","","","",,"","","","","","","not reported","","fob"
"310-920","310<-R920",920,310,"",1950,"","","","",0,"","","","","","","imputed zero","","fob"
"310-93","R310->93",310,93,"",1950,"","","","",,"","","","","","","not reported","","fob"
"310-93","310<-R93",93,310,"",1950,"","","","",0,"","","","","","","imputed zero","","fob"
"310-94","R310->94",310,94,"",1950,"","","","",,"","","","","","","not reported","","fob"
"310-94","310<-R94",94,310,"",1950,"","","","",0,"","","","","","","imputed zero","","fob"
"310-95","R310->95",310,95,"",1950,"","","","",,"","","","","","","not reported","","fob"
"310-95","310<-R95",95,310,"",1950,"","","","",0,"","","","","","","imputed zero","","fob"
"310-960","310<-R960",960,310,"",1950,"","","","",,"","","","","","","not reported","","fob"
"310-960","R310->960",310,960,"",1950,"","","","",,"","","","","","","not reported","","fob"
"315-325","315<-R325",325,315,"325->315",1950,"Czechoslovakia","GPH","Italy","GPH",4035714.3,"325","NA","NA","NA","NA","NA","ok","NA","fob"
"315-325","R315->325",315,325,"",1950,"","","","",,"","","","","","","not reported","","fob"
"315-345","R315->345",315,345,"",1950,"","","","",,"","","","","","","not reported","","fob"
"315-345","315<-R345",345,315,"",1950,"","","","",,"","","","","","","not reported","","fob"
"315-350","R315->350",315,350,"",1950,"","","","",,"","","","","","","not reported","","fob"
"315-350","315<-R350",350,315,"350->315",1950,"Czechoslovakia","GPH","Greece","GPH",142857.14,"350","NA","NA","NA","NA","NA","ok","NA","fob"
"315-352","315<-R352",352,315,"352->315",1950,"Czechoslovakia","GPH","Cyprus","GPH",178571.42,"352","NA","NA","NA","NA","NA","ok","NA","fob"
"315-352","R315->352",315,352,"",1950,"","","","",,"","","","","","","not reported","","fob"
"315-355","R315->355",315,355,"",1950,"","","","",,"","","","","","","not reported","","fob"
"315-355","315<-R355",355,315,"",1950,"","","","",,"","","","","","","not reported","","fob"
"315-360","R315->360",315,360,"",1950,"","","","",,"","","","","","","not reported","","fob"
"315-360","315<-R360",360,315,"",1950,"","","","",,"","","","","","","not reported","","fob"
"315-365","R315->365",315,365,"",1950,"","","","",,"","","","","","","not reported","","fob"
"315-365","315<-R365",365,315,"",1950,"","","","",,"","","","","","","not reported","","fob"
"315-375","315<-R375",375,315,"375->315",1950,"Czechoslovakia","GPH","Finland","GPH",928571.44,"375","NA","NA","NA","NA","NA","ok","NA","fob"
"315-375","R315->375",315,375,"",1950,"","","","",,"","","","","","","not reported","","fob"
"315-380","R315->380",315,380,"",1950,"","","","",,"","","","","","","not reported","","fob"
"315-380","315<-R380",380,315,"380->315",1950,"Czechoslovakia","GPH","Sweden","GPH",6892857,"380","NA","NA","NA","NA","NA","ok","NA","fob"
"315-385","R315->385",315,385,"",1950,"","","","",,"","","","","","","not reported","","fob"
"315-385","315<-R385",385,315,"385->315",1950,"Czechoslovakia","GPH","Norway","GPH",2000000,"385","NA","NA","NA","NA","NA","ok","NA","fob"
"315-390","315<-R390",390,315,"390->315",1950,"Czechoslovakia","GPH","Denmark","GPH",1535714.3,"390","NA","NA","NA","NA","NA","ok","NA","fob"
"315-390","R315->390",315,390,"",1950,"","","","",,"","","","","","","not reported","","fob"
"315-395","R315->395",315,395,"",1950,"","","","",,"","","","","","","not reported","","fob"
"315-395","315<-R395",395,315,"395->315",1950,"Czechoslovakia","GPH","Iceland","GPH",357142.84,"395","NA","NA","NA","NA","NA","ok","NA","fob"
"315-40","315<-R40",40,315,"",1950,"","","","",0,"","","","","","","imputed zero","","fob"
"315-40","R315->40",315,40,"",1950,"","","","",,"","","","","","","not reported","","fob"
"315-41","315<-R41",41,315,"",1950,"","","","",0,"","","","","","","imputed zero","","fob"
"315-41","R315->41",315,41,"",1950,"","","","",,"","","","","","","not reported","","fob"
"315-42","R315->42",315,42,"",1950,"","","","",,"","","","","","","not reported","","fob"
"315-42","315<-R42",42,315,"",1950,"","","","",0,"","","","","","","imputed zero","","fob"
"315-452","R315->452",315,452,"",1950,"","","","",,"","","","","","","not reported","","fob"
"315-452","315<-R452",452,315,"",1950,"","","","",0,"","","","","","","imputed zero","","fob"
"315-471","R315->471",315,471,"",1950,"","","","",,"","","","","","","not reported","","fob"
"315-471","315<-R471",471,315,"471->315",1950,"Czechoslovakia","GPH","Cameroun (French Cameroon)","GPH",107142.86,"471","NA","NA","NA","NA","NA","ok","NA","fob"
"315-475","R315->475",315,475,"",1950,"","","","",,"","","","","","","not reported","","fob"
"315-475","315<-R475",475,315,"475->315",1950,"Czechoslovakia","GPH","Nigeria","GPH",357142.84,"475","NA","NA","NA","NA","NA","ok","NA","fob"
"315-490","315<-R490",490,315,"",1950,"","","","",0,"","","","","","","imputed zero","","fob"
"315-490","R315->490",315,490,"",1950,"","","","",,"","","","","","","not reported","","fob"
"315-500","R315->500",315,500,"",1950,"","","","",,"","","","","","","not reported","","fob"
"315-500","315<-R500",500,315,"",1950,"","","","",0,"","","","","","","imputed zero","","fob"
"315-501","R315->501",315,501,"",1950,"","","","",,"","","","","","","not reported","","fob"
"315-501","315<-R501",501,315,"",1950,"","","","",0,"","","","","","","imputed zero","","fob"
"315-51","315<-R51",51,315,"",1950,"","","","",0,"","","","","","","imputed zero","","fob"
"315-51","R315->51",315,51,"",1950,"","","","",,"","","","","","","not reported","","fob"
"315-512","315<-R512",512,315,"",1950,"","","","",0,"","","","","","","imputed zero","","fob"
"315-512","R315->512",315,512,"",1950,"","","","",,"","","","","","","not reported","","fob"
"315-52","R315->52",315,52,"",1950,"","","","",,"","","","","","","not reported","","fob"
"315-52","315<-R52",52,315,"",1950,"","","","",0,"","","","","","","imputed zero","","fob"
"315-522","R315->522",315,522,"",1950,"","","","",,"","","","","","","not reported","","fob"
"315-522","315<-R522",522,315,"",1950,"","","","",,"","","","","","","not reported","","fob"
"315-530","R315->530",315,530,"",1950,"","","","",,"","","","","","","not reported","","fob"
"315-530","315<-R530",530,315,"",1950,"","","","",0,"","","","","","","imputed zero","","fob"
"315-540","R315->540",315,540,"",1950,"","","","",,"","","","","","","not reported","","fob"
"315-540","315<-R540",540,315,"",1950,"","","","",0,"","","","","","","imputed zero","","fob"
"315-541","R315->541",315,541,"",1950,"","","","",,"","","","","","","not reported","","fob"
"315-541","315<-R541",541,315,"",1950,"","","","",0,"","","","","","","imputed zero","","fob"
"315-551","R315->551",315,551,"",1950,"","","","",,"","","","","","","not reported","","fob"
"315-551","315<-R551",551,315,"",1950,"","","","",0,"","","","","","","imputed zero","","fob"
"315-552","315<-R552",552,315,"",1950,"","","","",0,"","","","","","","imputed zero","","fob"
"315-552","R315->552",315,552,"",1950,"","","","",,"","","","","","","not reported","","fob"
"315-560","315<-R560",560,315,"",1950,"","","","",,"","","","","","","not reported","","fob"
"315-560","R315->560",315,560,"",1950,"","","","",,"","","","","","","not reported","","fob"
"315-580","R315->580",315,580,"",1950,"","","","",,"","","","","","","not reported","","fob"
"315-580","315<-R580",580,315,"",1950,"","","","",0,"","","","","","","imputed zero","","fob"
"315-600","315<-R600",600,315,"600->315",1950,"Czechoslovakia","GPH","Morocco","GPH",35714.285,"600","NA","NA","NA","NA","NA","ok","NA","fob"
"315-600","R315->600",315,600,"",1950,"","","","",,"","","","","","","not reported","","fob"
"315-615","315<-R615",615,315,"",1950,"","","","",0,"","","","","","","imputed zero","","fob"
"315-615","R315->615",315,615,"",1950,"","","","",,"","","","","","","not reported","","fob"
"315-616","R315->616",315,616,"",1950,"","","","",,"","","","","","","not reported","","fob"
"315-616","315<-R616",616,315,"616->315",1950,"Czechoslovakia","GPH","Tunisia (Regency of Tunis)","GPH",35714.285,"616","NA","NA","NA","NA","NA","ok","NA","fob"
"315-625","R315->625",315,625,"",1950,"","","","",,"","","","","","","not reported","","fob"
"315-625","315<-R625",625,315,"",1950,"","","","",0,"","","","","","","imputed zero","","fob"
"315-630","315<-R630",630,315,"",1950,"","","","",,"","","","","","","not reported","","fob"
"315-630","R315->630",315,630,"",1950,"","","","",,"","","","","","","not reported","","fob"
"315-640","315<-R640",640,315,"640->315",1950,"Czechoslovakia","GPH","Turkey (Ottoman Empire)","GPH",3607142.8,"640","NA","NA","NA","NA","NA","ok","NA","fob"
"315-640","R315->640",315,640,"",1950,"","","","",,"","","","","","","not reported","","fob"
"315-645","315<-R645",645,315,"",1950,"","","","",0,"","","","","","","imputed zero","","fob"
"315-645","R315->645",315,645,"",1950,"","","","",,"","","","","","","not reported","","fob"
"315-651","R315->651",315,651,"",1950,"","","","",,"","","","","","","not reported","","fob"
"315-651","315<-R651",651,315,"651->315",1950,"Czechoslovakia","GPH","Egypt Arab Republic (Egypt)","GPH",4071428.5,"651","NA","NA","NA","NA","NA","ok","NA","fob"
"315-652","315<-R652",652,315,"652->315",1950,"Czechoslovakia","GPH","Syria","GPH",107142.86,"652","NA","NA","NA","NA","NA","ok","NA","fob"
"315-652","R315->652",315,652,"",1950,"","","","",,"","","","","","","not reported","","fob"
"315-660","R315->660",315,660,"",1950,"","","","",,"","","","","","","not reported","","fob"
"315-660","315<-R660",660,315,"660->315",1950,"Czechoslovakia","GPH","Lebanon","GPH",250000,"660","NA","NA","NA","NA","NA","ok","NA","fob"
"315-666","R315->666",315,666,"",1950,"","","","",,"","","","","","","not reported","","fob"
"315-666","315<-R666",666,315,"666->315",1950,"Czechoslovakia","GPH","Israel","GPH",178571.42,"666","NA","NA","NA","NA","NA","ok","NA","fob"
"315-670","R315->670",315,670,"",1950,"","","","",,"","","","","","","not reported","","fob"
"315-670","315<-R670",670,315,"",1950,"","","","",,"","","","","","","not reported","","fob"
"315-68","R315->68",315,68,"",1950,"","","","",,"","","","","","","not reported","","fob"
"315-68","315<-R68",68,315,"",1950,"","","","",,"","","","","","","not reported","","fob"
"315-70","R315->70",315,70,"",1950,"","","","",,"","","","","","","not reported","","fob"
"315-70","315<-R70",70,315,"",1950,"","","","",0,"","","","","","","imputed zero","","fob"
"315-710","R315->710",315,710,"",1950,"","","","",,"","","","","","","not reported","","fob"
"315-710","315<-R710",710,315,"",1950,"","","","",,"","","","","","","not reported","","fob"
"315-713","R315->713",315,713,"",1950,"","","","",,"","","","","","","not reported","","fob"
"315-713","315<-R713",713,315,"",1950,"","","","",,"","","","","","","not reported","","fob"
"315-720","R315->720",315,720,"",1950,"","","","",,"","","","","","","not reported","","fob"
"315-720","315<-R720",720,315,"",1950,"","","","",0,"","","","","","","imputed zero","","fob"
"315-732","R315->732",315,732,"",1950,"","","","",,"","","","","","","not reported","","fob"
"315-732","315<-R732",732,315,"",1950,"","","","",,"","","","","","","not reported","","fob"
"315-740","315<-R740",740,315,"",1950,"","","","",0,"","","","","","","imputed zero","","fob"
"315-740","R315->740",315,740,"",1950,"","","","",,"","","","","","","not reported","","fob"
"315-750","315<-R750",750,315,"750->315",1950,"Czechoslovakia","GPH","India","GPH",642857.13,"750","NA","NA","NA","NA","NA","ok","NA","fob"
"315-750","R315->750",315,750,"",1950,"","","","",,"","","","","","","not reported","","fob"
"315-770","R315->770",315,770,"",1950,"","","","",,"","","","","","","not reported","","fob"
"315-770","315<-R770",770,315,"770->315",1950,"Czechoslovakia","GPH","Pakistan","GPH",1821428.6,"770","NA","NA","NA","NA","NA","ok","NA","fob"
"315-775","315<-R775",775,315,"",1950,"","","","",0,"","","","","","","imputed zero","","fob"
"315-775","R315->775",315,775,"",1950,"","","","",,"","","","","","","not reported","","fob"
"315-780","R315->780",315,780,"",1950,"","","","",,"","","","","","","not reported","","fob"
"315-780","315<-R780",780,315,"",1950,"","","","",0,"","","","","","","imputed zero","","fob"
"315-800","315<-R800",800,315,"",1950,"","","","",,"","","","","","","not reported","","fob"
"315-800","R315->800",315,800,"",1950,"","","","",,"","","","","","","not reported","","fob"
"315-840","315<-R840",840,315,"",1950,"","","","",0,"","","","","","","imputed zero","","fob"
"315-840","R315->840",315,840,"",1950,"","","","",,"","","","","","","not reported","","fob"
"315-850","R315->850",315,850,"",1950,"","","","",,"","","","","","","not reported","","fob"
"315-850","315<-R850",850,315,"",1950,"","","","",0,"","","","","","","imputed zero","","fob"
"315-90","315<-R90",90,315,"",1950,"","","","",0,"","","","","","","imputed zero","","fob"
"315-90","R315->90",315,90,"",1950,"","","","",,"","","","","","","not reported","","fob"
"315-900","R315->900",315,900,"",1950,"","","","",,"","","","","","","not reported","","fob"
"315-900","315<-R900",900,315,"900->315",1950,"Czechoslovakia","GPH","Australia","GPH",2357142.8,"900","NA","NA","NA","NA","NA","ok","NA","fob"
"315-91","315<-R91",91,315,"",1950,"","","","",0,"","","","","","","imputed zero","","fob"
"315-91","R315->91",315,91,"",1950,"","","","",,"","","","","","","not reported","","fob"
"315-92","R315->92",315,92,"",1950,"","","","",,"","","","","","","not reported","","fob"
"315-92","315<-R92",92,315,"",1950,"","","","",0,"","","","","","","imputed zero","","fob"
"315-920","R315->920",315,920,"",1950,"","","","",,"","","","","","","not reported","","fob"
"315-920","315<-R920",920,315,"920->315",1950,"Czechoslovakia","GPH","New Zealand","GPH",1000000,"920","NA","NA","NA","NA","NA","ok","NA","fob"
"315-93","315<-R93",93,315,"",1950,"","","","",0,"","","","","","","imputed zero","","fob"
"315-93","R315->93",315,93,"",1950,"","","","",,"","","","","","","not reported","","fob"
"315-94","315<-R94",94,315,"",1950,"","","","",0,"","","","","","","imputed zero","","fob"
"315-94","R315->94",315,94,"",1950,"","","","",,"","","","","","","not reported","","fob"
"315-95","R315->95",315,95,"",1950,"","","","",,"","","","","","","not reported","","fob"
"315-95","315<-R95",95,315,"",1950,"","","","",0,"","","","","","","imputed zero","","fob"
"315-960","R315->960",315,960,"",1950,"","","","",,"","","","","","","not reported","","fob"
"315-960","315<-R960",960,315,"",1950,"","","","",,"","","","","","","not reported","","fob"
"325-345","325<-R345",345,325,"",1950,"","","","",,"","","","","","","not reported","","fob"
"325-345","R325->345",325,345,"325->345",1950,"Yugoslavia (Kingdom of Serbs, Croats and Slovenes)","GPH","Italy","GPH",8035714.5,"325","NA","NA","NA","NA","NA","ok","NA","fob"
"325-350","325<-R350",350,325,"350->325",1950,"Italy","GPH","Greece","GPH",1535714.3,"350","NA","NA","NA","NA","NA","ok","NA","fob"
"325-350","R325->350",325,350,"325->350",1950,"Greece","GPH","Italy","GPH",7250000,"325","NA","NA","NA","NA","NA","ok","NA","fob"
"325-352","325<-R352",352,325,"352->325",1950,"Italy","GPH","Cyprus","GPH",392857.16,"352","NA","NA","NA","NA","NA","ok","NA","fob"
"325-352","R325->352",325,352,"325->352",1950,"Cyprus","GPH","Italy","GPH",1107142.9,"325","NA","NA","NA","NA","NA","ok","NA","fob"
"325-355","325<-R355",355,325,"",1950,"","","","",,"","","","","","","not reported","","fob"
"325-355","R325->355",325,355,"325->355",1950,"Bulgaria","GPH","Italy","GPH",678571.44,"325","NA","NA","NA","NA","NA","ok","NA","fob"
"325-360","R325->360",325,360,"325->360",1950,"Romania","GPH","Italy","GPH",1107142.9,"325","NA","NA","NA","NA","NA","ok","NA","fob"
"325-360","325<-R360",360,325,"",1950,"","","","",,"","","","","","","not reported","","fob"
"325-365","R325->365",325,365,"325->365",1950,"Russia (USSR)","GPH","Italy","GPH",7142857,"325","NA","NA","NA","NA","NA","ok","NA","fob"
"325-365","325<-R365",365,325,"",1950,"","","","",,"","","","","","","not reported","","fob"
"325-375","325<-R375",375,325,"375->325",1950,"Italy","GPH","Finland","GPH",3071428.5,"375","NA","NA","NA","NA","NA","ok","NA","fob"
"325-375","R325->375",325,375,"325->375",1950,"Finland","GPH","Italy","GPH",3250000,"325","NA","NA","NA","NA","NA","ok","NA","fob"
"325-380","R325->380",325,380,"325->380",1950,"Sweden","GPH","Italy","GPH",10964286,"325","NA","NA","NA","NA","NA","ok","NA","fob"
"325-380","325<-R380",380,325,"380->325",1950,"Italy","GPH","Sweden","GPH",8392857,"380","NA","NA","NA","NA","NA","ok","NA","fob"
"325-385","R325->385",325,385,"325->385",1950,"Norway","GPH","Italy","GPH",3714285.8,"325","NA","NA","NA","NA","NA","ok","NA","fob"
"325-385","325<-R385",385,325,"385->325",1950,"Italy","GPH","Norway","GPH",4678571.5,"385","NA","NA","NA","NA","NA","ok","NA","fob"
"325-390","325<-R390",390,325,"390->325",1950,"Italy","GPH","Denmark","GPH",4178571.5,"390","NA","NA","NA","NA","NA","ok","NA","fob"
"325-390","R325->390",325,390,"325->390",1950,"Denmark","GPH","Italy","GPH",5642857,"325","NA","NA","NA","NA","NA","ok","NA","fob"
"325-395","R325->395",325,395,"325->395",1950,"Iceland","GPH","Italy","GPH",214285.72,"325","NA","NA","NA","NA","NA","ok","NA","fob"
"325-395","325<-R395",395,325,"395->325",1950,"Italy","GPH","Iceland","GPH",928571.44,"395","NA","NA","NA","NA","NA","ok","NA","fob"
"325-40","325<-R40",40,325,"40->325",1950,"Italy","GPH","Cuba","GPH",1214285.8,"40","NA","NA","NA","NA","NA","ok","NA","fob"
"325-40","R325->40",325,40,"325->40",1950,"Cuba","GPH","Italy","GPH",785714.31,"325","NA","NA","NA","NA","NA","ok","NA","fob"
"325-41","R325->41",325,41,"325->41",1950,"Haiti","GPH","Italy","GPH",1000000,"325","NA","NA","NA","NA","NA","ok","NA","fob"
"325-41","325<-R41",41,325,"41->325",1950,"Italy","GPH","Haiti","GPH",1250000,"41","NA","NA","NA","NA","NA","ok","NA","fob"
"325-42","325<-R42",42,325,"42->325",1950,"Italy","GPH","Dominican Republic (Santo Domingo)","GPH",321428.56,"42","NA","NA","NA","NA","NA","ok","NA","fob"
"325-42","R325->42",325,42,"325->42",1950,"Dominican Republic (Santo Domingo)","GPH","Italy","GPH",142857.14,"325","NA","NA","NA","NA","NA","ok","NA","fob"
"325-452","325<-R452",452,325,"",1950,"","","","",0,"","","","","","","imputed zero","","fob"
"325-452","R325->452",325,452,"",1950,"","","","",0,"","","","","","","imputed zero","","fob"
"325-471","R325->471",325,471,"",1950,"","","","",0,"","","","","","","imputed zero","","fob"
"325-471","325<-R471",471,325,"471->325",1950,"Italy","GPH","Cameroun (French Cameroon)","GPH",71428.57,"471","NA","NA","NA","NA","NA","ok","NA","fob"
"325-475","325<-R475",475,325,"475->325",1950,"Italy","GPH","Nigeria","GPH",107142.86,"475","NA","NA","NA","NA","NA","ok","NA","fob"
"325-475","R325->475",325,475,"",1950,"","","","",0,"","","","","","","imputed zero","","fob"
"325-490","325<-R490",490,325,"490->325",1950,"Italy","GPH","Democratic Republic of the Congo (Zaire) (Kinshasa) (Belgian Congo) (Congo Free State)","GPH",1714285.8,"490","NA","NA","NA","NA","NA","ok","NA","fob"
"325-490","R325->490",325,490,"325->490",1950,"Democratic Republic of the Congo (Zaire) (Kinshasa) (Belgian Congo) (Congo Free State)","GPH","Italy","GPH",928571.44,"325","NA","NA","NA","NA","NA","ok","NA","fob"
"325-500","R325->500",325,500,"",1950,"","","","",0,"","","","","","","imputed zero","","fob"
"325-500","325<-R500",500,325,"500->325",1950,"Italy","GPH","Uganda","GPH",785714.31,"500","NA","NA","NA","NA","NA","ok","NA","fob"
"325-501","R325->501",325,501,"",1950,"","","","",0,"","","","","","","imputed zero","","fob"
"325-501","325<-R501",501,325,"501->325",1950,"Italy","GPH","Kenya (British East Africa Protectorate)","GPH",178571.42,"501","NA","NA","NA","NA","NA","ok","NA","fob"
"325-51","325<-R51",51,325,"",1950,"","","","",0,"","","","","","","imputed zero","","fob"
"325-51","R325->51",325,51,"",1950,"","","","",0,"","","","","","","imputed zero","","fob"
"325-512","R325->512",325,512,"",1950,"","","","",0,"","","","","","","imputed zero","","fob"
"325-512","325<-R512",512,325,"512->325",1950,"Italy","GPH","Tanzania (Tanganyika)","GPH",285714.28,"512","NA","NA","NA","NA","NA","ok","NA","fob"
"325-52","325<-R52",52,325,"52->325",1950,"Italy","GPH","Trinidad and Tobago","GPH",71428.57,"52","NA","NA","NA","NA","NA","ok","NA","fob"
"325-52","R325->52",325,52,"",1950,"","","","",0,"","","","","","","imputed zero","","fob"
"325-522","R325->522",325,522,"325->522",1950,"Djibouti (Afar and Issas) (French Somaliland)","GPH","Italy","GPH",35714.285,"325","NA","NA","NA","NA","NA","ok","NA","fob"
"325-522","325<-R522",522,325,"",1950,"","","","",,"","","","","","","not reported","","fob"
"325-530","R325->530",325,530,"325->530",1950,"Ethiopia (Abyssinia)","GPH","Italy","GPH",321428.56,"325","NA","NA","NA","NA","NA","ok","NA","fob"
"325-530","325<-R530",530,325,"530->325",1950,"Italy","GPH","Ethiopia (Abyssinia)","GPH",571428.56,"530","NA","NA","NA","NA","NA","ok","NA","fob"
"325-540","325<-R540",540,325,"540->325",1950,"Italy","GPH","Angola","GPH",250000,"540","NA","NA","NA","NA","NA","ok","NA","fob"
"325-540","R325->540",325,540,"",1950,"","","","",0,"","","","","","","imputed zero","","fob"
"325-541","325<-R541",541,325,"541->325",1950,"Italy","GPH","Mozambique (Portuguese East Africa)","GPH",71428.57,"541","NA","NA","NA","NA","NA","ok","NA","fob"
"325-541","R325->541",325,541,"325->541",1950,"Mozambique (Portuguese East Africa)","GPH","Italy","GPH",107142.86,"325","NA","NA","NA","NA","NA","ok","NA","fob"
"325-551","325<-R551",551,325,"551->325",1950,"Italy","GPH","Zambia (Northern Rhodesia)","GPH",107142.86,"551","NA","NA","NA","NA","NA","ok","NA","fob"
"325-551","R325->551",325,551,"",1950,"","","","",0,"","","","","","","imputed zero","","fob"
"325-552","325<-R552",552,325,"552->325",1950,"Italy","GPH","Zimbabwe (Rhodesia) (Southern Rhodesia)","GPH",178571.42,"552","NA","NA","NA","NA","NA","ok","NA","fob"
"325-552","R325->552",325,552,"",1950,"","","","",0,"","","","","","","imputed zero","","fob"
"325-560","R325->560",325,560,"325->560",1950,"South Africa","GPH","Italy","GPH",8500000,"325","NA","NA","NA","NA","NA","ok","NA","fob"
"325-560","325<-R560",560,325,"",1950,"","","","",,"","","","","","","not reported","","fob"
"325-580","325<-R580",580,325,"580->325",1950,"Italy","GPH","Madagascar (Malagasy Republic)","GPH",107142.86,"580","NA","NA","NA","NA","NA","ok","NA","fob"
"325-580","R325->580",325,580,"",1950,"","","","",0,"","","","","","","imputed zero","","fob"
"325-600","325<-R600",600,325,"600->325",1950,"Italy","GPH","Morocco","GPH",1892857.1,"600","NA","NA","NA","NA","NA","ok","NA","fob"
"325-600","R325->600",325,600,"325->600",1950,"Morocco","GPH","Italy","GPH",964285.69,"325","NA","NA","NA","NA","NA","ok","NA","fob"
"325-615","R325->615",325,615,"325->615",1950,"Algeria (Regency of Algiers)","GPH","Italy","GPH",1214285.8,"325","NA","NA","NA","NA","NA","ok","NA","fob"
"325-615","325<-R615",615,325,"615->325",1950,"Italy","GPH","Algeria (Regency of Algiers)","GPH",821428.56,"615","NA","NA","NA","NA","NA","ok","NA","fob"
"325-616","325<-R616",616,325,"616->325",1950,"Italy","GPH","Tunisia (Regency of Tunis)","GPH",4000000,"616","NA","NA","NA","NA","NA","ok","NA","fob"
"325-616","R325->616",325,616,"325->616",1950,"Tunisia (Regency of Tunis)","GPH","Italy","GPH",535714.31,"325","NA","NA","NA","NA","NA","ok","NA","fob"
"325-625","325<-R625",625,325,"625->325",1950,"Italy","GPH","Sudan (Anglo-Egyptian Sudan) (Mahdist State)","GPH",642857.13,"625","NA","NA","NA","NA","NA","ok","NA","fob"
"325-625","R325->625",325,625,"325->625",1950,"Sudan (Anglo-Egyptian Sudan) (Mahdist State)","GPH","Italy","GPH",321428.56,"325","NA","NA","NA","NA","NA","ok","NA","fob"
"325-630","325<-R630",630,325,"",1950,"","","","",,"","","","","","","not reported","","fob"
"325-630","R325->630",325,630,"325->630",1950,"Iran (Persia)","GPH","Italy","GPH",1428571.4,"325","NA","NA","NA","NA","NA","ok","NA","fob"
"325-640","325<-R640",640,325,"640->325",1950,"Italy","GPH","Turkey (Ottoman Empire)","GPH",5178571.5,"640","NA","NA","NA","NA","NA","ok","NA","fob"
"325-640","R325->640",325,640,"325->640",1950,"Turkey (Ottoman Empire)","GPH","Italy","GPH",6464285.5,"325","NA","NA","NA","NA","NA","ok","NA","fob"
"325-645","325<-R645",645,325,"645->325",1950,"Italy","GPH","Iraq (Mesopotamia)","GPH",1892857.1,"645","NA","NA","NA","NA","NA","ok","NA","fob"
"325-645","R325->645",325,645,"325->645",1950,"Iraq (Mesopotamia)","GPH","Italy","GPH",3142857.3,"325","NA","NA","NA","NA","NA","ok","NA","fob"
"325-651","R325->651",325,651,"325->651",1950,"Egypt Arab Republic (Egypt)","GPH","Italy","GPH",14785714,"325","NA","NA","NA","NA","NA","ok","NA","fob"
"325-651","325<-R651",651,325,"651->325",1950,"Italy","GPH","Egypt Arab Republic (Egypt)","GPH",15285714,"651","NA","NA","NA","NA","NA","ok","NA","fob"
"325-652","325<-R652",652,325,"652->325",1950,"Italy","GPH","Syria","GPH",3857142.8,"652","NA","NA","NA","NA","NA","ok","NA","fob"
"325-652","R325->652",325,652,"325->652",1950,"Syria","GPH","Italy","GPH",2928571.5,"325","NA","NA","NA","NA","NA","ok","NA","fob"
"325-660","325<-R660",660,325,"660->325",1950,"Italy","GPH","Lebanon","GPH",571428.56,"660","NA","NA","NA","NA","NA","ok","NA","fob"
"325-660","R325->660",325,660,"325->660",1950,"Lebanon","GPH","Italy","GPH",1214285.8,"325","NA","NA","NA","NA","NA","ok","NA","fob"
"325-666","R325->666",325,666,"325->666",1950,"Israel","GPH","Italy","GPH",4035714.3,"325","NA","NA","NA","NA","NA","ok","NA","fob"
"325-666","325<-R666",666,325,"666->325",1950,"Italy","GPH","Israel","GPH",71428.57,"666","NA","NA","NA","NA","NA","ok","NA","fob"
"325-670","R325->670",325,670,"325->670",1950,"Saudi Arabia (Emirate of Nejd) (Emirate of Diriyah)","GPH","Italy","GPH",464285.72,"325","NA","NA","NA","NA","NA","ok","NA","fob"
"325-670","325<-R670",670,325,"",1950,"","","","",,"","","","","","","not reported","","fob"
"325-68","R325->68",325,68,"325->68",1950,"Netherlands Antilles","GPH","Italy","GPH",35714.285,"325","NA","NA","NA","NA","NA","ok","NA","fob"
"325-68","325<-R68",68,325,"",1950,"","","","",,"","","","","","","not reported","","fob"
"325-70","325<-R70",70,325,"70->325",1950,"Italy","GPH","Mexico","GPH",750000,"70","NA","NA","NA","NA","NA","ok","NA","fob"
"325-70","R325->70",325,70,"325->70",1950,"Mexico","GPH","Italy","GPH",3535714.3,"325","NA","NA","NA","NA","NA","ok","NA","fob"
"325-710","325<-R710",710,325,"",1950,"","","","",,"","","","","","","not reported","","fob"
"325-710","R325->710",325,710,"325->710",1950,"People's Republic of China (China)","GPH","Italy","GPH",464285.72,"325","NA","NA","NA","NA","NA","ok","NA","fob"
"325-713","325<-R713",713,325,"",1950,"","","","",,"","","","","","","not reported","","fob"
"325-713","R325->713",325,713,"",1950,"","","","",0,"","","","","","","imputed zero","","fob"
"325-720","R325->720",325,720,"325->720",1950,"Hong Kong","GPH","Italy","GPH",2250000,"325","NA","NA","NA","NA","NA","ok","NA","fob"
"325-720","325<-R720",720,325,"720->325",1950,"Italy","GPH","Hong Kong","GPH",1285714.3,"720","NA","NA","NA","NA","NA","ok","NA","fob"
"325-732","325<-R732",732,325,"",1950,"","","","",,"","","","","","","not reported","","fob"
"325-732","R325->732",325,732,"",1950,"","","","",0,"","","","","","","imputed zero","","fob"
"325-740","R325->740",325,740,"325->740",1950,"Japan","GPH","Italy","GPH",250000,"325","NA","NA","NA","NA","NA","ok","NA","fob"
"325-740","325<-R740",740,325,"740->325",1950,"Italy","GPH","Japan","GPH",2428571.5,"740","NA","NA","NA","NA","NA","ok","NA","fob"
"325-750","R325->750",325,750,"325->750",1950,"India","GPH","Italy","GPH",7714285.5,"325","NA","NA","NA","NA","NA","ok","NA","fob"
"325-750","325<-R750",750,325,"750->325",1950,"Italy","GPH","India","GPH",5107143,"750","NA","NA","NA","NA","NA","ok","NA","fob"
"325-770","325<-R770",770,325,"770->325",1950,"Italy","GPH","Pakistan","GPH",9785714,"770","NA","NA","NA","NA","NA","ok","NA","fob"
"325-770","R325->770",325,770,"325->770",1950,"Pakistan","GPH","Italy","GPH",7500000,"325","NA","NA","NA","NA","NA","ok","NA","fob"
"325-775","325<-R775",775,325,"",1950,"","","","",0,"","","","","","","imputed zero","","fob"
"325-775","R325->775",325,775,"325->775",1950,"Myanmar (Burma)","GPH","Italy","GPH",964285.69,"325","NA","NA","NA","NA","NA","ok","NA","fob"
"325-780","325<-R780",780,325,"780->325",1950,"Italy","GPH","Sri Lanka (Ceylon)","GPH",3321428.5,"780","NA","NA","NA","NA","NA","ok","NA","fob"
"325-780","R325->780",325,780,"325->780",1950,"Sri Lanka (Ceylon)","GPH","Italy","GPH",785714.31,"325","NA","NA","NA","NA","NA","ok","NA","fob"
"325-800","325<-R800",800,325,"",1950,"","","","",,"","","","","","","not reported","","fob"
"325-800","R325->800",325,800,"325->800",1950,"Thailand (Siam)","GPH","Italy","GPH",785714.31,"325","NA","NA","NA","NA","NA","ok","NA","fob"
"325-840","325<-R840",840,325,"840->325",1950,"Italy","GPH","Philippines","GPH",2000000,"840","NA","NA","NA","NA","NA","ok","NA","fob"
"325-840","R325->840",325,840,"325->840",1950,"Philippines","GPH","Italy","GPH",1035714.3,"325","NA","NA","NA","NA","NA","ok","NA","fob"
"325-850","R325->850",325,850,"325->850",1950,"Indonesia (Dutch East Indies)","GPH","Italy","GPH",1107142.9,"325","NA","NA","NA","NA","NA","ok","NA","fob"
"325-850","325<-R850",850,325,"850->325",1950,"Italy","GPH","Indonesia (Dutch East Indies)","GPH",1071428.6,"850","NA","NA","NA","NA","NA","ok","NA","fob"
"325-90","R325->90",325,90,"325->90",1950,"Guatemala","GPH","Italy","GPH",178571.42,"325","NA","NA","NA","NA","NA","ok","NA","fob"
"325-90","325<-R90",90,325,"90->325",1950,"Italy","GPH","Guatemala","GPH",428571.44,"90","NA","NA","NA","NA","NA","ok","NA","fob"
"325-900","325<-R900",900,325,"900->325",1950,"Italy","GPH","Australia","GPH",23107142,"900","NA","NA","NA","NA","NA","ok","NA","fob"
"325-900","R325->900",325,900,"325->900",1950,"Australia","GPH","Italy","GPH",10571429,"325","NA","NA","NA","NA","NA","ok","NA","fob"
"325-91","325<-R91",91,325,"",1950,"","","","",0,"","","","","","","imputed zero","","fob"
"325-91","R325->91",325,91,"325->91",1950,"Honduras","GPH","Italy","GPH",178571.42,"325","NA","NA","NA","NA","NA","ok","NA","fob"
"325-92","R325->92",325,92,"325->92",1950,"El Salvador","GPH","Italy","GPH",964285.69,"325","NA","NA","NA","NA","NA","ok","NA","fob"
"325-92","325<-R92",92,325,"92->325",1950,"Italy","GPH","El Salvador","GPH",642857.13,"92","NA","NA","NA","NA","NA","ok","NA","fob"
"325-920","325<-R920",920,325,"920->325",1950,"Italy","GPH","New Zealand","GPH",1892857.1,"920","NA","NA","NA","NA","NA","ok","NA","fob"
"325-920","R325->920",325,920,"325->920",1950,"New Zealand","GPH","Italy","GPH",178571.42,"325","NA","NA","NA","NA","NA","ok","NA","fob"
"325-93","R325->93",325,93,"325->93",1950,"Nicaragua","GPH","Italy","GPH",71428.57,"325","NA","NA","NA","NA","NA","ok","NA","fob"
"325-93","325<-R93",93,325,"93->325",1950,"Italy","GPH","Nicaragua","GPH",35714.285,"93","NA","NA","NA","NA","NA","ok","NA","fob"
"325-94","325<-R94",94,325,"94->325",1950,"Italy","GPH","Costa Rica","GPH",714285.69,"94","NA","NA","NA","NA","NA","ok","NA","fob"
"325-94","R325->94",325,94,"325->94",1950,"Costa Rica","GPH","Italy","GPH",785714.31,"325","NA","NA","NA","NA","NA","ok","NA","fob"
"325-95","R325->95",325,95,"325->95",1950,"Panama","GPH","Italy","GPH",107142.86,"325","NA","NA","NA","NA","NA","ok","NA","fob"
"325-95","325<-R95",95,325,"",1950,"","","","",0,"","","","","","","imputed zero","","fob"
"325-960","R325->960",325,960,"",1950,"","","","",0,"","","","","","","imputed zero","","fob"
"325-960","325<-R960",960,325,"",1950,"","","","",,"","","","","","","not reported","","fob"
"345-350","R345->350",345,350,"",1950,"","","","",,"","","","","","","not reported","","fob"
"345-350","345<-R350",350,345,"",1950,"","","","",0,"","","","","","","imputed zero","","fob"
"345-352","345<-R352",352,345,"",1950,"","","","",0,"","","","","","","imputed zero","","fob"
"345-352","R345->352",345,352,"",1950,"","","","",,"","","","","","","not reported","","fob"
"345-355","R345->355",345,355,"",1950,"","","","",,"","","","","","","not reported","","fob"
"345-355","345<-R355",355,345,"",1950,"","","","",,"","","","","","","not reported","","fob"
"345-360","345<-R360",360,345,"",1950,"","","","",,"","","","","","","not reported","","fob"
"345-360","R345->360",345,360,"",1950,"","","","",,"","","","","","","not reported","","fob"
"345-365","R345->365",345,365,"",1950,"","","","",,"","","","","","","not reported","","fob"
"345-365","345<-R365",365,345,"",1950,"","","","",,"","","","","","","not reported","","fob"
"345-375","345<-R375",375,345,"375->345",1950,"Yugoslavia (Kingdom of Serbs, Croats and Slovenes)","GPH","Finland","GPH",71428.57,"375","NA","NA","NA","NA","NA","ok","NA","fob"
"345-375","R345->375",345,375,"",1950,"","","","",,"","","","","","","not reported","","fob"
"345-380","R345->380",345,380,"",1950,"","","","",,"","","","","","","not reported","","fob"
"345-380","345<-R380",380,345,"380->345",1950,"Yugoslavia (Kingdom of Serbs, Croats and Slovenes)","GPH","Sweden","GPH",1214285.8,"380","NA","NA","NA","NA","NA","ok","NA","fob"
"345-385","345<-R385",385,345,"385->345",1950,"Yugoslavia (Kingdom of Serbs, Croats and Slovenes)","GPH","Norway","GPH",35714.285,"385","NA","NA","NA","NA","NA","ok","NA","fob"
"345-385","R345->385",345,385,"",1950,"","","","",,"","","","","","","not reported","","fob"
"345-390","R345->390",345,390,"",1950,"","","","",,"","","","","","","not reported","","fob"
"345-390","345<-R390",390,345,"390->345",1950,"Yugoslavia (Kingdom of Serbs, Croats and Slovenes)","GPH","Denmark","GPH",392857.16,"390","NA","NA","NA","NA","NA","ok","NA","fob"
"345-395","R345->395",345,395,"",1950,"","","","",,"","","","","","","not reported","","fob"
"345-395","345<-R395",395,345,"",1950,"","","","",0,"","","","","","","imputed zero","","fob"
"345-40","R345->40",345,40,"",1950,"","","","",,"","","","","","","not reported","","fob"
"345-40","345<-R40",40,345,"40->345",1950,"Yugoslavia (Kingdom of Serbs, Croats and Slovenes)","GPH","Cuba","GPH",357142.84,"40","NA","NA","NA","NA","NA","ok","NA","fob"
"345-41","R345->41",345,41,"",1950,"","","","",,"","","","","","","not reported","","fob"
"345-41","345<-R41",41,345,"",1950,"","","","",0,"","","","","","","imputed zero","","fob"
"345-42","345<-R42",42,345,"",1950,"","","","",0,"","","","","","","imputed zero","","fob"
"345-42","R345->42",345,42,"",1950,"","","","",,"","","","","","","not reported","","fob"
"345-452","R345->452",345,452,"",1950,"","","","",,"","","","","","","not reported","","fob"
"345-452","345<-R452",452,345,"",1950,"","","","",0,"","","","","","","imputed zero","","fob"
"345-471","345<-R471",471,345,"",1950,"","","","",0,"","","","","","","imputed zero","","fob"
"345-471","R345->471",345,471,"",1950,"","","","",,"","","","","","","not reported","","fob"
"345-475","345<-R475",475,345,"",1950,"","","","",0,"","","","","","","imputed zero","","fob"
"345-475","R345->475",345,475,"",1950,"","","","",,"","","","","","","not reported","","fob"
"345-490","345<-R490",490,345,"",1950,"","","","",0,"","","","","","","imputed zero","","fob"
"345-490","R345->490",345,490,"",1950,"","","","",,"","","","","","","not reported","","fob"
"345-500","R345->500",345,500,"",1950,"","","","",,"","","","","","","not reported","","fob"
"345-500","345<-R500",500,345,"",1950,"","","","",0,"","","","","","","imputed zero","","fob"
"345-501","345<-R501",501,345,"",1950,"","","","",0,"","","","","","","imputed zero","","fob"
"345-501","R345->501",345,501,"",1950,"","","","",,"","","","","","","not reported","","fob"
"345-51","345<-R51",51,345,"",1950,"","","","",0,"","","","","","","imputed zero","","fob"
"345-51","R345->51",345,51,"",1950,"","","","",,"","","","","","","not reported","","fob"
"345-512","R345->512",345,512,"",1950,"","","","",,"","","","","","","not reported","","fob"
"345-512","345<-R512",512,345,"",1950,"","","","",0,"","","","","","","imputed zero","","fob"
"345-52","345<-R52",52,345,"",1950,"","","","",0,"","","","","","","imputed zero","","fob"
"345-52","R345->52",345,52,"",1950,"","","","",,"","","","","","","not reported","","fob"
"345-522","345<-R522",522,345,"",1950,"","","","",,"","","","","","","not reported","","fob"
"345-522","R345->522",345,522,"",1950,"","","","",,"","","","","","","not reported","","fob"
"345-530","R345->530",345,530,"",1950,"","","","",,"","","","","","","not reported","","fob"
"345-530","345<-R530",530,345,"",1950,"","","","",0,"","","","","","","imputed zero","","fob"
"345-540","R345->540",345,540,"",1950,"","","","",,"","","","","","","not reported","","fob"
"345-540","345<-R540",540,345,"",1950,"","","","",0,"","","","","","","imputed zero","","fob"
"345-541","345<-R541",541,345,"",1950,"","","","",0,"","","","","","","imputed zero","","fob"
"345-541","R345->541",345,541,"",1950,"","","","",,"","","","","","","not reported","","fob"
"345-551","345<-R551",551,345,"",1950,"","","","",0,"","","","","","","imputed zero","","fob"
"345-551","R345->551",345,551,"",1950,"","","","",,"","","","","","","not reported","","fob"
"345-552","R345->552",345,552,"",1950,"","","","",,"","","","","","","not reported","","fob"
"345-552","345<-R552",552,345,"",1950,"","","","",0,"","","","","","","imputed zero","","fob"
"345-560","R345->560",345,560,"",1950,"","","","",,"","","","","","","not reported","","fob"
"345-560","345<-R560",560,345,"",1950,"","","","",,"","","","","","","not reported","","fob"
"345-580","345<-R580",580,345,"",1950,"","","","",0,"","","","","","","imputed zero","","fob"
"345-580","R345->580",345,580,"",1950,"","","","",,"","","","","","","not reported","","fob"
"345-600","345<-R600",600,345,"",1950,"","","","",0,"","","","","","","imputed zero","","fob"
"345-600","R345->600",345,600,"",1950,"","","","",,"","","","","","","not reported","","fob"
"345-615","R345->615",345,615,"",1950,"","","","",,"","","","","","","not reported","","fob"
"345-615","345<-R615",615,345,"",1950,"","","","",0,"","","","","","","imputed zero","","fob"
"345-616","R345->616",345,616,"",1950,"","","","",,"","","","","","","not reported","","fob"
"345-616","345<-R616",616,345,"616->345",1950,"Yugoslavia (Kingdom of Serbs, Croats and Slovenes)","GPH","Tunisia (Regency of Tunis)","GPH",71428.57,"616","NA","NA","NA","NA","NA","ok","NA","fob"
"345-625","R345->625",345,625,"",1950,"","","","",,"","","","","","","not reported","","fob"
"345-625","345<-R625",625,345,"",1950,"","","","",0,"","","","","","","imputed zero","","fob"
"345-630","R345->630",345,630,"",1950,"","","","",,"","","","","","","not reported","","fob"
"345-630","345<-R630",630,345,"",1950,"","","","",,"","","","","","","not reported","","fob"
"345-640","R345->640",345,640,"",1950,"","","","",,"","","","","","","not reported","","fob"
"345-640","345<-R640",640,345,"640->345",1950,"Yugoslavia (Kingdom of Serbs, Croats and Slovenes)","GPH","Turkey (Ottoman Empire)","GPH",321428.56,"640","NA","NA","NA","NA","NA","ok","NA","fob"
"345-645","R345->645",345,645,"",1950,"","","","",,"","","","","","","not reported","","fob"
"345-645","345<-R645",645,345,"645->345",1950,"Yugoslavia (Kingdom of Serbs, Croats and Slovenes)","GPH","Iraq (Mesopotamia)","GPH",392857.16,"645","NA","NA","NA","NA","NA","ok","NA","fob"
"345-651","345<-R651",651,345,"651->345",1950,"Yugoslavia (Kingdom of Serbs, Croats and Slovenes)","GPH","Egypt Arab Republic (Egypt)","GPH",3357142.8,"651","NA","NA","NA","NA","NA","ok","NA","fob"
"345-651","R345->651",345,651,"",1950,"","","","",,"","","","","","","not reported","","fob"
"345-652","345<-R652",652,345,"",1950,"","","","",0,"","","","","","","imputed zero","","fob"
"345-652","R345->652",345,652,"",1950,"","","","",,"","","","","","","not reported","","fob"
"345-660","345<-R660",660,345,"",1950,"","","","",0,"","","","","","","imputed zero","","fob"
"345-660","R345->660",345,660,"",1950,"","","","",,"","","","","","","not reported","","fob"
"345-666","R345->666",345,666,"",1950,"","","","",,"","","","","","","not reported","","fob"
"345-666","345<-R666",666,345,"666->345",1950,"Yugoslavia (Kingdom of Serbs, Croats and Slovenes)","GPH","Israel","GPH",71428.57,"666","NA","NA","NA","NA","NA","ok","NA","fob"
"345-670","R345->670",345,670,"",1950,"","","","",,"","","","","","","not reported","","fob"
"345-670","345<-R670",670,345,"",1950,"","","","",,"","","","","","","not reported","","fob"
"345-68","345<-R68",68,345,"",1950,"","","","",,"","","","","","","not reported","","fob"
"345-68","R345->68",345,68,"",1950,"","","","",,"","","","","","","not reported","","fob"
"345-70","345<-R70",70,345,"70->345",1950,"Yugoslavia (Kingdom of Serbs, Croats and Slovenes)","GPH","Mexico","GPH",214285.72,"70","NA","NA","NA","NA","NA","ok","NA","fob"
"345-70","R345->70",345,70,"",1950,"","","","",,"","","","","","","not reported","","fob"
"345-710","345<-R710",710,345,"",1950,"","","","",,"","","","","","","not reported","","fob"
"345-710","R345->710",345,710,"",1950,"","","","",,"","","","","","","not reported","","fob"
"345-713","R345->713",345,713,"",1950,"","","","",,"","","","","","","not reported","","fob"
"345-713","345<-R713",713,345,"",1950,"","","","",,"","","","","","","not reported","","fob"
"345-720","R345->720",345,720,"",1950,"","","","",,"","","","","","","not reported","","fob"
"345-720","345<-R720",720,345,"",1950,"","","","",0,"","","","","","","imputed zero","","fob"
"345-732","R345->732",345,732,"",1950,"","","","",,"","","","","","","not reported","","fob"
"345-732","345<-R732",732,345,"",1950,"","","","",,"","","","","","","not reported","","fob"
"345-740","R345->740",345,740,"",1950,"","","","",,"","","","","","","not reported","","fob"
"345-740","345<-R740",740,345,"",1950,"","","","",0,"","","","","","","imputed zero","","fob"
"345-750","345<-R750",750,345,"",1950,"","","","",0,"","","","","","","imputed zero","","fob"
"345-750","R345->750",345,750,"",1950,"","","","",,"","","","","","","not reported","","fob"
"345-770","345<-R770",770,345,"770->345",1950,"Yugoslavia (Kingdom of Serbs, Croats and Slovenes)","GPH","Pakistan","GPH",1250000,"770","NA","NA","NA","NA","NA","ok","NA","fob"
"345-770","R345->770",345,770,"",1950,"","","","",,"","","","","","","not reported","","fob"
"345-775","R345->775",345,775,"",1950,"","","","",,"","","","","","","not reported","","fob"
"345-775","345<-R775",775,345,"",1950,"","","","",0,"","","","","","","imputed zero","","fob"
"345-780","R345->780",345,780,"",1950,"","","","",,"","","","","","","not reported","","fob"
"345-780","345<-R780",780,345,"",1950,"","","","",0,"","","","","","","imputed zero","","fob"
"345-800","R345->800",345,800,"",1950,"","","","",,"","","","","","","not reported","","fob"
"345-800","345<-R800",800,345,"",1950,"","","","",,"","","","","","","not reported","","fob"
"345-840","R345->840",345,840,"",1950,"","","","",,"","","","","","","not reported","","fob"
"345-840","345<-R840",840,345,"",1950,"","","","",0,"","","","","","","imputed zero","","fob"
"345-850","345<-R850",850,345,"",1950,"","","","",0,"","","","","","","imputed zero","","fob"
"345-850","R345->850",345,850,"",1950,"","","","",,"","","","","","","not reported","","fob"
"345-90","R345->90",345,90,"",1950,"","","","",,"","","","","","","not reported","","fob"
"345-90","345<-R90",90,345,"",1950,"","","","",0,"","","","","","","imputed zero","","fob"
"345-900","345<-R900",900,345,"900->345",1950,"Yugoslavia (Kingdom of Serbs, Croats and Slovenes)","GPH","Australia","GPH",1678571.4,"900","NA","NA","NA","NA","NA","ok","NA","fob"
"345-900","R345->900",345,900,"",1950,"","","","",,"","","","","","","not reported","","fob"
"345-91","R345->91",345,91,"",1950,"","","","",,"","","","","","","not reported","","fob"
"345-91","345<-R91",91,345,"",1950,"","","","",0,"","","","","","","imputed zero","","fob"
"345-92","345<-R92",92,345,"",1950,"","","","",0,"","","","","","","imputed zero","","fob"
"345-92","R345->92",345,92,"",1950,"","","","",,"","","","","","","not reported","","fob"
"345-920","R345->920",345,920,"",1950,"","","","",,"","","","","","","not reported","","fob"
"345-920","345<-R920",920,345,"920->345",1950,"Yugoslavia (Kingdom of Serbs, Croats and Slovenes)","GPH","New Zealand","GPH",571428.56,"920","NA","NA","NA","NA","NA","ok","NA","fob"
"345-93","345<-R93",93,345,"",1950,"","","","",0,"","","","","","","imputed zero","","fob"
"345-93","R345->93",345,93,"",1950,"","","","",,"","","","","","","not reported","","fob"
"345-94","345<-R94",94,345,"",1950,"","","","",0,"","","","","","","imputed zero","","fob"
"345-94","R345->94",345,94,"",1950,"","","","",,"","","","","","","not reported","","fob"
"345-95","R345->95",345,95,"",1950,"","","","",,"","","","","","","not reported","","fob"
"345-95","345<-R95",95,345,"",1950,"","","","",0,"","","","","","","imputed zero","","fob"
"345-960","345<-R960",960,345,"",1950,"","","","",,"","","","","","","not reported","","fob"
"345-960","R345->960",345,960,"",1950,"","","","",,"","","","","","","not reported","","fob"
"350-352","350<-R352",352,350,"352->350",1950,"Greece","GPH","Cyprus","GPH",250000,"352","NA","NA","NA","NA","NA","ok","NA","fob"
"350-352","R350->352",350,352,"350->352",1950,"Cyprus","GPH","Greece","GPH",107142.86,"350","NA","NA","NA","NA","NA","ok","NA","fob"
"350-355","R350->355",350,355,"",1950,"","","","",0,"","","","","","","imputed zero","","fob"
"350-355","350<-R355",355,350,"",1950,"","","","",,"","","","","","","not reported","","fob"
"350-360","R350->360",350,360,"",1950,"","","","",0,"","","","","","","imputed zero","","fob"
"350-360","350<-R360",360,350,"",1950,"","","","",,"","","","","","","not reported","","fob"
"350-365","R350->365",350,365,"",1950,"","","","",0,"","","","","","","imputed zero","","fob"
"350-365","350<-R365",365,350,"",1950,"","","","",,"","","","","","","not reported","","fob"
"350-375","R350->375",350,375,"350->375",1950,"Finland","GPH","Greece","GPH",1500000,"350","NA","NA","NA","NA","NA","ok","NA","fob"
"350-375","350<-R375",375,350,"375->350",1950,"Greece","GPH","Finland","GPH",857142.88,"375","NA","NA","NA","NA","NA","ok","NA","fob"
"350-380","350<-R380",380,350,"380->350",1950,"Greece","GPH","Sweden","GPH",4214285.5,"380","NA","NA","NA","NA","NA","ok","NA","fob"
"350-380","R350->380",350,380,"350->380",1950,"Sweden","GPH","Greece","GPH",678571.44,"350","NA","NA","NA","NA","NA","ok","NA","fob"
"350-385","R350->385",350,385,"350->385",1950,"Norway","GPH","Greece","GPH",214285.72,"350","NA","NA","NA","NA","NA","ok","NA","fob"
"350-385","350<-R385",385,350,"385->350",1950,"Greece","GPH","Norway","GPH",1178571.4,"385","NA","NA","NA","NA","NA","ok","NA","fob"
"350-390","R350->390",350,390,"350->390",1950,"Denmark","GPH","Greece","GPH",214285.72,"350","NA","NA","NA","NA","NA","ok","NA","fob"
"350-390","350<-R390",390,350,"390->350",1950,"Greece","GPH","Denmark","GPH",1035714.3,"390","NA","NA","NA","NA","NA","ok","NA","fob"
"350-395","350<-R395",395,350,"395->350",1950,"Greece","GPH","Iceland","GPH",607142.88,"395","NA","NA","NA","NA","NA","ok","NA","fob"
"350-395","R350->395",350,395,"",1950,"","","","",0,"","","","","","","imputed zero","","fob"
"350-40","R350->40",350,40,"",1950,"","","","",0,"","","","","","","imputed zero","","fob"
"350-40","350<-R40",40,350,"40->350",1950,"Greece","GPH","Cuba","GPH",1714285.8,"40","NA","NA","NA","NA","NA","ok","NA","fob"
"350-41","350<-R41",41,350,"",1950,"","","","",0,"","","","","","","imputed zero","","fob"
"350-41","R350->41",350,41,"",1950,"","","","",0,"","","","","","","imputed zero","","fob"
"350-42","R350->42",350,42,"",1950,"","","","",0,"","","","","","","imputed zero","","fob"
"350-42","350<-R42",42,350,"",1950,"","","","",0,"","","","","","","imputed zero","","fob"
"350-452","350<-R452",452,350,"",1950,"","","","",0,"","","","","","","imputed zero","","fob"
"350-452","R350->452",350,452,"",1950,"","","","",0,"","","","","","","imputed zero","","fob"
"350-471","350<-R471",471,350,"",1950,"","","","",0,"","","","","","","imputed zero","","fob"
"350-471","R350->471",350,471,"",1950,"","","","",0,"","","","","","","imputed zero","","fob"
"350-475","R350->475",350,475,"",1950,"","","","",0,"","","","","","","imputed zero","","fob"
"350-475","350<-R475",475,350,"",1950,"","","","",0,"","","","","","","imputed zero","","fob"
"350-490","R350->490",350,490,"",1950,"","","","",0,"","","","","","","imputed zero","","fob"
"350-490","350<-R490",490,350,"490->350",1950,"Greece","GPH","Democratic Republic of the Congo (Zaire) (Kinshasa) (Belgian Congo) (Congo Free State)","GPH",35714.285,"490","NA","NA","NA","NA","NA","ok","NA","fob"
"350-500","R350->500",350,500,"",1950,"","","","",0,"","","","","","","imputed zero","","fob"
"350-500","350<-R500",500,350,"500->350",1950,"Greece","GPH","Uganda","GPH",357142.84,"500","NA","NA","NA","NA","NA","ok","NA","fob"
"350-501","350<-R501",501,350,"",1950,"","","","",0,"","","","","","","imputed zero","","fob"
"350-501","R350->501",350,501,"",1950,"","","","",0,"","","","","","","imputed zero","","fob"
"350-51","R350->51",350,51,"",1950,"","","","",0,"","","","","","","imputed zero","","fob"
"350-51","350<-R51",51,350,"",1950,"","","","",0,"","","","","","","imputed zero","","fob"
"350-512","R350->512",350,512,"",1950,"","","","",0,"","","","","","","imputed zero","","fob"
"350-512","350<-R512",512,350,"512->350",1950,"Greece","GPH","Tanzania (Tanganyika)","GPH",35714.285,"512","NA","NA","NA","NA","NA","ok","NA","fob"
"350-52","350<-R52",52,350,"",1950,"","","","",0,"","","","","","","imputed zero","","fob"
"350-52","R350->52",350,52,"",1950,"","","","",0,"","","","","","","imputed zero","","fob"
"350-522","350<-R522",522,350,"",1950,"","","","",,"","","","","","","not reported","","fob"
"350-522","R350->522",350,522,"",1950,"","","","",0,"","","","","","","imputed zero","","fob"
"350-530","350<-R530",530,350,"",1950,"","","","",0,"","","","","","","imputed zero","","fob"
"350-530","R350->530",350,530,"",1950,"","","","",0,"","","","","","","imputed zero","","fob"
"350-540","350<-R540",540,350,"540->350",1950,"Greece","GPH","Angola","GPH",35714.285,"540","NA","NA","NA","NA","NA","ok","NA","fob"
"350-540","R350->540",350,540,"",1950,"","","","",0,"","","","","","","imputed zero","","fob"
"350-541","R350->541",350,541,"",1950,"","","","",0,"","","","","","","imputed zero","","fob"
"350-541","350<-R541",541,350,"",1950,"","","","",0,"","","","","","","imputed zero","","fob"
"350-551","350<-R551",551,350,"",1950,"","","","",0,"","","","","","","imputed zero","","fob"
"350-551","R350->551",350,551,"",1950,"","","","",0,"","","","","","","imputed zero","","fob"
"350-552","R350->552",350,552,"",1950,"","","","",0,"","","","","","","imputed zero","","fob"
"350-552","350<-R552",552,350,"552->350",1950,"Greece","GPH","Zimbabwe (Rhodesia) (Southern Rhodesia)","GPH",71428.57,"552","NA","NA","NA","NA","NA","ok","NA","fob"
"350-560","R350->560",350,560,"",1950,"","","","",0,"","","","","","","imputed zero","","fob"
"350-560","350<-R560",560,350,"",1950,"","","","",,"","","","","","","not reported","","fob"
"350-580","R350->580",350,580,"",1950,"","","","",0,"","","","","","","imputed zero","","fob"
"350-580","350<-R580",580,350,"",1950,"","","","",0,"","","","","","","imputed zero","","fob"
"350-600","R350->600",350,600,"",1950,"","","","",0,"","","","","","","imputed zero","","fob"
"350-600","350<-R600",600,350,"",1950,"","","","",0,"","","","","","","imputed zero","","fob"
"350-615","R350->615",350,615,"",1950,"","","","",0,"","","","","","","imputed zero","","fob"
"350-615","350<-R615",615,350,"615->350",1950,"Greece","GPH","Algeria (Regency of Algiers)","GPH",142857.14,"615","NA","NA","NA","NA","NA","ok","NA","fob"
"350-616","R350->616",350,616,"",1950,"","","","",0,"","","","","","","imputed zero","","fob"
"350-616","350<-R616",616,350,"616->350",1950,"Greece","GPH","Tunisia (Regency of Tunis)","GPH",107142.86,"616","NA","NA","NA","NA","NA","ok","NA","fob"
"350-625","R350->625",350,625,"",1950,"","","","",0,"","","","","","","imputed zero","","fob"
"350-625","350<-R625",625,350,"625->350",1950,"Greece","GPH","Sudan (Anglo-Egyptian Sudan) (Mahdist State)","GPH",71428.57,"625","NA","NA","NA","NA","NA","ok","NA","fob"
"350-630","R350->630",350,630,"350->630",1950,"Iran (Persia)","GPH","Greece","GPH",35714.285,"350","NA","NA","NA","NA","NA","ok","NA","fob"
"350-630","350<-R630",630,350,"",1950,"","","","",,"","","","","","","not reported","","fob"
"350-640","350<-R640",640,350,"640->350",1950,"Greece","GPH","Turkey (Ottoman Empire)","GPH",3285714.3,"640","NA","NA","NA","NA","NA","ok","NA","fob"
"350-640","R350->640",350,640,"350->640",1950,"Turkey (Ottoman Empire)","GPH","Greece","GPH",392857.16,"350","NA","NA","NA","NA","NA","ok","NA","fob"
"350-645","350<-R645",645,350,"",1950,"","","","",0,"","","","","","","imputed zero","","fob"
"350-645","R350->645",350,645,"",1950,"","","","",0,"","","","","","","imputed zero","","fob"
"350-651","R350->651",350,651,"350->651",1950,"Egypt Arab Republic (Egypt)","GPH","Greece","GPH",1428571.4,"350","NA","NA","NA","NA","NA","ok","NA","fob"
"350-651","350<-R651",651,350,"651->350",1950,"Greece","GPH","Egypt Arab Republic (Egypt)","GPH",178571.42,"651","NA","NA","NA","NA","NA","ok","NA","fob"
"350-652","350<-R652",652,350,"652->350",1950,"Greece","GPH","Syria","GPH",35714.285,"652","NA","NA","NA","NA","NA","ok","NA","fob"
"350-652","R350->652",350,652,"",1950,"","","","",0,"","","","","","","imputed zero","","fob"
"350-660","R350->660",350,660,"",1950,"","","","",0,"","","","","","","imputed zero","","fob"
"350-660","350<-R660",660,350,"",1950,"","","","",0,"","","","","","","imputed zero","","fob"
"350-666","350<-R666",666,350,"",1950,"","","","",0,"","","","","","","imputed zero","","fob"
"350-666","R350->666",350,666,"350->666",1950,"Israel","GPH","Greece","GPH",35714.285,"350","NA","NA","NA","NA","NA","ok","NA","fob"
"350-670","R350->670",350,670,"",1950,"","","","",0,"","","","","","","imputed zero","","fob"
"350-670","350<-R670",670,350,"",1950,"","","","",,"","","","","","","not reported","","fob"
"350-68","350<-R68",68,350,"",1950,"","","","",,"","","","","","","not reported","","fob"
"350-68","R350->68",350,68,"",1950,"","","","",0,"","","","","","","imputed zero","","fob"
"350-70","R350->70",350,70,"",1950,"","","","",0,"","","","","","","imputed zero","","fob"
"350-70","350<-R70",70,350,"70->350",1950,"Greece","GPH","Mexico","GPH",678571.44,"70","NA","NA","NA","NA","NA","ok","NA","fob"
"350-710","350<-R710",710,350,"",1950,"","","","",,"","","","","","","not reported","","fob"
"350-710","R350->710",350,710,"",1950,"","","","",0,"","","","","","","imputed zero","","fob"
"350-713","R350->713",350,713,"",1950,"","","","",0,"","","","","","","imputed zero","","fob"
"350-713","350<-R713",713,350,"",1950,"","","","",,"","","","","","","not reported","","fob"
"350-720","350<-R720",720,350,"",1950,"","","","",0,"","","","","","","imputed zero","","fob"
"350-720","R350->720",350,720,"",1950,"","","","",0,"","","","","","","imputed zero","","fob"
"350-732","R350->732",350,732,"",1950,"","","","",0,"","","","","","","imputed zero","","fob"
"350-732","350<-R732",732,350,"",1950,"","","","",,"","","","","","","not reported","","fob"
"350-740","R350->740",350,740,"",1950,"","","","",0,"","","","","","","imputed zero","","fob"
"350-740","350<-R740",740,350,"",1950,"","","","",0,"","","","","","","imputed zero","","fob"
"350-750","350<-R750",750,350,"750->350",1950,"Greece","GPH","India","GPH",285714.28,"750","NA","NA","NA","NA","NA","ok","NA","fob"
"350-750","R350->750",350,750,"",1950,"","","","",0,"","","","","","","imputed zero","","fob"
"350-770","R350->770",350,770,"",1950,"","","","",0,"","","","","","","imputed zero","","fob"
"350-770","350<-R770",770,350,"770->350",1950,"Greece","GPH","Pakistan","GPH",428571.44,"770","NA","NA","NA","NA","NA","ok","NA","fob"
"350-775","350<-R775",775,350,"",1950,"","","","",0,"","","","","","","imputed zero","","fob"
"350-775","R350->775",350,775,"",1950,"","","","",0,"","","","","","","imputed zero","","fob"
"350-780","350<-R780",780,350,"",1950,"","","","",0,"","","","","","","imputed zero","","fob"
"350-780","R350->780",350,780,"",1950,"","","","",0,"","","","","","","imputed zero","","fob"
"350-800","R350->800",350,800,"",1950,"","","","",0,"","","","","","","imputed zero","","fob"
"350-800","350<-R800",800,350,"",1950,"","","","",,"","","","","","","not reported","","fob"
"350-840","350<-R840",840,350,"",1950,"","","","",0,"","","","","","","imputed zero","","fob"
"350-840","R350->840",350,840,"",1950,"","","","",0,"","","","","","","imputed zero","","fob"
"350-850","350<-R850",850,350,"",1950,"","","","",0,"","","","","","","imputed zero","","fob"
"350-850","R350->850",350,850,"",1950,"","","","",0,"","","","","","","imputed zero","","fob"
"350-90","350<-R90",90,350,"",1950,"","","","",0,"","","","","","","imputed zero","","fob"
"350-90","R350->90",350,90,"",1950,"","","","",0,"","","","","","","imputed zero","","fob"
"350-900","R350->900",350,900,"350->900",1950,"Australia","GPH","Greece","GPH",35714.285,"350","NA","NA","NA","NA","NA","ok","NA","fob"
"350-900","350<-R900",900,350,"900->350",1950,"Greece","GPH","Australia","GPH",1428571.4,"900","NA","NA","NA","NA","NA","ok","NA","fob"
"350-91","R350->91",350,91,"",1950,"","","","",0,"","","","","","","imputed zero","","fob"
"350-91","350<-R91",91,350,"",1950,"","","","",0,"","","","","","","imputed zero","","fob"
"350-92","350<-R92",92,350,"",1950,"","","","",0,"","","","","","","imputed zero","","fob"
"350-92","R350->92",350,92,"",1950,"","","","",0,"","","","","","","imputed zero","","fob"
"350-920","R350->920",350,920,"",1950,"","","","",0,"","","","","","","imputed zero","","fob"
"350-920","350<-R920",920,350,"920->350",1950,"Greece","GPH","New Zealand","GPH",428571.44,"920","NA","NA","NA","NA","NA","ok","NA","fob"
"350-93","R350->93",350,93,"",1950,"","","","",0,"","","","","","","imputed zero","","fob"
"350-93","350<-R93",93,350,"",1950,"","","","",0,"","","","","","","imputed zero","","fob"
"350-94","350<-R94",94,350,"",1950,"","","","",0,"","","","","","","imputed zero","","fob"
"350-94","R350->94",350,94,"",1950,"","","","",0,"","","","","","","imputed zero","","fob"
"350-95","350<-R95",95,350,"",1950,"","","","",0,"","","","","","","imputed zero","","fob"
"350-95","R350->95",350,95,"",1950,"","","","",0,"","","","","","","imputed zero","","fob"
"350-960","R350->960",350,960,"",1950,"","","","",0,"","","","","","","imputed zero","","fob"
"350-960","350<-R960",960,350,"",1950,"","","","",,"","","","","","","not reported","","fob"
"352-355","R352->355",352,355,"",1950,"","","","",0,"","","","","","","imputed zero","","fob"
"352-355","352<-R355",355,352,"",1950,"","","","",,"","","","","","","not reported","","fob"
"352-360","R352->360",352,360,"",1950,"","","","",0,"","","","","","","imputed zero","","fob"
"352-360","352<-R360",360,352,"",1950,"","","","",,"","","","","","","not reported","","fob"
"352-365","352<-R365",365,352,"",1950,"","","","",,"","","","","","","not reported","","fob"
"352-365","R352->365",352,365,"",1950,"","","","",0,"","","","","","","imputed zero","","fob"
"352-375","R352->375",352,375,"",1950,"","","","",0,"","","","","","","imputed zero","","fob"
"352-375","352<-R375",375,352,"",1950,"","","","",0,"","","","","","","imputed zero","","fob"
"352-380","R352->380",352,380,"352->380",1950,"Sweden","GPH","Cyprus","GPH",178571.42,"352","NA","NA","NA","NA","NA","ok","NA","fob"
"352-380","352<-R380",380,352,"380->352",1950,"Cyprus","GPH","Sweden","GPH",250000,"380","NA","NA","NA","NA","NA","ok","NA","fob"
"352-385","352<-R385",385,352,"",1950,"","","","",0,"","","","","","","imputed zero","","fob"
"352-385","R352->385",352,385,"352->385",1950,"Norway","GPH","Cyprus","GPH",35714.285,"352","NA","NA","NA","NA","NA","ok","NA","fob"
"352-390","352<-R390",390,352,"390->352",1950,"Cyprus","GPH","Denmark","GPH",71428.57,"390","NA","NA","NA","NA","NA","ok","NA","fob"
"352-390","R352->390",352,390,"352->390",1950,"Denmark","GPH","Cyprus","GPH",214285.72,"352","NA","NA","NA","NA","NA","ok","NA","fob"
"352-395","R352->395",352,395,"",1950,"","","","",0,"","","","","","","imputed zero","","fob"
"352-395","352<-R395",395,352,"395->352",1950,"Cyprus","GPH","Iceland","GPH",35714.285,"395","NA","NA","NA","NA","NA","ok","NA","fob"
"352-40","R352->40",352,40,"",1950,"","","","",0,"","","","","","","imputed zero","","fob"
"352-40","352<-R40",40,352,"",1950,"","","","",0,"","","","","","","imputed zero","","fob"
"352-41","352<-R41",41,352,"",1950,"","","","",0,"","","","","","","imputed zero","","fob"
"352-41","R352->41",352,41,"",1950,"","","","",0,"","","","","","","imputed zero","","fob"
"352-42","R352->42",352,42,"",1950,"","","","",0,"","","","","","","imputed zero","","fob"
"352-42","352<-R42",42,352,"",1950,"","","","",0,"","","","","","","imputed zero","","fob"
"352-452","R352->452",352,452,"",1950,"","","","",0,"","","","","","","imputed zero","","fob"
"352-452","352<-R452",452,352,"",1950,"","","","",0,"","","","","","","imputed zero","","fob"
"352-471","352<-R471",471,352,"",1950,"","","","",0,"","","","","","","imputed zero","","fob"
"352-471","R352->471",352,471,"",1950,"","","","",0,"","","","","","","imputed zero","","fob"
"352-475","R352->475",352,475,"",1950,"","","","",0,"","","","","","","imputed zero","","fob"
"352-475","352<-R475",475,352,"",1950,"","","","",0,"","","","","","","imputed zero","","fob"
"352-490","352<-R490",490,352,"",1950,"","","","",0,"","","","","","","imputed zero","","fob"
"352-490","R352->490",352,490,"",1950,"","","","",0,"","","","","","","imputed zero","","fob"
"352-500","352<-R500",500,352,"",1950,"","","","",0,"","","","","","","imputed zero","","fob"
"352-500","R352->500",352,500,"",1950,"","","","",0,"","","","","","","imputed zero","","fob"
"352-501","R352->501",352,501,"",1950,"","","","",0,"","","","","","","imputed zero","","fob"
"352-501","352<-R501",501,352,"",1950,"","","","",0,"","","","","","","imputed zero","","fob"
"352-51","R352->51",352,51,"",1950,"","","","",0,"","","","","","","imputed zero","","fob"
"352-51","352<-R51",51,352,"",1950,"","","","",0,"","","","","","","imputed zero","","fob"
"352-512","352<-R512",512,352,"",1950,"","","","",0,"","","","","","","imputed zero","","fob"
"352-512","R352->512",352,512,"",1950,"","","","",0,"","","","","","","imputed zero","","fob"
"352-52","R352->52",352,52,"",1950,"","","","",0,"","","","","","","imputed zero","","fob"
"352-52","352<-R52",52,352,"",1950,"","","","",0,"","","","","","","imputed zero","","fob"
"352-522","R352->522",352,522,"",1950,"","","","",0,"","","","","","","imputed zero","","fob"
"352-522","352<-R522",522,352,"",1950,"","","","",,"","","","","","","not reported","","fob"
"352-530","R352->530",352,530,"",1950,"","","","",0,"","","","","","","imputed zero","","fob"
"352-530","352<-R530",530,352,"",1950,"","","","",0,"","","","","","","imputed zero","","fob"
"352-540","R352->540",352,540,"",1950,"","","","",0,"","","","","","","imputed zero","","fob"
"352-540","352<-R540",540,352,"",1950,"","","","",0,"","","","","","","imputed zero","","fob"
"352-541","352<-R541",541,352,"",1950,"","","","",0,"","","","","","","imputed zero","","fob"
"352-541","R352->541",352,541,"",1950,"","","","",0,"","","","","","","imputed zero","","fob"
"352-551","R352->551",352,551,"",1950,"","","","",0,"","","","","","","imputed zero","","fob"
"352-551","352<-R551",551,352,"",1950,"","","","",0,"","","","","","","imputed zero","","fob"
"352-552","R352->552",352,552,"",1950,"","","","",0,"","","","","","","imputed zero","","fob"
"352-552","352<-R552",552,352,"",1950,"","","","",0,"","","","","","","imputed zero","","fob"
"352-560","R352->560",352,560,"",1950,"","","","",0,"","","","","","","imputed zero","","fob"
"352-560","352<-R560",560,352,"",1950,"","","","",,"","","","","","","not reported","","fob"
"352-580","352<-R580",580,352,"",1950,"","","","",0,"","","","","","","imputed zero","","fob"
"352-580","R352->580",352,580,"",1950,"","","","",0,"","","","","","","imputed zero","","fob"
"352-600","352<-R600",600,352,"",1950,"","","","",0,"","","","","","","imputed zero","","fob"
"352-600","R352->600",352,600,"",1950,"","","","",0,"","","","","","","imputed zero","","fob"
"352-615","352<-R615",615,352,"615->352",1950,"Cyprus","GPH","Algeria (Regency of Algiers)","GPH",71428.57,"615","NA","NA","NA","NA","NA","ok","NA","fob"
"352-615","R352->615",352,615,"",1950,"","","","",0,"","","","","","","imputed zero","","fob"
"352-616","352<-R616",616,352,"616->352",1950,"Cyprus","GPH","Tunisia (Regency of Tunis)","GPH",392857.16,"616","NA","NA","NA","NA","NA","ok","NA","fob"
"352-616","R352->616",352,616,"",1950,"","","","",0,"","","","","","","imputed zero","","fob"
"352-625","R352->625",352,625,"352->625",1950,"Sudan (Anglo-Egyptian Sudan) (Mahdist State)","GPH","Cyprus","GPH",71428.57,"352","NA","NA","NA","NA","NA","ok","NA","fob"
"352-625","352<-R625",625,352,"625->352",1950,"Cyprus","GPH","Sudan (Anglo-Egyptian Sudan) (Mahdist State)","GPH",71428.57,"625","NA","NA","NA","NA","NA","ok","NA","fob"
"352-630","352<-R630",630,352,"",1950,"","","","",,"","","","","","","not reported","","fob"
"352-630","R352->630",352,630,"",1950,"","","","",0,"","","","","","","imputed zero","","fob"
"352-640","R352->640",352,640,"",1950,"","","","",0,"","","","","","","imputed zero","","fob"
"352-640","352<-R640",640,352,"640->352",1950,"Cyprus","GPH","Turkey (Ottoman Empire)","GPH",1142857.1,"640","NA","NA","NA","NA","NA","ok","NA","fob"
"352-645","R352->645",352,645,"",1950,"","","","",0,"","","","","","","imputed zero","","fob"
"352-645","352<-R645",645,352,"",1950,"","","","",0,"","","","","","","imputed zero","","fob"
"352-651","352<-R651",651,352,"651->352",1950,"Cyprus","GPH","Egypt Arab Republic (Egypt)","GPH",321428.56,"651","NA","NA","NA","NA","NA","ok","NA","fob"
"352-651","R352->651",352,651,"352->651",1950,"Egypt Arab Republic (Egypt)","GPH","Cyprus","GPH",535714.31,"352","NA","NA","NA","NA","NA","ok","NA","fob"
"352-652","R352->652",352,652,"352->652",1950,"Syria","GPH","Cyprus","GPH",71428.57,"352","NA","NA","NA","NA","NA","ok","NA","fob"
"352-652","352<-R652",652,352,"652->352",1950,"Cyprus","GPH","Syria","GPH",285714.28,"652","NA","NA","NA","NA","NA","ok","NA","fob"
"352-660","R352->660",352,660,"352->660",1950,"Lebanon","GPH","Cyprus","GPH",285714.28,"352","NA","NA","NA","NA","NA","ok","NA","fob"
"352-660","352<-R660",660,352,"660->352",1950,"Cyprus","GPH","Lebanon","GPH",71428.57,"660","NA","NA","NA","NA","NA","ok","NA","fob"
"352-666","352<-R666",666,352,"666->352",1950,"Cyprus","GPH","Israel","GPH",35714.285,"666","NA","NA","NA","NA","NA","ok","NA","fob"
"352-666","R352->666",352,666,"352->666",1950,"Israel","GPH","Cyprus","GPH",964285.69,"352","NA","NA","NA","NA","NA","ok","NA","fob"
"352-670","352<-R670",670,352,"",1950,"","","","",,"","","","","","","not reported","","fob"
"352-670","R352->670",352,670,"",1950,"","","","",0,"","","","","","","imputed zero","","fob"
"352-68","352<-R68",68,352,"",1950,"","","","",,"","","","","","","not reported","","fob"
"352-68","R352->68",352,68,"",1950,"","","","",0,"","","","","","","imputed zero","","fob"
"352-70","R352->70",352,70,"",1950,"","","","",0,"","","","","","","imputed zero","","fob"
"352-70","352<-R70",70,352,"",1950,"","","","",0,"","","","","","","imputed zero","","fob"
"352-710","R352->710",352,710,"",1950,"","","","",0,"","","","","","","imputed zero","","fob"
"352-710","352<-R710",710,352,"",1950,"","","","",,"","","","","","","not reported","","fob"
"352-713","R352->713",352,713,"",1950,"","","","",0,"","","","","","","imputed zero","","fob"
"352-713","352<-R713",713,352,"",1950,"","","","",,"","","","","","","not reported","","fob"
"352-720","352<-R720",720,352,"",1950,"","","","",0,"","","","","","","imputed zero","","fob"
"352-720","R352->720",352,720,"",1950,"","","","",0,"","","","","","","imputed zero","","fob"
"352-732","352<-R732",732,352,"",1950,"","","","",,"","","","","","","not reported","","fob"
"352-732","R352->732",352,732,"",1950,"","","","",0,"","","","","","","imputed zero","","fob"
"352-740","R352->740",352,740,"",1950,"","","","",0,"","","","","","","imputed zero","","fob"
"352-740","352<-R740",740,352,"",1950,"","","","",0,"","","","","","","imputed zero","","fob"
"352-750","R352->750",352,750,"",1950,"","","","",0,"","","","","","","imputed zero","","fob"
"352-750","352<-R750",750,352,"750->352",1950,"Cyprus","GPH","India","GPH",321428.56,"750","NA","NA","NA","NA","NA","ok","NA","fob"
"352-770","352<-R770",770,352,"",1950,"","","","",0,"","","","","","","imputed zero","","fob"
"352-770","R352->770",352,770,"",1950,"","","","",0,"","","","","","","imputed zero","","fob"
"352-775","R352->775",352,775,"",1950,"","","","",0,"","","","","","","imputed zero","","fob"
"352-775","352<-R775",775,352,"",1950,"","","","",0,"","","","","","","imputed zero","","fob"
"352-780","352<-R780",780,352,"",1950,"","","","",0,"","","","","","","imputed zero","","fob"
"352-780","R352->780",352,780,"352->780",1950,"Sri Lanka (Ceylon)","GPH","Cyprus","GPH",71428.57,"352","NA","NA","NA","NA","NA","ok","NA","fob"
"352-800","352<-R800",800,352,"",1950,"","","","",,"","","","","","","not reported","","fob"
"352-800","R352->800",352,800,"352->800",1950,"Thailand (Siam)","GPH","Cyprus","GPH",71428.57,"352","NA","NA","NA","NA","NA","ok","NA","fob"
"352-840","R352->840",352,840,"",1950,"","","","",0,"","","","","","","imputed zero","","fob"
"352-840","352<-R840",840,352,"",1950,"","","","",0,"","","","","","","imputed zero","","fob"
"352-850","R352->850",352,850,"",1950,"","","","",0,"","","","","","","imputed zero","","fob"
"352-850","352<-R850",850,352,"",1950,"","","","",0,"","","","","","","imputed zero","","fob"
"352-90","352<-R90",90,352,"",1950,"","","","",0,"","","","","","","imputed zero","","fob"
"352-90","R352->90",352,90,"",1950,"","","","",0,"","","","","","","imputed zero","","fob"
"352-900","352<-R900",900,352,"900->352",1950,"Cyprus","GPH","Australia","GPH",892857.13,"900","NA","NA","NA","NA","NA","ok","NA","fob"
"352-900","R352->900",352,900,"",1950,"","","","",0,"","","","","","","imputed zero","","fob"
"352-91","R352->91",352,91,"",1950,"","","","",0,"","","","","","","imputed zero","","fob"
"352-91","352<-R91",91,352,"",1950,"","","","",0,"","","","","","","imputed zero","","fob"
"352-92","352<-R92",92,352,"",1950,"","","","",0,"","","","","","","imputed zero","","fob"
"352-92","R352->92",352,92,"",1950,"","","","",0,"","","","","","","imputed zero","","fob"
"352-920","352<-R920",920,352,"",1950,"","","","",0,"","","","","","","imputed zero","","fob"
"352-920","R352->920",352,920,"",1950,"","","","",0,"","","","","","","imputed zero","","fob"
"352-93","352<-R93",93,352,"",1950,"","","","",0,"","","","","","","imputed zero","","fob"
"352-93","R352->93",352,93,"",1950,"","","","",0,"","","","","","","imputed zero","","fob"
"352-94","352<-R94",94,352,"",1950,"","","","",0,"","","","","","","imputed zero","","fob"
"352-94","R352->94",352,94,"",1950,"","","","",0,"","","","","","","imputed zero","","fob"
"352-95","R352->95",352,95,"",1950,"","","","",0,"","","","","","","imputed zero","","fob"
"352-95","352<-R95",95,352,"",1950,"","","","",0,"","","","","","","imputed zero","","fob"
"352-960","352<-R960",960,352,"",1950,"","","","",,"","","","","","","not reported","","fob"
"352-960","R352->960",352,960,"",1950,"","","","",0,"","","","","","","imputed zero","","fob"
"355-360","R355->360",355,360,"",1950,"","","","",,"","","","","","","not reported","","fob"
"355-360","355<-R360",360,355,"",1950,"","","","",,"","","","","","","not reported","","fob"
"355-365","R355->365",355,365,"",1950,"","","","",,"","","","","","","not reported","","fob"
"355-365","355<-R365",365,355,"",1950,"","","","",,"","","","","","","not reported","","fob"
"355-375","355<-R375",375,355,"375->355",1950,"Bulgaria","GPH","Finland","GPH",71428.57,"375","NA","NA","NA","NA","NA","ok","NA","fob"
"355-375","R355->375",355,375,"",1950,"","","","",,"","","","","","","not reported","","fob"
"355-380","R355->380",355,380,"",1950,"","","","",,"","","","","","","not reported","","fob"
"355-380","355<-R380",380,355,"380->355",1950,"Bulgaria","GPH","Sweden","GPH",214285.72,"380","NA","NA","NA","NA","NA","ok","NA","fob"
"355-385","355<-R385",385,355,"",1950,"","","","",0,"","","","","","","imputed zero","","fob"
"355-385","R355->385",355,385,"",1950,"","","","",,"","","","","","","not reported","","fob"
"355-390","355<-R390",390,355,"390->355",1950,"Bulgaria","GPH","Denmark","GPH",35714.285,"390","NA","NA","NA","NA","NA","ok","NA","fob"
"355-390","R355->390",355,390,"",1950,"","","","",,"","","","","","","not reported","","fob"
"355-395","355<-R395",395,355,"",1950,"","","","",0,"","","","","","","imputed zero","","fob"
"355-395","R355->395",355,395,"",1950,"","","","",,"","","","","","","not reported","","fob"
"355-40","355<-R40",40,355,"",1950,"","","","",0,"","","","","","","imputed zero","","fob"
"355-40","R355->40",355,40,"",1950,"","","","",,"","","","","","","not reported","","fob"
"355-41","R355->41",355,41,"",1950,"","","","",,"","","","","","","not reported","","fob"
"355-41","355<-R41",41,355,"",1950,"","","","",0,"","","","","","","imputed zero","","fob"
"355-42","355<-R42",42,355,"",1950,"","","","",0,"","","","","","","imputed zero","","fob"
"355-42","R355->42",355,42,"",1950,"","","","",,"","","","","","","not reported","","fob"
"355-452","R355->452",355,452,"",1950,"","","","",,"","","","","","","not reported","","fob"
"355-452","355<-R452",452,355,"",1950,"","","","",0,"","","","","","","imputed zero","","fob"
"355-471","R355->471",355,471,"",1950,"","","","",,"","","","","","","not reported","","fob"
"355-471","355<-R471",471,355,"",1950,"","","","",0,"","","","","","","imputed zero","","fob"
"355-475","R355->475",355,475,"",1950,"","","","",,"","","","","","","not reported","","fob"
"355-475","355<-R475",475,355,"",1950,"","","","",0,"","","","","","","imputed zero","","fob"
"355-490","R355->490",355,490,"",1950,"","","","",,"","","","","","","not reported","","fob"
"355-490","355<-R490",490,355,"",1950,"","","","",0,"","","","","","","imputed zero","","fob"
"355-500","355<-R500",500,355,"",1950,"","","","",0,"","","","","","","imputed zero","","fob"
"355-500","R355->500",355,500,"",1950,"","","","",,"","","","","","","not reported","","fob"
"355-501","R355->501",355,501,"",1950,"","","","",,"","","","","","","not reported","","fob"
"355-501","355<-R501",501,355,"",1950,"","","","",0,"","","","","","","imputed zero","","fob"
"355-51","355<-R51",51,355,"",1950,"","","","",0,"","","","","","","imputed zero","","fob"
"355-51","R355->51",355,51,"",1950,"","","","",,"","","","","","","not reported","","fob"
"355-512","355<-R512",512,355,"",1950,"","","","",0,"","","","","","","imputed zero","","fob"
"355-512","R355->512",355,512,"",1950,"","","","",,"","","","","","","not reported","","fob"
"355-52","R355->52",355,52,"",1950,"","","","",,"","","","","","","not reported","","fob"
"355-52","355<-R52",52,355,"",1950,"","","","",0,"","","","","","","imputed zero","","fob"
"355-522","R355->522",355,522,"",1950,"","","","",,"","","","","","","not reported","","fob"
"355-522","355<-R522",522,355,"",1950,"","","","",,"","","","","","","not reported","","fob"
"355-530","R355->530",355,530,"",1950,"","","","",,"","","","","","","not reported","","fob"
"355-530","355<-R530",530,355,"",1950,"","","","",0,"","","","","","","imputed zero","","fob"
"355-540","R355->540",355,540,"",1950,"","","","",,"","","","","","","not reported","","fob"
"355-540","355<-R540",540,355,"",1950,"","","","",0,"","","","","","","imputed zero","","fob"
"355-541","R355->541",355,541,"",1950,"","","","",,"","","","","","","not reported","","fob"
"355-541","355<-R541",541,355,"",1950,"","","","",0,"","","","","","","imputed zero","","fob"
"355-551","R355->551",355,551,"",1950,"","","","",,"","","","","","","not reported","","fob"
"355-551","355<-R551",551,355,"",1950,"","","","",0,"","","","","","","imputed zero","","fob"
"355-552","355<-R552",552,355,"",1950,"","","","",0,"","","","","","","imputed zero","","fob"
"355-552","R355->552",355,552,"",1950,"","","","",,"","","","","","","not reported","","fob"
"355-560","355<-R560",560,355,"",1950,"","","","",,"","","","","","","not reported","","fob"
"355-560","R355->560",355,560,"",1950,"","","","",,"","","","","","","not reported","","fob"
"355-580","R355->580",355,580,"",1950,"","","","",,"","","","","","","not reported","","fob"
"355-580","355<-R580",580,355,"",1950,"","","","",0,"","","","","","","imputed zero","","fob"
"355-600","R355->600",355,600,"",1950,"","","","",,"","","","","","","not reported","","fob"
"355-600","355<-R600",600,355,"",1950,"","","","",0,"","","","","","","imputed zero","","fob"
"355-615","355<-R615",615,355,"",1950,"","","","",0,"","","","","","","imputed zero","","fob"
"355-615","R355->615",355,615,"",1950,"","","","",,"","","","","","","not reported","","fob"
"355-616","355<-R616",616,355,"",1950,"","","","",0,"","","","","","","imputed zero","","fob"
"355-616","R355->616",355,616,"",1950,"","","","",,"","","","","","","not reported","","fob"
"355-625","355<-R625",625,355,"",1950,"","","","",0,"","","","","","","imputed zero","","fob"
"355-625","R355->625",355,625,"",1950,"","","","",,"","","","","","","not reported","","fob"
"355-630","R355->630",355,630,"",1950,"","","","",,"","","","","","","not reported","","fob"
"355-630","355<-R630",630,355,"",1950,"","","","",,"","","","","","","not reported","","fob"
"355-640","355<-R640",640,355,"640->355",1950,"Bulgaria","GPH","Turkey (Ottoman Empire)","GPH",321428.56,"640","NA","NA","NA","NA","NA","ok","NA","fob"
"355-640","R355->640",355,640,"",1950,"","","","",,"","","","","","","not reported","","fob"
"355-645","355<-R645",645,355,"",1950,"","","","",0,"","","","","","","imputed zero","","fob"
"355-645","R355->645",355,645,"",1950,"","","","",,"","","","","","","not reported","","fob"
"355-651","R355->651",355,651,"",1950,"","","","",,"","","","","","","not reported","","fob"
"355-651","355<-R651",651,355,"",1950,"","","","",0,"","","","","","","imputed zero","","fob"
"355-652","355<-R652",652,355,"",1950,"","","","",0,"","","","","","","imputed zero","","fob"
"355-652","R355->652",355,652,"",1950,"","","","",,"","","","","","","not reported","","fob"
"355-660","R355->660",355,660,"",1950,"","","","",,"","","","","","","not reported","","fob"
"355-660","355<-R660",660,355,"",1950,"","","","",0,"","","","","","","imputed zero","","fob"
"355-666","355<-R666",666,355,"666->355",1950,"Bulgaria","GPH","Israel","GPH",35714.285,"666","NA","NA","NA","NA","NA","ok","NA","fob"
"355-666","R355->666",355,666,"",1950,"","","","",,"","","","","","","not reported","","fob"
"355-670","355<-R670",670,355,"",1950,"","","","",,"","","","","","","not reported","","fob"
"355-670","R355->670",355,670,"",1950,"","","","",,"","","","","","","not reported","","fob"
"355-68","355<-R68",68,355,"",1950,"","","","",,"","","","","","","not reported","","fob"
"355-68","R355->68",355,68,"",1950,"","","","",,"","","","","","","not reported","","fob"
"355-70","355<-R70",70,355,"",1950,"","","","",0,"","","","","","","imputed zero","","fob"
"355-70","R355->70",355,70,"",1950,"","","","",,"","","","","","","not reported","","fob"
"355-710","R355->710",355,710,"",1950,"","","","",,"","","","","","","not reported","","fob"
"355-710","355<-R710",710,355,"",1950,"","","","",,"","","","","","","not reported","","fob"
"355-713","355<-R713",713,355,"",1950,"","","","",,"","","","","","","not reported","","fob"
"355-713","R355->713",355,713,"",1950,"","","","",,"","","","","","","not reported","","fob"
"355-720","355<-R720",720,355,"",1950,"","","","",0,"","","","","","","imputed zero","","fob"
"355-720","R355->720",355,720,"",1950,"","","","",,"","","","","","","not reported","","fob"
"355-732","R355->732",355,732,"",1950,"","","","",,"","","","","","","not reported","","fob"
"355-732","355<-R732",732,355,"",1950,"","","","",,"","","","","","","not reported","","fob"
"355-740","R355->740",355,740,"",1950,"","","","",,"","","","","","","not reported","","fob"
"355-740","355<-R740",740,355,"",1950,"","","","",0,"","","","","","","imputed zero","","fob"
"355-750","355<-R750",750,355,"",1950,"","","","",0,"","","","","","","imputed zero","","fob"
"355-750","R355->750",355,750,"",1950,"","","","",,"","","","","","","not reported","","fob"
"355-770","355<-R770",770,355,"",1950,"","","","",0,"","","","","","","imputed zero","","fob"
"355-770","R355->770",355,770,"",1950,"","","","",,"","","","","","","not reported","","fob"
"355-775","355<-R775",775,355,"",1950,"","","","",0,"","","","","","","imputed zero","","fob"
"355-775","R355->775",355,775,"",1950,"","","","",,"","","","","","","not reported","","fob"
"355-780","355<-R780",780,355,"",1950,"","","","",0,"","","","","","","imputed zero","","fob"
"355-780","R355->780",355,780,"",1950,"","","","",,"","","","","","","not reported","","fob"
"355-800","355<-R800",800,355,"",1950,"","","","",,"","","","","","","not reported","","fob"
"355-800","R355->800",355,800,"",1950,"","","","",,"","","","","","","not reported","","fob"
"355-840","R355->840",355,840,"",1950,"","","","",,"","","","","","","not reported","","fob"
"355-840","355<-R840",840,355,"",1950,"","","","",0,"","","","","","","imputed zero","","fob"
"355-850","R355->850",355,850,"",1950,"","","","",,"","","","","","","not reported","","fob"
"355-850","355<-R850",850,355,"",1950,"","","","",0,"","","","","","","imputed zero","","fob"
"355-90","355<-R90",90,355,"",1950,"","","","",0,"","","","","","","imputed zero","","fob"
"355-90","R355->90",355,90,"",1950,"","","","",,"","","","","","","not reported","","fob"
"355-900","R355->900",355,900,"",1950,"","","","",,"","","","","","","not reported","","fob"
"355-900","355<-R900",900,355,"",1950,"","","","",0,"","","","","","","imputed zero","","fob"
"355-91","355<-R91",91,355,"",1950,"","","","",0,"","","","","","","imputed zero","","fob"
"355-91","R355->91",355,91,"",1950,"","","","",,"","","","","","","not reported","","fob"
"355-92","R355->92",355,92,"",1950,"","","","",,"","","","","","","not reported","","fob"
"355-92","355<-R92",92,355,"",1950,"","","","",0,"","","","","","","imputed zero","","fob"
"355-920","355<-R920",920,355,"",1950,"","","","",0,"","","","","","","imputed zero","","fob"
"355-920","R355->920",355,920,"",1950,"","","","",,"","","","","","","not reported","","fob"
"355-93","R355->93",355,93,"",1950,"","","","",,"","","","","","","not reported","","fob"
"355-93","355<-R93",93,355,"",1950,"","","","",0,"","","","","","","imputed zero","","fob"
"355-94","355<-R94",94,355,"",1950,"","","","",0,"","","","","","","imputed zero","","fob"
"355-94","R355->94",355,94,"",1950,"","","","",,"","","","","","","not reported","","fob"
"355-95","355<-R95",95,355,"",1950,"","","","",0,"","","","","","","imputed zero","","fob"
"355-95","R355->95",355,95,"",1950,"","","","",,"","","","","","","not reported","","fob"
"355-960","355<-R960",960,355,"",1950,"","","","",,"","","","","","","not reported","","fob"
"355-960","R355->960",355,960,"",1950,"","","","",,"","","","","","","not reported","","fob"
"360-365","360<-R365",365,360,"",1950,"","","","",,"","","","","","","not reported","","fob"
"360-365","R360->365",360,365,"",1950,"","","","",,"","","","","","","not reported","","fob"
"360-375","R360->375",360,375,"",1950,"","","","",,"","","","","","","not reported","","fob"
"360-375","360<-R375",375,360,"375->360",1950,"Romania","GPH","Finland","GPH",785714.31,"375","NA","NA","NA","NA","NA","ok","NA","fob"
"360-380","R360->380",360,380,"",1950,"","","","",,"","","","","","","not reported","","fob"
"360-380","360<-R380",380,360,"",1950,"","","","",0,"","","","","","","imputed zero","","fob"
"360-385","360<-R385",385,360,"",1950,"","","","",0,"","","","","","","imputed zero","","fob"
"360-385","R360->385",360,385,"",1950,"","","","",,"","","","","","","not reported","","fob"
"360-390","360<-R390",390,360,"390->360",1950,"Romania","GPH","Denmark","GPH",142857.14,"390","NA","NA","NA","NA","NA","ok","NA","fob"
"360-390","R360->390",360,390,"",1950,"","","","",,"","","","","","","not reported","","fob"
"360-395","R360->395",360,395,"",1950,"","","","",,"","","","","","","not reported","","fob"
"360-395","360<-R395",395,360,"",1950,"","","","",0,"","","","","","","imputed zero","","fob"
"360-40","360<-R40",40,360,"",1950,"","","","",0,"","","","","","","imputed zero","","fob"
"360-40","R360->40",360,40,"",1950,"","","","",,"","","","","","","not reported","","fob"
"360-41","360<-R41",41,360,"",1950,"","","","",0,"","","","","","","imputed zero","","fob"
"360-41","R360->41",360,41,"",1950,"","","","",,"","","","","","","not reported","","fob"
"360-42","R360->42",360,42,"",1950,"","","","",,"","","","","","","not reported","","fob"
"360-42","360<-R42",42,360,"",1950,"","","","",0,"","","","","","","imputed zero","","fob"
"360-452","360<-R452",452,360,"",1950,"","","","",0,"","","","","","","imputed zero","","fob"
"360-452","R360->452",360,452,"",1950,"","","","",,"","","","","","","not reported","","fob"
"360-471","R360->471",360,471,"",1950,"","","","",,"","","","","","","not reported","","fob"
"360-471","360<-R471",471,360,"",1950,"","","","",0,"","","","","","","imputed zero","","fob"
"360-475","R360->475",360,475,"",1950,"","","","",,"","","","","","","not reported","","fob"
"360-475","360<-R475",475,360,"",1950,"","","","",0,"","","","","","","imputed zero","","fob"
"360-490","R360->490",360,490,"",1950,"","","","",,"","","","","","","not reported","","fob"
"360-490","360<-R490",490,360,"",1950,"","","","",0,"","","","","","","imputed zero","","fob"
"360-500","360<-R500",500,360,"",1950,"","","","",0,"","","","","","","imputed zero","","fob"
"360-500","R360->500",360,500,"",1950,"","","","",,"","","","","","","not reported","","fob"
"360-501","360<-R501",501,360,"",1950,"","","","",0,"","","","","","","imputed zero","","fob"
"360-501","R360->501",360,501,"",1950,"","","","",,"","","","","","","not reported","","fob"
"360-51","R360->51",360,51,"",1950,"","","","",,"","","","","","","not reported","","fob"
"360-51","360<-R51",51,360,"",1950,"","","","",0,"","","","","","","imputed zero","","fob"
"360-512","R360->512",360,512,"",1950,"","","","",,"","","","","","","not reported","","fob"
"360-512","360<-R512",512,360,"",1950,"","","","",0,"","","","","","","imputed zero","","fob"
"360-52","360<-R52",52,360,"",1950,"","","","",0,"","","","","","","imputed zero","","fob"
"360-52","R360->52",360,52,"",1950,"","","","",,"","","","","","","not reported","","fob"
"360-522","360<-R522",522,360,"",1950,"","","","",,"","","","","","","not reported","","fob"
"360-522","R360->522",360,522,"",1950,"","","","",,"","","","","","","not reported","","fob"
"360-530","R360->530",360,530,"",1950,"","","","",,"","","","","","","not reported","","fob"
"360-530","360<-R530",530,360,"",1950,"","","","",0,"","","","","","","imputed zero","","fob"
"360-540","R360->540",360,540,"",1950,"","","","",,"","","","","","","not reported","","fob"
"360-540","360<-R540",540,360,"",1950,"","","","",0,"","","","","","","imputed zero","","fob"
"360-541","R360->541",360,541,"",1950,"","","","",,"","","","","","","not reported","","fob"
"360-541","360<-R541",541,360,"",1950,"","","","",0,"","","","","","","imputed zero","","fob"
"360-551","R360->551",360,551,"",1950,"","","","",,"","","","","","","not reported","","fob"
"360-551","360<-R551",551,360,"",1950,"","","","",0,"","","","","","","imputed zero","","fob"
"360-552","R360->552",360,552,"",1950,"","","","",,"","","","","","","not reported","","fob"
"360-552","360<-R552",552,360,"",1950,"","","","",0,"","","","","","","imputed zero","","fob"
"360-560","360<-R560",560,360,"",1950,"","","","",,"","","","","","","not reported","","fob"
"360-560","R360->560",360,560,"",1950,"","","","",,"","","","","","","not reported","","fob"
"360-580","360<-R580",580,360,"",1950,"","","","",0,"","","","","","","imputed zero","","fob"
"360-580","R360->580",360,580,"",1950,"","","","",,"","","","","","","not reported","","fob"
"360-600","R360->600",360,600,"",1950,"","","","",,"","","","","","","not reported","","fob"
"360-600","360<-R600",600,360,"",1950,"","","","",0,"","","","","","","imputed zero","","fob"
"360-615","360<-R615",615,360,"",1950,"","","","",0,"","","","","","","imputed zero","","fob"
"360-615","R360->615",360,615,"",1950,"","","","",,"","","","","","","not reported","","fob"
"360-616","R360->616",360,616,"",1950,"","","","",,"","","","","","","not reported","","fob"
"360-616","360<-R616",616,360,"",1950,"","","","",0,"","","","","","","imputed zero","","fob"
"360-625","R360->625",360,625,"",1950,"","","","",,"","","","","","","not reported","","fob"
"360-625","360<-R625",625,360,"",1950,"","","","",0,"","","","","","","imputed zero","","fob"
"360-630","R360->630",360,630,"",1950,"","","","",,"","","","","","","not reported","","fob"
"360-630","360<-R630",630,360,"",1950,"","","","",,"","","","","","","not reported","","fob"
"360-640","360<-R640",640,360,"640->360",1950,"Romania","GPH","Turkey (Ottoman Empire)","GPH",107142.86,"640","NA","NA","NA","NA","NA","ok","NA","fob"
"360-640","R360->640",360,640,"",1950,"","","","",,"","","","","","","not reported","","fob"
"360-645","R360->645",360,645,"",1950,"","","","",,"","","","","","","not reported","","fob"
"360-645","360<-R645",645,360,"",1950,"","","","",0,"","","","","","","imputed zero","","fob"
"360-651","R360->651",360,651,"",1950,"","","","",,"","","","","","","not reported","","fob"
"360-651","360<-R651",651,360,"651->360",1950,"Romania","GPH","Egypt Arab Republic (Egypt)","GPH",321428.56,"651","NA","NA","NA","NA","NA","ok","NA","fob"
"360-652","360<-R652",652,360,"",1950,"","","","",0,"","","","","","","imputed zero","","fob"
"360-652","R360->652",360,652,"",1950,"","","","",,"","","","","","","not reported","","fob"
"360-660","360<-R660",660,360,"",1950,"","","","",0,"","","","","","","imputed zero","","fob"
"360-660","R360->660",360,660,"",1950,"","","","",,"","","","","","","not reported","","fob"
"360-666","R360->666",360,666,"",1950,"","","","",,"","","","","","","not reported","","fob"
"360-666","360<-R666",666,360,"666->360",1950,"Romania","GPH","Israel","GPH",107142.86,"666","NA","NA","NA","NA","NA","ok","NA","fob"
"360-670","R360->670",360,670,"",1950,"","","","",,"","","","","","","not reported","","fob"
"360-670","360<-R670",670,360,"",1950,"","","","",,"","","","","","","not reported","","fob"
"360-68","R360->68",360,68,"",1950,"","","","",,"","","","","","","not reported","","fob"
"360-68","360<-R68",68,360,"",1950,"","","","",,"","","","","","","not reported","","fob"
"360-70","360<-R70",70,360,"",1950,"","","","",0,"","","","","","","imputed zero","","fob"
"360-70","R360->70",360,70,"",1950,"","","","",,"","","","","","","not reported","","fob"
"360-710","R360->710",360,710,"",1950,"","","","",,"","","","","","","not reported","","fob"
"360-710","360<-R710",710,360,"",1950,"","","","",,"","","","","","","not reported","","fob"
"360-713","R360->713",360,713,"",1950,"","","","",,"","","","","","","not reported","","fob"
"360-713","360<-R713",713,360,"",1950,"","","","",,"","","","","","","not reported","","fob"
"360-720","360<-R720",720,360,"",1950,"","","","",0,"","","","","","","imputed zero","","fob"
"360-720","R360->720",360,720,"",1950,"","","","",,"","","","","","","not reported","","fob"
"360-732","360<-R732",732,360,"",1950,"","","","",,"","","","","","","not reported","","fob"
"360-732","R360->732",360,732,"",1950,"","","","",,"","","","","","","not reported","","fob"
"360-740","R360->740",360,740,"",1950,"","","","",,"","","","","","","not reported","","fob"
"360-740","360<-R740",740,360,"",1950,"","","","",0,"","","","","","","imputed zero","","fob"
"360-750","360<-R750",750,360,"",1950,"","","","",0,"","","","","","","imputed zero","","fob"
"360-750","R360->750",360,750,"",1950,"","","","",,"","","","","","","not reported","","fob"
"360-770","360<-R770",770,360,"",1950,"","","","",0,"","","","","","","imputed zero","","fob"
"360-770","R360->770",360,770,"",1950,"","","","",,"","","","","","","not reported","","fob"
"360-775","R360->775",360,775,"",1950,"","","","",,"","","","","","","not reported","","fob"
"360-775","360<-R775",775,360,"",1950,"","","","",0,"","","","","","","imputed zero","","fob"
"360-780","R360->780",360,780,"",1950,"","","","",,"","","","","","","not reported","","fob"
"360-780","360<-R780",780,360,"",1950,"","","","",0,"","","","","","","imputed zero","","fob"
"360-800","R360->800",360,800,"",1950,"","","","",,"","","","","","","not reported","","fob"
"360-800","360<-R800",800,360,"",1950,"","","","",,"","","","","","","not reported","","fob"
"360-840","360<-R840",840,360,"",1950,"","","","",0,"","","","","","","imputed zero","","fob"
"360-840","R360->840",360,840,"",1950,"","","","",,"","","","","","","not reported","","fob"
"360-850","R360->850",360,850,"",1950,"","","","",,"","","","","","","not reported","","fob"
"360-850","360<-R850",850,360,"",1950,"","","","",0,"","","","","","","imputed zero","","fob"
"360-90","R360->90",360,90,"",1950,"","","","",,"","","","","","","not reported","","fob"
"360-90","360<-R90",90,360,"",1950,"","","","",0,"","","","","","","imputed zero","","fob"
"360-900","360<-R900",900,360,"900->360",1950,"Romania","GPH","Australia","GPH",142857.14,"900","NA","NA","NA","NA","NA","ok","NA","fob"
"360-900","R360->900",360,900,"",1950,"","","","",,"","","","","","","not reported","","fob"
"360-91","360<-R91",91,360,"",1950,"","","","",0,"","","","","","","imputed zero","","fob"
"360-91","R360->91",360,91,"",1950,"","","","",,"","","","","","","not reported","","fob"
"360-92","360<-R92",92,360,"",1950,"","","","",0,"","","","","","","imputed zero","","fob"
"360-92","R360->92",360,92,"",1950,"","","","",,"","","","","","","not reported","","fob"
"360-920","360<-R920",920,360,"",1950,"","","","",0,"","","","","","","imputed zero","","fob"
"360-920","R360->920",360,920,"",1950,"","","","",,"","","","","","","not reported","","fob"
"360-93","360<-R93",93,360,"",1950,"","","","",0,"","","","","","","imputed zero","","fob"
"360-93","R360->93",360,93,"",1950,"","","","",,"","","","","","","not reported","","fob"
"360-94","R360->94",360,94,"",1950,"","","","",,"","","","","","","not reported","","fob"
"360-94","360<-R94",94,360,"",1950,"","","","",0,"","","","","","","imputed zero","","fob"
"360-95","360<-R95",95,360,"",1950,"","","","",0,"","","","","","","imputed zero","","fob"
"360-95","R360->95",360,95,"",1950,"","","","",,"","","","","","","not reported","","fob"
"360-960","R360->960",360,960,"",1950,"","","","",,"","","","","","","not reported","","fob"
"360-960","360<-R960",960,360,"",1950,"","","","",,"","","","","","","not reported","","fob"
"365-375","R365->375",365,375,"",1950,"","","","",,"","","","","","","not reported","","fob"
"365-375","365<-R375",375,365,"375->365",1950,"Russia (USSR)","GPH","Finland","GPH",23035714,"375","NA","NA","NA","NA","NA","ok","NA","fob"
"365-380","R365->380",365,380,"",1950,"","","","",,"","","","","","","not reported","","fob"
"365-380","365<-R380",380,365,"380->365",1950,"Russia (USSR)","GPH","Sweden","GPH",7785714.5,"380","NA","NA","NA","NA","NA","ok","NA","fob"
"365-385","365<-R385",385,365,"385->365",1950,"Russia (USSR)","GPH","Norway","GPH",2857142.8,"385","NA","NA","NA","NA","NA","ok","NA","fob"
"365-385","R365->385",365,385,"",1950,"","","","",,"","","","","","","not reported","","fob"
"365-390","R365->390",365,390,"",1950,"","","","",,"","","","","","","not reported","","fob"
"365-390","365<-R390",390,365,"390->365",1950,"Russia (USSR)","GPH","Denmark","GPH",357142.84,"390","NA","NA","NA","NA","NA","ok","NA","fob"
"365-395","R365->395",365,395,"",1950,"","","","",,"","","","","","","not reported","","fob"
"365-395","365<-R395",395,365,"",1950,"","","","",0,"","","","","","","imputed zero","","fob"
"365-40","365<-R40",40,365,"40->365",1950,"Russia (USSR)","GPH","Cuba","GPH",35714.285,"40","NA","NA","NA","NA","NA","ok","NA","fob"
"365-40","R365->40",365,40,"",1950,"","","","",,"","","","","","","not reported","","fob"
"365-41","365<-R41",41,365,"",1950,"","","","",0,"","","","","","","imputed zero","","fob"
"365-41","R365->41",365,41,"",1950,"","","","",,"","","","","","","not reported","","fob"
"365-42","R365->42",365,42,"",1950,"","","","",,"","","","","","","not reported","","fob"
"365-42","365<-R42",42,365,"",1950,"","","","",0,"","","","","","","imputed zero","","fob"
"365-452","R365->452",365,452,"",1950,"","","","",,"","","","","","","not reported","","fob"
"365-452","365<-R452",452,365,"452->365",1950,"Russia (USSR)","GPH","Ghana (Gold Coast)","GPH",1750000,"452","NA","NA","NA","NA","NA","ok","NA","fob"
"365-471","R365->471",365,471,"",1950,"","","","",,"","","","","","","not reported","","fob"
"365-471","365<-R471",471,365,"",1950,"","","","",0,"","","","","","","imputed zero","","fob"
"365-475","R365->475",365,475,"",1950,"","","","",,"","","","","","","not reported","","fob"
"365-475","365<-R475",475,365,"",1950,"","","","",0,"","","","","","","imputed zero","","fob"
"365-490","R365->490",365,490,"",1950,"","","","",,"","","","","","","not reported","","fob"
"365-490","365<-R490",490,365,"",1950,"","","","",0,"","","","","","","imputed zero","","fob"
"365-500","R365->500",365,500,"",1950,"","","","",,"","","","","","","not reported","","fob"
"365-500","365<-R500",500,365,"",1950,"","","","",0,"","","","","","","imputed zero","","fob"
"365-501","365<-R501",501,365,"",1950,"","","","",0,"","","","","","","imputed zero","","fob"
"365-501","R365->501",365,501,"",1950,"","","","",,"","","","","","","not reported","","fob"
"365-51","R365->51",365,51,"",1950,"","","","",,"","","","","","","not reported","","fob"
"365-51","365<-R51",51,365,"",1950,"","","","",0,"","","","","","","imputed zero","","fob"
"365-512","365<-R512",512,365,"",1950,"","","","",0,"","","","","","","imputed zero","","fob"
"365-512","R365->512",365,512,"",1950,"","","","",,"","","","","","","not reported","","fob"
"365-52","R365->52",365,52,"",1950,"","","","",,"","","","","","","not reported","","fob"
"365-52","365<-R52",52,365,"",1950,"","","","",0,"","","","","","","imputed zero","","fob"
"365-522","R365->522",365,522,"",1950,"","","","",,"","","","","","","not reported","","fob"
"365-522","365<-R522",522,365,"",1950,"","","","",,"","","","","","","not reported","","fob"
"365-530","R365->530",365,530,"",1950,"","","","",,"","","","","","","not reported","","fob"
"365-530","365<-R530",530,365,"",1950,"","","","",0,"","","","","","","imputed zero","","fob"
"365-540","365<-R540",540,365,"",1950,"","","","",0,"","","","","","","imputed zero","","fob"
"365-540","R365->540",365,540,"",1950,"","","","",,"","","","","","","not reported","","fob"
"365-541","365<-R541",541,365,"",1950,"","","","",0,"","","","","","","imputed zero","","fob"
"365-541","R365->541",365,541,"",1950,"","","","",,"","","","","","","not reported","","fob"
"365-551","365<-R551",551,365,"",1950,"","","","",0,"","","","","","","imputed zero","","fob"
"365-551","R365->551",365,551,"",1950,"","","","",,"","","","","","","not reported","","fob"
"365-552","R365->552",365,552,"",1950,"","","","",,"","","","","","","not reported","","fob"
"365-552","365<-R552",552,365,"",1950,"","","","",0,"","","","","","","imputed zero","","fob"
"365-560","365<-R560",560,365,"",1950,"","","","",,"","","","","","","not reported","","fob"
"365-560","R365->560",365,560,"",1950,"","","","",,"","","","","","","not reported","","fob"
"365-580","R365->580",365,580,"",1950,"","","","",,"","","","","","","not reported","","fob"
"365-580","365<-R580",580,365,"",1950,"","","","",0,"","","","","","","imputed zero","","fob"
"365-600","365<-R600",600,365,"",1950,"","","","",0,"","","","","","","imputed zero","","fob"
"365-600","R365->600",365,600,"",1950,"","","","",,"","","","","","","not reported","","fob"
"365-615","R365->615",365,615,"",1950,"","","","",,"","","","","","","not reported","","fob"
"365-615","365<-R615",615,365,"615->365",1950,"Russia (USSR)","GPH","Algeria (Regency of Algiers)","GPH",107142.86,"615","NA","NA","NA","NA","NA","ok","NA","fob"
"365-616","R365->616",365,616,"",1950,"","","","",,"","","","","","","not reported","","fob"
"365-616","365<-R616",616,365,"616->365",1950,"Russia (USSR)","GPH","Tunisia (Regency of Tunis)","GPH",71428.57,"616","NA","NA","NA","NA","NA","ok","NA","fob"
"365-625","R365->625",365,625,"",1950,"","","","",,"","","","","","","not reported","","fob"
"365-625","365<-R625",625,365,"",1950,"","","","",0,"","","","","","","imputed zero","","fob"
"365-630","365<-R630",630,365,"",1950,"","","","",,"","","","","","","not reported","","fob"
"365-630","R365->630",365,630,"",1950,"","","","",,"","","","","","","not reported","","fob"
"365-640","R365->640",365,640,"",1950,"","","","",,"","","","","","","not reported","","fob"
"365-640","365<-R640",640,365,"640->365",1950,"Russia (USSR)","GPH","Turkey (Ottoman Empire)","GPH",142857.14,"640","NA","NA","NA","NA","NA","ok","NA","fob"
"365-645","R365->645",365,645,"",1950,"","","","",,"","","","","","","not reported","","fob"
"365-645","365<-R645",645,365,"",1950,"","","","",0,"","","","","","","imputed zero","","fob"
"365-651","365<-R651",651,365,"651->365",1950,"Russia (USSR)","GPH","Egypt Arab Republic (Egypt)","GPH",9000000,"651","NA","NA","NA","NA","NA","ok","NA","fob"
"365-651","R365->651",365,651,"",1950,"","","","",,"","","","","","","not reported","","fob"
"365-652","365<-R652",652,365,"",1950,"","","","",0,"","","","","","","imputed zero","","fob"
"365-652","R365->652",365,652,"",1950,"","","","",,"","","","","","","not reported","","fob"
"365-660","365<-R660",660,365,"",1950,"","","","",0,"","","","","","","imputed zero","","fob"
"365-660","R365->660",365,660,"",1950,"","","","",,"","","","","","","not reported","","fob"
"365-666","R365->666",365,666,"",1950,"","","","",,"","","","","","","not reported","","fob"
"365-666","365<-R666",666,365,"",1950,"","","","",0,"","","","","","","imputed zero","","fob"
"365-670","365<-R670",670,365,"",1950,"","","","",,"","","","","","","not reported","","fob"
"365-670","R365->670",365,670,"",1950,"","","","",,"","","","","","","not reported","","fob"
"365-68","365<-R68",68,365,"",1950,"","","","",,"","","","","","","not reported","","fob"
"365-68","R365->68",365,68,"",1950,"","","","",,"","","","","","","not reported","","fob"
"365-70","365<-R70",70,365,"70->365",1950,"Russia (USSR)","GPH","Mexico","GPH",321428.56,"70","NA","NA","NA","NA","NA","ok","NA","fob"
"365-70","R365->70",365,70,"",1950,"","","","",,"","","","","","","not reported","","fob"
"365-710","R365->710",365,710,"",1950,"","","","",,"","","","","","","not reported","","fob"
"365-710","365<-R710",710,365,"",1950,"","","","",,"","","","","","","not reported","","fob"
"365-713","R365->713",365,713,"",1950,"","","","",,"","","","","","","not reported","","fob"
"365-713","365<-R713",713,365,"",1950,"","","","",,"","","","","","","not reported","","fob"
"365-720","R365->720",365,720,"",1950,"","","","",,"","","","","","","not reported","","fob"
"365-720","365<-R720",720,365,"",1950,"","","","",0,"","","","","","","imputed zero","","fob"
"365-732","365<-R732",732,365,"",1950,"","","","",,"","","","","","","not reported","","fob"
"365-732","R365->732",365,732,"",1950,"","","","",,"","","","","","","not reported","","fob"
"365-740","R365->740",365,740,"",1950,"","","","",,"","","","","","","not reported","","fob"
"365-740","365<-R740",740,365,"740->365",1950,"Russia (USSR)","GPH","Japan","GPH",250000,"740","NA","NA","NA","NA","NA","ok","NA","fob"
"365-750","R365->750",365,750,"",1950,"","","","",,"","","","","","","not reported","","fob"
"365-750","365<-R750",750,365,"750->365",1950,"Russia (USSR)","GPH","India","GPH",1035714.3,"750","NA","NA","NA","NA","NA","ok","NA","fob"
"365-770","R365->770",365,770,"",1950,"","","","",,"","","","","","","not reported","","fob"
"365-770","365<-R770",770,365,"770->365",1950,"Russia (USSR)","GPH","Pakistan","GPH",4071428.5,"770","NA","NA","NA","NA","NA","ok","NA","fob"
"365-775","365<-R775",775,365,"",1950,"","","","",0,"","","","","","","imputed zero","","fob"
"365-775","R365->775",365,775,"",1950,"","","","",,"","","","","","","not reported","","fob"
"365-780","R365->780",365,780,"",1950,"","","","",,"","","","","","","not reported","","fob"
"365-780","365<-R780",780,365,"",1950,"","","","",0,"","","","","","","imputed zero","","fob"
"365-800","R365->800",365,800,"",1950,"","","","",,"","","","","","","not reported","","fob"
"365-800","365<-R800",800,365,"",1950,"","","","",,"","","","","","","not reported","","fob"
"365-840","R365->840",365,840,"",1950,"","","","",,"","","","","","","not reported","","fob"
"365-840","365<-R840",840,365,"",1950,"","","","",0,"","","","","","","imputed zero","","fob"
"365-850","365<-R850",850,365,"",1950,"","","","",0,"","","","","","","imputed zero","","fob"
"365-850","R365->850",365,850,"",1950,"","","","",,"","","","","","","not reported","","fob"
"365-90","365<-R90",90,365,"",1950,"","","","",0,"","","","","","","imputed zero","","fob"
"365-90","R365->90",365,90,"",1950,"","","","",,"","","","","","","not reported","","fob"
"365-900","365<-R900",900,365,"900->365",1950,"Russia (USSR)","GPH","Australia","GPH",8428571,"900","NA","NA","NA","NA","NA","ok","NA","fob"
"365-900","R365->900",365,900,"",1950,"","","","",,"","","","","","","not reported","","fob"
"365-91","365<-R91",91,365,"",1950,"","","","",0,"","","","","","","imputed zero","","fob"
"365-91","R365->91",365,91,"",1950,"","","","",,"","","","","","","not reported","","fob"
"365-92","R365->92",365,92,"",1950,"","","","",,"","","","","","","not reported","","fob"
"365-92","365<-R92",92,365,"",1950,"","","","",0,"","","","","","","imputed zero","","fob"
"365-920","365<-R920",920,365,"920->365",1950,"Russia (USSR)","GPH","New Zealand","GPH",1035714.3,"920","NA","NA","NA","NA","NA","ok","NA","fob"
"365-920","R365->920",365,920,"",1950,"","","","",,"","","","","","","not reported","","fob"
"365-93","365<-R93",93,365,"",1950,"","","","",0,"","","","","","","imputed zero","","fob"
"365-93","R365->93",365,93,"",1950,"","","","",,"","","","","","","not reported","","fob"
"365-94","R365->94",365,94,"",1950,"","","","",,"","","","","","","not reported","","fob"
"365-94","365<-R94",94,365,"",1950,"","","","",0,"","","","","","","imputed zero","","fob"
"365-95","365<-R95",95,365,"",1950,"","","","",0,"","","","","","","imputed zero","","fob"
"365-95","R365->95",365,95,"",1950,"","","","",,"","","","","","","not reported","","fob"
"365-960","R365->960",365,960,"",1950,"","","","",,"","","","","","","not reported","","fob"
"365-960","365<-R960",960,365,"",1950,"","","","",,"","","","","","","not reported","","fob"
"375-380","375<-R380",380,375,"380->375",1950,"Finland","GPH","Sweden","GPH",8035714.5,"380","NA","NA","NA","NA","NA","ok","NA","fob"
"375-380","R375->380",375,380,"375->380",1950,"Sweden","GPH","Finland","GPH",4607143,"375","NA","NA","NA","NA","NA","ok","NA","fob"
"375-385","375<-R385",385,375,"385->375",1950,"Finland","GPH","Norway","GPH",2000000,"385","NA","NA","NA","NA","NA","ok","NA","fob"
"375-385","R375->385",375,385,"375->385",1950,"Norway","GPH","Finland","GPH",1821428.6,"375","NA","NA","NA","NA","NA","ok","NA","fob"
"375-390","375<-R390",390,375,"390->375",1950,"Finland","GPH","Denmark","GPH",8464286,"390","NA","NA","NA","NA","NA","ok","NA","fob"
"375-390","R375->390",375,390,"375->390",1950,"Denmark","GPH","Finland","GPH",9214286,"375","NA","NA","NA","NA","NA","ok","NA","fob"
"375-395","R375->395",375,395,"",1950,"","","","",0,"","","","","","","imputed zero","","fob"
"375-395","375<-R395",395,375,"395->375",1950,"Finland","GPH","Iceland","GPH",535714.31,"395","NA","NA","NA","NA","NA","ok","NA","fob"
"375-40","R375->40",375,40,"375->40",1950,"Cuba","GPH","Finland","GPH",71428.57,"375","NA","NA","NA","NA","NA","ok","NA","fob"
"375-40","375<-R40",40,375,"40->375",1950,"Finland","GPH","Cuba","GPH",142857.14,"40","NA","NA","NA","NA","NA","ok","NA","fob"
"375-41","375<-R41",41,375,"",1950,"","","","",0,"","","","","","","imputed zero","","fob"
"375-41","R375->41",375,41,"",1950,"","","","",0,"","","","","","","imputed zero","","fob"
"375-42","R375->42",375,42,"",1950,"","","","",0,"","","","","","","imputed zero","","fob"
"375-42","375<-R42",42,375,"",1950,"","","","",0,"","","","","","","imputed zero","","fob"
"375-452","375<-R452",452,375,"",1950,"","","","",0,"","","","","","","imputed zero","","fob"
"375-452","R375->452",375,452,"",1950,"","","","",0,"","","","","","","imputed zero","","fob"
"375-471","R375->471",375,471,"",1950,"","","","",0,"","","","","","","imputed zero","","fob"
"375-471","375<-R471",471,375,"",1950,"","","","",0,"","","","","","","imputed zero","","fob"
"375-475","375<-R475",475,375,"",1950,"","","","",0,"","","","","","","imputed zero","","fob"
"375-475","R375->475",375,475,"",1950,"","","","",0,"","","","","","","imputed zero","","fob"
"375-490","375<-R490",490,375,"490->375",1950,"Finland","GPH","Democratic Republic of the Congo (Zaire) (Kinshasa) (Belgian Congo) (Congo Free State)","GPH",142857.14,"490","NA","NA","NA","NA","NA","ok","NA","fob"
"375-490","R375->490",375,490,"",1950,"","","","",0,"","","","","","","imputed zero","","fob"
"375-500","375<-R500",500,375,"",1950,"","","","",0,"","","","","","","imputed zero","","fob"
"375-500","R375->500",375,500,"",1950,"","","","",0,"","","","","","","imputed zero","","fob"
"375-501","R375->501",375,501,"",1950,"","","","",0,"","","","","","","imputed zero","","fob"
"375-501","375<-R501",501,375,"",1950,"","","","",0,"","","","","","","imputed zero","","fob"
"375-51","375<-R51",51,375,"",1950,"","","","",0,"","","","","","","imputed zero","","fob"
"375-51","R375->51",375,51,"",1950,"","","","",0,"","","","","","","imputed zero","","fob"
"375-512","375<-R512",512,375,"",1950,"","","","",0,"","","","","","","imputed zero","","fob"
"375-512","R375->512",375,512,"",1950,"","","","",0,"","","","","","","imputed zero","","fob"
"375-52","R375->52",375,52,"",1950,"","","","",0,"","","","","","","imputed zero","","fob"
"375-52","375<-R52",52,375,"52->375",1950,"Finland","GPH","Trinidad and Tobago","GPH",35714.285,"52","NA","NA","NA","NA","NA","ok","NA","fob"
"375-522","R375->522",375,522,"",1950,"","","","",0,"","","","","","","imputed zero","","fob"
"375-522","375<-R522",522,375,"",1950,"","","","",,"","","","","","","not reported","","fob"
"375-530","R375->530",375,530,"",1950,"","","","",0,"","","","","","","imputed zero","","fob"
"375-530","375<-R530",530,375,"",1950,"","","","",0,"","","","","","","imputed zero","","fob"
"375-540","375<-R540",540,375,"",1950,"","","","",0,"","","","","","","imputed zero","","fob"
"375-540","R375->540",375,540,"",1950,"","","","",0,"","","","","","","imputed zero","","fob"
"375-541","R375->541",375,541,"375->541",1950,"Mozambique (Portuguese East Africa)","GPH","Finland","GPH",250000,"375","NA","NA","NA","NA","NA","ok","NA","fob"
"375-541","375<-R541",541,375,"",1950,"","","","",0,"","","","","","","imputed zero","","fob"
"375-551","R375->551",375,551,"",1950,"","","","",0,"","","","","","","imputed zero","","fob"
"375-551","375<-R551",551,375,"",1950,"","","","",0,"","","","","","","imputed zero","","fob"
"375-552","375<-R552",552,375,"",1950,"","","","",0,"","","","","","","imputed zero","","fob"
"375-552","R375->552",375,552,"",1950,"","","","",0,"","","","","","","imputed zero","","fob"
"375-560","R375->560",375,560,"375->560",1950,"South Africa","GPH","Finland","GPH",1678571.4,"375","NA","NA","NA","NA","NA","ok","NA","fob"
"375-560","375<-R560",560,375,"",1950,"","","","",,"","","","","","","not reported","","fob"
"375-580","375<-R580",580,375,"",1950,"","","","",0,"","","","","","","imputed zero","","fob"
"375-580","R375->580",375,580,"",1950,"","","","",0,"","","","","","","imputed zero","","fob"
"375-600","375<-R600",600,375,"600->375",1950,"Finland","GPH","Morocco","GPH",357142.84,"600","NA","NA","NA","NA","NA","ok","NA","fob"
"375-600","R375->600",375,600,"375->600",1950,"Morocco","GPH","Finland","GPH",250000,"375","NA","NA","NA","NA","NA","ok","NA","fob"
"375-615","R375->615",375,615,"375->615",1950,"Algeria (Regency of Algiers)","GPH","Finland","GPH",178571.42,"375","NA","NA","NA","NA","NA","ok","NA","fob"
"375-615","375<-R615",615,375,"",1950,"","","","",0,"","","","","","","imputed zero","","fob"
"375-616","375<-R616",616,375,"616->375",1950,"Finland","GPH","Tunisia (Regency of Tunis)","GPH",178571.42,"616","NA","NA","NA","NA","NA","ok","NA","fob"
"375-616","R375->616",375,616,"375->616",1950,"Tunisia (Regency of Tunis)","GPH","Finland","GPH",107142.86,"375","NA","NA","NA","NA","NA","ok","NA","fob"
"375-625","375<-R625",625,375,"",1950,"","","","",0,"","","","","","","imputed zero","","fob"
"375-625","R375->625",375,625,"",1950,"","","","",0,"","","","","","","imputed zero","","fob"
"375-630","R375->630",375,630,"375->630",1950,"Iran (Persia)","GPH","Finland","GPH",71428.57,"375","NA","NA","NA","NA","NA","ok","NA","fob"
"375-630","375<-R630",630,375,"",1950,"","","","",,"","","","","","","not reported","","fob"
"375-640","R375->640",375,640,"375->640",1950,"Turkey (Ottoman Empire)","GPH","Finland","GPH",821428.56,"375","NA","NA","NA","NA","NA","ok","NA","fob"
"375-640","375<-R640",640,375,"640->375",1950,"Finland","GPH","Turkey (Ottoman Empire)","GPH",964285.69,"640","NA","NA","NA","NA","NA","ok","NA","fob"
"375-645","R375->645",375,645,"",1950,"","","","",0,"","","","","","","imputed zero","","fob"
"375-645","375<-R645",645,375,"",1950,"","","","",0,"","","","","","","imputed zero","","fob"
"375-651","375<-R651",651,375,"651->375",1950,"Finland","GPH","Egypt Arab Republic (Egypt)","GPH",285714.28,"651","NA","NA","NA","NA","NA","ok","NA","fob"
"375-651","R375->651",375,651,"375->651",1950,"Egypt Arab Republic (Egypt)","GPH","Finland","GPH",3035714.3,"375","NA","NA","NA","NA","NA","ok","NA","fob"
"375-652","R375->652",375,652,"375->652",1950,"Syria","GPH","Finland","GPH",250000,"375","NA","NA","NA","NA","NA","ok","NA","fob"
"375-652","375<-R652",652,375,"",1950,"","","","",0,"","","","","","","imputed zero","","fob"
"375-660","R375->660",375,660,"",1950,"","","","",0,"","","","","","","imputed zero","","fob"
"375-660","375<-R660",660,375,"",1950,"","","","",0,"","","","","","","imputed zero","","fob"
"375-666","R375->666",375,666,"375->666",1950,"Israel","GPH","Finland","GPH",535714.31,"375","NA","NA","NA","NA","NA","ok","NA","fob"
"375-666","375<-R666",666,375,"666->375",1950,"Finland","GPH","Israel","GPH",428571.44,"666","NA","NA","NA","NA","NA","ok","NA","fob"
"375-670","375<-R670",670,375,"",1950,"","","","",,"","","","","","","not reported","","fob"
"375-670","R375->670",375,670,"",1950,"","","","",0,"","","","","","","imputed zero","","fob"
"375-68","R375->68",375,68,"",1950,"","","","",0,"","","","","","","imputed zero","","fob"
"375-68","375<-R68",68,375,"",1950,"","","","",,"","","","","","","not reported","","fob"
"375-70","375<-R70",70,375,"",1950,"","","","",0,"","","","","","","imputed zero","","fob"
"375-70","R375->70",375,70,"375->70",1950,"Mexico","GPH","Finland","GPH",321428.56,"375","NA","NA","NA","NA","NA","ok","NA","fob"
"375-710","375<-R710",710,375,"",1950,"","","","",,"","","","","","","not reported","","fob"
"375-710","R375->710",375,710,"375->710",1950,"People's Republic of China (China)","GPH","Finland","GPH",107142.86,"375","NA","NA","NA","NA","NA","ok","NA","fob"
"375-713","R375->713",375,713,"",1950,"","","","",0,"","","","","","","imputed zero","","fob"
"375-713","375<-R713",713,375,"",1950,"","","","",,"","","","","","","not reported","","fob"
"375-720","R375->720",375,720,"",1950,"","","","",0,"","","","","","","imputed zero","","fob"
"375-720","375<-R720",720,375,"",1950,"","","","",0,"","","","","","","imputed zero","","fob"
"375-732","R375->732",375,732,"",1950,"","","","",0,"","","","","","","imputed zero","","fob"
"375-732","375<-R732",732,375,"",1950,"","","","",,"","","","","","","not reported","","fob"
"375-740","375<-R740",740,375,"740->375",1950,"Finland","GPH","Japan","GPH",392857.16,"740","NA","NA","NA","NA","NA","ok","NA","fob"
"375-740","R375->740",375,740,"375->740",1950,"Japan","GPH","Finland","GPH",357142.84,"375","NA","NA","NA","NA","NA","ok","NA","fob"
"375-750","375<-R750",750,375,"750->375",1950,"Finland","GPH","India","GPH",178571.42,"750","NA","NA","NA","NA","NA","ok","NA","fob"
"375-750","R375->750",375,750,"375->750",1950,"India","GPH","Finland","GPH",892857.13,"375","NA","NA","NA","NA","NA","ok","NA","fob"
"375-770","375<-R770",770,375,"770->375",1950,"Finland","GPH","Pakistan","GPH",678571.44,"770","NA","NA","NA","NA","NA","ok","NA","fob"
"375-770","R375->770",375,770,"375->770",1950,"Pakistan","GPH","Finland","GPH",178571.42,"375","NA","NA","NA","NA","NA","ok","NA","fob"
"375-775","375<-R775",775,375,"",1950,"","","","",0,"","","","","","","imputed zero","","fob"
"375-775","R375->775",375,775,"",1950,"","","","",0,"","","","","","","imputed zero","","fob"
"375-780","375<-R780",780,375,"780->375",1950,"Finland","GPH","Sri Lanka (Ceylon)","GPH",107142.86,"780","NA","NA","NA","NA","NA","ok","NA","fob"
"375-780","R375->780",375,780,"375->780",1950,"Sri Lanka (Ceylon)","GPH","Finland","GPH",285714.28,"375","NA","NA","NA","NA","NA","ok","NA","fob"
"375-800","R375->800",375,800,"375->800",1950,"Thailand (Siam)","GPH","Finland","GPH",71428.57,"375","NA","NA","NA","NA","NA","ok","NA","fob"
"375-800","375<-R800",800,375,"",1950,"","","","",,"","","","","","","not reported","","fob"
"375-840","R375->840",375,840,"",1950,"","","","",0,"","","","","","","imputed zero","","fob"
"375-840","375<-R840",840,375,"",1950,"","","","",0,"","","","","","","imputed zero","","fob"
"375-850","375<-R850",850,375,"850->375",1950,"Finland","GPH","Indonesia (Dutch East Indies)","GPH",142857.14,"850","NA","NA","NA","NA","NA","ok","NA","fob"
"375-850","R375->850",375,850,"375->850",1950,"Indonesia (Dutch East Indies)","GPH","Finland","GPH",107142.86,"375","NA","NA","NA","NA","NA","ok","NA","fob"
"375-90","375<-R90",90,375,"",1950,"","","","",0,"","","","","","","imputed zero","","fob"
"375-90","R375->90",375,90,"",1950,"","","","",0,"","","","","","","imputed zero","","fob"
"375-900","375<-R900",900,375,"900->375",1950,"Finland","GPH","Australia","GPH",1214285.8,"900","NA","NA","NA","NA","NA","ok","NA","fob"
"375-900","R375->900",375,900,"375->900",1950,"Australia","GPH","Finland","GPH",1571428.6,"375","NA","NA","NA","NA","NA","ok","NA","fob"
"375-91","R375->91",375,91,"",1950,"","","","",0,"","","","","","","imputed zero","","fob"
"375-91","375<-R91",91,375,"",1950,"","","","",0,"","","","","","","imputed zero","","fob"
"375-92","375<-R92",92,375,"",1950,"","","","",0,"","","","","","","imputed zero","","fob"
"375-92","R375->92",375,92,"",1950,"","","","",0,"","","","","","","imputed zero","","fob"
"375-920","R375->920",375,920,"375->920",1950,"New Zealand","GPH","Finland","GPH",107142.86,"375","NA","NA","NA","NA","NA","ok","NA","fob"
"375-920","375<-R920",920,375,"920->375",1950,"Finland","GPH","New Zealand","GPH",35714.285,"920","NA","NA","NA","NA","NA","ok","NA","fob"
"375-93","375<-R93",93,375,"",1950,"","","","",0,"","","","","","","imputed zero","","fob"
"375-93","R375->93",375,93,"",1950,"","","","",0,"","","","","","","imputed zero","","fob"
"375-94","R375->94",375,94,"",1950,"","","","",0,"","","","","","","imputed zero","","fob"
"375-94","375<-R94",94,375,"",1950,"","","","",0,"","","","","","","imputed zero","","fob"
"375-95","375<-R95",95,375,"",1950,"","","","",0,"","","","","","","imputed zero","","fob"
"375-95","R375->95",375,95,"",1950,"","","","",0,"","","","","","","imputed zero","","fob"
"375-960","375<-R960",960,375,"",1950,"","","","",,"","","","","","","not reported","","fob"
"375-960","R375->960",375,960,"",1950,"","","","",0,"","","","","","","imputed zero","","fob"
"380-385","380<-R385",385,380,"385->380",1950,"Sweden","GPH","Norway","GPH",10857143,"385","NA","NA","NA","NA","NA","ok","NA","fob"
"380-385","R380->385",380,385,"380->385",1950,"Norway","GPH","Sweden","GPH",35357144,"380","NA","NA","NA","NA","NA","ok","NA","fob"
"380-390","380<-R390",390,380,"390->380",1950,"Sweden","GPH","Denmark","GPH",14035714,"390","NA","NA","NA","NA","NA","ok","NA","fob"
"380-390","R380->390",380,390,"380->390",1950,"Denmark","GPH","Sweden","GPH",23035714,"380","NA","NA","NA","NA","NA","ok","NA","fob"
"380-395","R380->395",380,395,"380->395",1950,"Iceland","GPH","Sweden","GPH",285714.28,"380","NA","NA","NA","NA","NA","ok","NA","fob"
"380-395","380<-R395",395,380,"395->380",1950,"Sweden","GPH","Iceland","GPH",678571.44,"395","NA","NA","NA","NA","NA","ok","NA","fob"
"380-40","R380->40",380,40,"380->40",1950,"Cuba","GPH","Sweden","GPH",928571.44,"380","NA","NA","NA","NA","NA","ok","NA","fob"
"380-40","380<-R40",40,380,"40->380",1950,"Sweden","GPH","Cuba","GPH",392857.16,"40","NA","NA","NA","NA","NA","ok","NA","fob"
"380-41","R380->41",380,41,"",1950,"","","","",0,"","","","","","","imputed zero","","fob"
"380-41","380<-R41",41,380,"",1950,"","","","",0,"","","","","","","imputed zero","","fob"
"380-42","R380->42",380,42,"",1950,"","","","",0,"","","","","","","imputed zero","","fob"
"380-42","380<-R42",42,380,"",1950,"","","","",0,"","","","","","","imputed zero","","fob"
"380-452","380<-R452",452,380,"452->380",1950,"Sweden","GPH","Ghana (Gold Coast)","GPH",1142857.1,"452","NA","NA","NA","NA","NA","ok","NA","fob"
"380-452","R380->452",380,452,"",1950,"","","","",0,"","","","","","","imputed zero","","fob"
"380-471","380<-R471",471,380,"",1950,"","","","",0,"","","","","","","imputed zero","","fob"
"380-471","R380->471",380,471,"",1950,"","","","",0,"","","","","","","imputed zero","","fob"
"380-475","R380->475",380,475,"",1950,"","","","",0,"","","","","","","imputed zero","","fob"
"380-475","380<-R475",475,380,"475->380",1950,"Sweden","GPH","Nigeria","GPH",35714.285,"475","NA","NA","NA","NA","NA","ok","NA","fob"
"380-490","R380->490",380,490,"380->490",1950,"Democratic Republic of the Congo (Zaire) (Kinshasa) (Belgian Congo) (Congo Free State)","GPH","Sweden","GPH",214285.72,"380","NA","NA","NA","NA","NA","ok","NA","fob"
"380-490","380<-R490",490,380,"490->380",1950,"Sweden","GPH","Democratic Republic of the Congo (Zaire) (Kinshasa) (Belgian Congo) (Congo Free State)","GPH",857142.88,"490","NA","NA","NA","NA","NA","ok","NA","fob"
"380-500","R380->500",380,500,"",1950,"","","","",0,"","","","","","","imputed zero","","fob"
"380-500","380<-R500",500,380,"500->380",1950,"Sweden","GPH","Uganda","GPH",142857.14,"500","NA","NA","NA","NA","NA","ok","NA","fob"
"380-501","380<-R501",501,380,"501->380",1950,"Sweden","GPH","Kenya (British East Africa Protectorate)","GPH",71428.57,"501","NA","NA","NA","NA","NA","ok","NA","fob"
"380-501","R380->501",380,501,"",1950,"","","","",0,"","","","","","","imputed zero","","fob"
"380-51","R380->51",380,51,"",1950,"","","","",0,"","","","","","","imputed zero","","fob"
"380-51","380<-R51",51,380,"",1950,"","","","",0,"","","","","","","imputed zero","","fob"
"380-512","380<-R512",512,380,"512->380",1950,"Sweden","GPH","Tanzania (Tanganyika)","GPH",178571.42,"512","NA","NA","NA","NA","NA","ok","NA","fob"
"380-512","R380->512",380,512,"",1950,"","","","",0,"","","","","","","imputed zero","","fob"
"380-52","R380->52",380,52,"",1950,"","","","",0,"","","","","","","imputed zero","","fob"
"380-52","380<-R52",52,380,"52->380",1950,"Sweden","GPH","Trinidad and Tobago","GPH",928571.44,"52","NA","NA","NA","NA","NA","ok","NA","fob"
"380-522","380<-R522",522,380,"",1950,"","","","",,"","","","","","","not reported","","fob"
"380-522","R380->522",380,522,"",1950,"","","","",0,"","","","","","","imputed zero","","fob"
"380-530","R380->530",380,530,"380->530",1950,"Ethiopia (Abyssinia)","GPH","Sweden","GPH",71428.57,"380","NA","NA","NA","NA","NA","ok","NA","fob"
"380-530","380<-R530",530,380,"530->380",1950,"Sweden","GPH","Ethiopia (Abyssinia)","GPH",71428.57,"530","NA","NA","NA","NA","NA","ok","NA","fob"
"380-540","R380->540",380,540,"380->540",1950,"Angola","GPH","Sweden","GPH",107142.86,"380","NA","NA","NA","NA","NA","ok","NA","fob"
"380-540","380<-R540",540,380,"540->380",1950,"Sweden","GPH","Angola","GPH",107142.86,"540","NA","NA","NA","NA","NA","ok","NA","fob"
"380-541","380<-R541",541,380,"541->380",1950,"Sweden","GPH","Mozambique (Portuguese East Africa)","GPH",464285.72,"541","NA","NA","NA","NA","NA","ok","NA","fob"
"380-541","R380->541",380,541,"380->541",1950,"Mozambique (Portuguese East Africa)","GPH","Sweden","GPH",142857.14,"380","NA","NA","NA","NA","NA","ok","NA","fob"
"380-551","380<-R551",551,380,"551->380",1950,"Sweden","GPH","Zambia (Northern Rhodesia)","GPH",2357142.8,"551","NA","NA","NA","NA","NA","ok","NA","fob"
"380-551","R380->551",380,551,"",1950,"","","","",0,"","","","","","","imputed zero","","fob"
"380-552","R380->552",380,552,"",1950,"","","","",0,"","","","","","","imputed zero","","fob"
"380-552","380<-R552",552,380,"552->380",1950,"Sweden","GPH","Zimbabwe (Rhodesia) (Southern Rhodesia)","GPH",214285.72,"552","NA","NA","NA","NA","NA","ok","NA","fob"
"380-560","R380->560",380,560,"380->560",1950,"South Africa","GPH","Sweden","GPH",6928571.5,"380","NA","NA","NA","NA","NA","ok","NA","fob"
"380-560","380<-R560",560,380,"",1950,"","","","",,"","","","","","","not reported","","fob"
"380-580","380<-R580",580,380,"",1950,"","","","",0,"","","","","","","imputed zero","","fob"
"380-580","R380->580",380,580,"380->580",1950,"Madagascar (Malagasy Republic)","GPH","Sweden","GPH",178571.42,"380","NA","NA","NA","NA","NA","ok","NA","fob"
"380-600","380<-R600",600,380,"600->380",1950,"Sweden","GPH","Morocco","GPH",1107142.9,"600","NA","NA","NA","NA","NA","ok","NA","fob"
"380-600","R380->600",380,600,"380->600",1950,"Morocco","GPH","Sweden","GPH",678571.44,"380","NA","NA","NA","NA","NA","ok","NA","fob"
"380-615","R380->615",380,615,"380->615",1950,"Algeria (Regency of Algiers)","GPH","Sweden","GPH",464285.72,"380","NA","NA","NA","NA","NA","ok","NA","fob"
"380-615","380<-R615",615,380,"615->380",1950,"Sweden","GPH","Algeria (Regency of Algiers)","GPH",357142.84,"615","NA","NA","NA","NA","NA","ok","NA","fob"
"380-616","R380->616",380,616,"380->616",1950,"Tunisia (Regency of Tunis)","GPH","Sweden","GPH",214285.72,"380","NA","NA","NA","NA","NA","ok","NA","fob"
"380-616","380<-R616",616,380,"616->380",1950,"Sweden","GPH","Tunisia (Regency of Tunis)","GPH",142857.14,"616","NA","NA","NA","NA","NA","ok","NA","fob"
"380-625","R380->625",380,625,"380->625",1950,"Sudan (Anglo-Egyptian Sudan) (Mahdist State)","GPH","Sweden","GPH",214285.72,"380","NA","NA","NA","NA","NA","ok","NA","fob"
"380-625","380<-R625",625,380,"625->380",1950,"Sweden","GPH","Sudan (Anglo-Egyptian Sudan) (Mahdist State)","GPH",214285.72,"625","NA","NA","NA","NA","NA","ok","NA","fob"
"380-630","R380->630",380,630,"380->630",1950,"Iran (Persia)","GPH","Sweden","GPH",857142.88,"380","NA","NA","NA","NA","NA","ok","NA","fob"
"380-630","380<-R630",630,380,"",1950,"","","","",,"","","","","","","not reported","","fob"
"380-640","380<-R640",640,380,"640->380",1950,"Sweden","GPH","Turkey (Ottoman Empire)","GPH",2678571.5,"640","NA","NA","NA","NA","NA","ok","NA","fob"
"380-640","R380->640",380,640,"380->640",1950,"Turkey (Ottoman Empire)","GPH","Sweden","GPH",1785714.3,"380","NA","NA","NA","NA","NA","ok","NA","fob"
"380-645","R380->645",380,645,"380->645",1950,"Iraq (Mesopotamia)","GPH","Sweden","GPH",392857.16,"380","NA","NA","NA","NA","NA","ok","NA","fob"
"380-645","380<-R645",645,380,"",1950,"","","","",0,"","","","","","","imputed zero","","fob"
"380-651","R380->651",380,651,"380->651",1950,"Egypt Arab Republic (Egypt)","GPH","Sweden","GPH",4607143,"380","NA","NA","NA","NA","NA","ok","NA","fob"
"380-651","380<-R651",651,380,"651->380",1950,"Sweden","GPH","Egypt Arab Republic (Egypt)","GPH",2357142.8,"651","NA","NA","NA","NA","NA","ok","NA","fob"
"380-652","R380->652",380,652,"380->652",1950,"Syria","GPH","Sweden","GPH",285714.28,"380","NA","NA","NA","NA","NA","ok","NA","fob"
"380-652","380<-R652",652,380,"652->380",1950,"Sweden","GPH","Syria","GPH",71428.57,"652","NA","NA","NA","NA","NA","ok","NA","fob"
"380-660","R380->660",380,660,"380->660",1950,"Lebanon","GPH","Sweden","GPH",285714.28,"380","NA","NA","NA","NA","NA","ok","NA","fob"
"380-660","380<-R660",660,380,"",1950,"","","","",0,"","","","","","","imputed zero","","fob"
"380-666","380<-R666",666,380,"666->380",1950,"Sweden","GPH","Israel","GPH",571428.56,"666","NA","NA","NA","NA","NA","ok","NA","fob"
"380-666","R380->666",380,666,"380->666",1950,"Israel","GPH","Sweden","GPH",1392857.1,"380","NA","NA","NA","NA","NA","ok","NA","fob"
"380-670","380<-R670",670,380,"",1950,"","","","",,"","","","","","","not reported","","fob"
"380-670","R380->670",380,670,"380->670",1950,"Saudi Arabia (Emirate of Nejd) (Emirate of Diriyah)","GPH","Sweden","GPH",321428.56,"380","NA","NA","NA","NA","NA","ok","NA","fob"
"380-68","R380->68",380,68,"380->68",1950,"Netherlands Antilles","GPH","Sweden","GPH",71428.57,"380","NA","NA","NA","NA","NA","ok","NA","fob"
"380-68","380<-R68",68,380,"",1950,"","","","",,"","","","","","","not reported","","fob"
"380-70","380<-R70",70,380,"70->380",1950,"Sweden","GPH","Mexico","GPH",500000,"70","NA","NA","NA","NA","NA","ok","NA","fob"
"380-70","R380->70",380,70,"380->70",1950,"Mexico","GPH","Sweden","GPH",2250000,"380","NA","NA","NA","NA","NA","ok","NA","fob"
"380-710","380<-R710",710,380,"",1950,"","","","",,"","","","","","","not reported","","fob"
"380-710","R380->710",380,710,"380->710",1950,"People's Republic of China (China)","GPH","Sweden","GPH",1392857.1,"380","NA","NA","NA","NA","NA","ok","NA","fob"
"380-713","R380->713",380,713,"",1950,"","","","",0,"","","","","","","imputed zero","","fob"
"380-713","380<-R713",713,380,"",1950,"","","","",,"","","","","","","not reported","","fob"
"380-720","380<-R720",720,380,"720->380",1950,"Sweden","GPH","Hong Kong","GPH",500000,"720","NA","NA","NA","NA","NA","ok","NA","fob"
"380-720","R380->720",380,720,"",1950,"","","","",0,"","","","","","","imputed zero","","fob"
"380-732","380<-R732",732,380,"",1950,"","","","",,"","","","","","","not reported","","fob"
"380-732","R380->732",380,732,"",1950,"","","","",0,"","","","","","","imputed zero","","fob"
"380-740","380<-R740",740,380,"740->380",1950,"Sweden","GPH","Japan","GPH",2500000,"740","NA","NA","NA","NA","NA","ok","NA","fob"
"380-740","R380->740",380,740,"380->740",1950,"Japan","GPH","Sweden","GPH",1678571.4,"380","NA","NA","NA","NA","NA","ok","NA","fob"
"380-750","R380->750",380,750,"380->750",1950,"India","GPH","Sweden","GPH",3392857.3,"380","NA","NA","NA","NA","NA","ok","NA","fob"
"380-750","380<-R750",750,380,"750->380",1950,"Sweden","GPH","India","GPH",1642857.1,"750","NA","NA","NA","NA","NA","ok","NA","fob"
"380-770","R380->770",380,770,"380->770",1950,"Pakistan","GPH","Sweden","GPH",1071428.6,"380","NA","NA","NA","NA","NA","ok","NA","fob"
"380-770","380<-R770",770,380,"770->380",1950,"Sweden","GPH","Pakistan","GPH",1142857.1,"770","NA","NA","NA","NA","NA","ok","NA","fob"
"380-775","380<-R775",775,380,"",1950,"","","","",0,"","","","","","","imputed zero","","fob"
"380-775","R380->775",380,775,"380->775",1950,"Myanmar (Burma)","GPH","Sweden","GPH",35714.285,"380","NA","NA","NA","NA","NA","ok","NA","fob"
"380-780","R380->780",380,780,"380->780",1950,"Sri Lanka (Ceylon)","GPH","Sweden","GPH",214285.72,"380","NA","NA","NA","NA","NA","ok","NA","fob"
"380-780","380<-R780",780,380,"780->380",1950,"Sweden","GPH","Sri Lanka (Ceylon)","GPH",1678571.4,"780","NA","NA","NA","NA","NA","ok","NA","fob"
"380-800","380<-R800",800,380,"",1950,"","","","",,"","","","","","","not reported","","fob"
"380-800","R380->800",380,800,"380->800",1950,"Thailand (Siam)","GPH","Sweden","GPH",571428.56,"380","NA","NA","NA","NA","NA","ok","NA","fob"
"380-840","380<-R840",840,380,"840->380",1950,"Sweden","GPH","Philippines","GPH",857142.88,"840","NA","NA","NA","NA","NA","ok","NA","fob"
"380-840","R380->840",380,840,"380->840",1950,"Philippines","GPH","Sweden","GPH",178571.42,"380","NA","NA","NA","NA","NA","ok","NA","fob"
"380-850","380<-R850",850,380,"850->380",1950,"Sweden","GPH","Indonesia (Dutch East Indies)","GPH",785714.31,"850","NA","NA","NA","NA","NA","ok","NA","fob"
"380-850","R380->850",380,850,"380->850",1950,"Indonesia (Dutch East Indies)","GPH","Sweden","GPH",1464285.8,"380","NA","NA","NA","NA","NA","ok","NA","fob"
"380-90","380<-R90",90,380,"",1950,"","","","",0,"","","","","","","imputed zero","","fob"
"380-90","R380->90",380,90,"380->90",1950,"Guatemala","GPH","Sweden","GPH",71428.57,"380","NA","NA","NA","NA","NA","ok","NA","fob"
"380-900","R380->900",380,900,"380->900",1950,"Australia","GPH","Sweden","GPH",8892857,"380","NA","NA","NA","NA","NA","ok","NA","fob"
"380-900","380<-R900",900,380,"900->380",1950,"Sweden","GPH","Australia","GPH",7250000,"900","NA","NA","NA","NA","NA","ok","NA","fob"
"380-91","R380->91",380,91,"380->91",1950,"Honduras","GPH","Sweden","GPH",35714.285,"380","NA","NA","NA","NA","NA","ok","NA","fob"
"380-91","380<-R91",91,380,"",1950,"","","","",0,"","","","","","","imputed zero","","fob"
"380-92","R380->92",380,92,"380->92",1950,"El Salvador","GPH","Sweden","GPH",214285.72,"380","NA","NA","NA","NA","NA","ok","NA","fob"
"380-92","380<-R92",92,380,"92->380",1950,"Sweden","GPH","El Salvador","GPH",71428.57,"92","NA","NA","NA","NA","NA","ok","NA","fob"
"380-920","380<-R920",920,380,"920->380",1950,"Sweden","GPH","New Zealand","GPH",392857.16,"920","NA","NA","NA","NA","NA","ok","NA","fob"
"380-920","R380->920",380,920,"380->920",1950,"New Zealand","GPH","Sweden","GPH",1214285.8,"380","NA","NA","NA","NA","NA","ok","NA","fob"
"380-93","380<-R93",93,380,"93->380",1950,"Sweden","GPH","Nicaragua","GPH",35714.285,"93","NA","NA","NA","NA","NA","ok","NA","fob"
"380-93","R380->93",380,93,"380->93",1950,"Nicaragua","GPH","Sweden","GPH",357142.84,"380","NA","NA","NA","NA","NA","ok","NA","fob"
"380-94","R380->94",380,94,"380->94",1950,"Costa Rica","GPH","Sweden","GPH",35714.285,"380","NA","NA","NA","NA","NA","ok","NA","fob"
"380-94","380<-R94",94,380,"",1950,"","","","",0,"","","","","","","imputed zero","","fob"
"380-95","380<-R95",95,380,"",1950,"","","","",0,"","","","","","","imputed zero","","fob"
"380-95","R380->95",380,95,"380->95",1950,"Panama","GPH","Sweden","GPH",464285.72,"380","NA","NA","NA","NA","NA","ok","NA","fob"
"380-960","R380->960",380,960,"",1950,"","","","",0,"","","","","","","imputed zero","","fob"
"380-960","380<-R960",960,380,"",1950,"","","","",,"","","","","","","not reported","","fob"
"385-390","385<-R390",390,385,"390->385",1950,"Norway","GPH","Denmark","GPH",8392857,"390","NA","NA","NA","NA","NA","ok","NA","fob"
"385-390","R385->390",385,390,"385->390",1950,"Denmark","GPH","Norway","GPH",9892857,"385","NA","NA","NA","NA","NA","ok","NA","fob"
"385-395","R385->395",385,395,"385->395",1950,"Iceland","GPH","Norway","GPH",214285.72,"385","NA","NA","NA","NA","NA","ok","NA","fob"
"385-395","385<-R395",395,385,"395->385",1950,"Norway","GPH","Iceland","GPH",250000,"395","NA","NA","NA","NA","NA","ok","NA","fob"
"385-40","R385->40",385,40,"385->40",1950,"Cuba","GPH","Norway","GPH",750000,"385","NA","NA","NA","NA","NA","ok","NA","fob"
"385-40","385<-R40",40,385,"40->385",1950,"Norway","GPH","Cuba","GPH",1142857.1,"40","NA","NA","NA","NA","NA","ok","NA","fob"
"385-41","R385->41",385,41,"",1950,"","","","",0,"","","","","","","imputed zero","","fob"
"385-41","385<-R41",41,385,"",1950,"","","","",0,"","","","","","","imputed zero","","fob"
"385-42","385<-R42",42,385,"",1950,"","","","",0,"","","","","","","imputed zero","","fob"
"385-42","R385->42",385,42,"",1950,"","","","",0,"","","","","","","imputed zero","","fob"
"385-452","385<-R452",452,385,"452->385",1950,"Norway","GPH","Ghana (Gold Coast)","GPH",1214285.8,"452","NA","NA","NA","NA","NA","ok","NA","fob"
"385-452","R385->452",385,452,"",1950,"","","","",0,"","","","","","","imputed zero","","fob"
"385-471","385<-R471",471,385,"471->385",1950,"Norway","GPH","Cameroun (French Cameroon)","GPH",71428.57,"471","NA","NA","NA","NA","NA","ok","NA","fob"
"385-471","R385->471",385,471,"",1950,"","","","",0,"","","","","","","imputed zero","","fob"
"385-475","R385->475",385,475,"",1950,"","","","",0,"","","","","","","imputed zero","","fob"
"385-475","385<-R475",475,385,"",1950,"","","","",0,"","","","","","","imputed zero","","fob"
"385-490","385<-R490",490,385,"",1950,"","","","",0,"","","","","","","imputed zero","","fob"
"385-490","R385->490",385,490,"385->490",1950,"Democratic Republic of the Congo (Zaire) (Kinshasa) (Belgian Congo) (Congo Free State)","GPH","Norway","GPH",35714.285,"385","NA","NA","NA","NA","NA","ok","NA","fob"
"385-500","385<-R500",500,385,"",1950,"","","","",0,"","","","","","","imputed zero","","fob"
"385-500","R385->500",385,500,"",1950,"","","","",0,"","","","","","","imputed zero","","fob"
"385-501","R385->501",385,501,"",1950,"","","","",0,"","","","","","","imputed zero","","fob"
"385-501","385<-R501",501,385,"",1950,"","","","",0,"","","","","","","imputed zero","","fob"
"385-51","R385->51",385,51,"385->51",1950,"Jamaica","GPH","Norway","GPH",35714.285,"385","NA","NA","NA","NA","NA","ok","NA","fob"
"385-51","385<-R51",51,385,"",1950,"","","","",0,"","","","","","","imputed zero","","fob"
"385-512","R385->512",385,512,"",1950,"","","","",0,"","","","","","","imputed zero","","fob"
"385-512","385<-R512",512,385,"512->385",1950,"Norway","GPH","Tanzania (Tanganyika)","GPH",142857.14,"512","NA","NA","NA","NA","NA","ok","NA","fob"
"385-52","R385->52",385,52,"",1950,"","","","",0,"","","","","","","imputed zero","","fob"
"385-52","385<-R52",52,385,"",1950,"","","","",0,"","","","","","","imputed zero","","fob"
"385-522","R385->522",385,522,"",1950,"","","","",0,"","","","","","","imputed zero","","fob"
"385-522","385<-R522",522,385,"",1950,"","","","",,"","","","","","","not reported","","fob"
"385-530","R385->530",385,530,"385->530",1950,"Ethiopia (Abyssinia)","GPH","Norway","GPH",35714.285,"385","NA","NA","NA","NA","NA","ok","NA","fob"
"385-530","385<-R530",530,385,"530->385",1950,"Norway","GPH","Ethiopia (Abyssinia)","GPH",35714.285,"530","NA","NA","NA","NA","NA","ok","NA","fob"
"385-540","R385->540",385,540,"",1950,"","","","",0,"","","","","","","imputed zero","","fob"
"385-540","385<-R540",540,385,"540->385",1950,"Norway","GPH","Angola","GPH",428571.44,"540","NA","NA","NA","NA","NA","ok","NA","fob"
"385-541","385<-R541",541,385,"541->385",1950,"Norway","GPH","Mozambique (Portuguese East Africa)","GPH",464285.72,"541","NA","NA","NA","NA","NA","ok","NA","fob"
"385-541","R385->541",385,541,"",1950,"","","","",0,"","","","","","","imputed zero","","fob"
"385-551","385<-R551",551,385,"",1950,"","","","",0,"","","","","","","imputed zero","","fob"
"385-551","R385->551",385,551,"",1950,"","","","",0,"","","","","","","imputed zero","","fob"
"385-552","R385->552",385,552,"",1950,"","","","",0,"","","","","","","imputed zero","","fob"
"385-552","385<-R552",552,385,"552->385",1950,"Norway","GPH","Zimbabwe (Rhodesia) (Southern Rhodesia)","GPH",214285.72,"552","NA","NA","NA","NA","NA","ok","NA","fob"
"385-560","R385->560",385,560,"385->560",1950,"South Africa","GPH","Norway","GPH",1178571.4,"385","NA","NA","NA","NA","NA","ok","NA","fob"
"385-560","385<-R560",560,385,"",1950,"","","","",,"","","","","","","not reported","","fob"
"385-580","385<-R580",580,385,"",1950,"","","","",0,"","","","","","","imputed zero","","fob"
"385-580","R385->580",385,580,"",1950,"","","","",0,"","","","","","","imputed zero","","fob"
"385-600","385<-R600",600,385,"600->385",1950,"Norway","GPH","Morocco","GPH",428571.44,"600","NA","NA","NA","NA","NA","ok","NA","fob"
"385-600","R385->600",385,600,"385->600",1950,"Morocco","GPH","Norway","GPH",107142.86,"385","NA","NA","NA","NA","NA","ok","NA","fob"
"385-615","R385->615",385,615,"",1950,"","","","",0,"","","","","","","imputed zero","","fob"
"385-615","385<-R615",615,385,"615->385",1950,"Norway","GPH","Algeria (Regency of Algiers)","GPH",821428.56,"615","NA","NA","NA","NA","NA","ok","NA","fob"
"385-616","385<-R616",616,385,"616->385",1950,"Norway","GPH","Tunisia (Regency of Tunis)","GPH",464285.72,"616","NA","NA","NA","NA","NA","ok","NA","fob"
"385-616","R385->616",385,616,"",1950,"","","","",0,"","","","","","","imputed zero","","fob"
"385-625","R385->625",385,625,"385->625",1950,"Sudan (Anglo-Egyptian Sudan) (Mahdist State)","GPH","Norway","GPH",71428.57,"385","NA","NA","NA","NA","NA","ok","NA","fob"
"385-625","385<-R625",625,385,"",1950,"","","","",0,"","","","","","","imputed zero","","fob"
"385-630","385<-R630",630,385,"",1950,"","","","",,"","","","","","","not reported","","fob"
"385-630","R385->630",385,630,"",1950,"","","","",0,"","","","","","","imputed zero","","fob"
"385-640","385<-R640",640,385,"640->385",1950,"Norway","GPH","Turkey (Ottoman Empire)","GPH",321428.56,"640","NA","NA","NA","NA","NA","ok","NA","fob"
"385-640","R385->640",385,640,"385->640",1950,"Turkey (Ottoman Empire)","GPH","Norway","GPH",642857.13,"385","NA","NA","NA","NA","NA","ok","NA","fob"
"385-645","R385->645",385,645,"385->645",1950,"Iraq (Mesopotamia)","GPH","Norway","GPH",35714.285,"385","NA","NA","NA","NA","NA","ok","NA","fob"
"385-645","385<-R645",645,385,"",1950,"","","","",0,"","","","","","","imputed zero","","fob"
"385-651","R385->651",385,651,"385->651",1950,"Egypt Arab Republic (Egypt)","GPH","Norway","GPH",2892857.3,"385","NA","NA","NA","NA","NA","ok","NA","fob"
"385-651","385<-R651",651,385,"651->385",1950,"Norway","GPH","Egypt Arab Republic (Egypt)","GPH",250000,"651","NA","NA","NA","NA","NA","ok","NA","fob"
"385-652","385<-R652",652,385,"",1950,"","","","",0,"","","","","","","imputed zero","","fob"
"385-652","R385->652",385,652,"",1950,"","","","",0,"","","","","","","imputed zero","","fob"
"385-660","385<-R660",660,385,"",1950,"","","","",0,"","","","","","","imputed zero","","fob"
"385-660","R385->660",385,660,"385->660",1950,"Lebanon","GPH","Norway","GPH",35714.285,"385","NA","NA","NA","NA","NA","ok","NA","fob"
"385-666","385<-R666",666,385,"666->385",1950,"Norway","GPH","Israel","GPH",285714.28,"666","NA","NA","NA","NA","NA","ok","NA","fob"
"385-666","R385->666",385,666,"385->666",1950,"Israel","GPH","Norway","GPH",500000,"385","NA","NA","NA","NA","NA","ok","NA","fob"
"385-670","385<-R670",670,385,"",1950,"","","","",,"","","","","","","not reported","","fob"
"385-670","R385->670",385,670,"",1950,"","","","",0,"","","","","","","imputed zero","","fob"
"385-68","385<-R68",68,385,"",1950,"","","","",,"","","","","","","not reported","","fob"
"385-68","R385->68",385,68,"385->68",1950,"Netherlands Antilles","GPH","Norway","GPH",35714.285,"385","NA","NA","NA","NA","NA","ok","NA","fob"
"385-70","R385->70",385,70,"385->70",1950,"Mexico","GPH","Norway","GPH",321428.56,"385","NA","NA","NA","NA","NA","ok","NA","fob"
"385-70","385<-R70",70,385,"70->385",1950,"Norway","GPH","Mexico","GPH",35714.285,"70","NA","NA","NA","NA","NA","ok","NA","fob"
"385-710","385<-R710",710,385,"",1950,"","","","",,"","","","","","","not reported","","fob"
"385-710","R385->710",385,710,"385->710",1950,"People's Republic of China (China)","GPH","Norway","GPH",285714.28,"385","NA","NA","NA","NA","NA","ok","NA","fob"
"385-713","385<-R713",713,385,"",1950,"","","","",,"","","","","","","not reported","","fob"
"385-713","R385->713",385,713,"",1950,"","","","",0,"","","","","","","imputed zero","","fob"
"385-720","R385->720",385,720,"385->720",1950,"Hong Kong","GPH","Norway","GPH",535714.31,"385","NA","NA","NA","NA","NA","ok","NA","fob"
"385-720","385<-R720",720,385,"720->385",1950,"Norway","GPH","Hong Kong","GPH",357142.84,"720","NA","NA","NA","NA","NA","ok","NA","fob"
"385-732","R385->732",385,732,"",1950,"","","","",0,"","","","","","","imputed zero","","fob"
"385-732","385<-R732",732,385,"",1950,"","","","",,"","","","","","","not reported","","fob"
"385-740","R385->740",385,740,"385->740",1950,"Japan","GPH","Norway","GPH",464285.72,"385","NA","NA","NA","NA","NA","ok","NA","fob"
"385-740","385<-R740",740,385,"740->385",1950,"Norway","GPH","Japan","GPH",1428571.4,"740","NA","NA","NA","NA","NA","ok","NA","fob"
"385-750","R385->750",385,750,"385->750",1950,"India","GPH","Norway","GPH",1285714.3,"385","NA","NA","NA","NA","NA","ok","NA","fob"
"385-750","385<-R750",750,385,"750->385",1950,"Norway","GPH","India","GPH",928571.44,"750","NA","NA","NA","NA","NA","ok","NA","fob"
"385-770","R385->770",385,770,"385->770",1950,"Pakistan","GPH","Norway","GPH",285714.28,"385","NA","NA","NA","NA","NA","ok","NA","fob"
"385-770","385<-R770",770,385,"770->385",1950,"Norway","GPH","Pakistan","GPH",107142.86,"770","NA","NA","NA","NA","NA","ok","NA","fob"
"385-775","R385->775",385,775,"385->775",1950,"Myanmar (Burma)","GPH","Norway","GPH",35714.285,"385","NA","NA","NA","NA","NA","ok","NA","fob"
"385-775","385<-R775",775,385,"",1950,"","","","",0,"","","","","","","imputed zero","","fob"
"385-780","385<-R780",780,385,"780->385",1950,"Norway","GPH","Sri Lanka (Ceylon)","GPH",71428.57,"780","NA","NA","NA","NA","NA","ok","NA","fob"
"385-780","R385->780",385,780,"385->780",1950,"Sri Lanka (Ceylon)","GPH","Norway","GPH",107142.86,"385","NA","NA","NA","NA","NA","ok","NA","fob"
"385-800","385<-R800",800,385,"",1950,"","","","",,"","","","","","","not reported","","fob"
"385-800","R385->800",385,800,"385->800",1950,"Thailand (Siam)","GPH","Norway","GPH",250000,"385","NA","NA","NA","NA","NA","ok","NA","fob"
"385-840","R385->840",385,840,"385->840",1950,"Philippines","GPH","Norway","GPH",321428.56,"385","NA","NA","NA","NA","NA","ok","NA","fob"
"385-840","385<-R840",840,385,"840->385",1950,"Norway","GPH","Philippines","GPH",1107142.9,"840","NA","NA","NA","NA","NA","ok","NA","fob"
"385-850","385<-R850",850,385,"850->385",1950,"Norway","GPH","Indonesia (Dutch East Indies)","GPH",571428.56,"850","NA","NA","NA","NA","NA","ok","NA","fob"
"385-850","R385->850",385,850,"385->850",1950,"Indonesia (Dutch East Indies)","GPH","Norway","GPH",107142.86,"385","NA","NA","NA","NA","NA","ok","NA","fob"
"385-90","R385->90",385,90,"",1950,"","","","",0,"","","","","","","imputed zero","","fob"
"385-90","385<-R90",90,385,"",1950,"","","","",0,"","","","","","","imputed zero","","fob"
"385-900","385<-R900",900,385,"900->385",1950,"Norway","GPH","Australia","GPH",1000000,"900","NA","NA","NA","NA","NA","ok","NA","fob"
"385-900","R385->900",385,900,"385->900",1950,"Australia","GPH","Norway","GPH",2857142.8,"385","NA","NA","NA","NA","NA","ok","NA","fob"
"385-91","R385->91",385,91,"",1950,"","","","",0,"","","","","","","imputed zero","","fob"
"385-91","385<-R91",91,385,"",1950,"","","","",0,"","","","","","","imputed zero","","fob"
"385-92","R385->92",385,92,"",1950,"","","","",0,"","","","","","","imputed zero","","fob"
"385-92","385<-R92",92,385,"",1950,"","","","",0,"","","","","","","imputed zero","","fob"
"385-920","R385->920",385,920,"385->920",1950,"New Zealand","GPH","Norway","GPH",571428.56,"385","NA","NA","NA","NA","NA","ok","NA","fob"
"385-920","385<-R920",920,385,"920->385",1950,"Norway","GPH","New Zealand","GPH",250000,"920","NA","NA","NA","NA","NA","ok","NA","fob"
"385-93","R385->93",385,93,"",1950,"","","","",0,"","","","","","","imputed zero","","fob"
"385-93","385<-R93",93,385,"",1950,"","","","",0,"","","","","","","imputed zero","","fob"
"385-94","385<-R94",94,385,"",1950,"","","","",0,"","","","","","","imputed zero","","fob"
"385-94","R385->94",385,94,"",1950,"","","","",0,"","","","","","","imputed zero","","fob"
"385-95","R385->95",385,95,"385->95",1950,"Panama","GPH","Norway","GPH",464285.72,"385","NA","NA","NA","NA","NA","ok","NA","fob"
"385-95","385<-R95",95,385,"",1950,"","","","",0,"","","","","","","imputed zero","","fob"
"385-960","R385->960",385,960,"",1950,"","","","",0,"","","","","","","imputed zero","","fob"
"385-960","385<-R960",960,385,"",1950,"","","","",,"","","","","","","not reported","","fob"
"390-395","R390->395",390,395,"390->395",1950,"Iceland","GPH","Denmark","GPH",928571.44,"390","NA","NA","NA","NA","NA","ok","NA","fob"
"390-395","390<-R395",395,390,"395->390",1950,"Denmark","GPH","Iceland","GPH",285714.28,"395","NA","NA","NA","NA","NA","ok","NA","fob"
"390-40","390<-R40",40,390,"",1950,"","","","",0,"","","","","","","imputed zero","","fob"
"390-40","R390->40",390,40,"390->40",1950,"Cuba","GPH","Denmark","GPH",107142.86,"390","NA","NA","NA","NA","NA","ok","NA","fob"
"390-41","R390->41",390,41,"",1950,"","","","",0,"","","","","","","imputed zero","","fob"
"390-41","390<-R41",41,390,"",1950,"","","","",0,"","","","","","","imputed zero","","fob"
"390-42","R390->42",390,42,"390->42",1950,"Dominican Republic (Santo Domingo)","GPH","Denmark","GPH",35714.285,"390","NA","NA","NA","NA","NA","ok","NA","fob"
"390-42","390<-R42",42,390,"",1950,"","","","",0,"","","","","","","imputed zero","","fob"
"390-452","390<-R452",452,390,"452->390",1950,"Denmark","GPH","Ghana (Gold Coast)","GPH",392857.16,"452","NA","NA","NA","NA","NA","ok","NA","fob"
"390-452","R390->452",390,452,"",1950,"","","","",0,"","","","","","","imputed zero","","fob"
"390-471","390<-R471",471,390,"471->390",1950,"Denmark","GPH","Cameroun (French Cameroon)","GPH",107142.86,"471","NA","NA","NA","NA","NA","ok","NA","fob"
"390-471","R390->471",390,471,"",1950,"","","","",0,"","","","","","","imputed zero","","fob"
"390-475","390<-R475",475,390,"",1950,"","","","",0,"","","","","","","imputed zero","","fob"
"390-475","R390->475",390,475,"",1950,"","","","",0,"","","","","","","imputed zero","","fob"
"390-490","390<-R490",490,390,"490->390",1950,"Denmark","GPH","Democratic Republic of the Congo (Zaire) (Kinshasa) (Belgian Congo) (Congo Free State)","GPH",71428.57,"490","NA","NA","NA","NA","NA","ok","NA","fob"
"390-490","R390->490",390,490,"390->490",1950,"Democratic Republic of the Congo (Zaire) (Kinshasa) (Belgian Congo) (Congo Free State)","GPH","Denmark","GPH",71428.57,"390","NA","NA","NA","NA","NA","ok","NA","fob"
"390-500","390<-R500",500,390,"",1950,"","","","",0,"","","","","","","imputed zero","","fob"
"390-500","R390->500",390,500,"",1950,"","","","",0,"","","","","","","imputed zero","","fob"
"390-501","R390->501",390,501,"",1950,"","","","",0,"","","","","","","imputed zero","","fob"
"390-501","390<-R501",501,390,"501->390",1950,"Denmark","GPH","Kenya (British East Africa Protectorate)","GPH",142857.14,"501","NA","NA","NA","NA","NA","ok","NA","fob"
"390-51","R390->51",390,51,"390->51",1950,"Jamaica","GPH","Denmark","GPH",35714.285,"390","NA","NA","NA","NA","NA","ok","NA","fob"
"390-51","390<-R51",51,390,"",1950,"","","","",0,"","","","","","","imputed zero","","fob"
"390-512","390<-R512",512,390,"512->390",1950,"Denmark","GPH","Tanzania (Tanganyika)","GPH",428571.44,"512","NA","NA","NA","NA","NA","ok","NA","fob"
"390-512","R390->512",390,512,"",1950,"","","","",0,"","","","","","","imputed zero","","fob"
"390-52","R390->52",390,52,"",1950,"","","","",0,"","","","","","","imputed zero","","fob"
"390-52","390<-R52",52,390,"52->390",1950,"Denmark","GPH","Trinidad and Tobago","GPH",35714.285,"52","NA","NA","NA","NA","NA","ok","NA","fob"
"390-522","R390->522",390,522,"",1950,"","","","",0,"","","","","","","imputed zero","","fob"
"390-522","390<-R522",522,390,"",1950,"","","","",,"","","","","","","not reported","","fob"
"390-530","390<-R530",530,390,"",1950,"","","","",0,"","","","","","","imputed zero","","fob"
"390-530","R390->530",390,530,"",1950,"","","","",0,"","","","","","","imputed zero","","fob"
"390-540","390<-R540",540,390,"540->390",1950,"Denmark","GPH","Angola","GPH",321428.56,"540","NA","NA","NA","NA","NA","ok","NA","fob"
"390-540","R390->540",390,540,"",1950,"","","","",0,"","","","","","","imputed zero","","fob"
"390-541","R390->541",390,541,"390->541",1950,"Mozambique (Portuguese East Africa)","GPH","Denmark","GPH",35714.285,"390","NA","NA","NA","NA","NA","ok","NA","fob"
"390-541","390<-R541",541,390,"541->390",1950,"Denmark","GPH","Mozambique (Portuguese East Africa)","GPH",1035714.3,"541","NA","NA","NA","NA","NA","ok","NA","fob"
"390-551","R390->551",390,551,"",1950,"","","","",0,"","","","","","","imputed zero","","fob"
"390-551","390<-R551",551,390,"551->390",1950,"Denmark","GPH","Zambia (Northern Rhodesia)","GPH",250000,"551","NA","NA","NA","NA","NA","ok","NA","fob"
"390-552","R390->552",390,552,"",1950,"","","","",0,"","","","","","","imputed zero","","fob"
"390-552","390<-R552",552,390,"552->390",1950,"Denmark","GPH","Zimbabwe (Rhodesia) (Southern Rhodesia)","GPH",821428.56,"552","NA","NA","NA","NA","NA","ok","NA","fob"
"390-560","390<-R560",560,390,"",1950,"","","","",,"","","","","","","not reported","","fob"
"390-560","R390->560",390,560,"390->560",1950,"South Africa","GPH","Denmark","GPH",214285.72,"390","NA","NA","NA","NA","NA","ok","NA","fob"
"390-580","390<-R580",580,390,"",1950,"","","","",0,"","","","","","","imputed zero","","fob"
"390-580","R390->580",390,580,"",1950,"","","","",0,"","","","","","","imputed zero","","fob"
"390-600","R390->600",390,600,"390->600",1950,"Morocco","GPH","Denmark","GPH",500000,"390","NA","NA","NA","NA","NA","ok","NA","fob"
"390-600","390<-R600",600,390,"600->390",1950,"Denmark","GPH","Morocco","GPH",1821428.6,"600","NA","NA","NA","NA","NA","ok","NA","fob"
"390-615","R390->615",390,615,"390->615",1950,"Algeria (Regency of Algiers)","GPH","Denmark","GPH",428571.44,"390","NA","NA","NA","NA","NA","ok","NA","fob"
"390-615","390<-R615",615,390,"615->390",1950,"Denmark","GPH","Algeria (Regency of Algiers)","GPH",250000,"615","NA","NA","NA","NA","NA","ok","NA","fob"
"390-616","R390->616",390,616,"390->616",1950,"Tunisia (Regency of Tunis)","GPH","Denmark","GPH",142857.14,"390","NA","NA","NA","NA","NA","ok","NA","fob"
"390-616","390<-R616",616,390,"616->390",1950,"Denmark","GPH","Tunisia (Regency of Tunis)","GPH",285714.28,"616","NA","NA","NA","NA","NA","ok","NA","fob"
"390-625","R390->625",390,625,"",1950,"","","","",0,"","","","","","","imputed zero","","fob"
"390-625","390<-R625",625,390,"625->390",1950,"Denmark","GPH","Sudan (Anglo-Egyptian Sudan) (Mahdist State)","GPH",71428.57,"625","NA","NA","NA","NA","NA","ok","NA","fob"
"390-630","R390->630",390,630,"390->630",1950,"Iran (Persia)","GPH","Denmark","GPH",35714.285,"390","NA","NA","NA","NA","NA","ok","NA","fob"
"390-630","390<-R630",630,390,"",1950,"","","","",,"","","","","","","not reported","","fob"
"390-640","R390->640",390,640,"390->640",1950,"Turkey (Ottoman Empire)","GPH","Denmark","GPH",678571.44,"390","NA","NA","NA","NA","NA","ok","NA","fob"
"390-640","390<-R640",640,390,"640->390",1950,"Denmark","GPH","Turkey (Ottoman Empire)","GPH",1964285.8,"640","NA","NA","NA","NA","NA","ok","NA","fob"
"390-645","390<-R645",645,390,"645->390",1950,"Denmark","GPH","Iraq (Mesopotamia)","GPH",1000000,"645","NA","NA","NA","NA","NA","ok","NA","fob"
"390-645","R390->645",390,645,"",1950,"","","","",0,"","","","","","","imputed zero","","fob"
"390-651","R390->651",390,651,"390->651",1950,"Egypt Arab Republic (Egypt)","GPH","Denmark","GPH",928571.44,"390","NA","NA","NA","NA","NA","ok","NA","fob"
"390-651","390<-R651",651,390,"651->390",1950,"Denmark","GPH","Egypt Arab Republic (Egypt)","GPH",714285.69,"651","NA","NA","NA","NA","NA","ok","NA","fob"
"390-652","R390->652",390,652,"390->652",1950,"Syria","GPH","Denmark","GPH",71428.57,"390","NA","NA","NA","NA","NA","ok","NA","fob"
"390-652","390<-R652",652,390,"652->390",1950,"Denmark","GPH","Syria","GPH",142857.14,"652","NA","NA","NA","NA","NA","ok","NA","fob"
"390-660","390<-R660",660,390,"",1950,"","","","",0,"","","","","","","imputed zero","","fob"
"390-660","R390->660",390,660,"390->660",1950,"Lebanon","GPH","Denmark","GPH",71428.57,"390","NA","NA","NA","NA","NA","ok","NA","fob"
"390-666","R390->666",390,666,"390->666",1950,"Israel","GPH","Denmark","GPH",1785714.3,"390","NA","NA","NA","NA","NA","ok","NA","fob"
"390-666","390<-R666",666,390,"666->390",1950,"Denmark","GPH","Israel","GPH",1035714.3,"666","NA","NA","NA","NA","NA","ok","NA","fob"
"390-670","R390->670",390,670,"",1950,"","","","",0,"","","","","","","imputed zero","","fob"
"390-670","390<-R670",670,390,"",1950,"","","","",,"","","","","","","not reported","","fob"
"390-68","390<-R68",68,390,"",1950,"","","","",,"","","","","","","not reported","","fob"
"390-68","R390->68",390,68,"390->68",1950,"Netherlands Antilles","GPH","Denmark","GPH",107142.86,"390","NA","NA","NA","NA","NA","ok","NA","fob"
"390-70","390<-R70",70,390,"70->390",1950,"Denmark","GPH","Mexico","GPH",71428.57,"70","NA","NA","NA","NA","NA","ok","NA","fob"
"390-70","R390->70",390,70,"390->70",1950,"Mexico","GPH","Denmark","GPH",71428.57,"390","NA","NA","NA","NA","NA","ok","NA","fob"
"390-710","R390->710",390,710,"390->710",1950,"People's Republic of China (China)","GPH","Denmark","GPH",35714.285,"390","NA","NA","NA","NA","NA","ok","NA","fob"
"390-710","390<-R710",710,390,"",1950,"","","","",,"","","","","","","not reported","","fob"
"390-713","390<-R713",713,390,"",1950,"","","","",,"","","","","","","not reported","","fob"
"390-713","R390->713",390,713,"",1950,"","","","",0,"","","","","","","imputed zero","","fob"
"390-720","390<-R720",720,390,"720->390",1950,"Denmark","GPH","Hong Kong","GPH",607142.88,"720","NA","NA","NA","NA","NA","ok","NA","fob"
"390-720","R390->720",390,720,"",1950,"","","","",0,"","","","","","","imputed zero","","fob"
"390-732","R390->732",390,732,"",1950,"","","","",0,"","","","","","","imputed zero","","fob"
"390-732","390<-R732",732,390,"",1950,"","","","",,"","","","","","","not reported","","fob"
"390-740","390<-R740",740,390,"740->390",1950,"Denmark","GPH","Japan","GPH",3142857.3,"740","NA","NA","NA","NA","NA","ok","NA","fob"
"390-740","R390->740",390,740,"390->740",1950,"Japan","GPH","Denmark","GPH",428571.44,"390","NA","NA","NA","NA","NA","ok","NA","fob"
"390-750","R390->750",390,750,"390->750",1950,"India","GPH","Denmark","GPH",1035714.3,"390","NA","NA","NA","NA","NA","ok","NA","fob"
"390-750","390<-R750",750,390,"750->390",1950,"Denmark","GPH","India","GPH",2035714.3,"750","NA","NA","NA","NA","NA","ok","NA","fob"
"390-770","390<-R770",770,390,"770->390",1950,"Denmark","GPH","Pakistan","GPH",142857.14,"770","NA","NA","NA","NA","NA","ok","NA","fob"
"390-770","R390->770",390,770,"390->770",1950,"Pakistan","GPH","Denmark","GPH",142857.14,"390","NA","NA","NA","NA","NA","ok","NA","fob"
"390-775","390<-R775",775,390,"",1950,"","","","",0,"","","","","","","imputed zero","","fob"
"390-775","R390->775",390,775,"390->775",1950,"Myanmar (Burma)","GPH","Denmark","GPH",71428.57,"390","NA","NA","NA","NA","NA","ok","NA","fob"
"390-780","390<-R780",780,390,"780->390",1950,"Denmark","GPH","Sri Lanka (Ceylon)","GPH",535714.31,"780","NA","NA","NA","NA","NA","ok","NA","fob"
"390-780","R390->780",390,780,"",1950,"","","","",0,"","","","","","","imputed zero","","fob"
"390-800","390<-R800",800,390,"",1950,"","","","",,"","","","","","","not reported","","fob"
"390-800","R390->800",390,800,"390->800",1950,"Thailand (Siam)","GPH","Denmark","GPH",678571.44,"390","NA","NA","NA","NA","NA","ok","NA","fob"
"390-840","390<-R840",840,390,"840->390",1950,"Denmark","GPH","Philippines","GPH",464285.72,"840","NA","NA","NA","NA","NA","ok","NA","fob"
"390-840","R390->840",390,840,"",1950,"","","","",0,"","","","","","","imputed zero","","fob"
"390-850","R390->850",390,850,"390->850",1950,"Indonesia (Dutch East Indies)","GPH","Denmark","GPH",71428.57,"390","NA","NA","NA","NA","NA","ok","NA","fob"
"390-850","390<-R850",850,390,"850->390",1950,"Denmark","GPH","Indonesia (Dutch East Indies)","GPH",428571.44,"850","NA","NA","NA","NA","NA","ok","NA","fob"
"390-90","R390->90",390,90,"",1950,"","","","",0,"","","","","","","imputed zero","","fob"
"390-90","390<-R90",90,390,"",1950,"","","","",0,"","","","","","","imputed zero","","fob"
"390-900","390<-R900",900,390,"900->390",1950,"Denmark","GPH","Australia","GPH",2250000,"900","NA","NA","NA","NA","NA","ok","NA","fob"
"390-900","R390->900",390,900,"390->900",1950,"Australia","GPH","Denmark","GPH",357142.84,"390","NA","NA","NA","NA","NA","ok","NA","fob"
"390-91","R390->91",390,91,"",1950,"","","","",0,"","","","","","","imputed zero","","fob"
"390-91","390<-R91",91,390,"",1950,"","","","",0,"","","","","","","imputed zero","","fob"
"390-92","R390->92",390,92,"390->92",1950,"El Salvador","GPH","Denmark","GPH",35714.285,"390","NA","NA","NA","NA","NA","ok","NA","fob"
"390-92","390<-R92",92,390,"",1950,"","","","",0,"","","","","","","imputed zero","","fob"
"390-920","R390->920",390,920,"390->920",1950,"New Zealand","GPH","Denmark","GPH",35714.285,"390","NA","NA","NA","NA","NA","ok","NA","fob"
"390-920","390<-R920",920,390,"920->390",1950,"Denmark","GPH","New Zealand","GPH",892857.13,"920","NA","NA","NA","NA","NA","ok","NA","fob"
"390-93","390<-R93",93,390,"",1950,"","","","",0,"","","","","","","imputed zero","","fob"
"390-93","R390->93",390,93,"",1950,"","","","",0,"","","","","","","imputed zero","","fob"
"390-94","390<-R94",94,390,"",1950,"","","","",0,"","","","","","","imputed zero","","fob"
"390-94","R390->94",390,94,"",1950,"","","","",0,"","","","","","","imputed zero","","fob"
"390-95","R390->95",390,95,"390->95",1950,"Panama","GPH","Denmark","GPH",142857.14,"390","NA","NA","NA","NA","NA","ok","NA","fob"
"390-95","390<-R95",95,390,"",1950,"","","","",0,"","","","","","","imputed zero","","fob"
"390-960","R390->960",390,960,"",1950,"","","","",0,"","","","","","","imputed zero","","fob"
"390-960","390<-R960",960,390,"",1950,"","","","",,"","","","","","","not reported","","fob"
"395-40","395<-R40",40,395,"40->395",1950,"Iceland","GPH","Cuba","GPH",71428.57,"40","NA","NA","NA","NA","NA","ok","NA","fob"
"395-40","R395->40",395,40,"",1950,"","","","",0,"","","","","","","imputed zero","","fob"
"395-41","395<-R41",41,395,"",1950,"","","","",0,"","","","","","","imputed zero","","fob"
"395-41","R395->41",395,41,"",1950,"","","","",0,"","","","","","","imputed zero","","fob"
"395-42","395<-R42",42,395,"",1950,"","","","",0,"","","","","","","imputed zero","","fob"
"395-42","R395->42",395,42,"",1950,"","","","",0,"","","","","","","imputed zero","","fob"
"395-452","R395->452",395,452,"",1950,"","","","",0,"","","","","","","imputed zero","","fob"
"395-452","395<-R452",452,395,"",1950,"","","","",0,"","","","","","","imputed zero","","fob"
"395-471","395<-R471",471,395,"",1950,"","","","",0,"","","","","","","imputed zero","","fob"
"395-471","R395->471",395,471,"",1950,"","","","",0,"","","","","","","imputed zero","","fob"
"395-475","R395->475",395,475,"",1950,"","","","",0,"","","","","","","imputed zero","","fob"
"395-475","395<-R475",475,395,"",1950,"","","","",0,"","","","","","","imputed zero","","fob"
"395-490","R395->490",395,490,"",1950,"","","","",0,"","","","","","","imputed zero","","fob"
"395-490","395<-R490",490,395,"",1950,"","","","",0,"","","","","","","imputed zero","","fob"
"395-500","395<-R500",500,395,"",1950,"","","","",0,"","","","","","","imputed zero","","fob"
"395-500","R395->500",395,500,"",1950,"","","","",0,"","","","","","","imputed zero","","fob"
"395-501","395<-R501",501,395,"",1950,"","","","",0,"","","","","","","imputed zero","","fob"
"395-501","R395->501",395,501,"",1950,"","","","",0,"","","","","","","imputed zero","","fob"
"395-51","395<-R51",51,395,"",1950,"","","","",0,"","","","","","","imputed zero","","fob"
"395-51","R395->51",395,51,"",1950,"","","","",0,"","","","","","","imputed zero","","fob"
"395-512","395<-R512",512,395,"",1950,"","","","",0,"","","","","","","imputed zero","","fob"
"395-512","R395->512",395,512,"",1950,"","","","",0,"","","","","","","imputed zero","","fob"
"395-52","395<-R52",52,395,"",1950,"","","","",0,"","","","","","","imputed zero","","fob"
"395-52","R395->52",395,52,"",1950,"","","","",0,"","","","","","","imputed zero","","fob"
"395-522","395<-R522",522,395,"",1950,"","","","",,"","","","","","","not reported","","fob"
"395-522","R395->522",395,522,"",1950,"","","","",0,"","","","","","","imputed zero","","fob"
"395-530","395<-R530",530,395,"",1950,"","","","",0,"","","","","","","imputed zero","","fob"
"395-530","R395->530",395,530,"",1950,"","","","",0,"","","","","","","imputed zero","","fob"
"395-540","R395->540",395,540,"",1950,"","","","",0,"","","","","","","imputed zero","","fob"
"395-540","395<-R540",540,395,"",1950,"","","","",0,"","","","","","","imputed zero","","fob"
"395-541","395<-R541",541,395,"",1950,"","","","",0,"","","","","","","imputed zero","","fob"
"395-541","R395->541",395,541,"",1950,"","","","",0,"","","","","","","imputed zero","","fob"
"395-551","395<-R551",551,395,"",1950,"","","","",0,"","","","","","","imputed zero","","fob"
"395-551","R395->551",395,551,"",1950,"","","","",0,"","","","","","","imputed zero","","fob"
"395-552","395<-R552",552,395,"",1950,"","","","",0,"","","","","","","imputed zero","","fob"
"395-552","R395->552",395,552,"",1950,"","","","",0,"","","","","","","imputed zero","","fob"
"395-560","R395->560",395,560,"",1950,"","","","",0,"","","","","","","imputed zero","","fob"
"395-560","395<-R560",560,395,"",1950,"","","","",,"","","","","","","not reported","","fob"
"395-580","R395->580",395,580,"",1950,"","","","",0,"","","","","","","imputed zero","","fob"
"395-580","395<-R580",580,395,"",1950,"","","","",0,"","","","","","","imputed zero","","fob"
"395-600","R395->600",395,600,"",1950,"","","","",0,"","","","","","","imputed zero","","fob"
"395-600","395<-R600",600,395,"",1950,"","","","",0,"","","","","","","imputed zero","","fob"
"395-615","R395->615",395,615,"",1950,"","","","",0,"","","","","","","imputed zero","","fob"
"395-615","395<-R615",615,395,"",1950,"","","","",0,"","","","","","","imputed zero","","fob"
"395-616","395<-R616",616,395,"",1950,"","","","",0,"","","","","","","imputed zero","","fob"
"395-616","R395->616",395,616,"",1950,"","","","",0,"","","","","","","imputed zero","","fob"
"395-625","R395->625",395,625,"",1950,"","","","",0,"","","","","","","imputed zero","","fob"
"395-625","395<-R625",625,395,"",1950,"","","","",0,"","","","","","","imputed zero","","fob"
"395-630","R395->630",395,630,"",1950,"","","","",0,"","","","","","","imputed zero","","fob"
"395-630","395<-R630",630,395,"",1950,"","","","",,"","","","","","","not reported","","fob"
"395-640","R395->640",395,640,"",1950,"","","","",0,"","","","","","","imputed zero","","fob"
"395-640","395<-R640",640,395,"",1950,"","","","",0,"","","","","","","imputed zero","","fob"
"395-645","395<-R645",645,395,"",1950,"","","","",0,"","","","","","","imputed zero","","fob"
"395-645","R395->645",395,645,"",1950,"","","","",0,"","","","","","","imputed zero","","fob"
"395-651","395<-R651",651,395,"",1950,"","","","",0,"","","","","","","imputed zero","","fob"
"395-651","R395->651",395,651,"395->651",1950,"Egypt Arab Republic (Egypt)","GPH","Iceland","GPH",35714.285,"395","NA","NA","NA","NA","NA","ok","NA","fob"
"395-652","395<-R652",652,395,"",1950,"","","","",0,"","","","","","","imputed zero","","fob"
"395-652","R395->652",395,652,"",1950,"","","","",0,"","","","","","","imputed zero","","fob"
"395-660","R395->660",395,660,"",1950,"","","","",0,"","","","","","","imputed zero","","fob"
"395-660","395<-R660",660,395,"",1950,"","","","",0,"","","","","","","imputed zero","","fob"
"395-666","R395->666",395,666,"395->666",1950,"Israel","GPH","Iceland","GPH",178571.42,"395","NA","NA","NA","NA","NA","ok","NA","fob"
"395-666","395<-R666",666,395,"",1950,"","","","",0,"","","","","","","imputed zero","","fob"
"395-670","395<-R670",670,395,"",1950,"","","","",,"","","","","","","not reported","","fob"
"395-670","R395->670",395,670,"",1950,"","","","",0,"","","","","","","imputed zero","","fob"
"395-68","R395->68",395,68,"",1950,"","","","",0,"","","","","","","imputed zero","","fob"
"395-68","395<-R68",68,395,"",1950,"","","","",,"","","","","","","not reported","","fob"
"395-70","R395->70",395,70,"",1950,"","","","",0,"","","","","","","imputed zero","","fob"
"395-70","395<-R70",70,395,"",1950,"","","","",0,"","","","","","","imputed zero","","fob"
"395-710","R395->710",395,710,"",1950,"","","","",0,"","","","","","","imputed zero","","fob"
"395-710","395<-R710",710,395,"",1950,"","","","",,"","","","","","","not reported","","fob"
"395-713","R395->713",395,713,"",1950,"","","","",0,"","","","","","","imputed zero","","fob"
"395-713","395<-R713",713,395,"",1950,"","","","",,"","","","","","","not reported","","fob"
"395-720","R395->720",395,720,"",1950,"","","","",0,"","","","","","","imputed zero","","fob"
"395-720","395<-R720",720,395,"",1950,"","","","",0,"","","","","","","imputed zero","","fob"
"395-732","R395->732",395,732,"",1950,"","","","",0,"","","","","","","imputed zero","","fob"
"395-732","395<-R732",732,395,"",1950,"","","","",,"","","","","","","not reported","","fob"
"395-740","R395->740",395,740,"",1950,"","","","",0,"","","","","","","imputed zero","","fob"
"395-740","395<-R740",740,395,"",1950,"","","","",0,"","","","","","","imputed zero","","fob"
"395-750","R395->750",395,750,"",1950,"","","","",0,"","","","","","","imputed zero","","fob"
"395-750","395<-R750",750,395,"",1950,"","","","",0,"","","","","","","imputed zero","","fob"
"395-770","R395->770",395,770,"",1950,"","","","",0,"","","","","","","imputed zero","","fob"
"395-770","395<-R770",770,395,"",1950,"","","","",0,"","","","","","","imputed zero","","fob"
"395-775","395<-R775",775,395,"",1950,"","","","",0,"","","","","","","imputed zero","","fob"
"395-775","R395->775",395,775,"",1950,"","","","",0,"","","","","","","imputed zero","","fob"
"395-780","R395->780",395,780,"",1950,"","","","",0,"","","","","","","imputed zero","","fob"
"395-780","395<-R780",780,395,"",1950,"","","","",0,"","","","","","","imputed zero","","fob"
"395-800","R395->800",395,800,"",1950,"","","","",0,"","","","","","","imputed zero","","fob"
"395-800","395<-R800",800,395,"",1950,"","","","",,"","","","","","","not reported","","fob"
"395-840","R395->840",395,840,"",1950,"","","","",0,"","","","","","","imputed zero","","fob"
"395-840","395<-R840",840,395,"",1950,"","","","",0,"","","","","","","imputed zero","","fob"
"395-850","R395->850",395,850,"",1950,"","","","",0,"","","","","","","imputed zero","","fob"
"395-850","395<-R850",850,395,"",1950,"","","","",0,"","","","","","","imputed zero","","fob"
"395-90","R395->90",395,90,"",1950,"","","","",0,"","","","","","","imputed zero","","fob"
"395-90","395<-R90",90,395,"",1950,"","","","",0,"","","","","","","imputed zero","","fob"
"395-900","395<-R900",900,395,"",1950,"","","","",0,"","","","","","","imputed zero","","fob"
"395-900","R395->900",395,900,"",1950,"","","","",0,"","","","","","","imputed zero","","fob"
"395-91","R395->91",395,91,"",1950,"","","","",0,"","","","","","","imputed zero","","fob"
"395-91","395<-R91",91,395,"",1950,"","","","",0,"","","","","","","imputed zero","","fob"
"395-92","395<-R92",92,395,"",1950,"","","","",0,"","","","","","","imputed zero","","fob"
"395-92","R395->92",395,92,"",1950,"","","","",0,"","","","","","","imputed zero","","fob"
"395-920","R395->920",395,920,"",1950,"","","","",0,"","","","","","","imputed zero","","fob"
"395-920","395<-R920",920,395,"",1950,"","","","",0,"","","","","","","imputed zero","","fob"
"395-93","395<-R93",93,395,"",1950,"","","","",0,"","","","","","","imputed zero","","fob"
"395-93","R395->93",395,93,"",1950,"","","","",0,"","","","","","","imputed zero","","fob"
"395-94","R395->94",395,94,"",1950,"","","","",0,"","","","","","","imputed zero","","fob"
"395-94","395<-R94",94,395,"",1950,"","","","",0,"","","","","","","imputed zero","","fob"
"395-95","R395->95",395,95,"",1950,"","","","",0,"","","","","","","imputed zero","","fob"
"395-95","395<-R95",95,395,"",1950,"","","","",0,"","","","","","","imputed zero","","fob"
"395-960","R395->960",395,960,"",1950,"","","","",0,"","","","","","","imputed zero","","fob"
"395-960","395<-R960",960,395,"",1950,"","","","",,"","","","","","","not reported","","fob"
"40-41","R40->41",40,41,"40->41",1950,"Haiti","GPH","Cuba","GPH",35714.285,"40","NA","NA","NA","NA","NA","ok","NA","fob"
"40-41","40<-R41",41,40,"",1950,"","","","",0,"","","","","","","imputed zero","","fob"
"40-42","R40->42",40,42,"40->42",1950,"Dominican Republic (Santo Domingo)","GPH","Cuba","GPH",35714.285,"40","NA","NA","NA","NA","NA","ok","NA","fob"
"40-42","40<-R42",42,40,"",1950,"","","","",0,"","","","","","","imputed zero","","fob"
"40-452","40<-R452",452,40,"",1950,"","","","",0,"","","","","","","imputed zero","","fob"
"40-452","R40->452",40,452,"",1950,"","","","",0,"","","","","","","imputed zero","","fob"
"40-471","R40->471",40,471,"",1950,"","","","",0,"","","","","","","imputed zero","","fob"
"40-471","40<-R471",471,40,"",1950,"","","","",0,"","","","","","","imputed zero","","fob"
"40-475","R40->475",40,475,"",1950,"","","","",0,"","","","","","","imputed zero","","fob"
"40-475","40<-R475",475,40,"",1950,"","","","",0,"","","","","","","imputed zero","","fob"
"40-490","40<-R490",490,40,"",1950,"","","","",0,"","","","","","","imputed zero","","fob"
"40-490","R40->490",40,490,"",1950,"","","","",0,"","","","","","","imputed zero","","fob"
"40-500","R40->500",40,500,"",1950,"","","","",0,"","","","","","","imputed zero","","fob"
"40-500","40<-R500",500,40,"",1950,"","","","",0,"","","","","","","imputed zero","","fob"
"40-501","R40->501",40,501,"",1950,"","","","",0,"","","","","","","imputed zero","","fob"
"40-501","40<-R501",501,40,"",1950,"","","","",0,"","","","","","","imputed zero","","fob"
"40-51","40<-R51",51,40,"51->40",1950,"Cuba","GPH","Jamaica","GPH",71428.57,"51","NA","NA","NA","NA","NA","ok","NA","fob"
"40-51","R40->51",40,51,"40->51",1950,"Jamaica","GPH","Cuba","GPH",107142.86,"40","NA","NA","NA","NA","NA","ok","NA","fob"
"40-512","R40->512",40,512,"",1950,"","","","",0,"","","","","","","imputed zero","","fob"
"40-512","40<-R512",512,40,"",1950,"","","","",0,"","","","","","","imputed zero","","fob"
"40-52","R40->52",40,52,"",1950,"","","","",0,"","","","","","","imputed zero","","fob"
"40-52","40<-R52",52,40,"52->40",1950,"Cuba","GPH","Trinidad and Tobago","GPH",285714.28,"52","NA","NA","NA","NA","NA","ok","NA","fob"
"40-522","40<-R522",522,40,"",1950,"","","","",,"","","","","","","not reported","","fob"
"40-522","R40->522",40,522,"",1950,"","","","",0,"","","","","","","imputed zero","","fob"
"40-530","R40->530",40,530,"",1950,"","","","",0,"","","","","","","imputed zero","","fob"
"40-530","40<-R530",530,40,"",1950,"","","","",0,"","","","","","","imputed zero","","fob"
"40-540","40<-R540",540,40,"",1950,"","","","",0,"","","","","","","imputed zero","","fob"
"40-540","R40->540",40,540,"",1950,"","","","",0,"","","","","","","imputed zero","","fob"
"40-541","R40->541",40,541,"",1950,"","","","",0,"","","","","","","imputed zero","","fob"
"40-541","40<-R541",541,40,"",1950,"","","","",0,"","","","","","","imputed zero","","fob"
"40-551","R40->551",40,551,"",1950,"","","","",0,"","","","","","","imputed zero","","fob"
"40-551","40<-R551",551,40,"",1950,"","","","",0,"","","","","","","imputed zero","","fob"
"40-552","40<-R552",552,40,"",1950,"","","","",0,"","","","","","","imputed zero","","fob"
"40-552","R40->552",40,552,"",1950,"","","","",0,"","","","","","","imputed zero","","fob"
"40-560","R40->560",40,560,"",1950,"","","","",0,"","","","","","","imputed zero","","fob"
"40-560","40<-R560",560,40,"",1950,"","","","",,"","","","","","","not reported","","fob"
"40-580","40<-R580",580,40,"",1950,"","","","",0,"","","","","","","imputed zero","","fob"
"40-580","R40->580",40,580,"",1950,"","","","",0,"","","","","","","imputed zero","","fob"
"40-600","R40->600",40,600,"40->600",1950,"Morocco","GPH","Cuba","GPH",3785714.3,"40","NA","NA","NA","NA","NA","ok","NA","fob"
"40-600","40<-R600",600,40,"600->40",1950,"Cuba","GPH","Morocco","GPH",107142.86,"600","NA","NA","NA","NA","NA","ok","NA","fob"
"40-615","R40->615",40,615,"",1950,"","","","",0,"","","","","","","imputed zero","","fob"
"40-615","40<-R615",615,40,"615->40",1950,"Cuba","GPH","Algeria (Regency of Algiers)","GPH",285714.28,"615","NA","NA","NA","NA","NA","ok","NA","fob"
"40-616","40<-R616",616,40,"",1950,"","","","",0,"","","","","","","imputed zero","","fob"
"40-616","R40->616",40,616,"40->616",1950,"Tunisia (Regency of Tunis)","GPH","Cuba","GPH",142857.14,"40","NA","NA","NA","NA","NA","ok","NA","fob"
"40-625","R40->625",40,625,"",1950,"","","","",0,"","","","","","","imputed zero","","fob"
"40-625","40<-R625",625,40,"",1950,"","","","",0,"","","","","","","imputed zero","","fob"
"40-630","R40->630",40,630,"",1950,"","","","",0,"","","","","","","imputed zero","","fob"
"40-630","40<-R630",630,40,"",1950,"","","","",,"","","","","","","not reported","","fob"
"40-640","R40->640",40,640,"",1950,"","","","",0,"","","","","","","imputed zero","","fob"
"40-640","40<-R640",640,40,"640->40",1950,"Cuba","GPH","Turkey (Ottoman Empire)","GPH",35714.285,"640","NA","NA","NA","NA","NA","ok","NA","fob"
"40-645","R40->645",40,645,"",1950,"","","","",0,"","","","","","","imputed zero","","fob"
"40-645","40<-R645",645,40,"",1950,"","","","",0,"","","","","","","imputed zero","","fob"
"40-651","40<-R651",651,40,"",1950,"","","","",0,"","","","","","","imputed zero","","fob"
"40-651","R40->651",40,651,"40->651",1950,"Egypt Arab Republic (Egypt)","GPH","Cuba","GPH",642857.13,"40","NA","NA","NA","NA","NA","ok","NA","fob"
"40-652","R40->652",40,652,"40->652",1950,"Syria","GPH","Cuba","GPH",428571.44,"40","NA","NA","NA","NA","NA","ok","NA","fob"
"40-652","40<-R652",652,40,"",1950,"","","","",0,"","","","","","","imputed zero","","fob"
"40-660","40<-R660",660,40,"",1950,"","","","",0,"","","","","","","imputed zero","","fob"
"40-660","R40->660",40,660,"40->660",1950,"Lebanon","GPH","Cuba","GPH",142857.14,"40","NA","NA","NA","NA","NA","ok","NA","fob"
"40-666","40<-R666",666,40,"",1950,"","","","",0,"","","","","","","imputed zero","","fob"
"40-666","R40->666",40,666,"",1950,"","","","",0,"","","","","","","imputed zero","","fob"
"40-670","40<-R670",670,40,"",1950,"","","","",,"","","","","","","not reported","","fob"
"40-670","R40->670",40,670,"",1950,"","","","",0,"","","","","","","imputed zero","","fob"
"40-68","R40->68",40,68,"40->68",1950,"Netherlands Antilles","GPH","Cuba","GPH",178571.42,"40","NA","NA","NA","NA","NA","ok","NA","fob"
"40-68","40<-R68",68,40,"",1950,"","","","",,"","","","","","","not reported","","fob"
"40-70","40<-R70",70,40,"70->40",1950,"Cuba","GPH","Mexico","GPH",1785714.3,"70","NA","NA","NA","NA","NA","ok","NA","fob"
"40-70","R40->70",40,70,"40->70",1950,"Mexico","GPH","Cuba","GPH",714285.69,"40","NA","NA","NA","NA","NA","ok","NA","fob"
"40-710","40<-R710",710,40,"",1950,"","","","",,"","","","","","","not reported","","fob"
"40-710","R40->710",40,710,"40->710",1950,"People's Republic of China (China)","GPH","Cuba","GPH",1964285.8,"40","NA","NA","NA","NA","NA","ok","NA","fob"
"40-713","R40->713",40,713,"",1950,"","","","",0,"","","","","","","imputed zero","","fob"
"40-713","40<-R713",713,40,"",1950,"","","","",,"","","","","","","not reported","","fob"
"40-720","40<-R720",720,40,"",1950,"","","","",0,"","","","","","","imputed zero","","fob"
"40-720","R40->720",40,720,"40->720",1950,"Hong Kong","GPH","Cuba","GPH",285714.28,"40","NA","NA","NA","NA","NA","ok","NA","fob"
"40-732","R40->732",40,732,"",1950,"","","","",0,"","","","","","","imputed zero","","fob"
"40-732","40<-R732",732,40,"",1950,"","","","",,"","","","","","","not reported","","fob"
"40-740","R40->740",40,740,"40->740",1950,"Japan","GPH","Cuba","GPH",4750000,"40","NA","NA","NA","NA","NA","ok","NA","fob"
"40-740","40<-R740",740,40,"740->40",1950,"Cuba","GPH","Japan","GPH",1392857.1,"740","NA","NA","NA","NA","NA","ok","NA","fob"
"40-750","40<-R750",750,40,"750->40",1950,"Cuba","GPH","India","GPH",5000000,"750","NA","NA","NA","NA","NA","ok","NA","fob"
"40-750","R40->750",40,750,"40->750",1950,"India","GPH","Cuba","GPH",1142857.1,"40","NA","NA","NA","NA","NA","ok","NA","fob"
"40-770","40<-R770",770,40,"",1950,"","","","",0,"","","","","","","imputed zero","","fob"
"40-770","R40->770",40,770,"",1950,"","","","",0,"","","","","","","imputed zero","","fob"
"40-775","40<-R775",775,40,"",1950,"","","","",0,"","","","","","","imputed zero","","fob"
"40-775","R40->775",40,775,"",1950,"","","","",0,"","","","","","","imputed zero","","fob"
"40-780","40<-R780",780,40,"",1950,"","","","",0,"","","","","","","imputed zero","","fob"
"40-780","R40->780",40,780,"",1950,"","","","",0,"","","","","","","imputed zero","","fob"
"40-800","R40->800",40,800,"40->800",1950,"Thailand (Siam)","GPH","Cuba","GPH",107142.86,"40","NA","NA","NA","NA","NA","ok","NA","fob"
"40-800","40<-R800",800,40,"",1950,"","","","",,"","","","","","","not reported","","fob"
"40-840","40<-R840",840,40,"",1950,"","","","",0,"","","","","","","imputed zero","","fob"
"40-840","R40->840",40,840,"",1950,"","","","",0,"","","","","","","imputed zero","","fob"
"40-850","40<-R850",850,40,"",1950,"","","","",0,"","","","","","","imputed zero","","fob"
"40-850","R40->850",40,850,"",1950,"","","","",0,"","","","","","","imputed zero","","fob"
"40-90","40<-R90",90,40,"",1950,"","","","",0,"","","","","","","imputed zero","","fob"
"40-90","R40->90",40,90,"",1950,"","","","",0,"","","","","","","imputed zero","","fob"
"40-900","40<-R900",900,40,"",1950,"","","","",0,"","","","","","","imputed zero","","fob"
"40-900","R40->900",40,900,"",1950,"","","","",0,"","","","","","","imputed zero","","fob"
"40-91","R40->91",40,91,"40->91",1950,"Honduras","GPH","Cuba","GPH",214285.72,"40","NA","NA","NA","NA","NA","ok","NA","fob"
"40-91","40<-R91",91,40,"91->40",1950,"Cuba","GPH","Honduras","GPH",392857.16,"91","NA","NA","NA","NA","NA","ok","NA","fob"
"40-92","40<-R92",92,40,"",1950,"","","","",0,"","","","","","","imputed zero","","fob"
"40-92","R40->92",40,92,"40->92",1950,"El Salvador","GPH","Cuba","GPH",214285.72,"40","NA","NA","NA","NA","NA","ok","NA","fob"
"40-920","R40->920",40,920,"",1950,"","","","",0,"","","","","","","imputed zero","","fob"
"40-920","40<-R920",920,40,"",1950,"","","","",0,"","","","","","","imputed zero","","fob"
"40-93","40<-R93",93,40,"93->40",1950,"Cuba","GPH","Nicaragua","GPH",35714.285,"93","NA","NA","NA","NA","NA","ok","NA","fob"
"40-93","R40->93",40,93,"",1950,"","","","",0,"","","","","","","imputed zero","","fob"
"40-94","R40->94",40,94,"",1950,"","","","",0,"","","","","","","imputed zero","","fob"
"40-94","40<-R94",94,40,"94->40",1950,"Cuba","GPH","Costa Rica","GPH",35714.285,"94","NA","NA","NA","NA","NA","ok","NA","fob"
"40-95","40<-R95",95,40,"",1950,"","","","",0,"","","","","","","imputed zero","","fob"
"40-95","R40->95",40,95,"40->95",1950,"Panama","GPH","Cuba","GPH",71428.57,"40","NA","NA","NA","NA","NA","ok","NA","fob"
"40-960","40<-R960",960,40,"",1950,"","","","",,"","","","","","","not reported","","fob"
"40-960","R40->960",40,960,"",1950,"","","","",0,"","","","","","","imputed zero","","fob"
"41-42","R41->42",41,42,"41->42",1950,"Dominican Republic (Santo Domingo)","GPH","Haiti","GPH",35714.285,"41","NA","NA","NA","NA","NA","ok","NA","fob"
"41-42","41<-R42",42,41,"",1950,"","","","",0,"","","","","","","imputed zero","","fob"
"41-452","41<-R452",452,41,"",1950,"","","","",0,"","","","","","","imputed zero","","fob"
"41-452","R41->452",41,452,"",1950,"","","","",0,"","","","","","","imputed zero","","fob"
"41-471","R41->471",41,471,"",1950,"","","","",0,"","","","","","","imputed zero","","fob"
"41-471","41<-R471",471,41,"",1950,"","","","",0,"","","","","","","imputed zero","","fob"
"41-475","R41->475",41,475,"",1950,"","","","",0,"","","","","","","imputed zero","","fob"
"41-475","41<-R475",475,41,"",1950,"","","","",0,"","","","","","","imputed zero","","fob"
"41-490","41<-R490",490,41,"",1950,"","","","",0,"","","","","","","imputed zero","","fob"
"41-490","R41->490",41,490,"",1950,"","","","",0,"","","","","","","imputed zero","","fob"
"41-500","R41->500",41,500,"",1950,"","","","",0,"","","","","","","imputed zero","","fob"
"41-500","41<-R500",500,41,"",1950,"","","","",0,"","","","","","","imputed zero","","fob"
"41-501","41<-R501",501,41,"",1950,"","","","",0,"","","","","","","imputed zero","","fob"
"41-501","R41->501",41,501,"",1950,"","","","",0,"","","","","","","imputed zero","","fob"
"41-51","R41->51",41,51,"",1950,"","","","",0,"","","","","","","imputed zero","","fob"
"41-51","41<-R51",51,41,"",1950,"","","","",0,"","","","","","","imputed zero","","fob"
"41-512","R41->512",41,512,"",1950,"","","","",0,"","","","","","","imputed zero","","fob"
"41-512","41<-R512",512,41,"",1950,"","","","",0,"","","","","","","imputed zero","","fob"
"41-52","41<-R52",52,41,"",1950,"","","","",0,"","","","","","","imputed zero","","fob"
"41-52","R41->52",41,52,"",1950,"","","","",0,"","","","","","","imputed zero","","fob"
"41-522","41<-R522",522,41,"",1950,"","","","",,"","","","","","","not reported","","fob"
"41-522","R41->522",41,522,"",1950,"","","","",0,"","","","","","","imputed zero","","fob"
"41-530","R41->530",41,530,"",1950,"","","","",0,"","","","","","","imputed zero","","fob"
"41-530","41<-R530",530,41,"",1950,"","","","",0,"","","","","","","imputed zero","","fob"
"41-540","R41->540",41,540,"",1950,"","","","",0,"","","","","","","imputed zero","","fob"
"41-540","41<-R540",540,41,"",1950,"","","","",0,"","","","","","","imputed zero","","fob"
"41-541","41<-R541",541,41,"",1950,"","","","",0,"","","","","","","imputed zero","","fob"
"41-541","R41->541",41,541,"",1950,"","","","",0,"","","","","","","imputed zero","","fob"
"41-551","41<-R551",551,41,"",1950,"","","","",0,"","","","","","","imputed zero","","fob"
"41-551","R41->551",41,551,"",1950,"","","","",0,"","","","","","","imputed zero","","fob"
"41-552","41<-R552",552,41,"",1950,"","","","",0,"","","","","","","imputed zero","","fob"
"41-552","R41->552",41,552,"",1950,"","","","",0,"","","","","","","imputed zero","","fob"
"41-560","41<-R560",560,41,"",1950,"","","","",,"","","","","","","not reported","","fob"
"41-560","R41->560",41,560,"",1950,"","","","",0,"","","","","","","imputed zero","","fob"
"41-580","R41->580",41,580,"",1950,"","","","",0,"","","","","","","imputed zero","","fob"
"41-580","41<-R580",580,41,"",1950,"","","","",0,"","","","","","","imputed zero","","fob"
"41-600","R41->600",41,600,"",1950,"","","","",0,"","","","","","","imputed zero","","fob"
"41-600","41<-R600",600,41,"",1950,"","","","",0,"","","","","","","imputed zero","","fob"
"41-615","R41->615",41,615,"",1950,"","","","",0,"","","","","","","imputed zero","","fob"
"41-615","41<-R615",615,41,"",1950,"","","","",0,"","","","","","","imputed zero","","fob"
"41-616","R41->616",41,616,"",1950,"","","","",0,"","","","","","","imputed zero","","fob"
"41-616","41<-R616",616,41,"",1950,"","","","",0,"","","","","","","imputed zero","","fob"
"41-625","R41->625",41,625,"",1950,"","","","",0,"","","","","","","imputed zero","","fob"
"41-625","41<-R625",625,41,"",1950,"","","","",0,"","","","","","","imputed zero","","fob"
"41-630","R41->630",41,630,"",1950,"","","","",0,"","","","","","","imputed zero","","fob"
"41-630","41<-R630",630,41,"",1950,"","","","",,"","","","","","","not reported","","fob"
"41-640","41<-R640",640,41,"",1950,"","","","",0,"","","","","","","imputed zero","","fob"
"41-640","R41->640",41,640,"",1950,"","","","",0,"","","","","","","imputed zero","","fob"
"41-645","41<-R645",645,41,"",1950,"","","","",0,"","","","","","","imputed zero","","fob"
"41-645","R41->645",41,645,"",1950,"","","","",0,"","","","","","","imputed zero","","fob"
"41-651","R41->651",41,651,"",1950,"","","","",0,"","","","","","","imputed zero","","fob"
"41-651","41<-R651",651,41,"",1950,"","","","",0,"","","","","","","imputed zero","","fob"
"41-652","R41->652",41,652,"41->652",1950,"Syria","GPH","Haiti","GPH",35714.285,"41","NA","NA","NA","NA","NA","ok","NA","fob"
"41-652","41<-R652",652,41,"",1950,"","","","",0,"","","","","","","imputed zero","","fob"
"41-660","41<-R660",660,41,"",1950,"","","","",0,"","","","","","","imputed zero","","fob"
"41-660","R41->660",41,660,"",1950,"","","","",0,"","","","","","","imputed zero","","fob"
"41-666","R41->666",41,666,"",1950,"","","","",0,"","","","","","","imputed zero","","fob"
"41-666","41<-R666",666,41,"",1950,"","","","",0,"","","","","","","imputed zero","","fob"
"41-670","41<-R670",670,41,"",1950,"","","","",,"","","","","","","not reported","","fob"
"41-670","R41->670",41,670,"",1950,"","","","",0,"","","","","","","imputed zero","","fob"
"41-68","R41->68",41,68,"",1950,"","","","",0,"","","","","","","imputed zero","","fob"
"41-68","41<-R68",68,41,"",1950,"","","","",,"","","","","","","not reported","","fob"
"41-70","R41->70",41,70,"",1950,"","","","",0,"","","","","","","imputed zero","","fob"
"41-70","41<-R70",70,41,"70->41",1950,"Haiti","GPH","Mexico","GPH",71428.57,"70","NA","NA","NA","NA","NA","ok","NA","fob"
"41-710","R41->710",41,710,"",1950,"","","","",0,"","","","","","","imputed zero","","fob"
"41-710","41<-R710",710,41,"",1950,"","","","",,"","","","","","","not reported","","fob"
"41-713","R41->713",41,713,"",1950,"","","","",0,"","","","","","","imputed zero","","fob"
"41-713","41<-R713",713,41,"",1950,"","","","",,"","","","","","","not reported","","fob"
"41-720","41<-R720",720,41,"",1950,"","","","",0,"","","","","","","imputed zero","","fob"
"41-720","R41->720",41,720,"",1950,"","","","",0,"","","","","","","imputed zero","","fob"
"41-732","41<-R732",732,41,"",1950,"","","","",,"","","","","","","not reported","","fob"
"41-732","R41->732",41,732,"",1950,"","","","",0,"","","","","","","imputed zero","","fob"
"41-740","R41->740",41,740,"",1950,"","","","",0,"","","","","","","imputed zero","","fob"
"41-740","41<-R740",740,41,"740->41",1950,"Haiti","GPH","Japan","GPH",250000,"740","NA","NA","NA","NA","NA","ok","NA","fob"
"41-750","R41->750",41,750,"",1950,"","","","",0,"","","","","","","imputed zero","","fob"
"41-750","41<-R750",750,41,"",1950,"","","","",0,"","","","","","","imputed zero","","fob"
"41-770","R41->770",41,770,"",1950,"","","","",0,"","","","","","","imputed zero","","fob"
"41-770","41<-R770",770,41,"",1950,"","","","",0,"","","","","","","imputed zero","","fob"
"41-775","R41->775",41,775,"",1950,"","","","",0,"","","","","","","imputed zero","","fob"
"41-775","41<-R775",775,41,"",1950,"","","","",0,"","","","","","","imputed zero","","fob"
"41-780","41<-R780",780,41,"",1950,"","","","",0,"","","","","","","imputed zero","","fob"
"41-780","R41->780",41,780,"",1950,"","","","",0,"","","","","","","imputed zero","","fob"
"41-800","R41->800",41,800,"",1950,"","","","",0,"","","","","","","imputed zero","","fob"
"41-800","41<-R800",800,41,"",1950,"","","","",,"","","","","","","not reported","","fob"
"41-840","41<-R840",840,41,"",1950,"","","","",0,"","","","","","","imputed zero","","fob"
"41-840","R41->840",41,840,"",1950,"","","","",0,"","","","","","","imputed zero","","fob"
"41-850","R41->850",41,850,"",1950,"","","","",0,"","","","","","","imputed zero","","fob"
"41-850","41<-R850",850,41,"",1950,"","","","",0,"","","","","","","imputed zero","","fob"
"41-90","R41->90",41,90,"",1950,"","","","",0,"","","","","","","imputed zero","","fob"
"41-90","41<-R90",90,41,"",1950,"","","","",0,"","","","","","","imputed zero","","fob"
"41-900","41<-R900",900,41,"",1950,"","","","",0,"","","","","","","imputed zero","","fob"
"41-900","R41->900",41,900,"",1950,"","","","",0,"","","","","","","imputed zero","","fob"
"41-91","R41->91",41,91,"",1950,"","","","",0,"","","","","","","imputed zero","","fob"
"41-91","41<-R91",91,41,"",1950,"","","","",0,"","","","","","","imputed zero","","fob"
"41-92","41<-R92",92,41,"",1950,"","","","",0,"","","","","","","imputed zero","","fob"
"41-92","R41->92",41,92,"",1950,"","","","",0,"","","","","","","imputed zero","","fob"
"41-920","R41->920",41,920,"",1950,"","","","",0,"","","","","","","imputed zero","","fob"
"41-920","41<-R920",920,41,"",1950,"","","","",0,"","","","","","","imputed zero","","fob"
"41-93","41<-R93",93,41,"",1950,"","","","",0,"","","","","","","imputed zero","","fob"
"41-93","R41->93",41,93,"",1950,"","","","",0,"","","","","","","imputed zero","","fob"
"41-94","R41->94",41,94,"",1950,"","","","",0,"","","","","","","imputed zero","","fob"
"41-94","41<-R94",94,41,"",1950,"","","","",0,"","","","","","","imputed zero","","fob"
"41-95","R41->95",41,95,"",1950,"","","","",0,"","","","","","","imputed zero","","fob"
"41-95","41<-R95",95,41,"",1950,"","","","",0,"","","","","","","imputed zero","","fob"
"41-960","R41->960",41,960,"",1950,"","","","",0,"","","","","","","imputed zero","","fob"
"41-960","41<-R960",960,41,"",1950,"","","","",,"","","","","","","not reported","","fob"
"42-452","R42->452",42,452,"",1950,"","","","",0,"","","","","","","imputed zero","","fob"
"42-452","42<-R452",452,42,"",1950,"","","","",0,"","","","","","","imputed zero","","fob"
"42-471","42<-R471",471,42,"",1950,"","","","",0,"","","","","","","imputed zero","","fob"
"42-471","R42->471",42,471,"",1950,"","","","",0,"","","","","","","imputed zero","","fob"
"42-475","42<-R475",475,42,"",1950,"","","","",0,"","","","","","","imputed zero","","fob"
"42-475","R42->475",42,475,"",1950,"","","","",0,"","","","","","","imputed zero","","fob"
"42-490","42<-R490",490,42,"",1950,"","","","",0,"","","","","","","imputed zero","","fob"
"42-490","R42->490",42,490,"",1950,"","","","",0,"","","","","","","imputed zero","","fob"
"42-500","42<-R500",500,42,"",1950,"","","","",0,"","","","","","","imputed zero","","fob"
"42-500","R42->500",42,500,"",1950,"","","","",0,"","","","","","","imputed zero","","fob"
"42-501","42<-R501",501,42,"",1950,"","","","",0,"","","","","","","imputed zero","","fob"
"42-501","R42->501",42,501,"",1950,"","","","",0,"","","","","","","imputed zero","","fob"
"42-51","R42->51",42,51,"",1950,"","","","",0,"","","","","","","imputed zero","","fob"
"42-51","42<-R51",51,42,"",1950,"","","","",0,"","","","","","","imputed zero","","fob"
"42-512","42<-R512",512,42,"",1950,"","","","",0,"","","","","","","imputed zero","","fob"
"42-512","R42->512",42,512,"",1950,"","","","",0,"","","","","","","imputed zero","","fob"
"42-52","42<-R52",52,42,"",1950,"","","","",0,"","","","","","","imputed zero","","fob"
"42-52","R42->52",42,52,"",1950,"","","","",0,"","","","","","","imputed zero","","fob"
"42-522","42<-R522",522,42,"",1950,"","","","",,"","","","","","","not reported","","fob"
"42-522","R42->522",42,522,"",1950,"","","","",0,"","","","","","","imputed zero","","fob"
"42-530","R42->530",42,530,"",1950,"","","","",0,"","","","","","","imputed zero","","fob"
"42-530","42<-R530",530,42,"",1950,"","","","",0,"","","","","","","imputed zero","","fob"
"42-540","R42->540",42,540,"",1950,"","","","",0,"","","","","","","imputed zero","","fob"
"42-540","42<-R540",540,42,"",1950,"","","","",0,"","","","","","","imputed zero","","fob"
"42-541","R42->541",42,541,"",1950,"","","","",0,"","","","","","","imputed zero","","fob"
"42-541","42<-R541",541,42,"",1950,"","","","",0,"","","","","","","imputed zero","","fob"
"42-551","42<-R551",551,42,"",1950,"","","","",0,"","","","","","","imputed zero","","fob"
"42-551","R42->551",42,551,"",1950,"","","","",0,"","","","","","","imputed zero","","fob"
"42-552","42<-R552",552,42,"",1950,"","","","",0,"","","","","","","imputed zero","","fob"
"42-552","R42->552",42,552,"",1950,"","","","",0,"","","","","","","imputed zero","","fob"
"42-560","R42->560",42,560,"",1950,"","","","",0,"","","","","","","imputed zero","","fob"
"42-560","42<-R560",560,42,"",1950,"","","","",,"","","","","","","not reported","","fob"
"42-580","R42->580",42,580,"",1950,"","","","",0,"","","","","","","imputed zero","","fob"
"42-580","42<-R580",580,42,"",1950,"","","","",0,"","","","","","","imputed zero","","fob"
"42-600","R42->600",42,600,"",1950,"","","","",0,"","","","","","","imputed zero","","fob"
"42-600","42<-R600",600,42,"",1950,"","","","",0,"","","","","","","imputed zero","","fob"
"42-615","R42->615",42,615,"",1950,"","","","",0,"","","","","","","imputed zero","","fob"
"42-615","42<-R615",615,42,"",1950,"","","","",0,"","","","","","","imputed zero","","fob"
"42-616","42<-R616",616,42,"",1950,"","","","",0,"","","","","","","imputed zero","","fob"
"42-616","R42->616",42,616,"42->616",1950,"Tunisia (Regency of Tunis)","GPH","Dominican Republic (Santo Domingo)","GPH",35714.285,"42","NA","NA","NA","NA","NA","ok","NA","fob"
"42-625","R42->625",42,625,"",1950,"","","","",0,"","","","","","","imputed zero","","fob"
"42-625","42<-R625",625,42,"",1950,"","","","",0,"","","","","","","imputed zero","","fob"
"42-630","R42->630",42,630,"",1950,"","","","",0,"","","","","","","imputed zero","","fob"
"42-630","42<-R630",630,42,"",1950,"","","","",,"","","","","","","not reported","","fob"
"42-640","R42->640",42,640,"",1950,"","","","",0,"","","","","","","imputed zero","","fob"
"42-640","42<-R640",640,42,"",1950,"","","","",0,"","","","","","","imputed zero","","fob"
"42-645","R42->645",42,645,"",1950,"","","","",0,"","","","","","","imputed zero","","fob"
"42-645","42<-R645",645,42,"",1950,"","","","",0,"","","","","","","imputed zero","","fob"
"42-651","42<-R651",651,42,"",1950,"","","","",0,"","","","","","","imputed zero","","fob"
"42-651","R42->651",42,651,"",1950,"","","","",0,"","","","","","","imputed zero","","fob"
"42-652","R42->652",42,652,"",1950,"","","","",0,"","","","","","","imputed zero","","fob"
"42-652","42<-R652",652,42,"",1950,"","","","",0,"","","","","","","imputed zero","","fob"
"42-660","R42->660",42,660,"",1950,"","","","",0,"","","","","","","imputed zero","","fob"
"42-660","42<-R660",660,42,"",1950,"","","","",0,"","","","","","","imputed zero","","fob"
"42-666","42<-R666",666,42,"",1950,"","","","",0,"","","","","","","imputed zero","","fob"
"42-666","R42->666",42,666,"",1950,"","","","",0,"","","","","","","imputed zero","","fob"
"42-670","42<-R670",670,42,"",1950,"","","","",,"","","","","","","not reported","","fob"
"42-670","R42->670",42,670,"",1950,"","","","",0,"","","","","","","imputed zero","","fob"
"42-68","42<-R68",68,42,"",1950,"","","","",,"","","","","","","not reported","","fob"
"42-68","R42->68",42,68,"42->68",1950,"Netherlands Antilles","GPH","Dominican Republic (Santo Domingo)","GPH",321428.56,"42","NA","NA","NA","NA","NA","ok","NA","fob"
"42-70","42<-R70",70,42,"70->42",1950,"Dominican Republic (Santo Domingo)","GPH","Mexico","GPH",285714.28,"70","NA","NA","NA","NA","NA","ok","NA","fob"
"42-70","R42->70",42,70,"",1950,"","","","",0,"","","","","","","imputed zero","","fob"
"42-710","R42->710",42,710,"",1950,"","","","",0,"","","","","","","imputed zero","","fob"
"42-710","42<-R710",710,42,"",1950,"","","","",,"","","","","","","not reported","","fob"
"42-713","R42->713",42,713,"",1950,"","","","",0,"","","","","","","imputed zero","","fob"
"42-713","42<-R713",713,42,"",1950,"","","","",,"","","","","","","not reported","","fob"
"42-720","42<-R720",720,42,"",1950,"","","","",0,"","","","","","","imputed zero","","fob"
"42-720","R42->720",42,720,"",1950,"","","","",0,"","","","","","","imputed zero","","fob"
"42-732","R42->732",42,732,"",1950,"","","","",0,"","","","","","","imputed zero","","fob"
"42-732","42<-R732",732,42,"",1950,"","","","",,"","","","","","","not reported","","fob"
"42-740","42<-R740",740,42,"740->42",1950,"Dominican Republic (Santo Domingo)","GPH","Japan","GPH",321428.56,"740","NA","NA","NA","NA","NA","ok","NA","fob"
"42-740","R42->740",42,740,"",1950,"","","","",0,"","","","","","","imputed zero","","fob"
"42-750","R42->750",42,750,"",1950,"","","","",0,"","","","","","","imputed zero","","fob"
"42-750","42<-R750",750,42,"750->42",1950,"Dominican Republic (Santo Domingo)","GPH","India","GPH",750000,"750","NA","NA","NA","NA","NA","ok","NA","fob"
"42-770","R42->770",42,770,"",1950,"","","","",0,"","","","","","","imputed zero","","fob"
"42-770","42<-R770",770,42,"",1950,"","","","",0,"","","","","","","imputed zero","","fob"
"42-775","R42->775",42,775,"",1950,"","","","",0,"","","","","","","imputed zero","","fob"
"42-775","42<-R775",775,42,"",1950,"","","","",0,"","","","","","","imputed zero","","fob"
"42-780","R42->780",42,780,"42->780",1950,"Sri Lanka (Ceylon)","GPH","Dominican Republic (Santo Domingo)","GPH",250000,"42","NA","NA","NA","NA","NA","ok","NA","fob"
"42-780","42<-R780",780,42,"",1950,"","","","",0,"","","","","","","imputed zero","","fob"
"42-800","42<-R800",800,42,"",1950,"","","","",,"","","","","","","not reported","","fob"
"42-800","R42->800",42,800,"",1950,"","","","",0,"","","","","","","imputed zero","","fob"
"42-840","R42->840",42,840,"",1950,"","","","",0,"","","","","","","imputed zero","","fob"
"42-840","42<-R840",840,42,"",1950,"","","","",0,"","","","","","","imputed zero","","fob"
"42-850","R42->850",42,850,"",1950,"","","","",0,"","","","","","","imputed zero","","fob"
"42-850","42<-R850",850,42,"",1950,"","","","",0,"","","","","","","imputed zero","","fob"
"42-90","42<-R90",90,42,"",1950,"","","","",0,"","","","","","","imputed zero","","fob"
"42-90","R42->90",42,90,"",1950,"","","","",0,"","","","","","","imputed zero","","fob"
"42-900","R42->900",42,900,"",1950,"","","","",0,"","","","","","","imputed zero","","fob"
"42-900","42<-R900",900,42,"",1950,"","","","",0,"","","","","","","imputed zero","","fob"
"42-91","R42->91",42,91,"42->91",1950,"Honduras","GPH","Dominican Republic (Santo Domingo)","GPH",35714.285,"42","NA","NA","NA","NA","NA","ok","NA","fob"
"42-91","42<-R91",91,42,"",1950,"","","","",0,"","","","","","","imputed zero","","fob"
"42-92","42<-R92",92,42,"",1950,"","","","",0,"","","","","","","imputed zero","","fob"
"42-92","R42->92",42,92,"",1950,"","","","",0,"","","","","","","imputed zero","","fob"
"42-920","R42->920",42,920,"",1950,"","","","",0,"","","","","","","imputed zero","","fob"
"42-920","42<-R920",920,42,"",1950,"","","","",0,"","","","","","","imputed zero","","fob"
"42-93","42<-R93",93,42,"",1950,"","","","",0,"","","","","","","imputed zero","","fob"
"42-93","R42->93",42,93,"",1950,"","","","",0,"","","","","","","imputed zero","","fob"
"42-94","R42->94",42,94,"",1950,"","","","",0,"","","","","","","imputed zero","","fob"
"42-94","42<-R94",94,42,"",1950,"","","","",0,"","","","","","","imputed zero","","fob"
"42-95","42<-R95",95,42,"",1950,"","","","",0,"","","","","","","imputed zero","","fob"
"42-95","R42->95",42,95,"",1950,"","","","",0,"","","","","","","imputed zero","","fob"
"42-960","42<-R960",960,42,"",1950,"","","","",,"","","","","","","not reported","","fob"
"42-960","R42->960",42,960,"",1950,"","","","",0,"","","","","","","imputed zero","","fob"
"452-471","R452->471",452,471,"",1950,"","","","",0,"","","","","","","imputed zero","","fob"
"452-471","452<-R471",471,452,"",1950,"","","","",0,"","","","","","","imputed zero","","fob"
"452-475","452<-R475",475,452,"475->452",1950,"Ghana (Gold Coast)","GPH","Nigeria","GPH",250000,"475","NA","NA","NA","NA","NA","ok","NA","fob"
"452-475","R452->475",452,475,"452->475",1950,"Nigeria","GPH","Ghana (Gold Coast)","GPH",107142.86,"452","NA","NA","NA","NA","NA","ok","NA","fob"
"452-490","R452->490",452,490,"",1950,"","","","",0,"","","","","","","imputed zero","","fob"
"452-490","452<-R490",490,452,"",1950,"","","","",0,"","","","","","","imputed zero","","fob"
"452-500","452<-R500",500,452,"",1950,"","","","",0,"","","","","","","imputed zero","","fob"
"452-500","R452->500",452,500,"",1950,"","","","",0,"","","","","","","imputed zero","","fob"
"452-501","452<-R501",501,452,"",1950,"","","","",0,"","","","","","","imputed zero","","fob"
"452-501","R452->501",452,501,"",1950,"","","","",0,"","","","","","","imputed zero","","fob"
"452-51","R452->51",452,51,"",1950,"","","","",0,"","","","","","","imputed zero","","fob"
"452-51","452<-R51",51,452,"",1950,"","","","",0,"","","","","","","imputed zero","","fob"
"452-512","R452->512",452,512,"",1950,"","","","",0,"","","","","","","imputed zero","","fob"
"452-512","452<-R512",512,452,"",1950,"","","","",0,"","","","","","","imputed zero","","fob"
"452-52","452<-R52",52,452,"52->452",1950,"Ghana (Gold Coast)","GPH","Trinidad and Tobago","GPH",250000,"52","NA","NA","NA","NA","NA","ok","NA","fob"
"452-52","R452->52",452,52,"",1950,"","","","",0,"","","","","","","imputed zero","","fob"
"452-522","R452->522",452,522,"",1950,"","","","",0,"","","","","","","imputed zero","","fob"
"452-522","452<-R522",522,452,"",1950,"","","","",,"","","","","","","not reported","","fob"
"452-530","452<-R530",530,452,"",1950,"","","","",0,"","","","","","","imputed zero","","fob"
"452-530","R452->530",452,530,"",1950,"","","","",0,"","","","","","","imputed zero","","fob"
"452-540","452<-R540",540,452,"",1950,"","","","",0,"","","","","","","imputed zero","","fob"
"452-540","R452->540",452,540,"",1950,"","","","",0,"","","","","","","imputed zero","","fob"
"452-541","R452->541",452,541,"",1950,"","","","",0,"","","","","","","imputed zero","","fob"
"452-541","452<-R541",541,452,"",1950,"","","","",0,"","","","","","","imputed zero","","fob"
"452-551","452<-R551",551,452,"",1950,"","","","",0,"","","","","","","imputed zero","","fob"
"452-551","R452->551",452,551,"",1950,"","","","",0,"","","","","","","imputed zero","","fob"
"452-552","R452->552",452,552,"",1950,"","","","",0,"","","","","","","imputed zero","","fob"
"452-552","452<-R552",552,452,"",1950,"","","","",0,"","","","","","","imputed zero","","fob"
"452-560","R452->560",452,560,"452->560",1950,"South Africa","GPH","Ghana (Gold Coast)","GPH",357142.84,"452","NA","NA","NA","NA","NA","ok","NA","fob"
"452-560","452<-R560",560,452,"",1950,"","","","",,"","","","","","","not reported","","fob"
"452-580","452<-R580",580,452,"",1950,"","","","",0,"","","","","","","imputed zero","","fob"
"452-580","R452->580",452,580,"",1950,"","","","",0,"","","","","","","imputed zero","","fob"
"452-600","452<-R600",600,452,"",1950,"","","","",0,"","","","","","","imputed zero","","fob"
"452-600","R452->600",452,600,"",1950,"","","","",0,"","","","","","","imputed zero","","fob"
"452-615","452<-R615",615,452,"",1950,"","","","",0,"","","","","","","imputed zero","","fob"
"452-615","R452->615",452,615,"",1950,"","","","",0,"","","","","","","imputed zero","","fob"
"452-616","452<-R616",616,452,"",1950,"","","","",0,"","","","","","","imputed zero","","fob"
"452-616","R452->616",452,616,"",1950,"","","","",0,"","","","","","","imputed zero","","fob"
"452-625","452<-R625",625,452,"",1950,"","","","",0,"","","","","","","imputed zero","","fob"
"452-625","R452->625",452,625,"",1950,"","","","",0,"","","","","","","imputed zero","","fob"
"452-630","452<-R630",630,452,"",1950,"","","","",,"","","","","","","not reported","","fob"
"452-630","R452->630",452,630,"",1950,"","","","",0,"","","","","","","imputed zero","","fob"
"452-640","R452->640",452,640,"",1950,"","","","",0,"","","","","","","imputed zero","","fob"
"452-640","452<-R640",640,452,"",1950,"","","","",0,"","","","","","","imputed zero","","fob"
"452-645","R452->645",452,645,"",1950,"","","","",0,"","","","","","","imputed zero","","fob"
"452-645","452<-R645",645,452,"",1950,"","","","",0,"","","","","","","imputed zero","","fob"
"452-651","452<-R651",651,452,"",1950,"","","","",0,"","","","","","","imputed zero","","fob"
"452-651","R452->651",452,651,"",1950,"","","","",0,"","","","","","","imputed zero","","fob"
"452-652","452<-R652",652,452,"",1950,"","","","",0,"","","","","","","imputed zero","","fob"
"452-652","R452->652",452,652,"",1950,"","","","",0,"","","","","","","imputed zero","","fob"
"452-660","452<-R660",660,452,"",1950,"","","","",0,"","","","","","","imputed zero","","fob"
"452-660","R452->660",452,660,"",1950,"","","","",0,"","","","","","","imputed zero","","fob"
"452-666","452<-R666",666,452,"",1950,"","","","",0,"","","","","","","imputed zero","","fob"
"452-666","R452->666",452,666,"",1950,"","","","",0,"","","","","","","imputed zero","","fob"
"452-670","R452->670",452,670,"",1950,"","","","",0,"","","","","","","imputed zero","","fob"
"452-670","452<-R670",670,452,"",1950,"","","","",,"","","","","","","not reported","","fob"
"452-68","452<-R68",68,452,"",1950,"","","","",,"","","","","","","not reported","","fob"
"452-68","R452->68",452,68,"",1950,"","","","",0,"","","","","","","imputed zero","","fob"
"452-70","R452->70",452,70,"",1950,"","","","",0,"","","","","","","imputed zero","","fob"
"452-70","452<-R70",70,452,"",1950,"","","","",0,"","","","","","","imputed zero","","fob"
"452-710","R452->710",452,710,"",1950,"","","","",0,"","","","","","","imputed zero","","fob"
"452-710","452<-R710",710,452,"",1950,"","","","",,"","","","","","","not reported","","fob"
"452-713","R452->713",452,713,"",1950,"","","","",0,"","","","","","","imputed zero","","fob"
"452-713","452<-R713",713,452,"",1950,"","","","",,"","","","","","","not reported","","fob"
"452-720","452<-R720",720,452,"",1950,"","","","",0,"","","","","","","imputed zero","","fob"
"452-720","R452->720",452,720,"",1950,"","","","",0,"","","","","","","imputed zero","","fob"
"452-732","R452->732",452,732,"",1950,"","","","",0,"","","","","","","imputed zero","","fob"
"452-732","452<-R732",732,452,"",1950,"","","","",,"","","","","","","not reported","","fob"
"452-740","452<-R740",740,452,"740->452",1950,"Ghana (Gold Coast)","GPH","Japan","GPH",2571428.5,"740","NA","NA","NA","NA","NA","ok","NA","fob"
"452-740","R452->740",452,740,"",1950,"","","","",0,"","","","","","","imputed zero","","fob"
"452-750","R452->750",452,750,"",1950,"","","","",0,"","","","","","","imputed zero","","fob"
"452-750","452<-R750",750,452,"750->452",1950,"Ghana (Gold Coast)","GPH","India","GPH",750000,"750","NA","NA","NA","NA","NA","ok","NA","fob"
"452-770","452<-R770",770,452,"",1950,"","","","",0,"","","","","","","imputed zero","","fob"
"452-770","R452->770",452,770,"",1950,"","","","",0,"","","","","","","imputed zero","","fob"
"452-775","R452->775",452,775,"",1950,"","","","",0,"","","","","","","imputed zero","","fob"
"452-775","452<-R775",775,452,"",1950,"","","","",0,"","","","","","","imputed zero","","fob"
"452-780","452<-R780",780,452,"",1950,"","","","",0,"","","","","","","imputed zero","","fob"
"452-780","R452->780",452,780,"",1950,"","","","",0,"","","","","","","imputed zero","","fob"
"452-800","452<-R800",800,452,"",1950,"","","","",,"","","","","","","not reported","","fob"
"452-800","R452->800",452,800,"",1950,"","","","",0,"","","","","","","imputed zero","","fob"
"452-840","R452->840",452,840,"",1950,"","","","",0,"","","","","","","imputed zero","","fob"
"452-840","452<-R840",840,452,"",1950,"","","","",0,"","","","","","","imputed zero","","fob"
"452-850","R452->850",452,850,"",1950,"","","","",0,"","","","","","","imputed zero","","fob"
"452-850","452<-R850",850,452,"",1950,"","","","",0,"","","","","","","imputed zero","","fob"
"452-90","R452->90",452,90,"",1950,"","","","",0,"","","","","","","imputed zero","","fob"
"452-90","452<-R90",90,452,"",1950,"","","","",0,"","","","","","","imputed zero","","fob"
"452-900","452<-R900",900,452,"900->452",1950,"Ghana (Gold Coast)","GPH","Australia","GPH",571428.56,"900","NA","NA","NA","NA","NA","ok","NA","fob"
"452-900","R452->900",452,900,"452->900",1950,"Australia","GPH","Ghana (Gold Coast)","GPH",1142857.1,"452","NA","NA","NA","NA","NA","ok","NA","fob"
"452-91","R452->91",452,91,"",1950,"","","","",0,"","","","","","","imputed zero","","fob"
"452-91","452<-R91",91,452,"",1950,"","","","",0,"","","","","","","imputed zero","","fob"
"452-92","452<-R92",92,452,"",1950,"","","","",0,"","","","","","","imputed zero","","fob"
"452-92","R452->92",452,92,"",1950,"","","","",0,"","","","","","","imputed zero","","fob"
"452-920","452<-R920",920,452,"",1950,"","","","",0,"","","","","","","imputed zero","","fob"
"452-920","R452->920",452,920,"452->920",1950,"New Zealand","GPH","Ghana (Gold Coast)","GPH",428571.44,"452","NA","NA","NA","NA","NA","ok","NA","fob"
"452-93","452<-R93",93,452,"",1950,"","","","",0,"","","","","","","imputed zero","","fob"
"452-93","R452->93",452,93,"",1950,"","","","",0,"","","","","","","imputed zero","","fob"
"452-94","452<-R94",94,452,"",1950,"","","","",0,"","","","","","","imputed zero","","fob"
"452-94","R452->94",452,94,"",1950,"","","","",0,"","","","","","","imputed zero","","fob"
"452-95","R452->95",452,95,"",1950,"","","","",0,"","","","","","","imputed zero","","fob"
"452-95","452<-R95",95,452,"",1950,"","","","",0,"","","","","","","imputed zero","","fob"
"452-960","R452->960",452,960,"",1950,"","","","",0,"","","","","","","imputed zero","","fob"
"452-960","452<-R960",960,452,"",1950,"","","","",,"","","","","","","not reported","","fob"
"471-475","471<-R475",475,471,"475->471",1950,"Cameroun (French Cameroon)","GPH","Nigeria","GPH",392857.16,"475","NA","NA","NA","NA","NA","ok","NA","fob"
"471-475","R471->475",471,475,"471->475",1950,"Nigeria","GPH","Cameroun (French Cameroon)","GPH",178571.42,"471","NA","NA","NA","NA","NA","ok","NA","fob"
"471-490","R471->490",471,490,"",1950,"","","","",0,"","","","","","","imputed zero","","fob"
"471-490","471<-R490",490,471,"",1950,"","","","",0,"","","","","","","imputed zero","","fob"
"471-500","471<-R500",500,471,"",1950,"","","","",0,"","","","","","","imputed zero","","fob"
"471-500","R471->500",471,500,"",1950,"","","","",0,"","","","","","","imputed zero","","fob"
"471-501","471<-R501",501,471,"",1950,"","","","",0,"","","","","","","imputed zero","","fob"
"471-501","R471->501",471,501,"",1950,"","","","",0,"","","","","","","imputed zero","","fob"
"471-51","471<-R51",51,471,"",1950,"","","","",0,"","","","","","","imputed zero","","fob"
"471-51","R471->51",471,51,"",1950,"","","","",0,"","","","","","","imputed zero","","fob"
"471-512","471<-R512",512,471,"",1950,"","","","",0,"","","","","","","imputed zero","","fob"
"471-512","R471->512",471,512,"",1950,"","","","",0,"","","","","","","imputed zero","","fob"
"471-52","471<-R52",52,471,"",1950,"","","","",0,"","","","","","","imputed zero","","fob"
"471-52","R471->52",471,52,"",1950,"","","","",0,"","","","","","","imputed zero","","fob"
"471-522","471<-R522",522,471,"",1950,"","","","",,"","","","","","","not reported","","fob"
"471-522","R471->522",471,522,"",1950,"","","","",0,"","","","","","","imputed zero","","fob"
"471-530","R471->530",471,530,"",1950,"","","","",0,"","","","","","","imputed zero","","fob"
"471-530","471<-R530",530,471,"",1950,"","","","",0,"","","","","","","imputed zero","","fob"
"471-540","471<-R540",540,471,"",1950,"","","","",0,"","","","","","","imputed zero","","fob"
"471-540","R471->540",471,540,"",1950,"","","","",0,"","","","","","","imputed zero","","fob"
"471-541","R471->541",471,541,"",1950,"","","","",0,"","","","","","","imputed zero","","fob"
"471-541","471<-R541",541,471,"",1950,"","","","",0,"","","","","","","imputed zero","","fob"
"471-551","R471->551",471,551,"",1950,"","","","",0,"","","","","","","imputed zero","","fob"
"471-551","471<-R551",551,471,"",1950,"","","","",0,"","","","","","","imputed zero","","fob"
"471-552","471<-R552",552,471,"",1950,"","","","",0,"","","","","","","imputed zero","","fob"
"471-552","R471->552",471,552,"",1950,"","","","",0,"","","","","","","imputed zero","","fob"
"471-560","471<-R560",560,471,"",1950,"","","","",,"","","","","","","not reported","","fob"
"471-560","R471->560",471,560,"471->560",1950,"South Africa","GPH","Cameroun (French Cameroon)","GPH",35714.285,"471","NA","NA","NA","NA","NA","ok","NA","fob"
"471-580","471<-R580",580,471,"",1950,"","","","",0,"","","","","","","imputed zero","","fob"
"471-580","R471->580",471,580,"",1950,"","","","",0,"","","","","","","imputed zero","","fob"
"471-600","471<-R600",600,471,"600->471",1950,"Cameroun (French Cameroon)","GPH","Morocco","GPH",321428.56,"600","NA","NA","NA","NA","NA","ok","NA","fob"
"471-600","R471->600",471,600,"471->600",1950,"Morocco","GPH","Cameroun (French Cameroon)","GPH",35714.285,"471","NA","NA","NA","NA","NA","ok","NA","fob"
"471-615","471<-R615",615,471,"615->471",1950,"Cameroun (French Cameroon)","GPH","Algeria (Regency of Algiers)","GPH",428571.44,"615","NA","NA","NA","NA","NA","ok","NA","fob"
"471-615","R471->615",471,615,"471->615",1950,"Algeria (Regency of Algiers)","GPH","Cameroun (French Cameroon)","GPH",107142.86,"471","NA","NA","NA","NA","NA","ok","NA","fob"
"471-616","471<-R616",616,471,"",1950,"","","","",0,"","","","","","","imputed zero","","fob"
"471-616","R471->616",471,616,"",1950,"","","","",0,"","","","","","","imputed zero","","fob"
"471-625","R471->625",471,625,"",1950,"","","","",0,"","","","","","","imputed zero","","fob"
"471-625","471<-R625",625,471,"",1950,"","","","",0,"","","","","","","imputed zero","","fob"
"471-630","471<-R630",630,471,"",1950,"","","","",,"","","","","","","not reported","","fob"
"471-630","R471->630",471,630,"",1950,"","","","",0,"","","","","","","imputed zero","","fob"
"471-640","471<-R640",640,471,"",1950,"","","","",0,"","","","","","","imputed zero","","fob"
"471-640","R471->640",471,640,"",1950,"","","","",0,"","","","","","","imputed zero","","fob"
"471-645","R471->645",471,645,"",1950,"","","","",0,"","","","","","","imputed zero","","fob"
"471-645","471<-R645",645,471,"",1950,"","","","",0,"","","","","","","imputed zero","","fob"
"471-651","R471->651",471,651,"",1950,"","","","",0,"","","","","","","imputed zero","","fob"
"471-651","471<-R651",651,471,"",1950,"","","","",0,"","","","","","","imputed zero","","fob"
"471-652","471<-R652",652,471,"",1950,"","","","",0,"","","","","","","imputed zero","","fob"
"471-652","R471->652",471,652,"",1950,"","","","",0,"","","","","","","imputed zero","","fob"
"471-660","R471->660",471,660,"",1950,"","","","",0,"","","","","","","imputed zero","","fob"
"471-660","471<-R660",660,471,"",1950,"","","","",0,"","","","","","","imputed zero","","fob"
"471-666","471<-R666",666,471,"",1950,"","","","",0,"","","","","","","imputed zero","","fob"
"471-666","R471->666",471,666,"",1950,"","","","",0,"","","","","","","imputed zero","","fob"
"471-670","R471->670",471,670,"",1950,"","","","",0,"","","","","","","imputed zero","","fob"
"471-670","471<-R670",670,471,"",1950,"","","","",,"","","","","","","not reported","","fob"
"471-68","471<-R68",68,471,"",1950,"","","","",,"","","","","","","not reported","","fob"
"471-68","R471->68",471,68,"",1950,"","","","",0,"","","","","","","imputed zero","","fob"
"471-70","471<-R70",70,471,"",1950,"","","","",0,"","","","","","","imputed zero","","fob"
"471-70","R471->70",471,70,"",1950,"","","","",0,"","","","","","","imputed zero","","fob"
"471-710","471<-R710",710,471,"",1950,"","","","",,"","","","","","","not reported","","fob"
"471-710","R471->710",471,710,"",1950,"","","","",0,"","","","","","","imputed zero","","fob"
"471-713","471<-R713",713,471,"",1950,"","","","",,"","","","","","","not reported","","fob"
"471-713","R471->713",471,713,"",1950,"","","","",0,"","","","","","","imputed zero","","fob"
"471-720","R471->720",471,720,"",1950,"","","","",0,"","","","","","","imputed zero","","fob"
"471-720","471<-R720",720,471,"",1950,"","","","",0,"","","","","","","imputed zero","","fob"
"471-732","471<-R732",732,471,"",1950,"","","","",,"","","","","","","not reported","","fob"
"471-732","R471->732",471,732,"",1950,"","","","",0,"","","","","","","imputed zero","","fob"
"471-740","R471->740",471,740,"",1950,"","","","",0,"","","","","","","imputed zero","","fob"
"471-740","471<-R740",740,471,"",1950,"","","","",0,"","","","","","","imputed zero","","fob"
"471-750","471<-R750",750,471,"",1950,"","","","",0,"","","","","","","imputed zero","","fob"
"471-750","R471->750",471,750,"",1950,"","","","",0,"","","","","","","imputed zero","","fob"
"471-770","R471->770",471,770,"",1950,"","","","",0,"","","","","","","imputed zero","","fob"
"471-770","471<-R770",770,471,"",1950,"","","","",0,"","","","","","","imputed zero","","fob"
"471-775","471<-R775",775,471,"",1950,"","","","",0,"","","","","","","imputed zero","","fob"
"471-775","R471->775",471,775,"",1950,"","","","",0,"","","","","","","imputed zero","","fob"
"471-780","471<-R780",780,471,"",1950,"","","","",0,"","","","","","","imputed zero","","fob"
"471-780","R471->780",471,780,"",1950,"","","","",0,"","","","","","","imputed zero","","fob"
"471-800","471<-R800",800,471,"",1950,"","","","",,"","","","","","","not reported","","fob"
"471-800","R471->800",471,800,"",1950,"","","","",0,"","","","","","","imputed zero","","fob"
"471-840","R471->840",471,840,"",1950,"","","","",0,"","","","","","","imputed zero","","fob"
"471-840","471<-R840",840,471,"",1950,"","","","",0,"","","","","","","imputed zero","","fob"
"471-850","471<-R850",850,471,"",1950,"","","","",0,"","","","","","","imputed zero","","fob"
"471-850","R471->850",471,850,"",1950,"","","","",0,"","","","","","","imputed zero","","fob"
"471-90","R471->90",471,90,"",1950,"","","","",0,"","","","","","","imputed zero","","fob"
"471-90","471<-R90",90,471,"",1950,"","","","",0,"","","","","","","imputed zero","","fob"
"471-900","471<-R900",900,471,"",1950,"","","","",0,"","","","","","","imputed zero","","fob"
"471-900","R471->900",471,900,"",1950,"","","","",0,"","","","","","","imputed zero","","fob"
"471-91","R471->91",471,91,"",1950,"","","","",0,"","","","","","","imputed zero","","fob"
"471-91","471<-R91",91,471,"",1950,"","","","",0,"","","","","","","imputed zero","","fob"
"471-92","R471->92",471,92,"",1950,"","","","",0,"","","","","","","imputed zero","","fob"
"471-92","471<-R92",92,471,"",1950,"","","","",0,"","","","","","","imputed zero","","fob"
"471-920","R471->920",471,920,"",1950,"","","","",0,"","","","","","","imputed zero","","fob"
"471-920","471<-R920",920,471,"",1950,"","","","",0,"","","","","","","imputed zero","","fob"
"471-93","R471->93",471,93,"",1950,"","","","",0,"","","","","","","imputed zero","","fob"
"471-93","471<-R93",93,471,"",1950,"","","","",0,"","","","","","","imputed zero","","fob"
"471-94","471<-R94",94,471,"",1950,"","","","",0,"","","","","","","imputed zero","","fob"
"471-94","R471->94",471,94,"",1950,"","","","",0,"","","","","","","imputed zero","","fob"
"471-95","471<-R95",95,471,"",1950,"","","","",0,"","","","","","","imputed zero","","fob"
"471-95","R471->95",471,95,"",1950,"","","","",0,"","","","","","","imputed zero","","fob"
"471-960","471<-R960",960,471,"",1950,"","","","",,"","","","","","","not reported","","fob"
"471-960","R471->960",471,960,"",1950,"","","","",0,"","","","","","","imputed zero","","fob"
"475-490","R475->490",475,490,"",1950,"","","","",0,"","","","","","","imputed zero","","fob"
"475-490","475<-R490",490,475,"",1950,"","","","",0,"","","","","","","imputed zero","","fob"
"475-500","R475->500",475,500,"",1950,"","","","",0,"","","","","","","imputed zero","","fob"
"475-500","475<-R500",500,475,"",1950,"","","","",0,"","","","","","","imputed zero","","fob"
"475-501","R475->501",475,501,"",1950,"","","","",0,"","","","","","","imputed zero","","fob"
"475-501","475<-R501",501,475,"",1950,"","","","",0,"","","","","","","imputed zero","","fob"
"475-51","R475->51",475,51,"",1950,"","","","",0,"","","","","","","imputed zero","","fob"
"475-51","475<-R51",51,475,"",1950,"","","","",0,"","","","","","","imputed zero","","fob"
"475-512","R475->512",475,512,"",1950,"","","","",0,"","","","","","","imputed zero","","fob"
"475-512","475<-R512",512,475,"",1950,"","","","",0,"","","","","","","imputed zero","","fob"
"475-52","475<-R52",52,475,"52->475",1950,"Nigeria","GPH","Trinidad and Tobago","GPH",321428.56,"52","NA","NA","NA","NA","NA","ok","NA","fob"
"475-52","R475->52",475,52,"",1950,"","","","",0,"","","","","","","imputed zero","","fob"
"475-522","R475->522",475,522,"",1950,"","","","",0,"","","","","","","imputed zero","","fob"
"475-522","475<-R522",522,475,"",1950,"","","","",,"","","","","","","not reported","","fob"
"475-530","475<-R530",530,475,"",1950,"","","","",0,"","","","","","","imputed zero","","fob"
"475-530","R475->530",475,530,"",1950,"","","","",0,"","","","","","","imputed zero","","fob"
"475-540","475<-R540",540,475,"",1950,"","","","",0,"","","","","","","imputed zero","","fob"
"475-540","R475->540",475,540,"",1950,"","","","",0,"","","","","","","imputed zero","","fob"
"475-541","R475->541",475,541,"",1950,"","","","",0,"","","","","","","imputed zero","","fob"
"475-541","475<-R541",541,475,"",1950,"","","","",0,"","","","","","","imputed zero","","fob"
"475-551","R475->551",475,551,"",1950,"","","","",0,"","","","","","","imputed zero","","fob"
"475-551","475<-R551",551,475,"",1950,"","","","",0,"","","","","","","imputed zero","","fob"
"475-552","475<-R552",552,475,"552->475",1950,"Nigeria","GPH","Zimbabwe (Rhodesia) (Southern Rhodesia)","GPH",250000,"552","NA","NA","NA","NA","NA","ok","NA","fob"
"475-552","R475->552",475,552,"",1950,"","","","",0,"","","","","","","imputed zero","","fob"
"475-560","475<-R560",560,475,"",1950,"","","","",,"","","","","","","not reported","","fob"
"475-560","R475->560",475,560,"475->560",1950,"South Africa","GPH","Nigeria","GPH",250000,"475","NA","NA","NA","NA","NA","ok","NA","fob"
"475-580","R475->580",475,580,"",1950,"","","","",0,"","","","","","","imputed zero","","fob"
"475-580","475<-R580",580,475,"",1950,"","","","",0,"","","","","","","imputed zero","","fob"
"475-600","475<-R600",600,475,"",1950,"","","","",0,"","","","","","","imputed zero","","fob"
"475-600","R475->600",475,600,"",1950,"","","","",0,"","","","","","","imputed zero","","fob"
"475-615","R475->615",475,615,"",1950,"","","","",0,"","","","","","","imputed zero","","fob"
"475-615","475<-R615",615,475,"",1950,"","","","",0,"","","","","","","imputed zero","","fob"
"475-616","475<-R616",616,475,"",1950,"","","","",0,"","","","","","","imputed zero","","fob"
"475-616","R475->616",475,616,"",1950,"","","","",0,"","","","","","","imputed zero","","fob"
"475-625","475<-R625",625,475,"",1950,"","","","",0,"","","","","","","imputed zero","","fob"
"475-625","R475->625",475,625,"",1950,"","","","",0,"","","","","","","imputed zero","","fob"
"475-630","R475->630",475,630,"",1950,"","","","",0,"","","","","","","imputed zero","","fob"
"475-630","475<-R630",630,475,"",1950,"","","","",,"","","","","","","not reported","","fob"
"475-640","R475->640",475,640,"",1950,"","","","",0,"","","","","","","imputed zero","","fob"
"475-640","475<-R640",640,475,"",1950,"","","","",0,"","","","","","","imputed zero","","fob"
"475-645","475<-R645",645,475,"",1950,"","","","",0,"","","","","","","imputed zero","","fob"
"475-645","R475->645",475,645,"",1950,"","","","",0,"","","","","","","imputed zero","","fob"
"475-651","475<-R651",651,475,"",1950,"","","","",0,"","","","","","","imputed zero","","fob"
"475-651","R475->651",475,651,"",1950,"","","","",0,"","","","","","","imputed zero","","fob"
"475-652","R475->652",475,652,"",1950,"","","","",0,"","","","","","","imputed zero","","fob"
"475-652","475<-R652",652,475,"",1950,"","","","",0,"","","","","","","imputed zero","","fob"
"475-660","R475->660",475,660,"",1950,"","","","",0,"","","","","","","imputed zero","","fob"
"475-660","475<-R660",660,475,"",1950,"","","","",0,"","","","","","","imputed zero","","fob"
"475-666","R475->666",475,666,"",1950,"","","","",0,"","","","","","","imputed zero","","fob"
"475-666","475<-R666",666,475,"",1950,"","","","",0,"","","","","","","imputed zero","","fob"
"475-670","R475->670",475,670,"",1950,"","","","",0,"","","","","","","imputed zero","","fob"
"475-670","475<-R670",670,475,"",1950,"","","","",,"","","","","","","not reported","","fob"
"475-68","R475->68",475,68,"",1950,"","","","",0,"","","","","","","imputed zero","","fob"
"475-68","475<-R68",68,475,"",1950,"","","","",,"","","","","","","not reported","","fob"
"475-70","R475->70",475,70,"",1950,"","","","",0,"","","","","","","imputed zero","","fob"
"475-70","475<-R70",70,475,"",1950,"","","","",0,"","","","","","","imputed zero","","fob"
"475-710","R475->710",475,710,"",1950,"","","","",0,"","","","","","","imputed zero","","fob"
"475-710","475<-R710",710,475,"",1950,"","","","",,"","","","","","","not reported","","fob"
"475-713","475<-R713",713,475,"",1950,"","","","",,"","","","","","","not reported","","fob"
"475-713","R475->713",475,713,"",1950,"","","","",0,"","","","","","","imputed zero","","fob"
"475-720","475<-R720",720,475,"",1950,"","","","",0,"","","","","","","imputed zero","","fob"
"475-720","R475->720",475,720,"",1950,"","","","",0,"","","","","","","imputed zero","","fob"
"475-732","R475->732",475,732,"",1950,"","","","",0,"","","","","","","imputed zero","","fob"
"475-732","475<-R732",732,475,"",1950,"","","","",,"","","","","","","not reported","","fob"
"475-740","R475->740",475,740,"",1950,"","","","",0,"","","","","","","imputed zero","","fob"
"475-740","475<-R740",740,475,"740->475",1950,"Nigeria","GPH","Japan","GPH",4071428.5,"740","NA","NA","NA","NA","NA","ok","NA","fob"
"475-750","475<-R750",750,475,"750->475",1950,"Nigeria","GPH","India","GPH",3214285.8,"750","NA","NA","NA","NA","NA","ok","NA","fob"
"475-750","R475->750",475,750,"",1950,"","","","",0,"","","","","","","imputed zero","","fob"
"475-770","R475->770",475,770,"",1950,"","","","",0,"","","","","","","imputed zero","","fob"
"475-770","475<-R770",770,475,"",1950,"","","","",0,"","","","","","","imputed zero","","fob"
"475-775","R475->775",475,775,"",1950,"","","","",0,"","","","","","","imputed zero","","fob"
"475-775","475<-R775",775,475,"",1950,"","","","",0,"","","","","","","imputed zero","","fob"
"475-780","475<-R780",780,475,"",1950,"","","","",0,"","","","","","","imputed zero","","fob"
"475-780","R475->780",475,780,"",1950,"","","","",0,"","","","","","","imputed zero","","fob"
"475-800","475<-R800",800,475,"",1950,"","","","",,"","","","","","","not reported","","fob"
"475-800","R475->800",475,800,"",1950,"","","","",0,"","","","","","","imputed zero","","fob"
"475-840","R475->840",475,840,"",1950,"","","","",0,"","","","","","","imputed zero","","fob"
"475-840","475<-R840",840,475,"",1950,"","","","",0,"","","","","","","imputed zero","","fob"
"475-850","475<-R850",850,475,"",1950,"","","","",0,"","","","","","","imputed zero","","fob"
"475-850","R475->850",475,850,"",1950,"","","","",0,"","","","","","","imputed zero","","fob"
"475-90","475<-R90",90,475,"",1950,"","","","",0,"","","","","","","imputed zero","","fob"
"475-90","R475->90",475,90,"",1950,"","","","",0,"","","","","","","imputed zero","","fob"
"475-900","475<-R900",900,475,"900->475",1950,"Nigeria","GPH","Australia","GPH",35714.285,"900","NA","NA","NA","NA","NA","ok","NA","fob"
"475-900","R475->900",475,900,"",1950,"","","","",0,"","","","","","","imputed zero","","fob"
"475-91","R475->91",475,91,"",1950,"","","","",0,"","","","","","","imputed zero","","fob"
"475-91","475<-R91",91,475,"",1950,"","","","",0,"","","","","","","imputed zero","","fob"
"475-92","R475->92",475,92,"",1950,"","","","",0,"","","","","","","imputed zero","","fob"
"475-92","475<-R92",92,475,"",1950,"","","","",0,"","","","","","","imputed zero","","fob"
"475-920","475<-R920",920,475,"",1950,"","","","",0,"","","","","","","imputed zero","","fob"
"475-920","R475->920",475,920,"",1950,"","","","",0,"","","","","","","imputed zero","","fob"
"475-93","475<-R93",93,475,"",1950,"","","","",0,"","","","","","","imputed zero","","fob"
"475-93","R475->93",475,93,"",1950,"","","","",0,"","","","","","","imputed zero","","fob"
"475-94","475<-R94",94,475,"",1950,"","","","",0,"","","","","","","imputed zero","","fob"
"475-94","R475->94",475,94,"",1950,"","","","",0,"","","","","","","imputed zero","","fob"
"475-95","475<-R95",95,475,"",1950,"","","","",0,"","","","","","","imputed zero","","fob"
"475-95","R475->95",475,95,"",1950,"","","","",0,"","","","","","","imputed zero","","fob"
"475-960","475<-R960",960,475,"",1950,"","","","",,"","","","","","","not reported","","fob"
"475-960","R475->960",475,960,"",1950,"","","","",0,"","","","","","","imputed zero","","fob"
"490-500","490<-R500",500,490,"500->490",1950,"Democratic Republic of the Congo (Zaire) (Kinshasa) (Belgian Congo) (Congo Free State)","GPH","Uganda","GPH",428571.44,"500","NA","NA","NA","NA","NA","ok","NA","fob"
"490-500","R490->500",490,500,"",1950,"","","","",0,"","","","","","","imputed zero","","fob"
"490-501","R490->501",490,501,"490->501",1950,"Kenya (British East Africa Protectorate)","GPH","Democratic Republic of the Congo (Zaire) (Kinshasa) (Belgian Congo) (Congo Free State)","GPH",464285.72,"490","NA","NA","NA","NA","NA","ok","NA","fob"
"490-501","490<-R501",501,490,"501->490",1950,"Democratic Republic of the Congo (Zaire) (Kinshasa) (Belgian Congo) (Congo Free State)","GPH","Kenya (British East Africa Protectorate)","GPH",178571.42,"501","NA","NA","NA","NA","NA","ok","NA","fob"
"490-51","490<-R51",51,490,"",1950,"","","","",0,"","","","","","","imputed zero","","fob"
"490-51","R490->51",490,51,"",1950,"","","","",0,"","","","","","","imputed zero","","fob"
"490-512","490<-R512",512,490,"512->490",1950,"Democratic Republic of the Congo (Zaire) (Kinshasa) (Belgian Congo) (Congo Free State)","GPH","Tanzania (Tanganyika)","GPH",142857.14,"512","NA","NA","NA","NA","NA","ok","NA","fob"
"490-512","R490->512",490,512,"",1950,"","","","",0,"","","","","","","imputed zero","","fob"
"490-52","490<-R52",52,490,"",1950,"","","","",0,"","","","","","","imputed zero","","fob"
"490-52","R490->52",490,52,"",1950,"","","","",0,"","","","","","","imputed zero","","fob"
"490-522","R490->522",490,522,"",1950,"","","","",0,"","","","","","","imputed zero","","fob"
"490-522","490<-R522",522,490,"",1950,"","","","",,"","","","","","","not reported","","fob"
"490-530","490<-R530",530,490,"",1950,"","","","",0,"","","","","","","imputed zero","","fob"
"490-530","R490->530",490,530,"",1950,"","","","",0,"","","","","","","imputed zero","","fob"
"490-540","490<-R540",540,490,"540->490",1950,"Democratic Republic of the Congo (Zaire) (Kinshasa) (Belgian Congo) (Congo Free State)","GPH","Angola","GPH",571428.56,"540","NA","NA","NA","NA","NA","ok","NA","fob"
"490-540","R490->540",490,540,"490->540",1950,"Angola","GPH","Democratic Republic of the Congo (Zaire) (Kinshasa) (Belgian Congo) (Congo Free State)","GPH",250000,"490","NA","NA","NA","NA","NA","ok","NA","fob"
"490-541","R490->541",490,541,"",1950,"","","","",0,"","","","","","","imputed zero","","fob"
"490-541","490<-R541",541,490,"",1950,"","","","",0,"","","","","","","imputed zero","","fob"
"490-551","490<-R551",551,490,"551->490",1950,"Democratic Republic of the Congo (Zaire) (Kinshasa) (Belgian Congo) (Congo Free State)","GPH","Zambia (Northern Rhodesia)","GPH",214285.72,"551","NA","NA","NA","NA","NA","ok","NA","fob"
"490-551","R490->551",490,551,"490->551",1950,"Zambia (Northern Rhodesia)","GPH","Democratic Republic of the Congo (Zaire) (Kinshasa) (Belgian Congo) (Congo Free State)","GPH",321428.56,"490","NA","NA","NA","NA","NA","ok","NA","fob"
"490-552","R490->552",490,552,"490->552",1950,"Zimbabwe (Rhodesia) (Southern Rhodesia)","GPH","Democratic Republic of the Congo (Zaire) (Kinshasa) (Belgian Congo) (Congo Free State)","GPH",392857.16,"490","NA","NA","NA","NA","NA","ok","NA","fob"
"490-552","490<-R552",552,490,"",1950,"","","","",0,"","","","","","","imputed zero","","fob"
"490-560","490<-R560",560,490,"",1950,"","","","",,"","","","","","","not reported","","fob"
"490-560","R490->560",490,560,"490->560",1950,"South Africa","GPH","Democratic Republic of the Congo (Zaire) (Kinshasa) (Belgian Congo) (Congo Free State)","GPH",2285714.3,"490","NA","NA","NA","NA","NA","ok","NA","fob"
"490-580","490<-R580",580,490,"",1950,"","","","",0,"","","","","","","imputed zero","","fob"
"490-580","R490->580",490,580,"",1950,"","","","",0,"","","","","","","imputed zero","","fob"
"490-600","R490->600",490,600,"",1950,"","","","",0,"","","","","","","imputed zero","","fob"
"490-600","490<-R600",600,490,"",1950,"","","","",0,"","","","","","","imputed zero","","fob"
"490-615","490<-R615",615,490,"",1950,"","","","",0,"","","","","","","imputed zero","","fob"
"490-615","R490->615",490,615,"",1950,"","","","",0,"","","","","","","imputed zero","","fob"
"490-616","R490->616",490,616,"",1950,"","","","",0,"","","","","","","imputed zero","","fob"
"490-616","490<-R616",616,490,"",1950,"","","","",0,"","","","","","","imputed zero","","fob"
"490-625","R490->625",490,625,"490->625",1950,"Sudan (Anglo-Egyptian Sudan) (Mahdist State)","GPH","Democratic Republic of the Congo (Zaire) (Kinshasa) (Belgian Congo) (Congo Free State)","GPH",142857.14,"490","NA","NA","NA","NA","NA","ok","NA","fob"
"490-625","490<-R625",625,490,"625->490",1950,"Democratic Republic of the Congo (Zaire) (Kinshasa) (Belgian Congo) (Congo Free State)","GPH","Sudan (Anglo-Egyptian Sudan) (Mahdist State)","GPH",35714.285,"625","NA","NA","NA","NA","NA","ok","NA","fob"
"490-630","R490->630",490,630,"",1950,"","","","",0,"","","","","","","imputed zero","","fob"
"490-630","490<-R630",630,490,"",1950,"","","","",,"","","","","","","not reported","","fob"
"490-640","R490->640",490,640,"",1950,"","","","",0,"","","","","","","imputed zero","","fob"
"490-640","490<-R640",640,490,"",1950,"","","","",0,"","","","","","","imputed zero","","fob"
"490-645","490<-R645",645,490,"",1950,"","","","",0,"","","","","","","imputed zero","","fob"
"490-645","R490->645",490,645,"",1950,"","","","",0,"","","","","","","imputed zero","","fob"
"490-651","490<-R651",651,490,"",1950,"","","","",0,"","","","","","","imputed zero","","fob"
"490-651","R490->651",490,651,"",1950,"","","","",0,"","","","","","","imputed zero","","fob"
"490-652","R490->652",490,652,"",1950,"","","","",0,"","","","","","","imputed zero","","fob"
"490-652","490<-R652",652,490,"",1950,"","","","",0,"","","","","","","imputed zero","","fob"
"490-660","490<-R660",660,490,"",1950,"","","","",0,"","","","","","","imputed zero","","fob"
"490-660","R490->660",490,660,"",1950,"","","","",0,"","","","","","","imputed zero","","fob"
"490-666","490<-R666",666,490,"",1950,"","","","",0,"","","","","","","imputed zero","","fob"
"490-666","R490->666",490,666,"",1950,"","","","",0,"","","","","","","imputed zero","","fob"
"490-670","R490->670",490,670,"",1950,"","","","",0,"","","","","","","imputed zero","","fob"
"490-670","490<-R670",670,490,"",1950,"","","","",,"","","","","","","not reported","","fob"
"490-68","490<-R68",68,490,"",1950,"","","","",,"","","","","","","not reported","","fob"
"490-68","R490->68",490,68,"",1950,"","","","",0,"","","","","","","imputed zero","","fob"
"490-70","R490->70",490,70,"",1950,"","","","",0,"","","","","","","imputed zero","","fob"
"490-70","490<-R70",70,490,"70->490",1950,"Democratic Republic of the Congo (Zaire) (Kinshasa) (Belgian Congo) (Congo Free State)","GPH","Mexico","GPH",35714.285,"70","NA","NA","NA","NA","NA","ok","NA","fob"
"490-710","R490->710",490,710,"",1950,"","","","",0,"","","","","","","imputed zero","","fob"
"490-710","490<-R710",710,490,"",1950,"","","","",,"","","","","","","not reported","","fob"
"490-713","R490->713",490,713,"",1950,"","","","",0,"","","","","","","imputed zero","","fob"
"490-713","490<-R713",713,490,"",1950,"","","","",,"","","","","","","not reported","","fob"
"490-720","490<-R720",720,490,"",1950,"","","","",0,"","","","","","","imputed zero","","fob"
"490-720","R490->720",490,720,"",1950,"","","","",0,"","","","","","","imputed zero","","fob"
"490-732","R490->732",490,732,"",1950,"","","","",0,"","","","","","","imputed zero","","fob"
"490-732","490<-R732",732,490,"",1950,"","","","",,"","","","","","","not reported","","fob"
"490-740","R490->740",490,740,"490->740",1950,"Japan","GPH","Democratic Republic of the Congo (Zaire) (Kinshasa) (Belgian Congo) (Congo Free State)","GPH",392857.16,"490","NA","NA","NA","NA","NA","ok","NA","fob"
"490-740","490<-R740",740,490,"740->490",1950,"Democratic Republic of the Congo (Zaire) (Kinshasa) (Belgian Congo) (Congo Free State)","GPH","Japan","GPH",1428571.4,"740","NA","NA","NA","NA","NA","ok","NA","fob"
"490-750","490<-R750",750,490,"750->490",1950,"Democratic Republic of the Congo (Zaire) (Kinshasa) (Belgian Congo) (Congo Free State)","GPH","India","GPH",214285.72,"750","NA","NA","NA","NA","NA","ok","NA","fob"
"490-750","R490->750",490,750,"490->750",1950,"India","GPH","Democratic Republic of the Congo (Zaire) (Kinshasa) (Belgian Congo) (Congo Free State)","GPH",857142.88,"490","NA","NA","NA","NA","NA","ok","NA","fob"
"490-770","R490->770",490,770,"",1950,"","","","",0,"","","","","","","imputed zero","","fob"
"490-770","490<-R770",770,490,"",1950,"","","","",0,"","","","","","","imputed zero","","fob"
"490-775","490<-R775",775,490,"",1950,"","","","",0,"","","","","","","imputed zero","","fob"
"490-775","R490->775",490,775,"",1950,"","","","",0,"","","","","","","imputed zero","","fob"
"490-780","490<-R780",780,490,"",1950,"","","","",0,"","","","","","","imputed zero","","fob"
"490-780","R490->780",490,780,"",1950,"","","","",0,"","","","","","","imputed zero","","fob"
"490-800","490<-R800",800,490,"",1950,"","","","",,"","","","","","","not reported","","fob"
"490-800","R490->800",490,800,"",1950,"","","","",0,"","","","","","","imputed zero","","fob"
"490-840","R490->840",490,840,"",1950,"","","","",0,"","","","","","","imputed zero","","fob"
"490-840","490<-R840",840,490,"",1950,"","","","",0,"","","","","","","imputed zero","","fob"
"490-850","R490->850",490,850,"",1950,"","","","",0,"","","","","","","imputed zero","","fob"
"490-850","490<-R850",850,490,"",1950,"","","","",0,"","","","","","","imputed zero","","fob"
"490-90","490<-R90",90,490,"",1950,"","","","",0,"","","","","","","imputed zero","","fob"
"490-90","R490->90",490,90,"",1950,"","","","",0,"","","","","","","imputed zero","","fob"
"490-900","R490->900",490,900,"490->900",1950,"Australia","GPH","Democratic Republic of the Congo (Zaire) (Kinshasa) (Belgian Congo) (Congo Free State)","GPH",750000,"490","NA","NA","NA","NA","NA","ok","NA","fob"
"490-900","490<-R900",900,490,"900->490",1950,"Democratic Republic of the Congo (Zaire) (Kinshasa) (Belgian Congo) (Congo Free State)","GPH","Australia","GPH",35714.285,"900","NA","NA","NA","NA","NA","ok","NA","fob"
"490-91","490<-R91",91,490,"",1950,"","","","",0,"","","","","","","imputed zero","","fob"
"490-91","R490->91",490,91,"",1950,"","","","",0,"","","","","","","imputed zero","","fob"
"490-92","R490->92",490,92,"",1950,"","","","",0,"","","","","","","imputed zero","","fob"
"490-92","490<-R92",92,490,"",1950,"","","","",0,"","","","","","","imputed zero","","fob"
"490-920","R490->920",490,920,"",1950,"","","","",0,"","","","","","","imputed zero","","fob"
"490-920","490<-R920",920,490,"",1950,"","","","",0,"","","","","","","imputed zero","","fob"
"490-93","R490->93",490,93,"",1950,"","","","",0,"","","","","","","imputed zero","","fob"
"490-93","490<-R93",93,490,"",1950,"","","","",0,"","","","","","","imputed zero","","fob"
"490-94","490<-R94",94,490,"",1950,"","","","",0,"","","","","","","imputed zero","","fob"
"490-94","R490->94",490,94,"",1950,"","","","",0,"","","","","","","imputed zero","","fob"
"490-95","R490->95",490,95,"",1950,"","","","",0,"","","","","","","imputed zero","","fob"
"490-95","490<-R95",95,490,"",1950,"","","","",0,"","","","","","","imputed zero","","fob"
"490-960","R490->960",490,960,"",1950,"","","","",0,"","","","","","","imputed zero","","fob"
"490-960","490<-R960",960,490,"",1950,"","","","",,"","","","","","","not reported","","fob"
"500-501","R500->501",500,501,"",1950,"","","","",0,"","","","","","","imputed zero","","fob"
"500-501","500<-R501",501,500,"",1950,"","","","",0,"","","","","","","imputed zero","","fob"
"500-51","500<-R51",51,500,"",1950,"","","","",0,"","","","","","","imputed zero","","fob"
"500-51","R500->51",500,51,"",1950,"","","","",0,"","","","","","","imputed zero","","fob"
"500-512","500<-R512",512,500,"",1950,"","","","",0,"","","","","","","imputed zero","","fob"
"500-512","R500->512",500,512,"",1950,"","","","",0,"","","","","","","imputed zero","","fob"
"500-52","500<-R52",52,500,"",1950,"","","","",0,"","","","","","","imputed zero","","fob"
"500-52","R500->52",500,52,"",1950,"","","","",0,"","","","","","","imputed zero","","fob"
"500-522","500<-R522",522,500,"",1950,"","","","",,"","","","","","","not reported","","fob"
"500-522","R500->522",500,522,"",1950,"","","","",0,"","","","","","","imputed zero","","fob"
"500-530","500<-R530",530,500,"",1950,"","","","",0,"","","","","","","imputed zero","","fob"
"500-530","R500->530",500,530,"500->530",1950,"Ethiopia (Abyssinia)","GPH","Uganda","GPH",35714.285,"500","NA","NA","NA","NA","NA","ok","NA","fob"
"500-540","R500->540",500,540,"",1950,"","","","",0,"","","","","","","imputed zero","","fob"
"500-540","500<-R540",540,500,"",1950,"","","","",0,"","","","","","","imputed zero","","fob"
"500-541","500<-R541",541,500,"",1950,"","","","",0,"","","","","","","imputed zero","","fob"
"500-541","R500->541",500,541,"500->541",1950,"Mozambique (Portuguese East Africa)","GPH","Uganda","GPH",35714.285,"500","NA","NA","NA","NA","NA","ok","NA","fob"
"500-551","R500->551",500,551,"",1950,"","","","",0,"","","","","","","imputed zero","","fob"
"500-551","500<-R551",551,500,"",1950,"","","","",0,"","","","","","","imputed zero","","fob"
"500-552","R500->552",500,552,"500->552",1950,"Zimbabwe (Rhodesia) (Southern Rhodesia)","GPH","Uganda","GPH",250000,"500","NA","NA","NA","NA","NA","ok","NA","fob"
"500-552","500<-R552",552,500,"",1950,"","","","",0,"","","","","","","imputed zero","","fob"
"500-560","R500->560",500,560,"500->560",1950,"South Africa","GPH","Uganda","GPH",1357142.9,"500","NA","NA","NA","NA","NA","ok","NA","fob"
"500-560","500<-R560",560,500,"",1950,"","","","",,"","","","","","","not reported","","fob"
"500-580","R500->580",500,580,"",1950,"","","","",0,"","","","","","","imputed zero","","fob"
"500-580","500<-R580",580,500,"",1950,"","","","",0,"","","","","","","imputed zero","","fob"
"500-600","500<-R600",600,500,"",1950,"","","","",0,"","","","","","","imputed zero","","fob"
"500-600","R500->600",500,600,"",1950,"","","","",0,"","","","","","","imputed zero","","fob"
"500-615","R500->615",500,615,"",1950,"","","","",0,"","","","","","","imputed zero","","fob"
"500-615","500<-R615",615,500,"",1950,"","","","",0,"","","","","","","imputed zero","","fob"
"500-616","500<-R616",616,500,"",1950,"","","","",0,"","","","","","","imputed zero","","fob"
"500-616","R500->616",500,616,"",1950,"","","","",0,"","","","","","","imputed zero","","fob"
"500-625","R500->625",500,625,"500->625",1950,"Sudan (Anglo-Egyptian Sudan) (Mahdist State)","GPH","Uganda","GPH",178571.42,"500","NA","NA","NA","NA","NA","ok","NA","fob"
"500-625","500<-R625",625,500,"",1950,"","","","",0,"","","","","","","imputed zero","","fob"
"500-630","R500->630",500,630,"",1950,"","","","",0,"","","","","","","imputed zero","","fob"
"500-630","500<-R630",630,500,"",1950,"","","","",,"","","","","","","not reported","","fob"
"500-640","R500->640",500,640,"",1950,"","","","",0,"","","","","","","imputed zero","","fob"
"500-640","500<-R640",640,500,"",1950,"","","","",0,"","","","","","","imputed zero","","fob"
"500-645","500<-R645",645,500,"",1950,"","","","",0,"","","","","","","imputed zero","","fob"
"500-645","R500->645",500,645,"500->645",1950,"Iraq (Mesopotamia)","GPH","Uganda","GPH",35714.285,"500","NA","NA","NA","NA","NA","ok","NA","fob"
"500-651","R500->651",500,651,"500->651",1950,"Egypt Arab Republic (Egypt)","GPH","Uganda","GPH",178571.42,"500","NA","NA","NA","NA","NA","ok","NA","fob"
"500-651","500<-R651",651,500,"",1950,"","","","",0,"","","","","","","imputed zero","","fob"
"500-652","500<-R652",652,500,"",1950,"","","","",0,"","","","","","","imputed zero","","fob"
"500-652","R500->652",500,652,"500->652",1950,"Syria","GPH","Uganda","GPH",35714.285,"500","NA","NA","NA","NA","NA","ok","NA","fob"
"500-660","R500->660",500,660,"",1950,"","","","",0,"","","","","","","imputed zero","","fob"
"500-660","500<-R660",660,500,"",1950,"","","","",0,"","","","","","","imputed zero","","fob"
"500-666","500<-R666",666,500,"",1950,"","","","",0,"","","","","","","imputed zero","","fob"
"500-666","R500->666",500,666,"",1950,"","","","",0,"","","","","","","imputed zero","","fob"
"500-670","500<-R670",670,500,"",1950,"","","","",,"","","","","","","not reported","","fob"
"500-670","R500->670",500,670,"500->670",1950,"Saudi Arabia (Emirate of Nejd) (Emirate of Diriyah)","GPH","Uganda","GPH",35714.285,"500","NA","NA","NA","NA","NA","ok","NA","fob"
"500-68","R500->68",500,68,"",1950,"","","","",0,"","","","","","","imputed zero","","fob"
"500-68","500<-R68",68,500,"",1950,"","","","",,"","","","","","","not reported","","fob"
"500-70","500<-R70",70,500,"",1950,"","","","",0,"","","","","","","imputed zero","","fob"
"500-70","R500->70",500,70,"",1950,"","","","",0,"","","","","","","imputed zero","","fob"
"500-710","R500->710",500,710,"",1950,"","","","",0,"","","","","","","imputed zero","","fob"
"500-710","500<-R710",710,500,"",1950,"","","","",,"","","","","","","not reported","","fob"
"500-713","500<-R713",713,500,"",1950,"","","","",,"","","","","","","not reported","","fob"
"500-713","R500->713",500,713,"",1950,"","","","",0,"","","","","","","imputed zero","","fob"
"500-720","500<-R720",720,500,"",1950,"","","","",0,"","","","","","","imputed zero","","fob"
"500-720","R500->720",500,720,"",1950,"","","","",0,"","","","","","","imputed zero","","fob"
"500-732","500<-R732",732,500,"",1950,"","","","",,"","","","","","","not reported","","fob"
"500-732","R500->732",500,732,"",1950,"","","","",0,"","","","","","","imputed zero","","fob"
"500-740","R500->740",500,740,"500->740",1950,"Japan","GPH","Uganda","GPH",321428.56,"500","NA","NA","NA","NA","NA","ok","NA","fob"
"500-740","500<-R740",740,500,"",1950,"","","","",0,"","","","","","","imputed zero","","fob"
"500-750","R500->750",500,750,"500->750",1950,"India","GPH","Uganda","GPH",10571429,"500","NA","NA","NA","NA","NA","ok","NA","fob"
"500-750","500<-R750",750,500,"",1950,"","","","",0,"","","","","","","imputed zero","","fob"
"500-770","500<-R770",770,500,"",1950,"","","","",0,"","","","","","","imputed zero","","fob"
"500-770","R500->770",500,770,"500->770",1950,"Pakistan","GPH","Uganda","GPH",71428.57,"500","NA","NA","NA","NA","NA","ok","NA","fob"
"500-775","R500->775",500,775,"",1950,"","","","",0,"","","","","","","imputed zero","","fob"
"500-775","500<-R775",775,500,"",1950,"","","","",0,"","","","","","","imputed zero","","fob"
"500-780","500<-R780",780,500,"",1950,"","","","",0,"","","","","","","imputed zero","","fob"
"500-780","R500->780",500,780,"500->780",1950,"Sri Lanka (Ceylon)","GPH","Uganda","GPH",178571.42,"500","NA","NA","NA","NA","NA","ok","NA","fob"
"500-800","500<-R800",800,500,"",1950,"","","","",,"","","","","","","not reported","","fob"
"500-800","R500->800",500,800,"",1950,"","","","",0,"","","","","","","imputed zero","","fob"
"500-840","500<-R840",840,500,"",1950,"","","","",0,"","","","","","","imputed zero","","fob"
"500-840","R500->840",500,840,"",1950,"","","","",0,"","","","","","","imputed zero","","fob"
"500-850","R500->850",500,850,"",1950,"","","","",0,"","","","","","","imputed zero","","fob"
"500-850","500<-R850",850,500,"",1950,"","","","",0,"","","","","","","imputed zero","","fob"
"500-90","500<-R90",90,500,"",1950,"","","","",0,"","","","","","","imputed zero","","fob"
"500-90","R500->90",500,90,"",1950,"","","","",0,"","","","","","","imputed zero","","fob"
"500-900","500<-R900",900,500,"",1950,"","","","",0,"","","","","","","imputed zero","","fob"
"500-900","R500->900",500,900,"500->900",1950,"Australia","GPH","Uganda","GPH",285714.28,"500","NA","NA","NA","NA","NA","ok","NA","fob"
"500-91","R500->91",500,91,"",1950,"","","","",0,"","","","","","","imputed zero","","fob"
"500-91","500<-R91",91,500,"",1950,"","","","",0,"","","","","","","imputed zero","","fob"
"500-92","500<-R92",92,500,"",1950,"","","","",0,"","","","","","","imputed zero","","fob"
"500-92","R500->92",500,92,"",1950,"","","","",0,"","","","","","","imputed zero","","fob"
"500-920","500<-R920",920,500,"",1950,"","","","",0,"","","","","","","imputed zero","","fob"
"500-920","R500->920",500,920,"500->920",1950,"New Zealand","GPH","Uganda","GPH",35714.285,"500","NA","NA","NA","NA","NA","ok","NA","fob"
"500-93","R500->93",500,93,"",1950,"","","","",0,"","","","","","","imputed zero","","fob"
"500-93","500<-R93",93,500,"",1950,"","","","",0,"","","","","","","imputed zero","","fob"
"500-94","R500->94",500,94,"",1950,"","","","",0,"","","","","","","imputed zero","","fob"
"500-94","500<-R94",94,500,"",1950,"","","","",0,"","","","","","","imputed zero","","fob"
"500-95","500<-R95",95,500,"",1950,"","","","",0,"","","","","","","imputed zero","","fob"
"500-95","R500->95",500,95,"",1950,"","","","",0,"","","","","","","imputed zero","","fob"
"500-960","500<-R960",960,500,"",1950,"","","","",,"","","","","","","not reported","","fob"
"500-960","R500->960",500,960,"",1950,"","","","",0,"","","","","","","imputed zero","","fob"
"501-51","R501->51",501,51,"",1950,"","","","",0,"","","","","","","imputed zero","","fob"
"501-51","501<-R51",51,501,"",1950,"","","","",0,"","","","","","","imputed zero","","fob"
"501-512","R501->512",501,512,"",1950,"","","","",0,"","","","","","","imputed zero","","fob"
"501-512","501<-R512",512,501,"",1950,"","","","",0,"","","","","","","imputed zero","","fob"
"501-52","501<-R52",52,501,"",1950,"","","","",0,"","","","","","","imputed zero","","fob"
"501-52","R501->52",501,52,"",1950,"","","","",0,"","","","","","","imputed zero","","fob"
"501-522","501<-R522",522,501,"",1950,"","","","",,"","","","","","","not reported","","fob"
"501-522","R501->522",501,522,"",1950,"","","","",0,"","","","","","","imputed zero","","fob"
"501-530","501<-R530",530,501,"",1950,"","","","",0,"","","","","","","imputed zero","","fob"
"501-530","R501->530",501,530,"",1950,"","","","",0,"","","","","","","imputed zero","","fob"
"501-540","R501->540",501,540,"",1950,"","","","",0,"","","","","","","imputed zero","","fob"
"501-540","501<-R540",540,501,"",1950,"","","","",0,"","","","","","","imputed zero","","fob"
"501-541","R501->541",501,541,"",1950,"","","","",0,"","","","","","","imputed zero","","fob"
"501-541","501<-R541",541,501,"",1950,"","","","",0,"","","","","","","imputed zero","","fob"
"501-551","R501->551",501,551,"",1950,"","","","",0,"","","","","","","imputed zero","","fob"
"501-551","501<-R551",551,501,"",1950,"","","","",0,"","","","","","","imputed zero","","fob"
"501-552","501<-R552",552,501,"552->501",1950,"Kenya (British East Africa Protectorate)","GPH","Zimbabwe (Rhodesia) (Southern Rhodesia)","GPH",107142.86,"552","NA","NA","NA","NA","NA","ok","NA","fob"
"501-552","R501->552",501,552,"501->552",1950,"Zimbabwe (Rhodesia) (Southern Rhodesia)","GPH","Kenya (British East Africa Protectorate)","GPH",35714.285,"501","NA","NA","NA","NA","NA","ok","NA","fob"
"501-560","R501->560",501,560,"501->560",1950,"South Africa","GPH","Kenya (British East Africa Protectorate)","GPH",928571.44,"501","NA","NA","NA","NA","NA","ok","NA","fob"
"501-560","501<-R560",560,501,"",1950,"","","","",,"","","","","","","not reported","","fob"
"501-580","R501->580",501,580,"",1950,"","","","",0,"","","","","","","imputed zero","","fob"
"501-580","501<-R580",580,501,"",1950,"","","","",0,"","","","","","","imputed zero","","fob"
"501-600","R501->600",501,600,"",1950,"","","","",0,"","","","","","","imputed zero","","fob"
"501-600","501<-R600",600,501,"",1950,"","","","",0,"","","","","","","imputed zero","","fob"
"501-615","R501->615",501,615,"",1950,"","","","",0,"","","","","","","imputed zero","","fob"
"501-615","501<-R615",615,501,"",1950,"","","","",0,"","","","","","","imputed zero","","fob"
"501-616","R501->616",501,616,"",1950,"","","","",0,"","","","","","","imputed zero","","fob"
"501-616","501<-R616",616,501,"",1950,"","","","",0,"","","","","","","imputed zero","","fob"
"501-625","501<-R625",625,501,"625->501",1950,"Kenya (British East Africa Protectorate)","GPH","Sudan (Anglo-Egyptian Sudan) (Mahdist State)","GPH",35714.285,"625","NA","NA","NA","NA","NA","ok","NA","fob"
"501-625","R501->625",501,625,"501->625",1950,"Sudan (Anglo-Egyptian Sudan) (Mahdist State)","GPH","Kenya (British East Africa Protectorate)","GPH",250000,"501","NA","NA","NA","NA","NA","ok","NA","fob"
"501-630","R501->630",501,630,"501->630",1950,"Iran (Persia)","GPH","Kenya (British East Africa Protectorate)","GPH",35714.285,"501","NA","NA","NA","NA","NA","ok","NA","fob"
"501-630","501<-R630",630,501,"",1950,"","","","",,"","","","","","","not reported","","fob"
"501-640","501<-R640",640,501,"",1950,"","","","",0,"","","","","","","imputed zero","","fob"
"501-640","R501->640",501,640,"",1950,"","","","",0,"","","","","","","imputed zero","","fob"
"501-645","R501->645",501,645,"501->645",1950,"Iraq (Mesopotamia)","GPH","Kenya (British East Africa Protectorate)","GPH",35714.285,"501","NA","NA","NA","NA","NA","ok","NA","fob"
"501-645","501<-R645",645,501,"",1950,"","","","",0,"","","","","","","imputed zero","","fob"
"501-651","R501->651",501,651,"501->651",1950,"Egypt Arab Republic (Egypt)","GPH","Kenya (British East Africa Protectorate)","GPH",35714.285,"501","NA","NA","NA","NA","NA","ok","NA","fob"
"501-651","501<-R651",651,501,"",1950,"","","","",0,"","","","","","","imputed zero","","fob"
"501-652","R501->652",501,652,"501->652",1950,"Syria","GPH","Kenya (British East Africa Protectorate)","GPH",35714.285,"501","NA","NA","NA","NA","NA","ok","NA","fob"
"501-652","501<-R652",652,501,"",1950,"","","","",0,"","","","","","","imputed zero","","fob"
"501-660","R501->660",501,660,"",1950,"","","","",0,"","","","","","","imputed zero","","fob"
"501-660","501<-R660",660,501,"",1950,"","","","",0,"","","","","","","imputed zero","","fob"
"501-666","R501->666",501,666,"",1950,"","","","",0,"","","","","","","imputed zero","","fob"
"501-666","501<-R666",666,501,"",1950,"","","","",0,"","","","","","","imputed zero","","fob"
"501-670","501<-R670",670,501,"",1950,"","","","",,"","","","","","","not reported","","fob"
"501-670","R501->670",501,670,"",1950,"","","","",0,"","","","","","","imputed zero","","fob"
"501-68","501<-R68",68,501,"",1950,"","","","",,"","","","","","","not reported","","fob"
"501-68","R501->68",501,68,"",1950,"","","","",0,"","","","","","","imputed zero","","fob"
"501-70","501<-R70",70,501,"",1950,"","","","",0,"","","","","","","imputed zero","","fob"
"501-70","R501->70",501,70,"",1950,"","","","",0,"","","","","","","imputed zero","","fob"
"501-710","R501->710",501,710,"",1950,"","","","",0,"","","","","","","imputed zero","","fob"
"501-710","501<-R710",710,501,"",1950,"","","","",,"","","","","","","not reported","","fob"
"501-713","R501->713",501,713,"",1950,"","","","",0,"","","","","","","imputed zero","","fob"
"501-713","501<-R713",713,501,"",1950,"","","","",,"","","","","","","not reported","","fob"
"501-720","R501->720",501,720,"501->720",1950,"Hong Kong","GPH","Kenya (British East Africa Protectorate)","GPH",35714.285,"501","NA","NA","NA","NA","NA","ok","NA","fob"
"501-720","501<-R720",720,501,"",1950,"","","","",0,"","","","","","","imputed zero","","fob"
"501-732","501<-R732",732,501,"",1950,"","","","",,"","","","","","","not reported","","fob"
"501-732","R501->732",501,732,"",1950,"","","","",0,"","","","","","","imputed zero","","fob"
"501-740","501<-R740",740,501,"740->501",1950,"Kenya (British East Africa Protectorate)","GPH","Japan","GPH",2071428.6,"740","NA","NA","NA","NA","NA","ok","NA","fob"
"501-740","R501->740",501,740,"501->740",1950,"Japan","GPH","Kenya (British East Africa Protectorate)","GPH",107142.86,"501","NA","NA","NA","NA","NA","ok","NA","fob"
"501-750","R501->750",501,750,"501->750",1950,"India","GPH","Kenya (British East Africa Protectorate)","GPH",892857.13,"501","NA","NA","NA","NA","NA","ok","NA","fob"
"501-750","501<-R750",750,501,"750->501",1950,"Kenya (British East Africa Protectorate)","GPH","India","GPH",4857143,"750","NA","NA","NA","NA","NA","ok","NA","fob"
"501-770","R501->770",501,770,"501->770",1950,"Pakistan","GPH","Kenya (British East Africa Protectorate)","GPH",35714.285,"501","NA","NA","NA","NA","NA","ok","NA","fob"
"501-770","501<-R770",770,501,"",1950,"","","","",0,"","","","","","","imputed zero","","fob"
"501-775","501<-R775",775,501,"",1950,"","","","",0,"","","","","","","imputed zero","","fob"
"501-775","R501->775",501,775,"",1950,"","","","",0,"","","","","","","imputed zero","","fob"
"501-780","501<-R780",780,501,"",1950,"","","","",0,"","","","","","","imputed zero","","fob"
"501-780","R501->780",501,780,"",1950,"","","","",0,"","","","","","","imputed zero","","fob"
"501-800","R501->800",501,800,"",1950,"","","","",0,"","","","","","","imputed zero","","fob"
"501-800","501<-R800",800,501,"",1950,"","","","",,"","","","","","","not reported","","fob"
"501-840","501<-R840",840,501,"",1950,"","","","",0,"","","","","","","imputed zero","","fob"
"501-840","R501->840",501,840,"",1950,"","","","",0,"","","","","","","imputed zero","","fob"
"501-850","R501->850",501,850,"",1950,"","","","",0,"","","","","","","imputed zero","","fob"
"501-850","501<-R850",850,501,"",1950,"","","","",0,"","","","","","","imputed zero","","fob"
"501-90","501<-R90",90,501,"",1950,"","","","",0,"","","","","","","imputed zero","","fob"
"501-90","R501->90",501,90,"",1950,"","","","",0,"","","","","","","imputed zero","","fob"
"501-900","R501->900",501,900,"501->900",1950,"Australia","GPH","Kenya (British East Africa Protectorate)","GPH",678571.44,"501","NA","NA","NA","NA","NA","ok","NA","fob"
"501-900","501<-R900",900,501,"900->501",1950,"Kenya (British East Africa Protectorate)","GPH","Australia","GPH",178571.42,"900","NA","NA","NA","NA","NA","ok","NA","fob"
"501-91","501<-R91",91,501,"",1950,"","","","",0,"","","","","","","imputed zero","","fob"
"501-91","R501->91",501,91,"",1950,"","","","",0,"","","","","","","imputed zero","","fob"
"501-92","501<-R92",92,501,"",1950,"","","","",0,"","","","","","","imputed zero","","fob"
"501-92","R501->92",501,92,"",1950,"","","","",0,"","","","","","","imputed zero","","fob"
"501-920","501<-R920",920,501,"",1950,"","","","",0,"","","","","","","imputed zero","","fob"
"501-920","R501->920",501,920,"501->920",1950,"New Zealand","GPH","Kenya (British East Africa Protectorate)","GPH",71428.57,"501","NA","NA","NA","NA","NA","ok","NA","fob"
"501-93","R501->93",501,93,"",1950,"","","","",0,"","","","","","","imputed zero","","fob"
"501-93","501<-R93",93,501,"",1950,"","","","",0,"","","","","","","imputed zero","","fob"
"501-94","501<-R94",94,501,"",1950,"","","","",0,"","","","","","","imputed zero","","fob"
"501-94","R501->94",501,94,"",1950,"","","","",0,"","","","","","","imputed zero","","fob"
"501-95","501<-R95",95,501,"",1950,"","","","",0,"","","","","","","imputed zero","","fob"
"501-95","R501->95",501,95,"",1950,"","","","",0,"","","","","","","imputed zero","","fob"
"501-960","R501->960",501,960,"",1950,"","","","",0,"","","","","","","imputed zero","","fob"
"501-960","501<-R960",960,501,"",1950,"","","","",,"","","","","","","not reported","","fob"
"51-512","R51->512",51,512,"",1950,"","","","",0,"","","","","","","imputed zero","","fob"
"51-512","51<-R512",512,51,"",1950,"","","","",0,"","","","","","","imputed zero","","fob"
"51-52","51<-R52",52,51,"",1950,"","","","",0,"","","","","","","imputed zero","","fob"
"51-52","R51->52",51,52,"51->52",1950,"Trinidad and Tobago","GPH","Jamaica","GPH",142857.14,"51","NA","NA","NA","NA","NA","ok","NA","fob"
"51-522","R51->522",51,522,"",1950,"","","","",0,"","","","","","","imputed zero","","fob"
"51-522","51<-R522",522,51,"",1950,"","","","",,"","","","","","","not reported","","fob"
"51-530","51<-R530",530,51,"",1950,"","","","",0,"","","","","","","imputed zero","","fob"
"51-530","R51->530",51,530,"",1950,"","","","",0,"","","","","","","imputed zero","","fob"
"51-540","R51->540",51,540,"",1950,"","","","",0,"","","","","","","imputed zero","","fob"
"51-540","51<-R540",540,51,"",1950,"","","","",0,"","","","","","","imputed zero","","fob"
"51-541","51<-R541",541,51,"",1950,"","","","",0,"","","","","","","imputed zero","","fob"
"51-541","R51->541",51,541,"",1950,"","","","",0,"","","","","","","imputed zero","","fob"
"51-551","51<-R551",551,51,"",1950,"","","","",0,"","","","","","","imputed zero","","fob"
"51-551","R51->551",51,551,"",1950,"","","","",0,"","","","","","","imputed zero","","fob"
"51-552","R51->552",51,552,"",1950,"","","","",0,"","","","","","","imputed zero","","fob"
"51-552","51<-R552",552,51,"",1950,"","","","",0,"","","","","","","imputed zero","","fob"
"51-560","R51->560",51,560,"",1950,"","","","",0,"","","","","","","imputed zero","","fob"
"51-560","51<-R560",560,51,"",1950,"","","","",,"","","","","","","not reported","","fob"
"51-580","51<-R580",580,51,"",1950,"","","","",0,"","","","","","","imputed zero","","fob"
"51-580","R51->580",51,580,"",1950,"","","","",0,"","","","","","","imputed zero","","fob"
"51-600","R51->600",51,600,"",1950,"","","","",0,"","","","","","","imputed zero","","fob"
"51-600","51<-R600",600,51,"",1950,"","","","",0,"","","","","","","imputed zero","","fob"
"51-615","R51->615",51,615,"",1950,"","","","",0,"","","","","","","imputed zero","","fob"
"51-615","51<-R615",615,51,"",1950,"","","","",0,"","","","","","","imputed zero","","fob"
"51-616","R51->616",51,616,"",1950,"","","","",0,"","","","","","","imputed zero","","fob"
"51-616","51<-R616",616,51,"",1950,"","","","",0,"","","","","","","imputed zero","","fob"
"51-625","R51->625",51,625,"",1950,"","","","",0,"","","","","","","imputed zero","","fob"
"51-625","51<-R625",625,51,"",1950,"","","","",0,"","","","","","","imputed zero","","fob"
"51-630","51<-R630",630,51,"",1950,"","","","",,"","","","","","","not reported","","fob"
"51-630","R51->630",51,630,"",1950,"","","","",0,"","","","","","","imputed zero","","fob"
"51-640","51<-R640",640,51,"",1950,"","","","",0,"","","","","","","imputed zero","","fob"
"51-640","R51->640",51,640,"",1950,"","","","",0,"","","","","","","imputed zero","","fob"
"51-645","51<-R645",645,51,"",1950,"","","","",0,"","","","","","","imputed zero","","fob"
"51-645","R51->645",51,645,"",1950,"","","","",0,"","","","","","","imputed zero","","fob"
"51-651","R51->651",51,651,"",1950,"","","","",0,"","","","","","","imputed zero","","fob"
"51-651","51<-R651",651,51,"",1950,"","","","",0,"","","","","","","imputed zero","","fob"
"51-652","51<-R652",652,51,"",1950,"","","","",0,"","","","","","","imputed zero","","fob"
"51-652","R51->652",51,652,"",1950,"","","","",0,"","","","","","","imputed zero","","fob"
"51-660","51<-R660",660,51,"",1950,"","","","",0,"","","","","","","imputed zero","","fob"
"51-660","R51->660",51,660,"",1950,"","","","",0,"","","","","","","imputed zero","","fob"
"51-666","51<-R666",666,51,"",1950,"","","","",0,"","","","","","","imputed zero","","fob"
"51-666","R51->666",51,666,"",1950,"","","","",0,"","","","","","","imputed zero","","fob"
"51-670","R51->670",51,670,"",1950,"","","","",0,"","","","","","","imputed zero","","fob"
"51-670","51<-R670",670,51,"",1950,"","","","",,"","","","","","","not reported","","fob"
"51-68","R51->68",51,68,"51->68",1950,"Netherlands Antilles","GPH","Jamaica","GPH",35714.285,"51","NA","NA","NA","NA","NA","ok","NA","fob"
"51-68","51<-R68",68,51,"",1950,"","","","",,"","","","","","","not reported","","fob"
"51-70","R51->70",51,70,"",1950,"","","","",0,"","","","","","","imputed zero","","fob"
"51-70","51<-R70",70,51,"",1950,"","","","",0,"","","","","","","imputed zero","","fob"
"51-710","R51->710",51,710,"",1950,"","","","",0,"","","","","","","imputed zero","","fob"
"51-710","51<-R710",710,51,"",1950,"","","","",,"","","","","","","not reported","","fob"
"51-713","R51->713",51,713,"",1950,"","","","",0,"","","","","","","imputed zero","","fob"
"51-713","51<-R713",713,51,"",1950,"","","","",,"","","","","","","not reported","","fob"
"51-720","R51->720",51,720,"",1950,"","","","",0,"","","","","","","imputed zero","","fob"
"51-720","51<-R720",720,51,"",1950,"","","","",0,"","","","","","","imputed zero","","fob"
"51-732","51<-R732",732,51,"",1950,"","","","",,"","","","","","","not reported","","fob"
"51-732","R51->732",51,732,"",1950,"","","","",0,"","","","","","","imputed zero","","fob"
"51-740","51<-R740",740,51,"740->51",1950,"Jamaica","GPH","Japan","GPH",1000000,"740","NA","NA","NA","NA","NA","ok","NA","fob"
"51-740","R51->740",51,740,"",1950,"","","","",0,"","","","","","","imputed zero","","fob"
"51-750","51<-R750",750,51,"",1950,"","","","",0,"","","","","","","imputed zero","","fob"
"51-750","R51->750",51,750,"",1950,"","","","",0,"","","","","","","imputed zero","","fob"
"51-770","51<-R770",770,51,"",1950,"","","","",0,"","","","","","","imputed zero","","fob"
"51-770","R51->770",51,770,"",1950,"","","","",0,"","","","","","","imputed zero","","fob"
"51-775","R51->775",51,775,"",1950,"","","","",0,"","","","","","","imputed zero","","fob"
"51-775","51<-R775",775,51,"",1950,"","","","",0,"","","","","","","imputed zero","","fob"
"51-780","51<-R780",780,51,"",1950,"","","","",0,"","","","","","","imputed zero","","fob"
"51-780","R51->780",51,780,"",1950,"","","","",0,"","","","","","","imputed zero","","fob"
"51-800","51<-R800",800,51,"",1950,"","","","",,"","","","","","","not reported","","fob"
"51-800","R51->800",51,800,"",1950,"","","","",0,"","","","","","","imputed zero","","fob"
"51-840","R51->840",51,840,"",1950,"","","","",0,"","","","","","","imputed zero","","fob"
"51-840","51<-R840",840,51,"",1950,"","","","",0,"","","","","","","imputed zero","","fob"
"51-850","51<-R850",850,51,"",1950,"","","","",0,"","","","","","","imputed zero","","fob"
"51-850","R51->850",51,850,"",1950,"","","","",0,"","","","","","","imputed zero","","fob"
"51-90","51<-R90",90,51,"",1950,"","","","",0,"","","","","","","imputed zero","","fob"
"51-90","R51->90",51,90,"",1950,"","","","",0,"","","","","","","imputed zero","","fob"
"51-900","R51->900",51,900,"51->900",1950,"Australia","GPH","Jamaica","GPH",35714.285,"51","NA","NA","NA","NA","NA","ok","NA","fob"
"51-900","51<-R900",900,51,"900->51",1950,"Jamaica","GPH","Australia","GPH",357142.84,"900","NA","NA","NA","NA","NA","ok","NA","fob"
"51-91","R51->91",51,91,"",1950,"","","","",0,"","","","","","","imputed zero","","fob"
"51-91","51<-R91",91,51,"",1950,"","","","",0,"","","","","","","imputed zero","","fob"
"51-92","R51->92",51,92,"",1950,"","","","",0,"","","","","","","imputed zero","","fob"
"51-92","51<-R92",92,51,"",1950,"","","","",0,"","","","","","","imputed zero","","fob"
"51-920","R51->920",51,920,"",1950,"","","","",0,"","","","","","","imputed zero","","fob"
"51-920","51<-R920",920,51,"",1950,"","","","",0,"","","","","","","imputed zero","","fob"
"51-93","R51->93",51,93,"",1950,"","","","",0,"","","","","","","imputed zero","","fob"
"51-93","51<-R93",93,51,"",1950,"","","","",0,"","","","","","","imputed zero","","fob"
"51-94","51<-R94",94,51,"",1950,"","","","",0,"","","","","","","imputed zero","","fob"
"51-94","R51->94",51,94,"",1950,"","","","",0,"","","","","","","imputed zero","","fob"
"51-95","51<-R95",95,51,"",1950,"","","","",0,"","","","","","","imputed zero","","fob"
"51-95","R51->95",51,95,"51->95",1950,"Panama","GPH","Jamaica","GPH",35714.285,"51","NA","NA","NA","NA","NA","ok","NA","fob"
"51-960","R51->960",51,960,"",1950,"","","","",0,"","","","","","","imputed zero","","fob"
"51-960","51<-R960",960,51,"",1950,"","","","",,"","","","","","","not reported","","fob"
"512-52","512<-R52",52,512,"",1950,"","","","",0,"","","","","","","imputed zero","","fob"
"512-52","R512->52",512,52,"",1950,"","","","",0,"","","","","","","imputed zero","","fob"
"512-522","512<-R522",522,512,"",1950,"","","","",,"","","","","","","not reported","","fob"
"512-522","R512->522",512,522,"",1950,"","","","",0,"","","","","","","imputed zero","","fob"
"512-530","R512->530",512,530,"",1950,"","","","",0,"","","","","","","imputed zero","","fob"
"512-530","512<-R530",530,512,"",1950,"","","","",0,"","","","","","","imputed zero","","fob"
"512-540","512<-R540",540,512,"",1950,"","","","",0,"","","","","","","imputed zero","","fob"
"512-540","R512->540",512,540,"",1950,"","","","",0,"","","","","","","imputed zero","","fob"
"512-541","512<-R541",541,512,"",1950,"","","","",0,"","","","","","","imputed zero","","fob"
"512-541","R512->541",512,541,"512->541",1950,"Mozambique (Portuguese East Africa)","GPH","Tanzania (Tanganyika)","GPH",71428.57,"512","NA","NA","NA","NA","NA","ok","NA","fob"
"512-551","R512->551",512,551,"512->551",1950,"Zambia (Northern Rhodesia)","GPH","Tanzania (Tanganyika)","GPH",35714.285,"512","NA","NA","NA","NA","NA","ok","NA","fob"
"512-551","512<-R551",551,512,"",1950,"","","","",0,"","","","","","","imputed zero","","fob"
"512-552","512<-R552",552,512,"",1950,"","","","",0,"","","","","","","imputed zero","","fob"
"512-552","R512->552",512,552,"",1950,"","","","",0,"","","","","","","imputed zero","","fob"
"512-560","R512->560",512,560,"512->560",1950,"South Africa","GPH","Tanzania (Tanganyika)","GPH",1321428.6,"512","NA","NA","NA","NA","NA","ok","NA","fob"
"512-560","512<-R560",560,512,"",1950,"","","","",,"","","","","","","not reported","","fob"
"512-580","R512->580",512,580,"",1950,"","","","",0,"","","","","","","imputed zero","","fob"
"512-580","512<-R580",580,512,"",1950,"","","","",0,"","","","","","","imputed zero","","fob"
"512-600","512<-R600",600,512,"",1950,"","","","",0,"","","","","","","imputed zero","","fob"
"512-600","R512->600",512,600,"",1950,"","","","",0,"","","","","","","imputed zero","","fob"
"512-615","R512->615",512,615,"",1950,"","","","",0,"","","","","","","imputed zero","","fob"
"512-615","512<-R615",615,512,"",1950,"","","","",0,"","","","","","","imputed zero","","fob"
"512-616","512<-R616",616,512,"",1950,"","","","",0,"","","","","","","imputed zero","","fob"
"512-616","R512->616",512,616,"",1950,"","","","",0,"","","","","","","imputed zero","","fob"
"512-625","R512->625",512,625,"512->625",1950,"Sudan (Anglo-Egyptian Sudan) (Mahdist State)","GPH","Tanzania (Tanganyika)","GPH",71428.57,"512","NA","NA","NA","NA","NA","ok","NA","fob"
"512-625","512<-R625",625,512,"",1950,"","","","",0,"","","","","","","imputed zero","","fob"
"512-630","R512->630",512,630,"",1950,"","","","",0,"","","","","","","imputed zero","","fob"
"512-630","512<-R630",630,512,"",1950,"","","","",,"","","","","","","not reported","","fob"
"512-640","R512->640",512,640,"",1950,"","","","",0,"","","","","","","imputed zero","","fob"
"512-640","512<-R640",640,512,"",1950,"","","","",0,"","","","","","","imputed zero","","fob"
"512-645","512<-R645",645,512,"",1950,"","","","",0,"","","","","","","imputed zero","","fob"
"512-645","R512->645",512,645,"",1950,"","","","",0,"","","","","","","imputed zero","","fob"
"512-651","R512->651",512,651,"512->651",1950,"Egypt Arab Republic (Egypt)","GPH","Tanzania (Tanganyika)","GPH",71428.57,"512","NA","NA","NA","NA","NA","ok","NA","fob"
"512-651","512<-R651",651,512,"",1950,"","","","",0,"","","","","","","imputed zero","","fob"
"512-652","R512->652",512,652,"512->652",1950,"Syria","GPH","Tanzania (Tanganyika)","GPH",35714.285,"512","NA","NA","NA","NA","NA","ok","NA","fob"
"512-652","512<-R652",652,512,"",1950,"","","","",0,"","","","","","","imputed zero","","fob"
"512-660","R512->660",512,660,"",1950,"","","","",0,"","","","","","","imputed zero","","fob"
"512-660","512<-R660",660,512,"",1950,"","","","",0,"","","","","","","imputed zero","","fob"
"512-666","512<-R666",666,512,"",1950,"","","","",0,"","","","","","","imputed zero","","fob"
"512-666","R512->666",512,666,"",1950,"","","","",0,"","","","","","","imputed zero","","fob"
"512-670","512<-R670",670,512,"",1950,"","","","",,"","","","","","","not reported","","fob"
"512-670","R512->670",512,670,"",1950,"","","","",0,"","","","","","","imputed zero","","fob"
"512-68","512<-R68",68,512,"",1950,"","","","",,"","","","","","","not reported","","fob"
"512-68","R512->68",512,68,"",1950,"","","","",0,"","","","","","","imputed zero","","fob"
"512-70","R512->70",512,70,"",1950,"","","","",0,"","","","","","","imputed zero","","fob"
"512-70","512<-R70",70,512,"",1950,"","","","",0,"","","","","","","imputed zero","","fob"
"512-710","R512->710",512,710,"",1950,"","","","",0,"","","","","","","imputed zero","","fob"
"512-710","512<-R710",710,512,"",1950,"","","","",,"","","","","","","not reported","","fob"
"512-713","512<-R713",713,512,"",1950,"","","","",,"","","","","","","not reported","","fob"
"512-713","R512->713",512,713,"",1950,"","","","",0,"","","","","","","imputed zero","","fob"
"512-720","512<-R720",720,512,"",1950,"","","","",0,"","","","","","","imputed zero","","fob"
"512-720","R512->720",512,720,"",1950,"","","","",0,"","","","","","","imputed zero","","fob"
"512-732","R512->732",512,732,"",1950,"","","","",0,"","","","","","","imputed zero","","fob"
"512-732","512<-R732",732,512,"",1950,"","","","",,"","","","","","","not reported","","fob"
"512-740","R512->740",512,740,"512->740",1950,"Japan","GPH","Tanzania (Tanganyika)","GPH",821428.56,"512","NA","NA","NA","NA","NA","ok","NA","fob"
"512-740","512<-R740",740,512,"",1950,"","","","",0,"","","","","","","imputed zero","","fob"
"512-750","512<-R750",750,512,"",1950,"","","","",0,"","","","","","","imputed zero","","fob"
"512-750","R512->750",512,750,"512->750",1950,"India","GPH","Tanzania (Tanganyika)","GPH",1464285.8,"512","NA","NA","NA","NA","NA","ok","NA","fob"
"512-770","R512->770",512,770,"",1950,"","","","",0,"","","","","","","imputed zero","","fob"
"512-770","512<-R770",770,512,"",1950,"","","","",0,"","","","","","","imputed zero","","fob"
"512-775","R512->775",512,775,"",1950,"","","","",0,"","","","","","","imputed zero","","fob"
"512-775","512<-R775",775,512,"",1950,"","","","",0,"","","","","","","imputed zero","","fob"
"512-780","512<-R780",780,512,"",1950,"","","","",0,"","","","","","","imputed zero","","fob"
"512-780","R512->780",512,780,"512->780",1950,"Sri Lanka (Ceylon)","GPH","Tanzania (Tanganyika)","GPH",71428.57,"512","NA","NA","NA","NA","NA","ok","NA","fob"
"512-800","R512->800",512,800,"",1950,"","","","",0,"","","","","","","imputed zero","","fob"
"512-800","512<-R800",800,512,"",1950,"","","","",,"","","","","","","not reported","","fob"
"512-840","512<-R840",840,512,"",1950,"","","","",0,"","","","","","","imputed zero","","fob"
"512-840","R512->840",512,840,"",1950,"","","","",0,"","","","","","","imputed zero","","fob"
"512-850","512<-R850",850,512,"",1950,"","","","",0,"","","","","","","imputed zero","","fob"
"512-850","R512->850",512,850,"",1950,"","","","",0,"","","","","","","imputed zero","","fob"
"512-90","512<-R90",90,512,"",1950,"","","","",0,"","","","","","","imputed zero","","fob"
"512-90","R512->90",512,90,"",1950,"","","","",0,"","","","","","","imputed zero","","fob"
"512-900","512<-R900",900,512,"",1950,"","","","",0,"","","","","","","imputed zero","","fob"
"512-900","R512->900",512,900,"512->900",1950,"Australia","GPH","Tanzania (Tanganyika)","GPH",1107142.9,"512","NA","NA","NA","NA","NA","ok","NA","fob"
"512-91","512<-R91",91,512,"",1950,"","","","",0,"","","","","","","imputed zero","","fob"
"512-91","R512->91",512,91,"",1950,"","","","",0,"","","","","","","imputed zero","","fob"
"512-92","512<-R92",92,512,"",1950,"","","","",0,"","","","","","","imputed zero","","fob"
"512-92","R512->92",512,92,"",1950,"","","","",0,"","","","","","","imputed zero","","fob"
"512-920","512<-R920",920,512,"",1950,"","","","",0,"","","","","","","imputed zero","","fob"
"512-920","R512->920",512,920,"512->920",1950,"New Zealand","GPH","Tanzania (Tanganyika)","GPH",71428.57,"512","NA","NA","NA","NA","NA","ok","NA","fob"
"512-93","512<-R93",93,512,"",1950,"","","","",0,"","","","","","","imputed zero","","fob"
"512-93","R512->93",512,93,"",1950,"","","","",0,"","","","","","","imputed zero","","fob"
"512-94","R512->94",512,94,"",1950,"","","","",0,"","","","","","","imputed zero","","fob"
"512-94","512<-R94",94,512,"",1950,"","","","",0,"","","","","","","imputed zero","","fob"
"512-95","R512->95",512,95,"",1950,"","","","",0,"","","","","","","imputed zero","","fob"
"512-95","512<-R95",95,512,"",1950,"","","","",0,"","","","","","","imputed zero","","fob"
"512-960","512<-R960",960,512,"",1950,"","","","",,"","","","","","","not reported","","fob"
"512-960","R512->960",512,960,"",1950,"","","","",0,"","","","","","","imputed zero","","fob"
"52-522","R52->522",52,522,"",1950,"","","","",0,"","","","","","","imputed zero","","fob"
"52-522","52<-R522",522,52,"",1950,"","","","",,"","","","","","","not reported","","fob"
"52-530","R52->530",52,530,"",1950,"","","","",0,"","","","","","","imputed zero","","fob"
"52-530","52<-R530",530,52,"",1950,"","","","",0,"","","","","","","imputed zero","","fob"
"52-540","R52->540",52,540,"",1950,"","","","",0,"","","","","","","imputed zero","","fob"
"52-540","52<-R540",540,52,"",1950,"","","","",0,"","","","","","","imputed zero","","fob"
"52-541","52<-R541",541,52,"",1950,"","","","",0,"","","","","","","imputed zero","","fob"
"52-541","R52->541",52,541,"",1950,"","","","",0,"","","","","","","imputed zero","","fob"
"52-551","52<-R551",551,52,"",1950,"","","","",0,"","","","","","","imputed zero","","fob"
"52-551","R52->551",52,551,"",1950,"","","","",0,"","","","","","","imputed zero","","fob"
"52-552","52<-R552",552,52,"",1950,"","","","",0,"","","","","","","imputed zero","","fob"
"52-552","R52->552",52,552,"",1950,"","","","",0,"","","","","","","imputed zero","","fob"
"52-560","R52->560",52,560,"52->560",1950,"South Africa","GPH","Trinidad and Tobago","GPH",107142.86,"52","NA","NA","NA","NA","NA","ok","NA","fob"
"52-560","52<-R560",560,52,"",1950,"","","","",,"","","","","","","not reported","","fob"
"52-580","R52->580",52,580,"",1950,"","","","",0,"","","","","","","imputed zero","","fob"
"52-580","52<-R580",580,52,"",1950,"","","","",0,"","","","","","","imputed zero","","fob"
"52-600","R52->600",52,600,"52->600",1950,"Morocco","GPH","Trinidad and Tobago","GPH",35714.285,"52","NA","NA","NA","NA","NA","ok","NA","fob"
"52-600","52<-R600",600,52,"",1950,"","","","",0,"","","","","","","imputed zero","","fob"
"52-615","R52->615",52,615,"",1950,"","","","",0,"","","","","","","imputed zero","","fob"
"52-615","52<-R615",615,52,"",1950,"","","","",0,"","","","","","","imputed zero","","fob"
"52-616","52<-R616",616,52,"",1950,"","","","",0,"","","","","","","imputed zero","","fob"
"52-616","R52->616",52,616,"",1950,"","","","",0,"","","","","","","imputed zero","","fob"
"52-625","52<-R625",625,52,"",1950,"","","","",0,"","","","","","","imputed zero","","fob"
"52-625","R52->625",52,625,"",1950,"","","","",0,"","","","","","","imputed zero","","fob"
"52-630","R52->630",52,630,"",1950,"","","","",0,"","","","","","","imputed zero","","fob"
"52-630","52<-R630",630,52,"",1950,"","","","",,"","","","","","","not reported","","fob"
"52-640","R52->640",52,640,"",1950,"","","","",0,"","","","","","","imputed zero","","fob"
"52-640","52<-R640",640,52,"",1950,"","","","",0,"","","","","","","imputed zero","","fob"
"52-645","52<-R645",645,52,"",1950,"","","","",0,"","","","","","","imputed zero","","fob"
"52-645","R52->645",52,645,"",1950,"","","","",0,"","","","","","","imputed zero","","fob"
"52-651","R52->651",52,651,"",1950,"","","","",0,"","","","","","","imputed zero","","fob"
"52-651","52<-R651",651,52,"",1950,"","","","",0,"","","","","","","imputed zero","","fob"
"52-652","52<-R652",652,52,"",1950,"","","","",0,"","","","","","","imputed zero","","fob"
"52-652","R52->652",52,652,"",1950,"","","","",0,"","","","","","","imputed zero","","fob"
"52-660","R52->660",52,660,"",1950,"","","","",0,"","","","","","","imputed zero","","fob"
"52-660","52<-R660",660,52,"",1950,"","","","",0,"","","","","","","imputed zero","","fob"
"52-666","52<-R666",666,52,"",1950,"","","","",0,"","","","","","","imputed zero","","fob"
"52-666","R52->666",52,666,"52->666",1950,"Israel","GPH","Trinidad and Tobago","GPH",71428.57,"52","NA","NA","NA","NA","NA","ok","NA","fob"
"52-670","R52->670",52,670,"",1950,"","","","",0,"","","","","","","imputed zero","","fob"
"52-670","52<-R670",670,52,"",1950,"","","","",,"","","","","","","not reported","","fob"
"52-68","52<-R68",68,52,"",1950,"","","","",,"","","","","","","not reported","","fob"
"52-68","R52->68",52,68,"52->68",1950,"Netherlands Antilles","GPH","Trinidad and Tobago","GPH",1500000,"52","NA","NA","NA","NA","NA","ok","NA","fob"
"52-70","R52->70",52,70,"",1950,"","","","",0,"","","","","","","imputed zero","","fob"
"52-70","52<-R70",70,52,"",1950,"","","","",0,"","","","","","","imputed zero","","fob"
"52-710","R52->710",52,710,"",1950,"","","","",0,"","","","","","","imputed zero","","fob"
"52-710","52<-R710",710,52,"",1950,"","","","",,"","","","","","","not reported","","fob"
"52-713","52<-R713",713,52,"",1950,"","","","",,"","","","","","","not reported","","fob"
"52-713","R52->713",52,713,"",1950,"","","","",0,"","","","","","","imputed zero","","fob"
"52-720","R52->720",52,720,"",1950,"","","","",0,"","","","","","","imputed zero","","fob"
"52-720","52<-R720",720,52,"",1950,"","","","",0,"","","","","","","imputed zero","","fob"
"52-732","52<-R732",732,52,"",1950,"","","","",,"","","","","","","not reported","","fob"
"52-732","R52->732",52,732,"",1950,"","","","",0,"","","","","","","imputed zero","","fob"
"52-740","52<-R740",740,52,"740->52",1950,"Trinidad and Tobago","GPH","Japan","GPH",285714.28,"740","NA","NA","NA","NA","NA","ok","NA","fob"
"52-740","R52->740",52,740,"",1950,"","","","",0,"","","","","","","imputed zero","","fob"
"52-750","R52->750",52,750,"",1950,"","","","",0,"","","","","","","imputed zero","","fob"
"52-750","52<-R750",750,52,"",1950,"","","","",0,"","","","","","","imputed zero","","fob"
"52-770","52<-R770",770,52,"",1950,"","","","",0,"","","","","","","imputed zero","","fob"
"52-770","R52->770",52,770,"",1950,"","","","",0,"","","","","","","imputed zero","","fob"
"52-775","R52->775",52,775,"",1950,"","","","",0,"","","","","","","imputed zero","","fob"
"52-775","52<-R775",775,52,"",1950,"","","","",0,"","","","","","","imputed zero","","fob"
"52-780","R52->780",52,780,"",1950,"","","","",0,"","","","","","","imputed zero","","fob"
"52-780","52<-R780",780,52,"",1950,"","","","",0,"","","","","","","imputed zero","","fob"
"52-800","R52->800",52,800,"",1950,"","","","",0,"","","","","","","imputed zero","","fob"
"52-800","52<-R800",800,52,"",1950,"","","","",,"","","","","","","not reported","","fob"
"52-840","R52->840",52,840,"",1950,"","","","",0,"","","","","","","imputed zero","","fob"
"52-840","52<-R840",840,52,"",1950,"","","","",0,"","","","","","","imputed zero","","fob"
"52-850","52<-R850",850,52,"",1950,"","","","",0,"","","","","","","imputed zero","","fob"
"52-850","R52->850",52,850,"",1950,"","","","",0,"","","","","","","imputed zero","","fob"
"52-90","52<-R90",90,52,"",1950,"","","","",0,"","","","","","","imputed zero","","fob"
"52-90","R52->90",52,90,"",1950,"","","","",0,"","","","","","","imputed zero","","fob"
"52-900","R52->900",52,900,"52->900",1950,"Australia","GPH","Trinidad and Tobago","GPH",142857.14,"52","NA","NA","NA","NA","NA","ok","NA","fob"
"52-900","52<-R900",900,52,"900->52",1950,"Trinidad and Tobago","GPH","Australia","GPH",1107142.9,"900","NA","NA","NA","NA","NA","ok","NA","fob"
"52-91","R52->91",52,91,"",1950,"","","","",0,"","","","","","","imputed zero","","fob"
"52-91","52<-R91",91,52,"",1950,"","","","",0,"","","","","","","imputed zero","","fob"
"52-92","R52->92",52,92,"",1950,"","","","",0,"","","","","","","imputed zero","","fob"
"52-92","52<-R92",92,52,"",1950,"","","","",0,"","","","","","","imputed zero","","fob"
"52-920","52<-R920",920,52,"",1950,"","","","",0,"","","","","","","imputed zero","","fob"
"52-920","R52->920",52,920,"52->920",1950,"New Zealand","GPH","Trinidad and Tobago","GPH",142857.14,"52","NA","NA","NA","NA","NA","ok","NA","fob"
"52-93","R52->93",52,93,"",1950,"","","","",0,"","","","","","","imputed zero","","fob"
"52-93","52<-R93",93,52,"",1950,"","","","",0,"","","","","","","imputed zero","","fob"
"52-94","R52->94",52,94,"",1950,"","","","",0,"","","","","","","imputed zero","","fob"
"52-94","52<-R94",94,52,"",1950,"","","","",0,"","","","","","","imputed zero","","fob"
"52-95","R52->95",52,95,"",1950,"","","","",0,"","","","","","","imputed zero","","fob"
"52-95","52<-R95",95,52,"",1950,"","","","",0,"","","","","","","imputed zero","","fob"
"52-960","R52->960",52,960,"",1950,"","","","",0,"","","","","","","imputed zero","","fob"
"52-960","52<-R960",960,52,"",1950,"","","","",,"","","","","","","not reported","","fob"
"522-530","R522->530",522,530,"",1950,"","","","",,"","","","","","","not reported","","fob"
"522-530","522<-R530",530,522,"530->522",1950,"Djibouti (Afar and Issas) (French Somaliland)","GPH","Ethiopia (Abyssinia)","GPH",1250000,"530","NA","NA","NA","NA","NA","ok","NA","fob"
"522-540","R522->540",522,540,"",1950,"","","","",,"","","","","","","not reported","","fob"
"522-540","522<-R540",540,522,"",1950,"","","","",0,"","","","","","","imputed zero","","fob"
"522-541","522<-R541",541,522,"",1950,"","","","",0,"","","","","","","imputed zero","","fob"
"522-541","R522->541",522,541,"",1950,"","","","",,"","","","","","","not reported","","fob"
"522-551","R522->551",522,551,"",1950,"","","","",,"","","","","","","not reported","","fob"
"522-551","522<-R551",551,522,"",1950,"","","","",0,"","","","","","","imputed zero","","fob"
"522-552","R522->552",522,552,"",1950,"","","","",,"","","","","","","not reported","","fob"
"522-552","522<-R552",552,522,"",1950,"","","","",0,"","","","","","","imputed zero","","fob"
"522-560","522<-R560",560,522,"",1950,"","","","",,"","","","","","","not reported","","fob"
"522-560","R522->560",522,560,"",1950,"","","","",,"","","","","","","not reported","","fob"
"522-580","R522->580",522,580,"",1950,"","","","",,"","","","","","","not reported","","fob"
"522-580","522<-R580",580,522,"",1950,"","","","",0,"","","","","","","imputed zero","","fob"
"522-600","R522->600",522,600,"",1950,"","","","",,"","","","","","","not reported","","fob"
"522-600","522<-R600",600,522,"",1950,"","","","",0,"","","","","","","imputed zero","","fob"
"522-615","522<-R615",615,522,"",1950,"","","","",0,"","","","","","","imputed zero","","fob"
"522-615","R522->615",522,615,"",1950,"","","","",,"","","","","","","not reported","","fob"
"522-616","R522->616",522,616,"",1950,"","","","",,"","","","","","","not reported","","fob"
"522-616","522<-R616",616,522,"",1950,"","","","",0,"","","","","","","imputed zero","","fob"
"522-625","R522->625",522,625,"",1950,"","","","",,"","","","","","","not reported","","fob"
"522-625","522<-R625",625,522,"",1950,"","","","",0,"","","","","","","imputed zero","","fob"
"522-630","R522->630",522,630,"",1950,"","","","",,"","","","","","","not reported","","fob"
"522-630","522<-R630",630,522,"",1950,"","","","",,"","","","","","","not reported","","fob"
"522-640","R522->640",522,640,"",1950,"","","","",,"","","","","","","not reported","","fob"
"522-640","522<-R640",640,522,"",1950,"","","","",0,"","","","","","","imputed zero","","fob"
"522-645","R522->645",522,645,"",1950,"","","","",,"","","","","","","not reported","","fob"
"522-645","522<-R645",645,522,"",1950,"","","","",0,"","","","","","","imputed zero","","fob"
"522-651","R522->651",522,651,"",1950,"","","","",,"","","","","","","not reported","","fob"
"522-651","522<-R651",651,522,"",1950,"","","","",0,"","","","","","","imputed zero","","fob"
"522-652","R522->652",522,652,"",1950,"","","","",,"","","","","","","not reported","","fob"
"522-652","522<-R652",652,522,"",1950,"","","","",0,"","","","","","","imputed zero","","fob"
"522-660","R522->660",522,660,"",1950,"","","","",,"","","","","","","not reported","","fob"
"522-660","522<-R660",660,522,"",1950,"","","","",0,"","","","","","","imputed zero","","fob"
"522-666","522<-R666",666,522,"",1950,"","","","",0,"","","","","","","imputed zero","","fob"
"522-666","R522->666",522,666,"",1950,"","","","",,"","","","","","","not reported","","fob"
"522-670","R522->670",522,670,"",1950,"","","","",,"","","","","","","not reported","","fob"
"522-670","522<-R670",670,522,"",1950,"","","","",,"","","","","","","not reported","","fob"
"522-68","522<-R68",68,522,"",1950,"","","","",,"","","","","","","not reported","","fob"
"522-68","R522->68",522,68,"",1950,"","","","",,"","","","","","","not reported","","fob"
"522-70","522<-R70",70,522,"",1950,"","","","",0,"","","","","","","imputed zero","","fob"
"522-70","R522->70",522,70,"",1950,"","","","",,"","","","","","","not reported","","fob"
"522-710","522<-R710",710,522,"",1950,"","","","",,"","","","","","","not reported","","fob"
"522-710","R522->710",522,710,"",1950,"","","","",,"","","","","","","not reported","","fob"
"522-713","R522->713",522,713,"",1950,"","","","",,"","","","","","","not reported","","fob"
"522-713","522<-R713",713,522,"",1950,"","","","",,"","","","","","","not reported","","fob"
"522-720","R522->720",522,720,"",1950,"","","","",,"","","","","","","not reported","","fob"
"522-720","522<-R720",720,522,"",1950,"","","","",0,"","","","","","","imputed zero","","fob"
"522-732","R522->732",522,732,"",1950,"","","","",,"","","","","","","not reported","","fob"
"522-732","522<-R732",732,522,"",1950,"","","","",,"","","","","","","not reported","","fob"
"522-740","522<-R740",740,522,"",1950,"","","","",0,"","","","","","","imputed zero","","fob"
"522-740","R522->740",522,740,"",1950,"","","","",,"","","","","","","not reported","","fob"
"522-750","R522->750",522,750,"",1950,"","","","",,"","","","","","","not reported","","fob"
"522-750","522<-R750",750,522,"750->522",1950,"Djibouti (Afar and Issas) (French Somaliland)","GPH","India","GPH",321428.56,"750","NA","NA","NA","NA","NA","ok","NA","fob"
"522-770","522<-R770",770,522,"",1950,"","","","",0,"","","","","","","imputed zero","","fob"
"522-770","R522->770",522,770,"",1950,"","","","",,"","","","","","","not reported","","fob"
"522-775","R522->775",522,775,"",1950,"","","","",,"","","","","","","not reported","","fob"
"522-775","522<-R775",775,522,"",1950,"","","","",0,"","","","","","","imputed zero","","fob"
"522-780","R522->780",522,780,"",1950,"","","","",,"","","","","","","not reported","","fob"
"522-780","522<-R780",780,522,"",1950,"","","","",0,"","","","","","","imputed zero","","fob"
"522-800","522<-R800",800,522,"",1950,"","","","",,"","","","","","","not reported","","fob"
"522-800","R522->800",522,800,"",1950,"","","","",,"","","","","","","not reported","","fob"
"522-840","522<-R840",840,522,"",1950,"","","","",0,"","","","","","","imputed zero","","fob"
"522-840","R522->840",522,840,"",1950,"","","","",,"","","","","","","not reported","","fob"
"522-850","R522->850",522,850,"",1950,"","","","",,"","","","","","","not reported","","fob"
"522-850","522<-R850",850,522,"",1950,"","","","",0,"","","","","","","imputed zero","","fob"
"522-90","522<-R90",90,522,"",1950,"","","","",0,"","","","","","","imputed zero","","fob"
"522-90","R522->90",522,90,"",1950,"","","","",,"","","","","","","not reported","","fob"
"522-900","R522->900",522,900,"",1950,"","","","",,"","","","","","","not reported","","fob"
"522-900","522<-R900",900,522,"",1950,"","","","",0,"","","","","","","imputed zero","","fob"
"522-91","522<-R91",91,522,"",1950,"","","","",0,"","","","","","","imputed zero","","fob"
"522-91","R522->91",522,91,"",1950,"","","","",,"","","","","","","not reported","","fob"
"522-92","522<-R92",92,522,"",1950,"","","","",0,"","","","","","","imputed zero","","fob"
"522-92","R522->92",522,92,"",1950,"","","","",,"","","","","","","not reported","","fob"
"522-920","522<-R920",920,522,"",1950,"","","","",0,"","","","","","","imputed zero","","fob"
"522-920","R522->920",522,920,"",1950,"","","","",,"","","","","","","not reported","","fob"
"522-93","522<-R93",93,522,"",1950,"","","","",0,"","","","","","","imputed zero","","fob"
"522-93","R522->93",522,93,"",1950,"","","","",,"","","","","","","not reported","","fob"
"522-94","R522->94",522,94,"",1950,"","","","",,"","","","","","","not reported","","fob"
"522-94","522<-R94",94,522,"",1950,"","","","",0,"","","","","","","imputed zero","","fob"
"522-95","R522->95",522,95,"",1950,"","","","",,"","","","","","","not reported","","fob"
"522-95","522<-R95",95,522,"",1950,"","","","",0,"","","","","","","imputed zero","","fob"
"522-960","522<-R960",960,522,"",1950,"","","","",,"","","","","","","not reported","","fob"
"522-960","R522->960",522,960,"",1950,"","","","",,"","","","","","","not reported","","fob"
"530-540","R530->540",530,540,"",1950,"","","","",0,"","","","","","","imputed zero","","fob"
"530-540","530<-R540",540,530,"",1950,"","","","",0,"","","","","","","imputed zero","","fob"
"530-541","R530->541",530,541,"",1950,"","","","",0,"","","","","","","imputed zero","","fob"
"530-541","530<-R541",541,530,"",1950,"","","","",0,"","","","","","","imputed zero","","fob"
"530-551","530<-R551",551,530,"",1950,"","","","",0,"","","","","","","imputed zero","","fob"
"530-551","R530->551",530,551,"",1950,"","","","",0,"","","","","","","imputed zero","","fob"
"530-552","530<-R552",552,530,"",1950,"","","","",0,"","","","","","","imputed zero","","fob"
"530-552","R530->552",530,552,"",1950,"","","","",0,"","","","","","","imputed zero","","fob"
"530-560","R530->560",530,560,"",1950,"","","","",0,"","","","","","","imputed zero","","fob"
"530-560","530<-R560",560,530,"",1950,"","","","",,"","","","","","","not reported","","fob"
"530-580","530<-R580",580,530,"",1950,"","","","",0,"","","","","","","imputed zero","","fob"
"530-580","R530->580",530,580,"",1950,"","","","",0,"","","","","","","imputed zero","","fob"
"530-600","530<-R600",600,530,"",1950,"","","","",0,"","","","","","","imputed zero","","fob"
"530-600","R530->600",530,600,"",1950,"","","","",0,"","","","","","","imputed zero","","fob"
"530-615","R530->615",530,615,"",1950,"","","","",0,"","","","","","","imputed zero","","fob"
"530-615","530<-R615",615,530,"",1950,"","","","",0,"","","","","","","imputed zero","","fob"
"530-616","R530->616",530,616,"",1950,"","","","",0,"","","","","","","imputed zero","","fob"
"530-616","530<-R616",616,530,"",1950,"","","","",0,"","","","","","","imputed zero","","fob"
"530-625","530<-R625",625,530,"625->530",1950,"Ethiopia (Abyssinia)","GPH","Sudan (Anglo-Egyptian Sudan) (Mahdist State)","GPH",250000,"625","NA","NA","NA","NA","NA","ok","NA","fob"
"530-625","R530->625",530,625,"530->625",1950,"Sudan (Anglo-Egyptian Sudan) (Mahdist State)","GPH","Ethiopia (Abyssinia)","GPH",535714.31,"530","NA","NA","NA","NA","NA","ok","NA","fob"
"530-630","R530->630",530,630,"",1950,"","","","",0,"","","","","","","imputed zero","","fob"
"530-630","530<-R630",630,530,"",1950,"","","","",,"","","","","","","not reported","","fob"
"530-640","530<-R640",640,530,"",1950,"","","","",0,"","","","","","","imputed zero","","fob"
"530-640","R530->640",530,640,"",1950,"","","","",0,"","","","","","","imputed zero","","fob"
"530-645","R530->645",530,645,"",1950,"","","","",0,"","","","","","","imputed zero","","fob"
"530-645","530<-R645",645,530,"",1950,"","","","",0,"","","","","","","imputed zero","","fob"
"530-651","R530->651",530,651,"530->651",1950,"Egypt Arab Republic (Egypt)","GPH","Ethiopia (Abyssinia)","GPH",142857.14,"530","NA","NA","NA","NA","NA","ok","NA","fob"
"530-651","530<-R651",651,530,"651->530",1950,"Ethiopia (Abyssinia)","GPH","Egypt Arab Republic (Egypt)","GPH",35714.285,"651","NA","NA","NA","NA","NA","ok","NA","fob"
"530-652","R530->652",530,652,"",1950,"","","","",0,"","","","","","","imputed zero","","fob"
"530-652","530<-R652",652,530,"",1950,"","","","",0,"","","","","","","imputed zero","","fob"
"530-660","530<-R660",660,530,"",1950,"","","","",0,"","","","","","","imputed zero","","fob"
"530-660","R530->660",530,660,"",1950,"","","","",0,"","","","","","","imputed zero","","fob"
"530-666","530<-R666",666,530,"",1950,"","","","",0,"","","","","","","imputed zero","","fob"
"530-666","R530->666",530,666,"",1950,"","","","",0,"","","","","","","imputed zero","","fob"
"530-670","R530->670",530,670,"530->670",1950,"Saudi Arabia (Emirate of Nejd) (Emirate of Diriyah)","GPH","Ethiopia (Abyssinia)","GPH",71428.57,"530","NA","NA","NA","NA","NA","ok","NA","fob"
"530-670","530<-R670",670,530,"",1950,"","","","",,"","","","","","","not reported","","fob"
"530-68","R530->68",530,68,"",1950,"","","","",0,"","","","","","","imputed zero","","fob"
"530-68","530<-R68",68,530,"",1950,"","","","",,"","","","","","","not reported","","fob"
"530-70","530<-R70",70,530,"",1950,"","","","",0,"","","","","","","imputed zero","","fob"
"530-70","R530->70",530,70,"",1950,"","","","",0,"","","","","","","imputed zero","","fob"
"530-710","R530->710",530,710,"",1950,"","","","",0,"","","","","","","imputed zero","","fob"
"530-710","530<-R710",710,530,"",1950,"","","","",,"","","","","","","not reported","","fob"
"530-713","R530->713",530,713,"",1950,"","","","",0,"","","","","","","imputed zero","","fob"
"530-713","530<-R713",713,530,"",1950,"","","","",,"","","","","","","not reported","","fob"
"530-720","R530->720",530,720,"",1950,"","","","",0,"","","","","","","imputed zero","","fob"
"530-720","530<-R720",720,530,"",1950,"","","","",0,"","","","","","","imputed zero","","fob"
"530-732","R530->732",530,732,"",1950,"","","","",0,"","","","","","","imputed zero","","fob"
"530-732","530<-R732",732,530,"",1950,"","","","",,"","","","","","","not reported","","fob"
"530-740","R530->740",530,740,"",1950,"","","","",0,"","","","","","","imputed zero","","fob"
"530-740","530<-R740",740,530,"740->530",1950,"Ethiopia (Abyssinia)","GPH","Japan","GPH",35714.285,"740","NA","NA","NA","NA","NA","ok","NA","fob"
"530-750","530<-R750",750,530,"750->530",1950,"Ethiopia (Abyssinia)","GPH","India","GPH",392857.16,"750","NA","NA","NA","NA","NA","ok","NA","fob"
"530-750","R530->750",530,750,"",1950,"","","","",0,"","","","","","","imputed zero","","fob"
"530-770","530<-R770",770,530,"",1950,"","","","",0,"","","","","","","imputed zero","","fob"
"530-770","R530->770",530,770,"",1950,"","","","",0,"","","","","","","imputed zero","","fob"
"530-775","530<-R775",775,530,"",1950,"","","","",0,"","","","","","","imputed zero","","fob"
"530-775","R530->775",530,775,"",1950,"","","","",0,"","","","","","","imputed zero","","fob"
"530-780","R530->780",530,780,"",1950,"","","","",0,"","","","","","","imputed zero","","fob"
"530-780","530<-R780",780,530,"",1950,"","","","",0,"","","","","","","imputed zero","","fob"
"530-800","R530->800",530,800,"",1950,"","","","",0,"","","","","","","imputed zero","","fob"
"530-800","530<-R800",800,530,"",1950,"","","","",,"","","","","","","not reported","","fob"
"530-840","R530->840",530,840,"",1950,"","","","",0,"","","","","","","imputed zero","","fob"
"530-840","530<-R840",840,530,"",1950,"","","","",0,"","","","","","","imputed zero","","fob"
"530-850","530<-R850",850,530,"",1950,"","","","",0,"","","","","","","imputed zero","","fob"
"530-850","R530->850",530,850,"",1950,"","","","",0,"","","","","","","imputed zero","","fob"
"530-90","530<-R90",90,530,"",1950,"","","","",0,"","","","","","","imputed zero","","fob"
"530-90","R530->90",530,90,"",1950,"","","","",0,"","","","","","","imputed zero","","fob"
"530-900","R530->900",530,900,"",1950,"","","","",0,"","","","","","","imputed zero","","fob"
"530-900","530<-R900",900,530,"",1950,"","","","",0,"","","","","","","imputed zero","","fob"
"530-91","530<-R91",91,530,"",1950,"","","","",0,"","","","","","","imputed zero","","fob"
"530-91","R530->91",530,91,"",1950,"","","","",0,"","","","","","","imputed zero","","fob"
"530-92","R530->92",530,92,"",1950,"","","","",0,"","","","","","","imputed zero","","fob"
"530-92","530<-R92",92,530,"",1950,"","","","",0,"","","","","","","imputed zero","","fob"
"530-920","530<-R920",920,530,"",1950,"","","","",0,"","","","","","","imputed zero","","fob"
"530-920","R530->920",530,920,"",1950,"","","","",0,"","","","","","","imputed zero","","fob"
"530-93","R530->93",530,93,"",1950,"","","","",0,"","","","","","","imputed zero","","fob"
"530-93","530<-R93",93,530,"",1950,"","","","",0,"","","","","","","imputed zero","","fob"
"530-94","530<-R94",94,530,"",1950,"","","","",0,"","","","","","","imputed zero","","fob"
"530-94","R530->94",530,94,"",1950,"","","","",0,"","","","","","","imputed zero","","fob"
"530-95","530<-R95",95,530,"",1950,"","","","",0,"","","","","","","imputed zero","","fob"
"530-95","R530->95",530,95,"",1950,"","","","",0,"","","","","","","imputed zero","","fob"
"530-960","R530->960",530,960,"",1950,"","","","",0,"","","","","","","imputed zero","","fob"
"530-960","530<-R960",960,530,"",1950,"","","","",,"","","","","","","not reported","","fob"
"540-541","R540->541",540,541,"540->541",1950,"Mozambique (Portuguese East Africa)","GPH","Angola","GPH",357142.84,"540","NA","NA","NA","NA","NA","ok","NA","fob"
"540-541","540<-R541",541,540,"541->540",1950,"Angola","GPH","Mozambique (Portuguese East Africa)","GPH",71428.57,"541","NA","NA","NA","NA","NA","ok","NA","fob"
"540-551","540<-R551",551,540,"",1950,"","","","",0,"","","","","","","imputed zero","","fob"
"540-551","R540->551",540,551,"",1950,"","","","",0,"","","","","","","imputed zero","","fob"
"540-552","R540->552",540,552,"",1950,"","","","",0,"","","","","","","imputed zero","","fob"
"540-552","540<-R552",552,540,"",1950,"","","","",0,"","","","","","","imputed zero","","fob"
"540-560","R540->560",540,560,"540->560",1950,"South Africa","GPH","Angola","GPH",857142.88,"540","NA","NA","NA","NA","NA","ok","NA","fob"
"540-560","540<-R560",560,540,"",1950,"","","","",,"","","","","","","not reported","","fob"
"540-580","540<-R580",580,540,"",1950,"","","","",0,"","","","","","","imputed zero","","fob"
"540-580","R540->580",540,580,"",1950,"","","","",0,"","","","","","","imputed zero","","fob"
"540-600","540<-R600",600,540,"",1950,"","","","",0,"","","","","","","imputed zero","","fob"
"540-600","R540->600",540,600,"",1950,"","","","",0,"","","","","","","imputed zero","","fob"
"540-615","540<-R615",615,540,"",1950,"","","","",0,"","","","","","","imputed zero","","fob"
"540-615","R540->615",540,615,"540->615",1950,"Algeria (Regency of Algiers)","GPH","Angola","GPH",71428.57,"540","NA","NA","NA","NA","NA","ok","NA","fob"
"540-616","R540->616",540,616,"",1950,"","","","",0,"","","","","","","imputed zero","","fob"
"540-616","540<-R616",616,540,"",1950,"","","","",0,"","","","","","","imputed zero","","fob"
"540-625","R540->625",540,625,"",1950,"","","","",0,"","","","","","","imputed zero","","fob"
"540-625","540<-R625",625,540,"",1950,"","","","",0,"","","","","","","imputed zero","","fob"
"540-630","540<-R630",630,540,"",1950,"","","","",,"","","","","","","not reported","","fob"
"540-630","R540->630",540,630,"",1950,"","","","",0,"","","","","","","imputed zero","","fob"
"540-640","540<-R640",640,540,"",1950,"","","","",0,"","","","","","","imputed zero","","fob"
"540-640","R540->640",540,640,"",1950,"","","","",0,"","","","","","","imputed zero","","fob"
"540-645","R540->645",540,645,"",1950,"","","","",0,"","","","","","","imputed zero","","fob"
"540-645","540<-R645",645,540,"",1950,"","","","",0,"","","","","","","imputed zero","","fob"
"540-651","540<-R651",651,540,"",1950,"","","","",0,"","","","","","","imputed zero","","fob"
"540-651","R540->651",540,651,"",1950,"","","","",0,"","","","","","","imputed zero","","fob"
"540-652","R540->652",540,652,"",1950,"","","","",0,"","","","","","","imputed zero","","fob"
"540-652","540<-R652",652,540,"",1950,"","","","",0,"","","","","","","imputed zero","","fob"
"540-660","R540->660",540,660,"",1950,"","","","",0,"","","","","","","imputed zero","","fob"
"540-660","540<-R660",660,540,"",1950,"","","","",0,"","","","","","","imputed zero","","fob"
"540-666","540<-R666",666,540,"",1950,"","","","",0,"","","","","","","imputed zero","","fob"
"540-666","R540->666",540,666,"540->666",1950,"Israel","GPH","Angola","GPH",71428.57,"540","NA","NA","NA","NA","NA","ok","NA","fob"
"540-670","R540->670",540,670,"",1950,"","","","",0,"","","","","","","imputed zero","","fob"
"540-670","540<-R670",670,540,"",1950,"","","","",,"","","","","","","not reported","","fob"
"540-68","540<-R68",68,540,"",1950,"","","","",,"","","","","","","not reported","","fob"
"540-68","R540->68",540,68,"",1950,"","","","",0,"","","","","","","imputed zero","","fob"
"540-70","R540->70",540,70,"",1950,"","","","",0,"","","","","","","imputed zero","","fob"
"540-70","540<-R70",70,540,"",1950,"","","","",0,"","","","","","","imputed zero","","fob"
"540-710","R540->710",540,710,"",1950,"","","","",0,"","","","","","","imputed zero","","fob"
"540-710","540<-R710",710,540,"",1950,"","","","",,"","","","","","","not reported","","fob"
"540-713","R540->713",540,713,"",1950,"","","","",0,"","","","","","","imputed zero","","fob"
"540-713","540<-R713",713,540,"",1950,"","","","",,"","","","","","","not reported","","fob"
"540-720","540<-R720",720,540,"",1950,"","","","",0,"","","","","","","imputed zero","","fob"
"540-720","R540->720",540,720,"",1950,"","","","",0,"","","","","","","imputed zero","","fob"
"540-732","540<-R732",732,540,"",1950,"","","","",,"","","","","","","not reported","","fob"
"540-732","R540->732",540,732,"",1950,"","","","",0,"","","","","","","imputed zero","","fob"
"540-740","R540->740",540,740,"",1950,"","","","",0,"","","","","","","imputed zero","","fob"
"540-740","540<-R740",740,540,"",1950,"","","","",0,"","","","","","","imputed zero","","fob"
"540-750","540<-R750",750,540,"750->540",1950,"Angola","GPH","India","GPH",142857.14,"750","NA","NA","NA","NA","NA","ok","NA","fob"
"540-750","R540->750",540,750,"540->750",1950,"India","GPH","Angola","GPH",357142.84,"540","NA","NA","NA","NA","NA","ok","NA","fob"
"540-770","R540->770",540,770,"",1950,"","","","",0,"","","","","","","imputed zero","","fob"
"540-770","540<-R770",770,540,"",1950,"","","","",0,"","","","","","","imputed zero","","fob"
"540-775","R540->775",540,775,"",1950,"","","","",0,"","","","","","","imputed zero","","fob"
"540-775","540<-R775",775,540,"",1950,"","","","",0,"","","","","","","imputed zero","","fob"
"540-780","540<-R780",780,540,"",1950,"","","","",0,"","","","","","","imputed zero","","fob"
"540-780","R540->780",540,780,"",1950,"","","","",0,"","","","","","","imputed zero","","fob"
"540-800","R540->800",540,800,"",1950,"","","","",0,"","","","","","","imputed zero","","fob"
"540-800","540<-R800",800,540,"",1950,"","","","",,"","","","","","","not reported","","fob"
"540-840","R540->840",540,840,"",1950,"","","","",0,"","","","","","","imputed zero","","fob"
"540-840","540<-R840",840,540,"",1950,"","","","",0,"","","","","","","imputed zero","","fob"
"540-850","R540->850",540,850,"",1950,"","","","",0,"","","","","","","imputed zero","","fob"
"540-850","540<-R850",850,540,"",1950,"","","","",0,"","","","","","","imputed zero","","fob"
"540-90","540<-R90",90,540,"",1950,"","","","",0,"","","","","","","imputed zero","","fob"
"540-90","R540->90",540,90,"",1950,"","","","",0,"","","","","","","imputed zero","","fob"
"540-900","R540->900",540,900,"",1950,"","","","",0,"","","","","","","imputed zero","","fob"
"540-900","540<-R900",900,540,"",1950,"","","","",0,"","","","","","","imputed zero","","fob"
"540-91","R540->91",540,91,"",1950,"","","","",0,"","","","","","","imputed zero","","fob"
"540-91","540<-R91",91,540,"",1950,"","","","",0,"","","","","","","imputed zero","","fob"
"540-92","540<-R92",92,540,"",1950,"","","","",0,"","","","","","","imputed zero","","fob"
"540-92","R540->92",540,92,"",1950,"","","","",0,"","","","","","","imputed zero","","fob"
"540-920","540<-R920",920,540,"",1950,"","","","",0,"","","","","","","imputed zero","","fob"
"540-920","R540->920",540,920,"",1950,"","","","",0,"","","","","","","imputed zero","","fob"
"540-93","540<-R93",93,540,"",1950,"","","","",0,"","","","","","","imputed zero","","fob"
"540-93","R540->93",540,93,"",1950,"","","","",0,"","","","","","","imputed zero","","fob"
"540-94","R540->94",540,94,"",1950,"","","","",0,"","","","","","","imputed zero","","fob"
"540-94","540<-R94",94,540,"",1950,"","","","",0,"","","","","","","imputed zero","","fob"
"540-95","540<-R95",95,540,"",1950,"","","","",0,"","","","","","","imputed zero","","fob"
"540-95","R540->95",540,95,"",1950,"","","","",0,"","","","","","","imputed zero","","fob"
"540-960","R540->960",540,960,"",1950,"","","","",0,"","","","","","","imputed zero","","fob"
"540-960","540<-R960",960,540,"",1950,"","","","",,"","","","","","","not reported","","fob"
"541-551","R541->551",541,551,"",1950,"","","","",0,"","","","","","","imputed zero","","fob"
"541-551","541<-R551",551,541,"",1950,"","","","",0,"","","","","","","imputed zero","","fob"
"541-552","R541->552",541,552,"541->552",1950,"Zimbabwe (Rhodesia) (Southern Rhodesia)","GPH","Mozambique (Portuguese East Africa)","GPH",285714.28,"541","NA","NA","NA","NA","NA","ok","NA","fob"
"541-552","541<-R552",552,541,"552->541",1950,"Mozambique (Portuguese East Africa)","GPH","Zimbabwe (Rhodesia) (Southern Rhodesia)","GPH",250000,"552","NA","NA","NA","NA","NA","ok","NA","fob"
"541-560","R541->560",541,560,"541->560",1950,"South Africa","GPH","Mozambique (Portuguese East Africa)","GPH",785714.31,"541","NA","NA","NA","NA","NA","ok","NA","fob"
"541-560","541<-R560",560,541,"",1950,"","","","",,"","","","","","","not reported","","fob"
"541-580","R541->580",541,580,"",1950,"","","","",0,"","","","","","","imputed zero","","fob"
"541-580","541<-R580",580,541,"",1950,"","","","",0,"","","","","","","imputed zero","","fob"
"541-600","R541->600",541,600,"",1950,"","","","",0,"","","","","","","imputed zero","","fob"
"541-600","541<-R600",600,541,"",1950,"","","","",0,"","","","","","","imputed zero","","fob"
"541-615","R541->615",541,615,"",1950,"","","","",0,"","","","","","","imputed zero","","fob"
"541-615","541<-R615",615,541,"",1950,"","","","",0,"","","","","","","imputed zero","","fob"
"541-616","541<-R616",616,541,"",1950,"","","","",0,"","","","","","","imputed zero","","fob"
"541-616","R541->616",541,616,"",1950,"","","","",0,"","","","","","","imputed zero","","fob"
"541-625","R541->625",541,625,"",1950,"","","","",0,"","","","","","","imputed zero","","fob"
"541-625","541<-R625",625,541,"",1950,"","","","",0,"","","","","","","imputed zero","","fob"
"541-630","R541->630",541,630,"",1950,"","","","",0,"","","","","","","imputed zero","","fob"
"541-630","541<-R630",630,541,"",1950,"","","","",,"","","","","","","not reported","","fob"
"541-640","R541->640",541,640,"",1950,"","","","",0,"","","","","","","imputed zero","","fob"
"541-640","541<-R640",640,541,"",1950,"","","","",0,"","","","","","","imputed zero","","fob"
"541-645","541<-R645",645,541,"",1950,"","","","",0,"","","","","","","imputed zero","","fob"
"541-645","R541->645",541,645,"",1950,"","","","",0,"","","","","","","imputed zero","","fob"
"541-651","541<-R651",651,541,"",1950,"","","","",0,"","","","","","","imputed zero","","fob"
"541-651","R541->651",541,651,"",1950,"","","","",0,"","","","","","","imputed zero","","fob"
"541-652","541<-R652",652,541,"",1950,"","","","",0,"","","","","","","imputed zero","","fob"
"541-652","R541->652",541,652,"",1950,"","","","",0,"","","","","","","imputed zero","","fob"
"541-660","541<-R660",660,541,"",1950,"","","","",0,"","","","","","","imputed zero","","fob"
"541-660","R541->660",541,660,"",1950,"","","","",0,"","","","","","","imputed zero","","fob"
"541-666","541<-R666",666,541,"",1950,"","","","",0,"","","","","","","imputed zero","","fob"
"541-666","R541->666",541,666,"",1950,"","","","",0,"","","","","","","imputed zero","","fob"
"541-670","541<-R670",670,541,"",1950,"","","","",,"","","","","","","not reported","","fob"
"541-670","R541->670",541,670,"",1950,"","","","",0,"","","","","","","imputed zero","","fob"
"541-68","R541->68",541,68,"",1950,"","","","",0,"","","","","","","imputed zero","","fob"
"541-68","541<-R68",68,541,"",1950,"","","","",,"","","","","","","not reported","","fob"
"541-70","541<-R70",70,541,"",1950,"","","","",0,"","","","","","","imputed zero","","fob"
"541-70","R541->70",541,70,"",1950,"","","","",0,"","","","","","","imputed zero","","fob"
"541-710","541<-R710",710,541,"",1950,"","","","",,"","","","","","","not reported","","fob"
"541-710","R541->710",541,710,"",1950,"","","","",0,"","","","","","","imputed zero","","fob"
"541-713","R541->713",541,713,"",1950,"","","","",0,"","","","","","","imputed zero","","fob"
"541-713","541<-R713",713,541,"",1950,"","","","",,"","","","","","","not reported","","fob"
"541-720","541<-R720",720,541,"720->541",1950,"Mozambique (Portuguese East Africa)","GPH","Hong Kong","GPH",107142.86,"720","NA","NA","NA","NA","NA","ok","NA","fob"
"541-720","R541->720",541,720,"",1950,"","","","",0,"","","","","","","imputed zero","","fob"
"541-732","R541->732",541,732,"",1950,"","","","",0,"","","","","","","imputed zero","","fob"
"541-732","541<-R732",732,541,"",1950,"","","","",,"","","","","","","not reported","","fob"
"541-740","541<-R740",740,541,"",1950,"","","","",0,"","","","","","","imputed zero","","fob"
"541-740","R541->740",541,740,"",1950,"","","","",0,"","","","","","","imputed zero","","fob"
"541-750","R541->750",541,750,"541->750",1950,"India","GPH","Mozambique (Portuguese East Africa)","GPH",1107142.9,"541","NA","NA","NA","NA","NA","ok","NA","fob"
"541-750","541<-R750",750,541,"750->541",1950,"Mozambique (Portuguese East Africa)","GPH","India","GPH",428571.44,"750","NA","NA","NA","NA","NA","ok","NA","fob"
"541-770","R541->770",541,770,"",1950,"","","","",0,"","","","","","","imputed zero","","fob"
"541-770","541<-R770",770,541,"",1950,"","","","",0,"","","","","","","imputed zero","","fob"
"541-775","541<-R775",775,541,"",1950,"","","","",0,"","","","","","","imputed zero","","fob"
"541-775","R541->775",541,775,"",1950,"","","","",0,"","","","","","","imputed zero","","fob"
"541-780","R541->780",541,780,"",1950,"","","","",0,"","","","","","","imputed zero","","fob"
"541-780","541<-R780",780,541,"",1950,"","","","",0,"","","","","","","imputed zero","","fob"
"541-800","541<-R800",800,541,"",1950,"","","","",,"","","","","","","not reported","","fob"
"541-800","R541->800",541,800,"",1950,"","","","",0,"","","","","","","imputed zero","","fob"
"541-840","R541->840",541,840,"",1950,"","","","",0,"","","","","","","imputed zero","","fob"
"541-840","541<-R840",840,541,"",1950,"","","","",0,"","","","","","","imputed zero","","fob"
"541-850","R541->850",541,850,"",1950,"","","","",0,"","","","","","","imputed zero","","fob"
"541-850","541<-R850",850,541,"",1950,"","","","",0,"","","","","","","imputed zero","","fob"
"541-90","R541->90",541,90,"",1950,"","","","",0,"","","","","","","imputed zero","","fob"
"541-90","541<-R90",90,541,"",1950,"","","","",0,"","","","","","","imputed zero","","fob"
"541-900","541<-R900",900,541,"900->541",1950,"Mozambique (Portuguese East Africa)","GPH","Australia","GPH",535714.31,"900","NA","NA","NA","NA","NA","ok","NA","fob"
"541-900","R541->900",541,900,"541->900",1950,"Australia","GPH","Mozambique (Portuguese East Africa)","GPH",35714.285,"541","NA","NA","NA","NA","NA","ok","NA","fob"
"541-91","541<-R91",91,541,"",1950,"","","","",0,"","","","","","","imputed zero","","fob"
"541-91","R541->91",541,91,"",1950,"","","","",0,"","","","","","","imputed zero","","fob"
"541-92","541<-R92",92,541,"",1950,"","","","",0,"","","","","","","imputed zero","","fob"
"541-92","R541->92",541,92,"",1950,"","","","",0,"","","","","","","imputed zero","","fob"
"541-920","R541->920",541,920,"",1950,"","","","",0,"","","","","","","imputed zero","","fob"
"541-920","541<-R920",920,541,"",1950,"","","","",0,"","","","","","","imputed zero","","fob"
"541-93","541<-R93",93,541,"",1950,"","","","",0,"","","","","","","imputed zero","","fob"
"541-93","R541->93",541,93,"",1950,"","","","",0,"","","","","","","imputed zero","","fob"
"541-94","541<-R94",94,541,"",1950,"","","","",0,"","","","","","","imputed zero","","fob"
"541-94","R541->94",541,94,"",1950,"","","","",0,"","","","","","","imputed zero","","fob"
"541-95","541<-R95",95,541,"",1950,"","","","",0,"","","","","","","imputed zero","","fob"
"541-95","R541->95",541,95,"",1950,"","","","",0,"","","","","","","imputed zero","","fob"
"541-960","R541->960",541,960,"",1950,"","","","",0,"","","","","","","imputed zero","","fob"
"541-960","541<-R960",960,541,"",1950,"","","","",,"","","","","","","not reported","","fob"
"551-552","551<-R552",552,551,"552->551",1950,"Zambia (Northern Rhodesia)","GPH","Zimbabwe (Rhodesia) (Southern Rhodesia)","GPH",7607143,"552","NA","NA","NA","NA","NA","ok","NA","fob"
"551-552","R551->552",551,552,"551->552",1950,"Zimbabwe (Rhodesia) (Southern Rhodesia)","GPH","Zambia (Northern Rhodesia)","GPH",1500000,"551","NA","NA","NA","NA","NA","ok","NA","fob"
"551-560","551<-R560",560,551,"",1950,"","","","",,"","","","","","","not reported","","fob"
"551-560","R551->560",551,560,"551->560",1950,"South Africa","GPH","Zambia (Northern Rhodesia)","GPH",4714285.5,"551","NA","NA","NA","NA","NA","ok","NA","fob"
"551-580","R551->580",551,580,"",1950,"","","","",0,"","","","","","","imputed zero","","fob"
"551-580","551<-R580",580,551,"",1950,"","","","",0,"","","","","","","imputed zero","","fob"
"551-600","R551->600",551,600,"",1950,"","","","",0,"","","","","","","imputed zero","","fob"
"551-600","551<-R600",600,551,"",1950,"","","","",0,"","","","","","","imputed zero","","fob"
"551-615","551<-R615",615,551,"",1950,"","","","",0,"","","","","","","imputed zero","","fob"
"551-615","R551->615",551,615,"",1950,"","","","",0,"","","","","","","imputed zero","","fob"
"551-616","551<-R616",616,551,"",1950,"","","","",0,"","","","","","","imputed zero","","fob"
"551-616","R551->616",551,616,"",1950,"","","","",0,"","","","","","","imputed zero","","fob"
"551-625","R551->625",551,625,"",1950,"","","","",0,"","","","","","","imputed zero","","fob"
"551-625","551<-R625",625,551,"",1950,"","","","",0,"","","","","","","imputed zero","","fob"
"551-630","R551->630",551,630,"",1950,"","","","",0,"","","","","","","imputed zero","","fob"
"551-630","551<-R630",630,551,"",1950,"","","","",,"","","","","","","not reported","","fob"
"551-640","551<-R640",640,551,"",1950,"","","","",0,"","","","","","","imputed zero","","fob"
"551-640","R551->640",551,640,"",1950,"","","","",0,"","","","","","","imputed zero","","fob"
"551-645","551<-R645",645,551,"",1950,"","","","",0,"","","","","","","imputed zero","","fob"
"551-645","R551->645",551,645,"",1950,"","","","",0,"","","","","","","imputed zero","","fob"
"551-651","R551->651",551,651,"",1950,"","","","",0,"","","","","","","imputed zero","","fob"
"551-651","551<-R651",651,551,"",1950,"","","","",0,"","","","","","","imputed zero","","fob"
"551-652","R551->652",551,652,"",1950,"","","","",0,"","","","","","","imputed zero","","fob"
"551-652","551<-R652",652,551,"",1950,"","","","",0,"","","","","","","imputed zero","","fob"
"551-660","R551->660",551,660,"",1950,"","","","",0,"","","","","","","imputed zero","","fob"
"551-660","551<-R660",660,551,"",1950,"","","","",0,"","","","","","","imputed zero","","fob"
"551-666","551<-R666",666,551,"",1950,"","","","",0,"","","","","","","imputed zero","","fob"
"551-666","R551->666",551,666,"",1950,"","","","",0,"","","","","","","imputed zero","","fob"
"551-670","R551->670",551,670,"",1950,"","","","",0,"","","","","","","imputed zero","","fob"
"551-670","551<-R670",670,551,"",1950,"","","","",,"","","","","","","not reported","","fob"
"551-68","551<-R68",68,551,"",1950,"","","","",,"","","","","","","not reported","","fob"
"551-68","R551->68",551,68,"",1950,"","","","",0,"","","","","","","imputed zero","","fob"
"551-70","551<-R70",70,551,"",1950,"","","","",0,"","","","","","","imputed zero","","fob"
"551-70","R551->70",551,70,"",1950,"","","","",0,"","","","","","","imputed zero","","fob"
"551-710","R551->710",551,710,"",1950,"","","","",0,"","","","","","","imputed zero","","fob"
"551-710","551<-R710",710,551,"",1950,"","","","",,"","","","","","","not reported","","fob"
"551-713","551<-R713",713,551,"",1950,"","","","",,"","","","","","","not reported","","fob"
"551-713","R551->713",551,713,"",1950,"","","","",0,"","","","","","","imputed zero","","fob"
"551-720","551<-R720",720,551,"",1950,"","","","",0,"","","","","","","imputed zero","","fob"
"551-720","R551->720",551,720,"",1950,"","","","",0,"","","","","","","imputed zero","","fob"
"551-732","551<-R732",732,551,"",1950,"","","","",,"","","","","","","not reported","","fob"
"551-732","R551->732",551,732,"",1950,"","","","",0,"","","","","","","imputed zero","","fob"
"551-740","R551->740",551,740,"",1950,"","","","",0,"","","","","","","imputed zero","","fob"
"551-740","551<-R740",740,551,"740->551",1950,"Zambia (Northern Rhodesia)","GPH","Japan","GPH",107142.86,"740","NA","NA","NA","NA","NA","ok","NA","fob"
"551-750","R551->750",551,750,"551->750",1950,"India","GPH","Zambia (Northern Rhodesia)","GPH",1428571.4,"551","NA","NA","NA","NA","NA","ok","NA","fob"
"551-750","551<-R750",750,551,"",1950,"","","","",0,"","","","","","","imputed zero","","fob"
"551-770","551<-R770",770,551,"",1950,"","","","",0,"","","","","","","imputed zero","","fob"
"551-770","R551->770",551,770,"",1950,"","","","",0,"","","","","","","imputed zero","","fob"
"551-775","R551->775",551,775,"",1950,"","","","",0,"","","","","","","imputed zero","","fob"
"551-775","551<-R775",775,551,"",1950,"","","","",0,"","","","","","","imputed zero","","fob"
"551-780","R551->780",551,780,"",1950,"","","","",0,"","","","","","","imputed zero","","fob"
"551-780","551<-R780",780,551,"",1950,"","","","",0,"","","","","","","imputed zero","","fob"
"551-800","R551->800",551,800,"",1950,"","","","",0,"","","","","","","imputed zero","","fob"
"551-800","551<-R800",800,551,"",1950,"","","","",,"","","","","","","not reported","","fob"
"551-840","R551->840",551,840,"",1950,"","","","",0,"","","","","","","imputed zero","","fob"
"551-840","551<-R840",840,551,"",1950,"","","","",0,"","","","","","","imputed zero","","fob"
"551-850","R551->850",551,850,"",1950,"","","","",0,"","","","","","","imputed zero","","fob"
"551-850","551<-R850",850,551,"",1950,"","","","",0,"","","","","","","imputed zero","","fob"
"551-90","551<-R90",90,551,"",1950,"","","","",0,"","","","","","","imputed zero","","fob"
"551-90","R551->90",551,90,"",1950,"","","","",0,"","","","","","","imputed zero","","fob"
"551-900","R551->900",551,900,"551->900",1950,"Australia","GPH","Zambia (Northern Rhodesia)","GPH",285714.28,"551","NA","NA","NA","NA","NA","ok","NA","fob"
"551-900","551<-R900",900,551,"900->551",1950,"Zambia (Northern Rhodesia)","GPH","Australia","GPH",214285.72,"900","NA","NA","NA","NA","NA","ok","NA","fob"
"551-91","551<-R91",91,551,"",1950,"","","","",0,"","","","","","","imputed zero","","fob"
"551-91","R551->91",551,91,"",1950,"","","","",0,"","","","","","","imputed zero","","fob"
"551-92","551<-R92",92,551,"",1950,"","","","",0,"","","","","","","imputed zero","","fob"
"551-92","R551->92",551,92,"",1950,"","","","",0,"","","","","","","imputed zero","","fob"
"551-920","R551->920",551,920,"",1950,"","","","",0,"","","","","","","imputed zero","","fob"
"551-920","551<-R920",920,551,"",1950,"","","","",0,"","","","","","","imputed zero","","fob"
"551-93","R551->93",551,93,"",1950,"","","","",0,"","","","","","","imputed zero","","fob"
"551-93","551<-R93",93,551,"",1950,"","","","",0,"","","","","","","imputed zero","","fob"
"551-94","551<-R94",94,551,"",1950,"","","","",0,"","","","","","","imputed zero","","fob"
"551-94","R551->94",551,94,"",1950,"","","","",0,"","","","","","","imputed zero","","fob"
"551-95","R551->95",551,95,"",1950,"","","","",0,"","","","","","","imputed zero","","fob"
"551-95","551<-R95",95,551,"",1950,"","","","",0,"","","","","","","imputed zero","","fob"
"551-960","R551->960",551,960,"",1950,"","","","",0,"","","","","","","imputed zero","","fob"
"551-960","551<-R960",960,551,"",1950,"","","","",,"","","","","","","not reported","","fob"
"552-560","R552->560",552,560,"552->560",1950,"South Africa","GPH","Zimbabwe (Rhodesia) (Southern Rhodesia)","GPH",5642857,"552","NA","NA","NA","NA","NA","ok","NA","fob"
"552-560","552<-R560",560,552,"",1950,"","","","",,"","","","","","","not reported","","fob"
"552-580","R552->580",552,580,"",1950,"","","","",0,"","","","","","","imputed zero","","fob"
"552-580","552<-R580",580,552,"",1950,"","","","",0,"","","","","","","imputed zero","","fob"
"552-600","552<-R600",600,552,"",1950,"","","","",0,"","","","","","","imputed zero","","fob"
"552-600","R552->600",552,600,"",1950,"","","","",0,"","","","","","","imputed zero","","fob"
"552-615","552<-R615",615,552,"",1950,"","","","",0,"","","","","","","imputed zero","","fob"
"552-615","R552->615",552,615,"",1950,"","","","",0,"","","","","","","imputed zero","","fob"
"552-616","552<-R616",616,552,"",1950,"","","","",0,"","","","","","","imputed zero","","fob"
"552-616","R552->616",552,616,"",1950,"","","","",0,"","","","","","","imputed zero","","fob"
"552-625","552<-R625",625,552,"",1950,"","","","",0,"","","","","","","imputed zero","","fob"
"552-625","R552->625",552,625,"",1950,"","","","",0,"","","","","","","imputed zero","","fob"
"552-630","552<-R630",630,552,"",1950,"","","","",,"","","","","","","not reported","","fob"
"552-630","R552->630",552,630,"",1950,"","","","",0,"","","","","","","imputed zero","","fob"
"552-640","R552->640",552,640,"552->640",1950,"Turkey (Ottoman Empire)","GPH","Zimbabwe (Rhodesia) (Southern Rhodesia)","GPH",35714.285,"552","NA","NA","NA","NA","NA","ok","NA","fob"
"552-640","552<-R640",640,552,"",1950,"","","","",0,"","","","","","","imputed zero","","fob"
"552-645","R552->645",552,645,"",1950,"","","","",0,"","","","","","","imputed zero","","fob"
"552-645","552<-R645",645,552,"",1950,"","","","",0,"","","","","","","imputed zero","","fob"
"552-651","R552->651",552,651,"552->651",1950,"Egypt Arab Republic (Egypt)","GPH","Zimbabwe (Rhodesia) (Southern Rhodesia)","GPH",785714.31,"552","NA","NA","NA","NA","NA","ok","NA","fob"
"552-651","552<-R651",651,552,"",1950,"","","","",0,"","","","","","","imputed zero","","fob"
"552-652","552<-R652",652,552,"",1950,"","","","",0,"","","","","","","imputed zero","","fob"
"552-652","R552->652",552,652,"",1950,"","","","",0,"","","","","","","imputed zero","","fob"
"552-660","R552->660",552,660,"",1950,"","","","",0,"","","","","","","imputed zero","","fob"
"552-660","552<-R660",660,552,"",1950,"","","","",0,"","","","","","","imputed zero","","fob"
"552-666","R552->666",552,666,"",1950,"","","","",0,"","","","","","","imputed zero","","fob"
"552-666","552<-R666",666,552,"",1950,"","","","",0,"","","","","","","imputed zero","","fob"
"552-670","552<-R670",670,552,"",1950,"","","","",,"","","","","","","not reported","","fob"
"552-670","R552->670",552,670,"",1950,"","","","",0,"","","","","","","imputed zero","","fob"
"552-68","R552->68",552,68,"",1950,"","","","",0,"","","","","","","imputed zero","","fob"
"552-68","552<-R68",68,552,"",1950,"","","","",,"","","","","","","not reported","","fob"
"552-70","552<-R70",70,552,"",1950,"","","","",0,"","","","","","","imputed zero","","fob"
"552-70","R552->70",552,70,"",1950,"","","","",0,"","","","","","","imputed zero","","fob"
"552-710","R552->710",552,710,"",1950,"","","","",0,"","","","","","","imputed zero","","fob"
"552-710","552<-R710",710,552,"",1950,"","","","",,"","","","","","","not reported","","fob"
"552-713","552<-R713",713,552,"",1950,"","","","",,"","","","","","","not reported","","fob"
"552-713","R552->713",552,713,"",1950,"","","","",0,"","","","","","","imputed zero","","fob"
"552-720","R552->720",552,720,"",1950,"","","","",0,"","","","","","","imputed zero","","fob"
"552-720","552<-R720",720,552,"",1950,"","","","",0,"","","","","","","imputed zero","","fob"
"552-732","R552->732",552,732,"",1950,"","","","",0,"","","","","","","imputed zero","","fob"
"552-732","552<-R732",732,552,"",1950,"","","","",,"","","","","","","not reported","","fob"
"552-740","552<-R740",740,552,"740->552",1950,"Zimbabwe (Rhodesia) (Southern Rhodesia)","GPH","Japan","GPH",35714.285,"740","NA","NA","NA","NA","NA","ok","NA","fob"
"552-740","R552->740",552,740,"552->740",1950,"Japan","GPH","Zimbabwe (Rhodesia) (Southern Rhodesia)","GPH",71428.57,"552","NA","NA","NA","NA","NA","ok","NA","fob"
"552-750","R552->750",552,750,"552->750",1950,"India","GPH","Zimbabwe (Rhodesia) (Southern Rhodesia)","GPH",321428.56,"552","NA","NA","NA","NA","NA","ok","NA","fob"
"552-750","552<-R750",750,552,"",1950,"","","","",0,"","","","","","","imputed zero","","fob"
"552-770","552<-R770",770,552,"",1950,"","","","",0,"","","","","","","imputed zero","","fob"
"552-770","R552->770",552,770,"",1950,"","","","",0,"","","","","","","imputed zero","","fob"
"552-775","R552->775",552,775,"",1950,"","","","",0,"","","","","","","imputed zero","","fob"
"552-775","552<-R775",775,552,"",1950,"","","","",0,"","","","","","","imputed zero","","fob"
"552-780","552<-R780",780,552,"780->552",1950,"Zimbabwe (Rhodesia) (Southern Rhodesia)","GPH","Sri Lanka (Ceylon)","GPH",71428.57,"780","NA","NA","NA","NA","NA","ok","NA","fob"
"552-780","R552->780",552,780,"",1950,"","","","",0,"","","","","","","imputed zero","","fob"
"552-800","R552->800",552,800,"",1950,"","","","",0,"","","","","","","imputed zero","","fob"
"552-800","552<-R800",800,552,"",1950,"","","","",,"","","","","","","not reported","","fob"
"552-840","R552->840",552,840,"",1950,"","","","",0,"","","","","","","imputed zero","","fob"
"552-840","552<-R840",840,552,"",1950,"","","","",0,"","","","","","","imputed zero","","fob"
"552-850","552<-R850",850,552,"",1950,"","","","",0,"","","","","","","imputed zero","","fob"
"552-850","R552->850",552,850,"",1950,"","","","",0,"","","","","","","imputed zero","","fob"
"552-90","R552->90",552,90,"",1950,"","","","",0,"","","","","","","imputed zero","","fob"
"552-90","552<-R90",90,552,"",1950,"","","","",0,"","","","","","","imputed zero","","fob"
"552-900","R552->900",552,900,"552->900",1950,"Australia","GPH","Zimbabwe (Rhodesia) (Southern Rhodesia)","GPH",1535714.3,"552","NA","NA","NA","NA","NA","ok","NA","fob"
"552-900","552<-R900",900,552,"900->552",1950,"Zimbabwe (Rhodesia) (Southern Rhodesia)","GPH","Australia","GPH",821428.56,"900","NA","NA","NA","NA","NA","ok","NA","fob"
"552-91","552<-R91",91,552,"",1950,"","","","",0,"","","","","","","imputed zero","","fob"
"552-91","R552->91",552,91,"",1950,"","","","",0,"","","","","","","imputed zero","","fob"
"552-92","R552->92",552,92,"",1950,"","","","",0,"","","","","","","imputed zero","","fob"
"552-92","552<-R92",92,552,"",1950,"","","","",0,"","","","","","","imputed zero","","fob"
"552-920","R552->920",552,920,"",1950,"","","","",0,"","","","","","","imputed zero","","fob"
"552-920","552<-R920",920,552,"",1950,"","","","",0,"","","","","","","imputed zero","","fob"
"552-93","R552->93",552,93,"",1950,"","","","",0,"","","","","","","imputed zero","","fob"
"552-93","552<-R93",93,552,"",1950,"","","","",0,"","","","","","","imputed zero","","fob"
"552-94","552<-R94",94,552,"",1950,"","","","",0,"","","","","","","imputed zero","","fob"
"552-94","R552->94",552,94,"",1950,"","","","",0,"","","","","","","imputed zero","","fob"
"552-95","R552->95",552,95,"",1950,"","","","",0,"","","","","","","imputed zero","","fob"
"552-95","552<-R95",95,552,"",1950,"","","","",0,"","","","","","","imputed zero","","fob"
"552-960","R552->960",552,960,"",1950,"","","","",0,"","","","","","","imputed zero","","fob"
"552-960","552<-R960",960,552,"",1950,"","","","",,"","","","","","","not reported","","fob"
"560-580","560<-R580",580,560,"",1950,"","","","",0,"","","","","","","imputed zero","","fob"
"560-580","R560->580",560,580,"",1950,"","","","",,"","","","","","","not reported","","fob"
"560-600","560<-R600",600,560,"600->560",1950,"South Africa","GPH","Morocco","GPH",1250000,"600","NA","NA","NA","NA","NA","ok","NA","fob"
"560-600","R560->600",560,600,"",1950,"","","","",,"","","","","","","not reported","","fob"
"560-615","R560->615",560,615,"",1950,"","","","",,"","","","","","","not reported","","fob"
"560-615","560<-R615",615,560,"",1950,"","","","",0,"","","","","","","imputed zero","","fob"
"560-616","560<-R616",616,560,"",1950,"","","","",0,"","","","","","","imputed zero","","fob"
"560-616","R560->616",560,616,"",1950,"","","","",,"","","","","","","not reported","","fob"
"560-625","560<-R625",625,560,"625->560",1950,"South Africa","GPH","Sudan (Anglo-Egyptian Sudan) (Mahdist State)","GPH",35714.285,"625","NA","NA","NA","NA","NA","ok","NA","fob"
"560-625","R560->625",560,625,"",1950,"","","","",,"","","","","","","not reported","","fob"
"560-630","R560->630",560,630,"",1950,"","","","",,"","","","","","","not reported","","fob"
"560-630","560<-R630",630,560,"",1950,"","","","",,"","","","","","","not reported","","fob"
"560-640","R560->640",560,640,"",1950,"","","","",,"","","","","","","not reported","","fob"
"560-640","560<-R640",640,560,"",1950,"","","","",0,"","","","","","","imputed zero","","fob"
"560-645","560<-R645",645,560,"",1950,"","","","",0,"","","","","","","imputed zero","","fob"
"560-645","R560->645",560,645,"",1950,"","","","",,"","","","","","","not reported","","fob"
"560-651","560<-R651",651,560,"",1950,"","","","",0,"","","","","","","imputed zero","","fob"
"560-651","R560->651",560,651,"",1950,"","","","",,"","","","","","","not reported","","fob"
"560-652","560<-R652",652,560,"",1950,"","","","",0,"","","","","","","imputed zero","","fob"
"560-652","R560->652",560,652,"",1950,"","","","",,"","","","","","","not reported","","fob"
"560-660","R560->660",560,660,"",1950,"","","","",,"","","","","","","not reported","","fob"
"560-660","560<-R660",660,560,"",1950,"","","","",0,"","","","","","","imputed zero","","fob"
"560-666","560<-R666",666,560,"",1950,"","","","",0,"","","","","","","imputed zero","","fob"
"560-666","R560->666",560,666,"",1950,"","","","",,"","","","","","","not reported","","fob"
"560-670","R560->670",560,670,"",1950,"","","","",,"","","","","","","not reported","","fob"
"560-670","560<-R670",670,560,"",1950,"","","","",,"","","","","","","not reported","","fob"
"560-68","R560->68",560,68,"",1950,"","","","",,"","","","","","","not reported","","fob"
"560-68","560<-R68",68,560,"",1950,"","","","",,"","","","","","","not reported","","fob"
"560-70","R560->70",560,70,"",1950,"","","","",,"","","","","","","not reported","","fob"
"560-70","560<-R70",70,560,"70->560",1950,"South Africa","GPH","Mexico","GPH",35714.285,"70","NA","NA","NA","NA","NA","ok","NA","fob"
"560-710","R560->710",560,710,"",1950,"","","","",,"","","","","","","not reported","","fob"
"560-710","560<-R710",710,560,"",1950,"","","","",,"","","","","","","not reported","","fob"
"560-713","560<-R713",713,560,"",1950,"","","","",,"","","","","","","not reported","","fob"
"560-713","R560->713",560,713,"",1950,"","","","",,"","","","","","","not reported","","fob"
"560-720","560<-R720",720,560,"720->560",1950,"South Africa","GPH","Hong Kong","GPH",821428.56,"720","NA","NA","NA","NA","NA","ok","NA","fob"
"560-720","R560->720",560,720,"",1950,"","","","",,"","","","","","","not reported","","fob"
"560-732","R560->732",560,732,"",1950,"","","","",,"","","","","","","not reported","","fob"
"560-732","560<-R732",732,560,"",1950,"","","","",,"","","","","","","not reported","","fob"
"560-740","560<-R740",740,560,"740->560",1950,"South Africa","GPH","Japan","GPH",10571429,"740","NA","NA","NA","NA","NA","ok","NA","fob"
"560-740","R560->740",560,740,"",1950,"","","","",,"","","","","","","not reported","","fob"
"560-750","R560->750",560,750,"",1950,"","","","",,"","","","","","","not reported","","fob"
"560-750","560<-R750",750,560,"",1950,"","","","",0,"","","","","","","imputed zero","","fob"
"560-770","R560->770",560,770,"",1950,"","","","",,"","","","","","","not reported","","fob"
"560-770","560<-R770",770,560,"770->560",1950,"South Africa","GPH","Pakistan","GPH",214285.72,"770","NA","NA","NA","NA","NA","ok","NA","fob"
"560-775","560<-R775",775,560,"",1950,"","","","",0,"","","","","","","imputed zero","","fob"
"560-775","R560->775",560,775,"",1950,"","","","",,"","","","","","","not reported","","fob"
"560-780","R560->780",560,780,"",1950,"","","","",,"","","","","","","not reported","","fob"
"560-780","560<-R780",780,560,"780->560",1950,"South Africa","GPH","Sri Lanka (Ceylon)","GPH",4321428.5,"780","NA","NA","NA","NA","NA","ok","NA","fob"
"560-800","R560->800",560,800,"",1950,"","","","",,"","","","","","","not reported","","fob"
"560-800","560<-R800",800,560,"",1950,"","","","",,"","","","","","","not reported","","fob"
"560-840","560<-R840",840,560,"840->560",1950,"South Africa","GPH","Philippines","GPH",357142.84,"840","NA","NA","NA","NA","NA","ok","NA","fob"
"560-840","R560->840",560,840,"",1950,"","","","",,"","","","","","","not reported","","fob"
"560-850","R560->850",560,850,"",1950,"","","","",,"","","","","","","not reported","","fob"
"560-850","560<-R850",850,560,"850->560",1950,"South Africa","GPH","Indonesia (Dutch East Indies)","GPH",1107142.9,"850","NA","NA","NA","NA","NA","ok","NA","fob"
"560-90","560<-R90",90,560,"",1950,"","","","",0,"","","","","","","imputed zero","","fob"
"560-90","R560->90",560,90,"",1950,"","","","",,"","","","","","","not reported","","fob"
"560-900","R560->900",560,900,"",1950,"","","","",,"","","","","","","not reported","","fob"
"560-900","560<-R900",900,560,"900->560",1950,"South Africa","GPH","Australia","GPH",3035714.3,"900","NA","NA","NA","NA","NA","ok","NA","fob"
"560-91","560<-R91",91,560,"",1950,"","","","",0,"","","","","","","imputed zero","","fob"
"560-91","R560->91",560,91,"",1950,"","","","",,"","","","","","","not reported","","fob"
"560-92","R560->92",560,92,"",1950,"","","","",,"","","","","","","not reported","","fob"
"560-92","560<-R92",92,560,"",1950,"","","","",0,"","","","","","","imputed zero","","fob"
"560-920","R560->920",560,920,"",1950,"","","","",,"","","","","","","not reported","","fob"
"560-920","560<-R920",920,560,"920->560",1950,"South Africa","GPH","New Zealand","GPH",285714.28,"920","NA","NA","NA","NA","NA","ok","NA","fob"
"560-93","560<-R93",93,560,"",1950,"","","","",0,"","","","","","","imputed zero","","fob"
"560-93","R560->93",560,93,"",1950,"","","","",,"","","","","","","not reported","","fob"
"560-94","R560->94",560,94,"",1950,"","","","",,"","","","","","","not reported","","fob"
"560-94","560<-R94",94,560,"94->560",1950,"South Africa","GPH","Costa Rica","GPH",35714.285,"94","NA","NA","NA","NA","NA","ok","NA","fob"
"560-95","560<-R95",95,560,"",1950,"","","","",0,"","","","","","","imputed zero","","fob"
"560-95","R560->95",560,95,"",1950,"","","","",,"","","","","","","not reported","","fob"
"560-960","560<-R960",960,560,"",1950,"","","","",,"","","","","","","not reported","","fob"
"560-960","R560->960",560,960,"",1950,"","","","",,"","","","","","","not reported","","fob"
"580-600","R580->600",580,600,"",1950,"","","","",0,"","","","","","","imputed zero","","fob"
"580-600","580<-R600",600,580,"600->580",1950,"Madagascar (Malagasy Republic)","GPH","Morocco","GPH",71428.57,"600","NA","NA","NA","NA","NA","ok","NA","fob"
"580-615","580<-R615",615,580,"615->580",1950,"Madagascar (Malagasy Republic)","GPH","Algeria (Regency of Algiers)","GPH",214285.72,"615","NA","NA","NA","NA","NA","ok","NA","fob"
"580-615","R580->615",580,615,"580->615",1950,"Algeria (Regency of Algiers)","GPH","Madagascar (Malagasy Republic)","GPH",428571.44,"580","NA","NA","NA","NA","NA","ok","NA","fob"
"580-616","R580->616",580,616,"580->616",1950,"Tunisia (Regency of Tunis)","GPH","Madagascar (Malagasy Republic)","GPH",35714.285,"580","NA","NA","NA","NA","NA","ok","NA","fob"
"580-616","580<-R616",616,580,"",1950,"","","","",0,"","","","","","","imputed zero","","fob"
"580-625","R580->625",580,625,"",1950,"","","","",0,"","","","","","","imputed zero","","fob"
"580-625","580<-R625",625,580,"",1950,"","","","",0,"","","","","","","imputed zero","","fob"
"580-630","580<-R630",630,580,"",1950,"","","","",,"","","","","","","not reported","","fob"
"580-630","R580->630",580,630,"",1950,"","","","",0,"","","","","","","imputed zero","","fob"
"580-640","R580->640",580,640,"",1950,"","","","",0,"","","","","","","imputed zero","","fob"
"580-640","580<-R640",640,580,"",1950,"","","","",0,"","","","","","","imputed zero","","fob"
"580-645","580<-R645",645,580,"",1950,"","","","",0,"","","","","","","imputed zero","","fob"
"580-645","R580->645",580,645,"",1950,"","","","",0,"","","","","","","imputed zero","","fob"
"580-651","R580->651",580,651,"",1950,"","","","",0,"","","","","","","imputed zero","","fob"
"580-651","580<-R651",651,580,"",1950,"","","","",0,"","","","","","","imputed zero","","fob"
"580-652","580<-R652",652,580,"",1950,"","","","",0,"","","","","","","imputed zero","","fob"
"580-652","R580->652",580,652,"",1950,"","","","",0,"","","","","","","imputed zero","","fob"
"580-660","580<-R660",660,580,"",1950,"","","","",0,"","","","","","","imputed zero","","fob"
"580-660","R580->660",580,660,"",1950,"","","","",0,"","","","","","","imputed zero","","fob"
"580-666","580<-R666",666,580,"",1950,"","","","",0,"","","","","","","imputed zero","","fob"
"580-666","R580->666",580,666,"",1950,"","","","",0,"","","","","","","imputed zero","","fob"
"580-670","R580->670",580,670,"",1950,"","","","",0,"","","","","","","imputed zero","","fob"
"580-670","580<-R670",670,580,"",1950,"","","","",,"","","","","","","not reported","","fob"
"580-68","R580->68",580,68,"",1950,"","","","",0,"","","","","","","imputed zero","","fob"
"580-68","580<-R68",68,580,"",1950,"","","","",,"","","","","","","not reported","","fob"
"580-70","580<-R70",70,580,"",1950,"","","","",0,"","","","","","","imputed zero","","fob"
"580-70","R580->70",580,70,"",1950,"","","","",0,"","","","","","","imputed zero","","fob"
"580-710","R580->710",580,710,"",1950,"","","","",0,"","","","","","","imputed zero","","fob"
"580-710","580<-R710",710,580,"",1950,"","","","",,"","","","","","","not reported","","fob"
"580-713","580<-R713",713,580,"",1950,"","","","",,"","","","","","","not reported","","fob"
"580-713","R580->713",580,713,"",1950,"","","","",0,"","","","","","","imputed zero","","fob"
"580-720","R580->720",580,720,"",1950,"","","","",0,"","","","","","","imputed zero","","fob"
"580-720","580<-R720",720,580,"",1950,"","","","",0,"","","","","","","imputed zero","","fob"
"580-732","580<-R732",732,580,"",1950,"","","","",,"","","","","","","not reported","","fob"
"580-732","R580->732",580,732,"",1950,"","","","",0,"","","","","","","imputed zero","","fob"
"580-740","580<-R740",740,580,"",1950,"","","","",0,"","","","","","","imputed zero","","fob"
"580-740","R580->740",580,740,"",1950,"","","","",0,"","","","","","","imputed zero","","fob"
"580-750","580<-R750",750,580,"750->580",1950,"Madagascar (Malagasy Republic)","GPH","India","GPH",71428.57,"750","NA","NA","NA","NA","NA","ok","NA","fob"
"580-750","R580->750",580,750,"580->750",1950,"India","GPH","Madagascar (Malagasy Republic)","GPH",35714.285,"580","NA","NA","NA","NA","NA","ok","NA","fob"
"580-770","580<-R770",770,580,"",1950,"","","","",0,"","","","","","","imputed zero","","fob"
"580-770","R580->770",580,770,"",1950,"","","","",0,"","","","","","","imputed zero","","fob"
"580-775","R580->775",580,775,"",1950,"","","","",0,"","","","","","","imputed zero","","fob"
"580-775","580<-R775",775,580,"",1950,"","","","",0,"","","","","","","imputed zero","","fob"
"580-780","R580->780",580,780,"",1950,"","","","",0,"","","","","","","imputed zero","","fob"
"580-780","580<-R780",780,580,"",1950,"","","","",0,"","","","","","","imputed zero","","fob"
"580-800","R580->800",580,800,"",1950,"","","","",0,"","","","","","","imputed zero","","fob"
"580-800","580<-R800",800,580,"",1950,"","","","",,"","","","","","","not reported","","fob"
"580-840","580<-R840",840,580,"",1950,"","","","",0,"","","","","","","imputed zero","","fob"
"580-840","R580->840",580,840,"",1950,"","","","",0,"","","","","","","imputed zero","","fob"
"580-850","R580->850",580,850,"",1950,"","","","",0,"","","","","","","imputed zero","","fob"
"580-850","580<-R850",850,580,"",1950,"","","","",0,"","","","","","","imputed zero","","fob"
"580-90","R580->90",580,90,"",1950,"","","","",0,"","","","","","","imputed zero","","fob"
"580-90","580<-R90",90,580,"",1950,"","","","",0,"","","","","","","imputed zero","","fob"
"580-900","580<-R900",900,580,"",1950,"","","","",0,"","","","","","","imputed zero","","fob"
"580-900","R580->900",580,900,"",1950,"","","","",0,"","","","","","","imputed zero","","fob"
"580-91","580<-R91",91,580,"",1950,"","","","",0,"","","","","","","imputed zero","","fob"
"580-91","R580->91",580,91,"",1950,"","","","",0,"","","","","","","imputed zero","","fob"
"580-92","580<-R92",92,580,"",1950,"","","","",0,"","","","","","","imputed zero","","fob"
"580-92","R580->92",580,92,"",1950,"","","","",0,"","","","","","","imputed zero","","fob"
"580-920","580<-R920",920,580,"",1950,"","","","",0,"","","","","","","imputed zero","","fob"
"580-920","R580->920",580,920,"",1950,"","","","",0,"","","","","","","imputed zero","","fob"
"580-93","R580->93",580,93,"",1950,"","","","",0,"","","","","","","imputed zero","","fob"
"580-93","580<-R93",93,580,"",1950,"","","","",0,"","","","","","","imputed zero","","fob"
"580-94","R580->94",580,94,"",1950,"","","","",0,"","","","","","","imputed zero","","fob"
"580-94","580<-R94",94,580,"",1950,"","","","",0,"","","","","","","imputed zero","","fob"
"580-95","R580->95",580,95,"",1950,"","","","",0,"","","","","","","imputed zero","","fob"
"580-95","580<-R95",95,580,"",1950,"","","","",0,"","","","","","","imputed zero","","fob"
"580-960","580<-R960",960,580,"",1950,"","","","",,"","","","","","","not reported","","fob"
"580-960","R580->960",580,960,"",1950,"","","","",0,"","","","","","","imputed zero","","fob"
"600-615","R600->615",600,615,"600->615",1950,"Algeria (Regency of Algiers)","GPH","Morocco","GPH",2250000,"600","NA","NA","NA","NA","NA","ok","NA","fob"
"600-615","600<-R615",615,600,"615->600",1950,"Morocco","GPH","Algeria (Regency of Algiers)","GPH",3107142.8,"615","NA","NA","NA","NA","NA","ok","NA","fob"
"600-616","R600->616",600,616,"600->616",1950,"Tunisia (Regency of Tunis)","GPH","Morocco","GPH",428571.44,"600","NA","NA","NA","NA","NA","ok","NA","fob"
"600-616","600<-R616",616,600,"616->600",1950,"Morocco","GPH","Tunisia (Regency of Tunis)","GPH",714285.69,"616","NA","NA","NA","NA","NA","ok","NA","fob"
"600-625","R600->625",600,625,"",1950,"","","","",0,"","","","","","","imputed zero","","fob"
"600-625","600<-R625",625,600,"",1950,"","","","",0,"","","","","","","imputed zero","","fob"
"600-630","R600->630",600,630,"",1950,"","","","",0,"","","","","","","imputed zero","","fob"
"600-630","600<-R630",630,600,"",1950,"","","","",,"","","","","","","not reported","","fob"
"600-640","R600->640",600,640,"",1950,"","","","",0,"","","","","","","imputed zero","","fob"
"600-640","600<-R640",640,600,"",1950,"","","","",0,"","","","","","","imputed zero","","fob"
"600-645","600<-R645",645,600,"",1950,"","","","",0,"","","","","","","imputed zero","","fob"
"600-645","R600->645",600,645,"",1950,"","","","",0,"","","","","","","imputed zero","","fob"
"600-651","600<-R651",651,600,"",1950,"","","","",0,"","","","","","","imputed zero","","fob"
"600-651","R600->651",600,651,"600->651",1950,"Egypt Arab Republic (Egypt)","GPH","Morocco","GPH",142857.14,"600","NA","NA","NA","NA","NA","ok","NA","fob"
"600-652","600<-R652",652,600,"",1950,"","","","",0,"","","","","","","imputed zero","","fob"
"600-652","R600->652",600,652,"600->652",1950,"Syria","GPH","Morocco","GPH",35714.285,"600","NA","NA","NA","NA","NA","ok","NA","fob"
"600-660","600<-R660",660,600,"",1950,"","","","",0,"","","","","","","imputed zero","","fob"
"600-660","R600->660",600,660,"600->660",1950,"Lebanon","GPH","Morocco","GPH",35714.285,"600","NA","NA","NA","NA","NA","ok","NA","fob"
"600-666","R600->666",600,666,"",1950,"","","","",0,"","","","","","","imputed zero","","fob"
"600-666","600<-R666",666,600,"",1950,"","","","",0,"","","","","","","imputed zero","","fob"
"600-670","600<-R670",670,600,"",1950,"","","","",,"","","","","","","not reported","","fob"
"600-670","R600->670",600,670,"",1950,"","","","",0,"","","","","","","imputed zero","","fob"
"600-68","R600->68",600,68,"",1950,"","","","",0,"","","","","","","imputed zero","","fob"
"600-68","600<-R68",68,600,"",1950,"","","","",,"","","","","","","not reported","","fob"
"600-70","R600->70",600,70,"",1950,"","","","",0,"","","","","","","imputed zero","","fob"
"600-70","600<-R70",70,600,"70->600",1950,"Morocco","GPH","Mexico","GPH",35714.285,"70","NA","NA","NA","NA","NA","ok","NA","fob"
"600-710","600<-R710",710,600,"",1950,"","","","",,"","","","","","","not reported","","fob"
"600-710","R600->710",600,710,"",1950,"","","","",0,"","","","","","","imputed zero","","fob"
"600-713","R600->713",600,713,"",1950,"","","","",0,"","","","","","","imputed zero","","fob"
"600-713","600<-R713",713,600,"",1950,"","","","",,"","","","","","","not reported","","fob"
"600-720","R600->720",600,720,"",1950,"","","","",0,"","","","","","","imputed zero","","fob"
"600-720","600<-R720",720,600,"",1950,"","","","",0,"","","","","","","imputed zero","","fob"
"600-732","R600->732",600,732,"",1950,"","","","",0,"","","","","","","imputed zero","","fob"
"600-732","600<-R732",732,600,"",1950,"","","","",,"","","","","","","not reported","","fob"
"600-740","R600->740",600,740,"600->740",1950,"Japan","GPH","Morocco","GPH",250000,"600","NA","NA","NA","NA","NA","ok","NA","fob"
"600-740","600<-R740",740,600,"740->600",1950,"Morocco","GPH","Japan","GPH",321428.56,"740","NA","NA","NA","NA","NA","ok","NA","fob"
"600-750","R600->750",600,750,"600->750",1950,"India","GPH","Morocco","GPH",35714.285,"600","NA","NA","NA","NA","NA","ok","NA","fob"
"600-750","600<-R750",750,600,"750->600",1950,"Morocco","GPH","India","GPH",285714.28,"750","NA","NA","NA","NA","NA","ok","NA","fob"
"600-770","R600->770",600,770,"",1950,"","","","",0,"","","","","","","imputed zero","","fob"
"600-770","600<-R770",770,600,"",1950,"","","","",0,"","","","","","","imputed zero","","fob"
"600-775","R600->775",600,775,"",1950,"","","","",0,"","","","","","","imputed zero","","fob"
"600-775","600<-R775",775,600,"",1950,"","","","",0,"","","","","","","imputed zero","","fob"
"600-780","R600->780",600,780,"",1950,"","","","",0,"","","","","","","imputed zero","","fob"
"600-780","600<-R780",780,600,"",1950,"","","","",0,"","","","","","","imputed zero","","fob"
"600-800","R600->800",600,800,"",1950,"","","","",0,"","","","","","","imputed zero","","fob"
"600-800","600<-R800",800,600,"",1950,"","","","",,"","","","","","","not reported","","fob"
"600-840","R600->840",600,840,"",1950,"","","","",0,"","","","","","","imputed zero","","fob"
"600-840","600<-R840",840,600,"",1950,"","","","",0,"","","","","","","imputed zero","","fob"
"600-850","600<-R850",850,600,"",1950,"","","","",0,"","","","","","","imputed zero","","fob"
"600-850","R600->850",600,850,"600->850",1950,"Indonesia (Dutch East Indies)","GPH","Morocco","GPH",428571.44,"600","NA","NA","NA","NA","NA","ok","NA","fob"
"600-90","600<-R90",90,600,"",1950,"","","","",0,"","","","","","","imputed zero","","fob"
"600-90","R600->90",600,90,"",1950,"","","","",0,"","","","","","","imputed zero","","fob"
"600-900","R600->900",600,900,"600->900",1950,"Australia","GPH","Morocco","GPH",35714.285,"600","NA","NA","NA","NA","NA","ok","NA","fob"
"600-900","600<-R900",900,600,"",1950,"","","","",0,"","","","","","","imputed zero","","fob"
"600-91","600<-R91",91,600,"",1950,"","","","",0,"","","","","","","imputed zero","","fob"
"600-91","R600->91",600,91,"",1950,"","","","",0,"","","","","","","imputed zero","","fob"
"600-92","600<-R92",92,600,"",1950,"","","","",0,"","","","","","","imputed zero","","fob"
"600-92","R600->92",600,92,"",1950,"","","","",0,"","","","","","","imputed zero","","fob"
"600-920","600<-R920",920,600,"",1950,"","","","",0,"","","","","","","imputed zero","","fob"
"600-920","R600->920",600,920,"",1950,"","","","",0,"","","","","","","imputed zero","","fob"
"600-93","R600->93",600,93,"",1950,"","","","",0,"","","","","","","imputed zero","","fob"
"600-93","600<-R93",93,600,"",1950,"","","","",0,"","","","","","","imputed zero","","fob"
"600-94","R600->94",600,94,"",1950,"","","","",0,"","","","","","","imputed zero","","fob"
"600-94","600<-R94",94,600,"",1950,"","","","",0,"","","","","","","imputed zero","","fob"
"600-95","R600->95",600,95,"",1950,"","","","",0,"","","","","","","imputed zero","","fob"
"600-95","600<-R95",95,600,"",1950,"","","","",0,"","","","","","","imputed zero","","fob"
"600-960","600<-R960",960,600,"",1950,"","","","",,"","","","","","","not reported","","fob"
"600-960","R600->960",600,960,"",1950,"","","","",0,"","","","","","","imputed zero","","fob"
"615-616","615<-R616",616,615,"616->615",1950,"Algeria (Regency of Algiers)","GPH","Tunisia (Regency of Tunis)","GPH",1500000,"616","NA","NA","NA","NA","NA","ok","NA","fob"
"615-616","R615->616",615,616,"615->616",1950,"Tunisia (Regency of Tunis)","GPH","Algeria (Regency of Algiers)","GPH",1892857.1,"615","NA","NA","NA","NA","NA","ok","NA","fob"
"615-625","615<-R625",625,615,"",1950,"","","","",0,"","","","","","","imputed zero","","fob"
"615-625","R615->625",615,625,"",1950,"","","","",0,"","","","","","","imputed zero","","fob"
"615-630","615<-R630",630,615,"",1950,"","","","",,"","","","","","","not reported","","fob"
"615-630","R615->630",615,630,"",1950,"","","","",0,"","","","","","","imputed zero","","fob"
"615-640","R615->640",615,640,"",1950,"","","","",0,"","","","","","","imputed zero","","fob"
"615-640","615<-R640",640,615,"",1950,"","","","",0,"","","","","","","imputed zero","","fob"
"615-645","R615->645",615,645,"",1950,"","","","",0,"","","","","","","imputed zero","","fob"
"615-645","615<-R645",645,615,"",1950,"","","","",0,"","","","","","","imputed zero","","fob"
"615-651","R615->651",615,651,"615->651",1950,"Egypt Arab Republic (Egypt)","GPH","Algeria (Regency of Algiers)","GPH",392857.16,"615","NA","NA","NA","NA","NA","ok","NA","fob"
"615-651","615<-R651",651,615,"",1950,"","","","",0,"","","","","","","imputed zero","","fob"
"615-652","R615->652",615,652,"",1950,"","","","",0,"","","","","","","imputed zero","","fob"
"615-652","615<-R652",652,615,"",1950,"","","","",0,"","","","","","","imputed zero","","fob"
"615-660","R615->660",615,660,"",1950,"","","","",0,"","","","","","","imputed zero","","fob"
"615-660","615<-R660",660,615,"",1950,"","","","",0,"","","","","","","imputed zero","","fob"
"615-666","615<-R666",666,615,"",1950,"","","","",0,"","","","","","","imputed zero","","fob"
"615-666","R615->666",615,666,"615->666",1950,"Israel","GPH","Algeria (Regency of Algiers)","GPH",285714.28,"615","NA","NA","NA","NA","NA","ok","NA","fob"
"615-670","615<-R670",670,615,"",1950,"","","","",,"","","","","","","not reported","","fob"
"615-670","R615->670",615,670,"",1950,"","","","",0,"","","","","","","imputed zero","","fob"
"615-68","R615->68",615,68,"",1950,"","","","",0,"","","","","","","imputed zero","","fob"
"615-68","615<-R68",68,615,"",1950,"","","","",,"","","","","","","not reported","","fob"
"615-70","R615->70",615,70,"",1950,"","","","",0,"","","","","","","imputed zero","","fob"
"615-70","615<-R70",70,615,"",1950,"","","","",0,"","","","","","","imputed zero","","fob"
"615-710","R615->710",615,710,"",1950,"","","","",0,"","","","","","","imputed zero","","fob"
"615-710","615<-R710",710,615,"",1950,"","","","",,"","","","","","","not reported","","fob"
"615-713","615<-R713",713,615,"",1950,"","","","",,"","","","","","","not reported","","fob"
"615-713","R615->713",615,713,"",1950,"","","","",0,"","","","","","","imputed zero","","fob"
"615-720","615<-R720",720,615,"",1950,"","","","",0,"","","","","","","imputed zero","","fob"
"615-720","R615->720",615,720,"",1950,"","","","",0,"","","","","","","imputed zero","","fob"
"615-732","R615->732",615,732,"",1950,"","","","",0,"","","","","","","imputed zero","","fob"
"615-732","615<-R732",732,615,"",1950,"","","","",,"","","","","","","not reported","","fob"
"615-740","R615->740",615,740,"615->740",1950,"Japan","GPH","Algeria (Regency of Algiers)","GPH",357142.84,"615","NA","NA","NA","NA","NA","ok","NA","fob"
"615-740","615<-R740",740,615,"740->615",1950,"Algeria (Regency of Algiers)","GPH","Japan","GPH",285714.28,"740","NA","NA","NA","NA","NA","ok","NA","fob"
"615-750","615<-R750",750,615,"750->615",1950,"Algeria (Regency of Algiers)","GPH","India","GPH",71428.57,"750","NA","NA","NA","NA","NA","ok","NA","fob"
"615-750","R615->750",615,750,"",1950,"","","","",0,"","","","","","","imputed zero","","fob"
"615-770","615<-R770",770,615,"",1950,"","","","",0,"","","","","","","imputed zero","","fob"
"615-770","R615->770",615,770,"",1950,"","","","",0,"","","","","","","imputed zero","","fob"
"615-775","R615->775",615,775,"",1950,"","","","",0,"","","","","","","imputed zero","","fob"
"615-775","615<-R775",775,615,"",1950,"","","","",0,"","","","","","","imputed zero","","fob"
"615-780","615<-R780",780,615,"",1950,"","","","",0,"","","","","","","imputed zero","","fob"
"615-780","R615->780",615,780,"",1950,"","","","",0,"","","","","","","imputed zero","","fob"
"615-800","615<-R800",800,615,"",1950,"","","","",,"","","","","","","not reported","","fob"
"615-800","R615->800",615,800,"",1950,"","","","",0,"","","","","","","imputed zero","","fob"
"615-840","615<-R840",840,615,"",1950,"","","","",0,"","","","","","","imputed zero","","fob"
"615-840","R615->840",615,840,"",1950,"","","","",0,"","","","","","","imputed zero","","fob"
"615-850","R615->850",615,850,"615->850",1950,"Indonesia (Dutch East Indies)","GPH","Algeria (Regency of Algiers)","GPH",35714.285,"615","NA","NA","NA","NA","NA","ok","NA","fob"
"615-850","615<-R850",850,615,"",1950,"","","","",0,"","","","","","","imputed zero","","fob"
"615-90","R615->90",615,90,"",1950,"","","","",0,"","","","","","","imputed zero","","fob"
"615-90","615<-R90",90,615,"",1950,"","","","",0,"","","","","","","imputed zero","","fob"
"615-900","R615->900",615,900,"",1950,"","","","",0,"","","","","","","imputed zero","","fob"
"615-900","615<-R900",900,615,"",1950,"","","","",0,"","","","","","","imputed zero","","fob"
"615-91","R615->91",615,91,"",1950,"","","","",0,"","","","","","","imputed zero","","fob"
"615-91","615<-R91",91,615,"",1950,"","","","",0,"","","","","","","imputed zero","","fob"
"615-92","R615->92",615,92,"",1950,"","","","",0,"","","","","","","imputed zero","","fob"
"615-92","615<-R92",92,615,"",1950,"","","","",0,"","","","","","","imputed zero","","fob"
"615-920","R615->920",615,920,"",1950,"","","","",0,"","","","","","","imputed zero","","fob"
"615-920","615<-R920",920,615,"",1950,"","","","",0,"","","","","","","imputed zero","","fob"
"615-93","615<-R93",93,615,"",1950,"","","","",0,"","","","","","","imputed zero","","fob"
"615-93","R615->93",615,93,"",1950,"","","","",0,"","","","","","","imputed zero","","fob"
"615-94","615<-R94",94,615,"",1950,"","","","",0,"","","","","","","imputed zero","","fob"
"615-94","R615->94",615,94,"",1950,"","","","",0,"","","","","","","imputed zero","","fob"
"615-95","615<-R95",95,615,"",1950,"","","","",0,"","","","","","","imputed zero","","fob"
"615-95","R615->95",615,95,"",1950,"","","","",0,"","","","","","","imputed zero","","fob"
"615-960","R615->960",615,960,"615->960",1950,"French Polynesia","GPH","Algeria (Regency of Algiers)","GPH",107142.86,"615","NA","NA","NA","NA","NA","ok","NA","fob"
"615-960","615<-R960",960,615,"",1950,"","","","",,"","","","","","","not reported","","fob"
"616-625","R616->625",616,625,"",1950,"","","","",0,"","","","","","","imputed zero","","fob"
"616-625","616<-R625",625,616,"",1950,"","","","",0,"","","","","","","imputed zero","","fob"
"616-630","616<-R630",630,616,"",1950,"","","","",,"","","","","","","not reported","","fob"
"616-630","R616->630",616,630,"",1950,"","","","",0,"","","","","","","imputed zero","","fob"
"616-640","R616->640",616,640,"",1950,"","","","",0,"","","","","","","imputed zero","","fob"
"616-640","616<-R640",640,616,"",1950,"","","","",0,"","","","","","","imputed zero","","fob"
"616-645","R616->645",616,645,"",1950,"","","","",0,"","","","","","","imputed zero","","fob"
"616-645","616<-R645",645,616,"",1950,"","","","",0,"","","","","","","imputed zero","","fob"
"616-651","616<-R651",651,616,"",1950,"","","","",0,"","","","","","","imputed zero","","fob"
"616-651","R616->651",616,651,"616->651",1950,"Egypt Arab Republic (Egypt)","GPH","Tunisia (Regency of Tunis)","GPH",285714.28,"616","NA","NA","NA","NA","NA","ok","NA","fob"
"616-652","R616->652",616,652,"616->652",1950,"Syria","GPH","Tunisia (Regency of Tunis)","GPH",35714.285,"616","NA","NA","NA","NA","NA","ok","NA","fob"
"616-652","616<-R652",652,616,"",1950,"","","","",0,"","","","","","","imputed zero","","fob"
"616-660","616<-R660",660,616,"",1950,"","","","",0,"","","","","","","imputed zero","","fob"
"616-660","R616->660",616,660,"616->660",1950,"Lebanon","GPH","Tunisia (Regency of Tunis)","GPH",107142.86,"616","NA","NA","NA","NA","NA","ok","NA","fob"
"616-666","616<-R666",666,616,"",1950,"","","","",0,"","","","","","","imputed zero","","fob"
"616-666","R616->666",616,666,"",1950,"","","","",0,"","","","","","","imputed zero","","fob"
"616-670","R616->670",616,670,"",1950,"","","","",0,"","","","","","","imputed zero","","fob"
"616-670","616<-R670",670,616,"",1950,"","","","",,"","","","","","","not reported","","fob"
"616-68","616<-R68",68,616,"",1950,"","","","",,"","","","","","","not reported","","fob"
"616-68","R616->68",616,68,"",1950,"","","","",0,"","","","","","","imputed zero","","fob"
"616-70","616<-R70",70,616,"",1950,"","","","",0,"","","","","","","imputed zero","","fob"
"616-70","R616->70",616,70,"",1950,"","","","",0,"","","","","","","imputed zero","","fob"
"616-710","R616->710",616,710,"",1950,"","","","",0,"","","","","","","imputed zero","","fob"
"616-710","616<-R710",710,616,"",1950,"","","","",,"","","","","","","not reported","","fob"
"616-713","616<-R713",713,616,"",1950,"","","","",,"","","","","","","not reported","","fob"
"616-713","R616->713",616,713,"",1950,"","","","",0,"","","","","","","imputed zero","","fob"
"616-720","R616->720",616,720,"",1950,"","","","",0,"","","","","","","imputed zero","","fob"
"616-720","616<-R720",720,616,"",1950,"","","","",0,"","","","","","","imputed zero","","fob"
"616-732","616<-R732",732,616,"",1950,"","","","",,"","","","","","","not reported","","fob"
"616-732","R616->732",616,732,"",1950,"","","","",0,"","","","","","","imputed zero","","fob"
"616-740","R616->740",616,740,"616->740",1950,"Japan","GPH","Tunisia (Regency of Tunis)","GPH",142857.14,"616","NA","NA","NA","NA","NA","ok","NA","fob"
"616-740","616<-R740",740,616,"740->616",1950,"Tunisia (Regency of Tunis)","GPH","Japan","GPH",71428.57,"740","NA","NA","NA","NA","NA","ok","NA","fob"
"616-750","616<-R750",750,616,"750->616",1950,"Tunisia (Regency of Tunis)","GPH","India","GPH",142857.14,"750","NA","NA","NA","NA","NA","ok","NA","fob"
"616-750","R616->750",616,750,"",1950,"","","","",0,"","","","","","","imputed zero","","fob"
"616-770","616<-R770",770,616,"",1950,"","","","",0,"","","","","","","imputed zero","","fob"
"616-770","R616->770",616,770,"",1950,"","","","",0,"","","","","","","imputed zero","","fob"
"616-775","R616->775",616,775,"",1950,"","","","",0,"","","","","","","imputed zero","","fob"
"616-775","616<-R775",775,616,"",1950,"","","","",0,"","","","","","","imputed zero","","fob"
"616-780","R616->780",616,780,"",1950,"","","","",0,"","","","","","","imputed zero","","fob"
"616-780","616<-R780",780,616,"780->616",1950,"Tunisia (Regency of Tunis)","GPH","Sri Lanka (Ceylon)","GPH",607142.88,"780","NA","NA","NA","NA","NA","ok","NA","fob"
"616-800","R616->800",616,800,"",1950,"","","","",0,"","","","","","","imputed zero","","fob"
"616-800","616<-R800",800,616,"",1950,"","","","",,"","","","","","","not reported","","fob"
"616-840","616<-R840",840,616,"",1950,"","","","",0,"","","","","","","imputed zero","","fob"
"616-840","R616->840",616,840,"",1950,"","","","",0,"","","","","","","imputed zero","","fob"
"616-850","R616->850",616,850,"",1950,"","","","",0,"","","","","","","imputed zero","","fob"
"616-850","616<-R850",850,616,"",1950,"","","","",0,"","","","","","","imputed zero","","fob"
"616-90","616<-R90",90,616,"",1950,"","","","",0,"","","","","","","imputed zero","","fob"
"616-90","R616->90",616,90,"",1950,"","","","",0,"","","","","","","imputed zero","","fob"
"616-900","616<-R900",900,616,"",1950,"","","","",0,"","","","","","","imputed zero","","fob"
"616-900","R616->900",616,900,"616->900",1950,"Australia","GPH","Tunisia (Regency of Tunis)","GPH",35714.285,"616","NA","NA","NA","NA","NA","ok","NA","fob"
"616-91","616<-R91",91,616,"",1950,"","","","",0,"","","","","","","imputed zero","","fob"
"616-91","R616->91",616,91,"",1950,"","","","",0,"","","","","","","imputed zero","","fob"
"616-92","616<-R92",92,616,"",1950,"","","","",0,"","","","","","","imputed zero","","fob"
"616-92","R616->92",616,92,"",1950,"","","","",0,"","","","","","","imputed zero","","fob"
"616-920","616<-R920",920,616,"",1950,"","","","",0,"","","","","","","imputed zero","","fob"
"616-920","R616->920",616,920,"616->920",1950,"New Zealand","GPH","Tunisia (Regency of Tunis)","GPH",142857.14,"616","NA","NA","NA","NA","NA","ok","NA","fob"
"616-93","R616->93",616,93,"",1950,"","","","",0,"","","","","","","imputed zero","","fob"
"616-93","616<-R93",93,616,"",1950,"","","","",0,"","","","","","","imputed zero","","fob"
"616-94","616<-R94",94,616,"",1950,"","","","",0,"","","","","","","imputed zero","","fob"
"616-94","R616->94",616,94,"",1950,"","","","",0,"","","","","","","imputed zero","","fob"
"616-95","616<-R95",95,616,"",1950,"","","","",0,"","","","","","","imputed zero","","fob"
"616-95","R616->95",616,95,"",1950,"","","","",0,"","","","","","","imputed zero","","fob"
"616-960","616<-R960",960,616,"",1950,"","","","",,"","","","","","","not reported","","fob"
"616-960","R616->960",616,960,"",1950,"","","","",0,"","","","","","","imputed zero","","fob"
"625-630","R625->630",625,630,"",1950,"","","","",0,"","","","","","","imputed zero","","fob"
"625-630","625<-R630",630,625,"",1950,"","","","",,"","","","","","","not reported","","fob"
"625-640","625<-R640",640,625,"",1950,"","","","",0,"","","","","","","imputed zero","","fob"
"625-640","R625->640",625,640,"",1950,"","","","",0,"","","","","","","imputed zero","","fob"
"625-645","625<-R645",645,625,"645->625",1950,"Sudan (Anglo-Egyptian Sudan) (Mahdist State)","GPH","Iraq (Mesopotamia)","GPH",250000,"645","NA","NA","NA","NA","NA","ok","NA","fob"
"625-645","R625->645",625,645,"",1950,"","","","",0,"","","","","","","imputed zero","","fob"
"625-651","625<-R651",651,625,"",1950,"","","","",0,"","","","","","","imputed zero","","fob"
"625-651","R625->651",625,651,"625->651",1950,"Egypt Arab Republic (Egypt)","GPH","Sudan (Anglo-Egyptian Sudan) (Mahdist State)","GPH",2714285.8,"625","NA","NA","NA","NA","NA","ok","NA","fob"
"625-652","625<-R652",652,625,"",1950,"","","","",0,"","","","","","","imputed zero","","fob"
"625-652","R625->652",625,652,"",1950,"","","","",0,"","","","","","","imputed zero","","fob"
"625-660","625<-R660",660,625,"",1950,"","","","",0,"","","","","","","imputed zero","","fob"
"625-660","R625->660",625,660,"625->660",1950,"Lebanon","GPH","Sudan (Anglo-Egyptian Sudan) (Mahdist State)","GPH",35714.285,"625","NA","NA","NA","NA","NA","ok","NA","fob"
"625-666","R625->666",625,666,"625->666",1950,"Israel","GPH","Sudan (Anglo-Egyptian Sudan) (Mahdist State)","GPH",428571.44,"625","NA","NA","NA","NA","NA","ok","NA","fob"
"625-666","625<-R666",666,625,"",1950,"","","","",0,"","","","","","","imputed zero","","fob"
"625-670","R625->670",625,670,"625->670",1950,"Saudi Arabia (Emirate of Nejd) (Emirate of Diriyah)","GPH","Sudan (Anglo-Egyptian Sudan) (Mahdist State)","GPH",250000,"625","NA","NA","NA","NA","NA","ok","NA","fob"
"625-670","625<-R670",670,625,"",1950,"","","","",,"","","","","","","not reported","","fob"
"625-68","R625->68",625,68,"",1950,"","","","",0,"","","","","","","imputed zero","","fob"
"625-68","625<-R68",68,625,"",1950,"","","","",,"","","","","","","not reported","","fob"
"625-70","625<-R70",70,625,"",1950,"","","","",0,"","","","","","","imputed zero","","fob"
"625-70","R625->70",625,70,"",1950,"","","","",0,"","","","","","","imputed zero","","fob"
"625-710","R625->710",625,710,"",1950,"","","","",0,"","","","","","","imputed zero","","fob"
"625-710","625<-R710",710,625,"",1950,"","","","",,"","","","","","","not reported","","fob"
"625-713","R625->713",625,713,"",1950,"","","","",0,"","","","","","","imputed zero","","fob"
"625-713","625<-R713",713,625,"",1950,"","","","",,"","","","","","","not reported","","fob"
"625-720","R625->720",625,720,"",1950,"","","","",0,"","","","","","","imputed zero","","fob"
"625-720","625<-R720",720,625,"",1950,"","","","",0,"","","","","","","imputed zero","","fob"
"625-732","R625->732",625,732,"",1950,"","","","",0,"","","","","","","imputed zero","","fob"
"625-732","625<-R732",732,625,"",1950,"","","","",,"","","","","","","not reported","","fob"
"625-740","625<-R740",740,625,"",1950,"","","","",0,"","","","","","","imputed zero","","fob"
"625-740","R625->740",625,740,"625->740",1950,"Japan","GPH","Sudan (Anglo-Egyptian Sudan) (Mahdist State)","GPH",607142.88,"625","NA","NA","NA","NA","NA","ok","NA","fob"
"625-750","R625->750",625,750,"625->750",1950,"India","GPH","Sudan (Anglo-Egyptian Sudan) (Mahdist State)","GPH",4178571.5,"625","NA","NA","NA","NA","NA","ok","NA","fob"
"625-750","625<-R750",750,625,"750->625",1950,"Sudan (Anglo-Egyptian Sudan) (Mahdist State)","GPH","India","GPH",3321428.5,"750","NA","NA","NA","NA","NA","ok","NA","fob"
"625-770","R625->770",625,770,"625->770",1950,"Pakistan","GPH","Sudan (Anglo-Egyptian Sudan) (Mahdist State)","GPH",35714.285,"625","NA","NA","NA","NA","NA","ok","NA","fob"
"625-770","625<-R770",770,625,"",1950,"","","","",0,"","","","","","","imputed zero","","fob"
"625-775","R625->775",625,775,"",1950,"","","","",0,"","","","","","","imputed zero","","fob"
"625-775","625<-R775",775,625,"",1950,"","","","",0,"","","","","","","imputed zero","","fob"
"625-780","625<-R780",780,625,"780->625",1950,"Sudan (Anglo-Egyptian Sudan) (Mahdist State)","GPH","Sri Lanka (Ceylon)","GPH",35714.285,"780","NA","NA","NA","NA","NA","ok","NA","fob"
"625-780","R625->780",625,780,"",1950,"","","","",0,"","","","","","","imputed zero","","fob"
"625-800","625<-R800",800,625,"",1950,"","","","",,"","","","","","","not reported","","fob"
"625-800","R625->800",625,800,"",1950,"","","","",0,"","","","","","","imputed zero","","fob"
"625-840","625<-R840",840,625,"",1950,"","","","",0,"","","","","","","imputed zero","","fob"
"625-840","R625->840",625,840,"",1950,"","","","",0,"","","","","","","imputed zero","","fob"
"625-850","625<-R850",850,625,"850->625",1950,"Sudan (Anglo-Egyptian Sudan) (Mahdist State)","GPH","Indonesia (Dutch East Indies)","GPH",642857.13,"850","NA","NA","NA","NA","NA","ok","NA","fob"
"625-850","R625->850",625,850,"",1950,"","","","",0,"","","","","","","imputed zero","","fob"
"625-90","625<-R90",90,625,"",1950,"","","","",0,"","","","","","","imputed zero","","fob"
"625-90","R625->90",625,90,"",1950,"","","","",0,"","","","","","","imputed zero","","fob"
"625-900","R625->900",625,900,"625->900",1950,"Australia","GPH","Sudan (Anglo-Egyptian Sudan) (Mahdist State)","GPH",107142.86,"625","NA","NA","NA","NA","NA","ok","NA","fob"
"625-900","625<-R900",900,625,"900->625",1950,"Sudan (Anglo-Egyptian Sudan) (Mahdist State)","GPH","Australia","GPH",500000,"900","NA","NA","NA","NA","NA","ok","NA","fob"
"625-91","625<-R91",91,625,"",1950,"","","","",0,"","","","","","","imputed zero","","fob"
"625-91","R625->91",625,91,"",1950,"","","","",0,"","","","","","","imputed zero","","fob"
"625-92","R625->92",625,92,"",1950,"","","","",0,"","","","","","","imputed zero","","fob"
"625-92","625<-R92",92,625,"",1950,"","","","",0,"","","","","","","imputed zero","","fob"
"625-920","625<-R920",920,625,"",1950,"","","","",0,"","","","","","","imputed zero","","fob"
"625-920","R625->920",625,920,"",1950,"","","","",0,"","","","","","","imputed zero","","fob"
"625-93","R625->93",625,93,"",1950,"","","","",0,"","","","","","","imputed zero","","fob"
"625-93","625<-R93",93,625,"",1950,"","","","",0,"","","","","","","imputed zero","","fob"
"625-94","R625->94",625,94,"",1950,"","","","",0,"","","","","","","imputed zero","","fob"
"625-94","625<-R94",94,625,"",1950,"","","","",0,"","","","","","","imputed zero","","fob"
"625-95","R625->95",625,95,"",1950,"","","","",0,"","","","","","","imputed zero","","fob"
"625-95","625<-R95",95,625,"",1950,"","","","",0,"","","","","","","imputed zero","","fob"
"625-960","625<-R960",960,625,"",1950,"","","","",,"","","","","","","not reported","","fob"
"625-960","R625->960",625,960,"",1950,"","","","",0,"","","","","","","imputed zero","","fob"
"630-640","630<-R640",640,630,"",1950,"","","","",0,"","","","","","","imputed zero","","fob"
"630-640","R630->640",630,640,"",1950,"","","","",,"","","","","","","not reported","","fob"
"630-645","R630->645",630,645,"",1950,"","","","",,"","","","","","","not reported","","fob"
"630-645","630<-R645",645,630,"645->630",1950,"Iran (Persia)","GPH","Iraq (Mesopotamia)","GPH",1214285.8,"645","NA","NA","NA","NA","NA","ok","NA","fob"
"630-651","630<-R651",651,630,"651->630",1950,"Iran (Persia)","GPH","Egypt Arab Republic (Egypt)","GPH",35714.285,"651","NA","NA","NA","NA","NA","ok","NA","fob"
"630-651","R630->651",630,651,"",1950,"","","","",,"","","","","","","not reported","","fob"
"630-652","R630->652",630,652,"",1950,"","","","",,"","","","","","","not reported","","fob"
"630-652","630<-R652",652,630,"652->630",1950,"Iran (Persia)","GPH","Syria","GPH",35714.285,"652","NA","NA","NA","NA","NA","ok","NA","fob"
"630-660","R630->660",630,660,"",1950,"","","","",,"","","","","","","not reported","","fob"
"630-660","630<-R660",660,630,"",1950,"","","","",0,"","","","","","","imputed zero","","fob"
"630-666","630<-R666",666,630,"",1950,"","","","",0,"","","","","","","imputed zero","","fob"
"630-666","R630->666",630,666,"",1950,"","","","",,"","","","","","","not reported","","fob"
"630-670","630<-R670",670,630,"",1950,"","","","",,"","","","","","","not reported","","fob"
"630-670","R630->670",630,670,"",1950,"","","","",,"","","","","","","not reported","","fob"
"630-68","630<-R68",68,630,"",1950,"","","","",,"","","","","","","not reported","","fob"
"630-68","R630->68",630,68,"",1950,"","","","",,"","","","","","","not reported","","fob"
"630-70","630<-R70",70,630,"70->630",1950,"Iran (Persia)","GPH","Mexico","GPH",642857.13,"70","NA","NA","NA","NA","NA","ok","NA","fob"
"630-70","R630->70",630,70,"",1950,"","","","",,"","","","","","","not reported","","fob"
"630-710","630<-R710",710,630,"",1950,"","","","",,"","","","","","","not reported","","fob"
"630-710","R630->710",630,710,"",1950,"","","","",,"","","","","","","not reported","","fob"
"630-713","R630->713",630,713,"",1950,"","","","",,"","","","","","","not reported","","fob"
"630-713","630<-R713",713,630,"",1950,"","","","",,"","","","","","","not reported","","fob"
"630-720","R630->720",630,720,"",1950,"","","","",,"","","","","","","not reported","","fob"
"630-720","630<-R720",720,630,"",1950,"","","","",0,"","","","","","","imputed zero","","fob"
"630-732","R630->732",630,732,"",1950,"","","","",,"","","","","","","not reported","","fob"
"630-732","630<-R732",732,630,"",1950,"","","","",,"","","","","","","not reported","","fob"
"630-740","630<-R740",740,630,"740->630",1950,"Iran (Persia)","GPH","Japan","GPH",1178571.4,"740","NA","NA","NA","NA","NA","ok","NA","fob"
"630-740","R630->740",630,740,"",1950,"","","","",,"","","","","","","not reported","","fob"
"630-750","R630->750",630,750,"",1950,"","","","",,"","","","","","","not reported","","fob"
"630-750","630<-R750",750,630,"750->630",1950,"Iran (Persia)","GPH","India","GPH",3464285.8,"750","NA","NA","NA","NA","NA","ok","NA","fob"
"630-770","630<-R770",770,630,"770->630",1950,"Iran (Persia)","GPH","Pakistan","GPH",71428.57,"770","NA","NA","NA","NA","NA","ok","NA","fob"
"630-770","R630->770",630,770,"",1950,"","","","",,"","","","","","","not reported","","fob"
"630-775","630<-R775",775,630,"775->630",1950,"Iran (Persia)","GPH","Myanmar (Burma)","GPH",750000,"775","NA","NA","NA","NA","NA","ok","NA","fob"
"630-775","R630->775",630,775,"",1950,"","","","",,"","","","","","","not reported","","fob"
"630-780","R630->780",630,780,"",1950,"","","","",,"","","","","","","not reported","","fob"
"630-780","630<-R780",780,630,"780->630",1950,"Iran (Persia)","GPH","Sri Lanka (Ceylon)","GPH",357142.84,"780","NA","NA","NA","NA","NA","ok","NA","fob"
"630-800","630<-R800",800,630,"",1950,"","","","",,"","","","","","","not reported","","fob"
"630-800","R630->800",630,800,"",1950,"","","","",,"","","","","","","not reported","","fob"
"630-840","630<-R840",840,630,"",1950,"","","","",0,"","","","","","","imputed zero","","fob"
"630-840","R630->840",630,840,"",1950,"","","","",,"","","","","","","not reported","","fob"
"630-850","630<-R850",850,630,"850->630",1950,"Iran (Persia)","GPH","Indonesia (Dutch East Indies)","GPH",35714.285,"850","NA","NA","NA","NA","NA","ok","NA","fob"
"630-850","R630->850",630,850,"",1950,"","","","",,"","","","","","","not reported","","fob"
"630-90","630<-R90",90,630,"",1950,"","","","",0,"","","","","","","imputed zero","","fob"
"630-90","R630->90",630,90,"",1950,"","","","",,"","","","","","","not reported","","fob"
"630-900","R630->900",630,900,"",1950,"","","","",,"","","","","","","not reported","","fob"
"630-900","630<-R900",900,630,"900->630",1950,"Iran (Persia)","GPH","Australia","GPH",1571428.6,"900","NA","NA","NA","NA","NA","ok","NA","fob"
"630-91","R630->91",630,91,"",1950,"","","","",,"","","","","","","not reported","","fob"
"630-91","630<-R91",91,630,"",1950,"","","","",0,"","","","","","","imputed zero","","fob"
"630-92","630<-R92",92,630,"",1950,"","","","",0,"","","","","","","imputed zero","","fob"
"630-92","R630->92",630,92,"",1950,"","","","",,"","","","","","","not reported","","fob"
"630-920","630<-R920",920,630,"920->630",1950,"Iran (Persia)","GPH","New Zealand","GPH",107142.86,"920","NA","NA","NA","NA","NA","ok","NA","fob"
"630-920","R630->920",630,920,"",1950,"","","","",,"","","","","","","not reported","","fob"
"630-93","630<-R93",93,630,"",1950,"","","","",0,"","","","","","","imputed zero","","fob"
"630-93","R630->93",630,93,"",1950,"","","","",,"","","","","","","not reported","","fob"
"630-94","R630->94",630,94,"",1950,"","","","",,"","","","","","","not reported","","fob"
"630-94","630<-R94",94,630,"",1950,"","","","",0,"","","","","","","imputed zero","","fob"
"630-95","630<-R95",95,630,"",1950,"","","","",0,"","","","","","","imputed zero","","fob"
"630-95","R630->95",630,95,"",1950,"","","","",,"","","","","","","not reported","","fob"
"630-960","630<-R960",960,630,"",1950,"","","","",,"","","","","","","not reported","","fob"
"630-960","R630->960",630,960,"",1950,"","","","",,"","","","","","","not reported","","fob"
"640-645","640<-R645",645,640,"645->640",1950,"Turkey (Ottoman Empire)","GPH","Iraq (Mesopotamia)","GPH",107142.86,"645","NA","NA","NA","NA","NA","ok","NA","fob"
"640-645","R640->645",640,645,"640->645",1950,"Iraq (Mesopotamia)","GPH","Turkey (Ottoman Empire)","GPH",142857.14,"640","NA","NA","NA","NA","NA","ok","NA","fob"
"640-651","R640->651",640,651,"640->651",1950,"Egypt Arab Republic (Egypt)","GPH","Turkey (Ottoman Empire)","GPH",2035714.3,"640","NA","NA","NA","NA","NA","ok","NA","fob"
"640-651","640<-R651",651,640,"651->640",1950,"Turkey (Ottoman Empire)","GPH","Egypt Arab Republic (Egypt)","GPH",178571.42,"651","NA","NA","NA","NA","NA","ok","NA","fob"
"640-652","R640->652",640,652,"640->652",1950,"Syria","GPH","Turkey (Ottoman Empire)","GPH",2357142.8,"640","NA","NA","NA","NA","NA","ok","NA","fob"
"640-652","640<-R652",652,640,"652->640",1950,"Turkey (Ottoman Empire)","GPH","Syria","GPH",1714285.8,"652","NA","NA","NA","NA","NA","ok","NA","fob"
"640-660","640<-R660",660,640,"660->640",1950,"Turkey (Ottoman Empire)","GPH","Lebanon","GPH",142857.14,"660","NA","NA","NA","NA","NA","ok","NA","fob"
"640-660","R640->660",640,660,"640->660",1950,"Lebanon","GPH","Turkey (Ottoman Empire)","GPH",1035714.3,"640","NA","NA","NA","NA","NA","ok","NA","fob"
"640-666","640<-R666",666,640,"",1950,"","","","",0,"","","","","","","imputed zero","","fob"
"640-666","R640->666",640,666,"640->666",1950,"Israel","GPH","Turkey (Ottoman Empire)","GPH",821428.56,"640","NA","NA","NA","NA","NA","ok","NA","fob"
"640-670","R640->670",640,670,"",1950,"","","","",0,"","","","","","","imputed zero","","fob"
"640-670","640<-R670",670,640,"",1950,"","","","",,"","","","","","","not reported","","fob"
"640-68","R640->68",640,68,"",1950,"","","","",0,"","","","","","","imputed zero","","fob"
"640-68","640<-R68",68,640,"",1950,"","","","",,"","","","","","","not reported","","fob"
"640-70","R640->70",640,70,"",1950,"","","","",0,"","","","","","","imputed zero","","fob"
"640-70","640<-R70",70,640,"",1950,"","","","",0,"","","","","","","imputed zero","","fob"
"640-710","640<-R710",710,640,"",1950,"","","","",,"","","","","","","not reported","","fob"
"640-710","R640->710",640,710,"",1950,"","","","",0,"","","","","","","imputed zero","","fob"
"640-713","R640->713",640,713,"",1950,"","","","",0,"","","","","","","imputed zero","","fob"
"640-713","640<-R713",713,640,"",1950,"","","","",,"","","","","","","not reported","","fob"
"640-720","640<-R720",720,640,"720->640",1950,"Turkey (Ottoman Empire)","GPH","Hong Kong","GPH",107142.86,"720","NA","NA","NA","NA","NA","ok","NA","fob"
"640-720","R640->720",640,720,"",1950,"","","","",0,"","","","","","","imputed zero","","fob"
"640-732","R640->732",640,732,"",1950,"","","","",0,"","","","","","","imputed zero","","fob"
"640-732","640<-R732",732,640,"",1950,"","","","",,"","","","","","","not reported","","fob"
"640-740","R640->740",640,740,"640->740",1950,"Japan","GPH","Turkey (Ottoman Empire)","GPH",714285.69,"640","NA","NA","NA","NA","NA","ok","NA","fob"
"640-740","640<-R740",740,640,"740->640",1950,"Turkey (Ottoman Empire)","GPH","Japan","GPH",35714.285,"740","NA","NA","NA","NA","NA","ok","NA","fob"
"640-750","640<-R750",750,640,"750->640",1950,"Turkey (Ottoman Empire)","GPH","India","GPH",1750000,"750","NA","NA","NA","NA","NA","ok","NA","fob"
"640-750","R640->750",640,750,"",1950,"","","","",0,"","","","","","","imputed zero","","fob"
"640-770","640<-R770",770,640,"770->640",1950,"Turkey (Ottoman Empire)","GPH","Pakistan","GPH",678571.44,"770","NA","NA","NA","NA","NA","ok","NA","fob"
"640-770","R640->770",640,770,"",1950,"","","","",0,"","","","","","","imputed zero","","fob"
"640-775","R640->775",640,775,"",1950,"","","","",0,"","","","","","","imputed zero","","fob"
"640-775","640<-R775",775,640,"",1950,"","","","",0,"","","","","","","imputed zero","","fob"
"640-780","640<-R780",780,640,"780->640",1950,"Turkey (Ottoman Empire)","GPH","Sri Lanka (Ceylon)","GPH",178571.42,"780","NA","NA","NA","NA","NA","ok","NA","fob"
"640-780","R640->780",640,780,"",1950,"","","","",0,"","","","","","","imputed zero","","fob"
"640-800","R640->800",640,800,"",1950,"","","","",0,"","","","","","","imputed zero","","fob"
"640-800","640<-R800",800,640,"",1950,"","","","",,"","","","","","","not reported","","fob"
"640-840","640<-R840",840,640,"",1950,"","","","",0,"","","","","","","imputed zero","","fob"
"640-840","R640->840",640,840,"",1950,"","","","",0,"","","","","","","imputed zero","","fob"
"640-850","640<-R850",850,640,"850->640",1950,"Turkey (Ottoman Empire)","GPH","Indonesia (Dutch East Indies)","GPH",107142.86,"850","NA","NA","NA","NA","NA","ok","NA","fob"
"640-850","R640->850",640,850,"",1950,"","","","",0,"","","","","","","imputed zero","","fob"
"640-90","640<-R90",90,640,"",1950,"","","","",0,"","","","","","","imputed zero","","fob"
"640-90","R640->90",640,90,"",1950,"","","","",0,"","","","","","","imputed zero","","fob"
"640-900","640<-R900",900,640,"900->640",1950,"Turkey (Ottoman Empire)","GPH","Australia","GPH",1357142.9,"900","NA","NA","NA","NA","NA","ok","NA","fob"
"640-900","R640->900",640,900,"640->900",1950,"Australia","GPH","Turkey (Ottoman Empire)","GPH",71428.57,"640","NA","NA","NA","NA","NA","ok","NA","fob"
"640-91","R640->91",640,91,"",1950,"","","","",0,"","","","","","","imputed zero","","fob"
"640-91","640<-R91",91,640,"",1950,"","","","",0,"","","","","","","imputed zero","","fob"
"640-92","R640->92",640,92,"",1950,"","","","",0,"","","","","","","imputed zero","","fob"
"640-92","640<-R92",92,640,"",1950,"","","","",0,"","","","","","","imputed zero","","fob"
"640-920","R640->920",640,920,"640->920",1950,"New Zealand","GPH","Turkey (Ottoman Empire)","GPH",35714.285,"640","NA","NA","NA","NA","NA","ok","NA","fob"
"640-920","640<-R920",920,640,"920->640",1950,"Turkey (Ottoman Empire)","GPH","New Zealand","GPH",35714.285,"920","NA","NA","NA","NA","NA","ok","NA","fob"
"640-93","640<-R93",93,640,"",1950,"","","","",0,"","","","","","","imputed zero","","fob"
"640-93","R640->93",640,93,"",1950,"","","","",0,"","","","","","","imputed zero","","fob"
"640-94","640<-R94",94,640,"",1950,"","","","",0,"","","","","","","imputed zero","","fob"
"640-94","R640->94",640,94,"",1950,"","","","",0,"","","","","","","imputed zero","","fob"
"640-95","640<-R95",95,640,"",1950,"","","","",0,"","","","","","","imputed zero","","fob"
"640-95","R640->95",640,95,"",1950,"","","","",0,"","","","","","","imputed zero","","fob"
"640-960","640<-R960",960,640,"",1950,"","","","",,"","","","","","","not reported","","fob"
"640-960","R640->960",640,960,"",1950,"","","","",0,"","","","","","","imputed zero","","fob"
"645-651","R645->651",645,651,"645->651",1950,"Egypt Arab Republic (Egypt)","GPH","Iraq (Mesopotamia)","GPH",750000,"645","NA","NA","NA","NA","NA","ok","NA","fob"
"645-651","645<-R651",651,645,"651->645",1950,"Iraq (Mesopotamia)","GPH","Egypt Arab Republic (Egypt)","GPH",71428.57,"651","NA","NA","NA","NA","NA","ok","NA","fob"
"645-652","R645->652",645,652,"645->652",1950,"Syria","GPH","Iraq (Mesopotamia)","GPH",3250000,"645","NA","NA","NA","NA","NA","ok","NA","fob"
"645-652","645<-R652",652,645,"652->645",1950,"Iraq (Mesopotamia)","GPH","Syria","GPH",2535714.3,"652","NA","NA","NA","NA","NA","ok","NA","fob"
"645-660","645<-R660",660,645,"660->645",1950,"Iraq (Mesopotamia)","GPH","Lebanon","GPH",714285.69,"660","NA","NA","NA","NA","NA","ok","NA","fob"
"645-660","R645->660",645,660,"645->660",1950,"Lebanon","GPH","Iraq (Mesopotamia)","GPH",1321428.6,"645","NA","NA","NA","NA","NA","ok","NA","fob"
"645-666","R645->666",645,666,"",1950,"","","","",0,"","","","","","","imputed zero","","fob"
"645-666","645<-R666",666,645,"",1950,"","","","",0,"","","","","","","imputed zero","","fob"
"645-670","645<-R670",670,645,"",1950,"","","","",,"","","","","","","not reported","","fob"
"645-670","R645->670",645,670,"645->670",1950,"Saudi Arabia (Emirate of Nejd) (Emirate of Diriyah)","GPH","Iraq (Mesopotamia)","GPH",321428.56,"645","NA","NA","NA","NA","NA","ok","NA","fob"
"645-68","645<-R68",68,645,"",1950,"","","","",,"","","","","","","not reported","","fob"
"645-68","R645->68",645,68,"",1950,"","","","",0,"","","","","","","imputed zero","","fob"
"645-70","645<-R70",70,645,"70->645",1950,"Iraq (Mesopotamia)","GPH","Mexico","GPH",35714.285,"70","NA","NA","NA","NA","NA","ok","NA","fob"
"645-70","R645->70",645,70,"",1950,"","","","",0,"","","","","","","imputed zero","","fob"
"645-710","R645->710",645,710,"",1950,"","","","",0,"","","","","","","imputed zero","","fob"
"645-710","645<-R710",710,645,"",1950,"","","","",,"","","","","","","not reported","","fob"
"645-713","R645->713",645,713,"",1950,"","","","",0,"","","","","","","imputed zero","","fob"
"645-713","645<-R713",713,645,"",1950,"","","","",,"","","","","","","not reported","","fob"
"645-720","645<-R720",720,645,"",1950,"","","","",0,"","","","","","","imputed zero","","fob"
"645-720","R645->720",645,720,"",1950,"","","","",0,"","","","","","","imputed zero","","fob"
"645-732","645<-R732",732,645,"",1950,"","","","",,"","","","","","","not reported","","fob"
"645-732","R645->732",645,732,"",1950,"","","","",0,"","","","","","","imputed zero","","fob"
"645-740","645<-R740",740,645,"740->645",1950,"Iraq (Mesopotamia)","GPH","Japan","GPH",678571.44,"740","NA","NA","NA","NA","NA","ok","NA","fob"
"645-740","R645->740",645,740,"645->740",1950,"Japan","GPH","Iraq (Mesopotamia)","GPH",1750000,"645","NA","NA","NA","NA","NA","ok","NA","fob"
"645-750","645<-R750",750,645,"750->645",1950,"Iraq (Mesopotamia)","GPH","India","GPH",2678571.5,"750","NA","NA","NA","NA","NA","ok","NA","fob"
"645-750","R645->750",645,750,"645->750",1950,"India","GPH","Iraq (Mesopotamia)","GPH",1714285.8,"645","NA","NA","NA","NA","NA","ok","NA","fob"
"645-770","R645->770",645,770,"645->770",1950,"Pakistan","GPH","Iraq (Mesopotamia)","GPH",321428.56,"645","NA","NA","NA","NA","NA","ok","NA","fob"
"645-770","645<-R770",770,645,"",1950,"","","","",0,"","","","","","","imputed zero","","fob"
"645-775","645<-R775",775,645,"",1950,"","","","",0,"","","","","","","imputed zero","","fob"
"645-775","R645->775",645,775,"",1950,"","","","",0,"","","","","","","imputed zero","","fob"
"645-780","R645->780",645,780,"645->780",1950,"Sri Lanka (Ceylon)","GPH","Iraq (Mesopotamia)","GPH",285714.28,"645","NA","NA","NA","NA","NA","ok","NA","fob"
"645-780","645<-R780",780,645,"780->645",1950,"Iraq (Mesopotamia)","GPH","Sri Lanka (Ceylon)","GPH",2214285.8,"780","NA","NA","NA","NA","NA","ok","NA","fob"
"645-800","R645->800",645,800,"",1950,"","","","",0,"","","","","","","imputed zero","","fob"
"645-800","645<-R800",800,645,"",1950,"","","","",,"","","","","","","not reported","","fob"
"645-840","645<-R840",840,645,"",1950,"","","","",0,"","","","","","","imputed zero","","fob"
"645-840","R645->840",645,840,"",1950,"","","","",0,"","","","","","","imputed zero","","fob"
"645-850","645<-R850",850,645,"850->645",1950,"Iraq (Mesopotamia)","GPH","Indonesia (Dutch East Indies)","GPH",428571.44,"850","NA","NA","NA","NA","NA","ok","NA","fob"
"645-850","R645->850",645,850,"",1950,"","","","",0,"","","","","","","imputed zero","","fob"
"645-90","645<-R90",90,645,"",1950,"","","","",0,"","","","","","","imputed zero","","fob"
"645-90","R645->90",645,90,"",1950,"","","","",0,"","","","","","","imputed zero","","fob"
"645-900","645<-R900",900,645,"900->645",1950,"Iraq (Mesopotamia)","GPH","Australia","GPH",107142.86,"900","NA","NA","NA","NA","NA","ok","NA","fob"
"645-900","R645->900",645,900,"645->900",1950,"Australia","GPH","Iraq (Mesopotamia)","GPH",71428.57,"645","NA","NA","NA","NA","NA","ok","NA","fob"
"645-91","645<-R91",91,645,"",1950,"","","","",0,"","","","","","","imputed zero","","fob"
"645-91","R645->91",645,91,"",1950,"","","","",0,"","","","","","","imputed zero","","fob"
"645-92","645<-R92",92,645,"",1950,"","","","",0,"","","","","","","imputed zero","","fob"
"645-92","R645->92",645,92,"",1950,"","","","",0,"","","","","","","imputed zero","","fob"
"645-920","645<-R920",920,645,"",1950,"","","","",0,"","","","","","","imputed zero","","fob"
"645-920","R645->920",645,920,"",1950,"","","","",0,"","","","","","","imputed zero","","fob"
"645-93","R645->93",645,93,"",1950,"","","","",0,"","","","","","","imputed zero","","fob"
"645-93","645<-R93",93,645,"",1950,"","","","",0,"","","","","","","imputed zero","","fob"
"645-94","645<-R94",94,645,"",1950,"","","","",0,"","","","","","","imputed zero","","fob"
"645-94","R645->94",645,94,"",1950,"","","","",0,"","","","","","","imputed zero","","fob"
"645-95","R645->95",645,95,"",1950,"","","","",0,"","","","","","","imputed zero","","fob"
"645-95","645<-R95",95,645,"",1950,"","","","",0,"","","","","","","imputed zero","","fob"
"645-960","645<-R960",960,645,"",1950,"","","","",,"","","","","","","not reported","","fob"
"645-960","R645->960",645,960,"",1950,"","","","",0,"","","","","","","imputed zero","","fob"
"651-652","R651->652",651,652,"651->652",1950,"Syria","GPH","Egypt Arab Republic (Egypt)","GPH",714285.69,"651","NA","NA","NA","NA","NA","ok","NA","fob"
"651-652","651<-R652",652,651,"652->651",1950,"Egypt Arab Republic (Egypt)","GPH","Syria","GPH",1214285.8,"652","NA","NA","NA","NA","NA","ok","NA","fob"
"651-660","651<-R660",660,651,"660->651",1950,"Egypt Arab Republic (Egypt)","GPH","Lebanon","GPH",1035714.3,"660","NA","NA","NA","NA","NA","ok","NA","fob"
"651-660","R651->660",651,660,"651->660",1950,"Lebanon","GPH","Egypt Arab Republic (Egypt)","GPH",1357142.9,"651","NA","NA","NA","NA","NA","ok","NA","fob"
"651-666","651<-R666",666,651,"",1950,"","","","",0,"","","","","","","imputed zero","","fob"
"651-666","R651->666",651,666,"",1950,"","","","",0,"","","","","","","imputed zero","","fob"
"651-670","R651->670",651,670,"651->670",1950,"Saudi Arabia (Emirate of Nejd) (Emirate of Diriyah)","GPH","Egypt Arab Republic (Egypt)","GPH",785714.31,"651","NA","NA","NA","NA","NA","ok","NA","fob"
"651-670","651<-R670",670,651,"",1950,"","","","",,"","","","","","","not reported","","fob"
"651-68","651<-R68",68,651,"",1950,"","","","",,"","","","","","","not reported","","fob"
"651-68","R651->68",651,68,"",1950,"","","","",0,"","","","","","","imputed zero","","fob"
"651-70","R651->70",651,70,"",1950,"","","","",0,"","","","","","","imputed zero","","fob"
"651-70","651<-R70",70,651,"",1950,"","","","",0,"","","","","","","imputed zero","","fob"
"651-710","R651->710",651,710,"651->710",1950,"People's Republic of China (China)","GPH","Egypt Arab Republic (Egypt)","GPH",1250000,"651","NA","NA","NA","NA","NA","ok","NA","fob"
"651-710","651<-R710",710,651,"",1950,"","","","",,"","","","","","","not reported","","fob"
"651-713","651<-R713",713,651,"",1950,"","","","",,"","","","","","","not reported","","fob"
"651-713","R651->713",651,713,"",1950,"","","","",0,"","","","","","","imputed zero","","fob"
"651-720","651<-R720",720,651,"720->651",1950,"Egypt Arab Republic (Egypt)","GPH","Hong Kong","GPH",535714.31,"720","NA","NA","NA","NA","NA","ok","NA","fob"
"651-720","R651->720",651,720,"",1950,"","","","",0,"","","","","","","imputed zero","","fob"
"651-732","651<-R732",732,651,"",1950,"","","","",,"","","","","","","not reported","","fob"
"651-732","R651->732",651,732,"",1950,"","","","",0,"","","","","","","imputed zero","","fob"
"651-740","R651->740",651,740,"651->740",1950,"Japan","GPH","Egypt Arab Republic (Egypt)","GPH",5500000,"651","NA","NA","NA","NA","NA","ok","NA","fob"
"651-740","651<-R740",740,651,"740->651",1950,"Egypt Arab Republic (Egypt)","GPH","Japan","GPH",928571.44,"740","NA","NA","NA","NA","NA","ok","NA","fob"
"651-750","R651->750",651,750,"651->750",1950,"India","GPH","Egypt Arab Republic (Egypt)","GPH",22428572,"651","NA","NA","NA","NA","NA","ok","NA","fob"
"651-750","651<-R750",750,651,"750->651",1950,"Egypt Arab Republic (Egypt)","GPH","India","GPH",5000000,"750","NA","NA","NA","NA","NA","ok","NA","fob"
"651-770","651<-R770",770,651,"770->651",1950,"Egypt Arab Republic (Egypt)","GPH","Pakistan","GPH",214285.72,"770","NA","NA","NA","NA","NA","ok","NA","fob"
"651-770","R651->770",651,770,"651->770",1950,"Pakistan","GPH","Egypt Arab Republic (Egypt)","GPH",1464285.8,"651","NA","NA","NA","NA","NA","ok","NA","fob"
"651-775","R651->775",651,775,"",1950,"","","","",0,"","","","","","","imputed zero","","fob"
"651-775","651<-R775",775,651,"",1950,"","","","",0,"","","","","","","imputed zero","","fob"
"651-780","R651->780",651,780,"651->780",1950,"Sri Lanka (Ceylon)","GPH","Egypt Arab Republic (Egypt)","GPH",214285.72,"651","NA","NA","NA","NA","NA","ok","NA","fob"
"651-780","651<-R780",780,651,"780->651",1950,"Egypt Arab Republic (Egypt)","GPH","Sri Lanka (Ceylon)","GPH",4928571.5,"780","NA","NA","NA","NA","NA","ok","NA","fob"
"651-800","651<-R800",800,651,"",1950,"","","","",,"","","","","","","not reported","","fob"
"651-800","R651->800",651,800,"",1950,"","","","",0,"","","","","","","imputed zero","","fob"
"651-840","R651->840",651,840,"",1950,"","","","",0,"","","","","","","imputed zero","","fob"
"651-840","651<-R840",840,651,"",1950,"","","","",0,"","","","","","","imputed zero","","fob"
"651-850","651<-R850",850,651,"850->651",1950,"Egypt Arab Republic (Egypt)","GPH","Indonesia (Dutch East Indies)","GPH",1000000,"850","NA","NA","NA","NA","NA","ok","NA","fob"
"651-850","R651->850",651,850,"651->850",1950,"Indonesia (Dutch East Indies)","GPH","Egypt Arab Republic (Egypt)","GPH",250000,"651","NA","NA","NA","NA","NA","ok","NA","fob"
"651-90","651<-R90",90,651,"",1950,"","","","",0,"","","","","","","imputed zero","","fob"
"651-90","R651->90",651,90,"",1950,"","","","",0,"","","","","","","imputed zero","","fob"
"651-900","R651->900",651,900,"651->900",1950,"Australia","GPH","Egypt Arab Republic (Egypt)","GPH",750000,"651","NA","NA","NA","NA","NA","ok","NA","fob"
"651-900","651<-R900",900,651,"900->651",1950,"Egypt Arab Republic (Egypt)","GPH","Australia","GPH",13214286,"900","NA","NA","NA","NA","NA","ok","NA","fob"
"651-91","651<-R91",91,651,"",1950,"","","","",0,"","","","","","","imputed zero","","fob"
"651-91","R651->91",651,91,"",1950,"","","","",0,"","","","","","","imputed zero","","fob"
"651-92","651<-R92",92,651,"",1950,"","","","",0,"","","","","","","imputed zero","","fob"
"651-92","R651->92",651,92,"",1950,"","","","",0,"","","","","","","imputed zero","","fob"
"651-920","651<-R920",920,651,"920->651",1950,"Egypt Arab Republic (Egypt)","GPH","New Zealand","GPH",142857.14,"920","NA","NA","NA","NA","NA","ok","NA","fob"
"651-920","R651->920",651,920,"651->920",1950,"New Zealand","GPH","Egypt Arab Republic (Egypt)","GPH",71428.57,"651","NA","NA","NA","NA","NA","ok","NA","fob"
"651-93","651<-R93",93,651,"",1950,"","","","",0,"","","","","","","imputed zero","","fob"
"651-93","R651->93",651,93,"",1950,"","","","",0,"","","","","","","imputed zero","","fob"
"651-94","651<-R94",94,651,"",1950,"","","","",0,"","","","","","","imputed zero","","fob"
"651-94","R651->94",651,94,"",1950,"","","","",0,"","","","","","","imputed zero","","fob"
"651-95","651<-R95",95,651,"",1950,"","","","",0,"","","","","","","imputed zero","","fob"
"651-95","R651->95",651,95,"",1950,"","","","",0,"","","","","","","imputed zero","","fob"
"651-960","R651->960",651,960,"",1950,"","","","",0,"","","","","","","imputed zero","","fob"
"651-960","651<-R960",960,651,"",1950,"","","","",,"","","","","","","not reported","","fob"
"652-660","652<-R660",660,652,"660->652",1950,"Syria","GPH","Lebanon","GPH",3250000,"660","NA","NA","NA","NA","NA","ok","NA","fob"
"652-660","R652->660",652,660,"652->660",1950,"Lebanon","GPH","Syria","GPH",7178571.5,"652","NA","NA","NA","NA","NA","ok","NA","fob"
"652-666","652<-R666",666,652,"",1950,"","","","",0,"","","","","","","imputed zero","","fob"
"652-666","R652->666",652,666,"",1950,"","","","",0,"","","","","","","imputed zero","","fob"
"652-670","652<-R670",670,652,"",1950,"","","","",,"","","","","","","not reported","","fob"
"652-670","R652->670",652,670,"652->670",1950,"Saudi Arabia (Emirate of Nejd) (Emirate of Diriyah)","GPH","Syria","GPH",1357142.9,"652","NA","NA","NA","NA","NA","ok","NA","fob"
"652-68","R652->68",652,68,"",1950,"","","","",0,"","","","","","","imputed zero","","fob"
"652-68","652<-R68",68,652,"",1950,"","","","",,"","","","","","","not reported","","fob"
"652-70","652<-R70",70,652,"70->652",1950,"Syria","GPH","Mexico","GPH",392857.16,"70","NA","NA","NA","NA","NA","ok","NA","fob"
"652-70","R652->70",652,70,"",1950,"","","","",0,"","","","","","","imputed zero","","fob"
"652-710","R652->710",652,710,"",1950,"","","","",0,"","","","","","","imputed zero","","fob"
"652-710","652<-R710",710,652,"",1950,"","","","",,"","","","","","","not reported","","fob"
"652-713","652<-R713",713,652,"",1950,"","","","",,"","","","","","","not reported","","fob"
"652-713","R652->713",652,713,"",1950,"","","","",0,"","","","","","","imputed zero","","fob"
"652-720","652<-R720",720,652,"",1950,"","","","",0,"","","","","","","imputed zero","","fob"
"652-720","R652->720",652,720,"",1950,"","","","",0,"","","","","","","imputed zero","","fob"
"652-732","652<-R732",732,652,"",1950,"","","","",,"","","","","","","not reported","","fob"
"652-732","R652->732",652,732,"",1950,"","","","",0,"","","","","","","imputed zero","","fob"
"652-740","R652->740",652,740,"652->740",1950,"Japan","GPH","Syria","GPH",357142.84,"652","NA","NA","NA","NA","NA","ok","NA","fob"
"652-740","652<-R740",740,652,"740->652",1950,"Syria","GPH","Japan","GPH",71428.57,"740","NA","NA","NA","NA","NA","ok","NA","fob"
"652-750","652<-R750",750,652,"750->652",1950,"Syria","GPH","India","GPH",464285.72,"750","NA","NA","NA","NA","NA","ok","NA","fob"
"652-750","R652->750",652,750,"652->750",1950,"India","GPH","Syria","GPH",35714.285,"652","NA","NA","NA","NA","NA","ok","NA","fob"
"652-770","R652->770",652,770,"",1950,"","","","",0,"","","","","","","imputed zero","","fob"
"652-770","652<-R770",770,652,"",1950,"","","","",0,"","","","","","","imputed zero","","fob"
"652-775","652<-R775",775,652,"",1950,"","","","",0,"","","","","","","imputed zero","","fob"
"652-775","R652->775",652,775,"",1950,"","","","",0,"","","","","","","imputed zero","","fob"
"652-780","R652->780",652,780,"652->780",1950,"Sri Lanka (Ceylon)","GPH","Syria","GPH",250000,"652","NA","NA","NA","NA","NA","ok","NA","fob"
"652-780","652<-R780",780,652,"780->652",1950,"Syria","GPH","Sri Lanka (Ceylon)","GPH",214285.72,"780","NA","NA","NA","NA","NA","ok","NA","fob"
"652-800","R652->800",652,800,"",1950,"","","","",0,"","","","","","","imputed zero","","fob"
"652-800","652<-R800",800,652,"",1950,"","","","",,"","","","","","","not reported","","fob"
"652-840","652<-R840",840,652,"840->652",1950,"Syria","GPH","Philippines","GPH",142857.14,"840","NA","NA","NA","NA","NA","ok","NA","fob"
"652-840","R652->840",652,840,"",1950,"","","","",0,"","","","","","","imputed zero","","fob"
"652-850","652<-R850",850,652,"",1950,"","","","",0,"","","","","","","imputed zero","","fob"
"652-850","R652->850",652,850,"",1950,"","","","",0,"","","","","","","imputed zero","","fob"
"652-90","R652->90",652,90,"",1950,"","","","",0,"","","","","","","imputed zero","","fob"
"652-90","652<-R90",90,652,"",1950,"","","","",0,"","","","","","","imputed zero","","fob"
"652-900","652<-R900",900,652,"",1950,"","","","",0,"","","","","","","imputed zero","","fob"
"652-900","R652->900",652,900,"",1950,"","","","",0,"","","","","","","imputed zero","","fob"
"652-91","652<-R91",91,652,"",1950,"","","","",0,"","","","","","","imputed zero","","fob"
"652-91","R652->91",652,91,"",1950,"","","","",0,"","","","","","","imputed zero","","fob"
"652-92","652<-R92",92,652,"",1950,"","","","",0,"","","","","","","imputed zero","","fob"
"652-92","R652->92",652,92,"",1950,"","","","",0,"","","","","","","imputed zero","","fob"
"652-920","R652->920",652,920,"",1950,"","","","",0,"","","","","","","imputed zero","","fob"
"652-920","652<-R920",920,652,"",1950,"","","","",0,"","","","","","","imputed zero","","fob"
"652-93","652<-R93",93,652,"",1950,"","","","",0,"","","","","","","imputed zero","","fob"
"652-93","R652->93",652,93,"",1950,"","","","",0,"","","","","","","imputed zero","","fob"
"652-94","652<-R94",94,652,"",1950,"","","","",0,"","","","","","","imputed zero","","fob"
"652-94","R652->94",652,94,"",1950,"","","","",0,"","","","","","","imputed zero","","fob"
"652-95","R652->95",652,95,"",1950,"","","","",0,"","","","","","","imputed zero","","fob"
"652-95","652<-R95",95,652,"",1950,"","","","",0,"","","","","","","imputed zero","","fob"
"652-960","652<-R960",960,652,"",1950,"","","","",,"","","","","","","not reported","","fob"
"652-960","R652->960",652,960,"",1950,"","","","",0,"","","","","","","imputed zero","","fob"
"660-666","R660->666",660,666,"",1950,"","","","",0,"","","","","","","imputed zero","","fob"
"660-666","660<-R666",666,660,"",1950,"","","","",0,"","","","","","","imputed zero","","fob"
"660-670","660<-R670",670,660,"",1950,"","","","",,"","","","","","","not reported","","fob"
"660-670","R660->670",660,670,"660->670",1950,"Saudi Arabia (Emirate of Nejd) (Emirate of Diriyah)","GPH","Lebanon","GPH",2214285.8,"660","NA","NA","NA","NA","NA","ok","NA","fob"
"660-68","660<-R68",68,660,"",1950,"","","","",,"","","","","","","not reported","","fob"
"660-68","R660->68",660,68,"",1950,"","","","",0,"","","","","","","imputed zero","","fob"
"660-70","R660->70",660,70,"",1950,"","","","",0,"","","","","","","imputed zero","","fob"
"660-70","660<-R70",70,660,"",1950,"","","","",0,"","","","","","","imputed zero","","fob"
"660-710","660<-R710",710,660,"",1950,"","","","",,"","","","","","","not reported","","fob"
"660-710","R660->710",660,710,"",1950,"","","","",0,"","","","","","","imputed zero","","fob"
"660-713","R660->713",660,713,"",1950,"","","","",0,"","","","","","","imputed zero","","fob"
"660-713","660<-R713",713,660,"",1950,"","","","",,"","","","","","","not reported","","fob"
"660-720","660<-R720",720,660,"",1950,"","","","",0,"","","","","","","imputed zero","","fob"
"660-720","R660->720",660,720,"",1950,"","","","",0,"","","","","","","imputed zero","","fob"
"660-732","660<-R732",732,660,"",1950,"","","","",,"","","","","","","not reported","","fob"
"660-732","R660->732",660,732,"",1950,"","","","",0,"","","","","","","imputed zero","","fob"
"660-740","660<-R740",740,660,"740->660",1950,"Lebanon","GPH","Japan","GPH",142857.14,"740","NA","NA","NA","NA","NA","ok","NA","fob"
"660-740","R660->740",660,740,"",1950,"","","","",0,"","","","","","","imputed zero","","fob"
"660-750","660<-R750",750,660,"750->660",1950,"Lebanon","GPH","India","GPH",35714.285,"750","NA","NA","NA","NA","NA","ok","NA","fob"
"660-750","R660->750",660,750,"",1950,"","","","",0,"","","","","","","imputed zero","","fob"
"660-770","R660->770",660,770,"",1950,"","","","",0,"","","","","","","imputed zero","","fob"
"660-770","660<-R770",770,660,"",1950,"","","","",0,"","","","","","","imputed zero","","fob"
"660-775","R660->775",660,775,"",1950,"","","","",0,"","","","","","","imputed zero","","fob"
"660-775","660<-R775",775,660,"",1950,"","","","",0,"","","","","","","imputed zero","","fob"
"660-780","R660->780",660,780,"660->780",1950,"Sri Lanka (Ceylon)","GPH","Lebanon","GPH",214285.72,"660","NA","NA","NA","NA","NA","ok","NA","fob"
"660-780","660<-R780",780,660,"",1950,"","","","",0,"","","","","","","imputed zero","","fob"
"660-800","660<-R800",800,660,"",1950,"","","","",,"","","","","","","not reported","","fob"
"660-800","R660->800",660,800,"",1950,"","","","",0,"","","","","","","imputed zero","","fob"
"660-840","660<-R840",840,660,"",1950,"","","","",0,"","","","","","","imputed zero","","fob"
"660-840","R660->840",660,840,"",1950,"","","","",0,"","","","","","","imputed zero","","fob"
"660-850","R660->850",660,850,"",1950,"","","","",0,"","","","","","","imputed zero","","fob"
"660-850","660<-R850",850,660,"",1950,"","","","",0,"","","","","","","imputed zero","","fob"
"660-90","R660->90",660,90,"",1950,"","","","",0,"","","","","","","imputed zero","","fob"
"660-90","660<-R90",90,660,"",1950,"","","","",0,"","","","","","","imputed zero","","fob"
"660-900","R660->900",660,900,"",1950,"","","","",0,"","","","","","","imputed zero","","fob"
"660-900","660<-R900",900,660,"900->660",1950,"Lebanon","GPH","Australia","GPH",178571.42,"900","NA","NA","NA","NA","NA","ok","NA","fob"
"660-91","660<-R91",91,660,"",1950,"","","","",0,"","","","","","","imputed zero","","fob"
"660-91","R660->91",660,91,"",1950,"","","","",0,"","","","","","","imputed zero","","fob"
"660-92","R660->92",660,92,"",1950,"","","","",0,"","","","","","","imputed zero","","fob"
"660-92","660<-R92",92,660,"",1950,"","","","",0,"","","","","","","imputed zero","","fob"
"660-920","660<-R920",920,660,"",1950,"","","","",0,"","","","","","","imputed zero","","fob"
"660-920","R660->920",660,920,"",1950,"","","","",0,"","","","","","","imputed zero","","fob"
"660-93","660<-R93",93,660,"",1950,"","","","",0,"","","","","","","imputed zero","","fob"
"660-93","R660->93",660,93,"",1950,"","","","",0,"","","","","","","imputed zero","","fob"
"660-94","660<-R94",94,660,"",1950,"","","","",0,"","","","","","","imputed zero","","fob"
"660-94","R660->94",660,94,"",1950,"","","","",0,"","","","","","","imputed zero","","fob"
"660-95","R660->95",660,95,"",1950,"","","","",0,"","","","","","","imputed zero","","fob"
"660-95","660<-R95",95,660,"",1950,"","","","",0,"","","","","","","imputed zero","","fob"
"660-960","R660->960",660,960,"",1950,"","","","",0,"","","","","","","imputed zero","","fob"
"660-960","660<-R960",960,660,"",1950,"","","","",,"","","","","","","not reported","","fob"
"666-670","R666->670",666,670,"",1950,"","","","",0,"","","","","","","imputed zero","","fob"
"666-670","666<-R670",670,666,"",1950,"","","","",,"","","","","","","not reported","","fob"
"666-68","666<-R68",68,666,"",1950,"","","","",,"","","","","","","not reported","","fob"
"666-68","R666->68",666,68,"",1950,"","","","",0,"","","","","","","imputed zero","","fob"
"666-70","R666->70",666,70,"",1950,"","","","",0,"","","","","","","imputed zero","","fob"
"666-70","666<-R70",70,666,"",1950,"","","","",0,"","","","","","","imputed zero","","fob"
"666-710","666<-R710",710,666,"",1950,"","","","",,"","","","","","","not reported","","fob"
"666-710","R666->710",666,710,"",1950,"","","","",0,"","","","","","","imputed zero","","fob"
"666-713","R666->713",666,713,"",1950,"","","","",0,"","","","","","","imputed zero","","fob"
"666-713","666<-R713",713,666,"",1950,"","","","",,"","","","","","","not reported","","fob"
"666-720","666<-R720",720,666,"",1950,"","","","",0,"","","","","","","imputed zero","","fob"
"666-720","R666->720",666,720,"",1950,"","","","",0,"","","","","","","imputed zero","","fob"
"666-732","R666->732",666,732,"",1950,"","","","",0,"","","","","","","imputed zero","","fob"
"666-732","666<-R732",732,666,"",1950,"","","","",,"","","","","","","not reported","","fob"
"666-740","R666->740",666,740,"",1950,"","","","",0,"","","","","","","imputed zero","","fob"
"666-740","666<-R740",740,666,"",1950,"","","","",0,"","","","","","","imputed zero","","fob"
"666-750","666<-R750",750,666,"750->666",1950,"Israel","GPH","India","GPH",107142.86,"750","NA","NA","NA","NA","NA","ok","NA","fob"
"666-750","R666->750",666,750,"",1950,"","","","",0,"","","","","","","imputed zero","","fob"
"666-770","666<-R770",770,666,"",1950,"","","","",0,"","","","","","","imputed zero","","fob"
"666-770","R666->770",666,770,"",1950,"","","","",0,"","","","","","","imputed zero","","fob"
"666-775","666<-R775",775,666,"",1950,"","","","",0,"","","","","","","imputed zero","","fob"
"666-775","R666->775",666,775,"",1950,"","","","",0,"","","","","","","imputed zero","","fob"
"666-780","666<-R780",780,666,"",1950,"","","","",0,"","","","","","","imputed zero","","fob"
"666-780","R666->780",666,780,"",1950,"","","","",0,"","","","","","","imputed zero","","fob"
"666-800","R666->800",666,800,"",1950,"","","","",0,"","","","","","","imputed zero","","fob"
"666-800","666<-R800",800,666,"",1950,"","","","",,"","","","","","","not reported","","fob"
"666-840","R666->840",666,840,"",1950,"","","","",0,"","","","","","","imputed zero","","fob"
"666-840","666<-R840",840,666,"",1950,"","","","",0,"","","","","","","imputed zero","","fob"
"666-850","666<-R850",850,666,"",1950,"","","","",0,"","","","","","","imputed zero","","fob"
"666-850","R666->850",666,850,"",1950,"","","","",0,"","","","","","","imputed zero","","fob"
"666-90","R666->90",666,90,"",1950,"","","","",0,"","","","","","","imputed zero","","fob"
"666-90","666<-R90",90,666,"",1950,"","","","",0,"","","","","","","imputed zero","","fob"
"666-900","R666->900",666,900,"666->900",1950,"Australia","GPH","Israel","GPH",35714.285,"666","NA","NA","NA","NA","NA","ok","NA","fob"
"666-900","666<-R900",900,666,"900->666",1950,"Israel","GPH","Australia","GPH",357142.84,"900","NA","NA","NA","NA","NA","ok","NA","fob"
"666-91","R666->91",666,91,"",1950,"","","","",0,"","","","","","","imputed zero","","fob"
"666-91","666<-R91",91,666,"",1950,"","","","",0,"","","","","","","imputed zero","","fob"
"666-92","666<-R92",92,666,"",1950,"","","","",0,"","","","","","","imputed zero","","fob"
"666-92","R666->92",666,92,"",1950,"","","","",0,"","","","","","","imputed zero","","fob"
"666-920","666<-R920",920,666,"",1950,"","","","",0,"","","","","","","imputed zero","","fob"
"666-920","R666->920",666,920,"",1950,"","","","",0,"","","","","","","imputed zero","","fob"
"666-93","666<-R93",93,666,"",1950,"","","","",0,"","","","","","","imputed zero","","fob"
"666-93","R666->93",666,93,"",1950,"","","","",0,"","","","","","","imputed zero","","fob"
"666-94","R666->94",666,94,"",1950,"","","","",0,"","","","","","","imputed zero","","fob"
"666-94","666<-R94",94,666,"",1950,"","","","",0,"","","","","","","imputed zero","","fob"
"666-95","666<-R95",95,666,"",1950,"","","","",0,"","","","","","","imputed zero","","fob"
"666-95","R666->95",666,95,"",1950,"","","","",0,"","","","","","","imputed zero","","fob"
"666-960","R666->960",666,960,"",1950,"","","","",0,"","","","","","","imputed zero","","fob"
"666-960","666<-R960",960,666,"",1950,"","","","",,"","","","","","","not reported","","fob"
"670-68","R670->68",670,68,"",1950,"","","","",,"","","","","","","not reported","","fob"
"670-68","670<-R68",68,670,"",1950,"","","","",,"","","","","","","not reported","","fob"
"670-70","R670->70",670,70,"",1950,"","","","",,"","","","","","","not reported","","fob"
"670-70","670<-R70",70,670,"",1950,"","","","",0,"","","","","","","imputed zero","","fob"
"670-710","670<-R710",710,670,"",1950,"","","","",,"","","","","","","not reported","","fob"
"670-710","R670->710",670,710,"",1950,"","","","",,"","","","","","","not reported","","fob"
"670-713","R670->713",670,713,"",1950,"","","","",,"","","","","","","not reported","","fob"
"670-713","670<-R713",713,670,"",1950,"","","","",,"","","","","","","not reported","","fob"
"670-720","R670->720",670,720,"",1950,"","","","",,"","","","","","","not reported","","fob"
"670-720","670<-R720",720,670,"",1950,"","","","",0,"","","","","","","imputed zero","","fob"
"670-732","R670->732",670,732,"",1950,"","","","",,"","","","","","","not reported","","fob"
"670-732","670<-R732",732,670,"",1950,"","","","",,"","","","","","","not reported","","fob"
"670-740","670<-R740",740,670,"740->670",1950,"Saudi Arabia (Emirate of Nejd) (Emirate of Diriyah)","GPH","Japan","GPH",250000,"740","NA","NA","NA","NA","NA","ok","NA","fob"
"670-740","R670->740",670,740,"",1950,"","","","",,"","","","","","","not reported","","fob"
"670-750","670<-R750",750,670,"750->670",1950,"Saudi Arabia (Emirate of Nejd) (Emirate of Diriyah)","GPH","India","GPH",1500000,"750","NA","NA","NA","NA","NA","ok","NA","fob"
"670-750","R670->750",670,750,"",1950,"","","","",,"","","","","","","not reported","","fob"
"670-770","R670->770",670,770,"",1950,"","","","",,"","","","","","","not reported","","fob"
"670-770","670<-R770",770,670,"",1950,"","","","",0,"","","","","","","imputed zero","","fob"
"670-775","R670->775",670,775,"",1950,"","","","",,"","","","","","","not reported","","fob"
"670-775","670<-R775",775,670,"",1950,"","","","",0,"","","","","","","imputed zero","","fob"
"670-780","670<-R780",780,670,"780->670",1950,"Saudi Arabia (Emirate of Nejd) (Emirate of Diriyah)","GPH","Sri Lanka (Ceylon)","GPH",357142.84,"780","NA","NA","NA","NA","NA","ok","NA","fob"
"670-780","R670->780",670,780,"",1950,"","","","",,"","","","","","","not reported","","fob"
"670-800","R670->800",670,800,"",1950,"","","","",,"","","","","","","not reported","","fob"
"670-800","670<-R800",800,670,"",1950,"","","","",,"","","","","","","not reported","","fob"
"670-840","670<-R840",840,670,"",1950,"","","","",0,"","","","","","","imputed zero","","fob"
"670-840","R670->840",670,840,"",1950,"","","","",,"","","","","","","not reported","","fob"
"670-850","R670->850",670,850,"",1950,"","","","",,"","","","","","","not reported","","fob"
"670-850","670<-R850",850,670,"850->670",1950,"Saudi Arabia (Emirate of Nejd) (Emirate of Diriyah)","GPH","Indonesia (Dutch East Indies)","GPH",107142.86,"850","NA","NA","NA","NA","NA","ok","NA","fob"
"670-90","670<-R90",90,670,"",1950,"","","","",0,"","","","","","","imputed zero","","fob"
"670-90","R670->90",670,90,"",1950,"","","","",,"","","","","","","not reported","","fob"
"670-900","670<-R900",900,670,"900->670",1950,"Saudi Arabia (Emirate of Nejd) (Emirate of Diriyah)","GPH","Australia","GPH",500000,"900","NA","NA","NA","NA","NA","ok","NA","fob"
"670-900","R670->900",670,900,"",1950,"","","","",,"","","","","","","not reported","","fob"
"670-91","R670->91",670,91,"",1950,"","","","",,"","","","","","","not reported","","fob"
"670-91","670<-R91",91,670,"",1950,"","","","",0,"","","","","","","imputed zero","","fob"
"670-92","R670->92",670,92,"",1950,"","","","",,"","","","","","","not reported","","fob"
"670-92","670<-R92",92,670,"",1950,"","","","",0,"","","","","","","imputed zero","","fob"
"670-920","670<-R920",920,670,"920->670",1950,"Saudi Arabia (Emirate of Nejd) (Emirate of Diriyah)","GPH","New Zealand","GPH",35714.285,"920","NA","NA","NA","NA","NA","ok","NA","fob"
"670-920","R670->920",670,920,"",1950,"","","","",,"","","","","","","not reported","","fob"
"670-93","670<-R93",93,670,"",1950,"","","","",0,"","","","","","","imputed zero","","fob"
"670-93","R670->93",670,93,"",1950,"","","","",,"","","","","","","not reported","","fob"
"670-94","670<-R94",94,670,"",1950,"","","","",0,"","","","","","","imputed zero","","fob"
"670-94","R670->94",670,94,"",1950,"","","","",,"","","","","","","not reported","","fob"
"670-95","670<-R95",95,670,"",1950,"","","","",0,"","","","","","","imputed zero","","fob"
"670-95","R670->95",670,95,"",1950,"","","","",,"","","","","","","not reported","","fob"
"670-960","670<-R960",960,670,"",1950,"","","","",,"","","","","","","not reported","","fob"
"670-960","R670->960",670,960,"",1950,"","","","",,"","","","","","","not reported","","fob"
"68-70","68<-R70",70,68,"70->68",1950,"Netherlands Antilles","GPH","Mexico","GPH",464285.72,"70","NA","NA","NA","NA","NA","ok","NA","fob"
"68-70","R68->70",68,70,"",1950,"","","","",,"","","","","","","not reported","","fob"
"68-710","68<-R710",710,68,"",1950,"","","","",,"","","","","","","not reported","","fob"
"68-710","R68->710",68,710,"",1950,"","","","",,"","","","","","","not reported","","fob"
"68-713","R68->713",68,713,"",1950,"","","","",,"","","","","","","not reported","","fob"
"68-713","68<-R713",713,68,"",1950,"","","","",,"","","","","","","not reported","","fob"
"68-720","R68->720",68,720,"",1950,"","","","",,"","","","","","","not reported","","fob"
"68-720","68<-R720",720,68,"",1950,"","","","",0,"","","","","","","imputed zero","","fob"
"68-732","R68->732",68,732,"",1950,"","","","",,"","","","","","","not reported","","fob"
"68-732","68<-R732",732,68,"",1950,"","","","",,"","","","","","","not reported","","fob"
"68-740","R68->740",68,740,"",1950,"","","","",,"","","","","","","not reported","","fob"
"68-740","68<-R740",740,68,"740->68",1950,"Netherlands Antilles","GPH","Japan","GPH",107142.86,"740","NA","NA","NA","NA","NA","ok","NA","fob"
"68-750","R68->750",68,750,"",1950,"","","","",,"","","","","","","not reported","","fob"
"68-750","68<-R750",750,68,"",1950,"","","","",0,"","","","","","","imputed zero","","fob"
"68-770","68<-R770",770,68,"",1950,"","","","",0,"","","","","","","imputed zero","","fob"
"68-770","R68->770",68,770,"",1950,"","","","",,"","","","","","","not reported","","fob"
"68-775","68<-R775",775,68,"",1950,"","","","",0,"","","","","","","imputed zero","","fob"
"68-775","R68->775",68,775,"",1950,"","","","",,"","","","","","","not reported","","fob"
"68-780","R68->780",68,780,"",1950,"","","","",,"","","","","","","not reported","","fob"
"68-780","68<-R780",780,68,"",1950,"","","","",0,"","","","","","","imputed zero","","fob"
"68-800","68<-R800",800,68,"",1950,"","","","",,"","","","","","","not reported","","fob"
"68-800","R68->800",68,800,"",1950,"","","","",,"","","","","","","not reported","","fob"
"68-840","68<-R840",840,68,"",1950,"","","","",0,"","","","","","","imputed zero","","fob"
"68-840","R68->840",68,840,"",1950,"","","","",,"","","","","","","not reported","","fob"
"68-850","68<-R850",850,68,"850->68",1950,"Netherlands Antilles","GPH","Indonesia (Dutch East Indies)","GPH",107142.86,"850","NA","NA","NA","NA","NA","ok","NA","fob"
"68-850","R68->850",68,850,"",1950,"","","","",,"","","","","","","not reported","","fob"
"68-90","68<-R90",90,68,"",1950,"","","","",0,"","","","","","","imputed zero","","fob"
"68-90","R68->90",68,90,"",1950,"","","","",,"","","","","","","not reported","","fob"
"68-900","R68->900",68,900,"",1950,"","","","",,"","","","","","","not reported","","fob"
"68-900","68<-R900",900,68,"",1950,"","","","",0,"","","","","","","imputed zero","","fob"
"68-91","R68->91",68,91,"",1950,"","","","",,"","","","","","","not reported","","fob"
"68-91","68<-R91",91,68,"",1950,"","","","",0,"","","","","","","imputed zero","","fob"
"68-92","R68->92",68,92,"",1950,"","","","",,"","","","","","","not reported","","fob"
"68-92","68<-R92",92,68,"",1950,"","","","",0,"","","","","","","imputed zero","","fob"
"68-920","R68->920",68,920,"",1950,"","","","",,"","","","","","","not reported","","fob"
"68-920","68<-R920",920,68,"920->68",1950,"Netherlands Antilles","GPH","New Zealand","GPH",178571.42,"920","NA","NA","NA","NA","NA","ok","NA","fob"
"68-93","68<-R93",93,68,"93->68",1950,"Netherlands Antilles","GPH","Nicaragua","GPH",35714.285,"93","NA","NA","NA","NA","NA","ok","NA","fob"
"68-93","R68->93",68,93,"",1950,"","","","",,"","","","","","","not reported","","fob"
"68-94","R68->94",68,94,"",1950,"","","","",,"","","","","","","not reported","","fob"
"68-94","68<-R94",94,68,"",1950,"","","","",0,"","","","","","","imputed zero","","fob"
"68-95","R68->95",68,95,"",1950,"","","","",,"","","","","","","not reported","","fob"
"68-95","68<-R95",95,68,"",1950,"","","","",0,"","","","","","","imputed zero","","fob"
"68-960","68<-R960",960,68,"",1950,"","","","",,"","","","","","","not reported","","fob"
"68-960","R68->960",68,960,"",1950,"","","","",,"","","","","","","not reported","","fob"
"70-710","70<-R710",710,70,"",1950,"","","","",,"","","","","","","not reported","","fob"
"70-710","R70->710",70,710,"70->710",1950,"People's Republic of China (China)","GPH","Mexico","GPH",71428.57,"70","NA","NA","NA","NA","NA","ok","NA","fob"
"70-713","70<-R713",713,70,"",1950,"","","","",,"","","","","","","not reported","","fob"
"70-713","R70->713",70,713,"",1950,"","","","",0,"","","","","","","imputed zero","","fob"
"70-720","70<-R720",720,70,"",1950,"","","","",0,"","","","","","","imputed zero","","fob"
"70-720","R70->720",70,720,"",1950,"","","","",0,"","","","","","","imputed zero","","fob"
"70-732","70<-R732",732,70,"",1950,"","","","",,"","","","","","","not reported","","fob"
"70-732","R70->732",70,732,"",1950,"","","","",0,"","","","","","","imputed zero","","fob"
"70-740","70<-R740",740,70,"740->70",1950,"Mexico","GPH","Japan","GPH",1214285.8,"740","NA","NA","NA","NA","NA","ok","NA","fob"
"70-740","R70->740",70,740,"70->740",1950,"Japan","GPH","Mexico","GPH",1285714.3,"70","NA","NA","NA","NA","NA","ok","NA","fob"
"70-750","70<-R750",750,70,"750->70",1950,"Mexico","GPH","India","GPH",250000,"750","NA","NA","NA","NA","NA","ok","NA","fob"
"70-750","R70->750",70,750,"70->750",1950,"India","GPH","Mexico","GPH",357142.84,"70","NA","NA","NA","NA","NA","ok","NA","fob"
"70-770","70<-R770",770,70,"",1950,"","","","",0,"","","","","","","imputed zero","","fob"
"70-770","R70->770",70,770,"",1950,"","","","",0,"","","","","","","imputed zero","","fob"
"70-775","70<-R775",775,70,"",1950,"","","","",0,"","","","","","","imputed zero","","fob"
"70-775","R70->775",70,775,"",1950,"","","","",0,"","","","","","","imputed zero","","fob"
"70-780","R70->780",70,780,"",1950,"","","","",0,"","","","","","","imputed zero","","fob"
"70-780","70<-R780",780,70,"780->70",1950,"Mexico","GPH","Sri Lanka (Ceylon)","GPH",785714.31,"780","NA","NA","NA","NA","NA","ok","NA","fob"
"70-800","R70->800",70,800,"",1950,"","","","",0,"","","","","","","imputed zero","","fob"
"70-800","70<-R800",800,70,"",1950,"","","","",,"","","","","","","not reported","","fob"
"70-840","70<-R840",840,70,"",1950,"","","","",0,"","","","","","","imputed zero","","fob"
"70-840","R70->840",70,840,"",1950,"","","","",0,"","","","","","","imputed zero","","fob"
"70-850","R70->850",70,850,"70->850",1950,"Indonesia (Dutch East Indies)","GPH","Mexico","GPH",35714.285,"70","NA","NA","NA","NA","NA","ok","NA","fob"
"70-850","70<-R850",850,70,"",1950,"","","","",0,"","","","","","","imputed zero","","fob"
"70-90","R70->90",70,90,"70->90",1950,"Guatemala","GPH","Mexico","GPH",2535714.3,"70","NA","NA","NA","NA","NA","ok","NA","fob"
"70-90","70<-R90",90,70,"",1950,"","","","",0,"","","","","","","imputed zero","","fob"
"70-900","R70->900",70,900,"",1950,"","","","",0,"","","","","","","imputed zero","","fob"
"70-900","70<-R900",900,70,"900->70",1950,"Mexico","GPH","Australia","GPH",1821428.6,"900","NA","NA","NA","NA","NA","ok","NA","fob"
"70-91","R70->91",70,91,"70->91",1950,"Honduras","GPH","Mexico","GPH",357142.84,"70","NA","NA","NA","NA","NA","ok","NA","fob"
"70-91","70<-R91",91,70,"",1950,"","","","",0,"","","","","","","imputed zero","","fob"
"70-92","70<-R92",92,70,"",1950,"","","","",0,"","","","","","","imputed zero","","fob"
"70-92","R70->92",70,92,"70->92",1950,"El Salvador","GPH","Mexico","GPH",107142.86,"70","NA","NA","NA","NA","NA","ok","NA","fob"
"70-920","70<-R920",920,70,"920->70",1950,"Mexico","GPH","New Zealand","GPH",357142.84,"920","NA","NA","NA","NA","NA","ok","NA","fob"
"70-920","R70->920",70,920,"",1950,"","","","",0,"","","","","","","imputed zero","","fob"
"70-93","R70->93",70,93,"70->93",1950,"Nicaragua","GPH","Mexico","GPH",107142.86,"70","NA","NA","NA","NA","NA","ok","NA","fob"
"70-93","70<-R93",93,70,"",1950,"","","","",0,"","","","","","","imputed zero","","fob"
"70-94","R70->94",70,94,"70->94",1950,"Costa Rica","GPH","Mexico","GPH",178571.42,"70","NA","NA","NA","NA","NA","ok","NA","fob"
"70-94","70<-R94",94,70,"",1950,"","","","",0,"","","","","","","imputed zero","","fob"
"70-95","R70->95",70,95,"70->95",1950,"Panama","GPH","Mexico","GPH",285714.28,"70","NA","NA","NA","NA","NA","ok","NA","fob"
"70-95","70<-R95",95,70,"",1950,"","","","",0,"","","","","","","imputed zero","","fob"
"70-960","R70->960",70,960,"",1950,"","","","",0,"","","","","","","imputed zero","","fob"
"70-960","70<-R960",960,70,"",1950,"","","","",,"","","","","","","not reported","","fob"
"710-713","710<-R713",713,710,"",1950,"","","","",,"","","","","","","not reported","","fob"
"710-713","R710->713",710,713,"",1950,"","","","",,"","","","","","","not reported","","fob"
"710-720","710<-R720",720,710,"720->710",1950,"People's Republic of China (China)","GPH","Hong Kong","GPH",91642856,"720","NA","NA","NA","NA","NA","ok","NA","fob"
"710-720","R710->720",710,720,"",1950,"","","","",,"","","","","","","not reported","","fob"
"710-732","710<-R732",732,710,"",1950,"","","","",,"","","","","","","not reported","","fob"
"710-732","R710->732",710,732,"",1950,"","","","",,"","","","","","","not reported","","fob"
"710-740","710<-R740",740,710,"740->710",1950,"People's Republic of China (China)","GPH","Japan","GPH",20571428,"740","NA","NA","NA","NA","NA","ok","NA","fob"
"710-740","R710->740",710,740,"",1950,"","","","",,"","","","","","","not reported","","fob"
"710-750","710<-R750",750,710,"750->710",1950,"People's Republic of China (China)","GPH","India","GPH",1821428.6,"750","NA","NA","NA","NA","NA","ok","NA","fob"
"710-750","R710->750",710,750,"",1950,"","","","",,"","","","","","","not reported","","fob"
"710-770","R710->770",710,770,"",1950,"","","","",,"","","","","","","not reported","","fob"
"710-770","710<-R770",770,710,"770->710",1950,"People's Republic of China (China)","GPH","Pakistan","GPH",2785714.3,"770","NA","NA","NA","NA","NA","ok","NA","fob"
"710-775","R710->775",710,775,"",1950,"","","","",,"","","","","","","not reported","","fob"
"710-775","710<-R775",775,710,"775->710",1950,"People's Republic of China (China)","GPH","Myanmar (Burma)","GPH",1750000,"775","NA","NA","NA","NA","NA","ok","NA","fob"
"710-780","710<-R780",780,710,"",1950,"","","","",0,"","","","","","","imputed zero","","fob"
"710-780","R710->780",710,780,"",1950,"","","","",,"","","","","","","not reported","","fob"
"710-800","R710->800",710,800,"",1950,"","","","",,"","","","","","","not reported","","fob"
"710-800","710<-R800",800,710,"",1950,"","","","",,"","","","","","","not reported","","fob"
"710-840","R710->840",710,840,"",1950,"","","","",,"","","","","","","not reported","","fob"
"710-840","710<-R840",840,710,"840->710",1950,"People's Republic of China (China)","GPH","Philippines","GPH",321428.56,"840","NA","NA","NA","NA","NA","ok","NA","fob"
"710-850","R710->850",710,850,"",1950,"","","","",,"","","","","","","not reported","","fob"
"710-850","710<-R850",850,710,"",1950,"","","","",0,"","","","","","","imputed zero","","fob"
"710-90","710<-R90",90,710,"",1950,"","","","",0,"","","","","","","imputed zero","","fob"
"710-90","R710->90",710,90,"",1950,"","","","",,"","","","","","","not reported","","fob"
"710-900","710<-R900",900,710,"900->710",1950,"People's Republic of China (China)","GPH","Australia","GPH",678571.44,"900","NA","NA","NA","NA","NA","ok","NA","fob"
"710-900","R710->900",710,900,"",1950,"","","","",,"","","","","","","not reported","","fob"
"710-91","710<-R91",91,710,"",1950,"","","","",0,"","","","","","","imputed zero","","fob"
"710-91","R710->91",710,91,"",1950,"","","","",,"","","","","","","not reported","","fob"
"710-92","R710->92",710,92,"",1950,"","","","",,"","","","","","","not reported","","fob"
"710-92","710<-R92",92,710,"",1950,"","","","",0,"","","","","","","imputed zero","","fob"
"710-920","R710->920",710,920,"",1950,"","","","",,"","","","","","","not reported","","fob"
"710-920","710<-R920",920,710,"",1950,"","","","",0,"","","","","","","imputed zero","","fob"
"710-93","R710->93",710,93,"",1950,"","","","",,"","","","","","","not reported","","fob"
"710-93","710<-R93",93,710,"93->710",1950,"People's Republic of China (China)","GPH","Nicaragua","GPH",71428.57,"93","NA","NA","NA","NA","NA","ok","NA","fob"
"710-94","710<-R94",94,710,"",1950,"","","","",0,"","","","","","","imputed zero","","fob"
"710-94","R710->94",710,94,"",1950,"","","","",,"","","","","","","not reported","","fob"
"710-95","R710->95",710,95,"",1950,"","","","",,"","","","","","","not reported","","fob"
"710-95","710<-R95",95,710,"",1950,"","","","",0,"","","","","","","imputed zero","","fob"
"710-960","R710->960",710,960,"",1950,"","","","",,"","","","","","","not reported","","fob"
"710-960","710<-R960",960,710,"",1950,"","","","",,"","","","","","","not reported","","fob"
"713-720","R713->720",713,720,"",1950,"","","","",,"","","","","","","not reported","","fob"
"713-720","713<-R720",720,713,"",1950,"","","","",0,"","","","","","","imputed zero","","fob"
"713-732","R713->732",713,732,"",1950,"","","","",,"","","","","","","not reported","","fob"
"713-732","713<-R732",732,713,"",1950,"","","","",,"","","","","","","not reported","","fob"
"713-740","713<-R740",740,713,"",1950,"","","","",0,"","","","","","","imputed zero","","fob"
"713-740","R713->740",713,740,"",1950,"","","","",,"","","","","","","not reported","","fob"
"713-750","713<-R750",750,713,"",1950,"","","","",0,"","","","","","","imputed zero","","fob"
"713-750","R713->750",713,750,"",1950,"","","","",,"","","","","","","not reported","","fob"
"713-770","R713->770",713,770,"",1950,"","","","",,"","","","","","","not reported","","fob"
"713-770","713<-R770",770,713,"",1950,"","","","",0,"","","","","","","imputed zero","","fob"
"713-775","713<-R775",775,713,"",1950,"","","","",0,"","","","","","","imputed zero","","fob"
"713-775","R713->775",713,775,"",1950,"","","","",,"","","","","","","not reported","","fob"
"713-780","713<-R780",780,713,"",1950,"","","","",0,"","","","","","","imputed zero","","fob"
"713-780","R713->780",713,780,"",1950,"","","","",,"","","","","","","not reported","","fob"
"713-800","R713->800",713,800,"",1950,"","","","",,"","","","","","","not reported","","fob"
"713-800","713<-R800",800,713,"",1950,"","","","",,"","","","","","","not reported","","fob"
"713-840","R713->840",713,840,"",1950,"","","","",,"","","","","","","not reported","","fob"
"713-840","713<-R840",840,713,"",1950,"","","","",0,"","","","","","","imputed zero","","fob"
"713-850","713<-R850",850,713,"",1950,"","","","",0,"","","","","","","imputed zero","","fob"
"713-850","R713->850",713,850,"",1950,"","","","",,"","","","","","","not reported","","fob"
"713-90","R713->90",713,90,"",1950,"","","","",,"","","","","","","not reported","","fob"
"713-90","713<-R90",90,713,"",1950,"","","","",0,"","","","","","","imputed zero","","fob"
"713-900","R713->900",713,900,"",1950,"","","","",,"","","","","","","not reported","","fob"
"713-900","713<-R900",900,713,"",1950,"","","","",0,"","","","","","","imputed zero","","fob"
"713-91","R713->91",713,91,"",1950,"","","","",,"","","","","","","not reported","","fob"
"713-91","713<-R91",91,713,"",1950,"","","","",0,"","","","","","","imputed zero","","fob"
"713-92","R713->92",713,92,"",1950,"","","","",,"","","","","","","not reported","","fob"
"713-92","713<-R92",92,713,"",1950,"","","","",0,"","","","","","","imputed zero","","fob"
"713-920","R713->920",713,920,"",1950,"","","","",,"","","","","","","not reported","","fob"
"713-920","713<-R920",920,713,"",1950,"","","","",0,"","","","","","","imputed zero","","fob"
"713-93","713<-R93",93,713,"",1950,"","","","",0,"","","","","","","imputed zero","","fob"
"713-93","R713->93",713,93,"",1950,"","","","",,"","","","","","","not reported","","fob"
"713-94","R713->94",713,94,"",1950,"","","","",,"","","","","","","not reported","","fob"
"713-94","713<-R94",94,713,"",1950,"","","","",0,"","","","","","","imputed zero","","fob"
"713-95","713<-R95",95,713,"",1950,"","","","",0,"","","","","","","imputed zero","","fob"
"713-95","R713->95",713,95,"",1950,"","","","",,"","","","","","","not reported","","fob"
"713-960","R713->960",713,960,"",1950,"","","","",,"","","","","","","not reported","","fob"
"713-960","713<-R960",960,713,"",1950,"","","","",,"","","","","","","not reported","","fob"
"720-732","R720->732",720,732,"720->732",1950,"South Korea (Republic of South Korea)","GPH","Hong Kong","GPH",1428571.4,"720","NA","NA","NA","NA","NA","ok","NA","fob"
"720-732","720<-R732",732,720,"",1950,"","","","",,"","","","","","","not reported","","fob"
"720-740","720<-R740",740,720,"740->720",1950,"Hong Kong","GPH","Japan","GPH",19035714,"740","NA","NA","NA","NA","NA","ok","NA","fob"
"720-740","R720->740",720,740,"720->740",1950,"Japan","GPH","Hong Kong","GPH",7535714.5,"720","NA","NA","NA","NA","NA","ok","NA","fob"
"720-750","R720->750",720,750,"720->750",1950,"India","GPH","Hong Kong","GPH",1428571.4,"720","NA","NA","NA","NA","NA","ok","NA","fob"
"720-750","720<-R750",750,720,"750->720",1950,"Hong Kong","GPH","India","GPH",9750000,"750","NA","NA","NA","NA","NA","ok","NA","fob"
"720-770","720<-R770",770,720,"770->720",1950,"Hong Kong","GPH","Pakistan","GPH",12214286,"770","NA","NA","NA","NA","NA","ok","NA","fob"
"720-770","R720->770",720,770,"720->770",1950,"Pakistan","GPH","Hong Kong","GPH",8214285.5,"720","NA","NA","NA","NA","NA","ok","NA","fob"
"720-775","R720->775",720,775,"720->775",1950,"Myanmar (Burma)","GPH","Hong Kong","GPH",1428571.4,"720","NA","NA","NA","NA","NA","ok","NA","fob"
"720-775","720<-R775",775,720,"775->720",1950,"Hong Kong","GPH","Myanmar (Burma)","GPH",1142857.1,"775","NA","NA","NA","NA","NA","ok","NA","fob"
"720-780","R720->780",720,780,"720->780",1950,"Sri Lanka (Ceylon)","GPH","Hong Kong","GPH",571428.56,"720","NA","NA","NA","NA","NA","ok","NA","fob"
"720-780","720<-R780",780,720,"780->720",1950,"Hong Kong","GPH","Sri Lanka (Ceylon)","GPH",178571.42,"780","NA","NA","NA","NA","NA","ok","NA","fob"
"720-800","R720->800",720,800,"720->800",1950,"Thailand (Siam)","GPH","Hong Kong","GPH",6214285.5,"720","NA","NA","NA","NA","NA","ok","NA","fob"
"720-800","720<-R800",800,720,"",1950,"","","","",,"","","","","","","not reported","","fob"
"720-840","R720->840",720,840,"720->840",1950,"Philippines","GPH","Hong Kong","GPH",5142857,"720","NA","NA","NA","NA","NA","ok","NA","fob"
"720-840","720<-R840",840,720,"840->720",1950,"Hong Kong","GPH","Philippines","GPH",857142.88,"840","NA","NA","NA","NA","NA","ok","NA","fob"
"720-850","R720->850",720,850,"720->850",1950,"Indonesia (Dutch East Indies)","GPH","Hong Kong","GPH",7642857,"720","NA","NA","NA","NA","NA","ok","NA","fob"
"720-850","720<-R850",850,720,"850->720",1950,"Hong Kong","GPH","Indonesia (Dutch East Indies)","GPH",1357142.9,"850","NA","NA","NA","NA","NA","ok","NA","fob"
"720-90","720<-R90",90,720,"",1950,"","","","",0,"","","","","","","imputed zero","","fob"
"720-90","R720->90",720,90,"",1950,"","","","",0,"","","","","","","imputed zero","","fob"
"720-900","720<-R900",900,720,"900->720",1950,"Hong Kong","GPH","Australia","GPH",5071428.5,"900","NA","NA","NA","NA","NA","ok","NA","fob"
"720-900","R720->900",720,900,"720->900",1950,"Australia","GPH","Hong Kong","GPH",2464285.8,"720","NA","NA","NA","NA","NA","ok","NA","fob"
"720-91","R720->91",720,91,"",1950,"","","","",0,"","","","","","","imputed zero","","fob"
"720-91","720<-R91",91,720,"",1950,"","","","",0,"","","","","","","imputed zero","","fob"
"720-92","R720->92",720,92,"",1950,"","","","",0,"","","","","","","imputed zero","","fob"
"720-92","720<-R92",92,720,"",1950,"","","","",0,"","","","","","","imputed zero","","fob"
"720-920","R720->920",720,920,"720->920",1950,"New Zealand","GPH","Hong Kong","GPH",214285.72,"720","NA","NA","NA","NA","NA","ok","NA","fob"
"720-920","720<-R920",920,720,"920->720",1950,"Hong Kong","GPH","New Zealand","GPH",71428.57,"920","NA","NA","NA","NA","NA","ok","NA","fob"
"720-93","720<-R93",93,720,"",1950,"","","","",0,"","","","","","","imputed zero","","fob"
"720-93","R720->93",720,93,"",1950,"","","","",0,"","","","","","","imputed zero","","fob"
"720-94","R720->94",720,94,"",1950,"","","","",0,"","","","","","","imputed zero","","fob"
"720-94","720<-R94",94,720,"",1950,"","","","",0,"","","","","","","imputed zero","","fob"
"720-95","720<-R95",95,720,"",1950,"","","","",0,"","","","","","","imputed zero","","fob"
"720-95","R720->95",720,95,"",1950,"","","","",0,"","","","","","","imputed zero","","fob"
"720-960","720<-R960",960,720,"",1950,"","","","",,"","","","","","","not reported","","fob"
"720-960","R720->960",720,960,"",1950,"","","","",0,"","","","","","","imputed zero","","fob"
"732-740","R732->740",732,740,"",1950,"","","","",,"","","","","","","not reported","","fob"
"732-740","732<-R740",740,732,"740->732",1950,"South Korea (Republic of South Korea)","GPH","Japan","GPH",6464285.5,"740","NA","NA","NA","NA","NA","ok","NA","fob"
"732-750","732<-R750",750,732,"",1950,"","","","",0,"","","","","","","imputed zero","","fob"
"732-750","R732->750",732,750,"",1950,"","","","",,"","","","","","","not reported","","fob"
"732-770","732<-R770",770,732,"770->732",1950,"South Korea (Republic of South Korea)","GPH","Pakistan","GPH",107142.86,"770","NA","NA","NA","NA","NA","ok","NA","fob"
"732-770","R732->770",732,770,"",1950,"","","","",,"","","","","","","not reported","","fob"
"732-775","R732->775",732,775,"",1950,"","","","",,"","","","","","","not reported","","fob"
"732-775","732<-R775",775,732,"",1950,"","","","",0,"","","","","","","imputed zero","","fob"
"732-780","R732->780",732,780,"",1950,"","","","",,"","","","","","","not reported","","fob"
"732-780","732<-R780",780,732,"",1950,"","","","",0,"","","","","","","imputed zero","","fob"
"732-800","732<-R800",800,732,"",1950,"","","","",,"","","","","","","not reported","","fob"
"732-800","R732->800",732,800,"",1950,"","","","",,"","","","","","","not reported","","fob"
"732-840","R732->840",732,840,"",1950,"","","","",,"","","","","","","not reported","","fob"
"732-840","732<-R840",840,732,"840->732",1950,"South Korea (Republic of South Korea)","GPH","Philippines","GPH",821428.56,"840","NA","NA","NA","NA","NA","ok","NA","fob"
"732-850","732<-R850",850,732,"",1950,"","","","",0,"","","","","","","imputed zero","","fob"
"732-850","R732->850",732,850,"",1950,"","","","",,"","","","","","","not reported","","fob"
"732-90","732<-R90",90,732,"",1950,"","","","",0,"","","","","","","imputed zero","","fob"
"732-90","R732->90",732,90,"",1950,"","","","",,"","","","","","","not reported","","fob"
"732-900","732<-R900",900,732,"",1950,"","","","",0,"","","","","","","imputed zero","","fob"
"732-900","R732->900",732,900,"",1950,"","","","",,"","","","","","","not reported","","fob"
"732-91","732<-R91",91,732,"",1950,"","","","",0,"","","","","","","imputed zero","","fob"
"732-91","R732->91",732,91,"",1950,"","","","",,"","","","","","","not reported","","fob"
"732-92","732<-R92",92,732,"",1950,"","","","",0,"","","","","","","imputed zero","","fob"
"732-92","R732->92",732,92,"",1950,"","","","",,"","","","","","","not reported","","fob"
"732-920","R732->920",732,920,"",1950,"","","","",,"","","","","","","not reported","","fob"
"732-920","732<-R920",920,732,"",1950,"","","","",0,"","","","","","","imputed zero","","fob"
"732-93","732<-R93",93,732,"",1950,"","","","",0,"","","","","","","imputed zero","","fob"
"732-93","R732->93",732,93,"",1950,"","","","",,"","","","","","","not reported","","fob"
"732-94","732<-R94",94,732,"",1950,"","","","",0,"","","","","","","imputed zero","","fob"
"732-94","R732->94",732,94,"",1950,"","","","",,"","","","","","","not reported","","fob"
"732-95","732<-R95",95,732,"",1950,"","","","",0,"","","","","","","imputed zero","","fob"
"732-95","R732->95",732,95,"",1950,"","","","",,"","","","","","","not reported","","fob"
"732-960","732<-R960",960,732,"",1950,"","","","",,"","","","","","","not reported","","fob"
"732-960","R732->960",732,960,"",1950,"","","","",,"","","","","","","not reported","","fob"
"740-750","R740->750",740,750,"740->750",1950,"India","GPH","Japan","GPH",7250000,"740","NA","NA","NA","NA","NA","ok","NA","fob"
"740-750","740<-R750",750,740,"750->740",1950,"Japan","GPH","India","GPH",5607143,"750","NA","NA","NA","NA","NA","ok","NA","fob"
"740-770","R740->770",740,770,"740->770",1950,"Pakistan","GPH","Japan","GPH",19857142,"740","NA","NA","NA","NA","NA","ok","NA","fob"
"740-770","740<-R770",770,740,"770->740",1950,"Japan","GPH","Pakistan","GPH",15750000,"770","NA","NA","NA","NA","NA","ok","NA","fob"
"740-775","740<-R775",775,740,"775->740",1950,"Japan","GPH","Myanmar (Burma)","GPH",7250000,"775","NA","NA","NA","NA","NA","ok","NA","fob"
"740-775","R740->775",740,775,"740->775",1950,"Myanmar (Burma)","GPH","Japan","GPH",5785714.5,"740","NA","NA","NA","NA","NA","ok","NA","fob"
"740-780","R740->780",740,780,"740->780",1950,"Sri Lanka (Ceylon)","GPH","Japan","GPH",2535714.3,"740","NA","NA","NA","NA","NA","ok","NA","fob"
"740-780","740<-R780",780,740,"780->740",1950,"Japan","GPH","Sri Lanka (Ceylon)","GPH",71428.57,"780","NA","NA","NA","NA","NA","ok","NA","fob"
"740-800","740<-R800",800,740,"",1950,"","","","",,"","","","","","","not reported","","fob"
"740-800","R740->800",740,800,"740->800",1950,"Thailand (Siam)","GPH","Japan","GPH",15214286,"740","NA","NA","NA","NA","NA","ok","NA","fob"
"740-840","740<-R840",840,740,"840->740",1950,"Japan","GPH","Philippines","GPH",7857143,"840","NA","NA","NA","NA","NA","ok","NA","fob"
"740-840","R740->840",740,840,"740->840",1950,"Philippines","GPH","Japan","GPH",6500000,"740","NA","NA","NA","NA","NA","ok","NA","fob"
"740-850","R740->850",740,850,"740->850",1950,"Indonesia (Dutch East Indies)","GPH","Japan","GPH",16500000,"740","NA","NA","NA","NA","NA","ok","NA","fob"
"740-850","740<-R850",850,740,"850->740",1950,"Japan","GPH","Indonesia (Dutch East Indies)","GPH",3821428.5,"850","NA","NA","NA","NA","NA","ok","NA","fob"
"740-90","740<-R90",90,740,"",1950,"","","","",0,"","","","","","","imputed zero","","fob"
"740-90","R740->90",740,90,"",1950,"","","","",0,"","","","","","","imputed zero","","fob"
"740-900","R740->900",740,900,"740->900",1950,"Australia","GPH","Japan","GPH",8321428.5,"740","NA","NA","NA","NA","NA","ok","NA","fob"
"740-900","740<-R900",900,740,"900->740",1950,"Japan","GPH","Australia","GPH",26964286,"900","NA","NA","NA","NA","NA","ok","NA","fob"
"740-91","740<-R91",91,740,"",1950,"","","","",0,"","","","","","","imputed zero","","fob"
"740-91","R740->91",740,91,"740->91",1950,"Honduras","GPH","Japan","GPH",214285.72,"740","NA","NA","NA","NA","NA","ok","NA","fob"
"740-92","740<-R92",92,740,"",1950,"","","","",0,"","","","","","","imputed zero","","fob"
"740-92","R740->92",740,92,"740->92",1950,"El Salvador","GPH","Japan","GPH",178571.42,"740","NA","NA","NA","NA","NA","ok","NA","fob"
"740-920","740<-R920",920,740,"920->740",1950,"Japan","GPH","New Zealand","GPH",964285.69,"920","NA","NA","NA","NA","NA","ok","NA","fob"
"740-920","R740->920",740,920,"740->920",1950,"New Zealand","GPH","Japan","GPH",428571.44,"740","NA","NA","NA","NA","NA","ok","NA","fob"
"740-93","R740->93",740,93,"740->93",1950,"Nicaragua","GPH","Japan","GPH",71428.57,"740","NA","NA","NA","NA","NA","ok","NA","fob"
"740-93","740<-R93",93,740,"",1950,"","","","",0,"","","","","","","imputed zero","","fob"
"740-94","740<-R94",94,740,"",1950,"","","","",0,"","","","","","","imputed zero","","fob"
"740-94","R740->94",740,94,"740->94",1950,"Costa Rica","GPH","Japan","GPH",178571.42,"740","NA","NA","NA","NA","NA","ok","NA","fob"
"740-95","R740->95",740,95,"740->95",1950,"Panama","GPH","Japan","GPH",178571.42,"740","NA","NA","NA","NA","NA","ok","NA","fob"
"740-95","740<-R95",95,740,"",1950,"","","","",0,"","","","","","","imputed zero","","fob"
"740-960","740<-R960",960,740,"",1950,"","","","",,"","","","","","","not reported","","fob"
"740-960","R740->960",740,960,"",1950,"","","","",0,"","","","","","","imputed zero","","fob"
"750-770","R750->770",750,770,"750->770",1950,"Pakistan","GPH","India","GPH",21785714,"750","NA","NA","NA","NA","NA","ok","NA","fob"
"750-770","750<-R770",770,750,"770->750",1950,"India","GPH","Pakistan","GPH",37821428,"770","NA","NA","NA","NA","NA","ok","NA","fob"
"750-775","750<-R775",775,750,"775->750",1950,"India","GPH","Myanmar (Burma)","GPH",10250000,"775","NA","NA","NA","NA","NA","ok","NA","fob"
"750-775","R750->775",750,775,"750->775",1950,"Myanmar (Burma)","GPH","India","GPH",17785714,"750","NA","NA","NA","NA","NA","ok","NA","fob"
"750-780","750<-R780",780,750,"780->750",1950,"India","GPH","Sri Lanka (Ceylon)","GPH",2250000,"780","NA","NA","NA","NA","NA","ok","NA","fob"
"750-780","R750->780",750,780,"750->780",1950,"Sri Lanka (Ceylon)","GPH","India","GPH",13571429,"750","NA","NA","NA","NA","NA","ok","NA","fob"
"750-800","750<-R800",800,750,"",1950,"","","","",,"","","","","","","not reported","","fob"
"750-800","R750->800",750,800,"750->800",1950,"Thailand (Siam)","GPH","India","GPH",3321428.5,"750","NA","NA","NA","NA","NA","ok","NA","fob"
"750-840","750<-R840",840,750,"840->750",1950,"India","GPH","Philippines","GPH",285714.28,"840","NA","NA","NA","NA","NA","ok","NA","fob"
"750-840","R750->840",750,840,"750->840",1950,"Philippines","GPH","India","GPH",750000,"750","NA","NA","NA","NA","NA","ok","NA","fob"
"750-850","R750->850",750,850,"750->850",1950,"Indonesia (Dutch East Indies)","GPH","India","GPH",1642857.1,"750","NA","NA","NA","NA","NA","ok","NA","fob"
"750-850","750<-R850",850,750,"850->750",1950,"India","GPH","Indonesia (Dutch East Indies)","GPH",857142.88,"850","NA","NA","NA","NA","NA","ok","NA","fob"
"750-90","750<-R90",90,750,"",1950,"","","","",0,"","","","","","","imputed zero","","fob"
"750-90","R750->90",750,90,"750->90",1950,"Guatemala","GPH","India","GPH",71428.57,"750","NA","NA","NA","NA","NA","ok","NA","fob"
"750-900","R750->900",750,900,"750->900",1950,"Australia","GPH","India","GPH",21321428,"750","NA","NA","NA","NA","NA","ok","NA","fob"
"750-900","750<-R900",900,750,"900->750",1950,"India","GPH","Australia","GPH",24785714,"900","NA","NA","NA","NA","NA","ok","NA","fob"
"750-91","R750->91",750,91,"",1950,"","","","",0,"","","","","","","imputed zero","","fob"
"750-91","750<-R91",91,750,"",1950,"","","","",0,"","","","","","","imputed zero","","fob"
"750-92","R750->92",750,92,"",1950,"","","","",0,"","","","","","","imputed zero","","fob"
"750-92","750<-R92",92,750,"",1950,"","","","",0,"","","","","","","imputed zero","","fob"
"750-920","R750->920",750,920,"750->920",1950,"New Zealand","GPH","India","GPH",2464285.8,"750","NA","NA","NA","NA","NA","ok","NA","fob"
"750-920","750<-R920",920,750,"920->750",1950,"India","GPH","New Zealand","GPH",750000,"920","NA","NA","NA","NA","NA","ok","NA","fob"
"750-93","R750->93",750,93,"750->93",1950,"Nicaragua","GPH","India","GPH",107142.86,"750","NA","NA","NA","NA","NA","ok","NA","fob"
"750-93","750<-R93",93,750,"",1950,"","","","",0,"","","","","","","imputed zero","","fob"
"750-94","R750->94",750,94,"750->94",1950,"Costa Rica","GPH","India","GPH",107142.86,"750","NA","NA","NA","NA","NA","ok","NA","fob"
"750-94","750<-R94",94,750,"",1950,"","","","",0,"","","","","","","imputed zero","","fob"
"750-95","750<-R95",95,750,"",1950,"","","","",0,"","","","","","","imputed zero","","fob"
"750-95","R750->95",750,95,"",1950,"","","","",0,"","","","","","","imputed zero","","fob"
"750-960","R750->960",750,960,"",1950,"","","","",0,"","","","","","","imputed zero","","fob"
"750-960","750<-R960",960,750,"",1950,"","","","",,"","","","","","","not reported","","fob"
"770-775","R770->775",770,775,"770->775",1950,"Myanmar (Burma)","GPH","Pakistan","GPH",142857.14,"770","NA","NA","NA","NA","NA","ok","NA","fob"
"770-775","770<-R775",775,770,"775->770",1950,"Pakistan","GPH","Myanmar (Burma)","GPH",392857.16,"775","NA","NA","NA","NA","NA","ok","NA","fob"
"770-780","R770->780",770,780,"770->780",1950,"Sri Lanka (Ceylon)","GPH","Pakistan","GPH",714285.69,"770","NA","NA","NA","NA","NA","ok","NA","fob"
"770-780","770<-R780",780,770,"780->770",1950,"Pakistan","GPH","Sri Lanka (Ceylon)","GPH",2928571.5,"780","NA","NA","NA","NA","NA","ok","NA","fob"
"770-800","770<-R800",800,770,"",1950,"","","","",,"","","","","","","not reported","","fob"
"770-800","R770->800",770,800,"770->800",1950,"Thailand (Siam)","GPH","Pakistan","GPH",35714.285,"770","NA","NA","NA","NA","NA","ok","NA","fob"
"770-840","770<-R840",840,770,"",1950,"","","","",0,"","","","","","","imputed zero","","fob"
"770-840","R770->840",770,840,"",1950,"","","","",0,"","","","","","","imputed zero","","fob"
"770-850","R770->850",770,850,"",1950,"","","","",0,"","","","","","","imputed zero","","fob"
"770-850","770<-R850",850,770,"850->770",1950,"Pakistan","GPH","Indonesia (Dutch East Indies)","GPH",142857.14,"850","NA","NA","NA","NA","NA","ok","NA","fob"
"770-90","770<-R90",90,770,"",1950,"","","","",0,"","","","","","","imputed zero","","fob"
"770-90","R770->90",770,90,"",1950,"","","","",0,"","","","","","","imputed zero","","fob"
"770-900","R770->900",770,900,"770->900",1950,"Australia","GPH","Pakistan","GPH",2500000,"770","NA","NA","NA","NA","NA","ok","NA","fob"
"770-900","770<-R900",900,770,"900->770",1950,"Pakistan","GPH","Australia","GPH",357142.84,"900","NA","NA","NA","NA","NA","ok","NA","fob"
"770-91","770<-R91",91,770,"",1950,"","","","",0,"","","","","","","imputed zero","","fob"
"770-91","R770->91",770,91,"",1950,"","","","",0,"","","","","","","imputed zero","","fob"
"770-92","770<-R92",92,770,"",1950,"","","","",0,"","","","","","","imputed zero","","fob"
"770-92","R770->92",770,92,"",1950,"","","","",0,"","","","","","","imputed zero","","fob"
"770-920","770<-R920",920,770,"920->770",1950,"Pakistan","GPH","New Zealand","GPH",178571.42,"920","NA","NA","NA","NA","NA","ok","NA","fob"
"770-920","R770->920",770,920,"",1950,"","","","",0,"","","","","","","imputed zero","","fob"
"770-93","770<-R93",93,770,"",1950,"","","","",0,"","","","","","","imputed zero","","fob"
"770-93","R770->93",770,93,"",1950,"","","","",0,"","","","","","","imputed zero","","fob"
"770-94","770<-R94",94,770,"",1950,"","","","",0,"","","","","","","imputed zero","","fob"
"770-94","R770->94",770,94,"",1950,"","","","",0,"","","","","","","imputed zero","","fob"
"770-95","770<-R95",95,770,"",1950,"","","","",0,"","","","","","","imputed zero","","fob"
"770-95","R770->95",770,95,"",1950,"","","","",0,"","","","","","","imputed zero","","fob"
"770-960","770<-R960",960,770,"",1950,"","","","",,"","","","","","","not reported","","fob"
"770-960","R770->960",770,960,"",1950,"","","","",0,"","","","","","","imputed zero","","fob"
"775-780","775<-R780",780,775,"780->775",1950,"Myanmar (Burma)","GPH","Sri Lanka (Ceylon)","GPH",71428.57,"780","NA","NA","NA","NA","NA","ok","NA","fob"
"775-780","R775->780",775,780,"775->780",1950,"Sri Lanka (Ceylon)","GPH","Myanmar (Burma)","GPH",16964286,"775","NA","NA","NA","NA","NA","ok","NA","fob"
"775-800","775<-R800",800,775,"",1950,"","","","",,"","","","","","","not reported","","fob"
"775-800","R775->800",775,800,"",1950,"","","","",0,"","","","","","","imputed zero","","fob"
"775-840","R775->840",775,840,"",1950,"","","","",0,"","","","","","","imputed zero","","fob"
"775-840","775<-R840",840,775,"",1950,"","","","",0,"","","","","","","imputed zero","","fob"
"775-850","775<-R850",850,775,"",1950,"","","","",0,"","","","","","","imputed zero","","fob"
"775-850","R775->850",775,850,"775->850",1950,"Indonesia (Dutch East Indies)","GPH","Myanmar (Burma)","GPH",6607143,"775","NA","NA","NA","NA","NA","ok","NA","fob"
"775-90","775<-R90",90,775,"",1950,"","","","",0,"","","","","","","imputed zero","","fob"
"775-90","R775->90",775,90,"",1950,"","","","",0,"","","","","","","imputed zero","","fob"
"775-900","775<-R900",900,775,"900->775",1950,"Myanmar (Burma)","GPH","Australia","GPH",535714.31,"900","NA","NA","NA","NA","NA","ok","NA","fob"
"775-900","R775->900",775,900,"",1950,"","","","",0,"","","","","","","imputed zero","","fob"
"775-91","775<-R91",91,775,"",1950,"","","","",0,"","","","","","","imputed zero","","fob"
"775-91","R775->91",775,91,"",1950,"","","","",0,"","","","","","","imputed zero","","fob"
"775-92","775<-R92",92,775,"",1950,"","","","",0,"","","","","","","imputed zero","","fob"
"775-92","R775->92",775,92,"",1950,"","","","",0,"","","","","","","imputed zero","","fob"
"775-920","775<-R920",920,775,"",1950,"","","","",0,"","","","","","","imputed zero","","fob"
"775-920","R775->920",775,920,"775->920",1950,"New Zealand","GPH","Myanmar (Burma)","GPH",35714.285,"775","NA","NA","NA","NA","NA","ok","NA","fob"
"775-93","R775->93",775,93,"",1950,"","","","",0,"","","","","","","imputed zero","","fob"
"775-93","775<-R93",93,775,"",1950,"","","","",0,"","","","","","","imputed zero","","fob"
"775-94","775<-R94",94,775,"",1950,"","","","",0,"","","","","","","imputed zero","","fob"
"775-94","R775->94",775,94,"",1950,"","","","",0,"","","","","","","imputed zero","","fob"
"775-95","775<-R95",95,775,"",1950,"","","","",0,"","","","","","","imputed zero","","fob"
"775-95","R775->95",775,95,"",1950,"","","","",0,"","","","","","","imputed zero","","fob"
"775-960","775<-R960",960,775,"",1950,"","","","",,"","","","","","","not reported","","fob"
"775-960","R775->960",775,960,"",1950,"","","","",0,"","","","","","","imputed zero","","fob"
"780-800","R780->800",780,800,"780->800",1950,"Thailand (Siam)","GPH","Sri Lanka (Ceylon)","GPH",71428.57,"780","NA","NA","NA","NA","NA","ok","NA","fob"
"780-800","780<-R800",800,780,"",1950,"","","","",,"","","","","","","not reported","","fob"
"780-840","R780->840",780,840,"780->840",1950,"Philippines","GPH","Sri Lanka (Ceylon)","GPH",142857.14,"780","NA","NA","NA","NA","NA","ok","NA","fob"
"780-840","780<-R840",840,780,"",1950,"","","","",0,"","","","","","","imputed zero","","fob"
"780-850","R780->850",780,850,"",1950,"","","","",0,"","","","","","","imputed zero","","fob"
"780-850","780<-R850",850,780,"850->780",1950,"Sri Lanka (Ceylon)","GPH","Indonesia (Dutch East Indies)","GPH",71428.57,"850","NA","NA","NA","NA","NA","ok","NA","fob"
"780-90","780<-R90",90,780,"",1950,"","","","",0,"","","","","","","imputed zero","","fob"
"780-90","R780->90",780,90,"",1950,"","","","",0,"","","","","","","imputed zero","","fob"
"780-900","R780->900",780,900,"780->900",1950,"Australia","GPH","Sri Lanka (Ceylon)","GPH",8535714,"780","NA","NA","NA","NA","NA","ok","NA","fob"
"780-900","780<-R900",900,780,"900->780",1950,"Sri Lanka (Ceylon)","GPH","Australia","GPH",4964285.5,"900","NA","NA","NA","NA","NA","ok","NA","fob"
"780-91","780<-R91",91,780,"",1950,"","","","",0,"","","","","","","imputed zero","","fob"
"780-91","R780->91",780,91,"",1950,"","","","",0,"","","","","","","imputed zero","","fob"
"780-92","780<-R92",92,780,"",1950,"","","","",0,"","","","","","","imputed zero","","fob"
"780-92","R780->92",780,92,"",1950,"","","","",0,"","","","","","","imputed zero","","fob"
"780-920","780<-R920",920,780,"",1950,"","","","",0,"","","","","","","imputed zero","","fob"
"780-920","R780->920",780,920,"780->920",1950,"New Zealand","GPH","Sri Lanka (Ceylon)","GPH",2892857.3,"780","NA","NA","NA","NA","NA","ok","NA","fob"
"780-93","R780->93",780,93,"",1950,"","","","",0,"","","","","","","imputed zero","","fob"
"780-93","780<-R93",93,780,"",1950,"","","","",0,"","","","","","","imputed zero","","fob"
"780-94","780<-R94",94,780,"",1950,"","","","",0,"","","","","","","imputed zero","","fob"
"780-94","R780->94",780,94,"",1950,"","","","",0,"","","","","","","imputed zero","","fob"
"780-95","R780->95",780,95,"",1950,"","","","",0,"","","","","","","imputed zero","","fob"
"780-95","780<-R95",95,780,"",1950,"","","","",0,"","","","","","","imputed zero","","fob"
"780-960","780<-R960",960,780,"",1950,"","","","",,"","","","","","","not reported","","fob"
"780-960","R780->960",780,960,"",1950,"","","","",0,"","","","","","","imputed zero","","fob"
"800-840","800<-R840",840,800,"840->800",1950,"Thailand (Siam)","GPH","Philippines","GPH",142857.14,"840","NA","NA","NA","NA","NA","ok","NA","fob"
"800-840","R800->840",800,840,"",1950,"","","","",,"","","","","","","not reported","","fob"
"800-850","R800->850",800,850,"",1950,"","","","",,"","","","","","","not reported","","fob"
"800-850","800<-R850",850,800,"850->800",1950,"Thailand (Siam)","GPH","Indonesia (Dutch East Indies)","GPH",1142857.1,"850","NA","NA","NA","NA","NA","ok","NA","fob"
"800-90","800<-R90",90,800,"",1950,"","","","",0,"","","","","","","imputed zero","","fob"
"800-90","R800->90",800,90,"",1950,"","","","",,"","","","","","","not reported","","fob"
"800-900","800<-R900",900,800,"900->800",1950,"Thailand (Siam)","GPH","Australia","GPH",607142.88,"900","NA","NA","NA","NA","NA","ok","NA","fob"
"800-900","R800->900",800,900,"",1950,"","","","",,"","","","","","","not reported","","fob"
"800-91","R800->91",800,91,"",1950,"","","","",,"","","","","","","not reported","","fob"
"800-91","800<-R91",91,800,"",1950,"","","","",0,"","","","","","","imputed zero","","fob"
"800-92","R800->92",800,92,"",1950,"","","","",,"","","","","","","not reported","","fob"
"800-92","800<-R92",92,800,"",1950,"","","","",0,"","","","","","","imputed zero","","fob"
"800-920","R800->920",800,920,"",1950,"","","","",,"","","","","","","not reported","","fob"
"800-920","800<-R920",920,800,"920->800",1950,"Thailand (Siam)","GPH","New Zealand","GPH",35714.285,"920","NA","NA","NA","NA","NA","ok","NA","fob"
"800-93","800<-R93",93,800,"",1950,"","","","",0,"","","","","","","imputed zero","","fob"
"800-93","R800->93",800,93,"",1950,"","","","",,"","","","","","","not reported","","fob"
"800-94","800<-R94",94,800,"",1950,"","","","",0,"","","","","","","imputed zero","","fob"
"800-94","R800->94",800,94,"",1950,"","","","",,"","","","","","","not reported","","fob"
"800-95","800<-R95",95,800,"",1950,"","","","",0,"","","","","","","imputed zero","","fob"
"800-95","R800->95",800,95,"",1950,"","","","",,"","","","","","","not reported","","fob"
"800-960","R800->960",800,960,"",1950,"","","","",,"","","","","","","not reported","","fob"
"800-960","800<-R960",960,800,"",1950,"","","","",,"","","","","","","not reported","","fob"
"840-850","840<-R850",850,840,"850->840",1950,"Philippines","GPH","Indonesia (Dutch East Indies)","GPH",1785714.3,"850","NA","NA","NA","NA","NA","ok","NA","fob"
"840-850","R840->850",840,850,"840->850",1950,"Indonesia (Dutch East Indies)","GPH","Philippines","GPH",71428.57,"840","NA","NA","NA","NA","NA","ok","NA","fob"
"840-90","840<-R90",90,840,"",1950,"","","","",0,"","","","","","","imputed zero","","fob"
"840-90","R840->90",840,90,"",1950,"","","","",0,"","","","","","","imputed zero","","fob"
"840-900","R840->900",840,900,"840->900",1950,"Australia","GPH","Philippines","GPH",71428.57,"840","NA","NA","NA","NA","NA","ok","NA","fob"
"840-900","840<-R900",900,840,"900->840",1950,"Philippines","GPH","Australia","GPH",535714.31,"900","NA","NA","NA","NA","NA","ok","NA","fob"
"840-91","R840->91",840,91,"",1950,"","","","",0,"","","","","","","imputed zero","","fob"
"840-91","840<-R91",91,840,"",1950,"","","","",0,"","","","","","","imputed zero","","fob"
"840-92","840<-R92",92,840,"",1950,"","","","",0,"","","","","","","imputed zero","","fob"
"840-92","R840->92",840,92,"",1950,"","","","",0,"","","","","","","imputed zero","","fob"
"840-920","840<-R920",920,840,"920->840",1950,"Philippines","GPH","New Zealand","GPH",35714.285,"920","NA","NA","NA","NA","NA","ok","NA","fob"
"840-920","R840->920",840,920,"",1950,"","","","",0,"","","","","","","imputed zero","","fob"
"840-93","840<-R93",93,840,"",1950,"","","","",0,"","","","","","","imputed zero","","fob"
"840-93","R840->93",840,93,"",1950,"","","","",0,"","","","","","","imputed zero","","fob"
"840-94","840<-R94",94,840,"",1950,"","","","",0,"","","","","","","imputed zero","","fob"
"840-94","R840->94",840,94,"",1950,"","","","",0,"","","","","","","imputed zero","","fob"
"840-95","840<-R95",95,840,"",1950,"","","","",0,"","","","","","","imputed zero","","fob"
"840-95","R840->95",840,95,"",1950,"","","","",0,"","","","","","","imputed zero","","fob"
"840-960","R840->960",840,960,"",1950,"","","","",0,"","","","","","","imputed zero","","fob"
"840-960","840<-R960",960,840,"",1950,"","","","",,"","","","","","","not reported","","fob"
"850-90","R850->90",850,90,"",1950,"","","","",0,"","","","","","","imputed zero","","fob"
"850-90","850<-R90",90,850,"",1950,"","","","",0,"","","","","","","imputed zero","","fob"
"850-900","R850->900",850,900,"850->900",1950,"Australia","GPH","Indonesia (Dutch East Indies)","GPH",4857143,"850","NA","NA","NA","NA","NA","ok","NA","fob"
"850-900","850<-R900",900,850,"900->850",1950,"Indonesia (Dutch East Indies)","GPH","Australia","GPH",1357142.9,"900","NA","NA","NA","NA","NA","ok","NA","fob"
"850-91","R850->91",850,91,"",1950,"","","","",0,"","","","","","","imputed zero","","fob"
"850-91","850<-R91",91,850,"",1950,"","","","",0,"","","","","","","imputed zero","","fob"
"850-92","R850->92",850,92,"",1950,"","","","",0,"","","","","","","imputed zero","","fob"
"850-92","850<-R92",92,850,"",1950,"","","","",0,"","","","","","","imputed zero","","fob"
"850-920","R850->920",850,920,"850->920",1950,"New Zealand","GPH","Indonesia (Dutch East Indies)","GPH",1142857.1,"850","NA","NA","NA","NA","NA","ok","NA","fob"
"850-920","850<-R920",920,850,"",1950,"","","","",0,"","","","","","","imputed zero","","fob"
"850-93","850<-R93",93,850,"",1950,"","","","",0,"","","","","","","imputed zero","","fob"
"850-93","R850->93",850,93,"",1950,"","","","",0,"","","","","","","imputed zero","","fob"
"850-94","R850->94",850,94,"",1950,"","","","",0,"","","","","","","imputed zero","","fob"
"850-94","850<-R94",94,850,"",1950,"","","","",0,"","","","","","","imputed zero","","fob"
"850-95","850<-R95",95,850,"",1950,"","","","",0,"","","","","","","imputed zero","","fob"
"850-95","R850->95",850,95,"",1950,"","","","",0,"","","","","","","imputed zero","","fob"
"850-960","R850->960",850,960,"",1950,"","","","",0,"","","","","","","imputed zero","","fob"
"850-960","850<-R960",960,850,"",1950,"","","","",,"","","","","","","not reported","","fob"
"90-900","90<-R900",900,90,"",1950,"","","","",0,"","","","","","","imputed zero","","fob"
"90-900","R90->900",90,900,"",1950,"","","","",0,"","","","","","","imputed zero","","fob"
"90-91","R90->91",90,91,"",1950,"","","","",0,"","","","","","","imputed zero","","fob"
"90-91","90<-R91",91,90,"91->90",1950,"Guatemala","GPH","Honduras","GPH",35714.285,"91","NA","NA","NA","NA","NA","ok","NA","fob"
"90-92","90<-R92",92,90,"92->90",1950,"Guatemala","GPH","El Salvador","GPH",500000,"92","NA","NA","NA","NA","NA","ok","NA","fob"
"90-92","R90->92",90,92,"90->92",1950,"El Salvador","GPH","Guatemala","GPH",35714.285,"90","NA","NA","NA","NA","NA","ok","NA","fob"
"90-920","90<-R920",920,90,"",1950,"","","","",0,"","","","","","","imputed zero","","fob"
"90-920","R90->920",90,920,"",1950,"","","","",0,"","","","","","","imputed zero","","fob"
"90-93","R90->93",90,93,"",1950,"","","","",0,"","","","","","","imputed zero","","fob"
"90-93","90<-R93",93,90,"",1950,"","","","",0,"","","","","","","imputed zero","","fob"
"90-94","90<-R94",94,90,"",1950,"","","","",0,"","","","","","","imputed zero","","fob"
"90-94","R90->94",90,94,"",1950,"","","","",0,"","","","","","","imputed zero","","fob"
"90-95","90<-R95",95,90,"",1950,"","","","",0,"","","","","","","imputed zero","","fob"
"90-95","R90->95",90,95,"90->95",1950,"Panama","GPH","Guatemala","GPH",35714.285,"90","NA","NA","NA","NA","NA","ok","NA","fob"
"90-960","R90->960",90,960,"",1950,"","","","",0,"","","","","","","imputed zero","","fob"
"90-960","90<-R960",960,90,"",1950,"","","","",,"","","","","","","not reported","","fob"
"900-91","R900->91",900,91,"",1950,"","","","",0,"","","","","","","imputed zero","","fob"
"900-91","900<-R91",91,900,"",1950,"","","","",0,"","","","","","","imputed zero","","fob"
"900-92","R900->92",900,92,"",1950,"","","","",0,"","","","","","","imputed zero","","fob"
"900-92","900<-R92",92,900,"",1950,"","","","",0,"","","","","","","imputed zero","","fob"
"900-920","R900->920",900,920,"900->920",1950,"New Zealand","GPH","Australia","GPH",18821428,"900","NA","NA","NA","NA","NA","ok","NA","fob"
"900-920","900<-R920",920,900,"920->900",1950,"Australia","GPH","New Zealand","GPH",4750000,"920","NA","NA","NA","NA","NA","ok","NA","fob"
"900-93","900<-R93",93,900,"",1950,"","","","",0,"","","","","","","imputed zero","","fob"
"900-93","R900->93",900,93,"",1950,"","","","",0,"","","","","","","imputed zero","","fob"
"900-94","R900->94",900,94,"",1950,"","","","",0,"","","","","","","imputed zero","","fob"
"900-94","900<-R94",94,900,"",1950,"","","","",0,"","","","","","","imputed zero","","fob"
"900-95","900<-R95",95,900,"",1950,"","","","",0,"","","","","","","imputed zero","","fob"
"900-95","R900->95",900,95,"",1950,"","","","",0,"","","","","","","imputed zero","","fob"
"900-960","R900->960",900,960,"900->960",1950,"French Polynesia","GPH","Australia","GPH",1107142.9,"900","NA","NA","NA","NA","NA","ok","NA","fob"
"900-960","900<-R960",960,900,"",1950,"","","","",,"","","","","","","not reported","","fob"
"91-92","R91->92",91,92,"91->92",1950,"El Salvador","GPH","Honduras","GPH",1250000,"91","NA","NA","NA","NA","NA","ok","NA","fob"
"91-92","91<-R92",92,91,"92->91",1950,"Honduras","GPH","El Salvador","GPH",357142.84,"92","NA","NA","NA","NA","NA","ok","NA","fob"
"91-920","91<-R920",920,91,"",1950,"","","","",0,"","","","","","","imputed zero","","fob"
"91-920","R91->920",91,920,"",1950,"","","","",0,"","","","","","","imputed zero","","fob"
"91-93","R91->93",91,93,"",1950,"","","","",0,"","","","","","","imputed zero","","fob"
"91-93","91<-R93",93,91,"93->91",1950,"Honduras","GPH","Nicaragua","GPH",35714.285,"93","NA","NA","NA","NA","NA","ok","NA","fob"
"91-94","R91->94",91,94,"91->94",1950,"Costa Rica","GPH","Honduras","GPH",107142.86,"91","NA","NA","NA","NA","NA","ok","NA","fob"
"91-94","91<-R94",94,91,"94->91",1950,"Honduras","GPH","Costa Rica","GPH",35714.285,"94","NA","NA","NA","NA","NA","ok","NA","fob"
"91-95","91<-R95",95,91,"",1950,"","","","",0,"","","","","","","imputed zero","","fob"
"91-95","R91->95",91,95,"",1950,"","","","",0,"","","","","","","imputed zero","","fob"
"91-960","91<-R960",960,91,"",1950,"","","","",,"","","","","","","not reported","","fob"
"91-960","R91->960",91,960,"",1950,"","","","",0,"","","","","","","imputed zero","","fob"
"92-920","R92->920",92,920,"",1950,"","","","",0,"","","","","","","imputed zero","","fob"
"92-920","92<-R920",920,92,"",1950,"","","","",0,"","","","","","","imputed zero","","fob"
"92-93","92<-R93",93,92,"93->92",1950,"El Salvador","GPH","Nicaragua","GPH",250000,"93","NA","NA","NA","NA","NA","ok","NA","fob"
"92-93","R92->93",92,93,"",1950,"","","","",0,"","","","","","","imputed zero","","fob"
"92-94","R92->94",92,94,"92->94",1950,"Costa Rica","GPH","El Salvador","GPH",35714.285,"92","NA","NA","NA","NA","NA","ok","NA","fob"
"92-94","92<-R94",94,92,"",1950,"","","","",0,"","","","","","","imputed zero","","fob"
"92-95","R92->95",92,95,"92->95",1950,"Panama","GPH","El Salvador","GPH",35714.285,"92","NA","NA","NA","NA","NA","ok","NA","fob"
"92-95","92<-R95",95,92,"",1950,"","","","",0,"","","","","","","imputed zero","","fob"
"92-960","R92->960",92,960,"",1950,"","","","",0,"","","","","","","imputed zero","","fob"
"92-960","92<-R960",960,92,"",1950,"","","","",,"","","","","","","not reported","","fob"
"920-93","R920->93",920,93,"",1950,"","","","",0,"","","","","","","imputed zero","","fob"
"920-93","920<-R93",93,920,"",1950,"","","","",0,"","","","","","","imputed zero","","fob"
"920-94","920<-R94",94,920,"",1950,"","","","",0,"","","","","","","imputed zero","","fob"
"920-94","R920->94",920,94,"",1950,"","","","",0,"","","","","","","imputed zero","","fob"
"920-95","R920->95",920,95,"920->95",1950,"Panama","GPH","New Zealand","GPH",142857.14,"920","NA","NA","NA","NA","NA","ok","NA","fob"
"920-95","920<-R95",95,920,"",1950,"","","","",0,"","","","","","","imputed zero","","fob"
"920-960","920<-R960",960,920,"",1950,"","","","",,"","","","","","","not reported","","fob"
"920-960","R920->960",920,960,"920->960",1950,"French Polynesia","GPH","New Zealand","GPH",71428.57,"920","NA","NA","NA","NA","NA","ok","NA","fob"
"93-94","R93->94",93,94,"93->94",1950,"Costa Rica","GPH","Nicaragua","GPH",35714.285,"93","NA","NA","NA","NA","NA","ok","NA","fob"
"93-94","93<-R94",94,93,"94->93",1950,"Nicaragua","GPH","Costa Rica","GPH",35714.285,"94","NA","NA","NA","NA","NA","ok","NA","fob"
"93-95","R93->95",93,95,"93->95",1950,"Panama","GPH","Nicaragua","GPH",35714.285,"93","NA","NA","NA","NA","NA","ok","NA","fob"
"93-95","93<-R95",95,93,"",1950,"","","","",0,"","","","","","","imputed zero","","fob"
"93-960","93<-R960",960,93,"",1950,"","","","",,"","","","","","","not reported","","fob"
"93-960","R93->960",93,960,"",1950,"","","","",0,"","","","","","","imputed zero","","fob"
"94-95","R94->95",94,95,"94->95",1950,"Panama","GPH","Costa Rica","GPH",178571.42,"94","NA","NA","NA","NA","NA","ok","NA","fob"
"94-95","94<-R95",95,94,"",1950,"","","","",0,"","","","","","","imputed zero","","fob"
"94-960","94<-R960",960,94,"",1950,"","","","",,"","","","","","","not reported","","fob"
"94-960","R94->960",94,960,"",1950,"","","","",0,"","","","","","","imputed zero","","fob"
"95-960","R95->960",95,960,"",1950,"","","","",0,"","","","","","","imputed zero","","fob"
"95-960","95<-R960",960,95,"",1950,"","","","",,"","","","","","","not reported","","fob"
